frequency_Hz,mag_dB,phase_deg,step_index,step_k
10.0,-34.32300755144965,0.11834133195436188,0,0.1
10.069555500567189,-34.3231563473409,0.11949194505024581,0,0.1
10.139594797900294,-34.32328599535331,0.12065934985919746,0,0.1
10.210121257071936,-34.323429979125194,0.12183905725973837,0,0.1
10.281138266560667,-34.323574924500775,0.12303312974386832,0,0.1
10.352649238413779,-34.323724192362235,0.12424128190571583,0,0.1
10.424657608411218,-34.32386106309387,0.12546612347946473,0,0.1
10.497166836230678,-34.32400563201408,0.12670496908883455,0,0.1
10.57018040561381,-34.32416460682187,0.1279570176122375,0,0.1
10.643701824533608,-34.32430788249921,0.12922688691005202,0,0.1
10.71773462536294,-34.324468940368426,0.13050985197983425,0,0.1
10.792282365044281,-34.32462771611496,0.13180908223163765,0,0.1
10.867348625260592,-34.32478422552676,0.13312480085036446,0,0.1
10.942937012607405,-34.32493848462324,0.13445723365316486,0,0.1
11.019051158766118,-34.3251005485852,0.13580506944771734,0,0.1
11.095694720678463,-34.325253702144906,0.13717109054662444,0,0.1
11.172871380722214,-34.32541134716169,0.13855347021326295,0,0.1
11.250584846888108,-34.32558688483197,0.139950324256723,0,0.1
11.328838852958,-34.32574352449525,0.14136763404759062,0,0.1
11.407637158684253,-34.32591139868953,0.1428009091449893,0,0.1
11.486983549970367,-34.3260804865928,0.1442519552491787,0,0.1
11.566881839052892,-34.326257497834625,0.14571992741697537,0,0.1
11.647335864684578,-34.32642572099766,0.14720775844268763,0,0.1
11.728349492318808,-34.32660524963042,0.14871243704957512,0,0.1
11.809926614295325,-34.326776027590064,0.15023748031291279,0,0.1
11.892071150027233,-34.32695145694843,0.15178094605736347,0,0.1
11.97478704618931,-34.327138247872156,0.1533419500352787,0,0.1
12.05807827690763,-34.32731969172033,0.15492352495924278,0,0.1
12.141948843950495,-34.32750919045326,0.15652367567702677,0,0.1
12.226402776920713,-34.32768334611066,0.15814663727628503,0,0.1
12.31144413344919,-34.327872287878414,0.15978754270275336,0,0.1
12.397076999389895,-34.328055964174744,0.1614500848797879,0,0.1
12.48330548901615,-34.328257812627946,0.16313045818316138,0,0.1
12.570133745218314,-34.328441057335006,0.16483534304583625,0,0.1
12.657565939702833,-34.328639171540935,0.1665591504939674,0,0.1
12.745606273192656,-34.328838796479296,0.16830448931840933,0,0.1
12.834258975629076,-34.3290332646269,0.17007283581399857,0,0.1
12.923528306374958,-34.329229288663555,0.17186327810728816,0,0.1
13.013418554419374,-34.32943358102125,0.17367487164587267,0,0.1
13.10393403858367,-34.329639475184464,0.1755091000528798,0,0.1
13.195079107728983,-34.32983361634376,0.1773687248287489,0,0.1
13.286858140965156,-34.33004278562431,0.17924908927497002,0,0.1
13.379275547861162,-34.33025028416464,0.18115357065246013,0,0.1
13.472335768656947,-34.33046282565077,0.1830812045712081,0,0.1
13.566043274476765,-34.33067709058467,0.1850329068587117,0,0.1
13.660402567544,-34.330886415931154,0.1870102571808786,0,0.1
13.755418181397484,-34.33110420456658,0.18901098905132782,0,0.1
13.851094681109295,-34.33133048220001,0.19103537238421844,0,0.1
13.947436663504105,-34.33153852296248,0.1930889370457485,0,0.1
14.044448757380025,-34.33176179439212,0.1951654515376284,0,0.1
14.142135623731003,-34.3319869475476,0.19726783065465217,0,0.1
14.240501955970773,-34.33221401018629,0.19939638146885877,0,0.1
14.33955248015833,-34.332432979445485,0.20155344371244088,0,0.1
14.439291955225018,-34.33266394621887,0.2037352825775094,0,0.1
14.539725173203164,-34.332900251731445,0.20594354023462377,0,0.1
14.640856959456315,-34.3331318948833,0.20818059264641392,0,0.1
14.742692172911074,-34.33336893606865,0.21044469658430018,0,0.1
14.845235706290554,-34.333601375564044,0.2127382625881922,0,0.1
14.94849248634945,-34.33383927413244,0.21505952087626753,0,0.1
15.05246747411074,-34.33407597654308,0.2174102042871437,0,0.1
15.15716566510405,-34.33431820071369,0.21978921790352424,0,0.1
15.26259208960566,-34.334559292668374,0.22219831907887871,0,0.1
15.368751812880195,-34.334805970919376,0.22463639532347562,0,0.1
15.475649935423972,-34.33505826825006,0.22710376078696187,0,0.1
15.58329159321007,-34.335306189993624,0.22960294909732434,0,0.1
15.69168195793509,-34.335559798398826,0.23213209188302908,0,0.1
15.800826237267621,-34.335812442793475,0.2346930083869086,0,0.1
15.910729675098453,-34.336067500846724,0.23728529578993116,0,0.1
16.02139755179252,-34.33632166582147,0.23991005360012765,0,0.1
16.13283518444261,-34.336585000638664,0.24256533651426582,0,0.1
16.245047927124794,-34.33683080450536,0.245257634259644,0,0.1
16.358041171155712,-34.337105904331565,0.24797649101415395,0,0.1
16.471820345351553,-34.337360206809976,0.25073387796795904,0,0.1
16.586390916288924,-34.337630512131526,0.2535215685308249,0,0.1
16.70175838856748,-34.33790014927498,0.25634381859756306,0,0.1
16.817928305074386,-34.33816581621645,0.2592017941948857,0,0.1
16.93490624725064,-34.33843423647434,0.26209426233119204,0,0.1
17.052697835359233,-34.33870210905432,0.2650223854296997,0,0.1
17.17130872875518,-34.33898284063537,0.26798325036156206,0,0.1
17.290744626157405,-34.339249742056,0.27098376195511437,0,0.1
17.411011265922586,-34.339539609547494,0.2740152064998889,0,0.1
17.53211442632081,-34.33981239167674,0.27708788692545894,0,0.1
17.654059925813208,-34.34009152024986,0.28019635293310685,0,0.1
17.776853623331515,-34.340383720709326,0.2833392356144067,0,0.1
17.900501418559564,-34.34066231095005,0.2865236904946378,0,0.1
18.02500925221672,-34.34095072225736,0.2897441184697236,0,0.1
18.150383106343334,-34.341238978415646,0.29300344519898414,0,0.1
18.27662900458813,-34.341530466778984,0.2963011663137191,0,0.1
18.403753012497624,-34.34181855400835,0.29963940188166516,0,0.1
18.53176123780754,-34.34211330935326,0.3030158744162347,0,0.1
18.660659830736275,-34.34240476080264,0.30643360731483704,0,0.1
18.790454984280366,-34.34270631836317,0.3098893798434765,0,0.1
18.921152934512047,-34.34299465212793,0.3133898756293591,0,0.1
19.05275996087888,-34.34330655216576,0.31692546155105855,0,0.1
19.18528238650542,-34.34360199179791,0.32050745302388123,0,0.1
19.31872657849705,-34.343907741745085,0.32412887868792006,0,0.1
19.453098948245852,-34.34421049641804,0.3277937988196945,0,0.1
19.588405951738682,-34.34451031013967,0.33150260539656234,0,0.1
19.72465408986733,-34.34481725572456,0.33525283429879943,0,0.1
19.861849908740865,-34.3451313880406,0.33904481259487346,0,0.1
20.00000000000015,-34.34543606755372,0.34288369743314606,0,0.1
20.13911100113453,-34.345741369089026,0.346767001143998,0,0.1
20.279189595800737,-34.346064044564606,0.3506901865630471,0,0.1
20.42024251414402,-34.346364086605455,0.3546653683166371,0,0.1
20.56227653312149,-34.346681620073625,0.3586811184457974,0,0.1
20.70529847682771,-34.34700334968947,0.36274170148800533,0,0.1
20.849315216822593,-34.347315982832555,0.3668514996786752,0,0.1
20.994333672461515,-34.34763627372368,0.3710058502128291,0,0.1
21.14036081122778,-34.34796094640213,0.3752060924878712,0,0.1
21.28740364906737,-34.34827337413697,0.37945772937026534,0,0.1
21.43546925072604,-34.348600326117015,0.38375287774932837,0,0.1
21.584564730088722,-34.34892183969808,0.38809809405801604,0,0.1
21.734697250521346,-34.34924131961782,0.3924927202996246,0,0.1
21.885874025214974,-34.34956217106419,0.39693606533264647,0,0.1
22.038102317532406,-34.349897811994204,0.40142418435219734,0,0.1
22.191389441357092,-34.35022494887801,0.40596489585394724,0,0.1
22.345742761444598,-34.35055366445528,0.4105553477314167,0,0.1
22.501169693776383,-34.35088069265823,0.4151969789439701,0,0.1
22.657677705916175,-34.35120944281698,0.41988904705862634,0,0.1
22.815274317368676,-34.35153998789142,0.42463188842915145,0,0.1
22.973967099940907,-34.35186906511855,0.42942695952586873,0,0.1
23.13376367810596,-34.352213432893166,0.4342689603827273,0,0.1
23.29467172936933,-34.35254647379098,0.43916723519053064,0,0.1
23.456698984637793,-34.35286492984186,0.44412336019982934,0,0.1
23.619853228590827,-34.35320891602916,0.44912390268454033,0,0.1
23.784142300054643,-34.3535451475006,0.4541806575403613,0,0.1
23.949574092378796,-34.35388037754838,0.45929167025696266,0,0.1
24.11615655381544,-34.35421468775762,0.4644572802499334,0,0.1
24.28389768790117,-34.35454816080304,0.46967782393739715,0,0.1
24.452805553841607,-34.35488755181219,0.4749512316733526,0,0.1
24.622888266898567,-34.355226273871175,0.4802802002653104,0,0.1
24.794153998779972,-34.35557108384971,0.4856626167544902,0,0.1
24.966610978032485,-34.35590872700508,0.4911036647693579,0,0.1
25.140267490436816,-34.35624596274062,0.4966012429081871,0,0.1
25.315131879405854,-34.356582880570365,0.5021556674205445,0,0.1
25.4912125463855,-34.356929575995274,0.5077634798122539,0,0.1
25.668517951258348,-34.35726279607355,0.5134337694701798,0,0.1
25.847056612750112,-34.35760597825356,0.5191580229820949,0,0.1
26.026837108838944,-34.357949212033446,0.5249403125601917,0,0.1
26.20786807716754,-34.35829259298077,0.5307809353646359,0,0.1
26.390158215458165,-34.35863955224535,0.5366788792593729,0,0.1
26.573716281930512,-34.358973516516784,0.5426409798712104,0,0.1
26.758551095722524,-34.359317925258075,0.548658365289479,0,0.1
26.944671537314093,-34.35965620821549,0.5547379028425915,0,0.1
27.13208654895373,-34.36001180504599,0.5608705126799148,0,0.1
27.320805135088207,-34.3603414788458,0.5670739362447824,0,0.1
27.510836362795175,-34.36068534045362,0.5733322980826411,0,0.1
27.7021893622188,-34.36103349401409,0.579649867126587,0,0.1
27.89487332700842,-34.36136604641558,0.5860351904241237,0,0.1
28.088897514760255,-34.3617031077597,0.5924802979215585,0,0.1
28.284271247462218,-34.362044787926024,0.5989854089626857,0,0.1
28.48100391194176,-34.362387865222416,0.6055521559704682,0,0.1
28.679104960316874,-34.362729119887916,0.6121822090870632,0,0.1
28.878583910450253,-34.363071999630904,0.6188743973875543,0,0.1
29.079450346406546,-34.363406622599285,0.625633304649824,0,0.1
29.28171391891285,-34.363743104995464,0.6324548716577941,0,0.1
29.485384345822368,-34.36408489832077,0.6393378484109828,0,0.1
29.690471412581335,-34.364425458265394,0.6462853868588718,0,0.1
29.896984972699123,-34.36476157520258,0.6532992281364626,0,0.1
30.104934948221704,-34.36510336972062,0.6603751285529211,0,0.1
30.314331330208326,-34.36542764333663,0.6675238811604486,0,0.1
30.52518417921155,-34.36577450679629,0.6747275391951916,0,0.1
30.73750362576062,-34.366104106299474,0.6820045778913509,0,0.1
30.951299870848175,-34.36643323203762,0.6893476316523823,0,0.1
31.16658318642038,-34.36677201061134,0.6967522263241112,0,0.1
31.38336391587042,-34.36710391822024,0.7042263490896801,0,0.1
31.60165247453548,-34.36742909120324,0.7117702793027039,0,0.1
31.82145935019715,-34.36776432312602,0.7193762928965494,0,0.1
32.04279510358529,-34.368099759089645,0.7270493161794364,0,0.1
32.26567036888546,-34.368432209103986,0.7347911666240932,0,0.1
32.49009585424984,-34.36874849318202,0.7426086150438774,0,0.1
32.716082342311665,-34.369082063876235,0.7504855423429059,0,0.1
32.94364069070335,-34.369403091079505,0.7584368927307232,0,0.1
33.172781832578096,-34.369721715523184,0.7664579686069084,0,0.1
33.40351677713521,-34.3700514087577,0.7745422314428402,0,0.1
33.63585661014903,-34.37037234059656,0.7826999258237226,0,0.1
33.86981249450153,-34.37069132603231,0.7909279014494855,0,0.1
34.10539567071872,-34.37101185113451,0.7992246260292474,0,0.1
34.34261745751061,-34.371327413964636,0.8075937241113353,0,0.1
34.58148925231507,-34.37164150463658,0.8160336668451614,0,0.1
34.822022531845434,-34.371950955601214,0.8245463967004397,0,0.1
35.064228852641875,-34.37227590835809,0.8331214623998933,0,0.1
35.30811985162668,-34.37257324519799,0.8417821128837955,0,0.1
35.55370724666329,-34.37288974706545,0.8505035740168712,0,0.1
35.80100283711939,-34.37320227804604,0.8592984866787564,0,0.1
36.05001850443371,-34.373504352789,0.8681707084446545,0,0.1
36.30076621268694,-34.37381944964264,0.8771075945607929,0,0.1
36.55325800917653,-34.37411112665084,0.8861295746630299,0,0.1
36.80750602499552,-34.37441951011213,0.8952146021398124,0,0.1
37.06352247561536,-34.37471482179697,0.9043795868657191,0,0.1
37.32131966147283,-34.375017217732186,0.9136134189757485,0,0.1
37.58090996856101,-34.375303583941054,0.9229295479904546,0,0.1
37.84230586902438,-34.37560406510987,0.9323109374728149,0,0.1
38.105519921758045,-34.37588889624931,0.9417750307327685,0,0.1
38.37056477301113,-34.37618156861548,0.9513084409681944,0,0.1
38.63745315699439,-34.37647229262371,0.9609171069785074,0,0.1
38.906197896491996,-34.37675793821575,0.9706031611279594,0,0.1
39.176811903477656,-34.37704203381627,0.9803647833594407,0,0.1
39.449308179734956,-34.377328109942596,0.9902000893776569,0,0.1
39.72369981748203,-34.377599733370744,1.0001193322780384,0,0.1
40.000000000000604,-34.37788373338314,1.0101064269419697,0,0.1
40.27822200226936,-34.37815702705934,1.020175760456148,0,0.1
40.55837919160177,-34.37842981023187,1.0303213467302388,0,0.1
40.840485028288356,-34.37870562568451,1.0405412006030414,0,0.1
41.124553066243294,-34.37897138268738,1.0508438243257963,0,0.1
41.410596953655734,-34.37923395705694,1.0612252058342895,0,0.1
41.6986304336455,-34.37950355354556,1.071679059928137,0,0.1
41.98866734492334,-34.37976376345769,1.08221617450996,0,0.1
42.28072162245588,-34.38002147025388,1.0928324291715095,0,0.1
42.57480729813507,-34.380273579325404,1.1035301434487261,0,0.1
42.8709385014524,-34.38053363232758,1.1143006602216563,0,0.1
43.16912946017777,-34.38078190707253,1.125157293674222,0,0.1
43.46939450104301,-34.38103860365308,1.1360868630404959,0,0.1
43.771748050430276,-34.381274027671495,1.1471096414488129,0,0.1
44.07620463506514,-34.38151836361821,1.1582055681726129,0,0.1
44.38277888271451,-34.38176188166913,1.169381462938755,0,0.1
44.69148552288952,-34.38200150823086,1.1806397266081463,0,0.1
45.00233938755311,-34.38223749910741,1.1919804980629818,0,0.1
45.315355411832684,-34.382473439116964,1.2034015688375594,0,0.1
45.63054863473769,-34.38269961241681,1.2149100952562575,0,0.1
45.947934199882155,-34.38291961038912,1.2265039286427528,0,0.1
46.26752735621227,-34.38315033008888,1.2381712656392778,0,0.1
46.58934345873901,-34.383372088311184,1.2499264839483684,0,0.1
46.913397969275934,-34.38359513692494,1.2617625057916246,0,0.1
47.23970645718201,-34.38380977729483,1.2736867256106443,0,0.1
47.56828460010965,-34.38402626739805,1.2856919475620965,0,0.1
47.89914818475796,-34.384224939695244,1.2977931191124963,0,0.1
48.232313107631235,-34.38443933594329,1.3099655644445471,0,0.1
48.5677953758027,-34.38464979536822,1.322224218807961,0,0.1
48.90561110768358,-34.38484663775106,1.3345768327362508,0,0.1
49.2457765337975,-34.385046787563404,1.3470108993264633,0,0.1
49.58830799756032,-34.38524389655335,1.3595315796566396,0,0.1
49.933221956065346,-34.38543494545539,1.372141582008387,0,0.1
50.280534980874016,-34.385616918870284,1.3848436852070827,0,0.1
50.630263758812085,-34.3858067540105,1.397624922606544,0,0.1
50.982425092771386,-34.38598481844297,1.4105011454934748,0,0.1
51.33703590251707,-34.38617470564519,1.4234538879597118,0,0.1
51.69411322550061,-34.38634681735352,1.4365072468098543,0,0.1
52.05367421767828,-34.3865181049251,1.4496480156499563,0,0.1
52.41573615433548,-34.386688899866115,1.4628762589311348,0,0.1
52.78031643091672,-34.38685953753844,1.4761920334533445,0,0.1
53.14743256386143,-34.38701705964155,1.4896064893801608,0,0.1
53.517102191445446,-34.387178431594386,1.5031059339382964,0,0.1
53.8893430746286,-34.387340676036864,1.5166931558494718,0,0.1
54.264173097907864,-34.38749749558796,1.5303738542500667,0,0.1
54.64161027017682,-34.38764592146909,1.5441510283633064,0,0.1
55.02167272559077,-34.38780293385352,1.5580104807638862,0,0.1
55.40437872443802,-34.38793897905108,1.5719781845886889,0,0.1
55.78974665401725,-34.38807769355229,1.5860341270904905,0,0.1
56.17779502952094,-34.388216124892494,1.600181233424325,0,0.1
56.56854249492486,-34.38835132497934,1.6144225048490377,0,0.1
56.962007823883944,-34.38847702624346,1.628764005963004,0,0.1
57.358209920634174,-34.38860358494032,1.6431969276336729,0,0.1
57.75716782090094,-34.38872806591353,1.6577243086876503,0,0.1
58.158900692813525,-34.38884753848111,1.6723492661154107,0,0.1
58.56342783782614,-34.388969047703995,1.6870657727557672,0,0.1
58.97076869164518,-34.38906972947143,1.7018954850764823,0,0.1
59.38094282516311,-34.3891865510156,1.7168045284918325,0,0.1
59.79396994539869,-34.389290009959836,1.7318208686424592,0,0.1
60.209869896443855,-34.38939049278283,1.7469352967947198,0,0.1
60.628662660417106,-34.38948841943592,1.7621478844540661,0,0.1
61.05036835842356,-34.389580890894365,1.7774619038097486,0,0.1
61.4750072515217,-34.389678306879084,1.7928677683798135,0,0.1
61.90259974169682,-34.389764483610875,1.8083816682564928,0,0.1
62.33316637284123,-34.38983985977232,1.8240038415812072,0,0.1
62.766727831741306,-34.38992481929223,1.8397146777285056,0,0.1
63.20330494907143,-34.389996546023895,1.8555372756577428,0,0.1
63.642918700394766,-34.39007210980927,1.8714551387964413,0,0.1
64.08559020717105,-34.39013535125596,1.8874850649607908,0,0.1
64.5313407377714,-34.39020999628566,1.9036034822155015,0,0.1
64.98019170850016,-34.39025663202919,1.91985125819966,0,0.1
65.43216468462381,-34.390318934025274,1.9361841006088194,0,0.1
65.8872813814072,-34.39037743930384,1.9526224995330537,0,0.1
66.34556366515669,-34.39042266009128,1.9691770195616696,0,0.1
66.80703355427093,-34.39046173004061,1.985840869485853,0,0.1
67.27171322029855,-34.3905117575111,2.0025963765673955,0,0.1
67.73962498900357,-34.39054333019623,2.0194754679758224,0,0.1
68.21079134143795,-34.3905802130299,2.0364532785668654,0,0.1
68.68523491502174,-34.39060629699091,2.053547793990743,0,0.1
69.16297850463066,-34.39063206414816,2.070748234127994,0,0.1
69.6440450636914,-34.390654708717264,2.0880582292361685,0,0.1
70.12845770528428,-34.390664783636794,2.1054889230205567,0,0.1
70.61623970325388,-34.39068607930458,2.1230143722669776,0,0.1
71.10741449332713,-34.39069586611375,2.1406605891725423,0,0.1
71.60200567423932,-34.39069135904602,2.1584315647501073,0,0.1
72.10003700886796,-34.390696364165485,2.1763008168858584,0,0.1
72.60153242537443,-34.3906948140327,2.194287257429667,0,0.1
73.10651601835362,-34.39068393935305,2.2123948254518835,0,0.1
73.61501204999159,-34.39067094587998,2.2306158406978107,0,0.1
74.12704495123128,-34.3906530749173,2.2489541770360426,0,0.1
74.64263932294622,-34.39062424976364,2.2674177619517377,0,0.1
75.16181993712259,-34.39060498532767,2.2859828160444393,0,0.1
75.68461173804933,-34.39057592245616,2.304673069266939,0,0.1
76.21103984351666,-34.3905376469542,2.323488637731399,0,0.1
76.74112954602285,-34.39049739668269,2.3424214653933815,0,0.1
77.27490631398935,-34.39045576829053,2.3614714524297575,0,0.1
77.81239579298456,-34.390413363790465,2.380638475804773,0,0.1
78.3536238069559,-34.39036414377067,2.399930718509585,0,0.1
78.8986163594705,-34.39030539745973,2.4193523837844904,0,0.1
79.44739963496465,-34.39025103668546,2.438886647460908,0,0.1
80.00000000000179,-34.39017842065519,2.458562987132938,0,0.1
80.55644400453932,-34.39011476604085,2.4783474185481413,0,0.1
81.11675838320417,-34.39003411893325,2.4982740214795642,0,0.1
81.68097005657731,-34.3899504128781,2.5183256635531674,0,0.1
82.24910613248719,-34.38986761644744,2.538497829065147,0,0.1
82.8211939073121,-34.389786380053216,2.5587902603341575,0,0.1
83.39726086729164,-34.38968741722066,2.57922932346998,0,0.1
83.97733468984731,-34.38958468335627,2.5997973802144902,0,0.1
84.56144324491237,-34.3894888160331,2.6204807627462894,0,0.1
85.14961459627077,-34.38938386797097,2.6413016939919705,0,0.1
85.74187700290544,-34.38926719181008,2.662264730830606,0,0.1
86.33825892035618,-34.38914944100239,2.683356119740221,0,0.1
86.93878900208668,-34.389041274795126,2.7045616852168437,0,0.1
87.54349610086122,-34.388910145856556,2.725927528475968,0,0.1
88.15240927013093,-34.388773371243694,2.7474305043852656,0,0.1
88.7655577654297,-34.38863497765374,2.7690657188249883,0,0.1
89.38297104577971,-34.38848570032266,2.7908471939837933,0,0.1
90.00467877510688,-34.388339548713475,2.8127556951746495,0,0.1
90.63071082366605,-34.388193916653016,2.8347956042544005,0,0.1
91.26109726947607,-34.38802958083465,2.8569957737751577,0,0.1
91.895868399765,-34.387863890316,2.879331863357427,0,0.1
92.53505471242522,-34.387704226833684,2.9017936347138917,0,0.1
93.17868691747873,-34.38752473162448,2.924420319889619,0,0.1
93.82679593855258,-34.38734609375754,2.947182048164185,0,0.1
94.47941291436473,-34.387165735619604,2.970083412744669,0,0.1
95.13656920022001,-34.38696445992788,2.993154543739562,0,0.1
95.79829636951663,-34.38677959531323,3.016339323916656,0,0.1
96.4646262152632,-34.38656867914603,3.039703814102383,0,0.1
97.13559075160614,-34.38636905033026,3.063191244681778,0,0.1
97.81122221536789,-34.386148227958145,3.0868530761770048,0,0.1
98.49155306759573,-34.38593358607132,3.1106473559100762,0,0.1
99.17661599512138,-34.385702626066575,3.1346105121025176,0,0.1
99.86644391213144,-34.38547275584448,3.1587158442793846,0,0.1
100.56106996174877,-34.38523811073689,3.1829735407834843,0,0.1
101.26052751762494,-34.38500280607884,3.2073777895521753,0,0.1
101.96485018554354,-34.38475433307728,3.2319498853811037,0,0.1
102.67407180503491,-34.38449348828148,3.2566897062908446,0,0.1
103.388226451002,-34.38423437545716,3.2815749414599305,0,0.1
104.10734843535732,-34.383964495633236,3.306627232638034,0,0.1
104.83147230867174,-34.38369463433798,3.331829491649283,0,0.1
105.56063286183424,-34.38341895065475,3.357192397689858,0,0.1
106.29486512772365,-34.38313493236903,3.382721209801323,0,0.1
107.03420438289172,-34.382853375614914,3.408398356487894,0,0.1
107.778686149258,-34.382548488844805,3.4342692982836818,0,0.1
108.52834619581655,-34.382251032907135,3.4602818322955837,0,0.1
109.28322054035448,-34.3819285666462,3.486493587381001,0,0.1
110.04334545118235,-34.38161185788394,3.512851663189584,0,0.1
110.80875744887686,-34.38128842976578,3.5393788918576305,0,0.1
111.57949330803534,-34.38095246001366,3.566086757678738,0,0.1
112.35559005904271,-34.380611436541784,3.592962926115882,0,0.1
113.13708498985058,-34.38026952278642,3.6200007513908665,0,0.1
113.92401564776874,-34.379924229290936,3.6472055995867287,0,0.1
114.71641984126921,-34.37956308451549,3.674601435918112,0,0.1
115.51433564180275,-34.379200238814235,3.7021632661421697,0,0.1
116.31780138562794,-34.37881989404323,3.7299215612152317,0,0.1
117.12685567565316,-34.378449515968676,3.7578258651897074,0,0.1
117.94153738329126,-34.37805333829262,3.7859446049770766,0,0.1
118.76188565032712,-34.37765882914695,3.8142269271792513,0,0.1
119.58793989079828,-34.377256847287946,3.842691163363254,0,0.1
120.41973979288862,-34.3768382497347,3.8713561404924857,0,0.1
121.25732532083512,-34.37642052288984,3.9001890679023337,0,0.1
122.10073671684803,-34.37600118155369,3.9291955613859626,0,0.1
122.95001450304433,-34.37556109304915,3.958414411015495,0,0.1
123.80519948339456,-34.37512440241392,3.98779897230876,0,0.1
124.66633274568338,-34.37467530322847,4.017381663839429,0,0.1
125.53345566348355,-34.37422129274332,4.0471485585412035,0,0.1
126.40660989814381,-34.37375654822036,4.077112491891468,0,0.1
127.28583740079048,-34.37328523409515,4.107266103834194,0,0.1
128.17118041434307,-34.372794861784584,4.137636262508714,0,0.1
129.0626814755438,-34.372309572979226,4.168174213499223,0,0.1
129.9603834170013,-34.37180022070202,4.198941641230294,0,0.1
130.86432936924862,-34.371297604310776,4.229875237662079,0,0.1
131.77456276281538,-34.370782560432545,4.261016215932963,0,0.1
132.69112733031437,-34.370255905187655,4.292364100455623,0,0.1
133.61406710854286,-34.36971511925787,4.323925565858683,0,0.1
134.5434264405981,-34.36917433690881,4.3556712463803775,0,0.1
135.47924997800817,-34.368614371854434,4.387643838941649,0,0.1
136.42158268287693,-34.36805601365822,4.419799110172369,0,0.1
137.3704698300445,-34.36749339289265,4.45215071029879,0,0.1
138.32595700926237,-34.366900637255426,4.484757342987512,0,0.1
139.28809012738384,-34.36630851933257,4.517551856788481,0,0.1
140.25691541056963,-34.36571781610388,4.550533145061749,0,0.1
141.23247940650882,-34.36510929819701,4.583745691610733,0,0.1
142.2148289866553,-34.364483724780484,4.617189267214107,0,0.1
143.20401134847972,-34.36385184885698,4.650840473002133,0,0.1
144.200074017737,-34.36321775052,4.684690763649187,0,0.1
145.20306485074994,-34.36256883133258,4.718770450518516,0,0.1
146.2130320367083,-34.36189914930668,4.753094933927178,0,0.1
147.2300240999843,-34.36123276439793,4.7876086344128606,0,0.1
148.25408990246365,-34.360550378824406,4.822358238610212,0,0.1
149.28527864589356,-34.35985602583895,4.857335430056756,0,0.1
150.32363987424628,-34.3591470582999,4.892547845082495,0,0.1
151.3692234760998,-34.35843416069315,4.927970688527645,0,0.1
152.42207968703445,-34.357704656683495,4.963635965942031,0,0.1
153.48225909204683,-34.356962535976415,4.999535210587279,0,0.1
154.54981262797986,-34.35621511402899,5.035651373042927,0,0.1
155.6247915859703,-34.3554630221156,5.071983697058413,0,0.1
156.70724761391295,-34.3546868547452,5.108582101016191,0,0.1
157.79723271894218,-34.35390723701715,5.145395799399293,0,0.1
158.8947992699305,-34.35310807035457,5.182466822229775,0,0.1
160.0000000000048,-34.35229994133428,5.219769352440731,0,0.1
161.11288800907985,-34.35147673268296,5.257320288346552,0,0.1
162.23351676640956,-34.350642325728586,5.295110752968757,0,0.1
163.36194011315587,-34.34978723042508,5.333166867896115,0,0.1
164.49821226497562,-34.34893199199143,5.371435623572755,0,0.1
165.6423878146254,-34.34806040830354,5.409960820712017,0,0.1
166.79452173458452,-34.34716961386311,5.4487515081801545,0,0.1
167.9546693796959,-34.34627342647252,5.487771679301351,0,0.1
169.12288648982604,-34.34536560564319,5.5270390764039465,0,0.1
170.29922919254284,-34.34443654781201,5.566581146234351,0,0.1
171.4837540058122,-34.34349333357566,5.606379843778734,0,0.1
172.6765178407137,-34.34254636827192,5.646407302923389,0,0.1
173.87757800417467,-34.34158264457515,5.686700586235679,0,0.1
175.08699220172375,-34.340592470756675,5.72728836954465,0,0.1
176.30481854026317,-34.33959287358723,5.76812400714522,0,0.1
177.53111553086072,-34.3385808042056,5.809217058654536,0,0.1
178.7659420915608,-34.33755653324509,5.850567724669287,0,0.1
180.00935755021513,-34.33651027504524,5.892205393715449,0,0.1
181.26142164733346,-34.335469006912646,5.934052639651031,0,0.1
182.52219453895353,-34.33438275696596,5.976256580537609,0,0.1
183.7917367995314,-34.333301869488366,6.018670739910914,0,0.1
185.07010942485184,-34.332193039177945,6.061394414701306,0,0.1
186.35737383495882,-34.33107645981134,6.1043686911960355,0,0.1
187.65359187710658,-34.32993884038975,6.147634384239201,0,0.1
188.95882582873088,-34.3287802446658,6.191192667094366,0,0.1
190.27313840044144,-34.32761409934326,6.235003662733063,0,0.1
191.59659273903472,-34.32642702435997,6.279109215887578,0,0.1
192.92925243052787,-34.3252323925318,6.323469005934114,0,0.1
194.27118150321374,-34.32400336502902,6.368167577682836,0,0.1
195.62244443073726,-34.32276330172488,6.413133347972983,0,0.1
196.98310613519297,-34.32150539430812,6.45838855403116,0,0.1
198.35323199024427,-34.32022950048444,6.503934672738367,0,0.1
199.73288782426437,-34.31893879720408,6.549762477924312,0,0.1
201.12213992349908,-34.31762972783414,6.59588427590603,0,0.1
202.5210550352514,-34.31630205289888,6.642301829113201,0,0.1
203.9297003710886,-34.3149521468134,6.6890280279346515,0,0.1
205.3481436100714,-34.31357970099383,6.736065082127626,0,0.1
206.77645290200556,-34.31219778700686,6.783370608901032,0,0.1
208.21469687071618,-34.31078255341058,6.8310249130697205,0,0.1
209.66294461734503,-34.309347000473885,6.878985939407123,0,0.1
211.12126572367004,-34.30790410113926,6.927210505896218,0,0.1
212.5897302554489,-34.306443309347074,6.975734748931873,0,0.1
214.06840876578502,-34.30495067867594,7.024607475654346,0,0.1
215.5573722985176,-34.303442429471204,7.073774030831234,0,0.1
217.05669239163473,-34.30190789427332,7.123272192444484,0,0.1
218.5664410807106,-34.3003531512482,7.173081778603518,0,0.1
220.08669090236637,-34.2987775265535,7.223205920359935,0,0.1
221.6175148977554,-34.297176947306966,7.273659904163731,0,0.1
223.15898661607235,-34.295567458992586,7.324387106296231,0,0.1
224.71118011808713,-34.2939213893455,7.375487409661612,0,0.1
226.27416997970286,-34.29225134181234,7.426916716757526,0,0.1
227.8480312955392,-34.290559802633965,7.478666744433491,0,0.1
229.43283968254013,-34.28884921903858,7.530729065896602,0,0.1
231.02867128360725,-34.28711190871781,7.583132608576467,0,0.1
232.63560277125762,-34.28535023383346,7.6358694488892835,0,0.1
234.25371135130806,-34.28356988128349,7.688918858425021,0,0.1
235.88307476658426,-34.28174621102453,7.742374495987573,0,0.1
237.523771300656,-34.27991511139951,7.796101397139713,0,0.1
239.17587978159838,-34.27805185372867,7.850193868255571,0,0.1
240.83947958577906,-34.27617205700375,7.904592576326577,0,0.1
242.51465064167206,-34.2742609949144,7.959354745483645,0,0.1
244.2014734336979,-34.27231399209891,8.014499667801612,0,0.1
245.9000290060905,-34.2703499146505,8.069954110863703,0,0.1
247.61039896679097,-34.26835726563176,8.125763510124099,0,0.1
249.33266549136863,-34.26633797944811,8.181920708305611,0,0.1
251.06691132696898,-34.264283831250246,8.238459228746818,0,0.1
252.81321979628953,-34.262203409509326,8.295345215763106,0,0.1
254.5716748015829,-34.26010189259183,8.352557751268815,0,0.1
256.3423608286881,-34.25796417094758,8.410158717458152,0,0.1
258.12536295108947,-34.25579870474359,8.468114023929749,0,0.1
259.9207668340045,-34.25360378861001,8.526430952284215,0,0.1
261.72865873849923,-34.251377670850005,8.585117105973014,0,0.1
263.54912552563275,-34.24910841868454,8.644223232258728,0,0.1
265.38225466063074,-34.24682797060093,8.703614789978532,0,0.1
267.2281342170877,-34.24451417425934,8.763385121147959,0,0.1
269.08685288119824,-34.24216171389342,8.823557458926679,0,0.1
270.95849995601833,-34.2397719872429,8.88412645284513,0,0.1
272.8431653657559,-34.237356497721436,8.94504237851265,0,0.1
274.74093966009104,-34.234919950053666,9.006283993969967,0,0.1
276.6519140185268,-34.23242977832058,9.067994431919265,0,0.1
278.5761802547697,-34.22992105007941,9.130019156358632,0,0.1
280.51383082114137,-34.22736109549378,9.192503320225315,0,0.1
282.4649588130198,-34.224788305690545,9.255274924038167,0,0.1
284.42965797331277,-34.22215635532827,9.318542491608815,0,0.1
286.40802269696155,-34.219496786044004,9.382163625605267,0,0.1
288.40014803547615,-34.21680383612696,9.446163914717873,0,0.1
290.4061297015021,-34.214088654621314,9.510491111324924,0,0.1
292.42606407341884,-34.211321646621315,9.575281774665891,0,0.1
294.4600481999708,-34.20851047361525,9.640500895035313,0,0.1
296.50817980492957,-34.20566955661354,9.706080436482527,0,0.1
298.5705572917893,-34.20279291684031,9.772047646256611,0,0.1
300.64727974849484,-34.1998711301688,9.838446949957351,0,0.1
302.73844695220185,-34.19691511263752,9.905225676741455,0,0.1
304.84415937407124,-34.193915356891445,9.97242891898905,0,0.1
306.964518184096,-34.19087930960413,10.040019946629009,0,0.1
309.09962525596205,-34.187797378503014,10.10804487625822,0,0.1
311.24958317194296,-34.18467693824784,10.176466855581744,0,0.1
313.4144952278283,-34.181508313468726,10.24533304686704,0,0.1
315.59446543788675,-34.17829199683865,10.314640701238327,0,0.1
317.7895985398634,-34.17506252040242,10.384214772247574,0,0.1
320.000000000012,-34.17175899054748,10.454361218171348,0,0.1
322.22577601816215,-34.16842609713366,10.524853051631016,0,0.1
324.4670335328215,-34.165036927416025,10.595826456021948,0,0.1
326.7238802263142,-34.16160544666249,10.667208914105267,0,0.1
328.99642452995374,-34.158131954286105,10.738997304327118,0,0.1
331.2847756292533,-34.15461671948497,10.811188494530384,0,0.1
333.5890434691715,-34.151042897248935,10.883869805392155,0,0.1
335.90933875939425,-34.147434605935565,10.956912436752024,0,0.1
338.2457729796546,-34.14376125864964,11.030477584000089,0,0.1
340.5984583850881,-34.14005719409064,11.104379988949082,0,0.1
342.96750801162693,-34.13629174999929,11.178782734833936,0,0.1
345.3530356814299,-34.13247527700535,11.253628719175964,0,0.1
347.75515600835195,-34.12861126748735,11.328896997491704,0,0.1
350.1739844034501,-34.12469976892437,11.404585074216618,0,0.1
352.60963708052907,-34.12073737710237,11.480709554758599,0,0.1
355.0622310617241,-34.11672409041251,11.557268277349953,0,0.1
357.53188418312425,-34.112635860032995,11.634394857711358,0,0.1
360.0187151004329,-34.10851038295453,11.711874995144015,0,0.1
362.52284329466966,-34.104333875102824,11.789783479650659,0,0.1
365.0443890779098,-34.100099382636195,11.868157606624736,0,0.1
367.58347359906554,-34.09579648194506,11.94705567558656,0,0.1
370.14021884970646,-34.091452562105204,12.026316602540744,0,0.1
372.7147476699204,-34.08705374172391,12.106017543814433,0,0.1
375.30718375421594,-34.08257920833983,12.186278577528084,0,0.1
377.9176516574646,-34.07805978750562,12.266915370726169,0,0.1
380.5462768008857,-34.073467740191965,12.348089599434001,0,0.1
383.1931854780723,-34.06882700786042,12.42965537049642,0,0.1
385.85850486105863,-34.064113247653644,12.511755960626708,0,0.1
388.5423630064304,-34.05935386305064,12.594222150411062,0,0.1
391.2448888614774,-34.05452447425401,12.677198600644298,0,0.1
393.96621227038884,-34.049631760817896,12.760641430885881,0,0.1
396.7064639804915,-34.0446685732458,12.844591630365827,0,0.1
399.4657756485318,-34.039645051118164,12.92898277327358,0,0.1
402.24427984700117,-34.034564427487595,13.013790172076337,0,0.1
405.04211007050577,-34.0294056790861,13.099142384299583,0,0.1
407.85940074218024,-34.02417547700624,13.184994232392787,0,0.1
410.69628722014585,-34.018897861525716,13.271187575939344,0,0.1
413.55290580401413,-34.01352400993544,13.358031577727258,0,0.1
416.42939374143555,-34.008095324962724,13.445255683194153,0,0.1
419.3258892346932,-34.00259768561476,13.532946141557968,0,0.1
422.24253144734325,-33.99702737790758,13.62112267681532,0,0.1
425.179460510901,-33.991398093144994,13.709689887794534,0,0.1
428.13681753157323,-33.98566782089459,13.798921857793951,0,0.1
431.11474459703845,-33.979881607718276,13.888514402944656,0,0.1
434.11338478327275,-33.97401485451695,13.978626530984519,0,0.1
437.13288216142445,-33.96807432712506,14.069207704597892,0,0.1
440.173381804736,-33.96205634030703,14.160277565275585,0,0.1
443.23502979551404,-33.955964203898404,14.251807922862934,0,0.1
446.31797323214806,-33.94978375593473,14.343890937701419,0,0.1
449.4223602361776,-33.94353932533886,14.436352334750227,0,0.1
452.5483399594091,-33.93720626964155,14.529357256976429,0,0.1
455.6960625910818,-33.930784437383494,14.622901816425422,0,0.1
458.8656793650838,-33.924294752137875,14.716832023179341,0,0.1
462.0573425672179,-33.91771607202642,14.811290908436717,0,0.1
465.2712055425187,-33.91105181513295,14.906248142329666,0,0.1
468.5074227026196,-33.90430191277709,15.001697768565583,0,0.1
471.76614953317204,-33.89746631750318,15.097633403564961,0,0.1
475.04754260131557,-33.89053443238069,15.194125764105662,0,0.1
478.3517595632003,-33.88353091697297,15.290986985112756,0,0.1
481.6789591715617,-33.876438179984326,15.388338176387732,0,0.1
485.02930128334776,-33.869242128398646,15.486277209852132,0,0.1
488.40294686739946,-33.861960470003034,15.584665167935619,0,0.1
491.8000580121847,-33.85459330549526,15.683492748211298,0,0.1
495.2207979335857,-33.84713367917434,15.782804012279096,0,0.1
498.665330982741,-33.83956400204897,15.882725414030286,0,0.1
502.1338226539417,-33.83190568666154,15.983085908269421,0,0.1
505.62643959258287,-33.824158941457455,16.083874469364854,0,0.1
509.14334960316967,-33.816309784551024,16.185190354608654,0,0.1
512.68472165738,-33.80836556591832,16.286967765384134,0,0.1
516.2507259021829,-33.80031944608441,16.38925117255917,0,0.1
519.841533668013,-33.792175289319566,16.4920010084827,0,0.1
523.4573174770023,-33.78391916089931,16.595318817751973,0,0.1
527.0982510512695,-33.775565688787324,16.69907891007979,0,0.1
530.7645093212655,-33.767108134014315,16.80332518766537,0,0.1
534.4562684341794,-33.758546926118505,16.908044186005995,0,0.1
538.1737057624005,-33.7498753635466,17.01328034814547,0,0.1
541.9169999120409,-33.74110828122332,17.11890177238893,0,0.1
545.6863307315159,-33.73222110255504,17.225099646492584,0,0.1
549.4818793201863,-33.72322873685094,17.331740683516905,0,0.1
553.3038280370578,-33.71412459678284,17.438868418384317,0,0.1
557.1523605095437,-33.70490570790187,17.546496851730325,0,0.1
561.027661642287,-33.6955727288981,17.654609384377526,0,0.1
564.9299176260438,-33.68612636034105,17.76318853980152,0,0.1
568.8593159466297,-33.67655649581608,17.872309027378943,0,0.1
572.8160453939274,-33.66687836679955,17.981828525157322,0,0.1
576.8002960709567,-33.65709644200773,18.091694664037124,0,0.1
580.8122594030085,-33.64716080865905,18.202328576665696,0,0.1
584.8521281468421,-33.6371340072263,18.31317353927522,0,0.1
588.920096399946,-33.62698068534072,18.42452439310869,0,0.1
593.0163596098636,-33.616683571677164,18.536522132982537,0,0.1
597.1411145835832,-33.60628371517179,18.648789742738668,0,0.1
601.2945594969942,-33.59573840576962,18.76169411674687,0,0.1
605.4768939044083,-33.58509253357439,18.874818701564678,0,0.1
609.688318748147,-33.57429970799408,18.988567050526864,0,0.1
613.9290363681965,-33.56337934565126,19.102750231948182,0,0.1
618.1992505119288,-33.552325303575,19.217409864353275,0,0.1
622.4991663438906,-33.541149835614206,19.332418283285232,0,0.1
626.8289904556613,-33.52982847991483,19.447986259880217,0,0.1
631.1889308757782,-33.51837355934463,19.563985224618204,0,0.1
635.5791970797316,-33.506782736747475,19.680421445786536,0,0.1
640.0000000000289,-33.495068499902686,19.79716101403498,0,0.1
644.4515520363291,-33.48319529880301,19.91452379873257,0,0.1
648.9340670656479,-33.471186771980925,20.032270664461493,0,0.1
653.4477604526332,-33.459040735163484,20.150405337035046,0,0.1
657.9928490599125,-33.446743871003115,20.26903919961066,0,0.1
662.5695512585116,-33.4343051853306,20.388068935591686,0,0.1
667.178086938348,-33.42172631799558,20.507460850902053,0,0.1
671.8186775187937,-33.40899774644768,20.627290162114402,0,0.1
676.4915459593144,-33.39611742056684,20.747559784446455,0,0.1
681.1969167701814,-33.38309082260558,20.868197728982608,0,0.1
685.935016023259,-33.369897212195376,20.989392384600226,0,0.1
690.7060713628651,-33.356572210549096,21.110769860955298,0,0.1
695.5103120167091,-33.343072548306104,21.232744971348062,0,0.1
700.3479688069056,-33.329430238755904,21.35497687147972,0,0.1
705.2192741610634,-33.315624592403815,21.477655370214524,0,0.1
710.1244621234536,-33.30167271966393,21.600586281217215,0,0.1
715.0637683662537,-33.28755012902571,21.724000482408325,0,0.1
720.0374302008713,-33.27324360660149,21.84801670412928,0,0.1
725.0456865893448,-33.25880848179404,21.972041277702555,0,0.1
730.0887781558251,-33.24418599259124,22.09666395072976,0,0.1
735.1669471981365,-33.22940496353165,22.221563858541835,0,0.1
740.2804376994185,-33.214456152472415,22.34681654107951,0,0.1
745.4294953398465,-33.19933028872183,22.47249936028001,0,0.1
750.6143675084376,-33.18404500609054,22.59840326050489,0,0.1
755.8353033149348,-33.16858727598279,22.724644648890134,0,0.1
761.0925536017771,-33.15294787119607,22.85130118112141,0,0.1
766.3863709561504,-33.13713688750525,22.978242040284506,0,0.1
771.717009722123,-33.121149027831095,23.10550180139507,0,0.1
777.0847260128666,-33.10497510513399,23.233158393274092,0,0.1
782.4897777229608,-33.08862927062545,23.361033772263198,0,0.1
787.9324245407837,-33.072106316778964,23.489160904935442,0,0.1
793.412927960989,-33.05539320715881,23.617660623394126,0,0.1
798.9315512970695,-33.03849251736323,23.74648129552984,0,0.1
804.4885596940084,-33.02140688598918,23.875569496675805,0,0.1
810.0842201410177,-33.00412719823322,24.00500360949235,0,0.1
815.7188014843666,-32.986660089214084,24.134684543011858,0,0.1
821.392574440298,-32.96901229528078,24.264510073381206,0,0.1
827.1058116080346,-32.9511668559804,24.394647848814422,0,0.1
832.8587874828772,-32.933130547921344,24.524995096582767,0,0.1
838.6517784693928,-32.914894308696404,24.655630495925806,0,0.1
844.4850628946929,-32.896453022844355,24.786588267603406,0,0.1
850.3589210218082,-32.87782960222727,24.917575544637007,0,0.1
856.2736350631529,-32.858986991900714,25.04899833903984,0,0.1
862.2294891940834,-32.83996026761599,25.18041902593015,0,0.1
868.226769566552,-32.820724358530626,25.31210488972688,0,0.1
874.2657643228554,-32.80127420762999,25.44408980535859,0,0.1
880.3467636094787,-32.781620972262026,25.576214244637594,0,0.1
886.4700595910348,-32.761767829419625,25.708411661106567,0,0.1
892.635946464303,-32.74169763229606,25.8408596765607,0,0.1
898.844720472362,-32.721417628899154,25.973443296716756,0,0.1
905.096679918825,-32.700922878614975,26.106193920390396,0,0.1
911.3921251821704,-32.68020842324188,26.239143725217232,0,0.1
917.7313587301744,-32.659289911484215,26.37207225090204,0,0.1
924.1146851344428,-32.63814597502688,26.505212010025268,0,0.1
930.5424110850445,-32.616784079639515,26.63844221915837,0,0.1
937.0148454052463,-32.59519516927783,26.77184565733044,0,0.1
943.5322990663512,-32.57339098625946,26.90524656249804,0,0.1
950.0950852026382,-32.55135414494596,27.038831828456125,0,0.1
956.7035191264079,-32.52909648006319,27.172423211584555,0,0.1
963.3579183431307,-32.50661737098041,27.305997152530523,0,0.1
970.0586025667028,-32.48390777495194,27.439636786476093,0,0.1
976.8058937348063,-32.46095433205316,27.573481745665998,0,0.1
983.6001160243768,-32.43778607402326,27.707130819644,0,0.1
990.4415958671789,-32.41437271119811,27.840939428485616,0,0.1
997.3306619654895,-32.390730681122875,27.974665284818197,0,0.1
1004.267645307891,-32.36684660892972,28.108448807229905,0,0.1
1011.2528791851732,-32.34272852339314,28.242154087722195,0,0.1
1018.2866992063468,-32.318358651201144,28.375980269130512,0,0.1
1025.3694433147675,-32.29374938409391,28.50973396338065,0,0.1
1032.5014518043733,-32.268917675116285,28.64315880295696,0,0.1
1039.6830673360337,-32.24380646197439,28.776972726544763,0,0.1
1046.9146349540124,-32.218471930723005,28.91040236448628,0,0.1
1054.1965021025467,-32.19288748006265,29.043764999793343,0,0.1
1061.5290186425389,-32.16705266311025,29.177033229318198,0,0.1
1068.9125368683667,-32.14096262564525,29.310238397585557,0,0.1
1076.347411524809,-32.11461692522977,29.443352979898236,0,0.1
1083.8339998240897,-32.08803301838187,29.576107406793554,0,0.1
1091.37266146304,-32.061170354012134,29.709014426101795,0,0.1
1098.9637586403808,-32.034064333789175,29.841561239354835,0,0.1
1106.607656074124,-32.006687657789016,29.974083477406193,0,0.1
1114.3047210190957,-31.979071630345672,30.1061191872934,0,0.1
1122.0553232845823,-31.951179734723727,30.238131738537778,0,0.1
1129.859835252096,-31.923025228003148,30.36990489713307,0,0.1
1137.7186318932681,-31.89460323757253,30.501470240796955,0,0.1
1145.6320907878635,-31.86592268476165,30.63266853913901,0,0.1
1153.600592141922,-31.836964871076393,30.763722793226762,0,0.1
1161.6245188060257,-31.807738733458876,30.894473264569232,0,0.1
1169.704256293693,-31.778239372540156,31.024951921820286,0,0.1
1177.840192799901,-31.74847122445027,31.155060136592244,0,0.1
1186.032719219736,-31.7184246890572,31.284895760701087,0,0.1
1194.2822291671753,-31.68811844703292,31.4141585606756,0,0.1
1202.5891189939975,-31.65752396573101,31.543213394747756,0,0.1
1210.9537878088256,-31.626626561705294,31.672232692232928,0,0.1
1219.3766374963034,-31.595468940123244,31.800573694430874,0,0.1
1227.8580727364024,-31.564027082775198,31.928539164004633,0,0.1
1236.3985010238666,-31.532315335686455,32.055886061236244,0,0.1
1244.9983326877905,-31.50030450481865,32.18299369939292,0,0.1
1253.657980911332,-31.46800402491049,32.30968956647528,0,0.1
1262.377861751566,-31.435408785110223,32.436009187162874,0,0.1
1271.1583941594727,-31.402538325439096,32.56163198822375,0,0.1
1280.0000000000673,-31.369377822613632,32.68673237979304,0,0.1
1288.9031040726677,-31.33591218243427,32.81149043268755,0,0.1
1297.8681341313059,-31.30215113345324,32.93572640913183,0,0.1
1306.8955209052763,-31.268114730312917,33.059108173565825,0,0.1
1315.9856981198345,-31.233762592379342,33.18218466694673,0,0.1
1325.1391025170333,-31.199130027042234,33.30440013771767,0,0.1
1334.3561738767062,-31.164176197359758,33.426312585059975,0,0.1
1343.6373550375972,-31.128921289601003,33.54758640238904,0,0.1
1352.9830919186386,-31.0933652196658,33.66818213475824,0,0.1
1362.393833540373,-31.05751314553555,33.78798252063307,0,0.1
1371.8700320465282,-31.02134939326282,33.90717779290752,0,0.1
1381.4121427257405,-30.984873783189947,34.025729747074166,0,0.1
1391.0206240334287,-30.948096769576296,34.143441817140165,0,0.1
1400.6959376138216,-30.911002397467207,34.26050904879777,0,0.1
1410.4385483221372,-30.873595835246196,34.37681282943736,0,0.1
1420.2489242469178,-30.835882402317093,34.492231405935605,0,0.1
1430.1275367325184,-30.797845842451853,34.606964815096156,0,0.1
1440.0748604017533,-30.75948592896658,34.72097413091861,0,0.1
1450.0913731787002,-30.720824458021557,34.83388975762595,0,0.1
1460.177556311661,-30.68182844890055,34.94616252405857,0,0.1
1470.3338943962842,-30.642514245939,35.057503842140015,0,0.1
1480.560875398848,-30.602865002033614,35.16812315453866,0,0.1
1490.8589906797042,-30.56292552706178,35.277301392202006,0,0.1
1501.2287350168863,-30.52261688472257,35.38618326870274,0,0.1
1511.670606629881,-30.48202959118557,35.49335871300301,0,0.1
1522.1851072035656,-30.44105516811452,35.60042035355731,0,0.1
1532.772741912312,-30.39977345062271,35.70611690076475,0,0.1
1543.4340194442575,-30.358184800696968,35.81039592377099,0,0.1
1554.1694520257447,-30.31621912382693,35.914272658240215,0,0.1
1564.9795554459333,-30.27392271126939,36.01699970471,0,0.1
1575.8648490815792,-30.23130148102009,36.11843995317961,0,0.1
1586.8258559219898,-30.188373550246453,36.21827041342064,0,0.1
1597.863102594151,-30.14505484083049,36.317720026276334,0,0.1
1608.9771193880288,-30.10141105301772,36.41574285944844,0,0.1
1620.1684402820476,-30.057436251049197,36.512380113814814,0,0.1
1631.4376029687455,-30.013093455082547,36.608144994087155,0,0.1
1642.7851488806082,-29.968419308792377,36.70243061314896,0,0.1
1654.2116232160815,-29.923370043471273,36.795852829880474,0,0.1
1665.7175749657672,-29.877995399819387,36.88760418213153,0,0.1
1677.303556938798,-29.832263867632104,36.978113122167954,0,0.1
1688.9701257893985,-29.786175082548255,37.067333649066185,0,0.1
1700.7178420436294,-29.739741642942672,37.15502195799887,0,0.1
1712.5472701263188,-29.692924379854027,37.24172146544109,0,0.1
1724.4589783881795,-29.645755241386933,37.32689277342456,0,0.1
1736.453539133117,-29.598227458826322,37.41058512874607,0,0.1
1748.531528645724,-29.55034075701324,37.4927484137992,0,0.1
1760.6935272189705,-29.50208139410771,37.573536538634485,0,0.1
1772.940119182083,-29.453462398267764,37.652695953814664,0,0.1
1785.2718929286193,-29.404469836480082,37.73038206743502,0,0.1
1797.6894409447373,-29.355117002554387,37.80633632512304,0,0.1
1810.1933598376636,-29.305403728849203,37.88050412601094,0,0.1
1822.7842503643546,-29.255273538213125,37.95368261457721,0,0.1
1835.4627174603627,-29.204781648896308,38.02497611847173,0,0.1
1848.2293702688994,-29.153920783658975,38.09443554333731,0,0.1
1861.0848221701028,-29.102683435693923,38.16211422876014,0,0.1
1874.0296908105065,-29.05103995119241,38.22839813941428,0,0.1
1887.0645981327166,-28.999011197991642,38.292909904607605,0,0.1
1900.190170405291,-28.946626308068364,38.35514881235784,0,0.1
1913.4070382528298,-28.893840456242845,38.415725983929214,0,0.1
1926.715836686276,-28.840660213145448,38.47447773861248,0,0.1
1940.1172051334202,-28.787069475184893,38.53157945489493,0,0.1
1953.611787469627,-28.733105673743946,38.58640457545049,0,0.1
1967.2002320487684,-28.67872968002947,38.639471058919064,0,0.1
1980.8831917343723,-28.623971827219762,38.69025830471668,0,0.1
1994.661323930994,-28.56878405013329,38.73941264326115,0,0.1
2008.535290615797,-28.513229050046228,38.7859323825497,0,0.1
2022.5057583703617,-28.457217656632167,38.83106862980068,0,0.1
2036.573398412709,-28.400829588642345,38.873568337306,0,0.1
2050.7388866295505,-28.34403172649486,38.91384920743678,0,0.1
2065.0029036087626,-28.286823162505314,38.95185064770067,0,0.1
2079.366134672083,-28.229160588977038,38.98813211156956,0,0.1
2093.8292699080407,-28.17111893168984,39.02151848038338,0,0.1
2108.3930042051093,-28.11262041315684,39.053069969994,0,0.1
2123.0580372850936,-28.05371535639211,39.081972596732705,0,0.1
2137.82507373675,-27.99438549233303,39.108413279302205,0,0.1
2152.6948230496346,-27.93462075486792,39.132456553039965,0,0.1
2167.6679996481957,-27.874437890409766,39.153778292853325,0,0.1
2182.7453229260964,-27.813799455985304,39.172834118437194,0,0.1
2197.927517280778,-27.7527312925901,39.189166664045565,0,0.1
2213.2153121482643,-27.691232372699513,39.20270549832509,0,0.1
2228.6094420382083,-27.629263694061773,39.21391845834153,0,0.1
2244.1106465691814,-27.56686138510437,39.22220132714218,0,0.1
2259.7196705042093,-27.50401475887326,39.227616385769366,0,0.1
2275.4372637865536,-27.440702839877286,39.23036724741195,0,0.1
2291.2641815757443,-27.37693362785724,39.230246641979676,0,0.1
2307.2011842838615,-27.312715622869046,39.22704108302335,0,0.1
2323.2490376120686,-27.248047629598126,39.220672588035136,0,0.1
2339.4085125874035,-27.18286635042949,39.21191988873607,0,0.1
2355.6803855998196,-27.1172522010635,39.19956888883708,0,0.1
2372.0654384394898,-27.05119426333003,39.18367457247101,0,0.1
2388.5644583343683,-26.984616549507553,39.165175230955064,0,0.1
2405.178237988013,-26.91760280311948,39.14282218686713,0,0.1
2421.9075756176694,-26.850086606673376,39.11741432308214,0,0.1
2438.753274992625,-26.782065301079783,39.088875673415906,0,0.1
2455.716145472823,-26.71357030289048,39.056673043641766,0,0.1
2472.797002047752,-26.64458884547671,39.02086812513874,0,0.1
2489.9966653755996,-26.575119268285352,38.98137123281801,0,0.1
2507.3159618226828,-26.505136283931428,38.93840188519416,0,0.1
2524.755723503151,-26.43467336979615,38.89140279771995,0,0.1
2542.3167883189644,-26.36370518323504,38.84059026409357,0,0.1
2560.0000000001537,-26.292192712912154,38.786348652355294,0,0.1
2577.806208145355,-26.22019515415277,38.727787540123046,0,0.1
2595.736268262631,-26.14767359872665,38.665286458954185,0,0.1
2613.7910418105726,-26.074651563463625,38.598419574461786,0,0.1
2631.971396239689,-26.00111485203689,38.527243057264755,0,0.1
2650.2782050340866,-25.926982053860783,38.45264938151598,0,0.1
2668.7123477534324,-25.85236964909871,38.373040697726424,0,0.1
2687.274710075215,-25.77726437007837,38.28846040080173,0,0.1
2705.9661838372976,-25.701568693376323,38.199980565624884,0,0.1
2724.7876670807664,-25.625363172957343,38.10646880506603,0,0.1
2743.740064093077,-25.548575563590457,38.00866797456817,0,0.1
2762.824285451502,-25.471289941009974,37.90541741601422,0,0.1
2782.0412480668783,-25.39344761072416,37.79728682125404,0,0.1
2801.391875227664,-25.31503153612435,37.6843310509396,0,0.1
2820.8770966442953,-25.236069854428727,37.56606762844424,0,0.1
2840.4978484938565,-25.156561669796027,37.442361316926096,0,0.1
2860.2550734650586,-25.076474572370785,37.31343924254314,0,0.1
2880.1497208035285,-24.995822624176057,37.17898322744713,0,0.1
2900.1827463574223,-24.914653982255984,37.03829257196144,0,0.1
2920.355112623344,-24.83283680886261,36.892708999299714,0,0.1
2940.6677887925907,-24.75051907708314,36.74040166858184,0,0.1
2961.121750797718,-24.66758302002393,36.58253338342319,0,0.1
2981.717981359431,-24.5841314605804,36.417804082160856,0,0.1
3002.4574700337953,-24.500060071132435,36.24720045784118,0,0.1
3023.3412132597846,-24.415384881097406,36.070372769919814,0,0.1
3044.3702144071544,-24.33017918539383,35.88636788639803,0,0.1
3065.545483824648,-24.244314056951332,35.69639088819294,0,0.1
3086.868038888538,-24.15797873112137,35.49827632813722,0,0.1
3108.338904051513,-24.07106313080383,35.29302473752241,0,0.1
3129.9591108918903,-23.98352906389298,35.08085475450535,0,0.1
3151.7296981631816,-23.895335794693153,34.861992607864565,0,0.1
3173.651711844004,-23.806626799669928,34.634807171218405,0,0.1
3195.726205188326,-23.717387800345687,34.39928628411571,0,0.1
3217.954238776082,-23.627474176678383,34.15668125311445,0,0.1
3240.3368805641194,-23.537126454429952,33.90446503725856,0,0.1
3262.8752059375156,-23.446133342996568,33.64452108885019,0,0.1
3285.570297761241,-23.35458741262918,33.37577650461997,0,0.1
3308.4232464321876,-23.262449020427667,33.098427711001314,0,0.1
3331.435149931559,-23.169771017418878,32.811803031148294,0,0.1
3354.607113877621,-23.07658668543937,32.515431349697685,0,0.1
3377.9402515788224,-22.982758548510212,32.21038049167167,0,0.1
3401.4356840872842,-22.888518249464035,31.894399546037963,0,0.1
3425.094540252663,-22.793677341897954,31.568996610127453,0,0.1
3448.9179567763854,-22.6983487489945,31.233005692277615,0,0.1
3472.9070782662598,-22.602466480898915,30.8868239693647,0,0.1
3497.0630572914743,-22.506234880382266,30.528566404034265,0,0.1
3521.387054437968,-22.409425553195057,30.159991205204875,0,0.1
3545.880238364193,-22.31210682425157,29.780347538362285,0,0.1
3570.543785857265,-22.214353397191914,29.388865671807142,0,0.1
3595.378881889502,-22.116367044807177,28.983819138546398,0,0.1
3620.3867196753545,-22.017722287397948,28.568398636450855,0,0.1
3645.5685007287366,-21.918897654178807,28.13874831154656,0,0.1
3670.9254349207527,-21.81964443898588,27.696652096433443,0,0.1
3696.458740537827,-21.720117862105997,27.240817403421193,0,0.1
3722.1696443402334,-21.620218649187613,26.771850482313408,0,0.1
3748.0593816210417,-21.520112845436053,26.288437739420964,0,0.1
3774.129196265462,-21.419665514151845,25.791423294028725,0,0.1
3800.3803408106105,-21.319016171279124,25.279720287370512,0,0.1
3826.8140765056887,-21.218427123636324,24.751498245143118,0,0.1
3853.43167337258,-21.117507829836015,24.20929851163973,0,0.1
3880.2344102668694,-21.016714611112977,23.650066431289524,0,0.1
3907.223574939284,-20.91587711612208,23.07488439392447,0,0.1
3934.400464097566,-20.814928422469833,22.484106938474422,0,0.1
3961.7663834687746,-20.7142059428933,21.875642579685955,0,0.1
3989.322647862018,-20.613740525728144,21.249357224463576,0,0.1
4017.070581231624,-20.513262435649615,20.606828858640345,0,0.1
4045.011516740754,-20.413312276903902,19.945000125166615,0,0.1
4073.1467968254487,-20.313712923393112,19.26497105991742,0,0.1
4101.477773259132,-20.21445249018297,18.566866677457195,0,0.1
4130.005807217556,-20.115845723370814,17.849127997250307,0,0.1
4158.732269344197,-20.01770326103214,17.11286415485058,0,0.1
4187.658539816113,-19.920554783102535,16.355599710834145,0,0.1
4216.78600841025,-19.82426908252564,15.578239564785079,0,0.1
4246.116074570219,-19.728698667712187,14.781675126133544,0,0.1
4275.650147473531,-19.634258109606282,13.96423148424307,0,0.1
4305.389646099301,-19.54091053783538,13.126374554829818,0,0.1
4335.335999296423,-19.448885577104008,12.26744052740252,0,0.1
4365.4906458522255,-19.358483605735465,11.386602246660484,0,0.1
4395.8550345615895,-19.269680792186573,10.484426619609694,0,0.1
4426.430624296562,-19.18232766497028,9.561910541616289,0,0.1
4457.21888407645,-19.09679258753054,8.618121934348954,0,0.1
4488.2212931383965,-19.013284902201622,7.652861657576507,0,0.1
4519.439341008452,-18.931960881049253,6.666205252067264,0,0.1
4550.874527573141,-18.85291741927893,5.658483251431607,0,0.1
4582.528363151522,-18.77657103929475,4.629124706405425,0,0.1
4614.402368567757,-18.702640105859658,3.5797298049761084,0,0.1
4646.498075224173,-18.631344983886432,2.510386207429859,0,0.1
4678.817025174842,-18.563181837123754,1.420603037014766,0,0.1
4711.360771199674,-18.498051262684907,0.311557732006539,0,0.1
4744.130876879015,-18.436114579117753,-0.816224921481634,0,0.1
4777.128916668773,-18.37781371063755,-1.9627198742720595,0,0.1
4810.356475976061,-18.32310248956882,-3.1267339302088066,0,0.1
4843.815151235375,-18.272063994775284,-4.307347893170254,0,0.1
4877.506549985286,-18.224772723449387,-5.50359939275476,0,0.1
4911.432290945683,-18.181589851176163,-6.714916396334893,0,0.1
4945.594004095541,-18.142579458985015,-7.940143221295151,0,0.1
4979.9933307512365,-18.10794450235153,-9.178262765248972,0,0.1
5014.631923645403,-18.077728414263426,-10.427992935317139,0,0.1
5049.511447006339,-18.05211389912402,-11.688158580144101,0,0.1
5084.633576637967,-18.03104262675071,-12.95731956903855,0,0.1
5120.000000000346,-18.014362613058893,-14.234031045689285,0,0.1
5155.612416290749,-18.002989999885855,-15.517374603598842,0,0.1
5191.4725365253,-17.99612761808641,-16.805464204609255,0,0.1
5227.582083621183,-17.994043928803396,-18.097002936593004,0,0.1
5263.942792479418,-17.997071895864764,-19.390532622986804,0,0.1
5300.556410068212,-18.004750614268733,-20.68455837199013,0,0.1
5337.424695506905,-18.017536574502223,-21.97753701909658,0,0.1
5374.54942015047,-18.035170064769368,-23.268009917074025,0,0.1
5411.932367674636,-18.05745520026968,-24.554628443109067,0,0.1
5449.575334161574,-18.084414237124363,-25.835979398079512,0,0.1
5487.480128186196,-18.116206520132234,-27.110496388650834,0,0.1
5525.648570903045,-18.152517621457395,-28.37703149762506,0,0.1
5564.082496133798,-18.193176923108837,-29.634432994082736,0,0.1
5602.78375045537,-18.238302673478557,-30.88123115843491,0,0.1
5641.754193288633,-18.287773306545624,-32.11624375511598,0,0.1
5680.995696987757,-18.341530105971195,-33.33823775206265,0,0.1
5720.51014693016,-18.398854298440824,-34.54722462310559,0,0.1
5760.2994416071,-18.4604698842012,-35.7407304324086,0,0.1
5800.365492714889,-18.525508047663482,-36.91926557658383,0,0.1
5840.710225246731,-18.594170353632006,-38.08137042371599,0,0.1
5881.335577585225,-18.666362634649786,-39.226170817763894,0,0.1
5922.243501595481,-18.741648528847797,-40.353719863864335,0,0.1
5963.435962718906,-18.820003025041206,-41.46317659468124,0,0.1
6004.914940067636,-18.901262384557725,-42.55409660656886,0,0.1
6046.682426519615,-18.985263334279807,-43.62611045540727,0,0.1
6088.740428814354,-19.07171878553815,-44.679321079141396,0,0.1
6131.090967649341,-19.1607828334962,-45.71250385917186,0,0.1
6173.736077777122,-19.251866217035708,-46.72692163099518,0,0.1
6216.6778081030725,-19.345301764956822,-47.72080621613921,0,0.1
6259.918221783827,-19.440751827228087,-48.694715587585165,0,0.1
6303.4593963264115,-19.537783610920116,-49.64976262957838,0,0.1
6347.303423688055,-19.636548018565648,-50.584912870354515,0,0.1
6391.4524103767,-19.736905542005875,-51.50025452890171,0,0.1
6435.9084775522115,-19.838721877362357,-52.39591831552312,0,0.1
6480.673761128287,-19.94176384566388,-53.27254462730854,0,0.1
6525.750411875079,-20.045812771448624,-54.13082681201768,0,0.1
6571.140595522531,-20.151213137160305,-54.96886198724339,0,0.1
6616.846492864425,-20.25739679924159,-55.78905603528722,0,0.1
6662.870299863169,-20.364460896969867,-56.59073846310827,0,0.1
6709.214227755292,-20.472117395410933,-57.37518953620003,0,0.1
6755.880503157695,-20.580602219286437,-58.14102245320317,0,0.1
6802.871368174619,-20.68968152280005,-58.889301184041535,0,0.1
6850.189080505378,-20.799095431711923,-59.621360706168595,0,0.1
6897.835913552822,-20.909031019194863,-60.336077771672684,0,0.1
6945.814156532571,-21.019198452955756,-61.03505230140078,0,0.1
6994.126114583001,-21.129616695846032,-61.718158888332276,0,0.1
7042.774108875988,-21.240301523039204,-62.385273789908425,0,0.1
7091.760476728439,-21.35114905113838,-63.03701979638662,0,0.1
7141.087571714584,-21.46206319890466,-63.67402052368248,0,0.1
7190.757763779057,-21.572955287833114,-64.29689776769801,0,0.1
7240.773439350762,-21.68374364451719,-64.90626921051972,0,0.1
7291.137001457528,-21.7947439686696,-65.5000422470697,0,0.1
7341.850869841561,-21.9054444934217,-66.0817862937515,0,0.1
7392.917481075709,-22.01605689330755,-66.65014227547437,0,0.1
7444.339288680522,-22.126442061329705,-67.20620243144317,0,0.1
7496.118763242139,-22.236700018162963,-67.74934620346627,0,0.1
7548.258392530979,-22.346667799575826,-68.28089355937632,0,0.1
7600.760681621277,-22.45638275454294,-68.8007004798947,0,0.1
7653.628153011434,-22.56575747350994,-69.30958096320367,0,0.1
7706.863346745218,-22.674860750248605,-69.80714416185323,0,0.1
7760.468820533797,-22.783784722710262,-70.29277107001896,0,0.1
7814.447149878626,-22.892186655880543,-70.76938217345669,0,0.1
7868.800928195191,-23.000198668546755,-71.23609346157804,0,0.1
7923.532766937609,-23.107942261175623,-71.69204075535389,0,0.1
7978.645295724095,-23.215155215362163,-72.13961143723084,0,0.1
8034.141162463309,-23.32209403408106,-72.57677754438441,0,0.1
8090.023033481568,-23.42853368425675,-73.0056622507273,0,0.1
8146.293593650958,-23.534543620631144,-73.4258451001451,0,0.1
8202.955546518326,-23.64006532402749,-73.83803977968488,0,0.1
8260.011614435174,-23.745310137771057,-74.2404866376363,0,0.1
8317.464538688457,-23.85000128905455,-74.6359052357821,0,0.1
8375.317079632288,-23.95420783421538,-75.02386019506368,0,0.1
8433.572016820564,-24.0580165995553,-75.40371002602201,0,0.1
8492.232149140504,-24.161263832185192,-75.77721541471081,0,0.1
8551.300294947127,-24.264147270557565,-76.14264473370821,0,0.1
8610.779292198666,-24.366529707892575,-76.50151930114288,0,0.1
8670.671998592914,-24.468431390515953,-76.85383270734356,0,0.1
8730.981291704516,-24.569830462364113,-77.19999913431298,0,0.1
8791.710069123244,-24.670787808593168,-77.53958616642407,0,0.1
8852.86124859319,-24.771300945568232,-77.87279569460564,0,0.1
8914.437768152968,-24.871290403326288,-78.20064484236677,0,0.1
8976.44258627686,-24.97079729109094,-78.52289736801235,0,0.1
9038.878682016972,-25.069860236337583,-78.83932459490656,0,0.1
9101.74905514635,-25.168497184939085,-79.14990587430393,0,0.1
9165.056726303115,-25.266599042594493,-79.45601325115652,0,0.1
9228.804737135582,-25.36425966868685,-79.75680624647178,0,0.1
9292.996150448414,-25.4614972345041,-80.05225389434088,0,0.1
9357.634050349754,-25.55822654342836,-80.34349075848746,0,0.1
9422.721542399418,-25.654536621167416,-80.6296909484563,0,0.1
9488.261753758103,-25.750428334196105,-80.91100988715543,0,0.1
9554.257833337617,-25.845773141378082,-81.18911282652473,0,0.1
9620.712951952195,-25.940754521184154,-81.46204409393819,0,0.1
9687.630302470823,-26.035246288663284,-81.73144978326336,0,0.1
9755.013099970645,-26.129377629941736,-81.99596809151996,0,0.1
9822.864581891441,-26.223011917421125,-82.25739569610887,0,0.1
9891.188008191157,-26.316245475394876,-82.51474632580057,0,0.1
9959.98666150255,-26.409095458295205,-82.76796700020402,0,0.1
10029.26384729088,-26.501448355648197,-83.01861500130367,0,0.1
10099.022894012754,-26.59343971264572,-83.26518466381376,0,0.1
10169.26715327601,-26.685043135753567,-83.50815299622722,0,0.1
10240.000000000768,-26.776192908983887,-83.74850480475196,0,0.1
10311.224832581574,-26.8669767607736,-83.98529163271556,0,0.1
10382.945073050678,-26.957357321365425,-84.21913924068404,0,0.1
10455.164167242447,-27.047339216708362,-84.45014330719877,0,0.1
10527.885584958914,-27.1369400566233,-84.67822809613953,0,0.1
10601.112820136505,-27.22617671338974,-84.90332070232435,0,0.1
10674.849391013888,-27.31502768706461,-85.12584859377964,0,0.1
10749.098840301021,-27.40355964355952,-85.34507416545556,0,0.1
10823.864735349352,-27.491664952292197,-85.56256843717067,0,0.1
10899.15066832323,-27.579458769827212,-85.7769388969694,0,0.1
10974.960256372473,-27.666884127892885,-85.98908556417321,0,0.1
11051.297141806172,-27.75393424499455,-86.19924291094001,0,0.1
11128.16499226768,-27.8406720780788,-86.40669072471883,0,0.1
11205.567500910824,-27.927077865238044,-86.61182869473114,0,0.1
11283.508386577352,-28.013099572800556,-86.81551000355111,0,0.1
11361.991393975597,-28.09885393575181,-87.0162494291568,0,0.1
11441.020293860403,-28.184255492555785,-87.21536082851335,0,0.1
11520.598883214287,-28.26932032557704,-87.41275185881615,0,0.1
11600.730985429864,-28.35410632948306,-87.60773187886387,0,0.1
11681.420450493551,-28.43857436268829,-87.80097515421647,0,0.1
11762.671155170538,-28.522728854589424,-87.99254289522976,0,0.1
11844.48700319105,-28.606594614094814,-88.18220107013701,0,0.1
11926.871925437901,-28.69013497809846,-88.37059699136518,0,0.1
12009.82988013536,-28.77342468208001,-88.55676883179186,0,0.1
12093.36485303932,-28.856417121772594,-88.7415050077857,0,0.1
12177.4808576288,-28.93911665838767,-88.92485856536047,0,0.1
12262.181935298773,-29.021556346018578,-89.10645804253065,0,0.1
12347.472155554336,-29.103711064830776,-89.28678336449818,0,0.1
12433.355616206238,-29.18559445203444,-89.46574443523863,0,0.1
12519.836443567749,-29.267210433813432,-89.64339190372358,0,0.1
12606.918792652916,-29.348599397979388,-89.81922858740494,0,0.1
12694.606847376202,-29.429700851759396,-89.99426413513433,0,0.1
12782.904820753494,-29.510581986435213,-90.1675941574862,0,0.1
12871.816955104521,-29.591174976841646,-90.34034412392519,0,0.1
12961.347522256672,-29.671563215514844,-90.5113540715568,0,0.1
13051.500823750257,-29.75169738940028,-90.68147062563251,0,0.1
13142.28119104516,-29.83159860741333,-90.85047173500816,0,0.1
13233.69298572895,-29.91126194108819,-91.01853037214062,0,0.1
13325.740599726436,-29.99072441752512,-91.1851726801919,0,0.1
13418.428455510686,-30.069939288355165,-91.35121305098097,0,0.1
13511.761006315492,-30.148959638414105,-91.51592467874963,0,0.1
13605.74273634934,-30.227763931783006,-91.67973174038676,0,0.1
13700.378161010858,-30.30633963959935,-91.84292125397766,0,0.1
13795.671827105747,-30.384690650020964,-92.00552465463885,0,0.1
13891.628313065248,-30.46286760863523,-92.16683718362921,0,0.1
13988.252229166108,-30.540849709707704,-92.32727018425365,0,0.1
14085.548217752083,-30.618632394373154,-92.48698138748237,0,0.1
14183.520953456982,-30.69620383967196,-92.64624370881013,0,0.1
14282.175143429275,-30.773597723529754,-92.80460862097387,0,0.1
14381.515527558222,-30.850831664571405,-92.96187712926701,0,0.1
14481.546878701633,-30.927841977765492,-93.11914460494532,0,0.1
14582.274002915165,-31.004720152048506,-93.27503288912668,0,0.1
14683.70173968323,-31.081367159444078,-93.43120452243907,0,0.1
14785.834962151528,-31.157880269841893,-93.58618101343146,0,0.1
14888.678577361155,-31.234240220433676,-93.74034625333076,0,0.1
14992.23752648439,-31.31040760102696,-93.89441145725108,0,0.1
15096.516785062071,-31.386420746150442,-94.04783510037171,0,0.1
15201.521363242668,-31.462282354857166,-94.20064741311958,0,0.1
15307.256306022984,-31.53798831947753,-94.35298818596607,0,0.1
15413.726693490553,-31.613548240787335,-94.50477412590865,0,0.1
15520.93764106771,-31.688924739956192,-94.65668561288545,0,0.1
15628.894299757369,-31.764200920517524,-94.80744022163398,0,0.1
15737.6018563905,-31.83930623987883,-94.95825749073158,0,0.1
15847.065533875337,-31.91429617922879,-95.1083004604894,0,0.1
15957.29059144831,-31.989140630637998,-95.25812934247858,0,0.1
16068.282324926739,-32.06384253394061,-95.407764027797,0,0.1
16180.046066963258,-32.138417466852104,-95.55701563709187,0,0.1
16292.587187302037,-32.21285544782187,-95.70611412163288,0,0.1
16405.911093036775,-32.287171801877655,-95.85487242730375,0,0.1
16520.023228870472,-32.36139375885776,-96.00290506265603,0,0.1
16634.92907737704,-32.43547427493609,-96.15105140738802,0,0.1
16750.634159264704,-32.509428625871095,-96.29912271447532,0,0.1
16867.144033641256,-32.583295743322516,-96.4465366083527,0,0.1
16984.464298281135,-32.65702976223582,-96.5941134391255,0,0.1
17102.600589894384,-32.73066929608578,-96.74127397101694,0,0.1
17221.558584397462,-32.80419302713527,-96.88843149791376,0,0.1
17341.343997185955,-32.8776270249046,-97.03521215778068,0,0.1
17461.962583409164,-32.95096189792169,-97.18183011331078,0,0.1
17583.42013824662,-33.02418861092372,-97.32849356345098,0,0.1
17705.72249718651,-33.097321258196615,-97.4750251455948,0,0.1
17828.875536306066,-33.17036791530618,-97.62134662361996,0,0.1
17952.885172553855,-33.24333086648039,-97.76747550998185,0,0.1
18077.75736403408,-33.31618454442658,-97.91389369388892,0,0.1
18203.498110292836,-33.38897053609864,-98.05996170867608,0,0.1
18330.113452606365,-33.46166341893458,-98.20615797477345,0,0.1
18457.609474271307,-33.53429849234661,-98.3519459592554,0,0.1
18585.99230089697,-33.606834383658935,-98.49807005045935,0,0.1
18715.26810069965,-33.67929002701593,-98.64426612969017,0,0.1
18845.44308479898,-33.75169453737172,-98.79009866075143,0,0.1
18976.523507516347,-33.82400215859927,-98.93638455313412,0,0.1
19108.51566667538,-33.89626834373635,-99.08224613737468,0,0.1
19241.425903904536,-33.96845832416202,-99.22831558783453,0,0.1
19375.260604941792,-34.040574633494685,-99.37460015603108,0,0.1
19510.026199941436,-34.11264553415604,-99.52067546378169,0,0.1
19645.729163783028,-34.184652554134736,-99.66689952887549,0,0.1
19782.376016382463,-34.256603169998236,-99.81319518926182,0,0.1
19919.973323005244,-34.32849462185501,-99.959656314741,0,0.1
20058.527694581913,-34.400339312935785,-100.106122213194,0,0.1
20198.045788025658,-34.47212447776074,-100.25285348284795,0,0.1
20338.53430655217,-34.543877310777454,-100.39944068619901,0,0.1
20480.00000000169,-34.61557029247277,-100.54639072563947,0,0.1
20622.4496651633,-34.68722061172416,-100.69346094622985,0,0.1
20765.890146101516,-34.758835366229306,-100.84057740622598,0,0.1
20910.32833448505,-34.83041188260022,-100.98782943181818,0,0.1
21055.771169917985,-34.901952396948786,-101.13522370145628,0,0.1
21202.22564027317,-34.97345437884838,-101.28284627491917,0,0.1
21349.698782027936,-35.04491541069256,-101.43078085051852,0,0.1
21498.197680602203,-35.11634729283771,-101.57887284056255,0,0.1
21647.72947069887,-35.18775691286003,-101.72704962903158,0,0.1
21798.301336646622,-35.259137102994245,-101.8754732784819,0,0.1
21949.920512745113,-35.330485534975374,-102.02422441625852,0,0.1
22102.59428361251,-35.40180916562845,-102.17322813216039,0,0.1
22256.32998453553,-35.47312396135044,-102.32225890757044,0,0.1
22411.135001821818,-35.544418342139046,-102.47155093446597,0,0.1
22567.01677315487,-35.61569908638432,-102.62103150104689,0,0.1
22723.98278795137,-35.686950443868994,-102.77100325063958,0,0.1
22882.04058772098,-35.75819273771111,-102.92116692748407,0,0.1
23041.197766428744,-35.82942814230458,-103.07152579449509,0,0.1
23201.4619708599,-35.90065001519587,-103.22222955243527,0,0.1
23362.840900987278,-35.97186067481564,-103.37327824812598,0,0.1
23525.342310341253,-36.04307114802851,-103.52452689905179,0,0.1
23688.974006382276,-36.11428359471367,-103.67597789825315,0,0.1
23853.743850875984,-36.18548293660264,-103.82791954201433,0,0.1
24019.6597602709,-36.256697325040285,-103.97992195806219,0,0.1
24186.729706078822,-36.327898937110284,-104.13248412882652,0,0.1
24354.96171525778,-36.39911146216719,-104.28525002990143,0,0.1
24524.363870597732,-36.47032018162172,-104.4385002376682,0,0.1
24694.944311108862,-36.54154427913871,-104.5919534216413,0,0.1
24866.711232412665,-36.612769210076316,-104.74588642030012,0,0.1
25039.672887135683,-36.684018113591016,-104.899952497039,0,0.1
25213.837585306024,-36.75526829792868,-105.0545622840679,0,0.1
25389.213694752598,-36.82654273658831,-105.20937169442345,0,0.1
25565.809641507185,-36.89783130434934,-105.36458302438528,0,0.1
25743.63391020923,-36.96913225212674,-105.52025978097194,0,0.1
25922.695044513537,-37.04045198897831,-105.67633079471489,0,0.1
26103.00164750071,-37.11179683303027,-105.83272639825218,0,0.1
26284.562382090517,-37.18317701169948,-105.98931269875028,0,0.1
26467.385971458098,-37.25456678538183,-106.14654654342351,0,0.1
26651.481199453076,-37.32599638279714,-106.30396494109476,0,0.1
26836.856911021572,-37.397440338705444,-106.46201910632995,0,0.1
27023.522012631187,-37.46892074973547,-106.62037959204874,0,0.1
27211.485472698885,-37.54042423014816,-106.77929847980818,0,0.1
27400.75632202192,-37.6119764800919,-106.93838768823336,0,0.1
27591.3436542117,-37.6835641404879,-107.09789834443534,0,0.1
27783.256626130707,-37.75518951260971,-107.25782486048018,0,0.1
27976.504458332423,-37.82684724896359,-107.41828616973206,0,0.1
28171.096435504372,-37.89853974600796,-107.57927431888838,0,0.1
28367.04190691418,-37.970288298865846,-107.74047330051272,0,0.1
28564.35028685876,-38.042076177964844,-107.90218644192042,0,0.1
28763.031055116662,-38.113909479883944,-108.06434446160823,0,0.1
28963.093757403483,-38.18578674805699,-108.22700029015351,0,0.1
29164.548005830547,-38.25771026971972,-108.39014486745214,0,0.1
29367.403479366687,-38.32969703195858,-108.55352907358093,0,0.1
29571.669924303278,-38.40173056473306,-108.71744376084838,0,0.1
29777.35715472254,-38.47381645223243,-108.88181596572639,0,0.1
29984.475052969006,-38.545952387767976,-109.04668804664209,0,0.1
30193.03357012437,-38.61814914014608,-109.21185949002891,0,0.1
30403.042726485564,-38.690394392443885,-109.37741031493275,0,0.1
30614.512612046197,-38.76264858434493,-109.5435341780583,0,0.1
30827.45338698134,-38.83483820088634,-109.71054666367455,0,0.1
31041.875282135654,-38.90731740978512,-109.87982739785205,0,0.1
31257.788599514974,-38.980015157745534,-110.04738019456802,0,0.1
31475.203712781236,-39.052656741122895,-110.21518406683259,0,0.1
31694.13106775091,-39.12532473525181,-110.38372055466728,0,0.1
31914.581182896858,-39.19805895607929,-110.55271524493095,0,0.1
32136.564649853717,-39.270861020873696,-110.72224214690492,0,0.1
32360.09213392676,-39.34372850534605,-110.89238712197894,0,0.1
32585.17437460432,-39.416681872061694,-111.06285534599638,0,0.1
32811.8221860738,-39.48970658796542,-111.23390927805544,0,0.1
33040.04645774119,-39.562815451988726,-111.4053715369091,0,0.1
33269.85815475433,-39.63600064351276,-111.57739447052955,0,0.1
33501.26831852966,-39.70925784325749,-111.75007370215047,0,0.1
33734.28806728276,-39.78261300979577,-111.92302058192934,0,0.1
33968.928596562524,-39.85604488538632,-112.09660126487712,0,0.1
34205.20117978902,-39.92957250797281,-112.27053773405228,0,0.1
34443.11716879519,-40.00318150692423,-112.44508535112567,0,0.1
34682.68799437217,-40.07688743212035,-112.62002175103572,0,0.1
34923.92516681859,-40.15067935634217,-112.7955467466676,0,0.1
35166.8402764935,-40.22455962655745,-112.97164816573695,0,0.1
35411.44499437329,-40.298537062927224,-113.14821067235283,0,0.1
35657.7510726124,-40.37262034539127,-113.325121221183,0,0.1
35905.77034510798,-40.446792296423155,-113.50267793231353,0,0.1
36155.51472806843,-40.52107128305539,-113.6806132774265,0,0.1
36406.99622058595,-40.59545624411713,-113.85896865971232,0,0.1
36660.22690521301,-40.66993348440903,-114.03798582062547,0,0.1
36915.21894854289,-40.744521135490004,-114.21740074243938,0,0.1
37171.98460179422,-40.8192087557582,-114.39740298644567,0,0.1
37430.53620139958,-40.89400487122262,-114.5778807915119,0,0.1
37690.88616959824,-40.96891165039232,-114.75882315796898,0,0.1
37953.04701503298,-41.04391886416838,-114.94041540131036,0,0.1
38217.03133335104,-41.119053459303686,-115.12225332801192,0,0.1
38482.85180780936,-41.19429284825927,-115.30471769375865,0,0.1
38750.521209883875,-41.26965760096908,-115.48750511909974,0,0.1
39020.05239988316,-41.34512541434879,-115.67099115905191,0,0.1
39291.458327566346,-41.420719749856886,-115.85482632908514,0,0.1
39564.752032765224,-41.49643056715895,-116.039191476354,0,0.1
39839.94664601079,-41.572260005975956,-116.22407433750209,0,0.1
40117.05538916413,-41.64821018430801,-116.40946278130086,0,0.1
40396.09157605162,-41.72429208672665,-116.59520416499933,0,0.1
40677.068613104646,-41.80050176013039,-116.78138200237784,0,0.1
40960.00000000368,-41.87682360922773,-116.96826373295445,0,0.1
41244.899330326916,-41.95328323547442,-117.15546477140289,0,0.1
41531.78029220334,-42.02986508427532,-117.34325144663686,0,0.1
41820.65666897041,-42.10658283071507,-117.53142739931303,0,0.1
42111.54233983629,-42.18343839087231,-117.71998205391853,0,0.1
42404.45128054665,-42.2604193466355,-117.90913140594958,0,0.1
42699.3975640562,-42.337539172455365,-118.0986815059824,0,0.1
42996.39536120473,-42.41479975553431,-118.28862147131962,0,0.1
43295.458941398065,-42.492188861931254,-118.47916371602632,0,0.1
43596.60267329357,-42.56972817903022,-118.66998340637862,0,0.1
43899.84102549055,-42.647402689076806,-118.86133654792921,0,0.1
44205.18856722535,-42.72521990379624,-119.0531221828564,0,0.1
44512.659969071385,-42.80317338296573,-119.24546010366929,0,0.1
44822.27000364397,-42.881276069400215,-119.4381626937344,0,0.1
45134.033546310086,-42.95952971638162,-119.63121927759688,0,0.1
45447.96557590307,-43.03793061081195,-119.824705611541,0,0.1
45764.081175442305,-43.1164697140037,-120.01878183124558,0,0.1
46082.39553285784,-43.195165105924644,-120.21317742561577,0,0.1
46402.92394172015,-43.27401843414667,-120.40788218831806,0,0.1
46725.681801974904,-43.353018000231536,-120.60309775877226,0,0.1
47050.68462068286,-43.43217620787793,-120.79864254956571,0,0.1
47377.94801276491,-43.51148412258959,-120.99467388974524,0,0.1
47707.487701752325,-43.59095398073332,-121.1910120356036,0,0.1
48039.319520542165,-43.67057690486995,-121.38781297369654,0,0.1
48373.45941215801,-43.7503597761968,-121.58498150175957,0,0.1
48709.923430515926,-43.830301596680854,-121.78254760563624,0,0.1
49048.72774119583,-43.91039883041352,-121.98058159721904,0,0.1
49389.888622218095,-43.990673542388976,-122.17874449781887,0,0.1
49733.4224648257,-44.07109910439711,-122.37747490407581,0,0.1
50000.0,-44.13324153194492,-122.53094495498793,0,0.1
10.0,-26.833574380771353,0.09290991669292331,1,0.2
10.069555500567189,-26.83372333392471,0.09388372482937717,1,0.2
10.139594797900294,-26.833853135364762,0.09487309907939775,1,0.2
10.210121257071936,-26.83399727828889,0.09587353755246548,1,0.2
10.281138266560667,-26.834142384755676,0.09688709586287238,1,0.2
10.352649238413779,-26.834291816627967,0.09791347953249506,1,0.2
10.424657608411218,-26.834428849553053,0.0989552917903362,1,0.2
10.497166836230678,-26.834573584595965,0.10000983588402479,1,0.2
10.57018040561381,-26.83473273138999,0.10107630096485815,1,0.2
10.643701824533608,-26.8348761763788,0.10215930002199602,1,0.2
10.71773462536294,-26.835037410426015,0.10325409463674737,1,0.2
10.792282365044281,-26.83519636353853,0.10436384790489342,1,0.2
10.867348625260592,-26.835353051535023,0.10548877395788632,1,0.2
10.942937012607405,-26.835507490466064,0.10662908949677667,1,0.2
11.019051158766118,-26.83566973840168,0.10778347275348606,1,0.2
11.095694720678463,-26.835823075343278,0.1089546991122724,1,0.2
11.172871380722214,-26.83598090699276,0.1101409306609351,1,0.2
11.250584846888108,-26.83615663839703,0.11134027191513106,1,0.2
11.328838852958,-26.836313468435847,0.11255870001630462,1,0.2
11.407637158684253,-26.83648153826063,0.11379171073183737,1,0.2
11.486983549970367,-26.836650824226563,0.11504110161065945,1,0.2
11.566881839052892,-26.836828037902155,0.11630601708679925,1,0.2
11.647335864684578,-26.83699646314466,0.11758938268600695,1,0.2
11.728349492318808,-26.83717619925087,0.11888817440709844,1,0.2
11.809926614295325,-26.837347184402056,0.12020590244580309,1,0.2
11.892071150027233,-26.83752282452328,0.12154061273079811,1,0.2
11.97478704618931,-26.837709831705084,0.12289141000636129,1,0.2
12.05807827690763,-26.837891492593542,0.12426131945257117,1,0.2
12.141948843950495,-26.838081212994428,0.12564833375967746,1,0.2
12.226402776920713,-26.838255588324813,0.12705668142548962,1,0.2
12.31144413344919,-26.838444756374848,0.12848148049364927,1,0.2
12.397076999389895,-26.838628659901666,0.12992641666001878,1,0.2
12.48330548901615,-26.838830743217514,0.13138767021305994,1,0.2
12.570133745218314,-26.83901422000348,0.13287191691129333,1,0.2
12.657565939702833,-26.83921257306013,0.13437355193151948,1,0.2
12.745606273192656,-26.839412439857874,0.1358951755557748,1,0.2
12.834258975629076,-26.839607151014384,0.13743825446881544,1,0.2
12.923528306374958,-26.839803421164014,0.13900186495119823,1,0.2
13.013418554419374,-26.840007964668054,0.1405850504984586,1,0.2
13.10393403858367,-26.840214113162155,0.14218928489918028,1,0.2
13.195079107728983,-26.840408508079243,0.14381732089488308,1,0.2
13.286858140965156,-26.840617938197312,0.14546448624707828,1,0.2
13.379275547861162,-26.840825699947697,0.14713414985651216,1,0.2
13.472335768656947,-26.841038508973682,0.14882533497099715,1,0.2
13.566043274476765,-26.841253044857922,0.15053894667376433,1,0.2
13.660402567544,-26.84146264272176,0.15227655440474955,1,0.2
13.755418181397484,-26.841680709292895,0.15403587789824627,1,0.2
13.851094681109295,-26.84190727033023,0.15581717549764335,1,0.2
13.947436663504105,-26.842115592422623,0.1576259701615098,1,0.2
14.044448757380025,-26.842339152645202,0.15945601278847313,1,0.2
14.142135623731003,-26.842564598316663,0.16131020873985785,1,0.2
14.240501955970773,-26.84279195724766,0.16318885321709392,1,0.2
14.33955248015833,-26.84301122378013,0.16509427582964134,1,0.2
14.439291955225018,-26.843242494569964,0.1670227260852574,1,0.2
14.539725173203164,-26.843479108980883,0.1689758352325281,1,0.2
14.640856959456315,-26.84371106312895,0.17095596888628442,1,0.2
14.742692172911074,-26.843948420314373,0.172961369671208,1,0.2
14.845235706290554,-26.84418117803184,0.17499443763559527,1,0.2
14.94849248634945,-26.844419399934555,0.1770533886521482,1,0.2
15.05246747411074,-26.844656428961308,0.17913994428046776,1,0.2
15.15716566510405,-26.844898984988667,0.18125299568877548,1,0.2
15.26259208960566,-26.845140412203953,0.18339428879414116,1,0.2
15.368751812880195,-26.845387431088042,0.18556269699707523,1,0.2
15.475649935423972,-26.845640074470296,0.18775852153070782,1,0.2
15.58329159321007,-26.845888344910147,0.18998428501133924,1,0.2
15.69168195793509,-26.84614230756751,0.1922381040037889,1,0.2
15.800826237267621,-26.846395309947297,0.19452178591134411,1,0.2
15.910729675098453,-26.846650730717265,0.19683491398358957,1,0.2
16.02139755179252,-26.846905262268276,0.1991785750540196,1,0.2
16.13283518444261,-26.847168970443033,0.2015508083142718,1,0.2
16.245047927124794,-26.847415146916795,0.20395809546929833,1,0.2
16.358041171155712,-26.847690631951117,0.2063899573569678,1,0.2
16.471820345351553,-26.847945318091018,0.20885836187475332,1,0.2
16.586390916288924,-26.848216016035224,0.21135506090368886,1,0.2
16.70175838856748,-26.848486050080275,0.2138842999207663,1,0.2
16.817928305074386,-26.848752117338357,0.21644723166141192,1,0.2
16.93490624725064,-26.849020943307448,0.2190426075911593,1,0.2
17.052697835359233,-26.849289226106098,0.22167157664003773,1,0.2
17.17130872875518,-26.849570376288394,0.22433120843115623,1,0.2
17.290744626157405,-26.849837697195106,0.2270283992474103,1,0.2
17.411011265922586,-26.850127995563284,0.2297544127286512,1,0.2
17.53211442632081,-26.85040120866139,0.23251954609862652,1,0.2
17.654059925813208,-26.850680775014904,0.23531832913036305,1,0.2
17.776853623331515,-26.850973422050934,0.23814937654366972,1,0.2
17.900501418559564,-26.85125246016044,0.24101983502153795,1,0.2
18.02500925221672,-26.85154132734865,0.24392408508984137,1,0.2
18.150383106343334,-26.851830044656552,0.24686503956649627,1,0.2
18.27662900458813,-26.85212200045621,0.24984217806372608,1,0.2
18.403753012497624,-26.852410559615024,0.2528576068718315,1,0.2
18.53176123780754,-26.85270579431982,0.25590903068489473,1,0.2
18.660659830736275,-26.852997729797806,0.2589994597140556,1,0.2
18.790454984280366,-26.85329977994858,0.26212565434664836,1,0.2
18.921152934512047,-26.85358860832533,0.26529428807515376,1,0.2
19.05275996087888,-26.853901015500306,0.26849570294990893,1,0.2
19.18528238650542,-26.854196963557996,0.27174120816684827,1,0.2
19.31872657849705,-26.85450323086265,0.27502380969507706,1,0.2
19.453098948245852,-26.854806508153978,0.27834755488281493,1,0.2
19.588405951738682,-26.855106849865802,0.2817128193883506,1,0.2
19.72465408986733,-26.85541433173317,0.28511712010992074,1,0.2
19.861849908740865,-26.85572900874491,0.28856076751197046,1,0.2
20.00000000000015,-26.856034236734963,0.29204890633055947,1,0.2
20.13911100113453,-26.85634009347808,0.2955790295470145,1,0.2
20.279189595800737,-26.85666333572939,0.29914657870644484,1,0.2
20.42024251414402,-26.856963944881524,0.3027636618704213,1,0.2
20.56227653312149,-26.85728205725143,0.3064188234112511,1,0.2
20.70529847682771,-26.857604373880864,0.31011631406601103,1,0.2
20.849315216822593,-26.857917598508543,0.3138605022510676,1,0.2
20.994333672461515,-26.85823849017237,0.3176467031649954,1,0.2
21.14036081122778,-26.8585637721035,0.32147623943397086,1,0.2
21.28740364906737,-26.85887681296056,0.32535460073376754,1,0.2
21.43546925072604,-26.859204389613854,0.3292738787279411,1,0.2
21.584564730088722,-26.85952653386989,0.333240617347736,1,0.2
21.734697250521346,-26.85984665154357,0.33725413955009764,1,0.2
21.885874025214974,-26.860168148901195,0.3413137349927616,1,0.2
22.038102317532406,-26.860504447779533,0.34541543665289304,1,0.2
22.191389441357092,-26.860832248202463,0.3495670511349588,1,0.2
22.345742761444598,-26.861161635860075,0.35376570482885084,1,0.2
22.501169693776383,-26.861496019928815,0.35801062144608964,1,0.2
22.657677705916175,-26.86182545848039,0.36230541693916096,1,0.2
22.815274317368676,-26.862156700888672,0.36664822762892973,1,0.2
22.973967099940907,-26.862486483609338,0.37104049178526094,1,0.2
23.13376367810596,-26.86283156985327,0.3754768851255802,1,0.2
23.29467172936933,-26.86316533485175,0.37996674035805805,1,0.2
23.456698984637793,-26.86348451982831,0.38451161523332406,1,0.2
23.619853228590827,-26.86382925118398,0.38909804511204626,1,0.2
23.784142300054643,-26.864166234822537,0.3937378151638616,1,0.2
23.949574092378796,-26.864502226081072,0.3984289488482064,1,0.2
24.11615655381544,-26.86483730669101,0.4031717654417077,1,0.2
24.28389768790117,-26.865171559475517,0.407966581081759,1,0.2
24.452805553841607,-26.865511741611,0.4128113035764802,1,0.2
24.622888266898567,-26.865851264462528,0.4177086112579468,1,0.2
24.794153998779972,-26.866196886926975,0.4226563683011941,1,0.2
24.966610978032485,-26.86653535069923,0.4276597417686187,1,0.2
25.140267490436816,-26.866873417206317,0.43271660711503324,1,0.2
25.315131879405854,-26.867211176149276,0.4378272594373101,1,0.2
25.4912125463855,-26.867558725998947,0.4429882156134926,1,0.2
25.668517951258348,-26.867892807432682,0.4482085513222955,1,0.2
25.847056612750112,-26.868236864639353,0.45347972377226786,1,0.2
26.026837108838944,-26.868580984482513,0.45880578674566364,1,0.2
26.20786807716754,-26.868925262711816,0.4641870154938463,1,0.2
26.390158215458165,-26.86927313158742,0.4696223746679689,1,0.2
26.573716281930512,-26.86960801333244,0.475118683440916,1,0.2
26.758551095722524,-26.869953354129798,0.48066703946349615,1,0.2
26.944671537314093,-26.870292579248524,0.4862742933296264,1,0.2
27.13208654895373,-26.870649135066085,0.49193133426479574,1,0.2
27.320805135088207,-26.870979772760357,0.49765589622823936,1,0.2
27.510836362795175,-26.871324614560706,0.5034320665526736,1,0.2
27.7021893622188,-26.871673762014172,0.5092640945209969,1,0.2
27.89487332700842,-26.872007316611914,0.51516051112586,1,0.2
28.088897514760255,-26.872345394276635,0.5211133155822191,1,0.2
28.284271247462218,-26.872688105090017,0.5271227035401161,1,0.2
28.48100391194176,-26.87303222664172,0.5331902848067704,1,0.2
28.679104960316874,-26.873374538456495,0.5393177067765247,1,0.2
28.878583910450253,-26.873718489394427,0.5455037731176452,1,0.2
29.079450346406546,-26.874054195034024,0.551753047084069,1,0.2
29.28171391891285,-26.87439177458905,0.5580614411853416,1,0.2
29.485384345822368,-26.874734680736893,0.5644276794455625,1,0.2
29.690471412581335,-26.875076367530642,0.5708548915279769,1,0.2
29.896984972699123,-26.875413624649845,0.5773447948717952,1,0.2
30.104934948221704,-26.875756575711094,0.5838931166750997,1,0.2
30.314331330208326,-26.8760820159682,0.5905106338765947,1,0.2
30.52518417921155,-26.876430067563195,0.5971793582565017,1,0.2
30.73750362576062,-26.876760865795966,0.6039177553087239,1,0.2
30.951299870848175,-26.87709120575611,0.6107184268944349,1,0.2
31.16658318642038,-26.877431217084027,0.6175768686755922,1,0.2
31.38336391587042,-26.877764371597323,0.6245010483724835,1,0.2
31.60165247453548,-26.878090805899358,0.6314912189501208,1,0.2
31.82145935019715,-26.878427318459504,0.6385396227775819,1,0.2
32.04279510358529,-26.87876405186546,0.6456511634750445,1,0.2
32.26567036888546,-26.87909781547399,0.6528276329229978,1,0.2
32.49009585424984,-26.879415425871226,0.6600757804800865,1,0.2
32.716082342311665,-26.879750345154257,0.667379445422559,1,0.2
32.94364069070335,-26.880072735173965,0.6747535572663479,1,0.2
33.172781832578096,-26.88039273971293,0.6821933863778975,1,0.2
33.40351677713521,-26.880723834323156,0.6896923604043265,1,0.2
33.63585661014903,-26.881046183563683,0.6972607045534811,1,0.2
33.86981249450153,-26.88136660457884,0.7048952372690438,1,0.2
34.10539567071872,-26.881688584667426,0.7125943962220835,1,0.2
34.34261745751061,-26.882005620360395,0.7203617802206366,1,0.2
34.58148925231507,-26.882321202992628,0.7281958299841331,1,0.2
34.822022531845434,-26.88263216441817,0.7360984603776265,1,0.2
35.064228852641875,-26.882958651995278,0.7440591815291646,1,0.2
35.30811985162668,-26.883257536354726,0.7521012329174739,1,0.2
35.55370724666329,-26.883575611670118,0.760199788943273,1,0.2
35.80100283711939,-26.883889735913236,0.7683674713810053,1,0.2
36.05001850443371,-26.88419342223998,0.7766081108458234,1,0.2
36.30076621268694,-26.884510155775043,0.7849090210683851,1,0.2
36.55325800917653,-26.884803484789927,0.7932906187127338,1,0.2
36.80750602499552,-26.88511354699386,0.8017308070657233,1,0.2
37.06352247561536,-26.885410556215547,0.8102464795416232,1,0.2
37.32131966147283,-26.88571467438212,0.8188264852584806,1,0.2
37.58090996856101,-26.88600278143284,0.8274842538322448,1,0.2
37.84230586902438,-26.886305030716386,0.8362027022382665,1,0.2
38.105519921758045,-26.886591649336093,0.84499925690822,1,0.2
38.37056477301113,-26.88688613537795,0.8538604871878699,1,0.2
38.63745315699439,-26.887178696873786,0.8627923045715773,1,0.2
38.906197896491996,-26.887466203259464,0.8717968105915719,1,0.2
39.176811903477656,-26.887752184260066,0.880872150706655,1,0.2
39.449308179734956,-26.888040171730744,0.8900164058584784,1,0.2
39.72369981748203,-26.88831372826955,0.8992398046655891,1,0.2
40.000000000000604,-26.88859969089348,0.9085262144882099,1,0.2
40.27822200226936,-26.888874970711143,0.9178900010551023,1,0.2
40.55837919160177,-26.889149766720635,0.9273251390405551,1,0.2
40.840485028288356,-26.889427623043865,0.9368296072812947,1,0.2
41.124553066243294,-26.889695445750696,0.9464118808646496,1,0.2
41.410596953655734,-26.889960112923514,0.9560679094955077,1,0.2
41.6986304336455,-26.890231832503982,0.9657913675426288,1,0.2
41.98866734492334,-26.890494191680734,0.9755930169987187,1,0.2
42.28072162245588,-26.89075407622084,0.9854686984128843,1,0.2
42.57480729813507,-26.891008391065686,0.9954206976007596,1,0.2
42.8709385014524,-26.891270681990882,1.0054403139953825,1,0.2
43.16912946017777,-26.891521221825126,1.0155408370636496,1,0.2
43.46939450104301,-26.891780216612776,1.0257090381928324,1,0.2
43.771748050430276,-26.89201796426365,1.035965171293724,1,0.2
44.07620463506514,-26.892264657957668,1.0462891213559151,1,0.2
44.38277888271451,-26.89251056564998,1.056687676769958,1,0.2
44.69148552288952,-26.892752613354666,1.067163202988376,1,0.2
45.00233938755311,-26.892991057399335,1.0777158012753896,1,0.2
45.315355411832684,-26.893229484039395,1.0883432232648833,1,0.2
45.63054863473769,-26.893458175249698,1.0990525931902513,1,0.2
45.947934199882155,-26.893680723874375,1.1098417220001473,1,0.2
46.26752735621227,-26.893914032030473,1.1206987573841023,1,0.2
46.58934345873901,-26.89413841164715,1.131638050376582,1,0.2
46.913397969275934,-26.894364117875096,1.1426524777828657,1,0.2
47.23970645718201,-26.89458144994977,1.1537494008177838,1,0.2
47.56828460010965,-26.894800669125125,1.1649215775802628,1,0.2
47.89914818475796,-26.895002103044572,1.1761839282568969,1,0.2
48.232313107631235,-26.895219303095853,1.18751171539152,1,0.2
48.5677953758027,-26.895432603678195,1.198919846389132,1,0.2
48.90561110768358,-26.895632322503022,1.21041603747238,1,0.2
49.2457765337975,-26.89583538915279,1.2219877297329456,1,0.2
49.58830799756032,-26.896035454221604,1.2336400471486384,1,0.2
49.933221956065346,-26.896229498168154,1.2453756585037568,1,0.2
50.280534980874016,-26.896421156871394,1.257192064680533,1,0.2
50.630263758812085,-26.89661406953231,1.2690866832471897,1,0.2
50.982425092771386,-26.896795250638338,1.2810701365991917,1,0.2
51.33703590251707,-26.896988300618048,1.293123900024813,1,0.2
51.69411322550061,-26.897163613838476,1.3052720476873785,1,0.2
52.05367421767828,-26.89733814681924,1.317501318303185,1,0.2
52.41573615433548,-26.897512231758856,1.3298117325024672,1,0.2
52.78031643091672,-26.897686204745973,1.3422033029574483,1,0.2
53.14743256386143,-26.897847104630443,1.3546871448891658,1,0.2
53.517102191445446,-26.89801190201537,1.3672495090227852,1,0.2
53.8893430746286,-26.89817761938814,1.3798931413738156,1,0.2
54.264173097907864,-26.898331308123318,1.3926293794429272,1,0.2
54.64161027017682,-26.898483299851044,1.4054498632595187,1,0.2
55.02167272559077,-26.898643929640436,1.4183459746565819,1,0.2
55.40437872443802,-26.898783636589044,1.4313436626594271,1,0.2
55.78974665401725,-26.898926064186988,1.4444228507299406,1,0.2
56.17779502952094,-26.899068259889837,1.45758641954805,1,0.2
56.56854249492486,-26.899207275530557,1.470837325638285,1,0.2
56.962007823883944,-26.89933684260214,1.4841815911575307,1,0.2
57.358209920634174,-26.89946732083593,1.497610351488008,1,0.2
57.75716782090094,-26.899595775052312,1.5111265997749577,1,0.2
58.158900692813525,-26.899719274526625,1.524733407060472,1,0.2
58.56342783782614,-26.899844866970856,1.5384246920915563,1,0.2
58.97076869164518,-26.89994968296706,1.552222080551278,1,0.2
59.38094282516311,-26.90007070035213,1.5660916193115606,1,0.2
59.79396994539869,-26.900178409716737,1.5800612479362275,1,0.2
60.209869896443855,-26.90028320109088,1.5941216995318115,1,0.2
60.628662660417106,-26.900385495371275,1.6082729950253998,1,0.2
61.05036835842356,-26.900482393588735,1.6225183584110516,1,0.2
61.4750072515217,-26.900584299046848,1.636848143697333,1,0.2
61.90259974169682,-26.900675024551965,1.6512785030980304,1,0.2
62.33316637284123,-26.900755009772595,1.6658096229155388,1,0.2
62.766727831741306,-26.900844644873764,1.6804218234181239,1,0.2
63.20330494907143,-26.900921108599505,1.695138170500205,1,0.2
63.642918700394766,-26.901001476174223,1.7099421004245845,1,0.2
64.08559020717105,-26.901069584890053,1.7248503718435564,1,0.2
64.5313407377714,-26.90114916778905,1.739839338914277,1,0.2
64.98019170850016,-26.90120080264121,1.754949849864101,1,0.2
65.43216468462381,-26.901268177360983,1.7701375201157907,1,0.2
65.8872813814072,-26.90133182483658,1.7854228022583056,1,0.2
66.34556366515669,-26.901382255819726,1.800816214550076,1,0.2
66.80703355427093,-26.901426606801067,1.8163109043088048,1,0.2
67.27171322029855,-26.90148199160523,1.8318891277012677,1,0.2
67.73962498900357,-26.901525639515942,1.847575615073176,1,0.2
68.21079134143795,-26.90156802620752,1.8633597063733385,1,0.2
68.68523491502174,-26.901599687770474,1.8792522293974694,1,0.2
69.16297850463066,-26.901631110058286,1.8952423372726654,1,0.2
69.6440450636914,-26.901659487628958,1.9113336053336487,1,0.2
70.12845770528428,-26.901675372084853,1.927537128333948,1,0.2
70.61623970325388,-26.901702561048623,1.943826882285907,1,0.2
71.10741449332713,-26.901718320180276,1.9602288422382015,1,0.2
71.60200567423932,-26.901719864902397,1.976746942988892,1,0.2
72.10003700886796,-26.901731008521878,1.9933546200064074,1,0.2
72.60153242537443,-26.901735680663617,2.010070740757654,1,0.2
73.10651601835362,-26.901731112498034,2.0268991868368222,1,0.2
73.61501204999159,-26.901724512833685,2.0438322102717406,1,0.2
74.12704495123128,-26.90171312348039,2.0608736265772656,1,0.2
74.64263932294622,-26.901690867431363,2.078031307893854,1,0.2
75.16181993712259,-26.90167826603655,2.095281392248965,1,0.2
75.68461173804933,-26.90165595652023,2.112647566773808,1,0.2
76.21103984351666,-26.901624526118923,2.130129884363528,1,0.2
76.74112954602285,-26.901591215825146,2.1477202184279105,1,0.2
77.27490631398935,-26.90155662376416,2.1654184048953864,1,0.2
77.81239579298456,-26.901521353418225,2.1832242560298334,1,0.2
78.3536238069559,-26.901479365223825,2.2011458967002717,1,0.2
78.8986163594705,-26.901427949119366,2.2191874682230655,1,0.2
79.44739963496465,-26.901381021790037,2.2373320663217466,1,0.2
80.00000000000179,-26.901315938221284,2.255609127109359,1,0.2
80.55644400453932,-26.901259923289004,2.273984570867942,1,0.2
81.11675838320417,-26.901193666866128,2.292483797968326,1,0.2
81.68097005657731,-26.90111780995512,2.3111068136308552,1,0.2
82.24910613248719,-26.901042972304367,2.3298404509454964,1,0.2
82.8211939073121,-26.90096980599167,2.348684383412274,1,0.2
83.39726086729164,-26.900879021332035,2.3676649302451116,1,0.2
83.97733468984731,-26.90078457873504,2.3867643688244033,1,0.2
84.56144324491237,-26.90069711993373,2.405968949853346,1,0.2
85.14961459627077,-26.90059404605433,2.4253099287318,1,0.2
85.74187700290544,-26.900486009209246,2.4447736918142398,1,0.2
86.33825892035618,-26.90037701790141,2.464355422225583,1,0.2
86.93878900208668,-26.900277735620605,2.484040860669606,1,0.2
87.54349610086122,-26.900155608802777,2.5038760747748596,1,0.2
88.15240927013093,-26.90002796043725,2.523837827105289,1,0.2
88.7655577654297,-26.899898819929213,2.543921146108517,1,0.2
89.38297104577971,-26.89975892203478,2.5641399919471777,1,0.2
90.00467877510688,-26.89962228138484,2.584475039480091,1,0.2
90.63071082366605,-26.89948629295669,2.604930599459733,1,0.2
91.26109726947607,-26.899331730683535,2.6255354733736604,1,0.2
91.895868399765,-26.899175949625658,2.6462652246210703,1,0.2
92.53505471242522,-26.899026335167736,2.667109530045492,1,0.2
93.17868691747873,-26.898863675044602,2.6880976118631765,1,0.2
93.82679593855258,-26.89869536380555,2.7092193577795,1,0.2
94.47941291436473,-26.89852547580591,2.7304693917379956,1,0.2
95.13656920022001,-26.89833481121875,2.75187779072389,1,0.2
95.79829636951663,-26.89816070946484,2.7733883117307023,1,0.2
96.4646262152632,-26.897960700008504,2.7950669914642376,1,0.2
97.13559075160614,-26.897772132545626,2.8168569329689204,1,0.2
97.81122221536789,-26.897562520692627,2.838809559364389,1,0.2
98.49155306759573,-26.89735924698234,2.8608828019853267,1,0.2
99.17661599512138,-26.897139809750556,2.8831130380105554,1,0.2
99.86644391213144,-26.89692162310711,2.905473462667549,1,0.2
100.56106996174877,-26.896698823245995,2.92797419026887,1,0.2
101.26052751762494,-26.89647552866665,2.950609320825089,1,0.2
101.96485018554354,-26.896239230004998,2.9734000832715703,1,0.2
102.67407180503491,-26.89599072630303,2.996346271347855,1,0.2
103.388226451002,-26.89575078015158,3.0194143855139277,1,0.2
104.10734843535732,-26.8954935857497,3.0426480922878527,1,0.2
104.83147230867174,-26.895236586545792,3.0660191963037273,1,0.2
105.56063286183424,-26.894973942719638,3.0895382992498988,1,0.2
106.29486512772365,-26.89470314397842,3.1132105775874246,1,0.2
107.03420438289172,-26.89442833700618,3.1370298424618106,1,0.2
107.778686149258,-26.894137035513342,3.16101861611756,1,0.2
108.52834619581655,-26.893853355623307,3.185135967390766,1,0.2
109.28322054035448,-26.89354485161346,3.20943948382443,1,0.2
110.04334545118235,-26.893242300736027,3.2338761312895326,1,0.2
110.80875744887686,-26.89293322603776,3.2584686705164416,1,0.2
111.57949330803534,-26.89261180670031,3.283228504365368,1,0.2
112.35559005904271,-26.89228553500948,3.308143196498287,1,0.2
113.13708498985058,-26.891965234386216,3.3331938505730667,1,0.2
113.92401564776874,-26.891635105283143,3.358409964113369,1,0.2
114.71641984126921,-26.89128933241124,3.3838033614461005,1,0.2
115.51433564180275,-26.890942072027322,3.409348933703432,1,0.2
116.31780138562794,-26.89057752558961,3.435077082507913,1,0.2
117.12685567565316,-26.890223167637043,3.46093721504839,1,0.2
117.94153738329126,-26.889843227340798,3.486997719046748,1,0.2
118.76188565032712,-26.889465181665532,3.51320760271012,1,0.2
119.58793989079828,-26.889079890551393,3.5395851157770575,1,0.2
120.41973979288862,-26.88867821226217,3.566149003149509,1,0.2
121.25732532083512,-26.88828429920806,3.592853307681225,1,0.2
122.10073671684803,-26.887882350772472,3.6197295411609907,1,0.2
122.95001450304433,-26.887459892546367,3.646803476506386,1,0.2
123.80519948339456,-26.887041077764806,3.6740283307480177,1,0.2
124.66633274568338,-26.886610100179848,3.701436448394193,1,0.2
125.53345566348355,-26.886167801064712,3.729027298229846,1,0.2
126.40660989814381,-26.885721681355314,3.7567867023476738,1,0.2
127.28583740079048,-26.885269249286576,3.7847206058797185,1,0.2
128.17118041434307,-26.884798017347265,3.812855795755566,1,0.2
129.0626814755438,-26.88433213555569,3.8411433735216067,1,0.2
129.9603834170013,-26.883849117588788,3.8696309771710506,1,0.2
130.86432936924862,-26.883366447412413,3.8982830276875697,1,0.2
131.77456276281538,-26.88287162401557,3.9271267716871874,1,0.2
132.69112733031437,-26.882365467464567,3.9561616266023867,1,0.2
133.61406710854286,-26.88184546178889,3.985394165268417,1,0.2
134.5434264405981,-26.88132574781156,4.014794889977645,1,0.2
135.47924997800817,-26.8807871395731,4.0444064239925455,1,0.2
136.42158268287693,-26.88025043449036,4.074184388512176,1,0.2
137.3704698300445,-26.879716432024296,4.104127533024061,1,0.2
138.32595700926237,-26.879145927750166,4.134323998073978,1,0.2
139.28809012738384,-26.87857636955939,4.164691767795653,1,0.2
140.25691541056963,-26.878008538726668,4.195229622685578,1,0.2
141.23247940650882,-26.87741653890919,4.225997193818587,1,0.2
142.2148289866553,-26.87681446882025,4.256963798207496,1,0.2
143.20401134847972,-26.876206420427195,4.288121021056471,1,0.2
144.200074017737,-26.875603148136555,4.319444647586312,1,0.2
145.20306485074994,-26.874978717898884,4.3509958843749645,1,0.2
146.2130320367083,-26.87433385999192,4.382774589024933,1,0.2
147.2300240999843,-26.873692643060675,4.414725020093973,1,0.2
148.25408990246365,-26.873035770719675,4.446893784506693,1,0.2
149.28527864589356,-26.87236728162654,4.479272440743553,1,0.2
150.32363987424628,-26.87168453299889,4.511868512292518,1,0.2
151.3692234760998,-26.87100488872091,4.544640733890331,1,0.2
152.42207968703445,-26.87030233025571,4.5776535622012124,1,0.2
153.48225909204683,-26.86958752520765,4.610882186264131,1,0.2
154.54981262797986,-26.868867795206324,4.644309420995868,1,0.2
155.6247915859703,-26.86813710167625,4.677951181599139,1,0.2
156.70724761391295,-26.867389390799502,4.711823832047128,1,0.2
157.79723271894218,-26.86664529783193,4.745876067425231,1,0.2
158.8947992699305,-26.86587537525018,4.780183770475019,1,0.2
160.0000000000048,-26.865096892210065,4.8147040649525685,1,0.2
161.11288800907985,-26.864303735997513,4.849453736416335,1,0.2
162.23351676640956,-26.86349979402455,4.884423773669953,1,0.2
163.36194011315587,-26.862675580493757,4.919640191418438,1,0.2
164.49821226497562,-26.861858329165557,4.955032046225664,1,0.2
165.6423878146254,-26.86101848207052,4.990678445360499,1,0.2
166.79452173458452,-26.860159858484206,5.026570675949235,1,0.2
167.9546693796959,-26.859296283965456,5.062672571698215,1,0.2
169.12288648982604,-26.858414840468466,5.099020024733282,1,0.2
170.29922919254284,-26.85752597719788,5.135585569595762,1,0.2
171.4837540058122,-26.85661673382748,5.172405815415727,1,0.2
172.6765178407137,-26.855704205867063,5.209434472758134,1,0.2
173.87757800417467,-26.854775390595265,5.246708499013128,1,0.2
175.08699220172375,-26.853820601494686,5.284256457310863,1,0.2
176.30481854026317,-26.852863560886394,5.322012478110773,1,0.2
177.53111553086072,-26.851887852773665,5.360023958908698,1,0.2
178.7659420915608,-26.850900440668237,5.398272044982047,1,0.2
180.00935755021513,-26.84989154449201,5.436786009510011,1,0.2
181.26142164733346,-26.84888146117977,5.47550781678263,1,0.2
182.52219453895353,-26.847840290667783,5.514525787978271,1,0.2
183.7917367995314,-26.846798319201834,5.553751962967486,1,0.2
185.07010942485184,-26.845728935141807,5.593265984301886,1,0.2
186.35737383495882,-26.844652341469192,5.633008749318632,1,0.2
187.65359187710658,-26.843561947374212,5.673000673704625,1,0.2
188.95882582873088,-26.842444436200058,5.7132832211034446,1,0.2
190.27313840044144,-26.841319936772532,5.753796191683346,1,0.2
191.59659273903472,-26.840175075258017,5.794581317255218,1,0.2
192.92925243052787,-26.839023233244173,5.835598099140833,1,0.2
194.27118150321374,-26.837837577277334,5.876931000908303,1,0.2
195.62244443073726,-26.83664147703576,5.91850823531957,1,0.2
196.98310613519297,-26.835428131494467,5.9603519080461025,1,0.2
198.35323199024427,-26.83420410799968,6.002441892850947,1,0.2
199.73288782426437,-26.83295918945924,6.044811564508898,1,0.2
201.12213992349908,-26.831696527833028,6.087451782396635,1,0.2
202.5210550352514,-26.830415891908743,6.130364158142582,1,0.2
203.9297003710886,-26.82911366426265,6.173561439130171,1,0.2
205.3481436100714,-26.827789544808947,6.2170456830051695,1,0.2
206.77645290200556,-26.826456614480108,6.260774319628058,1,0.2
208.21469687071618,-26.82509773799195,6.3048050307837595,1,0.2
209.66294461734503,-26.823712508619458,6.349140473790247,1,0.2
211.12126572367004,-26.82232061661658,6.393714903648548,1,0.2
212.5897302554489,-26.820911524360444,6.438564326702703,1,0.2
214.06840876578502,-26.819471293957847,6.483737428801394,1,0.2
215.5573722985176,-26.818016155736903,6.529179353292183,1,0.2
217.05669239163473,-26.816542166755283,6.574904253208812,1,0.2
218.5664410807106,-26.81504198491797,6.620938592517342,1,0.2
220.08669090236637,-26.813521660372807,6.667262012634409,1,0.2
221.6175148977554,-26.81198384898749,6.7138656580775695,1,0.2
223.15898661607235,-26.81042444894726,6.760764670799005,1,0.2
224.71118011808713,-26.808835954819035,6.807986872807561,1,0.2
226.27416997970286,-26.807230984196035,6.855487460159697,1,0.2
227.8480312955392,-26.805598588990748,6.903306802615778,1,0.2
229.43283968254013,-26.803947948384057,6.951411972155881,1,0.2
231.02867128360725,-26.80227811728504,6.999806733509205,1,0.2
232.63560277125762,-26.800571287943438,7.048558038904392,1,0.2
234.25371135130806,-26.79885333842377,7.097569924699521,1,0.2
235.88307476658426,-26.797099643759953,7.1469354203424595,1,0.2
237.523771300656,-26.795332642518304,7.1965702026851375,1,0.2
239.17587978159838,-26.793541080621903,7.246517203231898,1,0.2
240.83947958577906,-26.791720386782263,7.29679458747537,1,0.2
242.51465064167206,-26.78987604753365,7.347381733363886,1,0.2
244.2014734336979,-26.788003403582323,7.398297224940402,1,0.2
245.9000290060905,-26.786107857344792,7.449520321400486,1,0.2
247.61039896679097,-26.78419140177276,7.50104322202951,1,0.2
249.33266549136863,-26.782235759623862,7.552939061902199,1,0.2
251.06691132696898,-26.780252941923848,7.60516073713651,1,0.2
252.81321979628953,-26.778251553667488,7.65767362136321,1,0.2
254.5716748015829,-26.776223295103176,7.710511194765256,1,0.2
256.3423608286881,-26.774166563345144,7.763680226036022,1,0.2
258.12536295108947,-26.7720695833765,7.8172297502728,1,0.2
259.9207668340045,-26.769957662446355,7.871055374332451,1,0.2
261.72865873849923,-26.767808809579417,7.925248439410522,1,0.2
263.54912552563275,-26.765624612685492,7.979803011545392,1,0.2
265.38225466063074,-26.763423510837644,8.034641194897363,1,0.2
267.2281342170877,-26.761190120949514,8.089827849580306,1,0.2
269.08685288119824,-26.758919141285098,8.145386039840659,1,0.2
270.95849995601833,-26.75661874626453,8.20128085352779,1,0.2
272.8431653657559,-26.75428692768344,8.25752088082427,1,0.2
274.74093966009104,-26.751935164826563,8.314055509760571,1,0.2
276.6519140185268,-26.7495309095374,8.371027786064522,1,0.2
278.5761802547697,-26.747116010321378,8.428252672160408,1,0.2
280.51383082114137,-26.74464427637874,8.485935426951812,1,0.2
282.4649588130198,-26.742160877281304,8.543873746277663,1,0.2
284.42965797331277,-26.739619508580144,8.602276108823526,1,0.2
286.40802269696155,-26.737058501329834,8.660968767486501,1,0.2
288.40014803547615,-26.73445855435437,8.720039032712641,1,0.2
290.4061297015021,-26.731837606789703,8.779403585411321,1,0.2
292.42606407341884,-26.729172868760767,8.83916717104751,1,0.2
294.4600481999708,-26.72645844845536,8.899357765678335,1,0.2
296.50817980492957,-26.723715563121363,8.959875596746068,1,0.2
298.5705572917893,-26.720938250852612,9.020747733418817,1,0.2
300.64727974849484,-26.71812389923769,9.081985822601446,1,0.2
302.73844695220185,-26.715276649298456,9.143569113837003,1,0.2
304.84415937407124,-26.712373415076595,9.205608665540709,1,0.2
306.964518184096,-26.709448847746422,9.267935702517374,1,0.2
309.09962525596205,-26.706472978367835,9.330695380910958,1,0.2
311.24958317194296,-26.703459995541927,9.393817552621664,1,0.2
313.4144952278283,-26.70040705136191,9.457315203997908,1,0.2
315.59446543788675,-26.697301042096875,9.521253154482304,1,0.2
317.7895985398634,-26.69418331473985,9.585422268827164,1,0.2
320.000000000012,-26.69099982368968,9.650093779697169,1,0.2
322.22577601816215,-26.687788455366693,9.715074583053573,1,0.2
324.4670335328215,-26.68450868009447,9.780571167368038,1,0.2
326.7238802263142,-26.68120175650699,9.846370397930718,1,0.2
328.99642452995374,-26.677854365787894,9.912538875527376,1,0.2
331.2847756292533,-26.674453137516743,9.97914516941315,1,0.2
333.5890434691715,-26.671008561379782,10.046133115350061,1,0.2
335.90933875939425,-26.667524280412778,10.113481495236526,1,0.2
338.2457729796546,-26.663983402847787,10.181278721989404,1,0.2
340.5984583850881,-26.660413444508087,10.249375413489727,1,0.2
342.96750801162693,-26.656770085495495,10.318009010769577,1,0.2
345.3530356814299,-26.653091061121334,10.3869737402127,1,0.2
347.75515600835195,-26.64936620169289,10.456322378824654,1,0.2
350.1739844034501,-26.645588722339333,10.526090234755937,1,0.2
352.60963708052907,-26.6417689425783,10.596217925904796,1,0.2
355.0622310617241,-26.63789317310719,10.66677938605771,1,0.2
357.53188418312425,-26.633944247548996,10.737870076010903,1,0.2
360.0187151004329,-26.62996673527855,10.809236248742469,1,0.2
362.52284329466966,-26.625933151020625,10.881030450999884,1,0.2
365.0443890779098,-26.621850299190353,10.95321130774879,1,0.2
367.58347359906554,-26.617694041546336,11.025915958470115,1,0.2
370.14021884970646,-26.613505525274622,11.098903424549372,1,0.2
372.7147476699204,-26.609257142354444,11.172330824528885,1,0.2
375.30718375421594,-26.604941873024202,11.246237389157864,1,0.2
377.9176516574646,-26.600576783624295,11.320519718151472,1,0.2
380.5462768008857,-26.596147945705727,11.395257527963398,1,0.2
383.1931854780723,-26.59166553007688,11.470387024179402,1,0.2
385.85850486105863,-26.587119018457514,11.5459683596632,1,0.2
388.5423630064304,-26.58252202705833,11.621915560116511,1,0.2
391.2448888614774,-26.577864016481186,11.698288993870161,1,0.2
393.96621227038884,-26.57313787412714,11.77512927255778,1,0.2
396.7064639804915,-26.56835029875888,11.852391847696316,1,0.2
399.4657756485318,-26.56349762055711,11.930095965188992,1,0.2
402.24427984700117,-26.55859693146715,12.00813016161655,1,0.2
405.04211007050577,-26.55361339980219,12.086709983044123,1,0.2
407.85940074218024,-26.54856757081526,12.165702244873575,1,0.2
410.69628722014585,-26.54347657187524,12.244992214834467,1,0.2
413.55290580401413,-26.53829163380906,12.324888991221437,1,0.2
416.42939374143555,-26.533047215343643,12.405166922381774,1,0.2
419.3258892346932,-26.527743116151676,12.485821831874926,1,0.2
422.24253144734325,-26.522361754838222,12.56696410250044,1,0.2
425.179460510901,-26.516930744725542,12.648406540214914,1,0.2
428.13681753157323,-26.511401178680757,12.730468733112486,1,0.2
431.11474459703845,-26.5058111326493,12.81289299862544,1,0.2
434.11338478327275,-26.50014998250875,12.895744740315513,1,0.2
437.13288216142445,-26.49441755302042,12.979019725021862,1,0.2
440.173381804736,-26.48860320582271,13.062785254824298,1,0.2
443.23502979551404,-26.482724236934207,13.14691745733311,1,0.2
446.31797323214806,-26.476759544267004,13.231555853601273,1,0.2
449.4223602361776,-26.47072646897948,13.31657475075252,1,0.2
452.5483399594091,-26.4646144058367,13.402041676504178,1,0.2
455.6960625910818,-26.458416239264963,13.488001064222662,1,0.2
458.8656793650838,-26.452145891506124,13.574348555374005,1,0.2
462.0573425672179,-26.44580330753097,13.661077194023488,1,0.2
465.2712055425187,-26.439363865403088,13.748356859290157,1,0.2
468.5074227026196,-26.432848583877266,13.836030485408344,1,0.2
471.76614953317204,-26.426250425748368,13.924141738340769,1,0.2
475.04754260131557,-26.41955883284958,14.012761127456637,1,0.2
478.3517595632003,-26.412791426065027,14.101752551601653,1,0.2
481.6789591715617,-26.40594474841453,14.191133136168096,1,0.2
485.02930128334776,-26.39899770817113,14.281052273658394,1,0.2
488.40294686739946,-26.391968028124666,14.371370749687635,1,0.2
491.8000580121847,-26.38485583943556,14.462079019904305,1,0.2
495.2207979335857,-26.377647145734784,14.55327486482021,1,0.2
498.665330982741,-26.370338555832088,14.644977047316647,1,0.2
502.1338226539417,-26.362951512522162,14.737013076480588,1,0.2
505.62643959258287,-26.355464983172787,14.829535789381183,1,0.2
509.14334960316967,-26.347886303784737,14.922480134950762,1,0.2
512.68472165738,-26.340215758382026,15.015834751726208,1,0.2
516.2507259021829,-26.33244654678821,15.109643886169968,1,0.2
519.841533668013,-26.3245825618228,15.203867715835608,1,0.2
523.4573174770023,-26.316609916431,15.2986075789592,1,0.2
527.0982510512695,-26.3085361175831,15.39379495665291,1,0.2
530.7645093212655,-26.300375881914213,15.489301157382325,1,0.2
534.4562684341794,-26.292108256638752,15.585284838173616,1,0.2
538.1737057624005,-26.28373371985579,15.68173275835356,1,0.2
541.9169999120409,-26.275267123076485,15.778512733956052,1,0.2
545.6863307315159,-26.266683952355514,15.875815768506495,1,0.2
549.4818793201863,-26.257999133783798,15.973508292621144,1,0.2
553.3038280370578,-26.249206122295607,16.071633611486494,1,0.2
557.1523605095437,-26.24030198181577,16.170205486482832,1,0.2
561.027661642287,-26.231294612303078,16.269145864568593,1,0.2
564.9299176260438,-26.22217034243799,16.368559001455434,1,0.2
568.8593159466297,-26.212926313255632,16.46845860412992,1,0.2
572.8160453939274,-26.203577771888863,16.568702072123628,1,0.2
576.8002960709567,-26.19412197545977,16.66929973491163,1,0.2
580.8122594030085,-26.18453083656241,16.770483717930837,1,0.2
584.8521281468421,-26.174845124774663,16.871885787206,1,0.2
588.920096399946,-26.16503681278456,16.97373765216248,1,0.2
593.0163596098636,-26.155095966956345,17.076115338164854,1,0.2
597.1411145835832,-26.145049071246426,17.178770554081865,1,0.2
601.2945594969942,-26.134868076030333,17.281940051772768,1,0.2
605.4768939044083,-26.1245759582892,17.385403966929335,1,0.2
609.688318748147,-26.114155631417347,17.489302067486257,1,0.2
613.9290363681965,-26.103604608296283,17.593643542987778,1,0.2
618.1992505119288,-26.092931430624546,17.698336092297755,1,0.2
622.4991663438906,-26.082133714031354,17.803386402566744,1,0.2
626.8289904556613,-26.07119439706693,17.90893795189386,1,0.2
631.1889308757782,-26.06013318539166,18.014792916590313,1,0.2
635.5791970797316,-26.048940441161083,18.12102533147869,1,0.2
640.0000000000289,-26.037613900043382,18.227640960527783,1,0.2
644.4515520363291,-26.026147629945502,18.334680545493534,1,0.2
648.9340670656479,-26.01455052041015,18.442043630025154,1,0.2
653.4477604526332,-26.002813012563117,18.54980515042919,1,0.2
657.9928490599125,-25.990936677057597,18.657933801874584,1,0.2
662.5695512585116,-25.978915696786974,18.766469454196308,1,0.2
667.178086938348,-25.966766618287465,18.87523369344751,1,0.2
671.8186775187937,-25.954465083959164,18.984446969191776,1,0.2
676.4915459593144,-25.942024004534186,19.093965417460048,1,0.2
681.1969167701814,-25.929433952826297,19.203864352444477,1,0.2
685.935016023259,-25.91668923372532,19.314183289731247,1,0.2
690.7060713628651,-25.903817964658987,19.424622128889485,1,0.2
695.5103120167091,-25.890777003267846,19.535595396396968,1,0.2
700.3479688069056,-25.877590802903573,19.646838708568023,1,0.2
705.2192741610634,-25.86426137285728,19.75831147238097,1,0.2
710.1244621234536,-25.85077565109678,19.870127174557823,1,0.2
715.0637683662537,-25.83712431583558,19.9823629982208,1,0.2
720.0374302008713,-25.8233094082577,20.094979570303366,1,0.2
725.0456865893448,-25.809363447845538,20.207618096821015,1,0.2
730.0887781558251,-25.795227801689293,20.320869654116283,1,0.2
735.1669471981365,-25.780946500083054,20.43425364353921,1,0.2
740.2804376994185,-25.766510407934327,20.547843609550508,1,0.2
745.4294953398465,-25.751887375527506,20.661960173882,1,0.2
750.6143675084376,-25.73711798525307,20.776150497029793,1,0.2
755.8353033149348,-25.72218163493808,20.890611869727962,1,0.2
761.0925536017771,-25.707069164650953,21.00542164879873,1,0.2
766.3863709561504,-25.69179069165457,21.120448769619912,1,0.2
771.717009722123,-25.676340977228417,21.235727517971114,1,0.2
777.0847260128666,-25.66071090333852,21.3513355162394,1,0.2
782.4897777229608,-25.64491463226306,21.467094490910508,1,0.2
787.9324245407837,-25.628947015655406,21.5830371166284,1,0.2
793.412927960989,-25.61280290276958,21.699196731288637,1,0.2
798.9315512970695,-25.596469316969817,21.81569514056744,1,0.2
804.4885596940084,-25.579956726156297,21.93239210160094,1,0.2
810.0842201410177,-25.563263945114425,22.049276623577978,1,0.2
815.7188014843666,-25.54638194347612,22.16642682577166,1,0.2
821.392574440298,-25.529333219709468,22.283561489285376,1,0.2
827.1058116080346,-25.512077230543802,22.40111888451006,1,0.2
832.8587874828772,-25.494652391808653,22.518633368237875,1,0.2
838.6517784693928,-25.47703393197144,22.636363928131587,1,0.2
844.4850628946929,-25.459216802249024,22.754344447478466,1,0.2
850.3589210218082,-25.441215911526534,22.872375512133363,1,0.2
856.2736350631529,-25.423010321694697,22.990676035540282,1,0.2
862.2294891940834,-25.404619061126326,23.108996228347362,1,0.2
868.226769566552,-25.38603322158011,23.22741365417438,1,0.2
874.2657643228554,-25.367231740591897,23.346152455301358,1,0.2
880.3467636094787,-25.348241911060732,23.464860899027133,1,0.2
886.4700595910348,-25.329050795747058,23.5836655254278,1,0.2
892.635946464303,-25.30966568974609,23.702450333656497,1,0.2
898.844720472362,-25.29006138767768,23.821492377800855,1,0.2
905.096679918825,-25.270257418526345,23.940527415797966,1,0.2
911.3921251821704,-25.250240765786565,24.05968568518506,1,0.2
917.7313587301744,-25.23002708302844,24.17874655398998,1,0.2
924.1146851344428,-25.209595132668248,24.297942008799012,1,0.2
930.5424110850445,-25.1889524143518,24.417151013467628,1,0.2
937.0148454052463,-25.1680982571361,24.536352422595957,1,0.2
943.5322990663512,-25.147027860055612,24.655576530658177,1,0.2
950.0950852026382,-25.125732230282694,24.77490694847351,1,0.2
956.7035191264079,-25.10422322217324,24.89416523487592,1,0.2
963.3579183431307,-25.08250027959038,25.0133274967182,1,0.2
970.0586025667028,-25.060562876293577,25.13236912825469,1,0.2
976.8058937348063,-25.038380955333718,25.25164306922566,1,0.2
983.6001160243768,-25.015991897208757,25.370641623304714,1,0.2
990.4415958671789,-24.993365594543523,25.489719468454034,1,0.2
997.3306619654895,-24.970527016469322,25.608523756641713,1,0.2
1004.267645307891,-24.947454437498813,25.72730321429752,1,0.2
1011.2528791851732,-24.92414734086652,25.846033739815063,1,0.2
1018.2866992063468,-24.900605236887085,25.96469054533987,1,0.2
1025.3694433147675,-24.87683198456861,26.083191306685674,1,0.2
1032.5014518043733,-24.852835866765155,26.201394089730364,1,0.2
1039.6830673360337,-24.828577450518274,26.319787313582303,1,0.2
1046.9146349540124,-24.804104119182625,26.43771187006915,1,0.2
1054.1965021025467,-24.779380696028632,26.55560125163923,1,0.2
1061.5290186425389,-24.75443311095762,26.673076565394386,1,0.2
1068.9125368683667,-24.729221486670973,26.790638534118752,1,0.2
1076.347411524809,-24.703771856122756,26.90790557627969,1,0.2
1083.8339998240897,-24.67809288269107,27.024725979978165,1,0.2
1091.37266146304,-24.65215321371209,27.141489919877944,1,0.2
1098.9637586403808,-24.62597035082465,27.25792678635974,1,0.2
1106.607656074124,-24.59953510272711,27.374127606304636,1,0.2
1114.3047210190957,-24.57286075319193,27.489876130633792,1,0.2
1122.0553232845823,-24.5459200129459,27.6055122711986,1,0.2
1129.859835252096,-24.5187261692077,27.720819696791136,1,0.2
1137.7186318932681,-24.491283612176783,27.8357026745854,1,0.2
1145.6320907878635,-24.463592246310355,27.950126742823777,1,0.2
1153.600592141922,-24.435624344831194,28.064442692295554,1,0.2
1161.6245188060257,-24.40740730535724,28.17823418984688,1,0.2
1169.704256293693,-24.378927174743744,28.29166039009332,1,0.2
1177.840192799901,-24.35017913176401,28.404753899766778,1,0.2
1186.032719219736,-24.32118175533063,28.51721728582757,1,0.2
1194.2822291671753,-24.291916292888843,28.629278513775287,1,0.2
1202.5891189939975,-24.262382619730445,28.74090369376725,1,0.2
1210.9537878088256,-24.23256637650556,28.852261405405695,1,0.2
1219.3766374963034,-24.20249118039973,28.96297967459842,1,0.2
1227.8580727364024,-24.172142728756153,29.07322565041905,1,0.2
1236.3985010238666,-24.141535409120053,29.182756341564296,1,0.2
1244.9983326877905,-24.11065000457411,29.291810174911614,1,0.2
1253.657980911332,-24.079476695301377,29.400492502891726,1,0.2
1262.377861751566,-24.048029956070444,29.50855816716083,1,0.2
1271.1583941594727,-24.0163098287314,29.61596899786855,1,0.2
1280.0000000000673,-23.98432132675159,29.722614226438925,1,0.2
1288.9031040726677,-23.952039805089008,29.82881450293163,1,0.2
1297.8681341313059,-23.919465098774847,29.934535845080422,1,0.2
1306.8955209052763,-23.88664722967647,30.03900892818298,1,0.2
1315.9856981198345,-23.853506186905836,30.143366247963936,1,0.2
1325.1391025170333,-23.820107311525586,30.246612232789676,1,0.2
1334.3561738767062,-23.786400147423414,30.349449701645653,1,0.2
1343.6373550375972,-23.75241516452054,30.451392065987854,1,0.2
1352.9830919186386,-23.71813200363532,30.552701060912796,1,0.2
1362.393833540373,-23.68357651115464,30.652955346959267,1,0.2
1371.8700320465282,-23.648702203199427,30.752804987653192,1,0.2
1381.4121427257405,-23.613550641346194,30.851594432641814,1,0.2
1391.0206240334287,-23.578111670065674,30.94943447576968,1,0.2
1400.6959376138216,-23.542369629279424,31.046518967062294,1,0.2
1410.4385483221372,-23.50632984449463,31.142729112078776,1,0.2
1420.2489242469178,-23.469997793740234,31.237943017214555,1,0.2
1430.1275367325184,-23.433357534594215,31.33235947174475,1,0.2
1440.0748604017533,-23.39640904872524,31.425939108775832,1,0.2
1450.0913731787002,-23.359174185980596,31.518313119784253,1,0.2
1460.177556311661,-23.321620417148328,31.60993014554457,1,0.2
1470.3338943962842,-23.28376418879303,31.70050211114215,1,0.2
1480.560875398848,-23.245600131635705,31.790068975579207,1,0.2
1490.8589906797042,-23.207161964683102,31.878079546421294,1,0.2
1501.2287350168863,-23.16837158356099,31.965673446599023,1,0.2
1511.670606629881,-23.129307716017628,32.05161773738186,1,0.2
1522.1851072035656,-23.089897004768474,32.13698196243566,1,0.2
1532.772741912312,-23.050173390229062,32.22121008319363,1,0.2
1543.4340194442575,-23.010171751943616,32.303729542384936,1,0.2
1554.1694520257447,-22.969834708888012,32.38536931295332,1,0.2
1564.9795554459333,-22.929162001820615,32.46609121684415,1,0.2
1575.8648490815792,-22.888182931686995,32.54540638904634,1,0.2
1586.8258559219898,-22.846915749208772,32.62299293368757,1,0.2
1597.863102594151,-22.80528935279365,32.699890710115035,1,0.2
1608.9771193880288,-22.763357386807314,32.77523825585318,1,0.2
1620.1684402820476,-22.721114274062973,32.84907615147243,1,0.2
1631.4376029687455,-22.678535922387574,32.921727516432455,1,0.2
1642.7851488806082,-22.635634576401426,32.992960712974714,1,0.2
1654.2116232160815,-22.592379346161117,33.06320233781123,1,0.2
1665.7175749657672,-22.54881987843564,33.13164877259588,1,0.2
1677.303556938798,-22.50493791867216,33.19853293320582,1,0.2
1688.9701257893985,-22.460721034729524,33.26399856281036,1,0.2
1700.7178420436294,-22.416169255483833,33.3279987136733,1,0.2
1712.5472701263188,-22.371282635439837,33.3904856649564,1,0.2
1724.4589783881795,-22.326054739340307,33.45151037142942,1,0.2
1736.453539133117,-22.280492086846383,33.51092560805322,1,0.2
1748.531528645724,-22.234594813324804,33.568681270817244,1,0.2
1760.6935272189705,-22.188349727626033,33.62493003172986,1,0.2
1772.940119182083,-22.14178362909273,33.67921448504193,1,0.2
1785.2718929286193,-22.09486991848919,33.73189081828901,1,0.2
1797.6894409447373,-22.047622212102045,33.78270194666068,1,0.2
1810.1933598376636,-22.000054624407195,33.83138345266851,1,0.2
1822.7842503643546,-21.952084215071647,33.879145261381616,1,0.2
1835.4627174603627,-21.903779829884424,33.924889267094755,1,0.2
1848.2293702688994,-21.855148949996707,33.968450966925666,1,0.2
1861.0848221701028,-21.806156406963566,34.010311677198956,1,0.2
1874.0296908105065,-21.7568018967299,34.050422679876284,1,0.2
1887.0645981327166,-21.707092422338803,34.08862436093422,1,0.2
1900.190170405291,-21.657057349783457,34.12441995181089,1,0.2
1913.4070382528298,-21.60665290964519,34.15841597746841,1,0.2
1926.715836686276,-21.555901179255667,34.19022471668122,1,0.2
1940.1172051334202,-21.50477212729484,34.220242091292874,1,0.2
1953.611787469627,-21.453303376720612,34.24784690582096,1,0.2
1967.2002320487684,-21.401441442745885,34.27378388424643,1,0.2
1980.8831917343723,-21.349247670235773,34.29707738434068,1,0.2
1994.661323930994,-21.296659937526037,34.31859745737726,1,0.2
2008.535290615797,-21.243756776629503,34.33711539848268,1,0.2
2022.5057583703617,-21.190435209618947,34.35410407409138,1,0.2
2036.573398412709,-21.13677470448509,34.36832246796255,1,0.2
2050.7388866295505,-21.08274327870788,34.3801851082918,1,0.2
2065.0029036087626,-21.02834078731048,34.389632703574854,1,0.2
2079.366134672083,-20.97352525026129,34.39721987892456,1,0.2
2093.8292699080407,-20.918388345546035,34.40153613889549,1,0.2
2108.3930042051093,-20.86283755230877,34.403875895625305,1,0.2
2123.0580372850936,-20.806923371459803,34.40343453113547,1,0.2
2137.82507373675,-20.75062862884694,34.4003981883129,1,0.2
2152.6948230496346,-20.693944271472052,34.39483191080689,1,0.2
2167.6679996481957,-20.63690559188276,34.38615838021779,1,0.2
2182.7453229260964,-20.579459111098352,34.37508348402465,1,0.2
2197.927517280778,-20.52163126070774,34.36115653393452,1,0.2
2213.2153121482643,-20.46342199579965,34.34430964974476,1,0.2
2228.6094420382083,-20.404812601660502,34.32474022569172,1,0.2
2244.1106465691814,-20.345802477093557,34.302384218362,1,0.2
2259.7196705042093,-20.28641980470534,34.27676992667626,1,0.2
2275.4372637865536,-20.226645687926307,34.24809397457187,1,0.2
2291.2641815757443,-20.166450551537146,34.216698044888254,1,0.2
2307.2011842838615,-20.105882937099068,34.18182545672513,1,0.2
2323.2490376120686,-20.044903311374327,34.14395499500216,1,0.2
2339.4085125874035,-19.98347022582286,34.10358208605418,1,0.2
2355.6803855998196,-19.921705264370722,34.05894358231527,1,0.2
2372.0654384394898,-19.85953779800697,34.0109436864924,1,0.2
2388.5644583343683,-19.796935945405615,33.95993919030073,1,0.2
2405.178237988013,-19.733962719604502,33.90498782544361,1,0.2
2421.9075756176694,-19.670554207943294,33.84688041056775,1,0.2
2438.753274992625,-19.606731214971067,33.78524969090495,1,0.2
2455.716145472823,-19.54250459979787,33.71986650830933,1,0.2
2472.797002047752,-19.477840691722356,33.651097361095964,1,0.2
2489.9966653755996,-19.412784259120794,33.57825912299765,1,0.2
2507.3159618226828,-19.347289733756213,33.50187142694391,1,0.2
2524.755723503151,-19.281415067088425,33.421083313676306,1,0.2
2542.3167883189644,-19.21511411965772,33.336416799578586,1,0.2
2560.0000000001537,-19.1483503384389,33.248255296717424,1,0.2
2577.806208145355,-19.08118342687162,33.1557307433862,1,0.2
2595.736268262631,-19.013626825516354,33.058585014536646,1,0.2
2613.7910418105726,-18.945631675968023,32.9573561569903,1,0.2
2631.971396239689,-18.877184819114635,32.85211485413834,1,0.2
2650.2782050340866,-18.80831147326531,32.7424449227461,1,0.2
2668.7123477534324,-18.7389988794389,32.628411447257555,1,0.2
2687.274710075215,-18.669314049411355,32.50908644171761,1,0.2
2705.9661838372976,-18.59916491996238,32.385521108861326,1,0.2
2724.7876670807664,-18.528578215506926,32.2572834880482,1,0.2
2743.740064093077,-18.457568434202898,32.12409846036245,1,0.2
2762.824285451502,-18.38613686884787,31.98585439624875,1,0.2
2782.0412480668783,-18.314256085199418,31.842782809556837,1,0.2
2801.391875227664,-18.241941138088148,31.69460091809375,1,0.2
2820.8770966442953,-18.169193263319578,31.541193368251868,1,0.2
2840.4978484938565,-18.09604426792209,31.382087905650742,1,0.2
2860.2550734650586,-18.022435649107177,31.21786910286636,1,0.2
2880.1497208035285,-17.94838355736074,31.048241761523148,1,0.2
2900.1827463574223,-17.873937243545324,30.872539392324775,1,0.2
2920.355112623344,-17.799003624637493,30.691720385992728,1,0.2
2940.6677887925907,-17.723697582260424,30.50437960095377,1,0.2
2961.121750797718,-17.647941003859625,30.3112964915982,1,0.2
2981.717981359431,-17.57176978011411,30.111966340809886,1,0.2
3002.4574700337953,-17.495153136333073,29.906623904181547,1,0.2
3023.3412132597846,-17.418111184011654,29.694942136497815,1,0.2
3044.3702144071544,-17.34068354576758,29.47639327373181,1,0.2
3065.545483824648,-17.262748525918706,29.252171110194933,1,0.2
3086.868038888538,-17.184491674078124,29.020201553652406,1,0.2
3108.338904051513,-17.105847352860174,28.78109094482857,1,0.2
3129.9591108918903,-17.026783724911795,28.53507068576399,1,0.2
3151.7296981631816,-16.94718835778461,28.283175435026646,1,0.2
3173.651711844004,-16.867319899592836,28.0226659303549,1,0.2
3195.726205188326,-16.787049867772158,27.754757902594132,1,0.2
3217.954238776082,-16.70632300639045,27.47989125401859,1,0.2
3240.3368805641194,-16.62533309325344,27.19606398721616,1,0.2
3262.8752059375156,-16.543880486862474,26.905133230158526,1,0.2
3285.570297761241,-16.462100596612263,26.605690003508673,1,0.2
3308.4232464321876,-16.37991627836022,26.298375919521806,1,0.2
3331.435149931559,-16.29738088588551,25.982589523787944,1,0.2
3354.607113877621,-16.214575180551186,25.657502516009107,1,0.2
3377.9402515788224,-16.131373608348948,25.324183240017792,1,0.2
3401.4356840872842,-16.04795382065726,24.980942222648377,1,0.2
3425.094540252663,-15.964139136282302,24.629283584973486,1,0.2
3448.9179567763854,-15.880039242579633,24.268146179099865,1,0.2
3472.9070782662598,-15.795696006460505,23.897098804610174,1,0.2
3497.0630572914743,-15.711154535918904,23.515701596126764,1,0.2
3521.387054437968,-15.626303918346343,23.124830392455735,1,0.2
3545.880238364193,-15.541213798072333,22.7238285990931,1,0.2
3570.543785857265,-15.455848740565452,22.31291843544722,1,0.2
3595.378881889502,-15.370508906388867,21.88963895027907,1,0.2
3620.3867196753545,-15.284798800863527,21.457110865621573,1,0.2
3645.5685007287366,-15.199112693909901,21.012183760067604,1,0.2
3670.9254349207527,-15.113217414379786,20.556647786675253,1,0.2
3696.458740537827,-15.027318981495434,20.088906128214578,1,0.2
3722.1696443402334,-14.941265158415648,19.610083647202288,1,0.2
3748.0593816210417,-14.855273092487433,19.11856939216159,1,0.2
3774.129196265462,-14.769154236477009,18.61572524723819,1,0.2
3800.3803408106105,-14.683102286142017,18.100161911131103,1,0.2
3826.8140765056887,-14.597292670513973,17.570708866566584,1,0.2
3853.43167337258,-14.511429450213498,17.029432814092818,1,0.2
3880.2344102668694,-14.425862539825253,16.474009879148184,1,0.2
3907.223574939284,-14.340428788189366,15.905589909241442,1,0.2
3934.400464097566,-14.255134124721065,15.324169115730799,1,0.2
3961.7663834687746,-14.170284882179265,14.727887192717992,1,0.2
3989.322647862018,-14.085750733742657,14.117675866819877,1,0.2
4017.070581231624,-14.001506122025834,13.493774458522056,1,0.2
4045.011516740754,-13.917881989734603,12.854340573336737,1,0.2
4073.1467968254487,-13.834703909967988,12.20055551049385,1,0.2
4101.477773259132,-13.752114131607092,11.531753640635461,1,0.2
4130.005807217556,-13.670136893542832,10.84797310144344,1,0.2
4158.732269344197,-13.588752561499147,10.149488304437071,1,0.2
4187.658539816113,-13.50833612553598,9.434529714522279,1,0.2
4216.78600841025,-13.42883844572474,8.70363774970667,1,0.2
4246.116074570219,-13.350018526166158,7.95825322858648,1,0.2
4275.650147473531,-13.27231793104271,7.196446021040552,1,0.2
4305.389646099301,-13.195683177067767,6.4187900103384345,1,0.2
4335.335999296423,-13.120199197391269,5.625201445421957,1,0.2
4365.4906458522255,-13.04620254563134,4.814537553651322,1,0.2
4395.8550345615895,-12.973442680518747,3.9882961114836517,1,0.2
4426.430624296562,-12.901955278745184,3.146663423376286,1,0.2
4457.21888407645,-12.832142653349894,2.2883847683945078,1,0.2
4488.2212931383965,-12.76384308986955,1.414559353538634,1,0.2
4519.439341008452,-12.69736817603154,0.5244439864907252,1,0.2
4550.874527573141,-12.63276920029464,-0.38162749526383677,1,0.2
4582.528363151522,-12.570264026946429,-1.303877309326055,1,0.2
4614.402368567757,-12.509563780087733,-2.24075825339743,1,0.2
4646.498075224173,-12.45105238732927,-3.193014532743943,1,0.2
4678.817025174842,-12.394778050855543,-4.160185222302047,1,0.2
4711.360771199674,-12.340965008707421,-5.142307733698647,1,0.2
4744.130876879015,-12.28935764981969,-6.1379887296504325,1,0.2
4777.128916668773,-12.240664717878813,-7.148523025048885,1,0.2
4810.356475976061,-12.194440484284797,-8.17195825118829,1,0.2
4843.815151235375,-12.151092843063903,-9.208614310154381,1,0.2
4877.506549985286,-12.110403016636438,-10.25720708061335,1,0.2
4911.432290945683,-12.07278115340397,-11.317907693222613,1,0.2
4945.594004095541,-12.037994169265598,-12.389413048133967,1,0.2
4979.9933307512365,-12.006583817553139,-13.471987881776831,1,0.2
5014.631923645403,-11.978304903102954,-14.564274476985123,1,0.2
5049.511447006339,-11.953432386348641,-15.66588208951584,1,0.2
5084.633576637967,-11.931767445377254,-16.775597331081258,1,0.2
5120.000000000346,-11.91330133950904,-17.892574094687564,1,0.2
5155.612416290749,-11.89856707294781,-19.016632782879913,1,0.2
5191.4725365253,-11.887272857523548,-20.146443405289734,1,0.2
5227.582083621183,-11.87938908261706,-21.281083410518253,1,0.2
5263.942792479418,-11.875505095952432,-22.4201602554836,1,0.2
5300.556410068212,-11.8748105441965,-23.56202142184401,1,0.2
5337.424695506905,-11.878019694603697,-24.706293647226403,1,0.2
5374.54942015047,-11.884931532800099,-25.851846798105925,1,0.2
5411.932367674636,-11.895123201325429,-26.997589248126133,1,0.2
5449.575334161574,-11.909077537871333,-28.142814243966047,1,0.2
5487.480128186196,-11.92670674564062,-29.28654145384596,1,0.2
5525.648570903045,-11.94791441973945,-30.427838018341927,1,0.2
5564.082496133798,-11.972315841181757,-31.565875920278767,1,0.2
5602.78375045537,-12.000501281151799,-32.69971272108137,1,0.2
5641.754193288633,-12.03227975554984,-33.82845539211496,1,0.2
5680.995696987757,-12.067384947146726,-34.95134746865242,1,0.2
5720.51014693016,-12.105478381194988,-36.067811554412536,1,0.2
5760.2994416071,-12.147320235090334,-37.176548345368126,1,0.2
5800.365492714889,-12.191871970344367,-38.27755290680974,1,0.2
5840.710225246731,-12.239943600960883,-39.3693839073765,1,0.2
5881.335577585225,-12.290836532968267,-40.451967412118336,1,0.2
5922.243501595481,-12.344733299111521,-41.52442646771386,1,0.2
5963.435962718906,-12.401407674425432,-42.58636720167929,1,0.2
6004.914940067636,-12.460766147465405,-43.637295933859384,1,0.2
6046.682426519615,-12.522842592177392,-44.67654824237785,1,0.2
6088.740428814354,-12.587407209631227,-45.70390269754967,1,0.2
6131.090967649341,-12.654551437639663,-46.71863632186982,1,0.2
6173.736077777122,-12.723855639336456,-47.72099724750982,1,0.2
6216.6778081030725,-12.795472053225572,-48.71021513388729,1,0.2
6259.918221783827,-12.869357483875422,-49.68587788942293,1,0.2
6303.4593963264115,-12.945103460010207,-50.64844216583609,1,0.2
6347.303423688055,-13.022794995407846,-51.597333899883154,1,0.2
6391.4524103767,-13.102450021482245,-52.53210606063823,1,0.2
6435.9084775522115,-13.183849403071587,-53.45293273995858,1,0.2
6480.673761128287,-13.266782223188006,-54.360057560489906,1,0.2
6525.750411875079,-13.35115889325605,-55.25345995095628,1,0.2
6571.140595522531,-13.437169755268016,-56.13230969325192,1,0.2
6616.846492864425,-13.524553329380044,-56.99709746418418,1,0.2
6662.870299863169,-13.61311450635418,-57.848208750885135,1,0.2
6709.214227755292,-13.702773577742962,-58.68572302926825,1,0.2
6755.880503157695,-13.793819089315173,-59.508479859979495,1,0.2
6802.871368174619,-13.885902631183866,-60.31745287074331,1,0.2
6850.189080505378,-13.97864465105836,-61.113873580380584,1,0.2
6897.835913552822,-14.07248418330701,-61.89604871502873,1,0.2
6945.814156532571,-14.167096461408416,-62.665049648087646,1,0.2
6994.126114583001,-14.262320284754734,-63.42142973642969,1,0.2
7042.774108875988,-14.35847727400578,-64.16383801911527,1,0.2
7091.760476728439,-14.455074954977684,-64.89418677649778,1,0.2
7141.087571714584,-14.55238470036787,-65.6113190090071,1,0.2
7190.757763779057,-14.650118613833428,-66.31641211915033,1,0.2
7240.773439350762,-14.748183955249779,-67.00988219940997,1,0.2
7291.137001457528,-14.846885465443812,-67.69036020823918,1,0.2
7341.850869841561,-14.94577903477711,-68.35985334058459,1,0.2
7392.917481075709,-15.04503872593622,-69.01759121895412,1,0.2
7444.339288680522,-15.144578304423788,-69.6639996447477,1,0.2
7496.118763242139,-15.24435748243321,-70.29930721232095,1,0.2
7548.258392530979,-15.344258251192555,-70.92414850318346,1,0.2
7600.760681621277,-15.444406278431416,-71.53794523113551,1,0.2
7653.628153011434,-15.544531805841196,-72.14214331459722,1,0.2
7706.863346745218,-15.644801261337198,-72.73595927483562,1,0.2
7760.468820533797,-15.745407498845736,-73.31840268754026,1,0.2
7814.447149878626,-15.845757841124792,-73.89274626456002,1,0.2
7868.800928195191,-15.946166808562447,-74.4573878789968,1,0.2
7923.532766937609,-16.046643908450623,-75.01234797313596,1,0.2
7978.645295724095,-16.14691802653127,-75.55926573474643,1,0.2
8034.141162463309,-16.247252210797384,-76.09673720047884,1,0.2
8090.023033481568,-16.347486298690455,-76.62578700693732,1,0.2
8146.293593650958,-16.44763713605328,-77.14642397008323,1,0.2
8202.955546518326,-16.547556794652255,-77.65965977686982,1,0.2
8260.011614435174,-16.64759087090748,-78.16348804923679,1,0.2
8317.464538688457,-16.7473014910043,-78.66071901706196,1,0.2
8375.317079632288,-16.84690332616705,-79.1501444894335,1,0.2
8433.572016820564,-16.94638274028764,-79.6319592752401,1,0.2
8492.232149140504,-17.04557589017153,-80.10734434452937,1,0.2
8551.300294947127,-17.144686885234353,-80.57509579107021,1,0.2
8610.779292198666,-17.243584981983044,-81.03618733227198,1,0.2
8670.671998592914,-17.342234347719963,-81.49098976434941,1,0.2
8730.981291704516,-17.440658552538004,-81.93947666143708,1,0.2
8791.710069123244,-17.538880102618005,-82.38162059597897,1,0.2
8852.86124859319,-17.63689291363379,-82.81758673370976,1,0.2
8914.437768152968,-17.734637261278547,-83.24792126700615,1,0.2
8976.44258627686,-17.832217890763935,-83.6720099605484,1,0.2
9038.878682016972,-17.92947005023912,-84.09115580377416,1,0.2
9101.74905514635,-18.02657671548691,-84.50416908845618,1,0.2
9165.056726303115,-18.12337776963705,-84.91233715660125,1,0.2
9228.804737135582,-18.219899274484334,-85.31560590969703,1,0.2
9292.996150448414,-18.316215926865567,-85.71354717937895,1,0.2
9357.634050349754,-18.412251428633358,-86.10685681601177,1,0.2
9422.721542399418,-18.50803079992377,-86.49547533721729,1,0.2
9488.261753758103,-18.60364951878774,-86.8787912679991,1,0.2
9554.257833337617,-18.69886906653877,-87.25876921914352,1,0.2
9620.712951952195,-18.793951113594733,-87.63350612229681,1,0.2
9687.630302470823,-18.888709056772587,-88.0045809970525,1,0.2
9755.013099970645,-18.98328240904196,-88.3710156802382,1,0.2
9822.864581891441,-19.077514319291755,-88.73418195805922,1,0.2
9891.188008191157,-19.171541955504132,-89.09310440764729,1,0.2
9959.98666150255,-19.265343960301223,-89.44806880124867,1,0.2
10029.26384729088,-19.35879352698963,-89.80023488262312,1,0.2
10099.022894012754,-19.45212937707417,-90.14775763481276,1,0.2
10169.26715327601,-19.545182607458994,-90.4921425670802,1,0.2
10240.000000000768,-19.63793711966513,-90.83364826857112,1,0.2
10311.224832581574,-19.730519995044414,-91.17132157864064,1,0.2
10382.945073050678,-19.82283180395042,-91.50611360676051,1,0.2
10455.164167242447,-19.914877290071175,-91.8381021713469,1,0.2
10527.885584958914,-20.006719872576703,-92.16685519408355,1,0.2
10601.112820136505,-20.09834293521572,-92.49262290832917,1,0.2
10674.849391013888,-20.189711874410033,-92.81581648222335,1,0.2
10749.098840301021,-20.280925849492032,-93.13567355907078,1,0.2
10823.864735349352,-20.371819049506325,-93.45376239541915,1,0.2
10899.15066832323,-20.462564707717476,-93.76865751451705,1,0.2
10974.960256372473,-20.553110151622636,-94.08092582865129,1,0.2
11051.297141806172,-20.643369509192823,-94.39144513840398,1,0.2
11128.16499226768,-20.73347406044638,-94.69913604582973,1,0.2
11205.567500910824,-20.823391435955692,-95.00438765103824,1,0.2
11283.508386577352,-20.913038963897073,-95.3080577768019,1,0.2
11361.991393975597,-21.002526488230608,-95.60924036469974,1,0.2
11441.020293860403,-21.091823570696285,-95.90831063321669,1,0.2
11520.598883214287,-21.180918104520607,-96.20547800847248,1,0.2
11600.730985429864,-21.26983187493318,-96.50063529805207,1,0.2
11681.420450493551,-21.358569534297843,-96.79383223556849,1,0.2
11762.671155170538,-21.44713573774302,-97.0851170604876,1,0.2
11844.48700319105,-21.535535140357354,-97.37453656202462,1,0.2
11926.871925437901,-21.62374067874451,-97.66244007491929,1,0.2
12009.82988013536,-21.711805082471226,-97.94841297481511,1,0.2
12093.36485303932,-21.799716951099498,-98.23265085584177,1,0.2
12177.4808576288,-21.887419473811626,-98.51579228311704,1,0.2
12262.181935298773,-21.975025568130956,-98.79682800347287,1,0.2
12347.472155554336,-22.062433099759783,-99.07683762444226,1,0.2
12433.355616206238,-22.149722922572348,-99.35511522493692,1,0.2
12519.836443567749,-22.236840175243774,-99.63228329277791,1,0.2
12606.918792652916,-22.323849046538665,-99.90778998668695,1,0.2
12694.606847376202,-22.41071026172364,-100.18210469241548,1,0.2
12782.904820753494,-22.497472017578698,-100.45482615941114,1,0.2
12871.816955104521,-22.584053423375742,-100.72684383580238,1,0.2
12961.347522256672,-22.670531024034997,-100.9974689641039,1,0.2
13051.500823750257,-22.756909168389008,-101.2667322300064,1,0.2
13142.28119104516,-22.843137241672657,-101.53522308241001,1,0.2
13233.69298572895,-22.92926194704732,-101.8025433020626,1,0.2
13325.740599726436,-23.015314868012794,-102.068441916869,1,0.2
13418.428455510686,-23.10121978176632,-102.33377359515694,1,0.2
13511.761006315492,-23.187062078258315,-102.59773254021673,1,0.2
13605.74273634934,-23.27280624973829,-102.86075457303774,1,0.2
13700.378161010858,-23.358431214003616,-103.12313019313706,1,0.2
13795.671827105747,-23.443916805166158,-103.38514304486594,1,0.2
13891.628313065248,-23.529396469243892,-103.64546669811163,1,0.2
13988.252229166108,-23.614784489307,-103.90506313757025,1,0.2
14085.548217752083,-23.700098355908665,-104.16381560127154,1,0.2
14183.520953456982,-23.785317899511004,-104.42200381279764,1,0.2
14282.175143429275,-23.870448335345685,-104.67963976416068,1,0.2
14381.515527558222,-23.955567761163856,-104.93595568375007,1,0.2
14481.546878701633,-24.040570844745616,-105.1921380620093,1,0.2
14582.274002915165,-24.12555912921175,-105.44716343210459,1,0.2
14683.70173968323,-24.210441287437988,-105.70207430824348,1,0.2
14785.834962151528,-24.29530529663973,-105.95598483611249,1,0.2
14888.678577361155,-24.380119864154118,-106.20929155711333,1,0.2
14992.23752648439,-24.464866411102623,-106.46225649629389,1,0.2
15096.516785062071,-24.54958424446506,-106.71451117203432,1,0.2
15201.521363242668,-24.634277425443422,-106.96606766976632,1,0.2
15307.256306022984,-24.718938735214063,-107.21706119044927,1,0.2
15413.726693490553,-24.803561291540404,-107.46762382002328,1,0.2
15520.93764106771,-24.888105411145997,-107.71825120580358,1,0.2
15628.894299757369,-24.97270801704158,-107.96748343980941,1,0.2
15737.6018563905,-25.057230113073548,-108.21691402802534,1,0.2
15847.065533875337,-25.141763499023376,-108.46557718451265,1,0.2
15957.29059144831,-25.226279577680266,-108.71384309573683,1,0.2
16068.282324926739,-25.31076136546944,-108.9619549328644,1,0.2
16180.046066963258,-25.3952345145677,-109.20967727947726,1,0.2
16292.587187302037,-25.479703089615874,-109.45701491169542,1,0.2
16405.911093036775,-25.56417109780267,-109.70397234741648,1,0.2
16520.023228870472,-25.6486834525022,-109.95008811615382,1,0.2
16634.92907737704,-25.733161786441038,-110.1963001776987,1,0.2
16750.634159264704,-25.817631090719185,-110.44237453123836,1,0.2
16867.144033641256,-25.902155594018197,-110.68762347577069,1,0.2
16984.464298281135,-25.986638930602844,-110.9331976558396,1,0.2
17102.600589894384,-26.07116487237116,-111.1781821702934,1,0.2
17221.558584397462,-26.155717047725506,-111.42280918969936,1,0.2
17341.343997185955,-26.240279667840053,-111.66730595214797,1,0.2
17461.962583409164,-26.32487589818469,-111.91144822100253,1,0.2
17583.42013824662,-26.409509188158857,-112.15523840035806,1,0.2
17705.72249718651,-26.49416404518177,-112.39889974330949,1,0.2
17828.875536306066,-26.578834894265576,-112.6425408508837,1,0.2
17952.885172553855,-26.663562875333326,-112.8857210187942,1,0.2
18077.75736403408,-26.748323332485604,-113.12877018923852,1,0.2
18203.498110292836,-26.833129034646287,-113.37157836930584,1,0.2
18330.113452606365,-26.917974248542492,-113.6142531176429,1,0.2
18457.609474271307,-27.00288049136089,-113.85657812689799,1,0.2
18585.99230089697,-27.087815042363502,-114.09898120222584,1,0.2
18715.26810069965,-27.172790580321212,-114.34135087436137,1,0.2
18845.44308479898,-27.257854629558018,-114.58315542219515,1,0.2
18976.523507516347,-27.34294854419744,-114.82513427982296,1,0.2
19108.51566667538,-27.428128124118636,-115.06665312068527,1,0.2
19241.425903904536,-27.51337015057627,-115.30802619795035,1,0.2
19375.260604941792,-27.598643635711433,-115.54966493626142,1,0.2
19510.026199941436,-27.68402857644115,-115.79063365047074,1,0.2
19645.729163783028,-27.76944304656201,-116.03196209165039,1,0.2
19782.376016382463,-27.85494928501873,-116.27292605415478,1,0.2
19919.973323005244,-27.940541536464245,-116.5136271993832,1,0.2
20058.527694581913,-28.02618965217413,-116.75446804357907,1,0.2
20198.045788025658,-28.11193768851591,-116.99493872458017,1,0.2
20338.53430655217,-28.197763784763836,-117.23533917396276,1,0.2
20480.00000000169,-28.283670821150963,-117.47566484813154,1,0.2
20622.4496651633,-28.369653673584416,-117.71601020120869,1,0.2
20765.890146101516,-28.455738967852128,-117.95607351619783,1,0.2
20910.32833448505,-28.541905572595766,-118.19614724694917,1,0.2
21055.771169917985,-28.628171875454044,-118.43603007011285,1,0.2
21202.22564027317,-28.714532605474826,-118.67581581962384,1,0.2
21349.698782027936,-28.800982681089042,-118.91559641867961,1,0.2
21498.197680602203,-28.887539975105817,-119.15517327631915,1,0.2
21647.72947069887,-28.974199245252144,-119.39463872528358,1,0.2
21798.301336646622,-29.06096290748925,-119.63398793211786,1,0.2
21949.920512745113,-29.147825913094213,-119.87331088178722,1,0.2
22102.59428361251,-29.23478339363713,-120.11269573495325,1,0.2
22256.32998453553,-29.321874462226454,-120.35166517769855,1,0.2
22411.135001821818,-29.409079093817017,-120.59049881337496,1,0.2
22567.01677315487,-29.496392272581616,-120.82928475231549,1,0.2
22723.98278795137,-29.583816290625276,-121.0680167072775,1,0.2
22882.04058772098,-29.671339236725434,-121.3068727594302,1,0.2
23041.197766428744,-29.759005766481014,-121.54529350128102,1,0.2
23201.4619708599,-29.846775563354946,-121.78382575180821,1,0.2
23362.840900987278,-29.93467870441326,-122.02209705408026,1,0.2
23525.342310341253,-30.022703197444265,-122.26028459817451,1,0.2
23688.974006382276,-30.110851046867168,-122.49838206795782,1,0.2
23853.743850875984,-30.199124210267193,-122.73638314654953,1,0.2
24019.6597602709,-30.28753799720601,-122.97410310288613,1,0.2
24186.729706078822,-30.376074017405607,-123.21180448685566,1,0.2
24354.96171525778,-30.464740843544686,-123.44939134896488,1,0.2
24524.363870597732,-30.553540250926616,-123.68685736520928,1,0.2
24694.944311108862,-30.642486951548427,-123.92402109607657,1,0.2
24866.711232412665,-30.73154368699099,-124.16140156788825,1,0.2
25039.672887135683,-30.820770209034656,-124.398206868187,1,0.2
25213.837585306024,-30.910103976676623,-124.63530017505649,1,0.2
25389.213694752598,-30.999591314954497,-124.8720675335397,1,0.2
25565.809641507185,-31.089239670842357,-125.10841947805775,1,0.2
25743.63391020923,-31.179006754482188,-125.34494931816022,1,0.2
25922.695044513537,-31.26892527960623,-125.58122220543851,1,0.2
26103.00164750071,-31.358978218036107,-125.81748610708179,1,0.2
26284.562382090517,-31.44920344547655,-126.0532285103336,1,0.2
26467.385971458098,-31.539559743539037,-126.28903289073668,1,0.2
26651.481199453076,-31.630078524718336,-126.52447343428949,1,0.2
26836.856911021572,-31.720731250291998,-126.75996022871088,1,0.2
27023.522012631187,-31.81153707364591,-126.99523619794437,1,0.2
27211.485472698885,-31.902497135694464,-127.23029502527052,1,0.2
27400.75632202192,-31.99362404065235,-127.46496702806786,1,0.2
27591.3436542117,-32.08489575030813,-127.69957332750234,1,0.2
27783.256626130707,-32.176324884521144,-127.93394344516962,1,0.2
27976.504458332423,-32.26791242583302,-128.16807098184833,1,0.2
28171.096435504372,-32.359648187107204,-128.4021098498931,1,0.2
28367.04190691418,-32.45154990163338,-128.63581188085186,1,0.2
28564.35028685876,-32.54361281549711,-128.86925100907814,1,0.2
28763.031055116662,-32.6358323118396,-129.10249953419014,1,0.2
28963.093757403483,-32.72821466597619,-129.33547063572613,1,0.2
29164.548005830547,-32.82074989551467,-129.56831360962138,1,0.2
29367.403479366687,-32.913449455722635,-129.80086229815316,1,0.2
29571.669924303278,-33.006329549093195,-130.0328747553914,1,0.2
29777.35715472254,-33.099353553875595,-130.26488402485123,1,0.2
29984.475052969006,-33.19253710911193,-130.4966403566735,1,0.2
30193.03357012437,-33.285904053699625,-130.7277377517126,1,0.2
30403.042726485564,-33.379406533821424,-130.95875345756482,1,0.2
30614.512612046197,-33.473028136934516,-131.18949553665252,1,0.2
30827.45338698134,-33.56669927264049,-131.42021137152543,1,0.2
31041.875282135654,-33.66076214811529,-131.65243476067894,1,0.2
31257.788599514974,-33.75513680268055,-131.88228513535324,1,0.2
31475.203712781236,-33.84956084316612,-132.11151504908068,1,0.2
31694.13106775091,-33.944112234853534,-132.34064533591027,1,0.2
31914.581182896858,-34.03882455511297,-132.56948144789345,1,0.2
32136.564649853717,-34.13370443616688,-132.79798784946823,1,0.2
32360.09213392676,-34.22874493897326,-133.02628938712857,1,0.2
32585.17437460432,-34.32396139230308,-133.25415179406292,1,0.2
32811.8221860738,-34.419349699766336,-133.4816379479995,1,0.2
33040.04645774119,-34.514905701186905,-133.7088112438986,1,0.2
33269.85815475433,-34.61064338055171,-133.93544803862846,1,0.2
33501.26831852966,-34.706526817335195,-134.16211422973052,1,0.2
33734.28806728276,-34.80260579006688,-134.38801610349458,1,0.2
33968.928596562524,-34.898840157767005,-134.61378855457434,1,0.2
34205.20117978902,-34.99526103462241,-134.83892912898585,1,0.2
34443.11716879519,-35.09184647444124,-135.06378497165983,1,0.2
34682.68799437217,-35.188605301225635,-135.2882089434404,1,0.2
34923.92516681859,-35.285537499805805,-135.51219534513857,1,0.2
35166.8402764935,-35.38263460923392,-135.7358765755617,1,0.2
35411.44499437329,-35.47990513516017,-135.95910773224927,1,0.2
35657.7510726124,-35.57734898354642,-136.1818833188724,1,0.2
35905.77034510798,-35.67496603594745,-136.4041978922454,1,0.2
36155.51472806843,-35.772768320080026,-136.62584296163004,1,0.2
36406.99622058595,-35.870735236338895,-136.84715298028527,1,0.2
36660.22690521301,-35.9688708043192,-137.06805364273325,1,0.2
36915.21894854289,-36.06717098087437,-137.28860544542852,1,0.2
37171.98460179422,-36.1656513846111,-137.50853563421126,1,0.2
37430.53620139958,-36.26430379769125,-137.72797314117537,1,0.2
37690.88616959824,-36.36312027597208,-137.94704436361025,1,0.2
37953.04701503298,-36.46210833639166,-138.1656114269694,1,0.2
38217.03133335104,-36.56127518415894,-138.38353906495541,1,0.2
38482.85180780936,-36.66061281395236,-138.6009538089721,1,0.2
38750.521209883875,-36.76012086914313,-138.8178507173078,1,0.2
39020.05239988316,-36.859798973840505,-139.0342248940366,1,0.2
39291.458327566346,-36.959643113545006,-139.25013534146007,1,0.2
39564.752032765224,-37.05965297986668,-139.4655763125234,1,0.2
39839.94664601079,-37.15984244527435,-139.68028921735853,1,0.2
40117.05538916413,-37.26018965535177,-139.8946496343668,1,0.2
40396.09157605162,-37.360711859303144,-140.1083370984791,1,0.2
40677.068613104646,-37.46140836802981,-140.32134887088043,1,0.2
40960.00000000368,-37.562251170989455,-140.53417807012798,1,0.2
41244.899330326916,-37.66328091589451,-140.74607459456476,1,0.2
41531.78029220334,-37.76446300249805,-140.95765314097116,1,0.2
41820.65666897041,-37.86581716185125,-141.16853929148232,1,0.2
42111.54233983629,-37.96734263194406,-141.3787305337353,1,0.2
42404.45128054665,-38.069028895677874,-141.58840571352465,1,0.2
42699.3975640562,-38.17087545940059,-141.7975596562922,1,0.2
42996.39536120473,-38.272894545672,-142.00594792893145,1,0.2
43295.458941398065,-38.3750631895862,-142.21398579581336,1,0.2
43596.60267329357,-38.47741545095719,-142.42101407085784,1,0.2
43899.84102549055,-38.57991914387773,-142.62762426891027,1,0.2
44205.18856722535,-38.68258611947302,-142.8335752018767,1,0.2
44512.659969071385,-38.785406539058165,-143.03903879503622,1,0.2
44822.27000364397,-38.888385894759736,-143.2438933296833,1,0.2
45134.033546310086,-38.99153534557628,-143.44790409587065,1,0.2
45447.96557590307,-39.09483622195629,-143.65141545016922,1,0.2
45764.081175442305,-39.198293796182696,-143.85430763976407,1,0.2
46082.39553285784,-39.30191308690685,-144.05646334669336,1,0.2
46402.92394172015,-39.40569317812723,-144.25788074573288,1,0.2
46725.681801974904,-39.50962470628509,-144.45872678828624,1,0.2
47050.68462068286,-39.613712572831226,-144.65888520638782,1,0.2
47377.94801276491,-39.71795592557408,-144.85835345018222,1,0.2
47707.487701752325,-39.82235935641619,-145.05701829386055,1,0.2
48039.319520542165,-39.92690564164727,-145.25520948637035,1,0.2
48373.45941215801,-40.03161026227361,-145.45259245062215,1,0.2
48709.923430515926,-40.136464243626094,-145.64933007976128,1,0.2
49048.72774119583,-40.24146155577793,-145.84552764523778,1,0.2
49389.888622218095,-40.34662223158915,-146.04074898707043,1,0.2
49733.4224648257,-40.451921938265855,-146.2354789416746,1,0.2
50000.0,-40.53323564987218,-146.38515479061724,1,0.2
10.0,-21.81759306719112,0.05899539099613058,2,0.3
10.069555500567189,-21.817742258257415,0.059733417348687916,2,0.3
10.139594797900294,-21.817872292972737,0.060485375297098694,2,0.3
10.210121257071936,-21.818016677156884,0.06124674606763511,2,0.3
10.281138266560667,-21.818162027877882,0.06201957604453214,2,0.3
10.352649238413779,-21.818311708299017,0.06280355866600065,2,0.3
10.424657608411218,-21.818448987821583,0.06360128841101115,2,0.3
10.497166836230678,-21.818593975101535,0.06441005344579961,2,0.3
10.57018040561381,-21.818753382331465,0.06522902998087773,2,0.3
10.643701824533608,-21.81889708469199,0.06606282437245344,2,0.3
10.71773462536294,-21.819058585646612,0.06690668046300648,2,0.3
10.792282365044281,-21.819217807713848,0.06776375283603651,2,0.3
10.867348625260592,-21.819374766759605,0.06863424354917692,2,0.3
10.942937012607405,-21.819529478882316,0.06951835714611562,2,0.3
11.019051158766118,-21.819692005972282,0.070414757802513,2,0.3
11.095694720678463,-21.819845621793768,0.07132621158379479,2,0.3
11.172871380722214,-21.82000373712739,0.07225086573770988,2,0.3
11.250584846888108,-21.82017976210926,0.07318680978455158,2,0.3
11.328838852958,-21.820336881821113,0.07414001504772598,2,0.3
11.407637158684253,-21.82050524879022,0.07510595904837122,2,0.3
11.486983549970367,-21.820674835653428,0.07608642841633544,2,0.3
11.566881839052892,-21.820852356546037,0.07708055345273031,2,0.3
11.647335864684578,-21.821021089096032,0.07809124990685645,2,0.3
11.728349492318808,-21.82120114019493,0.07911547690899406,2,0.3
11.809926614295325,-21.82137244054047,0.08015673537935801,2,0.3
11.892071150027233,-21.821548401151354,0.08121305545009061,2,0.3
11.97478704618931,-21.821735736665747,0.08228352722018342,2,0.3
12.05807827690763,-21.82191772751728,0.08337116573878137,2,0.3
12.141948843950495,-21.82210778459554,0.08447394755256632,2,0.3
12.226402776920713,-21.822282494585025,0.08559609224862064,2,0.3
12.31144413344919,-21.822472006640986,0.0867326981556228,2,0.3
12.397076999389895,-21.822656256057222,0.08788744122534528,2,0.3
12.48330548901615,-21.82285869597697,0.08905648308505706,2,0.3
12.570133745218314,-21.823042526342448,0.09024649306209552,2,0.3
12.657565939702833,-21.82324124257541,0.09145184537745674,2,0.3
12.745606273192656,-21.823441477188585,0.0926751288941118,2,0.3
12.834258975629076,-21.823636558355055,0.0939177974441482,2,0.3
12.923528306374958,-21.82383320329827,0.09517891154735793,2,0.3
13.013418554419374,-21.824038128935825,0.09645749879788654,2,0.3
13.10393403858367,-21.82424466447265,0.09775501983242416,2,0.3
13.195079107728983,-21.82443944639189,0.0990742156358224,2,0.3
13.286858140965156,-21.824655967060018,0.10040914191627852,2,0.3
13.379275547861162,-21.824864129601124,0.10176565011339454,2,0.3
13.472335768656947,-21.825077345874963,0.10314150465651215,2,0.3
13.566043274476765,-21.825292294263953,0.10453759627994628,2,0.3
13.660402567544,-21.82550230747184,0.10595548074485715,2,0.3
13.755418181397484,-21.825720797310026,0.10739285949204412,2,0.3
13.851094681109295,-21.825947789613966,0.10884997543498444,2,0.3
13.947436663504105,-21.82615654104916,0.11033234215185002,2,0.3
14.044448757380025,-21.826380541264122,0.11183368727618248,2,0.3
14.142135623731003,-21.826606432662672,0.11335690350486824,2,0.3
14.240501955970773,-21.82683424313717,0.1149022702087567,2,0.3
14.33955248015833,-21.827053963359297,0.11647210343240111,2,0.3
14.439291955225018,-21.827285697586678,0.11806263189725974,2,0.3
14.539725173203164,-21.82752278274362,0.11967547224354962,2,0.3
14.640856959456315,-21.827755211291205,0.12131297622027173,2,0.3
14.742692172911074,-21.827993050369805,0.12297336765241718,2,0.3
14.845235706290554,-21.828226293822347,0.12465903252976965,2,0.3
14.94849248634945,-21.828465009121985,0.1263681676611098,2,0.3
15.05246747411074,-21.828702536809246,0.1281024795194103,2,0.3
15.15716566510405,-21.828945599354018,0.12986084076236498,2,0.3
15.26259208960566,-21.8291875385375,0.13164498200985428,2,0.3
15.368751812880195,-21.829435077447034,0.13345375789223035,2,0.3
15.475649935423972,-21.82968824898643,0.1352874524178051,2,0.3
15.58329159321007,-21.829937052075238,0.13714857344760864,2,0.3
15.69168195793509,-21.83019155572201,0.13903521752852951,2,0.3
15.800826237267621,-21.830445105044678,0.140949176227629,2,0.3
15.910729675098453,-21.830701080041006,0.14289001423955455,2,0.3
16.02139755179252,-21.830956171967696,0.14485880147127317,2,0.3
16.13283518444261,-21.831220450530854,0.146853556510457,2,0.3
16.245047927124794,-21.83146719749987,0.14888075016729546,2,0.3
16.358041171155712,-21.831743270738507,0.15092987249915146,2,0.3
16.471820345351553,-21.8319985441715,0.1530128866415109,2,0.3
16.586390916288924,-21.832269842354386,0.15512151603920712,2,0.3
16.70175838856748,-21.832540483432183,0.15725999215167127,2,0.3
16.817928305074386,-21.83280716339514,0.1594294499638144,2,0.3
16.93490624725064,-21.833076610365076,0.16162862026453442,2,0.3
17.052697835359233,-21.8333455213087,0.16385863396404024,2,0.3
17.17130872875518,-21.833627311901324,0.1661165377883632,2,0.3
17.290744626157405,-21.83389527562437,0.16840921641633744,2,0.3
17.411011265922586,-21.8341862330708,0.1707279035718905,2,0.3
17.53211442632081,-21.834460106643924,0.17308288855353404,2,0.3
17.654059925813208,-21.834740343737963,0.1754686747438248,2,0.3
17.776853623331515,-21.83503367441225,0.17788385508507396,2,0.3
17.900501418559564,-21.83531339919153,0.18033556425293265,2,0.3
18.02500925221672,-21.835602964951345,0.18281815579828462,2,0.3
18.150383106343334,-21.835892389137562,0.18533452533340497,2,0.3
18.27662900458813,-21.836185061482432,0.18788413113584326,2,0.3
18.403753012497624,-21.836474344509973,0.19046906106778155,2,0.3
18.53176123780754,-21.836770314295663,0.19308699614446817,2,0.3
18.660659830736275,-21.837062992448857,0.19574092890848913,2,0.3
18.790454984280366,-21.837365798017107,0.1984275946856346,2,0.3
18.921152934512047,-21.83765538595937,0.20115365325364246,2,0.3
19.05275996087888,-21.837968570704373,0.2039094138698921,2,0.3
19.18528238650542,-21.83826529955553,0.2067061770910523,2,0.3
19.31872657849705,-21.83857236096728,0.20953691888555823,2,0.3
19.453098948245852,-21.838876440864947,0.2124056692451734,2,0.3
19.588405951738682,-21.839177593850266,0.2153127820659342,2,0.3
19.72465408986733,-21.83948589952774,0.21825574902236722,2,0.3
19.861849908740865,-21.83980141306781,0.22123485843878632,2,0.3
20.00000000000015,-21.84010748422566,0.22425523834844396,2,0.3
20.13911100113453,-21.840414194684637,0.2273143560206967,2,0.3
20.279189595800737,-21.840738307595107,0.23040762476401666,2,0.3
20.42024251414402,-21.841039789577074,0.23354714351650896,2,0.3
20.56227653312149,-21.841358792061104,0.23672142012516673,2,0.3
20.70529847682771,-21.84168201126772,0.2399346868016125,2,0.3
20.849315216822593,-21.84199614616403,0.2431912934089506,2,0.3
20.994333672461515,-21.842317962158916,0.24648652597125287,2,0.3
21.14036081122778,-21.842644181444236,0.24982168472018257,2,0.3
21.28740364906737,-21.84295816663113,0.2532022415808424,2,0.3
21.43546925072604,-21.843286704734975,0.2566202548371975,2,0.3
21.584564730088722,-21.843609820278722,0.2600822515556881,2,0.3
21.734697250521346,-21.84393092052318,0.26358752932755497,2,0.3
21.885874025214974,-21.84425341318235,0.2671353522399369,2,0.3
22.038102317532406,-21.844590725231946,0.27072172377719345,2,0.3
22.191389441357092,-21.84491954823161,0.2743544344546672,2,0.3
22.345742761444598,-21.845249971786743,0.27803058208807935,2,0.3
22.501169693776383,-21.84557872796927,0.28175156402074464,2,0.3
22.657677705916175,-21.845909228675676,0.28551659144859975,2,0.3
22.815274317368676,-21.846241547177105,0.28932595624969465,2,0.3
22.973967099940907,-21.84657241892401,0.29318107239643504,2,0.3
23.13376367810596,-21.84691861353234,0.2970765833386603,2,0.3
23.29467172936933,-21.847253496541377,0.30102180622808045,2,0.3
23.456698984637793,-21.847573808138115,0.3050182741150474,2,0.3
23.619853228590827,-21.847919689867958,0.3090524801866313,2,0.3
23.784142300054643,-21.848257835430115,0.3131361963308521,2,0.3
23.949574092378796,-21.84859500290002,0.31726741669684205,2,0.3
24.11615655381544,-21.84893127423521,0.32144643370943504,2,0.3
24.28389768790117,-21.849266732488243,0.32567353646530767,2,0.3
24.452805553841607,-21.84960813758061,0.3299466027777146,2,0.3
24.622888266898567,-21.84994889863294,0.334268286280653,2,0.3
24.794153998779972,-21.850295777259877,0.3386364207279117,2,0.3
24.966610978032485,-21.85063551047488,0.3430561509624799,2,0.3
25.140267490436816,-21.8509748624192,0.34752532164782474,2,0.3
25.315131879405854,-21.851313923076695,0.3520441996785512,2,0.3
25.4912125463855,-21.851662794885918,0.3566092691991267,2,0.3
25.668517951258348,-21.851998210114083,0.3612295873732172,2,0.3
25.847056612750112,-21.852343621909807,0.3658965724783362,2,0.3
26.026837108838944,-21.852689113686793,0.37061425362237116,2,0.3
26.20786807716754,-21.853034781473877,0.3753828768465843,2,0.3
26.390158215458165,-21.85338405903986,0.38020137588871467,2,0.3
26.573716281930512,-21.853720362734013,0.38507654780796374,2,0.3
26.758551095722524,-21.85406714767506,0.3899994499203689,2,0.3
26.944671537314093,-21.85440783324526,0.3949769103310382,2,0.3
27.13208654895373,-21.85476587475991,0.3999997772887984,2,0.3
27.320805135088207,-21.855098007660082,0.405085774304645,2,0.3
27.510836362795175,-21.855444369296706,0.41021893953310856,2,0.3
27.7021893622188,-21.85579505782062,0.4154034959512543,2,0.3
27.89487332700842,-21.85613016762112,0.4206479529244603,2,0.3
28.088897514760255,-21.85646982237077,0.4259442689179215,2,0.3
28.284271247462218,-21.85681413246335,0.431292607993839,2,0.3
28.48100391194176,-21.857159874582752,0.43669454977110894,2,0.3
28.679104960316874,-21.85750382735371,0.4421517112787694,2,0.3
28.878583910450253,-21.857849441207357,0.4476628623509606,2,0.3
29.079450346406546,-21.858186828367437,0.45323253876334063,2,0.3
29.28171391891285,-21.85852611208222,0.458856615445503,2,0.3
29.485384345822368,-21.858870746634047,0.46453378183177574,2,0.3
29.690471412581335,-21.8592141839577,0.4702671377959311,2,0.3
29.896984972699123,-21.85955321286388,0.47605836914653965,2,0.3
30.104934948221704,-21.859897961028775,0.48190316439113784,2,0.3
30.314331330208326,-21.86022521546483,0.4878122787052177,2,0.3
30.52518417921155,-21.860575113454107,0.49376766908558795,2,0.3
30.73750362576062,-21.860907775917696,0.4997877875552443,2,0.3
30.951299870848175,-21.861240004483303,0.5058651927936119,2,0.3
31.16658318642038,-21.861581932869953,0.5119953403478392,2,0.3
31.38336391587042,-21.861917027148102,0.5181861717852504,2,0.3
31.60165247453548,-21.862245424326584,0.5244379048897694,2,0.3
31.82145935019715,-21.862583929423558,0.5307427374952778,2,0.3
32.04279510358529,-21.86292268175592,0.5371055428509595,2,0.3
32.26567036888546,-21.863258489873473,0.5435280786772299,2,0.3
32.49009585424984,-21.863578165883467,0.5500170655577589,2,0.3
32.716082342311665,-21.863915184580037,0.5565562877056088,2,0.3
32.94364069070335,-21.86423969722592,0.5631606546594546,2,0.3
33.172781832578096,-21.86456185170507,0.5698253942113903,2,0.3
33.40351677713521,-21.864895128929717,0.5765438890952848,2,0.3
33.63585661014903,-21.86521968656419,0.5833263384224824,2,0.3
33.86981249450153,-21.865542344665606,0.5901695190576328,2,0.3
34.10539567071872,-21.865866592224933,0.5970718286740619,2,0.3
34.34261745751061,-21.86618592381174,0.6040368316761038,2,0.3
34.58148925231507,-21.86650383244427,0.6110629282627347,2,0.3
34.822022531845434,-21.866817149253308,0.6181519964544762,2,0.3
35.064228852641875,-21.867146029423324,0.6252934952092689,2,0.3
35.30811985162668,-21.86744732821396,0.6325106507891145,2,0.3
35.55370724666329,-21.867767857387076,0.6397785696439597,2,0.3
35.80100283711939,-21.868084466889492,0.6471098477543257,2,0.3
36.05001850443371,-21.86839066797142,0.65450827970095,2,0.3
36.30076621268694,-21.868709954804444,0.6619611242075693,2,0.3
36.55325800917653,-21.869005862792882,0.6694887801182751,2,0.3
36.80750602499552,-21.86931854483162,0.6770690845135553,2,0.3
37.06352247561536,-21.86961820430877,0.6847189084293711,2,0.3
37.32131966147283,-21.869925011042014,0.6924270466023512,2,0.3
37.58090996856101,-21.870215836992116,0.7002069017699419,2,0.3
37.84230586902438,-21.87052084705848,0.7080413292544551,2,0.3
38.105519921758045,-21.870810257953337,0.7159477325400515,2,0.3
38.37056477301113,-21.871107576888956,0.7239126228710355,2,0.3
38.63745315699439,-21.871403008823684,0.7319418751948168,2,0.3
38.906197896491996,-21.871693422606896,0.7400375498953401,2,0.3
39.176811903477656,-21.87198234977126,0.7481977465167315,2,0.3
39.449308179734956,-21.872279983755494,0.7564164543341761,2,0.3
39.72369981748203,-21.872556562068436,0.7647119295295025,2,0.3
40.000000000000604,-21.872845591967778,0.77306396126952,2,0.3
40.27822200226936,-21.873123976761057,0.7814868864248831,2,0.3
40.55837919160177,-21.873401919722486,0.7899746275391434,2,0.3
40.840485028288356,-21.873682966836135,0.7985251155187092,2,0.3
41.124553066243294,-21.873954020036418,0.8071467890160131,2,0.3
41.410596953655734,-21.87422196049678,0.8158355468907728,2,0.3
41.6986304336455,-21.87449700047174,0.8245850097963738,2,0.3
41.98866734492334,-21.874762721808587,0.8334059049002355,2,0.3
42.28072162245588,-21.875026013422865,0.8422940208286256,2,0.3
42.57480729813507,-21.87528377976285,0.8512515983927436,2,0.3
42.8709385014524,-21.875549572153403,0.8602698793553437,2,0.3
43.16912946017777,-21.87580365694013,0.8693621198815007,2,0.3
43.46939450104301,-21.87606624814031,0.8785150279470318,2,0.3
43.771748050430276,-21.876307633602327,0.8877488313034654,2,0.3
44.07620463506514,-21.876558018101434,0.8970433431360854,2,0.3
44.38277888271451,-21.876807666767366,0.9064053098888365,2,0.3
44.69148552288952,-21.877053505207044,0.9158370497603849,2,0.3
45.00233938755311,-21.87729579055351,0.9253386138776395,2,0.3
45.315355411832684,-21.877538111077005,0.934907700758804,2,0.3
45.63054863473769,-21.877770745983597,0.9445513916778588,2,0.3
45.947934199882155,-21.877997290167983,0.9542674438347623,2,0.3
46.26752735621227,-21.878234652559506,0.9640439399973982,2,0.3
46.58934345873901,-21.878463138775494,0.9738951952756305,2,0.3
46.913397969275934,-21.878693008428492,0.9838140261404256,2,0.3
47.23970645718201,-21.878914558063457,0.9938077493298236,2,0.3
47.56828460010965,-21.879138053393326,1.0038690617568609,2,0.3
47.89914818475796,-21.87934381582043,1.014012846855589,2,0.3
48.232313107631235,-21.879565409596047,1.0242142856884333,2,0.3
48.5677953758027,-21.87978316286965,1.0344882481555313,2,0.3
48.90561110768358,-21.879987390749456,1.0448424045516682,2,0.3
49.2457765337975,-21.88019502971138,1.0552641270000758,2,0.3
49.58830799756032,-21.8803997289608,1.0657584899034231,2,0.3
49.933221956065346,-21.88059846873118,1.076328109341379,2,0.3
50.280534980874016,-21.880788233227154,1.086975671405652,2,0.3
50.630263758812085,-21.880985971738227,1.0976880849267958,2,0.3
50.982425092771386,-21.88117204099409,1.1084811329353246,2,0.3
51.33703590251707,-21.881370050803582,1.119336212789735,2,0.3
51.69411322550061,-21.881550385885813,1.1302773679350355,2,0.3
52.05367421767828,-21.881730009768315,1.1412912642529043,2,0.3
52.41573615433548,-21.88190925571927,1.152377863984598,2,0.3
52.78031643091672,-21.88208846094428,1.1635371210061907,2,0.3
53.14743256386143,-21.88225466065946,1.1747801037283936,2,0.3
53.517102191445446,-21.882424832513664,1.186092987906673,2,0.3
53.8893430746286,-21.882602651630574,1.1974728188739212,2,0.3
54.264173097907864,-21.882761860351255,1.2089421322664635,2,0.3
54.64161027017682,-21.88291944781109,1.2204868954343493,2,0.3
55.02167272559077,-21.883085753794404,1.2320984193437956,2,0.3
55.40437872443802,-21.88323120802994,1.24380262021461,2,0.3
55.78974665401725,-21.88337946344001,1.2555793370409656,2,0.3
56.17779502952094,-21.883527567550534,1.2674313911710844,2,0.3
56.56854249492486,-21.88367257227403,1.2793616794509224,2,0.3
56.962007823883944,-21.883808208043646,1.2913761673348134,2,0.3
57.358209920634174,-21.88394483937241,1.3034659165121176,2,0.3
57.75716782090094,-21.88407953123553,1.3156338591897359,2,0.3
58.158900692813525,-21.884209353040497,1.3278830051131845,2,0.3
58.56342783782614,-21.884341356197314,1.340207201123792,2,0.3
58.97076869164518,-21.88445266446024,1.352628031329708,2,0.3
59.38094282516311,-21.884580269892684,1.3651114388481125,2,0.3
59.79396994539869,-21.884694653979743,1.3776853277782655,2,0.3
60.209869896443855,-21.88480621165194,1.3903403539862094,2,0.3
60.628662660417106,-21.884915365261097,1.403076471019781,2,0.3
61.05036835842356,-21.88501921611894,1.4158968385856316,2,0.3
61.4750072515217,-21.885128172479988,1.4287917316659762,2,0.3
61.90259974169682,-21.88522604284546,1.4417772515992768,2,0.3
62.33316637284123,-21.885313268404257,1.454853515628233,2,0.3
62.766727831741306,-21.885410247793203,1.4680007524714447,2,0.3
63.20330494907143,-21.88549415321678,1.48124198338569,2,0.3
63.642918700394766,-21.885582067247704,1.4945605555919477,2,0.3
64.08559020717105,-21.885657823018086,1.5079731751456125,2,0.3
64.5313407377714,-21.88574516322563,1.5214560983625023,2,0.3
64.98019170850016,-21.885804653484783,1.5350501465692603,2,0.3
65.43216468462381,-21.885886648972132,1.5487038928532146,2,0.3
65.8872813814072,-21.885958376008716,1.5624515301878625,2,0.3
66.34556366515669,-21.886016994330298,1.5762966442024566,2,0.3
66.80703355427093,-21.88606964442617,1.590232300520119,2,0.3
67.27171322029855,-21.886133447594172,1.6042406610939268,2,0.3
67.73962498900357,-21.88617897639711,1.6183535838876821,2,0.3
68.21079134143795,-21.88623001274324,1.632546022607574,2,0.3
68.68523491502174,-21.88627044059597,1.6468358646289436,2,0.3
69.16297850463066,-21.886310751094577,1.6612121744312587,2,0.3
69.6440450636914,-21.886348139516553,1.6756784541221021,2,0.3
70.12845770528428,-21.886373155957962,1.6902457330074525,2,0.3
70.61623970325388,-21.886409607907748,1.7048878801355003,2,0.3
71.10741449332713,-21.88643475501625,1.7196308204835378,2,0.3
71.60200567423932,-21.88644581357036,1.7344784139005052,2,0.3
72.10003700886796,-21.88646660677992,1.7494039867162368,2,0.3
72.60153242537443,-21.88648106065773,1.7644263468625807,2,0.3
73.10651601835362,-21.886486407283073,1.7795492993091062,2,0.3
73.61501204999159,-21.88648985981732,1.794765006092011,2,0.3
74.12704495123128,-21.886488661041703,1.8100772049378142,2,0.3
74.64263932294622,-21.88647673384657,1.8254936941146482,2,0.3
75.16181993712259,-21.88648125895814,1.840982507904824,2,0.3
75.68461173804933,-21.886469568101695,1.8565832069472612,2,0.3
76.21103984351666,-21.88644890122425,1.872287822845748,2,0.3
76.74112954602285,-21.886426503793956,1.8880881352800793,2,0.3
77.27490631398935,-21.88640297622179,1.9039838946418033,2,0.3
77.81239579298456,-21.886378924271717,1.9199748270571182,2,0.3
78.3536238069559,-21.886348308516148,1.9360689798176252,2,0.3
78.8986163594705,-21.88630842017624,1.952270411699155,2,0.3
79.44739963496465,-21.886273182725816,1.9685621121839154,2,0.3
80.00000000000179,-21.88621994590177,1.9849734614549326,2,0.3
80.55644400453932,-21.886175945817445,2.001470253524319,2,0.3
81.11675838320417,-21.886115217313407,2.0180864775907117,2,0.3
81.68097005657731,-21.886051705780275,2.034804810196111,2,0.3
82.24910613248719,-21.885989385913497,2.0516205680137847,2,0.3
82.8211939073121,-21.885928912378105,2.0685333329481024,2,0.3
83.39726086729164,-21.885850991577552,2.0855693612612987,2,0.3
83.97733468984731,-21.885776242275018,2.102701853158275,2,0.3
84.56144324491237,-21.885702009594567,2.1199348174196198,2,0.3
85.14961459627077,-21.885612341067908,2.137290548591789,2,0.3
85.74187700290544,-21.88551789481105,2.154755323783695,2,0.3
86.33825892035618,-21.885422683232626,2.172324225899447,2,0.3
86.93878900208668,-21.885337375867078,2.189982884459195,2,0.3
87.54349610086122,-21.885229411296166,2.2077773213076193,2,0.3
88.15240927013093,-21.885116120807503,2.225684176714797,2,0.3
88.7655577654297,-21.885001537831222,2.243698376198077,2,0.3
89.38297104577971,-21.88487639692188,2.261833797051863,2,0.3
90.00467877510688,-21.884754720013472,2.280070994217615,2,0.3
90.63071082366605,-21.884633904059292,2.2984141837283687,2,0.3
91.26109726947607,-21.884494719779983,2.31689209845395,2,0.3
91.895868399765,-21.884361183268986,2.3354703384249573,2,0.3
92.53505471242522,-21.88422738013855,2.3541580693994275,2,0.3
93.17868691747873,-21.884074094675327,2.37298465403821,2,0.3
93.82679593855258,-21.883922032379665,2.3919199838201077,2,0.3
94.47941291436473,-21.883768619263154,2.410968479497141,2,0.3
95.13656920022001,-21.883594652591345,2.430160146750838,2,0.3
95.79829636951663,-21.88343748665618,2.4494385764263527,2,0.3
96.4646262152632,-21.883254640879372,2.4688697717680204,2,0.3
97.13559075160614,-21.883083479846626,2.488396667605949,2,0.3
97.81122221536789,-21.882891510383335,2.508070636241565,2,0.3
98.49155306759573,-21.88270612686067,2.5278494555962348,2,0.3
99.17661599512138,-21.88251147826051,2.547758798821955,2,0.3
99.86644391213144,-21.882311679264777,2.567792918040132,2,0.3
100.56106996174877,-21.882107521792634,2.5879512686950137,2,0.3
101.26052751762494,-21.88190312910702,2.608227833981797,2,0.3
101.96485018554354,-21.88168599164205,2.6286437547794463,2,0.3
102.67407180503491,-21.881456912323575,2.6491987127451098,2,0.3
103.388226451002,-21.881230008410952,2.669870156828483,2,0.3
104.10734843535732,-21.880992780419778,2.690679571664982,2,0.3
104.83147230867174,-21.88075602575878,2.7116096363284243,2,0.3
105.56063286183424,-21.880520562546426,2.7326595135910203,2,0.3
106.29486512772365,-21.880270572078047,2.7538568608493006,2,0.3
107.03420438289172,-21.880016861887764,2.7751841105580173,2,0.3
107.778686149258,-21.879746945987016,2.7966636923515686,2,0.3
108.52834619581655,-21.879484951671756,2.818254512953102,2,0.3
109.28322054035448,-21.87919842777031,2.840014103751035,2,0.3
110.04334545118235,-21.87891816474865,2.8618892538995744,2,0.3
110.80875744887686,-21.87863168617723,2.883902628720948,2,0.3
111.57949330803534,-21.878339831557035,2.9060535271937082,2,0.3
112.35559005904271,-21.878036784502616,2.928353283668984,2,0.3
113.13708498985058,-21.877733375184288,2.950783114135786,2,0.3
113.92401564776874,-21.877427120091856,2.973348178941071,2,0.3
114.71641984126921,-21.87710554885687,2.9960722716695174,2,0.3
115.51433564180275,-21.876782826332143,3.01893013159017,2,0.3
116.31780138562794,-21.8764431541454,3.041952067621807,2,0.3
117.12685567565316,-21.876114019295937,3.06508730602395,2,0.3
117.94153738329126,-21.875766305451897,3.0883914889617463,2,0.3
118.76188565032712,-21.875414182743356,3.111838736307624,2,0.3
119.58793989079828,-21.87505517299551,3.1354345857306067,2,0.3
120.41973979288862,-21.87468013689559,3.159197672732809,2,0.3
121.25732532083512,-21.874306577488383,3.1830949155715453,2,0.3
122.10073671684803,-21.873932016657704,3.2071317105997816,2,0.3
122.95001450304433,-21.87353732100877,3.2313466899912076,2,0.3
123.80519948339456,-21.873153317577557,3.2556795535059666,2,0.3
124.66633274568338,-21.87275087746964,3.2801891206656206,2,0.3
125.53345566348355,-21.872337509242044,3.304861484654237,2,0.3
126.40660989814381,-21.871920721255776,3.3296823169722662,2,0.3
127.28583740079048,-21.87149802660347,3.354657432922297,2,0.3
128.17118041434307,-21.871056940060317,3.3798135110776664,2,0.3
129.0626814755438,-21.870628287729964,3.405087553368495,2,0.3
129.9603834170013,-21.870169590934943,3.4305688379027437,2,0.3
130.86432936924862,-21.86971833618874,3.4561798800700005,2,0.3
131.77456276281538,-21.869255361078906,3.4819617244400214,2,0.3
132.69112733031437,-21.868781491869225,3.507913646435596,2,0.3
133.61406710854286,-21.868294217994073,3.534042083656672,2,0.3
134.5434264405981,-21.867814356384372,3.560302855047733,2,0.3
135.47924997800817,-21.867309390115533,3.5867674004461487,2,0.3
136.42158268287693,-21.866806794074254,3.613376741743559,2,0.3
137.3704698300445,-21.86630070665437,3.640144299097284,2,0.3
138.32595700926237,-21.865765255004735,3.6671286292697007,2,0.3
139.28809012738384,-21.865237904121827,3.694247167953876,2,0.3
140.25691541056963,-21.86470610554691,3.7215284948962153,2,0.3
141.23247940650882,-21.864150631433144,3.749017232991283,2,0.3
142.2148289866553,-21.863585590756642,3.7766825163126287,2,0.3
143.20401134847972,-21.863015083348447,3.804515769929121,2,0.3
144.200074017737,-21.862449873115978,3.832492601262864,2,0.3
145.20306485074994,-21.861864027007254,3.8606741288628497,2,0.3
146.2130320367083,-21.861258282720023,3.8890600561887982,2,0.3
147.2300240999843,-21.860656721720616,3.9175944278032087,2,0.3
148.25408990246365,-21.860040050580757,3.9463237442574313,2,0.3
149.28527864589356,-21.85941898957485,3.9752232784492514,2,0.3
150.32363987424628,-21.85877755701151,4.0043325304641755,2,0.3
151.3692234760998,-21.858133126732714,4.0336103731564315,2,0.3
152.42207968703445,-21.857473030222444,4.063088591666748,2,0.3
153.48225909204683,-21.856807946952998,4.09274184323029,2,0.3
154.54981262797986,-21.85613185795898,4.122585803343584,2,0.3
155.6247915859703,-21.855445406262245,4.1526197790375745,2,0.3
156.70724761391295,-21.85474254498232,4.182859988154099,2,0.3
157.79723271894218,-21.854043921942345,4.213254907443993,2,0.3
158.8947992699305,-21.8533200919739,4.243880334239656,2,0.3
160.0000000000048,-21.85258833629675,4.274693180913973,2,0.3
161.11288800907985,-21.851842549619782,4.30571008345587,2,0.3
162.23351676640956,-21.851093308867032,4.336904318906537,2,0.3
163.36194011315587,-21.850317775922335,4.368336705043786,2,0.3
164.49821226497562,-21.84954319690661,4.399936423646356,2,0.3
165.6423878146254,-21.848760060968214,4.43172914956111,2,0.3
166.79452173458452,-21.847952153669073,4.463759332780123,2,0.3
167.9546693796959,-21.847139993721925,4.4959728147237294,2,0.3
169.12288648982604,-21.846310670158452,4.528405350938884,2,0.3
170.29922919254284,-21.845474643657678,4.561029272213097,2,0.3
171.4837540058122,-21.844618961284127,4.593881049790895,2,0.3
172.6765178407137,-21.84376073140672,4.626914168920134,2,0.3
173.87757800417467,-21.842893645619085,4.660146642136726,2,0.3
175.08699220172375,-21.841994653328378,4.693644361743255,2,0.3
176.30481854026317,-21.841087488887258,4.727341605758327,2,0.3
177.53111553086072,-21.84016911941372,4.761247633114327,2,0.3
178.7659420915608,-21.839246522280185,4.795342985859189,2,0.3
180.00935755021513,-21.838296548022274,4.829695326498381,2,0.3
181.26142164733346,-21.83734619636775,4.864227171003112,2,0.3
182.52219453895353,-21.83636557357355,4.899026746776964,2,0.3
183.7917367995314,-21.835384981484847,4.934005816596019,2,0.3
185.07010942485184,-21.834384509315477,4.969223891182588,2,0.3
186.35737383495882,-21.83337098797739,5.004661532048023,2,0.3
187.65359187710658,-21.832337834684594,5.040339408159751,2,0.3
188.95882582873088,-21.831291828328926,5.076237909030657,2,0.3
190.27313840044144,-21.830233026530355,5.112357508169662,2,0.3
191.59659273903472,-21.82915476082372,5.148719479121497,2,0.3
192.92925243052787,-21.828070426562867,5.185283088350477,2,0.3
194.27118150321374,-21.826953199229653,5.2221326916015665,2,0.3
195.62244443073726,-21.825826463783727,5.259196232681361,2,0.3
196.98310613519297,-21.824690132364438,5.296474316559884,2,0.3
198.35323199024427,-21.82353068135925,5.334010579737249,2,0.3
199.73288782426437,-21.822364713156553,5.3717526249195435,2,0.3
201.12213992349908,-21.821175285878883,5.409755531798898,2,0.3
202.5210550352514,-21.81996217858128,5.448021167817177,2,0.3
203.9297003710886,-21.818741902798713,5.48649629826034,2,0.3
205.3481436100714,-21.817494056066565,5.525248573605982,2,0.3
206.77645290200556,-21.816245147830532,5.564190850306058,2,0.3
208.21469687071618,-21.814957930139627,5.603447850170786,2,0.3
209.66294461734503,-21.813658845837544,5.642932130645126,2,0.3
211.12126572367004,-21.812347472801818,5.682645330680345,2,0.3
212.5897302554489,-21.81101999631406,5.722600732804027,2,0.3
214.06840876578502,-21.809662492112203,5.762846862964262,2,0.3
215.5573722985176,-21.808291206444892,5.80332859936109,2,0.3
217.05669239163473,-21.80690221103424,5.844059898331029,2,0.3
218.5664410807106,-21.805488178507897,5.885067038376888,2,0.3
220.08669090236637,-21.804061893013976,5.9263055797643265,2,0.3
221.6175148977554,-21.802605871175203,5.9678379871359155,2,0.3
223.15898661607235,-21.8011429022205,6.009583476603004,2,0.3
224.71118011808713,-21.79964533795217,6.051641725801029,2,0.3
226.27416997970286,-21.79813253202722,6.0939436542801975,2,0.3
227.8480312955392,-21.796593552310135,6.136529453750862,2,0.3
229.43283968254013,-21.795044320391163,6.179341076824733,2,0.3
231.02867128360725,-21.79347045781416,6.222431632484474,2,0.3
232.63560277125762,-21.791860897882664,6.265843223319065,2,0.3
234.25371135130806,-21.790248265709266,6.309454175161124,2,0.3
235.88307476658426,-21.788587764740296,6.353433566068591,2,0.3
237.523771300656,-21.786928772175095,6.397594835028667,2,0.3
239.17587978159838,-21.78523312520563,6.442083374595988,2,0.3
240.83947958577906,-21.78352320254513,6.486813778918117,2,0.3
242.51465064167206,-21.78179104435936,6.531816675011845,2,0.3
244.2014734336979,-21.780018534037882,6.577163390512949,2,0.3
245.9000290060905,-21.778238041431308,6.6227273863586955,2,0.3
247.61039896679097,-21.77642462351127,6.668606911313294,2,0.3
249.33266549136863,-21.77458698345724,6.714767908650941,2,0.3
251.06691132696898,-21.772723672505524,6.7612163206422995,2,0.3
252.81321979628953,-21.770829823827555,6.807972087412148,2,0.3
254.5716748015829,-21.768924136705515,6.85495919245693,2,0.3
256.3423608286881,-21.766984791904274,6.9022664314876545,2,0.3
258.12536295108947,-21.765006781032604,6.949915231624021,2,0.3
259.9207668340045,-21.76301543008597,6.997800862118439,2,0.3
261.72865873849923,-21.760995524042038,7.045986121822513,2,0.3
263.54912552563275,-21.758928411062385,7.094550006553235,2,0.3
265.38225466063074,-21.75685956753117,7.143300340502788,2,0.3
267.2281342170877,-21.754753367409428,7.1923875756218525,2,0.3
269.08685288119824,-21.75261128661246,7.2418059653914515,2,0.3
270.95849995601833,-21.750441520757953,7.291520321370683,2,0.3
272.8431653657559,-21.748248848220804,7.341509392920078,2,0.3
274.74093966009104,-21.746031242987414,7.391781278127281,2,0.3
276.6519140185268,-21.743762946208843,7.442449512168593,2,0.3
278.5761802547697,-21.74148582383884,7.493328636864045,2,0.3
280.51383082114137,-21.739160486520653,7.544593413368973,2,0.3
282.4649588130198,-21.73681857953325,7.596101771351064,2,0.3
284.42965797331277,-21.734427374725847,7.648001033544249,2,0.3
286.40802269696155,-21.73201167214835,7.700178564502103,2,0.3
288.40014803547615,-21.729558971764806,7.75269084905694,2,0.3
290.4061297015021,-21.72708723412709,7.805454239058701,2,0.3
292.42606407341884,-21.72457369851913,7.858573323547508,2,0.3
294.4600481999708,-21.722019285565292,7.912043884787549,2,0.3
296.50817980492957,-21.719431664482368,7.965829510571451,2,0.3
298.5705572917893,-21.716818474117197,8.019892882118086,2,0.3
300.64727974849484,-21.714163550736675,8.074310002048698,2,0.3
302.73844695220185,-21.711477848738458,8.129027654938273,2,0.3
304.84415937407124,-21.70874511126304,8.18412364195074,2,0.3
306.964518184096,-21.705979617707477,8.239528074984785,2,0.3
309.09962525596205,-21.70317862582295,8.295253118489208,2,0.3
311.24958317194296,-21.70033595093921,8.351328294017677,2,0.3
313.4144952278283,-21.69745557296277,8.407733007234361,2,0.3
315.59446543788675,-21.69453122884945,8.464497598969757,2,0.3
317.7895985398634,-21.691590667329574,8.521480794066996,2,0.3
320.000000000012,-21.6885866937131,8.578919766048898,2,0.3
322.22577601816215,-21.685557212289805,8.636620975972281,2,0.3
324.4670335328215,-21.682475373200305,8.69472034127708,2,0.3
326.7238802263142,-21.679355182061563,8.753144756064852,2,0.3
328.99642452995374,-21.676196986683394,8.811890615853942,2,0.3
331.2847756292533,-21.672994278474054,8.87099029325694,2,0.3
333.5890434691715,-21.66974392374781,8.930459033552983,2,0.3
335.90933875939425,-21.66645641928277,8.99023959331472,2,0.3
338.2457729796546,-21.663114911115827,9.050420192239168,2,0.3
340.5984583850881,-21.65974693634469,9.110851050822395,2,0.3
342.96750801162693,-21.656321906070445,9.171695009126555,2,0.3
345.3530356814299,-21.652850216247394,9.232894391583923,2,0.3
347.75515600835195,-21.64933540963139,9.294427733997855,2,0.3
350.1739844034501,-21.645770737429814,9.356330102117376,2,0.3
352.60963708052907,-21.64216654817546,9.418541791556626,2,0.3
355.0622310617241,-21.638516048224844,9.481097935243795,2,0.3
357.53188418312425,-21.634795264287252,9.544131847600488,2,0.3
360.0187151004329,-21.63104191763129,9.607428423962382,2,0.3
362.52284329466966,-21.62724229174338,9.671062066984279,2,0.3
365.0443890779098,-21.623389495767714,9.735069628375012,2,0.3
367.58347359906554,-21.61946630157335,9.799548951197107,2,0.3
370.14021884970646,-21.615520746446574,9.864218345833299,2,0.3
372.7147476699204,-21.61151152596792,9.929314979011716,2,0.3
375.30718375421594,-21.607445415152018,9.99479707025336,2,0.3
377.9176516574646,-21.603325747535255,10.060642183991352,2,0.3
380.5462768008857,-21.599145518643827,10.126889300654247,2,0.3
383.1931854780723,-21.59492182416812,10.193432628232719,2,0.3
385.85850486105863,-21.590630408442646,10.260415134216839,2,0.3
388.5423630064304,-21.58629870737262,10.327666864462136,2,0.3
391.2448888614774,-21.581909334319587,10.395289618112663,2,0.3
393.96621227038884,-21.577448313161383,10.463366601012911,2,0.3
396.7064639804915,-21.572936190058503,10.531767546211094,2,0.3
399.4657756485318,-21.56835551858958,10.600597430509065,2,0.3
402.24427984700117,-21.56373724679956,10.669657820932827,2,0.3
405.04211007050577,-21.559039696439086,10.739207287697232,2,0.3
407.85940074218024,-21.554276512688524,10.809156630764019,2,0.3
410.69628722014585,-21.549471771484896,10.879346996614137,2,0.3
413.55290580401413,-21.54458371741148,10.950042433267662,2,0.3
416.42939374143555,-21.539632958927996,11.021106518970807,2,0.3
419.3258892346932,-21.534633214826286,11.09244448102299,2,0.3
422.24253144734325,-21.529560024854632,11.164211489823161,2,0.3
425.179460510901,-21.52443407078909,11.236266201445783,2,0.3
428.13681753157323,-21.519220431707065,11.308835922727207,2,0.3
431.11474459703845,-21.513943285990887,11.381755372652059,2,0.3
434.11338478327275,-21.508605983765786,11.454996195372557,2,0.3
437.13288216142445,-21.50319446552519,11.52864804604536,2,0.3
440.173381804736,-21.49771208738031,11.602683150157175,2,0.3
443.23502979551404,-21.49216920920971,11.677024514425451,2,0.3
446.31797323214806,-21.486537808238925,11.751860057373367,2,0.3
449.4223602361776,-21.480849225015504,11.826966869387945,2,0.3
452.5483399594091,-21.47508593015598,11.902460488206561,2,0.3
455.6960625910818,-21.46923386148819,11.9784347094043,2,0.3
458.8656793650838,-21.46332798136305,12.054635949966046,2,0.3
462.0573425672179,-21.457340266024403,12.131256151336162,2,0.3
465.2712055425187,-21.451267188630474,12.208315098774927,2,0.3
468.5074227026196,-21.445115766533394,12.28575634013647,2,0.3
471.76614953317204,-21.438893060380234,12.363521577345072,2,0.3
475.04754260131557,-21.43258155655907,12.441731749237235,2,0.3
478.3517595632003,-21.426198907969592,12.520250383663443,2,0.3
481.6789591715617,-21.419734666933007,12.599146809354504,2,0.3
485.02930128334776,-21.41318895410929,12.678412780407024,2,0.3
488.40294686739946,-21.40655133078728,12.758119371193079,2,0.3
491.8000580121847,-21.399836071209645,12.83815179415618,2,0.3
495.2207979335857,-21.393043387311725,12.918499666252144,2,0.3
498.665330982741,-21.386141680704732,12.999396603504152,2,0.3
502.1338226539417,-21.379173630036938,13.0805078219149,2,0.3
505.62643959258287,-21.372111213816225,13.162039927489538,2,0.3
509.14334960316967,-21.364961813862568,13.243927547717155,2,0.3
512.68472165738,-21.357725769097115,13.32615903017109,2,0.3
516.2507259021829,-21.350389236272072,13.408834647003514,2,0.3
519.841533668013,-21.342970368242487,13.491802091538926,2,0.3
523.4573174770023,-21.335448252613013,13.575218362934454,2,0.3
527.0982510512695,-21.32783757192119,13.658957138971056,2,0.3
530.7645093212655,-21.320131694478164,13.743061834124646,2,0.3
534.4562684341794,-21.312331140056582,13.827518448463248,2,0.3
538.1737057624005,-21.304429316677226,13.912370935215355,2,0.3
541.9169999120409,-21.29644111263491,13.997486767619503,2,0.3
545.6863307315159,-21.288342110178515,14.083056754729801,2,0.3
549.4818793201863,-21.280147272792988,14.16894698547994,2,0.3
553.3038280370578,-21.271850125763606,14.255200503754029,2,0.3
557.1523605095437,-21.263447798555557,14.341830796211422,2,0.3
561.027661642287,-21.254941044291233,14.428820728660932,2,0.3
564.9299176260438,-21.246337861488485,14.516090628259782,2,0.3
568.8593159466297,-21.23761387269348,14.603837619127063,2,0.3
572.8160453939274,-21.22879155735495,14.69185753677287,2,0.3
576.8002960709567,-21.219875467670626,14.780097463940484,2,0.3
580.8122594030085,-21.210815945050445,14.868978258514046,2,0.3
584.8521281468421,-21.201675435099908,14.957942353151726,2,0.3
588.920096399946,-21.192426050166357,15.047219922646764,2,0.3
593.0163596098636,-21.183036179101613,15.137079691149314,2,0.3
597.1411145835832,-21.173561355100873,15.227014833509827,2,0.3
601.2945594969942,-21.163951859185552,15.317456214501972,2,0.3
605.4768939044083,-21.15423795351358,15.408118859072676,2,0.3
609.688318748147,-21.144402650970072,15.499142304145765,2,0.3
613.9290363681965,-21.134450845803265,15.590468379014695,2,0.3
618.1992505119288,-21.124376522569627,15.682138190630662,2,0.3
622.4991663438906,-21.11418466885583,15.774091539416322,2,0.3
626.8289904556613,-21.103858327447377,15.866471666403362,2,0.3
631.1889308757782,-21.093417232213376,15.959080431821642,2,0.3
635.5791970797316,-21.08285183500689,16.051991619000496,2,0.3
640.0000000000289,-21.07216731529745,16.14514074026768,2,0.3
644.4515520363291,-21.061350477230334,16.238637270656064,2,0.3
648.9340670656479,-21.050402872284,16.33245143490624,2,0.3
653.4477604526332,-21.03932240348012,16.42658793108618,2,0.3
657.9928490599125,-21.028110710220503,16.52101518260628,2,0.3
662.5695512585116,-21.016769484741967,16.615700303182173,2,0.3
667.178086938348,-21.005300472845807,16.71060906960367,2,0.3
671.8186775187937,-20.993694306180757,16.805816181631762,2,0.3
676.4915459593144,-20.981949058913294,16.901324025236658,2,0.3
681.1969167701814,-20.970070305154493,16.99706007933992,2,0.3
685.935016023259,-20.958044994795728,17.093137109792497,2,0.3
690.7060713628651,-20.945886262880627,17.18940599095563,2,0.3
695.5103120167091,-20.933581103493278,17.285979540641073,2,0.3
700.3479688069056,-20.92113902208693,17.382743289528385,2,0.3
705.2192741610634,-20.90855456887853,17.479733625790896,2,0.3
710.1244621234536,-20.895829844050052,17.5769098103153,2,0.3
715.0637683662537,-20.882948113033226,17.67442545546672,2,0.3
720.0374302008713,-20.869903921973346,17.772319820225324,2,0.3
725.0456865893448,-20.856744904903724,17.870076611477828,2,0.3
730.0887781558251,-20.843405120360963,17.968364939095878,2,0.3
735.1669471981365,-20.829920942548505,18.066784574044092,2,0.3
740.2804376994185,-20.816298552201115,18.165248160294315,2,0.3
745.4294953398465,-20.80249838176772,18.264156034877104,2,0.3
750.6143675084376,-20.788560974776185,18.363055152553702,2,0.3
755.8353033149348,-20.774465875022262,18.4621425066086,2,0.3
761.0925536017771,-20.760196352484993,18.56157867289854,2,0.3
766.3863709561504,-20.745777930629245,18.66106592359871,2,0.3
771.717009722123,-20.73119780444873,18.760721184103012,2,0.3
777.0847260128666,-20.71644697278956,18.860621785485698,2,0.3
782.4897777229608,-20.701539638823164,18.960589230327923,2,0.3
787.9324245407837,-20.6864785206537,19.06056939666529,2,0.3
793.412927960989,-20.67123528769144,19.160854907935278,2,0.3
798.9315512970695,-20.655820383998087,19.261307692922156,2,0.3
804.4885596940084,-20.640244382012703,19.361785419203446,2,0.3
810.0842201410177,-20.624482756629323,19.462541984981915,2,0.3
815.7188014843666,-20.60855788333953,19.56330040164073,2,0.3
821.392574440298,-20.59246092101337,19.66413663490651,2,0.3
827.1058116080346,-20.57618298912326,19.765128607974955,2,0.3
832.8587874828772,-20.55973886401052,19.86608148690867,2,0.3
838.6517784693928,-20.543111825630326,19.967163580242055,2,0.3
844.4850628946929,-20.526296941785173,20.06840847763679,2,0.3
850.3589210218082,-20.509309160671208,20.169616596531156,2,0.3
856.2736350631529,-20.492135699910328,20.270912225857835,2,0.3
862.2294891940834,-20.474779680654827,20.372233234102776,2,0.3
868.226769566552,-20.45724830003318,20.473467722634933,2,0.3
874.2657643228554,-20.439504675334593,20.57502990107244,2,0.3
880.3467636094787,-20.421592138505396,20.6763761202719,2,0.3
886.4700595910348,-20.403489895385167,20.777728136229126,2,0.3
892.635946464303,-20.385189120498445,20.879166451051276,2,0.3
898.844720472362,-20.366697169129722,20.98057561714907,2,0.3
905.096679918825,-20.348017441248114,21.081886602657892,2,0.3
911.3921251821704,-20.32913708668627,21.183229251509864,2,0.3
917.7313587301744,-20.310063613356224,21.28448402734513,2,0.3
924.1146851344428,-20.290792337532114,21.385680741824185,2,0.3
930.5424110850445,-20.271314444694248,21.486901319026337,2,0.3
937.0148454052463,-20.25164581777907,21.587919740865832,2,0.3
943.5322990663512,-20.231773586268247,21.688867913220864,2,0.3
950.0950852026382,-20.21168891794369,21.789829064450796,2,0.3
956.7035191264079,-20.19140372771014,21.890624627886044,2,0.3
963.3579183431307,-20.17091758055223,21.991230441831775,2,0.3
970.0586025667028,-20.150221695813478,22.091728815801428,2,0.3
976.8058937348063,-20.12930302027297,22.192258409477407,2,0.3
983.6001160243768,-20.108190515801855,22.292418199529155,2,0.3
990.4415958671789,-20.08686281156114,22.392452643459045,2,0.3
997.3306619654895,-20.065327989165095,22.4922272519661,2,0.3
1004.267645307891,-20.043564486175804,22.591992525428235,2,0.3
1011.2528791851732,-20.021597448314527,22.691390767964606,2,0.3
1018.2866992063468,-19.999400994159053,22.790730227461236,2,0.3
1025.3694433147675,-19.97698760525393,22.889817277115583,2,0.3
1032.5014518043733,-19.954374275892548,22.988395525466952,2,0.3
1039.6830673360337,-19.931504720850214,23.08718027578808,2,0.3
1046.9146349540124,-19.908434785291263,23.18539951810094,2,0.3
1054.1965021025467,-19.88513835199043,23.283368956075098,2,0.3
1061.5290186425389,-19.861623946469823,23.380942828073238,2,0.3
1068.9125368683667,-19.837869535706886,23.478386200353288,2,0.3
1076.347411524809,-19.81389243425279,23.57543460954335,2,0.3
1083.8339998240897,-19.78969256286542,23.672056564842276,2,0.3
1091.37266146304,-19.765256565905233,23.76840156833481,2,0.3
1098.9637586403808,-19.74059318630228,23.864318553496613,2,0.3
1106.607656074124,-19.71568451108774,23.96002098950942,2,0.3
1114.3047210190957,-19.69056174653629,24.055047732579236,2,0.3
1122.0553232845823,-19.66518904140117,24.149859781684473,2,0.3
1129.859835252096,-19.639579765019647,24.24424087194199,2,0.3
1137.7186318932681,-19.613729366401536,24.33822168402261,2,0.3
1145.6320907878635,-19.58765605040933,24.43151533538628,2,0.3
1153.600592141922,-19.56133257011086,24.524468804404073,2,0.3
1161.6245188060257,-19.534758844251193,24.617051494263862,2,0.3
1169.704256293693,-19.507957902790242,24.708906411942422,2,0.3
1177.840192799901,-19.48089756317269,24.800453787359018,2,0.3
1186.032719219736,-19.453605653123482,24.891267192935366,2,0.3
1194.2822291671753,-19.426073102011426,24.981440605020943,2,0.3
1202.5891189939975,-19.398281318812415,25.071205250205672,2,0.3
1210.9537878088256,-19.37022556693767,25.160596777311696,2,0.3
1219.3766374963034,-19.34193896727588,25.249107677076267,2,0.3
1227.8580727364024,-19.313398141789932,25.33703850491935,2,0.3
1236.3985010238666,-19.28460801224422,25.424284691820343,2,0.3
1244.9983326877905,-19.25556881670052,25.51080849845531,2,0.3
1253.657980911332,-19.226261516214468,25.596851771390504,2,0.3
1262.377861751566,-19.196690993859846,25.68231087692718,2,0.3
1271.1583941594727,-19.166876877737856,25.766866093549847,2,0.3
1280.0000000000673,-19.136814716125784,25.850546837056005,2,0.3
1288.9031040726677,-19.10648031015597,25.933672525867554,2,0.3
1297.8681341313059,-19.075873743792158,26.01620894386713,2,0.3
1306.8955209052763,-19.045044852719954,26.0973888212412,2,0.3
1315.9856981198345,-19.013924571429317,26.17819333007953,2,0.3
1325.1391025170333,-18.982557985410402,26.257923753496424,2,0.3
1334.3561738767062,-18.950905295630804,26.337133916392276,2,0.3
1343.6373550375972,-18.918996967122926,26.415338535942848,2,0.3
1352.9830919186386,-18.8868233086147,26.49264623516423,2,0.3
1362.393833540373,-18.85438984340707,26.568939710897595,2,0.3
1371.8700320465282,-18.821671283230955,26.64456140289625,2,0.3
1381.4121427257405,-18.78869888209584,26.719009791235717,2,0.3
1391.0206240334287,-18.755452441333283,26.79255160659074,2,0.3
1400.6959376138216,-18.721937570039916,26.865067813043368,2,0.3
1410.4385483221372,-18.68813892139074,26.936754105292174,2,0.3
1420.2489242469178,-18.654093900519385,27.007012189799738,2,0.3
1430.1275367325184,-18.619744705913643,27.07667780031058,2,0.3
1440.0748604017533,-18.585123502020707,27.14523129511466,2,0.3
1450.0913731787002,-18.550241631708648,27.212465285372062,2,0.3
1460.177556311661,-18.515078122252568,27.278661478028376,2,0.3
1470.3338943962842,-18.479638860609423,27.343695294417554,2,0.3
1480.560875398848,-18.443907889641217,27.407773751241642,2,0.3
1490.8589906797042,-18.40792979349086,27.470183139629242,2,0.3
1501.2287350168863,-18.371638847365325,27.531887928146055,2,0.3
1511.670606629881,-18.335091063836916,27.591999300370837,2,0.3
1522.1851072035656,-18.298225376183026,27.651413096743813,2,0.3
1532.772741912312,-18.261098470232177,27.709228301761502,2,0.3
1543.4340194442575,-18.223711352228765,27.765392594862924,2,0.3
1554.1694520257447,-18.18600749907622,27.82073477100954,2,0.3
1564.9795554459333,-18.148010043480408,27.87486531469664,2,0.3
1575.8648490815792,-18.10974860465875,27.927293913897472,2,0.3
1586.8258559219898,-18.071218378420237,27.97805730755762,2,0.3
1597.863102594151,-18.03236118487246,28.028012118696566,2,0.3
1608.9771193880288,-17.99323046743019,28.076301670559985,2,0.3
1620.1684402820476,-17.953821183145536,28.12296653817712,2,0.3
1631.4376029687455,-17.91411002736525,28.168328191110554,2,0.3
1642.7851488806082,-17.8741217593586,28.211969181643312,2,0.3
1654.2116232160815,-17.833814398735907,28.254498284361752,2,0.3
1665.7175749657672,-17.79323745033699,28.295116970648177,2,0.3
1677.303556938798,-17.752373422684858,28.33405710452189,2,0.3
1688.9701257893985,-17.71121058843243,28.37146187354386,2,0.3
1700.7178420436294,-17.66974952544242,28.40728498890817,2,0.3
1712.5472701263188,-17.627978102181718,28.441675523115403,2,0.3
1724.4589783881795,-17.585915936935738,28.47429389147825,2,0.3
1736.453539133117,-17.543570339767843,28.50498987174385,2,0.3
1748.531528645724,-17.500916245938388,28.534110920141732,2,0.3
1760.6935272189705,-17.457967267820948,28.56140952941241,2,0.3
1772.940119182083,-17.414737479966497,28.586631306099257,2,0.3
1785.2718929286193,-17.37120131666539,28.61013057616799,2,0.3
1797.6894409447373,-17.32735934850114,28.631859744949338,2,0.3
1810.1933598376636,-17.283239382529125,28.651353664719846,2,0.3
1822.7842503643546,-17.238774174832074,28.669603739712894,2,0.3
1835.4627174603627,-17.194032529595184,28.685516461359185,2,0.3
1848.2293702688994,-17.148994950949582,28.69935140694066,2,0.3
1861.0848221701028,-17.10365535313961,28.711162167151688,2,0.3
1874.0296908105065,-17.057971942043807,28.721546230296052,2,0.3
1887.0645981327166,-17.0120089202037,28.72948355785011,2,0.3
1900.190170405291,-16.9657677588145,28.734912845174847,2,0.3
1913.4070382528298,-16.91920622068676,28.738436710911323,2,0.3
1926.715836686276,-16.872332071069142,28.739895677219675,2,0.3
1940.1172051334202,-16.825145947766508,28.73923860765674,2,0.3
1953.611787469627,-16.777671037515972,28.736073337527053,2,0.3
1967.2002320487684,-16.729870829485478,28.730910659874354,2,0.3
1980.8831917343723,-16.68177625104779,28.723241549221292,2,0.3
1994.661323930994,-16.633342228864365,28.713702654244496,2,0.3
2008.535290615797,-16.584646698294137,28.70107968615029,2,0.3
2022.5057583703617,-16.535605326837633,28.68659691942713,2,0.3
2036.573398412709,-16.486281542628326,28.669260508966424,2,0.3
2050.7388866295505,-16.4366288764907,28.649722582559637,2,0.3
2065.0029036087626,-16.386680139396624,28.627449919565365,2,0.3
2079.366134672083,-16.336379313972714,28.603231161502404,2,0.3
2093.8292699080407,-16.28581719879406,28.575674390936957,2,0.3
2108.3930042051093,-16.23492098460862,28.545815276549735,2,0.3
2123.0580372850936,-16.18369093539211,28.513602632290244,2,0.3
2137.82507373675,-16.132178653055476,28.478231643059264,2,0.3
2152.6948230496346,-16.08034290772349,28.440263985666572,2,0.3
2167.6679996481957,-16.02820185169361,28.399387913307578,2,0.3
2182.7453229260964,-15.975739118612777,28.355796502604584,2,0.3
2197.927517280778,-15.922964429066539,28.30930148531436,2,0.3
2213.2153121482643,-15.869878926563256,28.25984000813389,2,0.3
2228.6094420382083,-15.816447285404777,28.207874128243784,2,0.3
2244.1106465691814,-15.762724976232418,28.15255610662018,2,0.3
2259.7196705042093,-15.708685940822171,28.09421440302194,2,0.3
2275.4372637865536,-15.654331287364316,28.03278500203143,2,0.3
2291.2641815757443,-15.599652631045327,27.968338468381344,2,0.3
2307.2011842838615,-15.544660568025147,27.90067502219809,2,0.3
2323.2490376120686,-15.489356429380512,27.82972730439079,2,0.3
2339.4085125874035,-15.433701980338014,27.75598242295472,2,0.3
2355.6803855998196,-15.377757479468963,27.67854375294558,2,0.3
2372.0654384394898,-15.321535393353532,27.597192720140896,2,0.3
2388.5644583343683,-15.264945996973152,27.5131271350167,2,0.3
2405.178237988013,-15.208072080277583,27.425146945821226,2,0.3
2421.9075756176694,-15.150874138067751,27.33374859338192,2,0.3
2438.753274992625,-15.093332021900618,27.239154071664036,2,0.3
2455.716145472823,-15.035500272473847,27.140566037750574,2,0.3
2472.797002047752,-14.977326750405942,27.038641923666653,2,0.3
2489.9966653755996,-14.918856481039015,26.93271934559871,2,0.3
2507.3159618226828,-14.860046951803733,26.823317853755984,2,0.3
2524.755723503151,-14.800955942225329,26.709611624037773,2,0.3
2542.3167883189644,-14.741540457477896,26.59212324454216,2,0.3
2560.0000000001537,-14.681790294706225,26.470931454306573,2,0.3
2577.806208145355,-14.621718447129545,26.345808381984924,2,0.3
2595.736268262631,-14.561362704888193,26.216207455724387,2,0.3
2613.7910418105726,-14.500702031767606,26.08235320903483,2,0.3
2631.971396239689,-14.439701867726392,25.94463703821401,2,0.3
2650.2782050340866,-14.378388402632485,25.80266403727017,2,0.3
2668.7123477534324,-14.316751216035254,25.65651134325896,2,0.3
2687.274710075215,-14.2548566877527,25.505285026673477,2,0.3
2705.9661838372976,-14.192618090963247,25.350028444056083,2,0.3
2724.7876670807664,-14.130089633360114,25.190004258698153,2,0.3
2743.740064093077,-14.067234485848992,25.025616679291304,2,0.3
2762.824285451502,-14.004081981748433,24.856446044580583,2,0.3
2782.0412480668783,-13.940635501520301,24.682398280973842,2,0.3
2801.391875227664,-13.87688456985061,24.50354760595112,2,0.3
2820.8770966442953,-13.812832382993374,24.31980024250371,2,0.3
2840.4978484938565,-13.748511370509519,24.13071523450993,2,0.3
2860.2550734650586,-13.683867589333772,23.93688326473798,2,0.3
2880.1497208035285,-13.618918546952592,23.738037587870807,2,0.3
2900.1827463574223,-13.553743646835724,23.533197800333202,2,0.3
2920.355112623344,-13.488195840973141,23.324024458232188,2,0.3
2940.6677887925907,-13.422416557585228,23.10882277947707,2,0.3
2961.121750797718,-13.356365219633435,22.888015592410554,2,0.3
2981.717981359431,-13.290047144517631,22.661493823719628,2,0.3
3002.4574700337953,-13.223402215812893,22.429879545528276,2,0.3
3023.3412132597846,-13.15651677572066,22.19215252505044,2,0.3
3044.3702144071544,-13.089363980730013,21.94856549563765,2,0.3
3065.545483824648,-13.021932436618668,21.699192520898414,2,0.3
3086.868038888538,-12.954297725952573,21.44316763901879,2,0.3
3108.338904051513,-12.88643341363973,21.180741325883556,2,0.3
3129.9591108918903,-12.818311195761185,20.912172669778254,2,0.3
3151.7296981631816,-12.749826978236346,20.63850003718521,2,0.3
3173.651711844004,-12.681226096070388,20.35710551130654,2,0.3
3195.726205188326,-12.612389028161576,20.06920649840516,2,0.3
3217.954238776082,-12.54330430801333,19.774875549799777,2,0.3
3240.3368805641194,-12.474078133547488,19.473000458338724,2,0.3
3262.8752059375156,-12.404602967809248,19.164632816817193,2,0.3
3285.570297761241,-12.334927151108834,18.84924879391956,2,0.3
3308.4232464321876,-12.265060751803745,18.52671577484604,2,0.3
3331.435149931559,-12.194972063634818,18.197305396612666,2,0.3
3354.607113877621,-12.124821026128327,17.859457468724667,2,0.3
3377.9402515788224,-12.054449737006383,17.514659851888933,2,0.3
3401.4356840872842,-11.983979045929411,17.16174846253708,2,0.3
3425.094540252663,-11.91333371684761,16.801405952283915,2,0.3
3448.9179567763854,-11.842571722400626,16.43307648504756,2,0.3
3472.9070782662598,-11.771731507744462,16.056403309701963,2,0.3
3497.0630572914743,-11.700806031652514,15.671446773625904,2,0.3
3521.387054437968,-11.629787395607314,15.278270357033161,2,0.3
3545.880238364193,-11.558691697824266,14.87672660259697,2,0.3
3570.543785857265,-11.487485155414065,14.467096646369004,2,0.3
3595.378881889502,-11.41638960401929,14.047507885643627,2,0.3
3620.3867196753545,-11.34514284978318,13.620178418038675,2,0.3
3645.5685007287366,-11.273998863374926,13.183008183679247,2,0.3
3670.9254349207527,-11.202847855318105,12.736927506593657,2,0.3
3696.458740537827,-11.13182167247322,12.280905758033594,2,0.3
3722.1696443402334,-11.060777904095096,11.816105694757415,2,0.3
3748.0593816210417,-10.989851692052934,11.341494306434868,2,0.3
3774.129196265462,-10.918981742851345,10.857582060417784,2,0.3
3800.3803408106105,-10.848221421332243,10.36399638276387,2,0.3
3826.8140765056887,-10.777780454688246,9.859243573553583,2,0.3
3853.43167337258,-10.707447416547073,9.344956539527503,2,0.3
3880.2344102668694,-10.637406509157703,8.819865630682548,2,0.3
3907.223574939284,-10.567563917741856,8.28472009919054,2,0.3
3934.400464097566,-10.497982461909523,7.739150132546873,2,0.3
3961.7663834687746,-10.428728808434029,7.182786457280813,2,0.3
3989.322647862018,-10.359873618935705,6.615261540874553,2,0.3
4017.070581231624,-10.291317208441974,6.037342579093677,2,0.3
4045.011516740754,-10.223270982560145,5.447764875398864,2,0.3
4073.1467968254487,-10.155707572077763,4.846852067051106,2,0.3
4101.477773259132,-10.08859590506211,4.234933225698296,2,0.3
4130.005807217556,-10.022013819742552,3.6116636436317013,2,0.3
4158.732269344197,-9.955928582684992,2.9773823328431095,2,0.3
4187.658539816113,-9.890654516726396,2.3304048545299243,2,0.3
4216.78600841025,-9.82605079109354,1.6717640739531174,2,0.3
4246.116074570219,-9.762044789886577,1.0020428896390907,2,0.3
4275.650147473531,-9.698845078289137,0.3202618547303305,2,0.3
4305.389646099301,-9.636463845597385,-0.37342518729910096,2,0.3
4335.335999296423,-9.574869168997633,-1.0786363554002043,2,0.3
4365.4906458522255,-9.5144158071856,-1.796966287409978,2,0.3
4395.8550345615895,-9.454950579697849,-2.5273395416323368,2,0.3
4426.430624296562,-9.396306459879654,-3.268693765073936,2,0.3
4457.21888407645,-9.33889750779893,-4.02278347964789,2,0.3
4488.2212931383965,-9.282465416443449,-4.788094034915643,2,0.3
4519.439341008452,-9.227346840573071,-5.565895364960106,2,0.3
4550.874527573141,-9.17356140159729,-6.355928455609894,2,0.3
4582.528363151522,-9.121175557749211,-7.158130827667002,2,0.3
4614.402368567757,-9.070107516580322,-7.971807877601701,2,0.3
4646.498075224173,-9.020367829098605,-8.796680247512187,2,0.3
4678.817025174842,-8.972272330481795,-9.63365376588836,2,0.3
4711.360771199674,-8.925788490803285,-10.482186559945205,2,0.3
4744.130876879015,-8.88077212078921,-11.341354835190403,2,0.3
4777.128916668773,-8.83771031022457,-12.212533007766574,2,0.3
4810.356475976061,-8.796298867620102,-13.094184108098528,2,0.3
4843.815151235375,-8.756763416867333,-13.986663500409474,2,0.3
4877.506549985286,-8.719114647837001,-14.889549223325876,2,0.3
4911.432290945683,-8.683246375356159,-15.802066613727701,2,0.3
4945.594004095541,-8.64950157332218,-16.724819249219806,2,0.3
4979.9933307512365,-8.617888218354079,-17.65731557147348,2,0.3
5014.631923645403,-8.588527446902178,-18.59937622554447,2,0.3
5049.511447006339,-8.561303815883257,-19.550161842385023,2,0.3
5084.633576637967,-8.536272136133306,-20.509317293673757,2,0.3
5120.000000000346,-8.513303261378983,-21.476036043898397,2,0.3
5155.612416290749,-8.49311629699396,-22.45148962836949,2,0.3
5191.4725365253,-8.475093286011154,-23.43367173052681,2,0.3
5227.582083621183,-8.459461603467673,-24.422577404680514,2,0.3
5263.942792479418,-8.446515450791194,-25.41823521703874,2,0.3
5300.556410068212,-8.435919713333575,-26.419415536297937,2,0.3
5337.424695506905,-8.428090699135296,-27.42631720443772,2,0.3
5374.54942015047,-8.422873181166903,-28.438058109639595,2,0.3
5411.932367674636,-8.419908508426523,-29.453533622626175,2,0.3
5449.575334161574,-8.419801582454776,-30.47311389767271,2,0.3
5487.480128186196,-8.422381329122354,-31.49593949976829,2,0.3
5525.648570903045,-8.427599669525264,-32.52137278906217,2,0.3
5564.082496133798,-8.43527111900817,-33.54866116859741,2,0.3
5602.78375045537,-8.4458656179557,-34.57774297015586,2,0.3
5641.754193288633,-8.459124251665948,-35.60776377513444,2,0.3
5680.995696987757,-8.47511342622479,-36.6382160719176,2,0.3
5720.51014693016,-8.493562245818714,-37.66836524870143,2,0.3
5760.2994416071,-8.514995650134194,-38.697989987066876,2,0.3
5800.365492714889,-8.538733391159287,-39.72618025296988,2,0.3
5840.710225246731,-8.565359959992527,-40.752675877004556,2,0.3
5881.335577585225,-8.594386733221134,-41.77678083520151,2,0.3
5922.243501595481,-8.626190199499442,-42.798070901361875,2,0.3
5963.435962718906,-8.660474698556293,-43.81598611192983,2,0.3
6004.914940067636,-8.697208720470547,-44.830055868714346,2,0.3
6046.682426519615,-8.736357625525116,-45.83982419485888,2,0.3
6088.740428814354,-8.778016224795001,-46.844806303939386,2,0.3
6131.090967649341,-8.8220768467234,-47.844567912647875,2,0.3
6173.736077777122,-8.86842992966021,-48.83871970854751,2,0.3
6216.6778081030725,-8.917160828206159,-49.82679165929787,2,0.3
6259.918221783827,-8.968154922338952,-50.808426985710646,2,0.3
6303.4593963264115,-9.021167208179971,-51.783423527850644,2,0.3
6347.303423688055,-9.076341669134495,-52.75131034803256,2,0.3
6391.4524103767,-9.133624402149753,-53.71176329785307,2,0.3
6435.9084775522115,-9.193087292575205,-54.664335466038054,2,0.3
6480.673761128287,-9.254292385620884,-55.60917832064757,2,0.3
6525.750411875079,-9.317313072956882,-56.54593254614924,2,0.3
6571.140595522531,-9.382405281957492,-57.47394820574949,2,0.3
6616.846492864425,-9.449321005634665,-58.393241054198924,2,0.3
6662.870299863169,-9.517756586428618,-59.30400961355293,2,0.3
6709.214227755292,-9.587902010044797,-60.205721604932386,2,0.3
6755.880503157695,-9.65975858246019,-61.09811066773032,2,0.3
6802.871368174619,-9.733087331755204,-61.98136336195006,2,0.3
6850.189080505378,-9.80783336593748,-62.855386880256354,2,0.3
6897.835913552822,-9.884059239079003,-63.719861702485844,2,0.3
6945.814156532571,-9.961650064149195,-64.57482821934266,2,0.3
6994.126114583001,-10.04032240235283,-65.42074790767846,2,0.3
7042.774108875988,-10.120482834418276,-66.2565582984895,2,0.3
7091.760476728439,-10.201791394044227,-67.08287179062302,2,0.3
7141.087571714584,-10.284253725699458,-67.89954524615816,2,0.3
7190.757763779057,-10.367764599447566,-68.7067216534531,2,0.3
7240.773439350762,-10.452222464063677,-69.50456884283791,2,0.3
7291.137001457528,-10.537904259104025,-70.29222878913383,2,0.3
7341.850869841561,-10.62438540657639,-71.0707682104968,2,0.3
7392.917481075709,-10.71167841470164,-71.84010053208043,2,0.3
7444.339288680522,-10.799897952485512,-72.59981974490773,2,0.3
7496.118763242139,-10.888897387224342,-73.35029950455369,2,0.3
7548.258392530979,-10.978637274180784,-74.09161536079162,2,0.3
7600.760681621277,-11.069079542208879,-74.82384943704463,2,0.3
7653.628153011434,-11.160187490881725,-75.5470898370431,2,0.3
7706.863346745218,-11.251877231271036,-76.26159908207818,2,0.3
7760.468820533797,-11.344404251702647,-76.96645598171305,2,0.3
7814.447149878626,-11.43730078801412,-77.66329018577308,2,0.3
7868.800928195191,-11.530776444875528,-78.3513580483986,2,0.3
7923.532766937609,-11.624753265845262,-79.03094071745778,2,0.3
7978.645295724095,-11.719065909017129,-79.70268295397662,2,0.3
8034.141162463309,-11.814051735207896,-80.36528446190398,2,0.3
8090.023033481568,-11.909232062351656,-81.02064116338087,2,0.3
8146.293593650958,-12.004896990600137,-81.66762428218563,2,0.3
8202.955546518326,-12.100846268457293,-82.30707558637431,2,0.3
8260.011614435174,-12.197273713900284,-82.93820830542796,2,0.3
8317.464538688457,-12.293942104612075,-83.56205582338144,2,0.3
8375.317079632288,-12.390875660591654,-84.17856203552968,2,0.3
8433.572016820564,-12.488056379909505,-84.7878526466653,2,0.3
8492.232149140504,-12.585426764119262,-85.3902390780984,2,0.3
8551.300294947127,-12.683171888667124,-85.98491463573765,2,0.3
8610.779292198666,-12.781112614852155,-86.57274558516097,2,0.3
8670.671998592914,-12.879117990206366,-87.15441880158762,2,0.3
8730.981291704516,-12.977370951366874,-87.72912032136877,2,0.3
8791.710069123244,-13.075742114507031,-88.29753448893537,2,0.3
8852.86124859319,-13.174370465458372,-88.85902731450426,2,0.3
8914.437768152968,-13.27301906848301,-89.41484936643106,2,0.3
8976.44258627686,-13.371827337423287,-89.96436321982111,2,0.3
9038.878682016972,-13.470712103097783,-90.50806288456694,2,0.3
9101.74905514635,-13.569771874845076,-91.04549440101805,2,0.3
9165.056726303115,-13.668855270278023,-91.57752809979507,2,0.3
9228.804737135582,-13.76799151624255,-92.10408551210871,2,0.3
9292.996150448414,-13.867276691299022,-92.6247067780901,2,0.3
9357.634050349754,-13.96660020320532,-93.1400678838118,2,0.3
9422.721542399418,-14.06599009854752,-93.65008456413956,2,0.3
9488.261753758103,-14.165440371675002,-94.15486031143037,2,0.3
9554.257833337617,-14.264751313004522,-94.65563186767042,2,0.3
9620.712951952195,-14.364340570014146,-95.15003862095466,2,0.3
9687.630302470823,-14.463816308034136,-95.64044785906562,2,0.3
9755.013099970645,-14.563367085068503,-96.12582070879377,2,0.3
9822.864581891441,-14.662895492679922,-96.60681656788128,2,0.3
9891.188008191157,-14.762460939548134,-97.08314964233803,2,0.3
9959.98666150255,-14.862090064511724,-97.55472218279056,2,0.3
10029.26384729088,-14.961601199159766,-98.02274731363183,2,0.3
10099.022894012754,-15.061201751044429,-98.4859970718783,2,0.3
10169.26715327601,-15.16082933984482,-98.9449310913006,2,0.3
10240.000000000768,-15.260396319437914,-99.40019044051895,2,0.3
10311.224832581574,-15.360016507318315,-99.85110891183737,2,0.3
10382.945073050678,-15.459603774295896,-100.29832260192836,2,0.3
10455.164167242447,-15.559103822891746,-100.74227565109054,2,0.3
10527.885584958914,-15.65865494752305,-101.18211556576723,2,0.3
10601.112820136505,-15.758228233239567,-101.61810111325735,2,0.3
10674.849391013888,-15.857716974794918,-102.05103786360422,2,0.3
10749.098840301021,-15.957307140417562,-102.47970924026039,2,0.3
10823.864735349352,-16.056763014491775,-102.90583009894618,2,0.3
10899.15066832323,-16.156319207866034,-103.3278207483226,2,0.3
10974.960256372473,-16.255846683474516,-103.74665795726969,2,0.3
11051.297141806172,-16.355222708830794,-104.16330607973453,2,0.3
11128.16499226768,-16.454773012139373,-104.5754724822595,2,0.3
11205.567500910824,-16.554200864364407,-104.98538385351173,2,0.3
11283.508386577352,-16.6535836393523,-105.39255175411107,2,0.3
11361.991393975597,-16.753066356754765,-105.7959576450183,2,0.3
11441.020293860403,-16.852412502548272,-106.19744205104959,2,0.3
11520.598883214287,-16.951836644467143,-106.59545168059495,2,0.3
11600.730985429864,-17.051223187070025,-106.99092710058476,2,0.3
11681.420450493551,-17.15062029344181,-107.38356291087634,2,0.3
11762.671155170538,-17.2499846545912,-107.77375909220183,2,0.3
11844.48700319105,-17.34940757497865,-108.16086045780006,2,0.3
11926.871925437901,-17.448714393307203,-108.54631084542494,2,0.3
12009.82988013536,-17.548105291695354,-108.92858227600968,2,0.3
12093.36485303932,-17.647515554862494,-109.30824339271928,2,0.3
12177.4808576288,-17.746820323785983,-109.68637082660408,2,0.3
12262.181935298773,-17.846254642768166,-110.06110707937346,2,0.3
12347.472155554336,-17.945590022779093,-110.43438331843095,2,0.3
12433.355616206238,-18.044974788610762,-110.80503537463564,2,0.3
12519.836443567749,-18.14432936429475,-111.1737825280274,2,0.3
12606.918792652916,-18.243776744587148,-111.53964257020078,2,0.3
12694.606847376202,-18.343178879244086,-111.90383648484581,2,0.3
12782.904820753494,-18.44263726566038,-112.26555372321091,2,0.3
12871.816955104521,-18.542037573086198,-112.62583310153255,2,0.3
12961.347522256672,-18.6414796754152,-112.98386683918262,2,0.3
13051.500823750257,-18.740965161308537,-113.33968793106663,2,0.3
13142.28119104516,-18.84045848586809,-113.6936585084888,2,0.3
13233.69298572895,-18.939944138447807,-114.04597016991646,2,0.3
13325.740599726436,-19.03953446778595,-114.39566542095233,2,0.3
13418.428455510686,-19.139085597240964,-114.74408383660437,2,0.3
13511.761006315492,-19.238673101628542,-115.09059499345287,2,0.3
13605.74273634934,-19.33831664671939,-115.43506338085714,2,0.3
13700.378161010858,-19.437983032744363,-115.77783832355294,2,0.3
13795.671827105747,-19.53760628090746,-116.11958359865328,2,0.3
13891.628313065248,-19.63736098399546,-116.45871697336774,2,0.3
13988.252229166108,-19.73712883820436,-116.79638440086565,2,0.3
14085.548217752083,-19.836929546530484,-117.1324462081962,2,0.3
14183.520953456982,-19.936765611058863,-117.46692236673395,2,0.3
14282.175143429275,-20.03663949190635,-117.79983222619532,2,0.3
14381.515527558222,-20.13661779796255,-118.13056959520478,2,0.3
14481.546878701633,-20.236557941988767,-118.46056076157187,2,0.3
14582.274002915165,-20.3366218627598,-118.78826434124352,2,0.3
14683.70173968323,-20.436654024332256,-119.11524960439057,2,0.3
14785.834962151528,-20.536797423486377,-119.44014108304425,2,0.3
14888.678577361155,-20.637006682061212,-119.76342142743543,2,0.3
14992.23752648439,-20.737253445194263,-120.08541251364471,2,0.3
15096.516785062071,-20.83755519701554,-120.40597577199014,2,0.3
15201.521363242668,-20.937943401347066,-120.72482397854417,2,0.3
15307.256306022984,-21.038375557429813,-121.04242574688159,2,0.3
15413.726693490553,-21.138868522461998,-121.35864312557776,2,0.3
15520.93764106771,-21.239395839901473,-121.67378696743918,2,0.3
15628.894299757369,-21.34007279523835,-121.98668046898686,2,0.3
15737.6018563905,-21.44071778052423,-122.29926573957829,2,0.3
15847.065533875337,-21.541528317383303,-122.60948466344509,2,0.3
15957.29059144831,-21.64235344475229,-122.91897087615855,2,0.3
16068.282324926739,-21.743250509214388,-123.22714541438813,2,0.3
16180.046066963258,-21.844247817541593,-123.53372929533411,2,0.3
16292.587187302037,-21.945293529860024,-123.83931377134536,2,0.3
16405.911093036775,-22.046416161867988,-124.14361784273095,2,0.3
16520.023228870472,-22.147668772113324,-124.44607962891973,2,0.3
16634.92907737704,-22.248974824731675,-124.74756991772898,2,0.3
16750.634159264704,-22.3503366640007,-125.0480938769939,2,0.3
16867.144033641256,-22.45180638932219,-125.34709261246762,2,0.3
16984.464298281135,-22.553335322924667,-125.64513971318006,2,0.3
17102.600589894384,-22.654974381741116,-125.9416809238369,2,0.3
17221.558584397462,-22.75669999527532,-126.23700607413095,2,0.3
17341.343997185955,-22.85851346028773,-126.53112283708718,2,0.3
17461.962583409164,-22.960439609539733,-126.82376322363713,2,0.3
17583.42013824662,-23.062432251302695,-127.1154864911891,2,0.3
17705.72249718651,-23.164516400556586,-127.40602286498336,2,0.3
17828.875536306066,-23.26668179212662,-127.6955148018474,2,0.3
17952.885172553855,-23.36897502375576,-127.98342630992784,2,0.3
18077.75736403408,-23.471317946195562,-128.27071083166925,2,0.3
18203.498110292836,-23.57379030248326,-128.5564297424488,2,0.3
18330.113452606365,-23.67635924530914,-128.840994251941,2,0.3
18457.609474271307,-23.7790257316594,-129.12440997420057,2,0.3
18585.99230089697,-23.881790682399576,-129.40668233059893,2,0.3
18715.26810069965,-23.98462330880089,-129.68821051990125,2,0.3
18845.44308479898,-24.087598598390194,-129.96807908974725,2,0.3
18976.523507516347,-24.190643688070082,-130.24721091717709,2,0.3
19108.51566667538,-24.293821664956962,-130.5248284548165,2,0.3
19241.425903904536,-24.39710195381382,-130.80132832604724,2,0.3
19375.260604941792,-24.500445313760807,-131.07722766662914,2,0.3
19510.026199941436,-24.60394266356992,-131.35137517825905,2,0.3
19645.729163783028,-24.707514843862782,-131.62479983138547,2,0.3
19782.376016382463,-24.811192435003168,-131.8971210355189,2,0.3
19919.973323005244,-24.914985572617848,-132.16821691846712,2,0.3
20058.527694581913,-25.018894488692716,-132.43809303314677,2,0.3
20198.045788025658,-25.122891357532634,-132.70712821917022,2,0.3
20338.53430655217,-25.227023500113134,-132.974702946407,2,0.3
20480.00000000169,-25.331235622643145,-133.24156555408638,2,0.3
20622.4496651633,-25.43557426105149,-133.50710058097667,2,0.3
20765.890146101516,-25.540012404731314,-133.7716808939272,2,0.3
20910.32833448505,-25.64457723974592,-134.03494342360204,2,0.3
21055.771169917985,-25.74923357109972,-134.29737799019722,2,0.3
21202.22564027317,-25.854025510970914,-134.558382733322,2,0.3
21349.698782027936,-25.958892677954903,-134.8188030761492,2,0.3
21498.197680602203,-26.06388718228587,-135.0779204025327,2,0.3
21647.72947069887,-26.169000339976183,-135.33585929470684,2,0.3
21798.301336646622,-26.274215568410156,-135.59285965616164,2,0.3
21949.920512745113,-26.37954150774494,-135.84880489448537,2,0.3
22102.59428361251,-26.484970250783366,-136.10381397252303,2,0.3
22256.32998453553,-26.5905261649366,-136.35753930880045,2,0.3
22411.135001821818,-26.696200932888313,-136.61010210318787,2,0.3
22567.01677315487,-26.802002190671146,-136.86139142779098,2,0.3
22723.98278795137,-26.907883188703046,-137.1120984258118,2,0.3
22882.04058772098,-27.01389081080754,-137.36153606169285,2,0.3
23041.197766428744,-27.120009481360196,-137.60993599636996,2,0.3
23201.4619708599,-27.226239212402948,-137.85730015379644,2,0.3
23362.840900987278,-27.332565250377744,-138.1038542460708,2,0.3
23525.342310341253,-27.439031798340842,-138.34892860089727,2,0.3
23688.974006382276,-27.545594572835093,-138.59319651457233,2,0.3
23853.743850875984,-27.65226824790178,-138.83643590392452,2,0.3
24019.6597602709,-27.759080900021115,-139.07821006133278,2,0.3
24186.729706078822,-27.86598272616785,-139.31929077587063,2,0.3
24354.96171525778,-27.97300873269212,-139.55913222898477,2,0.3
24524.363870597732,-28.080131092991202,-139.7981710116522,2,0.3
24694.944311108862,-28.187377016067554,-140.03597600670588,2,0.3
24866.711232412665,-28.294719271650358,-140.27297918622605,2,0.3
25039.672887135683,-28.40220411930637,-140.50843537323834,2,0.3
25213.837585306024,-28.509765265336004,-140.7434107669632,2,0.3
25389.213694752598,-28.61746139200294,-140.9769528544417,2,0.3
25565.809641507185,-28.725272327894416,-141.20938333436374,2,0.3
25743.63391020923,-28.833178786298888,-141.44101713881426,2,0.3
25922.695044513537,-28.941199535799406,-141.67154218493772,2,0.3
26103.00164750071,-29.049315696252073,-141.90127002924552,2,0.3
26284.562382090517,-29.1575758428745,-142.12938053832565,2,0.3
26467.385971458098,-29.265924526731485,-142.35680053174556,2,0.3
26651.481199453076,-29.374391636127655,-142.58302053215598,2,0.3
26836.856911021572,-29.482947190720253,-142.80854828279308,2,0.3
27023.522012631187,-29.591620349157296,-143.03287979041085,2,0.3
27211.485472698885,-29.700398921111315,-143.2562186962542,2,0.3
27400.75632202192,-29.80930510460754,-143.47817032601182,2,0.3
27591.3436542117,-29.91830425887239,-143.69933310951504,2,0.3
27783.256626130707,-30.027418430371156,-143.9193133831467,2,0.3
27976.504458332423,-30.136625037407544,-144.13850501751224,2,0.3
28171.096435504372,-30.245945574389093,-144.35651857272768,2,0.3
28367.04190691418,-30.35537390470489,-144.57345459136877,2,0.3
28564.35028685876,-30.464904134597273,-144.78941135301656,2,0.3
28763.031055116662,-30.574540988686568,-145.0042943740843,2,0.3
28963.093757403483,-30.684278655648694,-145.21820044898462,2,0.3
29164.548005830547,-30.794106462594392,-145.43131804156792,2,0.3
29367.403479366687,-30.904054235338897,-145.6430815735281,2,0.3
29571.669924303278,-31.014105692271716,-145.85377512511124,2,0.3
29777.35715472254,-31.124245041471458,-146.06367452718672,2,0.3
29984.475052969006,-31.234495314065775,-146.27230896636598,2,0.3
30193.03357012437,-31.3448482547684,-146.47975994162155,2,0.3
30403.042726485564,-31.455276833241065,-146.68636564780263,2,0.3
30614.512612046197,-31.565753366400756,-146.89209442347868,2,0.3
30827.45338698134,-31.67621502204907,-147.0969619246528,2,0.3
31041.875282135654,-31.786994300016257,-147.30272118588732,2,0.3
31257.788599514974,-31.898019274184165,-147.50532104667113,2,0.3
31475.203712781236,-32.009026295822935,-147.70652451332006,2,0.3
31694.13106775091,-32.12008418823084,-147.90706663320302,2,0.3
31914.581182896858,-32.23122484307972,-148.1067317998153,2,0.3
32136.564649853717,-32.34247116657413,-148.30514391360958,2,0.3
32360.09213392676,-32.45379877139382,-148.50281399886774,2,0.3
32585.17437460432,-32.565220839096064,-148.69947436260207,2,0.3
32811.8221860738,-32.67674120402052,-148.89503782789984,2,0.3
33040.04645774119,-32.78835514391918,-149.08959105735147,2,0.3
33269.85815475433,-32.90006609795739,-149.2830507702419,2,0.3
33501.26831852966,-33.01184145451053,-149.47609240878992,2,0.3
33734.28806728276,-33.12374051617477,-149.667455038591,2,0.3
33968.928596562524,-33.23571097761229,-149.85823238957843,2,0.3
34205.20117978902,-33.34777970267702,-150.0478419476604,2,0.3
34443.11716879519,-33.45994192042445,-150.23637148109268,2,0.3
34682.68799437217,-33.57218930771182,-150.42398849472835,2,0.3
34923.92516681859,-33.68452129890889,-150.61069448862807,2,0.3
35166.8402764935,-33.79693732373441,-150.7964910259758,2,0.3
35411.44499437329,-33.9094368080126,-150.98137972230234,2,0.3
35657.7510726124,-34.02203341243529,-151.16504347186532,2,0.3
35905.77034510798,-34.13471196620343,-151.347806506527,2,0.3
36155.51472806843,-34.247475364086114,-151.5295917863399,2,0.3
36406.99622058595,-34.360326326471125,-151.7103241714109,2,0.3
36660.22690521301,-34.47325385790697,-151.89024168094252,2,0.3
36915.21894854289,-34.58626753878524,-152.06911264021713,2,0.3
37171.98460179422,-34.699366537059305,-152.24694163409774,2,0.3
37430.53620139958,-34.81253697694833,-152.42403900052045,2,0.3
37690.88616959824,-34.92579785021409,-152.59994796099352,2,0.3
37953.04701503298,-35.039122641646955,-152.77528006573675,2,0.3
38217.03133335104,-35.15254894550177,-152.94913088853755,2,0.3
38482.85180780936,-35.266044211962594,-153.1222594043439,2,0.3
38750.521209883875,-35.379620351574225,-153.29436813478466,2,0.3
39020.05239988316,-35.493270504896984,-153.46560915583717,2,0.3
39291.458327566346,-35.60699708202276,-153.63591113931273,2,0.3
39564.752032765224,-35.72079939305825,-153.80527738926637,2,0.3
39839.94664601079,-35.83467675046362,-153.973711219555,2,0.3
40117.05538916413,-35.9486284691198,-154.14121595385478,2,0.3
40396.09157605162,-36.0626623857043,-154.3075803626454,2,0.3
40677.068613104646,-36.1767662823165,-154.47309604669377,2,0.3
40960.00000000368,-36.290928517002996,-154.63804765120915,2,0.3
41244.899330326916,-36.405176278631565,-154.8017298410734,2,0.3
41531.78029220334,-36.51949217902114,-154.9645711946575,2,0.3
41820.65666897041,-36.63387565431822,-155.12657379564533,2,0.3
42111.54233983629,-36.74833666597241,-155.28746398435652,2,0.3
42404.45128054665,-36.86286126198916,-155.4475915496331,2,0.3
42699.3975640562,-36.97745411389871,-155.60682115400536,2,0.3
42996.39536120473,-37.092124695728906,-155.7648854874986,2,0.3
43295.458941398065,-37.2068494683121,-155.92239831064896,2,0.3
43596.60267329357,-37.321650479480695,-156.07875517728405,2,0.3
43899.84102549055,-37.43651695822207,-156.23423020334639,2,0.3
44205.18856722535,-37.55144826608527,-156.38882679969976,2,0.3
44512.659969071385,-37.666436642709364,-156.542745222128,2,0.3
44822.27000364397,-37.78149110872801,-156.69572440757304,2,0.3
45134.033546310086,-37.89661557254106,-156.84763941573198,2,0.3
45447.96557590307,-38.011800000395155,-156.99875491226746,2,0.3
45764.081175442305,-38.12704386038829,-157.14907312831124,2,0.3
46082.39553285784,-38.24235107618514,-157.2984691159019,2,0.3
46402.92394172015,-38.357725344540626,-157.44682111981112,2,0.3
46725.681801974904,-38.47315495079111,-157.59445018034722,2,0.3
47050.68462068286,-38.58864802879937,-157.7411077284182,2,0.3
47377.94801276491,-38.70419535309675,-157.88704765568684,2,0.3
47707.487701752325,-38.8198090173037,-158.031901279683,2,0.3
48039.319520542165,-38.93547161986068,-158.17616667735638,2,0.3
48373.45941215801,-39.05119916716296,-158.31935578625496,2,0.3
48709.923430515926,-39.16697670349802,-158.4619000193967,2,0.3
49048.72774119583,-39.28281181240336,-158.603559011694,2,0.3
49389.888622218095,-39.39870775316773,-158.74421793761553,2,0.3
49733.4224648257,-39.51465407104445,-158.88418036154604,2,0.3
50000.0,-39.60411473658294,-158.9915163651034,2,0.3
10.0,-17.81821750113822,0.014772737262594251,3,0.4
10.069555500567189,-17.818367048352815,0.015203316744620823,3,0.4
10.139594797900294,-17.818497433968446,0.01564569632901572,3,0.4
10.210121257071936,-17.81864218002148,0.016095335487994723,3,0.4
10.281138266560667,-17.818787897182297,0.016554268465931367,3,0.4
10.352649238413779,-17.818937950293957,0.017022172971227285,3,0.4
10.424657608411218,-17.81907560074837,0.017501631938815546,3,0.4
10.497166836230678,-17.819220966958394,0.017989914030210257,3,0.4
10.57018040561381,-17.819380764413275,0.018486178637544086,3,0.4
10.643701824533608,-17.819524853842637,0.01899502322234986,3,0.4
10.71773462536294,-17.8196867548992,0.019511668770845148,3,0.4
10.792282365044281,-17.819846380497367,0.020039258602253054,3,0.4
10.867348625260592,-17.82000374657482,0.020577979029924934,3,0.4
10.942937012607405,-17.820158869302787,0.021128018744324233,3,0.4
11.019051158766118,-17.820321815488107,0.02168802367740331,3,0.4
11.095694720678463,-17.82047585089838,0.02226074760083193,3,0.4
11.172871380722214,-17.820634392846934,0.022844318525566495,3,0.4
11.250584846888108,-17.820810858016017,0.023436806535920278,3,0.4
11.328838852958,-17.820968413783604,0.024044175049041445,3,0.4
11.407637158684253,-17.82113722729533,0.024661878056180773,3,0.4
11.486983549970367,-17.821307266426288,0.025291687861893373,3,0.4
11.566881839052892,-17.82148524862006,0.025932716398634464,3,0.4
11.647335864684578,-17.821654443519154,0.026587866518196706,3,0.4
11.728349492318808,-17.821834967779637,0.027254075535575763,3,0.4
11.809926614295325,-17.822006742503593,0.02793483209464615,3,0.4
11.892071150027233,-17.822183185263032,0.028628145851167106,3,0.4
11.97478704618931,-17.822371013981243,0.029333087869992763,3,0.4
12.05807827690763,-17.822553501128596,0.03005265983606,3,0.4
12.141948843950495,-17.822744064136216,0.030784817370323403,3,0.4
12.226402776920713,-17.82291927849004,0.031533768220498554,3,0.4
12.31144413344919,-17.82310930795244,0.03229458529188983,3,0.4
12.397076999389895,-17.823294078248505,0.0330709316407413,3,0.4
12.48330548901615,-17.823497053875702,0.03385894478614237,3,0.4
12.570133745218314,-17.823681417150134,0.03466528531496551,3,0.4
12.657565939702833,-17.823880679714343,0.03548430044708675,3,0.4
12.745606273192656,-17.824081467730664,0.03631856402651618,3,0.4
12.834258975629076,-17.82427710624887,0.03716951305992704,3,0.4
12.923528306374958,-17.824474315832326,0.038036187581935464,3,0.4
13.013418554419374,-17.82467981669738,0.03891759451967189,3,0.4
13.10393403858367,-17.82488693494387,0.03981517729443259,3,0.4
13.195079107728983,-17.825082300715717,0.04073166142459327,3,0.4
13.286858140965156,-17.825292725900947,0.04166232754869299,3,0.4
13.379275547861162,-17.825501492780162,0.0426105184926033,3,0.4
13.472335768656947,-17.825715322937274,0.043575219680672815,3,0.4
13.566043274476765,-17.82593089322557,0.04455730310639568,3,0.4
13.660402567544,-17.826141533250134,0.04555830663031544,3,0.4
13.755418181397484,-17.826360661391405,0.046575907973499,3,0.4
13.851094681109295,-17.826588303601312,0.04761032993303791,3,0.4
13.947436663504105,-17.826797703774446,0.04866707358851595,3,0.4
14.044448757380025,-17.827022367781968,0.04973983657529403,3,0.4
14.142135623731003,-17.827248931711924,0.05083149494440314,3,0.4
14.240501955970773,-17.827477423580774,0.05194230742665661,3,0.4
14.33955248015833,-17.827704524329423,0.05307321378680968,3,0.4
14.439291955225018,-17.827936957904463,0.054223122818929936,3,0.4
14.539725173203164,-17.82817475324908,0.05539228349462902,3,0.4
14.640856959456315,-17.828407898141258,0.05658302937551483,3,0.4
14.742692172911074,-17.828646464682755,0.05779355988363088,3,0.4
14.845235706290554,-17.828880442038056,0.05902624256869738,3,0.4
14.94849248634945,-17.82911990261684,0.06027924949337075,3,0.4
15.05246747411074,-17.829358183894627,0.06155426738612916,3,0.4
15.15716566510405,-17.829602011699613,0.0628501448449858,3,0.4
15.26259208960566,-17.829844724738685,0.06416859246970538,3,0.4
15.368751812880195,-17.83009304947476,0.06550844049373458,3,0.4
15.475649935423972,-17.830347018930304,0.06686995046791702,3,0.4
15.58329159321007,-17.830596627363747,0.06825561089958825,3,0.4
15.69168195793509,-17.83085194875873,0.06966349235179072,3,0.4
15.800826237267621,-17.831106325184813,0.07109536566640465,3,0.4
15.910729675098453,-17.831363138375217,0.07255077138463396,3,0.4
16.02139755179252,-17.831619078151,0.074030757304843,3,0.4
16.13283518444261,-17.831884219213393,0.07553331527127087,3,0.4
16.245047927124794,-17.832131830610738,0.07706490156703386,3,0.4
16.358041171155712,-17.832408792880805,0.0786149666840448,3,0.4
16.471820345351553,-17.832664956014263,0.0801954669401709,3,0.4
16.586390916288924,-17.83293716242209,0.08179808915447744,3,0.4
16.70175838856748,-17.833208722360496,0.08342704630560666,3,0.4
16.817928305074386,-17.833476330402117,0.08508345019313829,3,0.4
16.93490624725064,-17.83374671807144,0.08676600473115492,3,0.4
17.052697835359233,-17.83401658088072,0.08847581729336743,3,0.4
17.17130872875518,-17.834299341122215,0.09020990492382377,3,0.4
17.290744626157405,-17.834568279618644,0.09197513683042756,3,0.4
17.411011265922586,-17.83486023482016,0.0937627082068903,3,0.4
17.53211442632081,-17.835135110031388,0.09558289750007513,3,0.4
17.654059925813208,-17.83541636408724,0.09743017398857809,3,0.4
17.776853623331515,-17.83571073046334,0.09930310231206865,3,0.4
17.900501418559564,-17.835991497019272,0.1012088011374087,3,0.4
18.02500925221672,-17.83628212207463,0.10314158915704634,3,0.4
18.150383106343334,-17.836572618479636,0.10510433941809816,3,0.4
18.27662900458813,-17.83686637774843,0.10709648242775797,3,0.4
18.403753012497624,-17.837156759420886,0.10912008193151508,3,0.4
18.53176123780754,-17.837453844608117,0.11117278821080886,3,0.4
18.660659830736275,-17.83774765029699,0.11325757063465862,3,0.4
18.790454984280366,-17.838051602191808,0.11537113204148502,3,0.4
18.921152934512047,-17.838342344226334,0.11752011400078625,3,0.4
19.05275996087888,-17.838656708693467,0.11969478353494477,3,0.4
19.18528238650542,-17.83895462391017,0.12190642937047422,3,0.4
19.31872657849705,-17.839262891350405,0.12414798874273306,3,0.4
19.453098948245852,-17.839568190779215,0.12642346882455996,3,0.4
19.588405951738682,-17.839870577049872,0.12873319513912757,3,0.4
19.72465408986733,-17.840180134782983,0.13107462662235533,3,0.4
19.861849908740865,-17.840496919418907,0.13344802273653017,3,0.4
20.00000000000015,-17.84080427292825,0.13585848949177065,3,0.4
20.13911100113453,-17.84111228206157,0.13830346078419475,3,0.4
20.279189595800737,-17.841437718236982,0.14077831336299637,3,0.4
20.42024251414402,-17.84174052910369,0.14329513366644422,3,0.4
20.56227653312149,-17.842060885580104,0.1458423825315293,3,0.4
20.70529847682771,-17.842385477723003,0.14842426781720086,3,0.4
20.849315216822593,-17.84270099839898,0.15104511499280723,3,0.4
20.994333672461515,-17.84302422125713,0.15370017230626268,3,0.4
21.14036081122778,-17.843351867192958,0.15639071074417904,3,0.4
21.28740364906737,-17.843667291077914,0.15912217882646382,3,0.4
21.43546925072604,-17.843997293025172,0.1618865917446297,3,0.4
21.584564730088722,-17.84432188822846,0.16469045426093623,3,0.4
21.734697250521346,-17.844644485853,0.167533030950898,3,0.4
21.885874025214974,-17.844968495520156,0.17041355262046198,3,0.4
22.038102317532406,-17.84530735086477,0.17332798452534454,3,0.4
22.191389441357092,-17.84563773259911,0.1762840958250703,3,0.4
22.345742761444598,-17.845969735413952,0.17927894724879825,3,0.4
22.501169693776383,-17.846300090083723,0.1823139050628561,3,0.4
22.657677705916175,-17.846632210445826,0.18538814599415027,3,0.4
22.815274317368676,-17.846966170064643,0.1885019287887001,3,0.4
22.973967099940907,-17.847298703148805,0.19165663568490207,3,0.4
23.13376367810596,-17.847646587591093,0.19484686836546036,3,0.4
23.29467172936933,-17.84798317653385,0.19808192322556575,3,0.4
23.456698984637793,-17.84830520888496,0.20136330104984643,3,0.4
23.619853228590827,-17.84865284569198,0.20467744077517522,3,0.4
23.784142300054643,-17.848992765033234,0.20803609636887996,3,0.4
23.949574092378796,-17.849331728554482,0.21143722389200614,3,0.4
24.11615655381544,-17.849669818558592,0.2148810807643842,3,0.4
24.28389768790117,-17.850007118448374,0.21836792083160797,3,0.4
24.452805553841607,-17.8503503917267,0.22189558293226208,3,0.4
24.622888266898567,-17.850693044688786,0.22546668837873204,3,0.4
24.794153998779972,-17.85104184249791,0.22907903139587096,3,0.4
24.966610978032485,-17.851383516212955,0.23273772760633823,3,0.4
25.140267490436816,-17.851724833521082,0.2364405816615338,3,0.4
25.315131879405854,-17.852065884829177,0.24018782369278185,3,0.4
25.4912125463855,-17.8524167777332,0.243975895371844,3,0.4
25.668517951258348,-17.85275423376055,0.2478138292660127,3,0.4
25.847056612750112,-17.85310171763007,0.25169299336726,3,0.4
26.026837108838944,-17.853449308388385,0.2556173844214575,3,0.4
26.20786807716754,-17.853797102487434,0.2595872103936,3,0.4
26.390158215458165,-17.854148535699498,0.26360136479310486,3,0.4
26.573716281930512,-17.85448701689503,0.26766661551205967,3,0.4
26.758551095722524,-17.854836012737863,0.2717739677681922,3,0.4
26.944671537314093,-17.855178935117177,0.27593022000863415,3,0.4
27.13208654895373,-17.855539250898065,0.2801261675573987,3,0.4
27.320805135088207,-17.855873675377705,0.284379519396447,3,0.4
27.510836362795175,-17.856222365401653,0.28867425041905975,3,0.4
27.7021893622188,-17.856575414830594,0.2930145491049762,3,0.4
27.89487332700842,-17.85691290900477,0.2974088961984309,3,0.4
28.088897514760255,-17.857254981625033,0.3018491974780199,3,0.4
28.284271247462218,-17.85760174356154,0.3063355758346583,3,0.4
28.48100391194176,-17.857949970410914,0.31086957146716304,3,0.4
28.679104960316874,-17.85829643971907,0.3154527617520925,3,0.4
28.878583910450253,-17.858644604013506,0.3200838724971835,3,0.4
29.079450346406546,-17.85898457128804,0.32476740343803084,3,0.4
29.28171391891285,-17.859326470054224,0.32949918074495743,3,0.4
29.485384345822368,-17.85967375673731,0.33427784884563816,3,0.4
29.690471412581335,-17.860019880633992,0.33910646863561755,3,0.4
29.896984972699123,-17.86036162952278,0.3439866846190047,3,0.4
30.104934948221704,-17.860709136379953,0.3489141351061377,3,0.4
30.314331330208326,-17.861039177717185,0.3538995463624642,3,0.4
30.52518417921155,-17.8613919103534,0.35892480491904744,3,0.4
30.73750362576062,-17.86172743682686,0.36400834430145573,3,0.4
30.951299870848175,-17.8620625672543,0.3691426672993999,3,0.4
31.16658318642038,-17.862407440685665,0.37432317741825955,3,0.4
31.38336391587042,-17.862745515900716,0.3795577817401144,3,0.4
31.60165247453548,-17.86307693052287,0.3848466521937005,3,0.4
31.82145935019715,-17.863418498078545,0.3901819289769704,3,0.4
32.04279510358529,-17.863760353779124,0.3955684455144642,3,0.4
32.26567036888546,-17.864099305235374,0.4010079149235752,3,0.4
32.49009585424984,-17.864422158899412,0.40650701995017485,3,0.4
32.716082342311665,-17.864762405978233,0.41204947387997887,3,0.4
32.94364069070335,-17.865090184233104,0.4176501594623085,3,0.4
33.172781832578096,-17.86541564692097,0.42330424925375276,3,0.4
33.40351677713521,-17.865752281945305,0.42900506779900555,3,0.4
33.63585661014903,-17.866080238218387,0.43476277968660193,3,0.4
33.86981249450153,-17.866406339647277,0.44057410776473876,3,0.4
34.10539567071872,-17.866734077506237,0.4464373976685815,3,0.4
34.34261745751061,-17.867056943955212,0.4523561687925939,3,0.4
34.58148925231507,-17.86737843428796,0.4583287686161515,3,0.4
34.822022531845434,-17.867695378819487,0.4643570270553273,3,0.4
35.064228852641875,-17.86802794290541,0.4704303369238875,3,0.4
35.30811985162668,-17.868332962171753,0.4765719060900302,3,0.4
35.55370724666329,-17.868657271098694,0.48275675371772514,3,0.4
35.80100283711939,-17.868977709441747,0.4889974415424894,3,0.4
36.05001850443371,-17.86928778612394,0.4952977170013163,3,0.4
36.30076621268694,-17.86961100706585,0.5016447677845065,3,0.4
36.55325800917653,-17.869917556398832,0.5080552372805358,3,0.4
36.80750602499552,-17.87023427616585,0.5145143117938092,3,0.4
37.06352247561536,-17.870538021834165,0.5210351289763587,3,0.4
37.32131966147283,-17.870848973475642,0.5276064132869812,3,0.4
37.58090996856101,-17.871143992948888,0.5342415317469242,3,0.4
37.84230586902438,-17.8714532601074,0.5409232602329627,3,0.4
38.105519921758045,-17.871746978469393,0.54766897142958,3,0.4
38.37056477301113,-17.872048667094823,0.554465101574371,3,0.4
38.63745315699439,-17.872348527140208,0.5613174776918882,3,0.4
38.906197896491996,-17.872643426844974,0.568228106446888,3,0.4
39.176811903477656,-17.87293690020642,0.5751950276570862,3,0.4
39.449308179734956,-17.87323248346748,0.58221621577789,3,0.4
39.72369981748203,-17.873513726942004,0.5893018231673737,3,0.4
40.000000000000604,-17.873807491389023,0.5964355731122196,3,0.4
40.27822200226936,-17.874090670218962,0.6036317642013769,3,0.4
40.55837919160177,-17.874373472366123,0.6108842513509731,3,0.4
40.840485028288356,-17.87465944636796,0.6181909031212147,3,0.4
41.124553066243294,-17.874935488988775,0.6255601102956907,3,0.4
41.410596953655734,-17.875208485542394,0.6329877056885638,3,0.4
41.6986304336455,-17.875488653999653,0.6404672402772394,3,0.4
41.98866734492334,-17.8757595694917,0.648009395349498,3,0.4
42.28072162245588,-17.87602812515455,0.6556098920898831,3,0.4
42.57480729813507,-17.876291224969528,0.6632709125738013,3,0.4
42.8709385014524,-17.876562427579877,0.6709836238504057,3,0.4
43.16912946017777,-17.87682199115285,0.6787612380739132,3,0.4
43.46939450104301,-17.877090140151132,0.6865903812431342,3,0.4
43.771748050430276,-17.877337149639594,0.6944912460757349,3,0.4
44.07620463506514,-17.877593239510407,0.7024435531736186,3,0.4
44.38277888271451,-17.87784867143619,0.710453994019751,3,0.4
44.69148552288952,-17.878100370684276,0.7185248251484897,3,0.4
45.00233938755311,-17.878348595612827,0.7266560323740947,3,0.4
45.315355411832684,-17.878596937277933,0.7348452451339161,3,0.4
45.63054863473769,-17.878835671511226,0.7430994884100539,3,0.4
45.947934199882155,-17.87906839604425,0.7514164494965262,3,0.4
46.26752735621227,-17.87931202878202,0.7597841271550925,3,0.4
46.58934345873901,-17.879546867410333,0.7682167890305879,3,0.4
46.913397969275934,-17.87978317749416,0.7767071733433943,3,0.4
47.23970645718201,-17.88001125231794,0.7852625385576448,3,0.4
47.56828460010965,-17.880241363549914,0.7938755022327376,3,0.4
47.89914818475796,-17.88045382476235,0.8025608992381859,3,0.4
48.232313107631235,-17.880682216996824,0.8112938056694117,3,0.4
48.5677953758027,-17.88090686056844,0.8200890418833467,3,0.4
48.90561110768358,-17.88111806745119,0.828954218000788,3,0.4
49.2457765337975,-17.881332783228977,0.8378766169072346,3,0.4
49.58830799756032,-17.881551312753917,0.8468560735470749,3,0.4
49.933221956065346,-17.881757321645285,0.8559054462948298,3,0.4
50.280534980874016,-17.881954451480077,0.8650222154085826,3,0.4
50.630263758812085,-17.882159660714187,0.874193197891541,3,0.4
50.982425092771386,-17.882353298460227,0.8834341250006803,3,0.4
51.33703590251707,-17.882558986818978,0.8927262935320693,3,0.4
51.69411322550061,-17.88274709837268,0.9020937057269549,3,0.4
52.05367421767828,-17.882934605902147,0.9115229332788083,3,0.4
52.41573615433548,-17.883121844307745,0.9210138623914883,3,0.4
52.78031643091672,-17.883309152490902,0.9305663703765444,3,0.4
53.14743256386143,-17.883483561266882,0.9401914641369216,3,0.4
53.517102191445446,-17.883662057601953,0.9498752224874385,3,0.4
53.8893430746286,-17.883841664154104,0.95962026017024,3,0.4
54.264173097907864,-17.884009424426214,0.9694378040943963,3,0.4
54.64161027017682,-17.884175681107862,0.9793193331347895,3,0.4
55.02167272559077,-17.884350780341748,0.9892560663820213,3,0.4
55.40437872443802,-17.884505140060213,0.9992738761561819,3,0.4
55.78974665401725,-17.88466242563386,1.0093524923939392,3,0.4
56.17779502952094,-17.884819684969987,1.0194946590652854,3,0.4
56.56854249492486,-17.8849739703786,1.029703195184228,3,0.4
56.962007823883944,-17.885119011224656,1.0399839921103406,3,0.4
57.358209920634174,-17.885265178490645,1.0503280159967046,3,0.4
57.75716782090094,-17.885409537658084,1.0607381195825678,3,0.4
58.158900692813525,-17.885549158616904,1.0712172326756912,3,0.4
58.56342783782614,-17.885691097861258,1.081759108787761,3,0.4
58.97076869164518,-17.885812470660113,1.0923852769254354,3,0.4
59.38094282516311,-17.885950287748912,1.1030615466817677,3,0.4
59.79396994539869,-17.886075019198103,1.1138157747274886,3,0.4
60.209869896443855,-17.88620372085735,1.1246321646961963,3,0.4
60.628662660417106,-17.8863235086933,1.135523240262667,3,0.4
61.05036835842356,-17.886438139061312,1.1464857712645964,3,0.4
61.4750072515217,-17.886558026942136,1.1575099302707694,3,0.4
61.90259974169682,-17.88666697564743,1.16861175164991,3,0.4
62.33316637284123,-17.886765428683667,1.1797912627512595,3,0.4
62.766727831741306,-17.886873795964043,1.1910285740514088,3,0.4
63.20330494907143,-17.886969241639708,1.2023466476427227,3,0.4
63.642918700394766,-17.8870688581234,1.2137287156276284,3,0.4
64.08559020717105,-17.88715647356816,1.2251914148362653,3,0.4
64.5313407377714,-17.887255843495954,1.236710875343314,3,0.4
64.98019170850016,-17.887327518251627,1.2483278815857168,3,0.4
65.43216468462381,-17.887415224172358,1.2599977707948176,3,0.4
65.8872813814072,-17.8874994825562,1.2717408784636668,3,0.4
66.34556366515669,-17.887570800651396,1.2835675797435813,3,0.4
66.80703355427093,-17.887636324524095,1.295470834246379,3,0.4
67.27171322029855,-17.88771318554875,1.3074326820883193,3,0.4
67.73962498900357,-17.887771945707712,1.3194849279773968,3,0.4
68.21079134143795,-17.88783639997383,1.3316023924270743,3,0.4
68.68523491502174,-17.887897081116925,1.343795598788445,3,0.4
69.16297850463066,-17.887951180724293,1.3560680238170935,3,0.4
69.6440450636914,-17.888002548864016,1.3684158366742227,3,0.4
70.12845770528428,-17.888041734143606,1.3808499810160058,3,0.4
70.61623970325388,-17.88809255722937,1.3933441879168085,3,0.4
71.10741449332713,-17.888132270491194,1.4059243160377677,3,0.4
71.60200567423932,-17.88815809180135,1.4185941275523324,3,0.4
72.10003700886796,-17.88819385761564,1.4313268080192367,3,0.4
72.60153242537443,-17.888223489774905,1.4441410870773779,3,0.4
73.10651601835362,-17.88824422202223,1.4570406698513094,3,0.4
73.61501204999159,-17.888263273629445,1.4700176016743647,3,0.4
74.12704495123128,-17.888277889135928,1.4830755189246192,3,0.4
74.64263932294622,-17.88828199181103,1.4962221234378132,3,0.4
75.16181993712259,-17.88829612382294,1.5094333026257303,3,0.4
75.68461173804933,-17.88830091261371,1.5227326101551366,3,0.4
76.21103984351666,-17.888296951030714,1.5361199052838963,3,0.4
76.74112954602285,-17.888298144337757,1.5495786663896514,3,0.4
77.27490631398935,-17.888291789533252,1.5631248332434227,3,0.4
77.81239579298456,-17.888285149322513,1.5767498987240423,3,0.4
78.3536238069559,-17.888272185010003,1.590461808907661,3,0.4
78.8986163594705,-17.888250190039013,1.604264515074263,3,0.4
79.44739963496465,-17.88823309723561,1.6181408692831662,3,0.4
80.00000000000179,-17.888198250126695,1.632120177764237,3,0.4
80.55644400453932,-17.88817289994903,1.6461680717967293,3,0.4
81.11675838320417,-17.888131074040544,1.6603184714593482,3,0.4
81.68097005657731,-17.888086727335182,1.674553912394987,3,0.4
82.24910613248719,-17.888043839863563,1.6888695871025876,3,0.4
82.8211939073121,-17.88800307025784,1.7032649584340678,3,0.4
83.39726086729164,-17.88795177454483,1.7177572859686994,3,0.4
83.97733468984731,-17.887890621918864,1.7323463539378907,3,0.4
84.56144324491237,-17.887836922315064,1.7470093146920875,3,0.4
85.14961459627077,-17.887768066448295,1.7617772856336849,3,0.4
85.74187700290544,-17.88769472086847,1.7766364024550632,3,0.4
86.33825892035618,-17.887620903711216,1.7915816180173654,3,0.4
86.93878900208668,-17.887557293018745,1.8065984179415306,3,0.4
87.54349610086122,-17.88747131789203,1.8217327626911464,3,0.4
88.15240927013093,-17.887380321062093,1.8369611345809889,3,0.4
88.7655577654297,-17.887288341879838,1.8522783255915063,3,0.4
89.38297104577971,-17.887186115355952,1.8676981047814578,3,0.4
90.00467877510688,-17.887094328606256,1.8831912307394054,3,0.4
90.63071082366605,-17.886997071995523,1.8987810100727405,3,0.4
91.26109726947607,-17.886881767732635,1.9144865123847326,3,0.4
91.895868399765,-17.88676579097874,1.9302830090482723,3,0.4
92.53505471242522,-17.886656540074245,1.9461599182811093,3,0.4
93.17868691747873,-17.88652814088276,1.962156290305678,3,0.4
93.82679593855258,-17.88640131211953,1.9782418418251495,3,0.4
94.47941291436473,-17.88627348354368,1.9944208654930864,3,0.4
95.13656920022001,-17.88612544945893,2.0107232731917044,3,0.4
95.79829636951663,-17.885994584259365,2.027092442239945,3,0.4
96.4646262152632,-17.885845051418375,2.043583977921909,3,0.4
97.13559075160614,-17.885700923323782,2.060161228941096,3,0.4
97.81122221536789,-17.88553635496345,2.0768652208960905,3,0.4
98.49155306759573,-17.88537875690981,2.0936535342455906,3,0.4
99.17661599512138,-17.88520562021302,2.1105623869276573,3,0.4
99.86644391213144,-17.885034380101416,2.1275646577126444,3,0.4
100.56106996174877,-17.884859177548215,2.14467023375043,3,0.4
101.26052751762494,-17.884684142914075,2.161872946826978,3,0.4
101.96485018554354,-17.884503424808116,2.1791828664647968,3,0.4
102.67407180503491,-17.884304517260464,2.1966213635272633,3,0.4
103.388226451002,-17.88410820615762,2.214154831221878,3,0.4
104.10734843535732,-17.883901992913767,2.231804636730908,3,0.4
104.83147230867174,-17.883696685052122,2.24955328760484,3,0.4
105.56063286183424,-17.883486448449997,2.2674111478844767,3,0.4
106.29486512772365,-17.883268781076293,2.2853831413582872,3,0.4
107.03420438289172,-17.8830545013794,2.303451283951408,3,0.4
107.778686149258,-17.882817807232907,2.321660828481888,3,0.4
108.52834619581655,-17.88258950017202,2.3399590411322024,3,0.4
109.28322054035448,-17.882337122980175,2.3584033783222997,3,0.4
110.04334545118235,-17.882091484376605,2.376940401969795,3,0.4
110.80875744887686,-17.881840109688074,2.395592652824854,3,0.4
111.57949330803534,-17.881577185183815,2.4143712841590674,3,0.4
112.35559005904271,-17.881316879678018,2.433251452996142,3,0.4
113.13708498985058,-17.881050053590798,2.452250226480772,3,0.4
113.92401564776874,-17.88078088957517,2.471360600739694,3,0.4
114.71641984126921,-17.88049691965892,2.4906062412844614,3,0.4
115.51433564180275,-17.88021232105475,2.5099616914286242,3,0.4
116.31780138562794,-17.879911296781962,2.5294571388463303,3,0.4
117.12685567565316,-17.87962801326715,2.549028956966855,3,0.4
117.94153738329126,-17.879313364858056,2.568770559539341,3,0.4
118.76188565032712,-17.879001520393704,2.5886180051847147,3,0.4
119.58793989079828,-17.878683346416004,2.608589292605212,3,0.4
120.41973979288862,-17.878349708013502,2.6287029149469094,3,0.4
121.25732532083512,-17.878018122368086,2.6489255767661883,3,0.4
122.10073671684803,-17.87769278209825,2.6692493466238663,3,0.4
122.95001450304433,-17.877341227846607,2.6897389759877433,3,0.4
123.80519948339456,-17.876994304801045,2.710334190125929,3,0.4
124.66633274568338,-17.876636210390487,2.7310671054464923,3,0.4
125.53345566348355,-17.876267800174382,2.7519368806885294,3,0.4
126.40660989814381,-17.875903258913272,2.7729153556544577,3,0.4
127.28583740079048,-17.875526777115716,2.794035355407611,3,0.4
128.17118041434307,-17.875132538931545,2.815309875855783,3,0.4
129.0626814755438,-17.87474472354131,2.836689583450437,3,0.4
129.9603834170013,-17.87433417898231,2.8582359398028356,3,0.4
130.86432936924862,-17.873938414692276,2.879870879937934,3,0.4
131.77456276281538,-17.87352493715044,2.901663473543127,3,0.4
132.69112733031437,-17.873101248929522,2.9235987858802472,3,0.4
133.61406710854286,-17.872664848045655,2.94568307938538,3,0.4
134.5434264405981,-17.872229899350238,2.967886456710297,3,0.4
135.47924997800817,-17.87178389052818,2.990236683215726,3,0.4
136.42158268287693,-17.871334309633255,3.012718098848842,3,0.4
137.3704698300445,-17.87088197162096,3.0353294253154925,3,0.4
138.32595700926237,-17.87040100532637,3.0581291087943647,3,0.4
139.28809012738384,-17.869928898104057,3.0810342832041835,3,0.4
140.25691541056963,-17.86945310774956,3.1040733750922453,3,0.4
141.23247940650882,-17.86895441078283,3.127290874504921,3,0.4
142.2148289866553,-17.868446931354555,3.1506556799718783,3,0.4
143.20401134847972,-17.867941453684992,3.1741435336992545,3,0.4
144.200074017737,-17.867428738849163,3.1977762426129144,3,0.4
145.20306485074994,-17.866902873858535,3.2215683813264766,3,0.4
146.2130320367083,-17.866357935571685,3.245534930396687,3,0.4
147.2300240999843,-17.865824698359784,3.269603742890824,3,0.4
148.25408990246365,-17.865270526512816,3.2938529020015235,3,0.4
149.28527864589356,-17.864706153716064,3.3182577814287475,3,0.4
150.32363987424628,-17.864128955243245,3.3428255614686893,3,0.4
151.3692234760998,-17.863556323571263,3.3675145146637755,3,0.4
152.42207968703445,-17.862962246713252,3.3923888866358203,3,0.4
153.48225909204683,-17.86235741799417,3.4174234393563725,3,0.4
154.54981262797986,-17.86175586087183,3.442583859623993,3,0.4
155.6247915859703,-17.861138199475562,3.4679190458315823,3,0.4
156.70724761391295,-17.860505075286145,3.4934284264415,3,0.4
157.79723271894218,-17.85987047535837,3.5190772702281143,3,0.4
158.8947992699305,-17.859224997841352,3.5448900455829295,3,0.4
160.0000000000048,-17.85856590372577,3.570874610421069,3,0.4
161.11288800907985,-17.857893779007085,3.597030335227253,3,0.4
162.23351676640956,-17.8572192170682,3.6233302450106386,3,0.4
163.36194011315587,-17.856519387644813,3.6498350206073966,3,0.4
164.49821226497562,-17.855821558009517,3.67647353079347,3,0.4
165.6423878146254,-17.855116228995914,3.703271264364824,3,0.4
166.79452173458452,-17.854387196484687,3.730272508832711,3,0.4
167.9546693796959,-17.85365499896963,3.7574228111884413,3,0.4
169.12288648982604,-17.852913422554938,3.784739439997496,3,0.4
170.29922919254284,-17.85215288894149,3.812249395807611,3,0.4
171.4837540058122,-17.851380513746673,3.839934040292615,3,0.4
172.6765178407137,-17.850613426821912,3.8677461812916873,3,0.4
173.87757800417467,-17.84982527122359,3.8957597229913397,3,0.4
175.08699220172375,-17.84901975830427,3.9239653556568572,3,0.4
176.30481854026317,-17.848200579304027,3.952353529637913,3,0.4
177.53111553086072,-17.84737140503046,3.9809144534624843,3,0.4
178.7659420915608,-17.846539230741094,4.0096284098420645,3,0.4
180.00935755021513,-17.84568091856328,4.038562915175368,3,0.4
181.26142164733346,-17.844830183444007,4.067620510426526,3,0.4
182.52219453895353,-17.843937064718226,4.096948212121379,3,0.4
183.7917367995314,-17.843051965472014,4.12639851764924,3,0.4
185.07010942485184,-17.842148295801373,4.156050412694307,3,0.4
186.35737383495882,-17.841232905715827,4.185884192001569,3,0.4
187.65359187710658,-17.840305925632943,4.21589997365383,3,0.4
188.95882582873088,-17.839354064455254,4.246138883835466,3,0.4
190.27313840044144,-17.83839748774727,4.2765401455365355,3,0.4
191.59659273903472,-17.83742954699681,4.307124382976104,3,0.4
192.92925243052787,-17.836443561804934,4.33791286039812,3,0.4
194.27118150321374,-17.83543951995767,4.368906437840075,3,0.4
195.62244443073726,-17.834420730277966,4.400095450367752,3,0.4
196.98310613519297,-17.833393824327544,4.431459340784695,3,0.4
198.35323199024427,-17.832345296207478,4.463041549637089,3,0.4
199.73288782426437,-17.831291771111736,4.494789357890117,3,0.4
201.12213992349908,-17.83021632493234,4.526757661505734,3,0.4
202.5210550352514,-17.82912546373784,4.558926114440806,3,0.4
203.9297003710886,-17.8280156036109,4.591307034041888,3,0.4
205.3481436100714,-17.82689318745651,4.623879752583428,3,0.4
206.77645290200556,-17.82575791885163,4.656645518389735,3,0.4
208.21469687071618,-17.82459940163514,4.689639566419317,3,0.4
209.66294461734503,-17.823417265264062,4.722864091310711,3,0.4
211.12126572367004,-17.822237952748686,4.7562298273638755,3,0.4
212.5897302554489,-17.821030824423985,4.789841087154728,3,0.4
214.06840876578502,-17.819808828670748,4.8236542752279545,3,0.4
215.5573722985176,-17.81857481220255,4.857659725941069,3,0.4
217.05669239163473,-17.817311436664326,4.891918235595869,3,0.4
218.5664410807106,-17.816038261932974,4.926361984203286,3,0.4
220.08669090236637,-17.814741228827607,4.961040723502488,3,0.4
221.6175148977554,-17.813429749932357,4.995921544021244,3,0.4
223.15898661607235,-17.81210648449632,5.030994919608718,3,0.4
224.71118011808713,-17.8107505261111,5.066336501619081,3,0.4
226.27416997970286,-17.809381255154307,5.101876845811934,3,0.4
227.8480312955392,-17.807987764450722,5.137655917561113,3,0.4
229.43283968254013,-17.806586002386187,5.173615317577919,3,0.4
231.02867128360725,-17.805161616009343,5.209807942394999,3,0.4
232.63560277125762,-17.803703564897067,5.246275666751226,3,0.4
234.25371135130806,-17.802244502326413,5.282896381071655,3,0.4
235.88307476658426,-17.800746388711076,5.319813489684194,3,0.4
237.523771300656,-17.799238436930064,5.356916722660764,3,0.4
239.17587978159838,-17.797709438284812,5.394248596617441,3,0.4
240.83947958577906,-17.796161602940252,5.431800659518061,3,0.4
242.51465064167206,-17.794593731974604,5.469577506418398,3,0.4
244.2014734336979,-17.792987737936407,5.507650264884963,3,0.4
245.9000290060905,-17.791376019848848,5.545891947881183,3,0.4
247.61039896679097,-17.7897404054372,5.584373751171448,3,0.4
249.33266549136863,-17.788076147840446,5.623114863447514,3,0.4
251.06691132696898,-17.786381824438546,5.6621215052494085,3,0.4
252.81321979628953,-17.784672830548423,5.7013315614462,3,0.4
254.5716748015829,-17.782947664752704,5.740750411233166,3,0.4
256.3423608286881,-17.781191284092873,5.780439401463637,3,0.4
258.12536295108947,-17.779398712665593,5.820419687562811,3,0.4
259.9207668340045,-17.77759530725499,5.860586111019116,3,0.4
261.72865873849923,-17.775765886546754,5.901001247999229,3,0.4
263.54912552563275,-17.773898588242776,5.941715264525293,3,0.4
265.38225466063074,-17.772025410646673,5.982592498094418,3,0.4
267.2281342170877,-17.770117517891734,6.023754855066649,3,0.4
269.08685288119824,-17.7681831800384,6.0651670473108625,3,0.4
270.95849995601833,-17.7662103475299,6.1068812292872305,3,0.4
272.8431653657559,-17.7642241124738,6.148788127732974,3,0.4
274.74093966009104,-17.762215724898848,6.190924773964419,3,0.4
276.6519140185268,-17.76016623246952,6.233374475336271,3,0.4
278.5761802547697,-17.758103999927812,6.276011144478212,3,0.4
280.51383082114137,-17.755996445712103,6.318979594980413,3,0.4
282.4649588130198,-17.753875247469647,6.362137275080196,3,0.4
284.42965797331277,-17.751707720441594,6.4056313723216345,3,0.4
286.40802269696155,-17.749518698666744,6.44934880378833,3,0.4
288.40014803547615,-17.747302501298243,6.493314467621358,3,0.4
290.4061297015021,-17.745063570054427,6.537506764124954,3,0.4
292.42606407341884,-17.742785964676912,6.581998968473322,3,0.4
294.4600481999708,-17.74047064588649,6.6267865416587854,3,0.4
296.50817980492957,-17.738125321867464,6.671832711559808,3,0.4
298.5705572917893,-17.73575767056378,6.717099798005072,3,0.4
300.64727974849484,-17.73335836423781,6.76263089550215,3,0.4
302.73844695220185,-17.730924817575115,6.808437536937058,3,0.4
304.84415937407124,-17.728447609013866,6.854564842268651,3,0.4
306.964518184096,-17.72594785428227,6.900909151360287,3,0.4
309.09962525596205,-17.723409263277937,6.94754882788721,3,0.4
311.24958317194296,-17.720832492087176,6.994479967642239,3,0.4
313.4144952278283,-17.718221563958632,7.041681629820767,3,0.4
315.59446543788675,-17.715577069288724,7.089149553432813,3,0.4
317.7895985398634,-17.71291318253609,7.136810364415542,3,0.4
320.000000000012,-17.710189575099122,7.184867108540415,3,0.4
322.22577601816215,-17.707444184679446,7.233125700526596,3,0.4
324.4670335328215,-17.70465021816729,7.281721887227026,3,0.4
326.7238802263142,-17.701821723714254,7.330582153407503,3,0.4
328.99642452995374,-17.69895909700963,7.379702564111468,3,0.4
331.2847756292533,-17.69606270455605,7.42907917210398,3,0.4
333.5890434691715,-17.69311581824445,7.478798718952697,3,0.4
335.90933875939425,-17.69013580143771,7.5287677900568335,3,0.4
338.2457729796546,-17.687112689754766,7.579037584291692,3,0.4
340.5984583850881,-17.68406039773792,7.629531151523987,3,0.4
342.96750801162693,-17.68095523103199,7.680374648306444,3,0.4
345.3530356814299,-17.6778076329403,7.7315100055655845,3,0.4
347.75515600835195,-17.67462804018958,7.782877574337747,3,0.4
350.1739844034501,-17.671396077166765,7.8345875273636985,3,0.4
352.60963708052907,-17.66813583000077,7.886503833532118,3,0.4
355.0622310617241,-17.664820015762157,7.938776422447877,3,0.4
357.53188418312425,-17.661452131418404,7.991384432030137,3,0.4
360.0187151004329,-17.658049377038516,8.044228088042923,3,0.4
362.52284329466966,-17.6546049515482,8.097342911930324,3,0.4
365.0443890779098,-17.65111202478604,8.150765464114702,3,0.4
367.58347359906554,-17.647560304293687,8.204553358244903,3,0.4
370.14021884970646,-17.643984123742104,8.258503999005924,3,0.4
372.7147476699204,-17.640349127116455,8.312814749879188,3,0.4
375.30718375421594,-17.63666214457331,8.367443454904055,3,0.4
377.9176516574646,-17.632933448237566,8.422326190016582,3,0.4
380.5462768008857,-17.629149224862992,8.477542203467655,3,0.4
383.1931854780723,-17.625312843757825,8.533068680902302,3,0.4
385.85850486105863,-17.62142767247586,8.58888213735838,3,0.4
388.5423630064304,-17.617500525816922,8.644937249704713,3,0.4
391.2448888614774,-17.613520980388618,8.701293880215914,3,0.4
393.96621227038884,-17.60948203687109,8.757992096868753,3,0.4
396.7064639804915,-17.605390489130727,8.814986655580785,3,0.4
399.4657756485318,-17.601242777961033,8.872296220479033,3,0.4
402.24427984700117,-17.597056075815733,8.929808517733973,3,0.4
405.04211007050577,-17.59279571095914,8.987738854795593,3,0.4
407.85940074218024,-17.588482306237452,9.045953198692565,3,0.4
410.69628722014585,-17.58412614483568,9.10438073311286,3,0.4
413.55290580401413,-17.579692493861426,9.16324133188055,3,0.4
416.42939374143555,-17.575208946674145,9.222352757528142,3,0.4
419.3258892346932,-17.5706754151223,9.281710214581116,3,0.4
422.24253144734325,-17.566074461644796,9.341423658638464,3,0.4
425.179460510901,-17.561426819142355,9.401351286719915,3,0.4
428.13681753157323,-17.556704623569246,9.461673658411364,3,0.4
431.11474459703845,-17.551925160105107,9.522270999307903,3,0.4
434.11338478327275,-17.54708488843652,9.583161895444318,3,0.4
437.13288216142445,-17.542176788290035,9.644389124994198,3,0.4
440.173381804736,-17.53721125608805,9.705876606140453,3,0.4
443.23502979551404,-17.532184781906235,9.767642543397038,3,0.4
446.31797323214806,-17.52707641430953,9.829827081048206,3,0.4
449.4223602361776,-17.521924519026435,9.892157813370455,3,0.4
452.5483399594091,-17.516697701552143,9.954847678498059,3,0.4
455.6960625910818,-17.511395966630406,10.017891937508626,3,0.4
458.8656793650838,-17.506033333849917,10.081185469171968,3,0.4
462.0573425672179,-17.500609875804564,10.144720708134574,3,0.4
465.2712055425187,-17.49510816431305,10.20861647045338,3,0.4
468.5074227026196,-17.489528275609743,10.272867011801917,3,0.4
471.76614953317204,-17.48389136569047,10.337311878628979,3,0.4
475.04754260131557,-17.478165993108185,10.402174310080364,3,0.4
478.3517595632003,-17.472383914873625,10.467214182731386,3,0.4
481.6789591715617,-17.46652072625406,10.532604527950577,3,0.4
485.02930128334776,-17.460583657224362,10.598284997432991,3,0.4
488.40294686739946,-17.454569416686635,10.6642731598917,3,0.4
491.8000580121847,-17.44848530942587,10.730506350561367,3,0.4
495.2207979335857,-17.44232457498243,10.797027887145838,3,0.4
498.665330982741,-17.43606986205102,10.8639636193625,3,0.4
502.1338226539417,-17.429749750269057,10.931086608904973,3,0.4
505.62643959258287,-17.423350485719283,10.998494160117051,3,0.4
509.14334960316967,-17.416865381182177,11.066230489709652,3,0.4
512.68472165738,-17.410301936682743,11.134228874910344,3,0.4
516.2507259021829,-17.403660615371898,11.202476718563862,3,0.4
519.841533668013,-17.396931261658427,11.27104584127252,3,0.4
523.4573174770023,-17.390107270613793,11.339981202912428,3,0.4
527.0982510512695,-17.38320339415523,11.409156109638522,3,0.4
530.7645093212655,-17.376227352060496,11.478497872182698,3,0.4
534.4562684341794,-17.369151281849884,11.54822310606648,3,0.4
538.1737057624005,-17.361990068281926,11.61820172651343,3,0.4
541.9169999120409,-17.35474440341222,11.688417924875289,3,0.4
545.6863307315159,-17.34740429317653,11.758944459524761,3,0.4
549.4818793201863,-17.33997763584423,11.829705800359143,3,0.4
553.3038280370578,-17.332450903338643,11.900805162427783,3,0.4
557.1523605095437,-17.324835655331764,11.972135364151754,3,0.4
561.027661642287,-17.317125587099863,12.043738985624737,3,0.4
564.9299176260438,-17.30932159468857,12.115597739515621,3,0.4
568.8593159466297,-17.30140662686935,12.187847775164796,3,0.4
572.8160453939274,-17.29341042473151,12.26022198292483,3,0.4
576.8002960709567,-17.285323233783288,12.332791870767274,3,0.4
580.8122594030085,-17.277110025414974,12.405852702489504,3,0.4
584.8521281468421,-17.268833240270034,12.478845011622138,3,0.4
588.920096399946,-17.260443471861816,12.552190560603405,3,0.4
593.0163596098636,-17.251930976457963,12.625966263449639,3,0.4
597.1411145835832,-17.243336785690467,12.699793945932647,3,0.4
601.2945594969942,-17.234625906055076,12.773974393321359,3,0.4
605.4768939044083,-17.225821393521322,12.848287052086636,3,0.4
609.688318748147,-17.21689913177627,12.922937944086407,3,0.4
613.9290363681965,-17.207878669117516,12.997735807530157,3,0.4
618.1992505119288,-17.19874684625371,13.07278772313066,3,0.4
622.4991663438906,-17.18950875241012,13.148033238142546,3,0.4
626.8289904556613,-17.180147589499803,13.223615431746097,3,0.4
631.1889308757782,-17.170683156234862,13.299335859422616,3,0.4
635.5791970797316,-17.161098707603294,13.375337639975806,3,0.4
640.0000000000289,-17.15141419331905,13.451417498397683,3,0.4
644.4515520363291,-17.14160188491051,13.52782427954915,3,0.4
648.9340670656479,-17.13167815651316,13.604387477302641,3,0.4
653.4477604526332,-17.12163368940742,13.681181597184644,3,0.4
657.9928490599125,-17.11147762989916,13.758102842630313,3,0.4
662.5695512585116,-17.101189617263564,13.835334144943705,3,0.4
667.178086938348,-17.09079368485464,13.912625054193967,3,0.4
671.8186775187937,-17.080273226202117,13.990122111145222,3,0.4
676.4915459593144,-17.069626446682726,14.067827514658756,3,0.4
681.1969167701814,-17.058859029053963,14.145668541894544,3,0.4
685.935016023259,-17.047950634189725,14.223832921051894,3,0.4
690.7060713628651,-17.036936854495806,14.301945970731806,3,0.4
695.5103120167091,-17.02578248345863,14.380345706075342,3,0.4
700.3479688069056,-17.014497089195412,14.458919071686202,3,0.4
705.2192741610634,-17.003090343706727,14.537549401894058,3,0.4
710.1244621234536,-16.991556990405428,14.616271972618758,3,0.4
715.0637683662537,-16.979880485284745,14.695240259372557,3,0.4
720.0374302008713,-16.96806307221413,14.774414450204295,3,0.4
725.0456865893448,-16.9561297201342,14.85351479633532,3,0.4
730.0887781558251,-16.94403748932892,14.932973577872692,3,0.4
735.1669471981365,-16.93182279940003,15.012388699334206,3,0.4
740.2804376994185,-16.919469195584718,15.09191447880917,3,0.4
745.4294953398465,-16.906967757069683,15.171627568508724,3,0.4
750.6143675084376,-16.89432859931234,15.251400638245837,3,0.4
755.8353033149348,-16.881554315225674,15.331185308755629,3,0.4
761.0925536017771,-16.868628426489895,15.41114027190518,3,0.4
766.3863709561504,-16.8555612069701,15.491134103320325,3,0.4
771.717009722123,-16.842347685021558,15.571200695477858,3,0.4
777.0847260128666,-16.828979042413746,15.651417258394613,3,0.4
782.4897777229608,-16.815469569409505,15.731605206859742,3,0.4
787.9324245407837,-16.801822118250335,15.811710329729015,3,0.4
793.412927960989,-16.788008628855945,15.892025105060139,3,0.4
798.9315512970695,-16.77404741150004,15.972323643117335,3,0.4
804.4885596940084,-16.759925861865717,16.052726772624766,3,0.4
810.0842201410177,-16.745650790961736,16.13313603158688,3,0.4
815.7188014843666,-16.731221297215292,16.213539507120856,3,0.4
821.392574440298,-16.716644336869674,16.293834442807647,3,0.4
827.1058116080346,-16.701895591316443,16.374278546658502,3,0.4
832.8587874828772,-16.686997733053147,16.45458735274101,3,0.4
838.6517784693928,-16.671934280554947,16.53492904831525,3,0.4
844.4850628946929,-16.656708384194847,16.615244282311707,3,0.4
850.3589210218082,-16.641319303212228,16.69551855269926,3,0.4
856.2736350631529,-16.62576236080598,16.775783841052217,3,0.4
862.2294891940834,-16.610048779410704,16.855883133251947,3,0.4
868.226769566552,-16.594162024303063,16.935989124544065,3,0.4
874.2657643228554,-16.57809742551415,17.016134972005304,3,0.4
880.3467636094787,-16.561874337073963,17.096063882466886,3,0.4
886.4700595910348,-16.545488248331154,17.175804334525882,3,0.4
892.635946464303,-16.52892256396701,17.25553295531936,3,0.4
898.844720472362,-16.512176700906384,17.335233321297984,3,0.4
905.096679918825,-16.495262245091094,17.41473883445304,3,0.4
911.3921251821704,-16.478174710605536,17.494078823946293,3,0.4
917.7313587301744,-16.46090553273185,17.573333939403422,3,0.4
924.1146851344428,-16.443458327798428,17.652434266622443,3,0.4
930.5424110850445,-16.425832696529163,17.731359079432394,3,0.4
937.0148454052463,-16.4080364736474,17.809983662611526,3,0.4
943.5322990663512,-16.390048826780173,17.88854387183025,3,0.4
950.0950852026382,-16.37187759640636,17.966915484751564,3,0.4
956.7035191264079,-16.3535183371405,18.045128968690634,3,0.4
963.3579183431307,-16.33498732892441,18.12294984576902,3,0.4
970.0586025667028,-16.316267792401412,18.200565167592238,3,0.4
976.8058937348063,-16.297346958329918,18.278113465224383,3,0.4
983.6001160243768,-16.278245422087053,18.355302768769956,3,0.4
990.4415958671789,-16.258950475713906,18.43227025891995,3,0.4
997.3306619654895,-16.239478768849057,18.508771467415407,3,0.4
1004.267645307891,-16.219809172607892,18.585054289739514,3,0.4
1011.2528791851732,-16.199933040347215,18.661206181735597,3,0.4
1018.2866992063468,-16.179867155770623,18.73697941683132,3,0.4
1025.3694433147675,-16.159615755813043,18.812289220841194,3,0.4
1032.5014518043733,-16.139170329827095,18.887219764123145,3,0.4
1039.6830673360337,-16.118500821838357,18.962145310960466,3,0.4
1046.9146349540124,-16.09765434629264,19.03640835365562,3,0.4
1054.1965021025467,-16.076605204739337,19.110324252057804,3,0.4
1061.5290186425389,-16.055362080441505,19.1837475491489,3,0.4
1068.9125368683667,-16.033903342069674,19.25694300853028,3,0.4
1076.347411524809,-16.01223766193649,19.329765895870437,3,0.4
1083.8339998240897,-15.990382632928132,19.40194729555595,3,0.4
1091.37266146304,-15.968316539806649,19.473754961327334,3,0.4
1098.9637586403808,-15.946048292132334,19.545038202239283,3,0.4
1106.607656074124,-15.923560371406808,19.616010250151973,3,0.4
1114.3047210190957,-15.900883961356644,19.686210917868365,3,0.4
1122.0553232845823,-15.877983768658233,19.75610053216414,3,0.4
1129.859835252096,-15.854873299745604,19.825463371934447,3,0.4
1137.7186318932681,-15.831557299598057,19.894203923557946,3,0.4
1145.6320907878635,-15.808027066206982,19.96241495476224,3,0.4
1153.600592141922,-15.784291932761217,20.0299359059539,3,0.4
1161.6245188060257,-15.760324982879688,20.097118067491984,3,0.4
1169.704256293693,-15.736149188906502,20.1636081950767,3,0.4
1177.840192799901,-15.711760381904188,20.229435823199932,3,0.4
1186.032719219736,-15.6871589646968,20.294565698304638,3,0.4
1194.2822291671753,-15.662345377289357,20.358961842559378,3,0.4
1202.5891189939975,-15.63730149938819,20.422855194456044,3,0.4
1210.9537878088256,-15.612032276071929,20.486146752490217,3,0.4
1219.3766374963034,-15.586552145917178,20.54859912394603,3,0.4
1227.8580727364024,-15.560847565915887,20.610378605664597,3,0.4
1236.3985010238666,-15.534933172335377,20.671243430134183,3,0.4
1244.9983326877905,-15.50878111479646,20.73156957005284,3,0.4
1253.657980911332,-15.482410813671333,20.791045479338152,3,0.4
1262.377861751566,-15.455798899989029,20.84998442352599,3,0.4
1271.1583941594727,-15.428984250341863,20.907787334249253,3,0.4
1280.0000000000673,-15.401943550731673,20.96476657173895,3,0.4
1288.9031040726677,-15.3746628027255,21.0211002170184,3,0.4
1297.8681341313059,-15.34715220960214,21.076609564658312,3,0.4
1306.8955209052763,-15.319441851578352,21.13081898888827,3,0.4
1315.9856981198345,-15.291473554869118,21.184563183893914,3,0.4
1325.1391025170333,-15.263302144190348,21.236997908921587,3,0.4
1334.3561738767062,-15.234868863155462,21.2889709363068,3,0.4
1343.6373550375972,-15.206224069207133,21.339701617755626,3,0.4
1352.9830919186386,-15.177348635680536,21.389446896874908,3,0.4
1362.393833540373,-15.148238259512594,21.43824297446572,3,0.4
1371.8700320465282,-15.118888570800873,21.486127602801435,3,0.4
1381.4121427257405,-15.089310488731332,21.532907894033357,3,0.4
1391.0206240334287,-15.059504896753584,21.578541713594774,3,0.4
1400.6959376138216,-15.029457193949916,21.62322187973107,3,0.4
1410.4385483221372,-14.999173297944157,21.66683091030008,3,0.4
1420.2489242469178,-14.968669747975147,21.70908891869918,3,0.4
1430.1275367325184,-14.93791084457197,21.750511331857354,3,0.4
1440.0748604017533,-14.906918325312898,21.79073954586261,3,0.4
1450.0913731787002,-14.875703800782638,21.829567814186955,3,0.4
1460.177556311661,-14.844236329277503,21.867441658137352,3,0.4
1470.3338943962842,-14.81253274581996,21.904076079657386,3,0.4
1480.560875398848,-14.78058862694948,21.93951141489567,3,0.4
1490.8589906797042,-14.74843763057687,21.97320225404799,3,0.4
1501.2287350168863,-14.71600453589425,22.006278711838284,3,0.4
1511.670606629881,-14.683377885501015,22.03734970022899,3,0.4
1522.1851072035656,-14.650465145587749,22.067815127683673,3,0.4
1532.772741912312,-14.617322391012205,22.096783118296024,3,0.4
1543.4340194442575,-14.583973387141375,22.12385825828184,3,0.4
1554.1694520257447,-14.550340616006226,22.150213404037615,3,0.4
1564.9795554459333,-14.516481331137424,22.174935648072633,3,0.4
1575.8648490815792,-14.482379730566464,22.198243023061835,3,0.4
1586.8258559219898,-14.448065807425976,22.21964305043693,3,0.4
1597.863102594151,-14.413471541371024,22.240165768678136,3,0.4
1608.9771193880288,-14.378650000584877,22.25896050971453,3,0.4
1620.1684402820476,-14.343596784044841,22.276069086143455,3,0.4
1631.4376029687455,-14.308289577956296,22.29181258452556,3,0.4
1642.7851488806082,-14.272741314579886,22.305963735119825,3,0.4
1654.2116232160815,-14.23693520745928,22.318758167092977,3,0.4
1665.7175749657672,-14.20090856158894,22.329588638651682,3,0.4
1677.303556938798,-14.164644814736338,22.338687351090194,3,0.4
1688.9701257893985,-14.128120779636744,22.34639022220041,3,0.4
1700.7178420436294,-14.091374561414952,22.352077433050955,3,0.4
1712.5472701263188,-14.054358005005712,22.356474537913233,3,0.4
1724.4589783881795,-14.01710328707785,22.359054250607002,3,0.4
1736.453539133117,-13.979605539366089,22.359867138158705,3,0.4
1748.531528645724,-13.941878913499469,22.35866727048291,3,0.4
1760.6935272189705,-13.903899383683719,22.355804125640184,3,0.4
1772.940119182083,-13.865681102962121,22.351031931243842,3,0.4
1785.2718929286193,-13.827225598854909,22.344301938829236,3,0.4
1797.6894409447373,-13.788521267530175,22.335769972919678,3,0.4
1810.1933598376636,-13.749596008183882,22.32497692992364,3,0.4
1822.7842503643546,-13.710384829697567,22.312909175944522,3,0.4
1835.4627174603627,-13.670942200462193,22.29869426942968,3,0.4
1848.2293702688994,-13.631276721100447,22.282174313650852,3,0.4
1861.0848221701028,-13.591369804279886,22.263613744242083,3,0.4
1874.0296908105065,-13.551181443344209,22.243608013064808,3,0.4
1887.0645981327166,-13.510775078487438,22.221148607599737,3,0.4
1900.190170405291,-13.47013881259815,22.19639612197595,3,0.4
1913.4070382528298,-13.42926032998802,22.16951694729569,3,0.4
1926.715836686276,-13.388134049811987,22.140572723946782,3,0.4
1940.1172051334202,-13.346746949520975,22.109739282907036,3,0.4
1953.611787469627,-13.305151266161662,22.07618737879813,3,0.4
1967.2002320487684,-13.263283210130925,22.04087463533376,3,0.4
1980.8831917343723,-13.22120308945115,22.002849581338403,3,0.4
1994.661323930994,-13.178853327331773,21.96297148701904,3,0.4
2008.535290615797,-13.136295428062887,21.92027372140738,3,0.4
2022.5057583703617,-13.093463170842659,21.875744746237476,3,0.4
2036.573398412709,-13.05043453226676,21.82816999057286,3,0.4
2050.7388866295505,-13.007150133375418,21.778431220957124,3,0.4
2065.0029036087626,-12.963627007144392,21.726244285415163,3,0.4
2079.366134672083,-12.919843090728174,21.671918617151558,3,0.4
2093.8292699080407,-12.875855736760514,21.61456175861353,3,0.4
2108.3930042051093,-12.831594814744733,21.555209040129768,3,0.4
2123.0580372850936,-12.787126619984653,21.492836128182034,3,0.4
2137.82507373675,-12.74240427464369,21.428124318553333,3,0.4
2152.6948230496346,-12.697454208359243,21.36065203811602,3,0.4
2167.6679996481957,-12.652295488316373,21.29011150790174,3,0.4
2182.7453229260964,-12.6068796694159,21.21720154815656,3,0.4
2197.927517280778,-12.561216629990977,21.141748355258976,3,0.4
2213.2153121482643,-12.515342814722938,21.063187036413854,3,0.4
2228.6094420382083,-12.469208089465509,20.982234468435646,3,0.4
2244.1106465691814,-12.422867030051917,20.898060624405897,3,0.4
2259.7196705042093,-12.376295530297343,20.810997191472442,3,0.4
2275.4372637865536,-12.329477501786446,20.721254201490467,3,0.4
2291.2641815757443,-12.282442157628386,20.62837974799957,3,0.4
2307.2011842838615,-12.235182762587598,20.532448388972796,3,0.4
2323.2490376120686,-12.187682835832463,20.43367383243369,3,0.4
2339.4085125874035,-12.139925120239507,20.332277255558136,3,0.4
2355.6803855998196,-12.09196861792623,20.227383409297687,3,0.4
2372.0654384394898,-12.043826327755973,20.118786262865786,3,0.4
2388.5644583343683,-11.995413220877111,20.00767578772604,3,0.4
2405.178237988013,-11.946809828127833,19.89287911036144,3,0.4
2421.9075756176694,-11.897959158035153,19.77518003437024,3,0.4
2438.753274992625,-11.84888318650469,19.654240476553625,3,0.4
2455.716145472823,-11.799615277558752,19.529568316440894,3,0.4
2472.797002047752,-11.750106653974186,19.401821843146013,3,0.4
2489.9966653755996,-11.700380278448856,19.270653741104113,3,0.4
2507.3159618226828,-11.65041731670486,19.136298101514452,3,0.4
2524.755723503151,-11.600274004425863,18.997954547911192,3,0.4
2542.3167883189644,-11.549910388933863,18.85614972061074,3,0.4
2560.0000000001537,-11.499317860996513,18.7109737818369,3,0.4
2577.806208145355,-11.448509906344329,18.562215802693604,3,0.4
2595.736268262631,-11.397523538545919,18.409352228276525,3,0.4
2613.7910418105726,-11.346316620938575,18.252927324228878,3,0.4
2631.971396239689,-11.294879945467635,18.09303538555969,3,0.4
2650.2782050340866,-11.243239440890482,17.929303300765227,3,0.4
2668.7123477534324,-11.191386260088198,17.761822170618583,3,0.4
2687.274710075215,-11.139384271350568,17.589730219082305,3,0.4
2705.9661838372976,-11.0871523210871,17.414068136847117,3,0.4
2724.7876670807664,-11.034717612426487,17.234452623665167,3,0.4
2743.740064093077,-10.982070681940181,17.05097880544477,3,0.4
2762.824285451502,-10.929240160488611,16.863252739922984,3,0.4
2782.0412480668783,-10.876256236675243,16.670869548208017,3,0.4
2801.391875227664,-10.823031494827923,16.47491398842758,3,0.4
2820.8770966442953,-10.769621309504217,16.2746564382231,3,0.4
2840.4978484938565,-10.716056930161255,16.069684727302725,3,0.4
2860.2550734650586,-10.662288404940885,15.860598391884151,3,0.4
2880.1497208035285,-10.608332936122926,15.64715706991927,3,0.4
2900.1827463574223,-10.554237133672386,15.428768125756813,3,0.4
2920.355112623344,-10.499920372575723,15.206391028776558,3,0.4
2940.6677887925907,-10.445487596261927,14.978732215201624,3,0.4
2961.121750797718,-10.390841847157104,14.74693687968812,3,0.4
2981.717981359431,-10.336076382441206,14.509869169442526,3,0.4
3002.4574700337953,-10.281106280380872,14.268514030700402,3,0.4
3023.3412132597846,-10.225950179387738,14.022621112045352,3,0.4
3044.3702144071544,-10.170706705179962,13.771023648435749,3,0.4
3065.545483824648,-10.115240147093523,13.515271817613659,3,0.4
3086.868038888538,-10.05968284400726,13.253823122413396,3,0.4
3108.338904051513,-10.004010111916772,12.986951055201969,3,0.4
3129.9591108918903,-9.948195584639663,12.714938128758424,3,0.4
3151.7296981631816,-9.892142957968755,12.43882986316474,3,0.4
3173.651711844004,-9.83600938596517,12.156854753719056,3,0.4
3195.726205188326,-9.779786148365174,11.869103991038855,3,0.4
3217.954238776082,-9.723392353922826,11.576442209742472,3,0.4
3240.3368805641194,-9.666959567285808,11.277434252690396,3,0.4
3262.8752059375156,-9.610388010509462,10.973142198807459,3,0.4
3285.570297761241,-9.553721156727937,10.663087528518473,3,0.4
3308.4232464321876,-9.496929016624403,10.347570317813757,3,0.4
3331.435149931559,-9.44001819847644,10.026501830008955,3,0.4
3354.607113877621,-9.383094010193878,9.698791136564719,3,0.4
3377.9402515788224,-9.326048561320755,9.36553610776217,3,0.4
3401.4356840872842,-9.268990225124163,9.025634174288008,3,0.4
3425.094540252663,-9.211807055829754,8.680199653765976,3,0.4
3448.9179567763854,-9.15458955569839,8.328323639209243,3,0.4
3472.9070782662598,-9.097327319447656,7.970108134765674,3,0.4
3497.0630572914743,-9.040052474035186,7.605243494253998,3,0.4
3521.387054437968,-8.982754886493707,7.233831754899764,3,0.4
3545.880238364193,-8.925356004461332,6.856608941485612,3,0.4
3570.543785857265,-8.867954594650511,6.472638653304726,3,0.4
3595.378881889502,-8.810702589284729,6.080539304326222,3,0.4
3620.3867196753545,-8.753265154623982,5.683386471443281,3,0.4
3645.5685007287366,-8.696005993733241,5.277881025119666,3,0.4
3670.9254349207527,-8.638726228010217,4.865835724302036,3,0.4
3696.458740537827,-8.581486668476815,4.446716057214771,3,0.4
3722.1696443402334,-8.524301399963552,4.020413858570084,3,0.4
3748.0593816210417,-8.467236734056382,3.58638203178389,3,0.4
3774.129196265462,-8.410179487676567,3.145605204336503,3,0.4
3800.3803408106105,-8.35316830756015,2.6977610724312693,3,0.4
3826.8140765056887,-8.296434572647547,2.240968330197183,3,0.4
3853.43167337258,-8.239727638615573,1.7773283432436886,3,0.4
3880.2344102668694,-8.183257029813074,1.3051738978674978,3,0.4
3907.223574939284,-8.126874257519505,0.8257337578975326,3,0.4
3934.400464097566,-8.070623756082387,0.33867850999594656,3,0.4
3961.7663834687746,-8.014612063574928,-0.15677727421965285,3,0.4
3989.322647862018,-7.958892368256567,-0.6609738600743748,3,0.4
4017.070581231624,-7.903244169236906,-1.1722048130586729,3,0.4
4045.011516740754,-7.848025173783743,-1.6930788460596082,3,0.4
4073.1467968254487,-7.793012887373438,-2.2218832968433606,3,0.4
4101.477773259132,-7.738292165949989,-2.759179319339364,3,0.4
4130.005807217556,-7.683920281689321,-3.305301395258017,3,0.4
4158.732269344197,-7.629789838544525,-3.8594334862545243,3,0.4
4187.658539816113,-7.576092608901907,-4.422826337622375,3,0.4
4216.78600841025,-7.522894128052613,-4.995812152335468,3,0.4
4246.116074570219,-7.469980222031239,-5.576873768816949,3,0.4
4275.650147473531,-7.417516802849255,-6.167027870454725,3,0.4
4305.389646099301,-7.365497394818136,-6.7661354500374475,3,0.4
4335.335999296423,-7.31395131776984,-7.374285376839539,3,0.4
4365.4906458522255,-7.263098766004177,-7.992717323952224,3,0.4
4395.8550345615895,-7.212787869521689,-8.620357196605354,3,0.4
4426.430624296562,-7.1629332407200135,-9.25659129442683,3,0.4
4457.21888407645,-7.113802248974725,-9.90287479192515,3,0.4
4488.2212931383965,-7.065150910840613,-10.557666851298356,3,0.4
4519.439341008452,-7.017254762331946,-11.2224095056953,3,0.4
4550.874527573141,-6.970196721529323,-11.897384551428324,3,0.4
4582.528363151522,-6.923935325353495,-12.582181859935739,3,0.4
4614.402368567757,-6.878381022458759,-13.276164422479013,3,0.4
4646.498075224173,-6.833525079931113,-13.979150492559121,3,0.4
4678.817025174842,-6.789716426872051,-14.692747086985113,3,0.4
4711.360771199674,-6.746731456655029,-15.415626586439059,3,0.4
4744.130876879015,-6.704608463952924,-16.147810684889905,3,0.4
4777.128916668773,-6.663669666529321,-16.8906294892435,3,0.4
4810.356475976061,-6.62372888754203,-17.64296993439148,3,0.4
4843.815151235375,-6.584780543071705,-18.404606009384793,3,0.4
4877.506549985286,-6.546915652519285,-19.175737287921688,3,0.4
4911.432290945683,-6.510228950990818,-19.95654517347213,3,0.4
4945.594004095541,-6.474716970375164,-20.746772741399578,3,0.4
4979.9933307512365,-6.440477195730189,-21.54657405628425,3,0.4
5014.631923645403,-6.407505749403804,-22.35567294710625,3,0.4
5049.511447006339,-6.376008961107702,-23.174595858431335,3,0.4
5084.633576637967,-6.345824874489955,-24.0024338439313,3,0.4
5120.000000000346,-6.3168345054434205,-24.838507251336132,3,0.4
5155.612416290749,-6.289575315838624,-25.684464057981756,3,0.4
5191.4725365253,-6.263712778920443,-26.538805813460385,3,0.4
5227.582083621183,-6.239346883635494,-27.401593613225206,3,0.4
5263.942792479418,-6.216753219467025,-28.273403345133527,3,0.4
5300.556410068212,-6.195635357369928,-29.152965670879734,3,0.4
5337.424695506905,-6.176387627799973,-30.04116489770363,3,0.4
5374.54942015047,-6.1588832259052975,-30.937254868982826,3,0.4
5411.932367674636,-6.14292601700266,-31.840361393166354,3,0.4
5449.575334161574,-6.128979735185228,-32.751421178320484,3,0.4
5487.480128186196,-6.116785548504043,-33.66937235933054,3,0.4
5525.648570903045,-6.106444447232473,-34.5941315163708,3,0.4
5564.082496133798,-6.097933024735477,-35.52529341305901,3,0.4
5602.78375045537,-6.091605134229448,-36.463295153900354,3,0.4
5641.754193288633,-6.087120165017469,-37.40698286886024,3,0.4
5680.995696987757,-6.084832889460564,-38.356729386113265,3,0.4
5720.51014693016,-6.084390853214706,-39.311436336683975,3,0.4
5760.2994416071,-6.086346018887396,-40.27176369283394,3,0.4
5800.365492714889,-6.089942243793023,-41.23595899081499,3,0.4
5840.710225246731,-6.096062526859757,-42.20516190033809,3,0.4
5881.335577585225,-6.104271543116201,-43.17821750953928,3,0.4
5922.243501595481,-6.114725903113646,-44.15496323993386,3,0.4
5963.435962718906,-6.127176627107572,-45.134663576237784,3,0.4
6004.914940067636,-6.141911219170213,-46.11731293690451,3,0.4
6046.682426519615,-6.158946659328283,-47.102505269168766,3,0.4
6088.740428814354,-6.178159883296988,-48.0896965678825,3,0.4
6131.090967649341,-6.199629726755932,-49.078569798773415,3,0.4
6173.736077777122,-6.223295186686007,-50.06867272574164,3,0.4
6216.6778081030725,-6.249299707748285,-51.05971557267894,3,0.4
6259.918221783827,-6.277577086082169,-52.051235912478184,3,0.4
6303.4593963264115,-6.308057721949369,-53.04279841718301,3,0.4
6347.303423688055,-6.340668944345817,-54.03399618827134,3,0.4
6391.4524103767,-6.3756838937672295,-55.02454407260385,3,0.4
6435.9084775522115,-6.4129554023324475,-56.01398060938818,3,0.4
6480.673761128287,-6.452193909358815,-57.00189393962125,3,0.4
6525.750411875079,-6.4936653763829835,-57.98796964599272,3,0.4
6571.140595522531,-6.537424023767162,-58.971816545954276,3,0.4
6616.846492864425,-6.583521205639275,-59.95302324118904,3,0.4
6662.870299863169,-6.63151956141201,-60.931316414521525,3,0.4
6709.214227755292,-6.681398280175541,-61.90641743989483,3,0.4
6755.880503157695,-6.733756270613273,-62.87773452114081,3,0.4
6802.871368174619,-6.788219891941142,-63.84504012329155,3,0.4
6850.189080505378,-6.844349130079509,-64.80829723391177,3,0.4
6897.835913552822,-6.902664579063074,-65.76686279278726,3,0.4
6945.814156532571,-6.962928696661937,-66.72057573875941,3,0.4
6994.126114583001,-7.0248383053038115,-67.66942983346661,3,0.4
7042.774108875988,-7.088902030924532,-68.61264599812016,3,0.4
7091.760476728439,-7.154745911672835,-69.55029716576819,3,0.4
7141.087571714584,-7.222534447322062,-70.48190605682512,3,0.4
7190.757763779057,-7.292029662811384,-71.4074847590666,3,0.4
7240.773439350762,-7.362997764482463,-72.32712674880842,3,0.4
7291.137001457528,-7.436057442134187,-73.23967688518033,3,0.4
7341.850869841561,-7.51044895408006,-74.14603108473378,3,0.4
7392.917481075709,-7.586589261745452,-75.0453056563894,3,0.4
7444.339288680522,-7.66424396923917,-75.93766005890213,3,0.4
7496.118763242139,-7.743374079425064,-76.82295952608,3,0.4
7548.258392530979,-7.824065780598729,-77.70082633690903,3,0.4
7600.760681621277,-7.906152447999949,-78.57138485659641,3,0.4
7653.628153011434,-7.989471910758289,-79.43480831129379,3,0.4
7706.863346745218,-8.074171503815897,-80.29061169384579,3,0.4
7760.468820533797,-8.160572935632121,-81.1378332620967,3,0.4
7814.447149878626,-8.24796787348504,-81.97795913692492,3,0.4
7868.800928195191,-8.33650281765154,-82.81052202521103,3,0.4
7923.532766937609,-8.426434610252054,-83.63470177353128,3,0.4
7978.645295724095,-8.517197320465414,-84.45185986579799,3,0.4
8034.141162463309,-8.609336547593044,-85.2603811371829,3,0.4
8090.023033481568,-8.702353428091932,-86.06153175346138,3,0.4
8146.293593650958,-8.796610355385123,-86.85413510313657,3,0.4
8202.955546518326,-8.891510899629653,-87.63988531840579,3,0.4
8260.011614435174,-8.987853686651434,-88.41618978406976,3,0.4
8317.464538688457,-9.08477628344366,-89.18567208210757,3,0.4
8375.317079632288,-9.18273872799769,-89.94675934085822,3,0.4
8433.572016820564,-9.281491975743343,-90.70018923868074,3,0.4
8492.232149140504,-9.380954596324168,-91.44618512635104,3,0.4
8551.300294947127,-9.481357710966813,-92.18384683300101,3,0.4
8610.779292198666,-9.582564143470051,-92.91357597793089,3,0.4
8670.671998592914,-9.684392436849812,-93.6359917505229,3,0.4
8730.981291704516,-9.786967265235011,-94.35056678241087,3,0.4
8791.710069123244,-9.8901126318351,-95.05794058250314,3,0.4
8852.86124859319,-9.994095967089669,-95.75698203446663,3,0.4
8914.437768152968,-10.098502510949366,-96.44933968867888,3,0.4
8976.44258627686,-10.203597485845311,-97.13387822397317,3,0.4
9038.878682016972,-10.309167365812858,-97.81147052916691,3,0.4
9101.74905514635,-10.415421811982345,-98.48116395255809,3,0.4
9165.056726303115,-10.522061583148506,-99.14425821311106,3,0.4
9228.804737135582,-10.629204335478342,-99.8002117365468,3,0.4
9292.996150448414,-10.73687312640082,-100.44888845553137,3,0.4
9357.634050349754,-10.845002562575026,-101.09057049968257,3,0.4
9422.721542399418,-10.953530387246339,-101.7255456912964,3,0.4
9488.261753758103,-11.062524019631898,-102.35347008248348,3,0.4
9554.257833337617,-11.171797149701932,-102.97527161360696,3,0.4
9620.712951952195,-11.281542788282632,-103.5899680916134,3,0.4
9687.630302470823,-11.391578845104267,-104.19849254292104,3,0.4
9755.013099970645,-11.502131997800412,-104.79963985339971,3,0.4
9822.864581891441,-11.61282595223283,-105.39542303657367,3,0.4
9891.188008191157,-11.723964441054854,-105.98420391867414,3,0.4
9959.98666150255,-11.835337005672166,-106.56714103428406,3,0.4
10029.26384729088,-11.946933173563032,-107.14431786099304,3,0.4
10099.022894012754,-12.058928731018298,-107.71473319186325,3,0.4
10169.26715327601,-12.171159695906322,-108.27933377687566,3,0.4
10240.000000000768,-12.283579398669316,-108.83841811037328,3,0.4
10311.224832581574,-12.396250463448675,-109.39163271959353,3,0.4
10382.945073050678,-12.509196766951208,-109.93884000404029,3,0.4
10455.164167242447,-12.622267764524578,-110.48098836723314,3,0.4
10527.885584958914,-12.735628062799645,-111.01706998133383,3,0.4
10601.112820136505,-12.849164074594405,-111.54781470172524,3,0.4
10674.849391013888,-12.962801620996188,-112.0737336724932,3,0.4
10749.098840301021,-13.076764368406797,-112.59338388948765,3,0.4
10823.864735349352,-13.190812866621378,-113.1083600354239,3,0.4
10899.15066832323,-13.305038136742233,-113.61808586969501,3,0.4
10974.960256372473,-13.41946348328153,-114.12241933966554,3,0.4
11051.297141806172,-13.533864472319177,-114.62294536446817,3,0.4
11128.16499226768,-13.648636314763094,-115.11692903390804,3,0.4
11205.567500910824,-13.763403962354086,-115.60703042413691,3,0.4
11283.508386577352,-13.878255739992255,-116.09267010326124,3,0.4
11361.991393975597,-13.993362098673774,-116.57262939072045,3,0.4
11441.020293860403,-14.108482902272678,-117.04869234950455,3,0.4
11520.598883214287,-14.22370198369899,-117.52028089700654,3,0.4
11600.730985429864,-14.3390983980726,-117.98682160219552,3,0.4
11681.420450493551,-14.454554808552748,-118.44923195434785,3,0.4
11762.671155170538,-14.570122544384281,-118.90714980979055,3,0.4
11844.48700319105,-14.68579675328752,-119.36063861399754,3,0.4
11926.871925437901,-14.8014679064025,-119.81060263245062,3,0.4
12009.82988013536,-14.917317067081324,-120.25562708638533,3,0.4
12093.36485303932,-15.033260183067975,-120.69640563340063,3,0.4
12177.4808576288,-15.149192815118308,-121.1338317858486,3,0.4
12262.181935298773,-15.265288672686118,-121.5665011736948,3,0.4
12347.472155554336,-15.381370136166028,-121.99592729593586,3,0.4
12433.355616206238,-15.497558096413073,-122.42112616257896,3,0.4
12519.836443567749,-15.613800753697909,-122.84256676698253,3,0.4
12606.918792652916,-15.730142605720978,-123.2598916230759,3,0.4
12694.606847376202,-15.846510547806718,-123.67376910317323,3,0.4
12782.904820753494,-15.962971680148911,-124.08363717401868,3,0.4
12871.816955104521,-16.07938813061977,-124.49076554134558,3,0.4
12961.347522256672,-16.1959162555568,-124.89378057223558,3,0.4
13051.500823750257,-16.312551554150062,-125.29273698044445,3,0.4
13142.28119104516,-16.429161324534164,-125.68888978898526,3,0.4
13233.69298572895,-16.54581022515735,-126.08167929861034,3,0.4
13325.740599726436,-16.66258006613418,-126.47035627096439,3,0.4
13418.428455510686,-16.779302108095195,-126.856556084188,3,0.4
13511.761006315492,-16.896140305606835,-127.23873716614901,3,0.4
13605.74273634934,-17.0129905559685,-127.61793180131522,3,0.4
13700.378161010858,-17.129891967578835,-127.99378868317632,3,0.4
13795.671827105747,-17.246726735006842,-128.36751628032476,3,0.4
13891.628313065248,-17.363726883230488,-128.73682131705587,3,0.4
13988.252229166108,-17.48071672384966,-129.10349330932192,3,0.4
14085.548217752083,-17.5977527026805,-129.46699056885484,3,0.4
14183.520953456982,-17.714796816314944,-129.82773458950945,3,0.4
14282.175143429275,-17.83184920779252,-130.18575944797567,3,0.4
14381.515527558222,-17.949016468404935,-130.53996544328828,3,0.4
14481.546878701633,-18.066136865792945,-130.89209289129005,3,0.4
14582.274002915165,-18.183350798158926,-131.2406694093113,3,0.4
14683.70173968323,-18.300518912869357,-131.58722871425448,3,0.4
14785.834962151528,-18.417760944982938,-131.93049687587128,3,0.4
14888.678577361155,-18.535057824113203,-132.27069909612084,3,0.4
14992.23752648439,-18.652342687162864,-132.60860625061724,3,0.4
15096.516785062071,-18.76963266261385,-132.9440617922389,3,0.4
15201.521363242668,-18.887023035592716,-133.27600493234078,3,0.4
15307.256306022984,-19.00436982913807,-133.6061046362217,3,0.4
15413.726693490553,-19.121783085259825,-133.93312213826815,3,0.4
15520.93764106771,-19.23916969817298,-134.25816688391814,3,0.4
15628.894299757369,-19.35665093129447,-134.5798371081661,3,0.4
15737.6018563905,-19.474090882320116,-134.8997659450129,3,0.4
15847.065533875337,-19.59163711761397,-135.21621100058812,3,0.4
15957.29059144831,-19.7091283498133,-135.53114015888056,3,0.4
16068.282324926739,-19.82668043027695,-135.84317389038932,3,0.4
16180.046066963258,-19.944235811980235,-136.15303870470342,3,0.4
16292.587187302037,-20.06179501823924,-136.46075719953367,3,0.4
16405.911093036775,-20.179385610936368,-136.76600915297803,3,0.4
16520.023228870472,-20.297060283351115,-137.06814089185198,3,0.4
16634.92907737704,-20.41471102483431,-137.3685448865231,3,0.4
16750.634159264704,-20.532365425651186,-137.66689955726804,3,0.4
16867.144033641256,-20.650075128306785,-137.96255550783582,3,0.4
16984.464298281135,-20.767762924511292,-138.2565428690243,3,0.4
17102.600589894384,-20.885504944014475,-138.54788213430595,3,0.4
17221.558584397462,-21.003250637260003,-138.8372621542247,3,0.4
17341.343997185955,-21.121048840708887,-139.1240467940889,3,0.4
17461.962583409164,-21.238850440753367,-139.40891667724654,3,0.4
17583.42013824662,-21.356655989708155,-139.69188977224633,3,0.4
17705.72249718651,-21.47451231525018,-139.97233992906237,3,0.4
17828.875536306066,-21.592360951450775,-140.25109556872945,3,0.4
17952.885172553855,-21.710247921460354,-140.52753443902768,3,0.4
18077.75736403408,-21.828139056055083,-140.80215593403184,3,0.4
18203.498110292836,-21.946067698798842,-141.0745044930068,3,0.4
18330.113452606365,-22.064000641219195,-141.34507334264208,3,0.4
18457.609474271307,-22.18198094206031,-141.61325630483148,3,0.4
18585.99230089697,-22.29994442562846,-141.88000684258125,3,0.4
18715.26810069965,-22.41792351067201,-142.14487362644786,3,0.4
18845.44308479898,-22.535969229579695,-142.40711042473,3,0.4
18976.523507516347,-22.65396895354914,-142.66841810024525,3,0.4
19108.51566667538,-22.772044229223447,-142.926986068071,3,0.4
19241.425903904536,-22.8901437633562,-143.18359727152608,3,0.4
19375.260604941792,-23.008209422635968,-143.43916562434117,3,0.4
19510.026199941436,-23.126347833735093,-143.69206287985475,3,0.4
19645.729163783028,-23.244462985387344,-143.9437946313441,3,0.4
19782.376016382463,-23.36263968555428,-144.19304728659012,3,0.4
19919.973323005244,-23.480794085557136,-144.44115995896956,3,0.4
20058.527694581913,-23.59899966561086,-144.68697917345517,3,0.4
20198.045788025658,-23.71721070543383,-144.93124961709398,3,0.4
20338.53430655217,-23.835436397444226,-145.1738402425318,3,0.4
20480.00000000169,-23.953694047088522,-145.414481118662,3,0.4
20622.4496651633,-24.071957531733474,-145.65361540363037,3,0.4
20765.890146101516,-24.19023566354165,-145.89111400805888,3,0.4
20910.32833448505,-24.308553292653112,-146.1265719409442,3,0.4
21055.771169917985,-24.42687688059127,-146.36056524553862,3,0.4
21202.22564027317,-24.545230940667963,-146.59269105748368,3,0.4
21349.698782027936,-24.66357527939287,-146.82365266258307,3,0.4
21498.197680602203,-24.781957820825916,-147.05263829216872,3,0.4
21647.72947069887,-24.900354546436493,-147.280074259446,3,0.4
21798.301336646622,-25.01876552625395,-147.50597309465564,3,0.4
21949.920512745113,-25.137198314951718,-147.7302134725256,3,0.4
22102.59428361251,-25.255630508537465,-147.95320861821148,3,0.4
22256.32998453553,-25.37409919549824,-148.174305444678,3,0.4
22411.135001821818,-25.492610698054612,-148.393391978302,3,0.4
22567.01677315487,-25.611114307310867,-148.61140244777908,3,0.4
22723.98278795137,-25.7296389125684,-148.8278226799738,3,0.4
22882.04058772098,-25.8481705040054,-149.04292400021652,3,0.4
23041.197766428744,-25.96673658841401,-149.2562032997879,3,0.4
23201.4619708599,-26.085309575521897,-149.46818752043757,3,0.4
23362.840900987278,-26.203889797771545,-149.6788851490114,3,0.4
23525.342310341253,-26.322503628542083,-149.88780223097854,3,0.4
23688.974006382276,-26.441137448377823,-150.09520607548598,3,0.4
23853.743850875984,-26.55977836779904,-150.30135750577668,3,0.4
24019.6597602709,-26.678451681309667,-150.5057715897837,3,0.4
24186.729706078822,-26.79712584785136,-150.70907775691347,3,0.4
24354.96171525778,-26.915831797971997,-150.91067303277492,3,0.4
24524.363870597732,-27.03454484491943,-151.11105789400585,3,0.4
24694.944311108862,-27.15327709337837,-151.30999954741333,3,0.4
24866.711232412665,-27.272016677826166,-151.50774870114623,3,0.4
25039.672887135683,-27.390792601396544,-151.70371954395782,3,0.4
25213.837585306024,-27.50955860385816,-151.89887346529852,3,0.4
25389.213694752598,-27.628354776466253,-152.09239096522455,3,0.4
25565.809641507185,-27.747174930503785,-152.28440434969437,3,0.4
25743.63391020923,-27.866002328020848,-152.4752740182256,3,0.4
25922.695044513537,-27.984853299374812,-152.66466205577075,3,0.4
26103.00164750071,-28.103700990790415,-152.8531524639165,3,0.4
26284.562382090517,-28.222598207855185,-153.03961323154743,3,0.4
26467.385971458098,-28.341486899310873,-153.22530786701543,3,0.4
26651.481199453076,-28.46040343140607,-153.40945241213933,3,0.4
26836.856911021572,-28.579322185250295,-153.59261799041872,3,0.4
27023.522012631187,-28.6982583825897,-153.77447700449926,3,0.4
27211.485472698885,-28.8172118246653,-153.95503979444194,3,0.4
27400.75632202192,-28.93618231444247,-154.13431657121052,3,0.4
27591.3436542117,-29.055179115205455,-154.31210060271653,3,0.4
27783.256626130707,-29.174182983946586,-154.4888368492765,3,0.4
27976.504458332423,-29.293194117738185,-154.66453089947046,3,0.4
28171.096435504372,-29.412221775124905,-154.8389755958307,3,0.4
28367.04190691418,-29.53127022745534,-155.01207478062753,3,0.4
28564.35028685876,-29.65033467074063,-155.18394470368818,3,0.4
28763.031055116662,-29.76941054124576,-155.35469859960946,3,0.4
28963.093757403483,-29.88850208272909,-155.52423947661373,3,0.4
29164.548005830547,-30.00760057322858,-155.6927812976417,3,0.4
29367.403479366687,-30.126714400480886,-155.86012297488995,3,0.4
29571.669924303278,-30.245855494193663,-156.02596603966592,3,0.4
29777.35715472254,-30.364994284727914,-156.19102704031638,3,0.4
29984.475052969006,-30.48415029221648,-156.35479717074253,3,0.4
30193.03357012437,-30.603324657832015,-156.5171716255407,3,0.4
30403.042726485564,-30.722493987875872,-156.67852846228098,3,0.4
30614.512612046197,-30.841623236013753,-156.83903917892894,3,0.4
30827.45338698134,-30.960645306113502,-156.9986762499147,3,0.4
31041.875282135654,-31.079911594980448,-157.15883957211688,3,0.4
31257.788599514974,-31.199333863336594,-157.31585967292932,3,0.4
31475.203712781236,-31.318641886895776,-157.47169499658298,3,0.4
31694.13106775091,-31.43793019444608,-157.62653848597895,3,0.4
31914.581182896858,-31.557214993864413,-157.7805483545306,3,0.4
32136.564649853717,-31.676523647290647,-157.9331362036336,3,0.4
32360.09213392676,-31.795830080310207,-158.08504826498486,3,0.4
32585.17437460432,-31.91515253936575,-158.23581375938844,3,0.4
32811.8221860738,-32.034487794886,-158.38552985737695,3,0.4
33040.04645774119,-32.15383260713874,-158.53429306711814,3,0.4
33269.85815475433,-32.273196831070734,-158.6818351654859,3,0.4
33501.26831852966,-32.392554460724185,-158.8288881284489,3,0.4
33734.28806728276,-32.511940973088265,-158.97446223457726,3,0.4
33968.928596562524,-32.63133375262859,-159.11919673533362,3,0.4
34205.20117978902,-32.750742156674185,-159.26282993461624,3,0.4
34443.11716879519,-32.870162888520575,-159.40545868414858,3,0.4
34682.68799437217,-32.989589827987544,-159.54726477581505,3,0.4
34923.92516681859,-33.109034887709974,-159.68790517149796,3,0.4
35166.8402764935,-33.22848022262356,-159.8279072900107,3,0.4
35411.44499437329,-33.34793765655997,-159.96692923464022,3,0.4
35657.7510726124,-33.46741270736316,-160.1048082069061,3,0.4
35905.77034510798,-33.5868994162946,-160.24172356133738,3,0.4
36155.51472806843,-33.70640039890678,-160.37759849612004,3,0.4
36406.99622058595,-33.825912690042955,-160.51252499349087,3,0.4
36660.22690521301,-33.945428122638155,-160.64675824161478,3,0.4
36915.21894854289,-34.06496010122207,-160.77988919082267,3,0.4
37171.98460179422,-34.18449785368124,-160.9122545928598,3,0.4
37430.53620139958,-34.30404660175032,-161.04369576714524,3,0.4
37690.88616959824,-34.42360621287732,-161.17421947433192,3,0.4
37953.04701503298,-34.54317155882654,-161.30399247633838,3,0.4
38217.03133335104,-34.662757501307006,-161.43254125928226,3,0.4
38482.85180780936,-34.78234406016957,-161.56051051379563,3,0.4
38750.521209883875,-34.901950687395804,-161.68727295156594,3,0.4
39020.05239988316,-35.02155794821287,-161.81346466490209,3,0.4
39291.458327566346,-35.14117776838512,-161.93869886987164,3,0.4
39564.752032765224,-35.26080992640256,-162.0629835252879,3,0.4
39839.94664601079,-35.38044966962489,-162.1864792353599,3,0.4
40117.05538916413,-35.500096971847775,-162.3091907494163,3,0.4
40396.09157605162,-35.61975401131936,-162.43104744552386,3,0.4
40677.068613104646,-35.73942501902969,-162.55190585478837,3,0.4
40960.00000000368,-35.85909682488256,-162.67222113462978,3,0.4
41244.899330326916,-35.978782363852496,-162.79155037792282,3,0.4
41531.78029220334,-36.09847716980214,-162.9100493047748,3,0.4
41820.65666897041,-36.2181770125009,-163.0278696113247,3,0.4
42111.54233983629,-36.33789006780582,-163.1447248853588,3,0.4
42404.45128054665,-36.457614052529664,-163.26069583944837,3,0.4
42699.3975640562,-36.57734087678135,-163.3760753367805,3,0.4
42996.39536120473,-36.69708235978737,-163.49043940688063,3,0.4
43295.458941398065,-36.816820867712124,-163.6044320148842,3,0.4
43596.60267329357,-36.93658139135174,-163.71714088313846,3,0.4
43899.84102549055,-37.056344594592915,-163.82927649394878,3,0.4
44205.18856722535,-37.17611429115885,-163.9407022083398,3,0.4
44512.659969071385,-37.29589227011658,-164.05135367013017,3,0.4
44822.27000364397,-37.415674844222806,-164.16137262391115,3,0.4
45134.033546310086,-37.53547266198852,-164.27035602441129,3,0.4
45447.96557590307,-37.655274871364185,-164.37871790185451,3,0.4
45764.081175442305,-37.77508151823489,-164.48646094841854,3,0.4
46082.39553285784,-37.89489603621205,-164.5934552982834,3,0.4
46402.92394172015,-38.01472501336675,-164.699442999695,3,0.4
46725.681801974904,-38.13455653296474,-164.80489238957767,3,0.4
47050.68462068286,-38.25439721073454,-164.90954496870054,3,0.4
47377.94801276491,-38.37424367673033,-165.01353628788965,3,0.4
47707.487701752325,-38.49410223147975,-165.1166139478815,3,0.4
48039.319520542165,-38.613960105662855,-165.21929606993217,3,0.4
48373.45941215801,-38.73382984120923,-165.3210756476706,3,0.4
48709.923430515926,-38.853703567931134,-165.4222754975534,3,0.4
49048.72774119583,-38.97358431563666,-165.52277338756448,3,0.4
49389.888622218095,-39.0934749470746,-165.62245045549403,3,0.4
49733.4224648257,-39.213367973655096,-165.7216217325528,3,0.4
50000.0,-39.3058401983441,-165.79757147538686,3,0.4
10.0,-14.392513405255263,-0.0411508391281333,4,0.5
10.069555500567189,-14.39266347100802,-0.04110905518035809,4,0.5
10.139594797900294,-14.392794369764895,-0.04105816689525589,4,0.5
10.210121257071936,-14.392939643625315,-0.041002741862331604,4,0.5
10.281138266560667,-14.393085895365886,-0.04094076136858251,4,0.5
10.352649238413779,-14.393236491921982,-0.040872567551562655,4,0.5
10.424657608411218,-14.393374684799623,-0.04079559230598521,4,0.5
10.497166836230678,-14.393520604489844,-0.04071259135971375,4,0.5
10.57018040561381,-14.393680970573683,-0.040624426493185824,4,0.5
10.643701824533608,-14.393825625931543,-0.04052651191535064,4,0.5
10.71773462536294,-14.393988110248078,-0.04042365507229597,4,0.5
10.792282365044281,-14.394148324580893,-0.040312727172689196,4,0.5
10.867348625260592,-14.394306284973608,-0.04019356181439265,4,0.5
10.942937012607405,-14.3944620077049,-0.04006599035591981,4,0.5
11.019051158766118,-14.394625565677494,-0.03993138979015119,4,0.5
11.095694720678463,-14.394780214790808,-0.039787022136952795,4,0.5
11.172871380722214,-14.394939380452598,-0.03963478351629036,4,0.5
11.250584846888108,-14.395116487455963,-0.03947662822097098,4,0.5
11.328838852958,-14.395274681311705,-0.039306603381828925,4,0.5
11.407637158684253,-14.39544414725637,-0.03912928431243008,4,0.5
11.486983549970367,-14.395614847297356,-0.03894291697407227,4,0.5
11.566881839052892,-14.395793502987772,-0.03874841256008975,4,0.5
11.647335864684578,-14.3959633741175,-0.038542884785818354,4,0.5
11.728349492318808,-14.39614458943444,-0.03832942361349199,4,0.5
11.809926614295325,-14.396317058197987,-0.038104556235899256,4,0.5
11.892071150027233,-14.396494206102018,-0.03787029868269267,4,0.5
11.97478704618931,-14.396682755153131,-0.037627603851765785,4,0.5
12.05807827690763,-14.39686596799741,-0.037373487223211765,4,0.5
12.141948843950495,-14.39705727017472,-0.03711001942422663,4,0.5
12.226402776920713,-14.397233223347987,-0.036833008057684975,4,0.5
12.31144413344919,-14.397424009360433,-0.036547411880268936,4,0.5
12.397076999389895,-14.397609542129203,-0.036249584469526856,4,0.5
12.48330548901615,-14.397813300212794,-0.03594341840629236,4,0.5
12.570133745218314,-14.397998444158445,-0.03562226476637449,4,0.5
12.657565939702833,-14.39819850568596,-0.03529180991786741,4,0.5
12.745606273192656,-14.398400103130275,-0.034949499231488775,4,0.5
12.834258975629076,-14.398596557703716,-0.034593917091609167,4,0.5
12.923528306374958,-14.398794594122633,-0.03422604925539274,4,0.5
13.013418554419374,-14.399000936707367,-0.03384691481468433,4,0.5
13.10393403858367,-14.399208907743335,-0.03345509223208236,4,0.5
13.195079107728983,-14.39940512956246,-0.03304787578241135,4,0.5
13.286858140965156,-14.399616430149653,-0.03263001793396068,4,0.5
13.379275547861162,-14.399826081985507,-0.03219819490859887,4,0.5
13.472335768656947,-14.40004081081791,-0.03175344819434526,4,0.5
13.566043274476765,-14.400257291640557,-0.031294929557659786,4,0.5
13.660402567544,-14.400468850260534,-0.030821123898742867,4,0.5
13.755418181397484,-14.400688913194614,-0.030334383244099053,4,0.5
13.851094681109295,-14.400917506566612,-0.02983451023253253,4,0.5
13.947436663504105,-14.401127858535105,-0.02931602009449601,4,0.5
14.044448757380025,-14.401353495025885,-0.028785252498555267,4,0.5
14.142135623731003,-14.401581044359821,-0.02823935269514999,4,0.5
14.240501955970773,-14.40181053473626,-0.02767808805390235,4,0.5
14.33955248015833,-14.4020319463308,-0.02709918301238611,4,0.5
14.439291955225018,-14.402265405363186,-0.026506469361188157,4,0.5
14.539725173203164,-14.402504241810316,-0.025898373874938332,4,0.5
14.640856959456315,-14.402738437683098,-0.02527258618033663,4,0.5
14.742692172911074,-14.402978071256722,-0.024630937521080875,4,0.5
14.845235706290554,-14.403213125935238,-0.023971083857782887,4,0.5
14.94849248634945,-14.403453680272932,-0.02329488422500165,4,0.5
15.05246747411074,-14.403693067983133,-0.022600676990625245,4,0.5
15.15716566510405,-14.40393801908474,-0.021889643847609535,4,0.5
15.26259208960566,-14.404181868512387,-0.021160099642914945,4,0.5
15.368751812880195,-14.404431346941477,-0.020413244858231327,4,0.5
15.475649935423972,-14.404686487577052,-0.01964884633784109,4,0.5
15.58329159321007,-14.404937278941645,-0.01886444024905536,4,0.5
15.69168195793509,-14.405193801213619,-0.018061988680323247,4,0.5
15.800826237267621,-14.405449392724158,-0.017239747132021904,4,0.5
15.910729675098453,-14.405707437392643,-0.01639820553528643,4,0.5
16.02139755179252,-14.405964623299308,-0.015536344116243845,4,0.5
16.13283518444261,-14.406231031366472,-0.014656204634717047,4,0.5
16.245047927124794,-14.406479914932772,-0.013751349742371785,4,0.5
16.358041171155712,-14.406758182644984,-0.012832377979790243,4,0.5
16.471820345351553,-14.407015654902027,-0.011887342719352184,4,0.5
16.586390916288924,-14.407289196259592,-0.010924602662723357,4,0.5
16.70175838856748,-14.407562107248623,-0.009939968558214888,4,0.5
16.817928305074386,-14.407831080727023,-0.008932357996352861,4,0.5
16.93490624725064,-14.408102852472773,-0.007903100897530876,4,0.5
17.052697835359233,-14.408374116240495,-0.006851119722047566,4,0.5
17.17130872875518,-14.408658302556596,-0.005779434655350008,4,0.5
17.290744626157405,-14.408928676614794,-0.004681196651381198,4,0.5
17.411011265922586,-14.409222099016736,-0.0035652584013665684,4,0.5
17.53211442632081,-14.409498449467105,-0.0024213560908072445,4,0.5
17.654059925813208,-14.409781201009578,-0.0012550630285501738,4,0.5
17.776853623331515,-14.410077091394522,-6.785020149334966e-05,4,0.5
17.900501418559564,-14.410359392848374,0.001147380194246636,4,0.5
18.02500925221672,-14.410651577905734,0.0023849033231809307,4,0.5
18.150383106343334,-14.410943653774043,0.003647563468015875,4,0.5
18.27662900458813,-14.411239014222858,0.004934756103438415,4,0.5
18.403753012497624,-14.411531015145743,0.006248514323156357,4,0.5
18.53176123780754,-14.411829743937421,0.0075864497921353325,4,0.5
18.660659830736275,-14.412125211912963,0.008951502337391278,4,0.5
18.790454984280366,-14.412430853068365,0.010340334050109892,4,0.5
18.921152934512047,-14.412723297739603,0.011759562902711247,4,0.5
19.05275996087888,-14.413039400389426,0.013199403430011612,4,0.5
19.18528238650542,-14.413339065879818,0.014671128405138534,4,0.5
19.31872657849705,-14.413649111859456,0.016167626760289884,4,0.5
19.453098948245852,-14.41395621052019,0.017692876482724954,4,0.5
19.588405951738682,-14.414260417081518,0.019247167222134026,4,0.5
19.72465408986733,-14.414571822431908,0.020827916780021525,4,0.5
19.861849908740865,-14.414890482401802,0.022435348132842474,4,0.5
20.00000000000015,-14.415199729382005,0.02407453901240081,4,0.5
20.13911100113453,-14.415509656455033,0.025742881381272682,4,0.5
20.279189595800737,-14.415837045334715,0.02743570621235594,4,0.5
20.42024251414402,-14.416141820242224,0.029165083076526477,4,0.5
20.56227653312149,-14.416464176285373,0.030919414446385615,4,0.5
20.70529847682771,-14.416790795952002,0.03270287703946351,4,0.5
20.849315216822593,-14.417108364616702,0.03451976512299165,4,0.5
20.994333672461515,-14.4174336661962,0.03636527964071317,4,0.5
21.14036081122778,-14.417763420044242,0.0382406545190416,4,0.5
21.28740364906737,-14.41808097151526,0.040151308224308666,4,0.5
21.43546925072604,-14.418413137005574,0.04208920221408443,4,0.5
21.584564730088722,-14.418739920225477,0.04406081249435917,4,0.5
21.734697250521346,-14.419064732765818,0.04606536199429503,4,0.5
21.885874025214974,-14.419390986678255,0.04810203954081212,4,0.5
22.038102317532406,-14.419732123914443,0.0501667624477099,4,0.5
22.191389441357092,-14.420064811824737,0.05226727220641068,4,0.5
22.345742761444598,-14.420399151469457,0.05440058295037273,4,0.5
22.501169693776383,-14.420731872089853,0.05656802156176655,4,0.5
22.657677705916175,-14.421066389999623,0.05876872129207887,4,0.5
22.815274317368676,-14.421402779202406,0.06100289900413869,4,0.5
22.973967099940907,-14.421737772444057,0.06327189672139853,4,0.5
23.13376367810596,-14.422088157944854,0.06557026383231154,4,0.5
23.29467172936933,-14.422427273573044,0.06790726968818223,4,0.5
23.456698984637793,-14.422751856732747,0.07028437417574764,4,0.5
23.619853228590827,-14.423102092700944,0.07268794888557478,4,0.5
23.784142300054643,-14.423444640294738,0.07512972410696432,4,0.5
23.949574092378796,-14.42378626566274,0.07760760795961884,4,0.5
24.11615655381544,-14.424127051619726,0.08012181361355927,4,0.5
24.28389768790117,-14.424467082087757,0.08267255035385618,4,0.5
24.452805553841607,-14.424813125089877,0.0852576079670124,4,0.5
24.622888266898567,-14.42515858351028,0.08787956669777301,4,0.5
24.794153998779972,-14.425510226995957,0.0905361710211906,4,0.5
24.966610978032485,-14.425861461393449,0.09323002846410436,4,0.5
25.140267490436816,-14.42620569448518,0.0959638160874393,4,0.5
25.315131879405854,-14.426549699608424,0.09873526536815497,4,0.5
25.4912125463855,-14.426903590832666,0.10154076463148999,4,0.5
25.668517951258348,-14.427244076497988,0.1043893145619601,4,0.5
25.847056612750112,-14.427594635729477,0.10727222038668752,4,0.5
26.026837108838944,-14.427945342271059,0.11019343760594978,4,0.5
26.20786807716754,-14.428296293197565,0.11315312605733441,4,0.5
26.390158215458165,-14.428650926860723,0.11615012852026028,4,0.5
26.573716281930512,-14.428992642981882,0.11919117543337507,4,0.5
26.758551095722524,-14.42934492260906,0.12226720698808223,4,0.5
26.944671537314093,-14.429691168468494,0.12538498355466215,4,0.5
27.13208654895373,-14.430054861818572,0.12853523440385628,4,0.5
27.320805135088207,-14.43039269314715,0.1317356485892185,4,0.5
27.510836362795175,-14.430744843523318,0.13497012249561374,4,0.5
27.7021893622188,-14.431101401612413,0.13824280064367195,4,0.5
27.89487332700842,-14.431442441674552,0.14156212686333408,4,0.5
28.088897514760255,-14.43178810992842,0.1449199410820463,4,0.5
28.284271247462218,-14.432138517949852,0.14831631415958824,4,0.5
28.48100391194176,-14.43249044010811,0.15175273635135125,4,0.5
28.679104960316874,-14.432840652733685,0.1552307347938391,4,0.5
28.878583910450253,-14.43319261106815,0.15874897978048252,4,0.5
29.079450346406546,-14.433536417995128,0.162311925113367,4,0.5
29.28171391891285,-14.43388220866171,0.1659153357244304,4,0.5
29.485384345822368,-14.434233442268967,0.16955779929624565,4,0.5
29.690471412581335,-14.434583564978286,0.17324232720559196,4,0.5
29.896984972699123,-14.434929363420657,0.17697051162442468,4,0.5
30.104934948221704,-14.435280977260268,0.18073792782420275,4,0.5
30.314331330208326,-14.435615170151197,0.18455526459932456,4,0.5
30.52518417921155,-14.435972123216702,0.1884043210429367,4,0.5
30.73750362576062,-14.436311916389881,0.19230350568860619,4,0.5
30.951299870848175,-14.436651370428146,0.1962452513708177,4,0.5
31.16658318642038,-14.437000631117359,0.20022489624564005,4,0.5
31.38336391587042,-14.437343148359965,0.2042503031304436,4,0.5
31.60165247453548,-14.43767906068414,0.20832158600352618,4,0.5
31.82145935019715,-14.438025192289391,0.21243081293189128,4,0.5
32.04279510358529,-14.438371673456349,0.21658276660017506,4,0.5
32.26567036888546,-14.4387153107846,0.2207791036228218,4,0.5
32.49009585424984,-14.439042903881917,0.22502645835619486,4,0.5
32.716082342311665,-14.439387964417387,0.22930845589897506,4,0.5
32.94364069070335,-14.4397206136036,0.23363994385397152,4,0.5
33.172781832578096,-14.44005101150559,0.2380160254139801,4,0.5
33.40351677713521,-14.440392654838288,0.24242995219011007,4,0.5
33.63585661014903,-14.44072568184837,0.24689184426825533,4,0.5
33.86981249450153,-14.441056921372446,0.25139835653894615,4,0.5
34.10539567071872,-14.441389867678332,0.255947769037549,4,0.5
34.34261745751061,-14.441718010114304,0.2605435439885808,4,0.5
34.58148925231507,-14.442044846963778,0.2651839624105892,4,0.5
34.822022531845434,-14.442367207707033,0.26987079328835234,4,0.5
35.064228852641875,-14.442705270463899,0.27459334679395886,4,0.5
35.30811985162668,-14.443015846743965,0.2793748055441961,4,0.5
35.55370724666329,-14.443345799324764,0.2841900805992881,4,0.5
35.80100283711939,-14.443671955534906,0.28905168934346565,4,0.5
36.05001850443371,-14.443987821604644,0.29396331933329756,4,0.5
36.30076621268694,-14.44431691818604,0.2989120696314368,4,0.5
36.55325800917653,-14.444622744159677,0.3039182824467558,4,0.5
36.80750602499552,-14.444945496562143,0.30895960406360584,4,0.5
37.06352247561536,-14.445255349250434,0.31405283614872126,4,0.5
37.32131966147283,-14.445572495221908,0.3191866153206768,4,0.5
37.58090996856101,-14.445873783997655,0.32437426237806327,4,0.5
37.84230586902438,-14.446189414196795,0.329598454269093,4,0.5
38.105519921758045,-14.446489573167296,0.3348765233374548,4,0.5
38.37056477301113,-14.446797794884796,0.34019481219721587,4,0.5
38.63745315699439,-14.447104276000207,0.3455590868583625,4,0.5
38.906197896491996,-14.447405884210047,0.3509712859680335,4,0.5
39.176811903477656,-14.447706156790883,0.35642937406421216,4,0.5
39.449308179734956,-14.448008633347154,0.36193124972926527,4,0.5
39.72369981748203,-14.448296855927952,0.367487009703042,4,0.5
40.000000000000604,-14.448597702168541,0.373080276111606,4,0.5
40.27822200226936,-14.448888053443262,0.3787252979911489,4,0.5
40.55837919160177,-14.449178125938664,0.38441584535757556,4,0.5
40.840485028288356,-14.449471471597125,0.3901497082046006,4,0.5
41.124553066243294,-14.449754981015325,0.3959352161550746,4,0.5
41.410596953655734,-14.450035544885809,0.40176811895759884,4,0.5
41.6986304336455,-14.450323388515049,0.40764188013066105,4,0.5
41.98866734492334,-14.450608743918213,0.4135627825919412,4,0.5
42.28072162245588,-14.450885179619902,0.419535109374815,4,0.5
42.57480729813507,-14.451156264428555,0.4255566608306754,4,0.5
42.8709385014524,-14.451435566313712,0.4316185104028352,4,0.5
43.16912946017777,-14.451703333584923,0.43773381354302726,4,0.5
43.46939450104301,-14.451979803910763,0.4438890938588712,4,0.5
43.771748050430276,-14.45223523680291,0.4501044981145425,4,0.5
44.07620463506514,-14.452499871152034,0.4563596317136296,4,0.5
44.38277888271451,-14.45276396463375,0.4626611161677643,4,0.5
44.69148552288952,-14.453024442382556,0.46901112995237776,4,0.5
45.00233938755311,-14.45328156456525,0.47540957640940695,4,0.5
45.315355411832684,-14.453538925983576,0.48185399794588535,4,0.5
45.63054863473769,-14.453786798589764,0.4883513478717797,4,0.5
45.947934199882155,-14.454028783931687,0.49489922540820624,4,0.5
46.26752735621227,-14.454281811340131,0.5014855242547203,4,0.5
46.58934345873901,-14.45452616898927,0.5081244509258844,4,0.5
46.913397969275934,-14.45477213013313,0.5148086454527807,4,0.5
47.23970645718201,-14.455009984337998,0.5215452921156052,4,0.5
47.56828460010965,-14.455250010975078,0.5283269089036419,4,0.5
47.89914818475796,-14.455472514246647,0.5351682681306329,4,0.5
48.232313107631235,-14.455711096326787,0.5420443154581652,4,0.5
48.5677953758027,-14.455946068166226,0.548969807454993,4,0.5
48.90561110768358,-14.456167738198587,0.555952277641749,4,0.5
49.2457765337975,-14.456393063640412,0.5629788973094841,4,0.5
49.58830799756032,-14.456615690550363,0.5700545938383883,4,0.5
49.933221956065346,-14.456832599388163,0.5771818275278107,4,0.5
50.280534980874016,-14.45704077476562,0.5843631277930869,4,0.5
50.630263758812085,-14.457257186893216,0.5915851967769178,4,0.5
50.982425092771386,-14.457462175786056,0.5988636991347557,4,0.5
51.33703590251707,-14.45767937919294,0.6061798062207893,4,0.5
51.69411322550061,-14.457879154990742,0.6135574663650142,4,0.5
52.05367421767828,-14.458078487843704,0.620983133448733,4,0.5
52.41573615433548,-14.458277715070114,0.6284565977176588,4,0.5
52.78031643091672,-14.45847717807201,0.6359776398650849,4,0.5
53.14743256386143,-14.458663902593932,0.6435571882993691,4,0.5
53.517102191445446,-14.458854887588855,0.651181200596042,4,0.5
53.8893430746286,-14.459053815880463,0.6588465363491026,4,0.5
54.264173097907864,-14.459234406952284,0.6665756230370853,4,0.5
54.64161027017682,-14.459413671395628,0.6743542055920252,4,0.5
55.02167272559077,-14.459601963668742,0.6821733878876725,4,0.5
55.40437872443802,-14.459769687519593,0.6900589847277719,4,0.5
55.78974665401725,-14.459940524196618,0.6979905900980606,4,0.5
56.17779502952094,-14.460111522531236,0.7059708501097464,4,0.5
56.56854249492486,-14.460279735784043,0.7140024853421736,4,0.5
56.962007823883944,-14.460438892458834,0.7220912931891197,4,0.5
57.358209920634174,-14.460599372030853,0.7302281200042288,4,0.5
57.75716782090094,-14.460758241085301,0.7384157180369888,4,0.5
58.158900692813525,-14.460912570594697,0.7466569160068653,4,0.5
58.56342783782614,-14.46106942384679,0.7549453501949703,4,0.5
58.97076869164518,-14.46120590608503,0.7633024783482777,4,0.5
59.38094282516311,-14.461359051703893,0.7716939443982817,4,0.5
59.79396994539869,-14.461499317128121,0.7801475429307304,4,0.5
60.209869896443855,-14.461637112713024,0.7886537041558139,4,0.5
60.628662660417106,-14.46177286629445,0.7972121833044709,4,0.5
61.05036835842356,-14.461903681296063,0.8058259502840055,4,0.5
61.4750072515217,-14.462039981598998,0.8144850492562206,4,0.5
61.90259974169682,-14.462165564595836,0.8232054288959878,4,0.5
62.33316637284123,-14.462280877221847,0.8319870031855219,4,0.5
62.766727831741306,-14.462406343976426,0.840809735017319,4,0.5
63.20330494907143,-14.462519119548947,0.8496965101154601,4,0.5
63.642918700394766,-14.462642966639825,0.8586236731963584,4,0.5
64.08559020717105,-14.4627483927861,0.86762121046936,4,0.5
64.5313407377714,-14.462865827570425,0.8766583999142858,4,0.5
64.98019170850016,-14.462955802949818,0.8857759762836086,4,0.5
65.43216468462381,-14.463062072972168,0.8949290830667295,4,0.5
65.8872813814072,-14.463165151655229,0.9041379701816621,4,0.5
66.34556366515669,-14.463255544633542,0.9134129096981641,4,0.5
66.80703355427093,-14.46334040553034,0.9227467281416593,4,0.5
67.27171322029855,-14.463436878871402,0.9321213134643163,4,0.5
67.73962498900357,-14.463515514154588,0.9415684007252845,4,0.5
68.21079134143795,-14.463600123233434,0.9510626445388028,4,0.5
68.68523491502174,-14.463674580449556,0.9606217634818809,4,0.5
69.16297850463066,-14.463749393895673,0.9702345632890332,4,0.5
69.6440450636914,-14.46382176261488,0.9799043301038338,4,0.5
70.12845770528428,-14.463882234045949,0.9896418988236009,4,0.5
70.61623970325388,-14.463954645967359,0.9994208286203772,4,0.5
71.10741449332713,-14.464016242384535,1.0092668926534976,4,0.5
71.60200567423932,-14.46406424385768,1.019183729741504,4,0.5
72.10003700886796,-14.464129161023987,1.029136669924848,4,0.5
72.60153242537443,-14.464181597353301,1.0391596476187206,4,0.5
73.10651601835362,-14.46422544636805,1.0492486168246165,4,0.5
73.61501204999159,-14.464267935703102,1.0593954764558402,4,0.5
74.12704495123128,-14.464306312855964,1.0696037349403265,4,0.5
74.64263932294622,-14.464334502346414,1.079880972058154,4,0.5
75.16181993712259,-14.464373062015701,1.0902028991573203,4,0.5
75.68461173804933,-14.464402613530236,1.1005929725222554,4,0.5
76.21103984351666,-14.464423754773883,1.1110509135496824,4,0.5
76.74112954602285,-14.464443746234057,1.1215682279177959,4,0.5
77.27490631398935,-14.464463197007067,1.1321444147566033,4,0.5
77.81239579298456,-14.46448272156347,1.1427789471784948,4,0.5
78.3536238069559,-14.464496282969975,1.1534796432312995,4,0.5
78.8986163594705,-14.464501178301965,1.1642503185590587,4,0.5
79.44739963496465,-14.464511352928493,1.175073653444171,4,0.5
80.00000000000179,-14.464510800746748,1.185970305436771,4,0.5
80.55644400453932,-14.464513478329808,1.1969227488990999,4,0.5
81.11675838320417,-14.464500061768202,1.2079563219987657,4,0.5
81.68097005657731,-14.464484518817553,1.219053384307917,4,0.5
82.24910613248719,-14.464470837098668,1.230208972383384,4,0.5
82.8211939073121,-14.464459681141928,1.2414223992768891,4,0.5
83.39726086729164,-14.464431748392236,1.2527197319337702,4,0.5
83.97733468984731,-14.464401029173127,1.2640828103052324,4,0.5
84.56144324491237,-14.464378190816314,1.2754974617924209,4,0.5
85.14961459627077,-14.464340618050091,1.2869947027481954,4,0.5
85.74187700290544,-14.46429898896959,1.2985604919243106,4,0.5
86.33825892035618,-14.464263987786747,1.3101803658802456,4,0.5
86.93878900208668,-14.464232988483259,1.321858070145534,4,0.5
87.54349610086122,-14.46418006720773,1.3336302973901877,4,0.5
88.15240927013093,-14.46412258204271,1.3454733329434903,4,0.5
88.7655577654297,-14.464064580814956,1.357381801206702,4,0.5
89.38297104577971,-14.463996800203496,1.3693693341323985,4,0.5
90.00467877510688,-14.463933286161861,1.381416138119909,4,0.5
90.63071082366605,-14.463871444191396,1.3935261507211845,4,0.5
91.26109726947607,-14.46379203846871,1.4057278989315454,4,0.5
91.895868399765,-14.463712459918307,1.417996448903449,4,0.5
92.53505471242522,-14.46364011761655,1.4303210361038232,4,0.5
93.17868691747873,-14.463555790138106,1.44273060215932,4,0.5
93.82679593855258,-14.463466896110814,1.4552145890132284,4,0.5
94.47941291436473,-14.463377530047799,1.4677671918302708,4,0.5
95.13656920022001,-14.463268483786084,1.480418202518853,4,0.5
95.79829636951663,-14.46317715810483,1.493110734028628,4,0.5
96.4646262152632,-14.46306104624993,1.5059106810666858,4,0.5
97.13559075160614,-14.462957559449897,1.518760494666559,4,0.5
97.81122221536789,-14.462834187920134,1.531711390134448,4,0.5
98.49155306759573,-14.462718363864857,1.5447207026681777,4,0.5
99.17661599512138,-14.462594235154075,1.5578138664536363,4,0.5
99.86644391213144,-14.462465933584403,1.5709847973907891,4,0.5
100.56106996174877,-14.462334265393661,1.5842326284391373,4,0.5
101.26052751762494,-14.46220337121872,1.5975510016783891,4,0.5
101.96485018554354,-14.462060744353266,1.6109607970229292,4,0.5
102.67407180503491,-14.461907202606408,1.6244613680954927,4,0.5
103.388226451002,-14.461756890101583,1.6380297665116932,4,0.5
104.10734843535732,-14.461597310818973,1.6516872106706872,4,0.5
104.83147230867174,-14.461445947985393,1.6654047042400528,4,0.5
105.56063286183424,-14.461283650664926,1.679214941232237,4,0.5
106.29486512772365,-14.461114586086028,1.69311145586776,4,0.5
107.03420438289172,-14.460942925041856,1.7070875775457366,4,0.5
107.778686149258,-14.460756186254917,1.721165461766251,4,0.5
108.52834619581655,-14.460578533731411,1.7353035472034581,4,0.5
109.28322054035448,-14.46037750421044,1.749559192686502,4,0.5
110.04334545118235,-14.460190593924915,1.7638668157566817,4,0.5
110.80875744887686,-14.459992006364173,1.7782724408913115,4,0.5
111.57949330803534,-14.459782597796107,1.7927752645825499,4,0.5
112.35559005904271,-14.459569890267176,1.8073623225940314,4,0.5
113.13708498985058,-14.459358077133167,1.8220263639913938,4,0.5
113.92401564776874,-14.459144690009154,1.8367722052774174,4,0.5
114.71641984126921,-14.458923929975448,1.8516109738970834,4,0.5
115.51433564180275,-14.458696663169775,1.8665416338330962,4,0.5
116.31780138562794,-14.458453760205929,1.881581929916167,4,0.5
117.12685567565316,-14.458222749279724,1.896680567338404,4,0.5
117.94153738329126,-14.457967842981095,1.9119057151505856,4,0.5
118.76188565032712,-14.457716572464738,1.9272056718352089,4,0.5
119.58793989079828,-14.457466477390582,1.9425853461888787,4,0.5
120.41973979288862,-14.457195098784059,1.958088782941001,4,0.5
121.25732532083512,-14.456926639184946,1.9736696007022583,4,0.5
122.10073671684803,-14.456658638254114,1.9893328298138726,4,0.5
122.95001450304433,-14.456371967214297,2.0051168336952756,4,0.5
123.80519948339456,-14.456090830954702,2.0209741183896464,4,0.5
124.66633274568338,-14.455806099871717,2.0369231683738684,4,0.5
125.53345566348355,-14.455505307550334,2.05298976551165,4,0.5
126.40660989814381,-14.455202656810552,2.069145770292601,4,0.5
127.28583740079048,-14.45489568031352,2.085396619021979,4,0.5
128.17118041434307,-14.454571904826752,2.101768671229609,4,0.5
129.0626814755438,-14.454262202641656,2.1181983391682255,4,0.5
129.9603834170013,-14.45392408440846,2.1347747642543893,4,0.5
130.86432936924862,-14.453595088381574,2.151419824126257,4,0.5
131.77456276281538,-14.453256060360504,2.16817427752905,4,0.5
132.69112733031437,-14.452907850595683,2.1850369867254793,4,0.5
133.61406710854286,-14.452554641235807,2.2019995449964265,4,0.5
134.5434264405981,-14.452197275901774,2.2190605738060794,4,0.5
135.47924997800817,-14.451823250428522,2.2362479575367438,4,0.5
136.42158268287693,-14.451453413920692,2.2535165714280234,4,0.5
137.3704698300445,-14.451088597775271,2.2708645905100115,4,0.5
138.32595700926237,-14.450689590643195,2.288379939067054,4,0.5
139.28809012738384,-14.45029390956857,2.3059796929738265,4,0.5
140.25691541056963,-14.449902368970706,2.3236620481809442,4,0.5
141.23247940650882,-14.449489080408252,2.341486293592808,4,0.5
142.2148289866553,-14.449074864436982,2.3594056426476886,4,0.5
143.20401134847972,-14.448650502049018,2.3774417339279985,4,0.5
144.200074017737,-14.44822679077765,2.3955699867675198,4,0.5
145.20306485074994,-14.447791157367497,2.413820146637416,4,0.5
146.2130320367083,-14.447344369633107,2.432191140229497,4,0.5
147.2300240999843,-14.446897202042337,2.4506579481497957,4,0.5
148.25408990246365,-14.446437052547342,2.4692510372663357,4,0.5
149.28527864589356,-14.445974677985006,2.4879451534309753,4,0.5
150.32363987424628,-14.445494115470815,2.5067794572727893,4,0.5
151.3692234760998,-14.445012780658129,2.5257122409669397,4,0.5
152.42207968703445,-14.444518026942891,2.544774922091974,4,0.5
153.48225909204683,-14.444020571753825,2.5639416188045594,4,0.5
154.54981262797986,-14.443514423313324,2.583227586135447,4,0.5
155.6247915859703,-14.443000256791663,2.602631659686938,4,0.5
156.70724761391295,-14.44247205353581,2.6221696331047726,4,0.5
157.79723271894218,-14.44195050695983,2.6417893565501864,4,0.5
158.8947992699305,-14.441406186245281,2.661566373553934,4,0.5
160.0000000000048,-14.44085641686286,2.68145698951106,4,0.5
161.11288800907985,-14.440301807073938,2.7014599439017397,4,0.5
162.23351676640956,-14.439732924113784,2.7216003387809824,4,0.5
163.36194011315587,-14.43914700117082,2.7418862940420703,4,0.5
164.49821226497562,-14.438571337719354,2.7622459221073212,4,0.5
165.6423878146254,-14.437976397111424,2.7827579809600613,4,0.5
166.79452173458452,-14.437366047216514,2.803413054387229,4,0.5
167.9546693796959,-14.43676085715964,2.8241559479740115,4,0.5
169.12288648982604,-14.436134572191472,2.845058317000236,4,0.5
170.29922919254284,-14.435497694604777,2.8660922909808875,4,0.5
171.4837540058122,-14.434857367137166,2.8872385355142414,4,0.5
172.6765178407137,-14.434210681357513,2.9085052964541944,4,0.5
173.87757800417467,-14.433551362344073,2.9299105187914734,4,0.5
175.08699220172375,-14.432876457569058,2.951463191951878,4,0.5
176.30481854026317,-14.432189683543395,2.9731534653690836,4,0.5
177.53111553086072,-14.431501428932222,2.994951984806791,4,0.5
178.7659420915608,-14.430798638827342,3.016896493306861,4,0.5
180.00935755021513,-14.430078270625922,3.038996544831537,4,0.5
181.26142164733346,-14.429367382058139,3.061173493690353,4,0.5
182.52219453895353,-14.428616024111294,3.0835742978747187,4,0.5
183.7917367995314,-14.42788133597456,3.106030980479306,4,0.5
185.07010942485184,-14.427116659024605,3.1286821926873176,4,0.5
186.35737383495882,-14.42634895967803,3.1514480654508983,4,0.5
187.65359187710658,-14.425571699555606,3.174348363673904,4,0.5
188.95882582873088,-14.424771611647067,3.1974239788710075,4,0.5
190.27313840044144,-14.423975594378,3.220593082023163,4,0.5
191.59659273903472,-14.423156926145968,3.2439379900217347,4,0.5
192.92925243052787,-14.422335754469424,3.267396789154667,4,0.5
194.27118150321374,-14.4214852918613,3.291053523748278,4,0.5
195.62244443073726,-14.42062898171169,3.3148353722402377,4,0.5
196.98310613519297,-14.419766785271849,3.338742381360417,4,0.5
198.35323199024427,-14.418885223651142,3.3628177504428405,4,0.5
199.73288782426437,-14.418000956212255,3.3870083661439434,4,0.5
201.12213992349908,-14.417097085974417,3.411368898375114,4,0.5
202.5210550352514,-14.416180151696095,3.4358786550511633,4,0.5
203.9297003710886,-14.415246600426483,3.4605496575464447,4,0.5
205.3481436100714,-14.414302908438724,3.485360888939866,4,0.5
206.77645290200556,-14.41334881166637,3.51031328148038,4,0.5
208.21469687071618,-14.412373944922678,3.535441805957393,4,0.5
209.66294461734503,-14.411377971026177,3.5607483395482773,4,0.5
211.12126572367004,-14.410387371379699,3.586143154740955,4,0.5
212.5897302554489,-14.409378249560273,3.6117073086599976,4,0.5
214.06840876578502,-14.408343447500213,3.6374660985700986,4,0.5
215.5573722985176,-14.407305990684492,3.6633402319656043,4,0.5
217.05669239163473,-14.406241859208173,3.6894133677351957,4,0.5
218.5664410807106,-14.405170651851908,3.7156172514442516,4,0.5
220.08669090236637,-14.4040783438654,3.7420013822822384,4,0.5
221.6175148977554,-14.402974385979405,3.7685324682506978,4,0.5
223.15898661607235,-14.401861475097274,3.795200635944946,4,0.5
224.71118011808713,-14.400718740092145,3.82208132015704,4,0.5
226.27416997970286,-14.399565602027584,3.8491046338582673,4,0.5
227.8480312955392,-14.398391191314028,3.8763102679534436,4,0.5
229.43283968254013,-14.397211497205639,3.903639395336049,4,0.5
231.02867128360725,-14.396012205072497,3.931144655542355,4,0.5
232.63560277125762,-14.394782313955133,3.9588676477490528,4,0.5
234.25371135130806,-14.39355452058518,3.986685733113687,4,0.5
235.88307476658426,-14.392290823780103,4.014742194298349,4,0.5
237.523771300656,-14.391020480325913,4.042926248272922,4,0.5
239.17587978159838,-14.389732323079894,4.071280132380727,4,0.5
240.83947958577906,-14.388428605179094,4.099795035852708,4,0.5
242.51465064167206,-14.387101434292507,4.128501581746698,4,0.5
244.2014734336979,-14.38575297655557,4.1573915546810145,4,0.5
245.9000290060905,-14.384395466329618,4.186416528089573,4,0.5
247.61039896679097,-14.383017512548816,4.215621088505374,4,0.5
249.33266549136863,-14.381607671718763,4.245051215967454,4,0.5
251.06691132696898,-14.380184794263936,4.274631447667142,4,0.5
252.81321979628953,-14.378744095535176,4.304380561269372,4,0.5
254.5716748015829,-14.377290863493641,4.334276476606238,4,0.5
256.3423608286881,-14.375803355292634,4.364408158247854,4,0.5
258.12536295108947,-14.374296888093149,4.394712796973145,4,0.5
259.9207668340045,-14.37277662271274,4.425168358546158,4,0.5
261.72865873849923,-14.371234176091852,4.455809275548809,4,0.5
263.54912552563275,-14.369657737048554,4.486685430372069,4,0.5
265.38225466063074,-14.368079352762992,4.517660596907623,4,0.5
267.2281342170877,-14.366463483373089,4.548885574651019,4,0.5
269.08685288119824,-14.364831963829614,4.580266722926832,4,0.5
270.95849995601833,-14.363172803558877,4.611855301841554,4,0.5
272.8431653657559,-14.361497625824589,4.643600263189723,4,0.5
274.74093966009104,-14.3598044945226,4.675509056037613,4,0.5
276.6519140185268,-14.358074514422492,4.7076647470586,4,0.5
278.5761802547697,-14.356336102069484,4.739940696428893,4,0.5
280.51383082114137,-14.354556736452706,4.772481566554151,4,0.5
282.4649588130198,-14.352768147359527,4.805144228151119,4,0.5
284.42965797331277,-14.350937712676728,4.83807571909248,4,0.5
286.40802269696155,-14.349090320530395,4.871162421824052,4,0.5
288.40014803547615,-14.347220349744088,4.9044289031079975,4,0.5
290.4061297015021,-14.34533230055423,4.9378531629750055,4,0.5
292.42606407341884,-14.34341029615078,4.971508214819769,4,0.5
294.4600481999708,-14.341455358210835,5.005389142990124,4,0.5
296.50817980492957,-14.339475254996179,5.039458751481725,4,0.5
298.5705572917893,-14.337477724850062,5.073678934949891,4,0.5
300.64727974849484,-14.335446716520659,5.108125206604413,4,0.5
302.73844695220185,-14.333393284693352,5.142743520480267,4,0.5
304.84415937407124,-14.331301288454398,5.177611189697132,4,0.5
306.964518184096,-14.329191902983514,5.212624032533034,4,0.5
309.09962525596205,-14.327048908989184,5.247860154102142,4,0.5
311.24958317194296,-14.324879828918322,5.2832813854961955,4,0.5
313.4144952278283,-14.32267515573714,5.318933920401385,4,0.5
315.59446543788675,-14.320435541341554,5.3548138304659965,4,0.5
317.7895985398634,-14.31818882996874,5.390778780301493,4,0.5
320.000000000012,-14.315887975837834,5.427065856819692,4,0.5
322.22577601816215,-14.313577784684577,5.463445237875941,4,0.5
324.4670335328215,-14.311211112231195,5.500157755678221,4,0.5
326.7238802263142,-14.308822506772675,5.537024154098126,4,0.5
328.99642452995374,-14.306405625984617,5.574075209239396,4,0.5
331.2847756292533,-14.303960910183939,5.611306597029691,4,0.5
333.5890434691715,-14.301471713734927,5.64880480949425,4,0.5
335.90933875939425,-14.298955468102285,5.686475930037627,4,0.5
338.2457729796546,-14.296402290159687,5.724370858626608,4,0.5
340.5984583850881,-14.293826165139865,5.76241216803579,4,0.5
342.96750801162693,-14.29120348887642,5.8007258204944785,4,0.5
345.3530356814299,-14.288544778905345,5.839253296911137,4,0.5
347.75515600835195,-14.285853707076608,5.877972381288842,4,0.5
350.1739844034501,-14.283130507979395,5.9168793794826495,4,0.5
352.60963708052907,-14.280371973048453,5.955989772569156,4,0.5
355.0622310617241,-14.277578292167272,5.995300199735224,4,0.5
357.53188418312425,-14.274725658695882,6.034943604398256,4,0.5
360.0187151004329,-14.27185874434689,6.074664432940565,4,0.5
362.52284329466966,-14.268943428363858,6.114654256608175,4,0.5
365.0443890779098,-14.266000392607637,6.154791863941522,4,0.5
367.58347359906554,-14.262998868934645,6.195253087722426,4,0.5
370.14021884970646,-14.259973246735926,6.235835534950885,4,0.5
372.7147476699204,-14.256909881015517,6.276615466236384,4,0.5
375.30718375421594,-14.253795089674368,6.317671318367548,4,0.5
377.9176516574646,-14.250639218905254,6.358939577874713,4,0.5
380.5462768008857,-14.247442306114353,6.400417153721543,4,0.5
383.1931854780723,-14.244207821497826,6.442079982428867,4,0.5
385.85850486105863,-14.24092546283292,6.483987436631064,4,0.5
388.5423630064304,-14.237602124131142,6.52609465988936,4,0.5
391.2448888614774,-14.234241261561822,6.568376833396236,4,0.5
393.96621227038884,-14.230829093310755,6.610915788014542,4,0.5
396.7064639804915,-14.227372505856025,6.653665874810615,4,0.5
399.4657756485318,-14.223868042428345,6.69664543772073,4,0.5
402.24427984700117,-14.22033295986719,6.7397417172332315,4,0.5
405.04211007050577,-14.21673271985403,6.78316995570749,4,0.5
407.85940074218024,-14.213088028604545,6.826795610582845,4,0.5
410.69628722014585,-14.209409262241017,6.870547440745121,4,0.5
413.55290580401413,-14.205661826811333,6.914645263297733,4,0.5
416.42939374143555,-14.201873393749976,6.958906279831168,4,0.5
419.3258892346932,-14.198043980965721,7.003325360781139,4,0.5
422.24253144734325,-14.194156276916598,7.048012272050328,4,0.5
425.179460510901,-14.190231100673534,7.092824711466483,4,0.5
428.13681753157323,-14.186233785470861,7.13798983678266,4,0.5
431.11474459703845,-14.182195590288602,7.183294340269746,4,0.5
434.11338478327275,-14.178113103424842,7.228755534365386,4,0.5
437.13288216142445,-14.173965526913804,7.27451031113711,4,0.5
440.173381804736,-14.16976334565062,7.32048318192741,4,0.5
443.23502979551404,-14.165517085538752,7.366596365495981,4,0.5
446.31797323214806,-14.16120595159137,7.412988860016367,4,0.5
449.4223602361776,-14.156847469021665,7.459533717823384,4,0.5
452.5483399594091,-14.152438290139164,7.506248372788123,4,0.5
455.6960625910818,-14.147950633191401,7.553324614092227,4,0.5
458.8656793650838,-14.143426545485529,7.600458700772531,4,0.5
462.0573425672179,-14.138838275810288,7.6478423690436355,4,0.5
465.2712055425187,-14.13418950951999,7.695444071780304,4,0.5
468.5074227026196,-14.129473459016577,7.743307850415068,4,0.5
471.76614953317204,-14.124711374553144,7.791272794524513,4,0.5
475.04754260131557,-14.11986497404609,7.839613975774705,4,0.5
478.3517595632003,-14.114980116757538,7.887987394894799,4,0.5
481.6789591715617,-14.1100325799163,7.936564924279922,4,0.5
485.02930128334776,-14.10501566866027,7.9853906828858054,4,0.5
488.40294686739946,-14.09992621211754,8.034483110485082,4,0.5
491.8000580121847,-14.094785700716194,8.083672957823731,4,0.5
495.2207979335857,-14.089580488419172,8.133056294804625,4,0.5
498.665330982741,-14.08429338878621,8.182758864976003,4,0.5
502.1338226539417,-14.078953068065228,8.232553252588314,4,0.5
505.62643959258287,-14.07354593291612,8.282536636102673,4,0.5
509.14334960316967,-14.068065446549767,8.332753052942355,4,0.5
512.68472165738,-14.062519234842698,8.383135490694459,4,0.5
516.2507259021829,-14.056900817785202,8.43372751143232,4,0.5
519.841533668013,-14.051214359608736,8.484488422930408,4,0.5
523.4573174770023,-14.045453430636988,8.535461838244213,4,0.5
527.0982510512695,-14.03961871456007,8.586634696474679,4,0.5
530.7645093212655,-14.033718040831356,8.637935249338511,4,0.5
534.4562684341794,-14.027745074347958,8.689406182354892,4,0.5
538.1737057624005,-14.021686371830631,8.741149860467008,4,0.5
541.9169999120409,-14.015564116549985,8.79297510829699,4,0.5
545.6863307315159,-14.009361371417814,8.845012977437609,4,0.5
549.4818793201863,-14.003079026754705,8.897247753083073,4,0.5
553.3038280370578,-13.99672516385029,8.949602441932862,4,0.5
557.1523605095437,-13.99029004389023,9.002149761083892,4,0.5
561.027661642287,-13.983767509882854,9.054933460853086,4,0.5
564.9299176260438,-13.97717293222991,9.107812884674638,4,0.5
568.8593159466297,-13.970489480880861,9.160922879458237,4,0.5
572.8160453939274,-13.963732633889736,9.214119916385073,4,0.5
576.8002960709567,-13.956892796341162,9.267476763955559,4,0.5
580.8122594030085,-13.949949570118399,9.321163141347583,4,0.5
584.8521281468421,-13.942951002420521,9.374745586884872,4,0.5
588.920096399946,-13.935862388465134,9.428518666165838,4,0.5
593.0163596098636,-13.928666975134655,9.48262277365846,4,0.5
597.1411145835832,-13.921413084810649,9.536614035199142,4,0.5
601.2945594969942,-13.914044282156526,9.590989346729291,4,0.5
605.4768939044083,-13.906605431631467,9.645331978036506,4,0.5
609.688318748147,-13.899065419827465,9.699913368717441,4,0.5
613.9290363681965,-13.891443910246322,9.754542063062509,4,0.5
618.1992505119288,-13.88372067548115,9.80939282683249,4,0.5
622.4991663438906,-13.875922797148165,9.864202204126821,4,0.5
626.8289904556613,-13.868004572433643,9.9193848794901,4,0.5
631.1889308757782,-13.86000777700832,9.974537896729474,4,0.5
635.5791970797316,-13.851908607630739,10.029872588233514,4,0.5
640.0000000000289,-13.843727128761518,10.085185544440499,4,0.5
644.4515520363291,-13.8354358801936,10.140725789971253,4,0.5
648.9340670656479,-13.827051363946206,10.196322726311484,4,0.5
653.4477604526332,-13.818564473934195,10.252050937635145,4,0.5
657.9928490599125,-13.809977143885945,10.307878654382822,4,0.5
662.5695512585116,-13.80128398624665,10.363845371959858,4,0.5
667.178086938348,-13.792501781921278,10.41977209667373,4,0.5
671.8186775187937,-13.7836067729093,10.475879111242973,4,0.5
676.4915459593144,-13.774612140646612,10.532022038805954,4,0.5
681.1969167701814,-13.765508933163071,10.588275902169242,4,0.5
685.935016023259,-13.756299331239195,10.64460474293203,4,0.5
690.7060713628651,-13.746989291095467,10.700933358631671,4,0.5
695.5103120167091,-13.737566219281689,10.757374593922219,4,0.5
700.3479688069056,-13.728032413256777,10.813890615698147,4,0.5
705.2192741610634,-13.71839770138048,10.870364842763815,4,0.5
710.1244621234536,-13.708657043229294,10.9268327192631,4,0.5
715.0637683662537,-13.698794160246448,10.98344794550402,4,0.5
720.0374302008713,-13.688803976268789,11.04024980346487,4,0.5
725.0456865893448,-13.678726564260087,11.096801280775903,4,0.5
730.0887781558251,-13.66851187018951,11.153613407076195,4,0.5
735.1669471981365,-13.658188809951463,11.210364769936817,4,0.5
740.2804376994185,-13.647756288621197,11.267049266936207,4,0.5
745.4294953398465,-13.637190519116324,11.323905637910093,4,0.5
750.6143675084376,-13.626524503804433,11.380561422891994,4,0.5
755.8353033149348,-13.615730701041777,11.437296738700283,4,0.5
761.0925536017771,-13.604815684659828,11.49402352059291,4,0.5
766.3863709561504,-13.593774670753845,11.5507770453027,4,0.5
771.717009722123,-13.582618168508043,11.607423866312763,4,0.5
777.0847260128666,-13.571329999661288,11.664125023440766,4,0.5
782.4897777229608,-13.559924596716492,11.720702202689013,4,0.5
787.9324245407837,-13.548397321361483,11.777188027912484,4,0.5
793.412927960989,-13.536735835323157,11.833702924665008,4,0.5
798.9315512970695,-13.524943179341207,11.890194972843767,4,0.5
804.4885596940084,-13.513022456392454,11.946610491571784,4,0.5
810.0842201410177,-13.500972957503684,12.002938507467489,4,0.5
815.7188014843666,-13.488786240288167,12.059257116313791,4,0.5
821.392574440298,-13.476484959021313,12.115285333185746,4,0.5
827.1058116080346,-13.464029606302905,12.17146117679231,4,0.5
832.8587874828772,-13.451458531134701,12.227319436402965,4,0.5
838.6517784693928,-13.438747789902191,12.2831189926179,4,0.5
844.4850628946929,-13.425892892311433,12.338893792598894,4,0.5
850.3589210218082,-13.412909012282807,12.394444747086014,4,0.5
856.2736350631529,-13.399776013683919,12.449990678618247,4,0.5
862.2294891940834,-13.386513128963418,12.505282242009246,4,0.5
868.226769566552,-13.373112078562981,12.560397102612303,4,0.5
874.2657643228554,-13.35956057262936,12.615463092442768,4,0.5
880.3467636094787,-13.34587011674726,12.670320878039249,4,0.5
886.4700595910348,-13.3320443833518,12.724903976715128,4,0.5
892.635946464303,-13.318075120489487,12.779291276092346,4,0.5
898.844720472362,-13.303954031194875,12.833563799600128,4,0.5
905.096679918825,-13.289684825804857,12.887655249962418,4,0.5
911.3921251821704,-13.275271285799814,12.941497299262277,4,0.5
917.7313587301744,-13.260713226466445,12.99507010212097,4,0.5
924.1146851344428,-13.246006446442792,13.048404063072693,4,0.5
930.5424110850445,-13.231142674942733,13.101581643412649,4,0.5
937.0148454052463,-13.216138011191825,13.154377770655522,4,0.5
943.5322990663512,-13.200972025288456,13.20702887456726,4,0.5
950.0950852026382,-13.18565274912176,13.259411493366281,4,0.5
956.7035191264079,-13.17018423041554,13.311451300238334,4,0.5
963.3579183431307,-13.154566479630033,13.363124924878788,4,0.5
970.0586025667028,-13.13879128654361,13.41451531691369,4,0.5
976.8058937348063,-13.122854519392963,13.465653907606217,4,0.5
983.6001160243768,-13.106760332127486,13.516464467296034,4,0.5
990.4415958671789,-13.090512958518627,13.566868564146166,4,0.5
997.3306619654895,-13.074112539297973,13.616840577529034,4,0.5
1004.267645307891,-13.057538310257353,13.666631393610349,4,0.5
1011.2528791851732,-13.040807092144625,13.715996588866863,4,0.5
1018.2866992063468,-13.023919087861486,13.764909675277718,4,0.5
1025.3694433147675,-13.00686185488198,13.813513385937982,4,0.5
1032.5014518043733,-12.989652504611984,13.861555302658315,4,0.5
1039.6830673360337,-12.972261609215588,13.90940780474023,4,0.5
1046.9146349540124,-12.954710598564471,13.956759683138804,4,0.5
1054.1965021025467,-12.936999804431013,14.003582223919757,4,0.5
1061.5290186425389,-12.919129594144119,14.049846006857011,4,0.5
1068.9125368683667,-12.901078823197247,14.09581649293667,4,0.5
1076.347411524809,-12.882865008655255,14.141231021623804,4,0.5
1083.8339998240897,-12.864488579090647,14.186059347641601,4,0.5
1091.37266146304,-12.845936937384776,14.230451718932034,4,0.5
1098.9637586403808,-12.827210447419157,14.274380369728403,4,0.5
1106.607656074124,-12.808309506111236,14.317816872516746,4,0.5
1114.3047210190957,-12.789256546286126,14.360423569830957,4,0.5
1122.0553232845823,-12.770025773546823,14.402536977174439,4,0.5
1129.859835252096,-12.750604343819587,14.444315753658486,4,0.5
1137.7186318932681,-12.731014842572572,14.485418871518386,4,0.5
1145.6320907878635,-12.711266822195679,14.525686142247041,4,0.5
1153.600592141922,-12.691334145110655,14.565464731100372,4,0.5
1161.6245188060257,-12.671217302576007,14.60472554761042,4,0.5
1169.704256293693,-12.650930372127188,14.643244189445934,4,0.5
1177.840192799901,-12.630460464964164,14.681182150461744,4,0.5
1186.032719219736,-12.60982639031363,14.718245056555954,4,0.5
1194.2822291671753,-12.589019853518195,14.754528115188478,4,0.5
1202.5891189939975,-12.56801408901892,14.79039675902938,4,0.5
1210.9537878088256,-12.546823404146643,14.825621891795775,4,0.5
1219.3766374963034,-12.52547162554887,14.8598324977518,4,0.5
1227.8580727364024,-12.503927222215712,14.893466036738147,4,0.5
1236.3985010238666,-12.482214175236097,14.926148181199764,4,0.5
1244.9983326877905,-12.460314703498208,14.958117154893708,4,0.5
1253.657980911332,-12.438229578314338,14.989339528586745,4,0.5
1262.377861751566,-12.41595487733659,15.019851471913045,4,0.5
1271.1583941594727,-12.393510387869082,15.049336791136449,4,0.5
1280.0000000000673,-12.370882866844017,15.077969300953999,4,0.5
1288.9031040726677,-12.348068443136155,15.10578473160337,4,0.5
1297.8681341313059,-12.32504874506575,15.133037142023648,4,0.5
1306.8955209052763,-12.301892192064543,15.15867747021451,4,0.5
1315.9856981198345,-12.278512914583237,15.183973860889855,4,0.5
1325.1391025170333,-12.254965118861612,15.208089175006558,4,0.5
1334.3561738767062,-12.231220612070214,15.231427419628174,4,0.5
1343.6373550375972,-12.2073000092219,15.253655186641678,4,0.5
1352.9830919186386,-12.183184686419215,15.275033856170399,4,0.5
1362.393833540373,-12.1588905490402,15.295300469381578,4,0.5
1371.8700320465282,-12.134393775741039,15.314797762638577,4,0.5
1381.4121427257405,-12.109725450711888,15.33303002398122,4,0.5
1391.0206240334287,-12.084876837070198,15.350109394034861,4,0.5
1400.6959376138216,-12.05983394832769,15.36623014445578,4,0.5
1410.4385483221372,-12.034592747041879,15.381434984110188,4,0.5
1420.2489242469178,-12.009190252592681,15.395132695653363,4,0.5
1430.1275367325184,-11.983571260925379,15.408155873485757,4,0.5
1440.0748604017533,-11.957767731042253,15.419991546183129,4,0.5
1450.0913731787002,-11.931791435338724,15.430436958389416,4,0.5
1460.177556311661,-11.90562289383415,15.43977479640386,4,0.5
1470.3338943962842,-11.879258056753564,15.4480494211333,4,0.5
1480.560875398848,-11.8527034243923,15.455141000673835,4,0.5
1490.8589906797042,-11.82599238757835,15.460508611820103,4,0.5
1501.2287350168863,-11.7990515876848,15.46528063216657,4,0.5
1511.670606629881,-11.77196821488928,15.468073800778665,4,0.5
1522.1851072035656,-11.744641105296619,15.470456139894395,4,0.5
1532.772741912312,-11.717147311822512,15.471201230942679,4,0.5
1543.4340194442575,-11.689488663778873,15.47026118102302,4,0.5
1554.1694520257447,-11.66162271817967,15.468286363620644,4,0.5
1564.9795554459333,-11.633550592471398,15.465242887838782,4,0.5
1575.8648490815792,-11.605312711235467,15.46047572738072,4,0.5
1586.8258559219898,-11.576905359274985,15.454025612295066,4,0.5
1597.863102594151,-11.548284956440808,15.446565032250536,4,0.5
1608.9771193880288,-11.519481152887387,15.437608711304835,4,0.5
1620.1684402820476,-11.490501348586468,15.427022788184622,4,0.5
1631.4376029687455,-11.46132416771928,15.415130021108718,4,0.5
1642.7851488806082,-11.431962670006852,15.401707421445714,4,0.5
1654.2116232160815,-11.402400901746583,15.38699274715962,4,0.5
1665.7175749657672,-11.372675696065233,15.370385095298076,4,0.5
1677.303556938798,-11.342759403735997,15.352308458642382,4,0.5
1688.9701257893985,-11.31265358578852,15.332722974332235,4,0.5
1700.7178420436294,-11.282359845067997,15.311588240002642,4,0.5
1712.5472701263188,-11.251879827077932,15.288863307620801,4,0.5
1724.4589783881795,-11.22120909636424,15.264604255540512,4,0.5
1736.453539133117,-11.190355422424215,15.238672897197375,4,0.5
1748.531528645724,-11.159333010917932,15.210828561178722,4,0.5
1760.6935272189705,-11.12811892103548,15.181422732959806,4,0.5
1772.940119182083,-11.096727362873853,15.150215054086807,4,0.5
1785.2718929286193,-11.0651475485088,15.11736370698896,4,0.5
1797.6894409447373,-11.033393965105603,15.08262425977651,4,0.5
1810.1933598376636,-11.001468631151027,15.045951221515866,4,0.5
1822.7842503643546,-10.969334603077346,15.007919733986162,4,0.5
1835.4627174603627,-10.93701930231867,14.968079739003391,4,0.5
1848.2293702688994,-10.904544398834553,14.926073410463717,4,0.5
1861.0848221701028,-10.87187897689992,14.882379958869054,4,0.5
1874.0296908105065,-10.839024669365521,14.836960405876527,4,0.5
1887.0645981327166,-10.805989912995432,14.789667813771466,4,0.5
1900.190170405291,-10.77280387233428,14.740026718615127,4,0.5
1913.4070382528298,-10.739427873894197,14.688638938800533,4,0.5
1926.715836686276,-10.705870486948804,14.63535591024896,4,0.5
1940.1172051334202,-10.672119565167883,14.580357449442719,4,0.5
1953.611787469627,-10.638226023399234,14.522825528137183,4,0.5
1967.2002320487684,-10.604128655071385,14.463716418062669,4,0.5
1980.8831917343723,-10.569871770863521,14.40231754726903,4,0.5
1994.661323930994,-10.535428805041569,14.339036348075512,4,0.5
2008.535290615797,-10.50084527792177,14.273143936132458,4,0.5
2022.5057583703617,-10.466043015277382,14.205858828747957,4,0.5
2036.573398412709,-10.431097172261165,14.135986979584949,4,0.5
2050.7388866295505,-10.395980549042768,14.063944632079204,4,0.5
2065.0029036087626,-10.360695213068958,13.989687711755582,4,0.5
2079.366134672083,-10.32520506004007,13.91376820511162,4,0.5
2093.8292699080407,-10.289580621920376,13.835072322129369,4,0.5
2108.3930042051093,-10.25377045166728,13.754391392640429,4,0.5
2123.0580372850936,-10.217791872368586,13.671443125796989,4,0.5
2137.82507373675,-10.181646965569382,13.586183311590158,4,0.5
2152.6948230496346,-10.145345875420613,13.498443258165095,4,0.5
2167.6679996481957,-10.108891016079376,13.40817476770218,4,0.5
2182.7453229260964,-10.072252169118823,13.315832083413943,4,0.5
2197.927517280778,-10.035439149554573,13.221250368975902,4,0.5
2213.2153121482643,-9.998487143061078,13.123877413288053,4,0.5
2228.6094420382083,-9.961348507952989,13.024431478304795,4,0.5
2244.1106465691814,-9.924058692529226,12.92235722725054,4,0.5
2259.7196705042093,-9.8865944032249,12.817997353331403,4,0.5
2275.4372637865536,-9.848992128244904,12.710784600473445,4,0.5
2291.2641815757443,-9.81121086952784,12.60132848919058,4,0.5
2307.2011842838615,-9.773278795930205,12.48918914488694,4,0.5
2323.2490376120686,-9.735198350596423,12.374317820039296,4,0.5
2339.4085125874035,-9.696917689860424,12.25747880111727,4,0.5
2355.6803855998196,-9.658510867312582,12.137547251844866,4,0.5
2372.0654384394898,-9.619971827814238,12.014603923091187,4,0.5
2388.5644583343683,-9.581256770584073,11.889287818721284,4,0.5
2405.178237988013,-9.542405055686432,11.761000167081004,4,0.5
2421.9075756176694,-9.503381225112356,11.630251371778085,4,0.5
2438.753274992625,-9.464186873562905,11.497000516502183,4,0.5
2455.716145472823,-9.424872549025222,11.360491186369254,4,0.5
2472.797002047752,-9.3853921055974,11.221385307110934,4,0.5
2489.9966653755996,-9.345767288388934,11.079349678668722,4,0.5
2507.3159618226828,-9.305960048694994,10.934919176502328,4,0.5
2524.755723503151,-9.266063696685315,10.786729935970174,4,0.5
2542.3167883189644,-9.225999681244629,10.635901452431012,4,0.5
2560.0000000001537,-9.18575907566509,10.482540933228064,4,0.5
2577.806208145355,-9.14539617493322,10.3258550503316,4,0.5
2595.736268262631,-9.104903395629986,10.165938271090242,4,0.5
2613.7910418105726,-9.064240106024892,10.003347820462892,4,0.5
2631.971396239689,-9.023462694501298,9.83727095725079,4,0.5
2650.2782050340866,-8.982485430830904,9.668890405986271,4,0.5
2668.7123477534324,-8.941410051218789,9.496764704078258,4,0.5
2687.274710075215,-8.900206283688783,9.321301646606456,4,0.5
2705.9661838372976,-8.858842260886558,9.142922253699702,4,0.5
2724.7876670807664,-8.817343011893742,8.961260581359896,4,0.5
2743.740064093077,-8.775699212763161,8.7764241154258,4,0.5
2762.824285451502,-8.733937058902402,8.588036783761439,4,0.5
2782.0412480668783,-8.692035365303541,8.39636675033032,4,0.5
2801.391875227664,-8.649984112254943,8.201526061128062,4,0.5
2820.8770966442953,-8.607810189034714,8.003132225954765,4,0.5
2840.4978484938565,-8.565516546603284,7.801126762371658,4,0.5
2860.2550734650586,-8.523080577245246,7.595787536877943,4,0.5
2880.1497208035285,-8.480491402698284,7.387231515272402,4,0.5
2900.1827463574223,-8.437816582776392,7.174552514852568,4,0.5
2920.355112623344,-8.39498038203683,6.958715227240077,4,0.5
2940.6677887925907,-8.352051790590192,6.738802511021591,4,0.5
2961.121750797718,-8.308966292657114,6.5156210213732475,4,0.5
2981.717981359431,-8.26578098999872,6.288415012362177,4,0.5
3002.4574700337953,-8.222471463277163,6.057472794697332,4,0.5
3023.3412132597846,-8.178997537532561,5.823270918161655,4,0.5
3044.3702144071544,-8.135447357728292,5.584678125714221,4,0.5
3065.545483824648,-8.091722672041989,5.342891136434597,4,0.5
3086.868038888538,-8.0479435295476,5.09639869892084,4,0.5
3108.338904051513,-8.00408540012915,4.845488401428742,4,0.5
3129.9591108918903,-7.960060744613921,4.591199557134792,4,0.5
3151.7296981631816,-7.915870399822116,4.333480792811863,4,0.5
3173.651711844004,-7.871626022749063,4.070961547735354,4,0.5
3195.726205188326,-7.827285272054648,3.8041286016125286,4,0.5
3217.954238776082,-7.782770586769714,3.5338656542508686,4,0.5
3240.3368805641194,-7.738264399777313,3.2580044048824064,4,0.5
3262.8752059375156,-7.693573896893938,2.978771104250646,4,0.5
3285.570297761241,-7.648801288770319,2.6949443302368365,4,0.5
3308.4232464321876,-7.603916571187902,2.406840249700404,4,0.5
3331.435149931559,-7.5589229763305585,2.114388891284544,4,0.5
3354.607113877621,-7.513877429332441,1.8169211288258187,4,0.5
3377.9402515788224,-7.468677242935399,1.5155554208267272,4,0.5
3401.4356840872842,-7.423489301721615,1.208411802505836,4,0.5
3425.094540252663,-7.378098392654778,0.8978302299118842,4,0.5
3448.9179567763854,-7.332693319852065,0.5817104917739516,4,0.5
3472.9070782662598,-7.287185569081778,0.260987873131375,4,0.5
3497.0630572914743,-7.241637628671831,-0.06503658489732261,4,0.5
3521.387054437968,-7.195996481300076,-0.3958264539908905,4,0.5
3545.880238364193,-7.150225819941188,-0.73104063307075,4,0.5
3570.543785857265,-7.104369177691492,-1.0711753683523841,4,0.5
3595.378881889502,-7.058556487330949,-1.4175918708788382,4,0.5
3620.3867196753545,-7.012607591497046,-1.7684694154179113,4,0.5
3645.5685007287366,-6.966632476494253,-2.124960833261365,4,0.5
3670.9254349207527,-6.920616753392227,-2.4869450034168596,4,0.5
3696.458740537827,-6.874567263657553,-2.854515550030156,4,0.5
3722.1696443402334,-6.82840050055597,-3.226888378554187,4,0.5
3748.0593816210417,-6.782257808323057,-3.605471590608029,4,0.5
3774.129196265462,-6.736032162631327,-3.9892593749627396,4,0.5
3800.3803408106105,-6.689752160699926,-4.3785641570684035,4,0.5
3826.8140765056887,-6.643569496840959,-4.774831135733181,4,0.5
3853.43167337258,-6.597251658240238,-5.175915537559051,4,0.5
3880.2344102668694,-6.551026375722263,-5.583949137749545,4,0.5
3907.223574939284,-6.504754474272718,-5.997676906440883,4,0.5
3934.400464097566,-6.458416637596191,-6.416966315217456,4,0.5
3961.7663834687746,-6.412150470638757,-6.843070333417208,4,0.5
3989.322647862018,-6.365995671749376,-7.2763375148802405,4,0.5
4017.070581231624,-6.319694008561446,-7.714550818382328,4,0.5
4045.011516740754,-6.273552499240809,-8.160382023149008,4,0.5
4073.1467968254487,-6.2274190443559885,-8.612541929862338,4,0.5
4101.477773259132,-6.181360652308463,-9.071613158826933,4,0.5
4130.005807217556,-6.1353610655014945,-9.537473947400919,4,0.5
4158.732269344197,-6.089313252616208,-10.00928191178504,4,0.5
4187.658539816113,-6.043496518354057,-10.489303750934088,4,0.5
4216.78600841025,-5.997839646011141,-10.976948271052425,4,0.5
4246.116074570219,-5.952140250920561,-11.470644665855069,4,0.5
4275.650147473531,-5.906596640328853,-11.971957815120389,4,0.5
4305.389646099301,-5.861193501224005,-12.48076792348571,4,0.5
4335.335999296423,-5.815880938364747,-12.996708053733196,4,0.5
4365.4906458522255,-5.770908424419642,-13.521615264747759,4,0.5
4395.8550345615895,-5.7260627935817885,-14.053901382584787,4,0.5
4426.430624296562,-5.681324402889086,-14.593440028646286,4,0.5
4457.21888407645,-5.636849575342836,-15.141340395768289,4,0.5
4488.2212931383965,-5.592552329770674,-15.69698612937089,4,0.5
4519.439341008452,-5.548524067249863,-16.260996782673153,4,0.5
4550.874527573141,-5.504824851697698,-16.83374691535815,4,0.5
4582.528363151522,-5.461404021769702,-17.414864808240942,4,0.5
4614.402368567757,-5.418323103914272,-18.004723561517157,4,0.5
4646.498075224173,-5.375410291728305,-18.602199790611365,4,0.5
4678.817025174842,-5.333044039096193,-19.209660562879574,4,0.5
4711.360771199674,-5.2909333427870315,-19.825231988294426,4,0.5
4744.130876879015,-5.249182130699696,-20.449533441284004,4,0.5
4777.128916668773,-5.20807084328305,-21.08417954117776,4,0.5
4810.356475976061,-5.16733797003,-21.727540525101478,4,0.5
4843.815151235375,-5.127053627786559,-22.379980438177387,4,0.5
4877.506549985286,-5.087202763796182,-23.04136372554208,4,0.5
4911.432290945683,-5.04795029571034,-23.712544154007695,4,0.5
4945.594004095541,-5.009286772200468,-24.393377817920808,4,0.5
4979.9933307512365,-4.971200923254614,-25.08371938537052,4,0.5
5014.631923645403,-4.933775318796917,-25.78391230436486,4,0.5
5049.511447006339,-4.897194477417121,-26.49477826363763,4,0.5
5084.633576637967,-4.861208572453418,-27.214936950956726,4,0.5
5120.000000000346,-4.825800999714414,-27.94423767069681,4,0.5
5155.612416290749,-4.7913625497640675,-28.684446397237377,4,0.5
5191.4725365253,-4.757788578808181,-29.434900789172676,4,0.5
5227.582083621183,-4.724859858614263,-30.19447847866727,4,0.5
5263.942792479418,-4.693255163511107,-30.966062108442337,4,0.5
5300.556410068212,-4.662275783640831,-31.746404627520338,4,0.5
5337.424695506905,-4.632507607751616,-32.537873750081935,4,0.5
5374.54942015047,-4.603839787863707,-33.339785879726925,4,0.5
5411.932367674636,-4.575980518958414,-34.15080398083625,4,0.5
5449.575334161574,-4.549489856976281,-34.9729619253289,4,0.5
5487.480128186196,-4.524134594633622,-35.80512628529516,4,0.5
5525.648570903045,-4.500024244624372,-36.6474991499791,4,0.5
5564.082496133798,-4.477029821645234,-37.4994125223411,4,0.5
5602.78375045537,-4.455628873371156,-38.36230086249501,4,0.5
5641.754193288633,-4.435511876072737,-39.23483489270288,4,0.5
5680.995696987757,-4.416919245700381,-40.11755633067552,4,0.5
5720.51014693016,-4.3996529882446875,-41.00957735786175,4,0.5
5760.2994416071,-4.384282350311587,-41.91234815251435,4,0.5
5800.365492714889,-4.370218270107378,-42.82381365682016,4,0.5
5840.710225246731,-4.357972250489032,-43.7451626436024,4,0.5
5881.335577585225,-4.347538926004797,-44.676023764045546,4,0.5
5922.243501595481,-4.338841197856631,-45.615855885108616,4,0.5
5963.435962718906,-4.3319334782513685,-46.564470957152885,4,0.5
6004.914940067636,-4.326730198184741,-47.52134561982676,4,0.5
6046.682426519615,-4.323703707184394,-48.48720623562148,4,0.5
6088.740428814354,-4.322487960565786,-49.46085821443309,4,0.5
6131.090967649341,-4.323490326501549,-50.442775994207715,4,0.5
6173.736077777122,-4.326259313081343,-51.43168661352917,4,0.5
6216.6778081030725,-4.3315691264308045,-52.42863475300249,4,0.5
6259.918221783827,-4.33896187209824,-53.432341410159296,4,0.5
6303.4593963264115,-4.348407351307711,-54.442377445586345,4,0.5
6347.303423688055,-4.3601714693453495,-55.458746117693,4,0.5
6391.4524103767,-4.374298124604852,-56.481053454021904,4,0.5
6435.9084775522115,-4.390980769057734,-57.50906755609191,4,0.5
6480.673761128287,-4.4098022288434615,-58.541822447966545,4,0.5
6525.750411875079,-4.4307933512059625,-59.57896926707319,4,0.5
6571.140595522531,-4.454677942876419,-60.620740807544024,4,0.5
6616.846492864425,-4.480948590451853,-61.666141329180874,4,0.5
6662.870299863169,-4.5096301634846006,-62.71473757481472,4,0.5
6709.214227755292,-4.540744562666445,-63.76608659627343,4,0.5
6755.880503157695,-4.574545551872821,-64.81983501087586,4,0.5
6802.871368174619,-4.611128762219491,-65.87547196895243,4,0.5
6850.189080505378,-4.649878889315597,-66.93230466337542,4,0.5
6897.835913552822,-4.691275240873216,-67.9900086319967,4,0.5
6945.814156532571,-4.735402094265092,-69.0480584551337,4,0.5
6994.126114583001,-4.781788804963466,-70.10596301233002,4,0.5
7042.774108875988,-4.831063000072606,-71.16317635898471,4,0.5
7091.760476728439,-4.882825318060164,-72.21923321165877,4,0.5
7141.087571714584,-4.937145050988739,-73.2736283160843,4,0.5
7190.757763779057,-4.993930949654134,-74.32591524740813,4,0.5
7240.773439350762,-5.053089134533845,-75.37568729945934,4,0.5
7291.137001457528,-5.1152234654596365,-76.42203067892473,4,0.5
7341.850869841561,-5.1794535016465595,-77.46508830938879,4,0.5
7392.917481075709,-5.246143109315336,-78.5041394993105,4,0.5
7444.339288680522,-5.31533966228491,-79.53865241938516,4,0.5
7496.118763242139,-5.386856960514317,-80.56835550238718,4,0.5
7548.258392530979,-5.460812865107581,-81.59265045711018,4,0.5
7600.760681621277,-5.537017420440509,-82.61132561857521,4,0.5
7653.628153011434,-5.615282195488646,-83.62424534244255,4,0.5
7706.863346745218,-5.695941146673631,-84.63048579940109,4,0.5
7760.468820533797,-5.779093851777719,-85.62938557318795,4,0.5
7814.447149878626,-5.864028720626281,-86.62175608380453,4,0.5
7868.800928195191,-5.950924261654926,-87.60694724952899,4,0.5
7923.532766937609,-6.040237355968627,-88.58364120592131,4,0.5
7978.645295724095,-6.131124889610402,-89.55318092966486,4,0.5
8034.141162463309,-6.224251169221539,-90.51378260194657,4,0.5
8090.023033481568,-6.318997417930411,-91.46647653980457,4,0.5
8146.293593650958,-6.415663224312742,-92.41022975378864,4,0.5
8202.955546518326,-6.513919547837361,-93.34553431423713,4,0.5
8260.011614435174,-6.614324652185019,-94.27057441535611,4,0.5
8317.464538688457,-6.716210456500704,-95.18679744264365,4,0.5
8375.317079632288,-6.819594713039111,-96.09389668831196,4,0.5
8433.572016820564,-6.924557001113824,-96.99135988117717,4,0.5
8492.232149140504,-7.030850253108676,-97.87967784951027,4,0.5
8551.300294947127,-7.138869879587482,-98.75731717894686,4,0.5
8610.779292198666,-7.248177382935132,-99.62541550056132,4,0.5
8670.671998592914,-7.358662691224213,-100.48413820374974,4,0.5
8730.981291704516,-7.470583695801556,-101.33235208185195,4,0.5
8791.710069123244,-7.583584041634185,-102.17110942207418,4,0.5
8852.86124859319,-7.6979734616147795,-102.99903882058807,4,0.5
8914.437768152968,-7.813345279435766,-103.81747487789511,4,0.5
8976.44258627686,-7.929771965540143,-104.6259673888645,4,0.5
9038.878682016972,-8.047320059087623,-105.42405242780124,4,0.5
9101.74905514635,-8.16588389730583,-106.21197323504691,4,0.5
9165.056726303115,-8.285198627167482,-106.99071939040708,4,0.5
9228.804737135582,-8.405497794648495,-107.75913064864321,4,0.5
9292.996150448414,-8.526681713986624,-108.51748655393133,4,0.5
9357.634050349754,-8.648655309986587,-109.26608398632817,4,0.5
9422.721542399418,-8.77132808767934,-110.00523497052951,4,0.5
9488.261753758103,-8.894966523314542,-110.73350463797333,4,0.5
9554.257833337617,-9.018926998029965,-111.45397992308548,4,0.5
9620.712951952195,-9.143824192190442,-112.16346572333421,4,0.5
9687.630302470823,-9.269129992378542,-112.86457902884287,4,0.5
9755.013099970645,-9.39529157145856,-113.55485819636013,4,0.5
9822.864581891441,-9.521753244455114,-114.23721232506547,4,0.5
9891.188008191157,-9.648768896845091,-114.91020325004757,4,0.5
9959.98666150255,-9.776440455163426,-115.57315237689971,4,0.5
10029.26384729088,-9.904290437267703,-116.22875362408946,4,0.5
10099.022894012754,-10.032866478506634,-116.87374114821715,4,0.5
10169.26715327601,-10.161701791188158,-117.51082095625247,4,0.5
10240.000000000768,-10.29090278648341,-118.13932516923971,4,0.5
10311.224832581574,-10.420445055418174,-118.7593665946214,4,0.5
10382.945073050678,-10.550345460877278,-119.37079801538741,4,0.5
10455.164167242447,-10.680500354224955,-119.97425699068961,4,0.5
10527.885584958914,-10.8110069752634,-120.56907561924451,4,0.5
10601.112820136505,-10.941726155388656,-121.15615437826905,4,0.5
10674.849391013888,-11.072640351031655,-121.73560973253548,4,0.5
10749.098840301021,-11.20391701530121,-122.30625441260773,4,0.5
10823.864735349352,-11.335277109356321,-122.87003147975513,4,0.5
10899.15066832323,-11.466887160151147,-123.42575481329231,4,0.5
10974.960256372473,-11.598692196728102,-123.9738028567096,4,0.5
11051.297141806172,-11.730503458003152,-124.51558788413524,4,0.5
11128.16499226768,-11.86254935271856,-125.04940986324205,4,0.5
11205.567500910824,-11.994744227323654,-125.57590395906655,4,0.5
11283.508386577352,-12.126910535976215,-126.09647106317196,4,0.5
11361.991393975597,-12.259297901003926,-126.60916455460855,4,0.5
11441.020293860403,-12.39169930961625,-127.11563810910094,4,0.5
11520.598883214287,-12.52419908016521,-127.61523307535043,4,0.5
11600.730985429864,-12.656754460561805,-128.1083148723481,4,0.5
11681.420450493551,-12.789355171892629,-128.59499129983294,4,0.5
11762.671155170538,-12.921991472234183,-129.07536881236797,4,0.5
11844.48700319105,-13.05471143999876,-129.54905028084943,4,0.5
11926.871925437901,-13.187390712343863,-130.01714571104918,4,0.5
12009.82988013536,-13.320107014950038,-130.47900407511094,4,0.5
12093.36485303932,-13.452823914729617,-130.93497722826777,4,0.5
12177.4808576288,-13.585480720650907,-131.38565830547452,4,0.5
12262.181935298773,-13.718256727897273,-131.82941747399786,4,0.5
12347.472155554336,-13.850855298995196,-132.26905954083946,4,0.5
12433.355616206238,-13.983556629438112,-132.7019793378517,4,0.5
12519.836443567749,-14.11614947217274,-133.13022645550802,4,0.5
12606.918792652916,-14.248778746005646,-133.552434446882,4,0.5
12694.606847376202,-14.38126766418736,-133.97038409697166,4,0.5
12782.904820753494,-14.51382843695942,-134.3819999514923,4,0.5
12871.816955104521,-14.646218978190646,-134.78976286342845,4,0.5
12961.347522256672,-14.778600308217314,-135.1920851617514,4,0.5
13051.500823750257,-14.910966042383091,-135.58905794181825,4,0.5
13142.28119104516,-15.04322239076499,-135.98170612058178,4,0.5
13233.69298572895,-15.175389807151978,-136.36987013438187,4,0.5
13325.740599726436,-15.307593296593582,-136.7522377606884,4,0.5
13418.428455510686,-15.439616199903995,-137.13120537896867,4,0.5
13511.761006315492,-15.571624864075817,-137.50500053207463,4,0.5
13605.74273634934,-15.703553219677776,-137.87439159649855,4,0.5
13700.378161010858,-15.835359433191869,-138.23990380755947,4,0.5
13795.671827105747,-15.967043400264952,-138.60160103947442,4,0.5
13891.628313065248,-16.098719558348595,-138.95820553695262,4,0.5
13988.252229166108,-16.23028835086965,-139.3109123774285,4,0.5
14085.548217752083,-16.36176751364619,-139.6595645127651,4,0.5
14183.520953456982,-16.493155522963818,-140.00422824417373,4,0.5
14282.175143429275,-16.62441539892914,-140.3454046102087,4,0.5
14381.515527558222,-16.75568767863904,-140.68141576607616,4,0.5
14481.546878701633,-16.886742279330146,-141.0151477632971,4,0.5
14582.274002915165,-17.01778726798198,-141.34406554219663,4,0.5
14683.70173968323,-17.14865122888288,-141.6703758355482,4,0.5
14785.834962151528,-17.279484667569932,-141.99221531846055,4,0.5
14888.678577361155,-17.410203249145447,-142.31070758405414,4,0.5
14992.23752648439,-17.540838805011056,-142.6254877084076,4,0.5
15096.516785062071,-17.67134348506614,-142.93723693345498,4,0.5
15201.521363242668,-17.80177952262003,-143.24517745248767,4,0.5
15307.256306022984,-17.932100034756754,-143.54998430099988,4,0.5
15413.726693490553,-18.062349818884464,-143.85109548746004,4,0.5
15520.93764106771,-18.192440182710154,-144.14978196188835,4,0.5
15628.894299757369,-18.32248809654437,-144.44447227447245,4,0.5
15737.6018563905,-18.452392453145762,-144.73662677556814,4,0.5
15847.065533875337,-18.582238186940398,-145.02509321297993,4,0.5
15957.29059144831,-18.71195548236129,-145.31091410670157,4,0.5
16068.282324926739,-18.84157254479379,-145.5937367512421,4,0.5
16180.046066963258,-18.9710895729718,-145.87360626364614,4,0.5
16292.587187302037,-19.100481002035107,-146.15095256268702,4,0.5
16405.911093036775,-19.229799173640348,-146.42504499784036,4,0.5
16520.023228870472,-19.35904314918576,-146.69593378117895,4,0.5
16634.92907737704,-19.48816295425905,-146.96442420825332,4,0.5
16750.634159264704,-19.61716023012454,-147.230549407623,4,0.5
16867.144033641256,-19.746107903140004,-147.49322303752638,4,0.5
16984.464298281135,-19.874910599120664,-147.75398103284778,4,0.5
17102.600589894384,-20.00366312179736,-148.01137523098575,4,0.5
17221.558584397462,-20.132273255638022,-148.26691984170944,4,0.5
17341.343997185955,-20.2608328165727,-148.5191853180859,4,0.5
17461.962583409164,-20.3892745255688,-148.76930399747732,4,0.5
17583.42013824662,-20.517621621482284,-149.01694603309218,4,0.5
17705.72249718651,-20.64587474080532,-149.2621462595544,4,0.5
17828.875536306066,-20.774024112271196,-149.50511536283872,4,0.5
17952.885172553855,-20.90211195292389,-149.74518196248985,4,0.5
18077.75736403408,-21.030086986832927,-149.9832603206693,4,0.5
18203.498110292836,-21.157960841676783,-150.21920252653476,4,0.5
18330.113452606365,-21.285764040069214,-150.45252148194047,4,0.5
18457.609474271307,-21.41347713303519,-150.6835963942065,4,0.5
18585.99230089697,-21.541081941639092,-150.9127963658201,4,0.5
18715.26810069965,-21.668608079894007,-151.1396396759511,4,0.5
18845.44308479898,-21.79606502968467,-151.36399212996946,4,0.5
18976.523507516347,-21.92337148957053,-151.5873820758022,4,0.5
19108.51566667538,-22.05065557178306,-151.80750772174045,4,0.5
19241.425903904536,-22.17785390514933,-152.02556577815494,4,0.5
19375.260604941792,-22.304932890414154,-152.24223303911765,4,0.5
19510.026199941436,-22.4319542315974,-152.45639357807013,4,0.5
19645.729163783028,-22.558867519545956,-152.66904470236338,4,0.5
19782.376016382463,-22.685732163956832,-152.8790887417906,4,0.5
19919.973323005244,-22.812490899429974,-153.08766983554162,4,0.5
20058.527694581913,-22.93917747978817,-153.29417547668643,4,0.5
20198.045788025658,-23.06578451592681,-153.4987890467662,4,0.5
20338.53430655217,-23.192320524499923,-153.7013798010095,4,0.5
20480.00000000169,-23.3187556329535,-153.9025887157703,4,0.5
20622.4496651633,-23.445129044147535,-154.10166670599202,4,0.5
20765.890146101516,-23.571433517341074,-154.2987942906105,4,0.5
20910.32833448505,-23.697647821511644,-154.49444798348338,4,0.5
21055.771169917985,-23.823801936480752,-154.68804607154357,4,0.5
21202.22564027317,-23.949874969695056,-154.88006111367056,4,0.5
21349.698782027936,-24.07586115573404,-155.07065829245468,4,0.5
21498.197680602203,-24.20178913012888,-155.25926739999076,4,0.5
21647.72947069887,-24.32763897825017,-155.4463504980853,4,0.5
21798.301336646622,-24.453424989333573,-155.63163627688655,4,0.5
21949.920512745113,-24.57914116237398,-155.81529061310107,4,0.5
22102.59428361251,-24.704769121423706,-155.99775923397584,4,0.5
22256.32998453553,-24.830341994957664,-156.17834655252616,4,0.5
22411.135001821818,-24.955866171664702,-156.35693715515816,4,0.5
22567.01677315487,-25.08132327315188,-156.53397576974183,4,0.5
22723.98278795137,-25.206690051661358,-156.71003312033156,4,0.5
22882.04058772098,-25.331992051999116,-156.8845665037093,4,0.5
23041.197766428744,-25.457253337652205,-157.05704852268266,4,0.5
23201.4619708599,-25.58242769293859,-157.2285901203406,4,0.5
23362.840900987278,-25.707539531302828,-157.39865947129087,4,0.5
23525.342310341253,-25.832600725031078,-157.56700650989276,4,0.5
23688.974006382276,-25.957600542217662,-157.7339181660908,4,0.5
23853.743850875984,-26.08252892458667,-157.89967357027925,4,0.5
24019.6597602709,-26.207418995761877,-158.06349953922552,4,0.5
24186.729706078822,-26.33223385488194,-158.22633038102094,4,0.5
24354.96171525778,-26.456990414299835,-158.38778695116454,4,0.5
24524.363870597732,-26.58168938484199,-158.54788438258439,4,0.5
24694.944311108862,-26.70633147121358,-158.70663756987517,4,0.5
24866.711232412665,-26.83091737192486,-158.864061174028,4,0.5
25039.672887135683,-26.955452634265082,-159.02004446518703,4,0.5
25213.837585306024,-27.07992816136478,-159.1748528554205,4,0.5
25389.213694752598,-27.20434956168048,-159.32837428277094,4,0.5
25565.809641507185,-27.32872214871444,-159.48049998121047,4,0.5
25743.63391020923,-27.45303266784393,-159.63161111951226,4,0.5
25922.695044513537,-27.577295700363436,-159.78135343732623,4,0.5
26103.00164750071,-27.70149838771355,-159.93010255042321,4,0.5
26284.562382090517,-27.82567673149227,-160.0769133526974,4,0.5
26467.385971458098,-27.949782842525188,-160.22311484231346,4,0.5
26651.481199453076,-28.073856494563696,-160.36764994305864,4,0.5
26836.856911021572,-28.19785995312307,-160.51159056625207,4,0.5
27023.522012631187,-28.321823589093714,-160.65412587901113,4,0.5
27211.485472698885,-28.445731422665425,-160.79573272770563,4,0.5
27400.75632202192,-28.569608390257365,-160.93573295001806,4,0.5
27591.3436542117,-28.6934386311487,-161.07460130413045,4,0.5
27783.256626130707,-28.817214984699547,-161.2125742888265,4,0.5
27976.504458332423,-28.94094602296937,-161.3494347132913,4,0.5
28171.096435504372,-29.06462478912294,-161.48541552658577,4,0.5
28367.04190691418,-29.18827072283993,-161.61997165562516,4,0.5
28564.35028685876,-29.31187291280787,-161.75344888117462,4,0.5
28763.031055116662,-29.435428292513144,-161.88596597756685,4,0.5
28963.093757403483,-29.55894107929213,-162.0174224386793,4,0.5
29164.548005830547,-29.682404753569372,-162.1480417395031,4,0.5
29367.403479366687,-29.80583381290229,-162.27740215453593,4,0.5
29571.669924303278,-29.929224854769885,-162.40562101303783,4,0.5
29777.35715472254,-30.052567763945973,-162.53302033421832,4,0.5
29984.475052969006,-30.175872248353464,-162.65928437424068,4,0.5
30193.03357012437,-30.29913946277139,-162.78430549283277,4,0.5
30403.042726485564,-30.422349516671684,-162.9084779856473,4,0.5
30614.512612046197,-30.5454756796528,-163.03177697841858,4,0.5
30827.45338698134,-30.668440870835667,-163.15435985499067,4,0.5
31041.875282135654,-30.791584946683525,-163.27802977937574,4,0.5
31257.788599514974,-30.91484637405742,-163.39831786581902,4,0.5
31475.203712781236,-31.037950415765284,-163.51739665088604,4,0.5
31694.13106775091,-31.160973055315097,-163.63604738063978,4,0.5
31914.581182896858,-31.28395604415353,-163.75364477821307,4,0.5
32136.564649853717,-31.406900223365323,-163.87036611777754,4,0.5
32360.09213392676,-31.529808213442173,-163.98620450987306,4,0.5
32585.17437460432,-31.652678589586767,-164.10125582446338,4,0.5
32811.8221860738,-31.775520506006938,-164.21523647114088,4,0.5
33040.04645774119,-31.89832632773333,-164.32843895582607,4,0.5
33269.85815475433,-32.02110466707053,-164.44058638097837,4,0.5
33501.26831852966,-32.14383493817897,-164.55243399971656,4,0.5
33734.28806728276,-32.2665465611851,-164.66296055802508,4,0.5
33968.928596562524,-32.38922169477992,-164.77282539832248,4,0.5
34205.20117978902,-32.51186848421868,-164.88175855936456,4,0.5
34443.11716879519,-32.63448970500215,-164.98967878372383,4,0.5
34682.68799437217,-32.757075861677734,-165.0969565528677,4,0.5
34923.92516681859,-32.87963235480167,-165.20341686985535,4,0.5
35166.8402764935,-33.00215487506263,-165.30924412115223,4,0.5
35411.44499437329,-33.12464866407709,-165.41426577724235,4,0.5
35657.7510726124,-33.247118684374755,-165.51831422812512,4,0.5
35905.77034510798,-33.36956060912534,-165.62157367239772,4,0.5
36155.51472806843,-33.49197703975737,-165.72396491275597,4,0.5
36406.99622058595,-33.61436606301624,-165.82558216246161,4,0.5
36660.22690521301,-33.736725889081896,-165.92651714083703,4,0.5
36915.21894854289,-33.85905484701339,-166.02685911637926,4,0.5
37171.98460179422,-33.981361870911954,-166.1262761945479,4,0.5
37430.53620139958,-34.10364299551266,-166.22494482505027,4,0.5
37690.88616959824,-34.22589857004994,-166.32287151376582,4,0.5
37953.04701503298,-34.34812492049869,-166.42022670514052,4,0.5
38217.03133335104,-34.47033048176783,-166.516687594479,4,0.5
38482.85180780936,-34.59251151257299,-166.6124256403491,4,0.5
38750.521209883875,-34.714672193109834,-166.70728647330185,4,0.5
39020.05239988316,-34.83680130361562,-166.80175802567686,4,0.5
39291.458327566346,-34.958912583394444,-166.89528542900877,4,0.5
39564.752032765224,-35.08099504894939,-166.98835145142885,4,0.5
39839.94664601079,-35.20306015407249,-167.08048864315924,4,0.5
40117.05538916413,-35.325097227013266,-167.1721729986055,4,0.5
40396.09157605162,-35.447119163692356,-167.2628665468561,4,0.5
40677.068613104646,-35.56911551953745,-167.35304022009595,4,0.5
40960.00000000368,-35.69108674335301,-167.44269648909759,4,0.5
41244.899330326916,-35.813040040969206,-167.53153627122668,4,0.5
41531.78029220334,-35.93497222169005,-167.61971804018967,4,0.5
41820.65666897041,-36.056880284762755,-167.70739598236784,4,0.5
42111.54233983629,-36.178774374412846,-167.7941295445552,4,0.5
42404.45128054665,-36.300643310709674,-167.88044343692096,4,0.5
42699.3975640562,-36.422490724081044,-167.96619279600745,4,0.5
42996.39536120473,-36.54432626572611,-168.05094770912964,4,0.5
43295.458941398065,-36.66613303861805,-168.13551053391478,4,0.5
43596.60267329357,-36.78792829489366,-168.21909336760254,4,0.5
43899.84102549055,-36.909700074308766,-168.30227504719093,4,0.5
44205.18856722535,-37.031457622757074,-168.38463446955026,4,0.5
44512.659969071385,-37.15319088853864,-168.46666962939923,4,0.5
44822.27000364397,-37.27490606948547,-168.5481023990819,4,0.5
45134.033546310086,-37.396606220711625,-168.62880006397464,4,0.5
45447.96557590307,-37.51829146533744,-168.70877038605542,4,0.5
45764.081175442305,-37.639953734316705,-168.78842823861086,4,0.5
46082.39553285784,-37.76159888281739,-168.86750311071708,4,0.5
46402.92394172015,-37.883232451827844,-168.94573204112962,4,0.5
46725.681801974904,-38.0048452876671,-169.02359051722314,4,0.5
47050.68462068286,-38.12644294584692,-169.10081499325958,4,0.5
47377.94801276491,-38.24802305266162,-169.1775425011692,4,0.5
47707.487701752325,-38.36959089907086,-169.2535158886183,4,0.5
48039.319520542165,-38.491141599950474,-169.3290022259218,4,0.5
48373.45941215801,-38.61267542520261,-169.40400458149676,4,0.5
48709.923430515926,-38.734193841864396,-169.47846227259836,4,0.5
49048.72774119583,-38.85569469107392,-169.55250621642287,4,0.5
49389.888622218095,-38.97718528810367,-169.62576102479014,4,0.5
49733.4224648257,-39.09865757847136,-169.69867306593986,4,0.5
50000.0,-39.192330791452356,-169.75459235388902,4,0.5
10.0,-11.349342159892032,-0.10893668917642896,5,0.6
10.069555500567189,-11.349492940142571,-0.10936617334859051,5,0.6
10.139594797900294,-11.349624548620769,-0.10978982130357522,5,0.6
10.210121257071936,-11.349770550865301,-0.11021223266720732,5,0.6
10.281138266560667,-11.349917540460506,-0.11063140785959082,5,0.6
10.352649238413779,-11.35006888680575,-0.11104771299618259,5,0.6
10.424657608411218,-11.350207829890094,-0.1114585983427271,5,0.6
10.497166836230678,-11.350354514324925,-0.11186684871848356,5,0.6
10.57018040561381,-11.350515664490148,-0.11227335140437901,5,0.6
10.643701824533608,-11.350661102453937,-0.11267353547809103,5,0.6
10.71773462536294,-11.350824391308352,-0.11307224204340084,5,0.6
10.792282365044281,-11.35098541829401,-0.11346636040333757,5,0.6
10.867348625260592,-11.351144199602173,-0.11385574829309598,5,0.6
10.942937012607405,-11.35130075166124,-0.11424026137551471,5,0.6
11.019051158766118,-11.351465154514047,-0.11462130418214533,5,0.6
11.095694720678463,-11.351620652566446,-0.11499615829353405,5,0.6
11.172871380722214,-11.35178068069975,-0.115366748745198,5,0.6
11.250584846888108,-11.351958673199142,-0.11573505903426028,5,0.6
11.328838852958,-11.352117750079145,-0.11609515001747331,5,0.6
11.407637158684253,-11.352288117718338,-0.11645163175925548,5,0.6
11.486983549970367,-11.352459731301876,-0.11680277261882545,5,0.6
11.566881839052892,-11.352639317206934,-0.11714951164525103,5,0.6
11.647335864684578,-11.352810123750407,-0.11748898307544514,5,0.6
11.728349492318808,-11.352992293822464,-0.11782430940525979,5,0.6
11.809926614295325,-11.353165722887299,-0.11815203755782878,5,0.6
11.892071150027233,-11.353343846146855,-0.11847421434034375,5,0.6
11.97478704618931,-11.353533390405293,-0.11879182151289003,5,0.6
12.05807827690763,-11.353717606869589,-0.11910189581524183,5,0.6
12.141948843950495,-11.353909930574682,-0.1194065393247544,5,0.6
12.226402776920713,-11.354086907078562,-0.11970157889930837,5,0.6
12.31144413344919,-11.354278739360641,-0.11999201083968818,5,0.6
12.397076999389895,-11.35446532758505,-0.1202742094443561,5,0.6
12.48330548901615,-11.354670166757252,-0.12055210311754733,5,0.6
12.570133745218314,-11.35485639204504,-0.12081905811498955,5,0.6
12.657565939702833,-11.355057558636696,-0.12108080056501754,5,0.6
12.745606273192656,-11.35526027576333,-0.12133479950920342,5,0.6
12.834258975629076,-11.35545786019124,-0.12157966545585878,5,0.6
12.923528306374958,-11.355657041517425,-0.12181641523158464,5,0.6
13.013418554419374,-11.355864548889292,-0.12204609926802856,5,0.6
13.10393403858367,-11.35607370017352,-0.12226732274872092,5,0.6
13.195079107728983,-11.356271108618316,-0.12247740434208029,5,0.6
13.286858140965156,-11.356483621034506,-0.12268113584340559,5,0.6
13.379275547861162,-11.356694498499365,-0.1228752170635953,5,0.6
13.472335768656947,-11.356910471657233,-0.12306072190745294,5,0.6
13.566043274476765,-11.357128213370547,-0.12323683104216986,5,0.6
13.660402567544,-11.357341045049703,-0.12340205716391749,5,0.6
13.755418181397484,-11.35756240274761,-0.12355878794053947,5,0.6
13.851094681109295,-11.35779231282772,-0.12370685683663979,5,0.6
13.947436663504105,-11.35800398511783,-0.12384079969759959,5,0.6
14.044448757380025,-11.358230968996317,-0.12396700034986598,5,0.6
14.142135623731003,-11.358459883756677,-0.1240826302847122,5,0.6
14.240501955970773,-11.358690757852909,-0.12418748850699221,5,0.6
14.33955248015833,-11.358913564749118,-0.12427932728633255,5,0.6
14.439291955225018,-11.359148444885406,-0.12436201850636928,5,0.6
14.539725173203164,-11.359388723819952,-0.12443401860966428,5,0.6
14.640856959456315,-11.359624376882863,-0.12449304566508386,5,0.6
14.742692172911074,-11.359865489590979,-0.12454096774857192,5,0.6
14.845235706290554,-11.360102038676434,-0.12457546965772195,5,0.6
14.94849248634945,-11.3603441099049,-0.12459844777768851,5,0.6
15.05246747411074,-11.360585032648729,-0.12460827112408121,5,0.6
15.15716566510405,-11.360831541859477,-0.12460615787226895,5,0.6
15.26259208960566,-11.361076968121342,-0.12459045394472863,5,0.6
15.368751812880195,-11.361328047068112,-0.12456239681587335,5,0.6
15.475649935423972,-11.361584812168628,-0.12452178774351656,5,0.6
15.58329159321007,-11.361837245306551,-0.1244661931592589,5,0.6
15.69168195793509,-11.362095433932765,-0.12439761436726446,5,0.6
15.800826237267621,-11.362352712069852,-0.1243143390361021,5,0.6
15.910729675098453,-11.362612466239671,-0.12421689390958474,5,0.6
16.02139755179252,-11.362871382544137,-0.12410429330285191,5,0.6
16.13283518444261,-11.363139549210848,-0.12397861933219081,5,0.6
16.245047927124794,-11.363390201318138,-0.12383345859644716,5,0.6
16.358041171155712,-11.363670280339036,-0.12367946730983792,5,0.6
16.471820345351553,-11.363929572226235,-0.12350471247543493,5,0.6
16.586390916288924,-11.364204967409488,-0.12331760657403538,5,0.6
16.70175838856748,-11.364479755139733,-0.12311398974439931,5,0.6
16.817928305074386,-11.36475062633221,-0.12289281532863638,5,0.6
16.93490624725064,-11.365024321781625,-0.12265545399617855,5,0.6
17.052697835359233,-11.36529753325459,-0.12240086449627648,5,0.6
17.17130872875518,-11.365583700937245,-0.1221321116058536,5,0.6
17.290744626157405,-11.36585607186152,-0.12184237177314033,5,0.6
17.411011265922586,-11.366151532517568,-0.12154055425633177,5,0.6
17.53211442632081,-11.366429935158074,-0.12121641458209106,5,0.6
17.654059925813208,-11.36671476945613,-0.12087557673315086,5,0.6
17.776853623331515,-11.367012778209782,-0.12051955459398565,5,0.6
17.900501418559564,-11.367297215484838,-0.12014127674179192,5,0.6
18.02500925221672,-11.367591570455527,-0.11974651980195834,5,0.6
18.150383106343334,-11.367885843815994,-0.11933247476458424,5,0.6
18.27662900458813,-11.368183432035702,-0.11889978847136197,5,0.6
18.403753012497624,-11.368477686824516,-0.11844646525765633,5,0.6
18.53176123780754,-11.36877870297289,-0.11797493983147478,5,0.6
18.660659830736275,-11.369076485255441,-0.11748230859528998,5,0.6
18.790454984280366,-11.369384477406344,-0.11697195826092793,5,0.6
18.921152934512047,-11.369679293981106,-0.1164373004683343,5,0.6
19.05275996087888,-11.369997815366244,-0.11588818268311436,5,0.6
19.18528238650542,-11.370299919148213,-0.11531335322346203,5,0.6
19.31872657849705,-11.370612441914156,-0.11471998051514014,5,0.6
19.453098948245852,-11.370922047101256,-0.114104122531304,5,0.6
19.588405951738682,-11.371228790433092,-0.11346553309807085,5,0.6
19.72465408986733,-11.371542770188135,-0.11280684380806608,5,0.6
19.861849908740865,-11.37186404273007,-0.11212787589206333,5,0.6
20.00000000000015,-11.372175929362285,-0.11142358665329159,5,0.6
20.13911100113453,-11.372488530632396,-0.11069663448651201,5,0.6
20.279189595800737,-11.372818640342835,-0.10995174310569236,5,0.6
20.42024251414402,-11.37312615548211,-0.10917686525787607,5,0.6
20.56227653312149,-11.373451299449533,-0.10838366730939739,5,0.6
20.70529847682771,-11.37378074599612,-0.10756801090245233,5,0.6
20.849315216822593,-11.374101171846178,-0.10672564021939206,5,0.6
20.994333672461515,-11.3744293729816,-0.10586141083547751,5,0.6
21.14036081122778,-11.374762067047213,-0.10497413388669431,5,0.6
21.28740364906737,-11.375082588393342,-0.10405842814262979,5,0.6
21.43546925072604,-11.37541777249649,-0.10312239594229286,5,0.6
21.584564730088722,-11.375747609772242,-0.10215959711074651,5,0.6
21.734697250521346,-11.37607551473517,-0.101170859018994,5,0.6
21.885874025214974,-11.376404902367518,-0.10015704353818303,5,0.6
22.038102317532406,-11.376749224420912,-0.09912229076203143,5,0.6
22.191389441357092,-11.377085132761191,-0.0980588939082018,5,0.6
22.345742761444598,-11.377422735979417,-0.09696989479215079,5,0.6
22.501169693776383,-11.37775876163283,-0.09585401442373545,5,0.6
22.657677705916175,-11.378096629025418,-0.09471217205359682,5,0.6
22.815274317368676,-11.37843641278103,-0.09354420156401383,5,0.6
22.973967099940907,-11.378774844044838,-0.09234880983118841,5,0.6
23.13376367810596,-11.379128723192654,-0.09113150993390177,5,0.6
23.29467172936933,-11.379471370387344,-0.0898830667096617,5,0.6
23.456698984637793,-11.379799521392929,-0.08860207001720971,5,0.6
23.619853228590827,-11.38015338985636,-0.08730222768440028,5,0.6
23.784142300054643,-11.380499612247647,-0.08597183991895634,5,0.6
23.949574092378796,-11.380844960081546,-0.08461305632155365,5,0.6
24.11615655381544,-11.381189516889158,-0.08322571733307155,5,0.6
24.28389768790117,-11.381533367319035,-0.08180966765511541,5,0.6
24.452805553841607,-11.381883284785827,-0.08036717654958045,5,0.6
24.622888266898567,-11.38223266831959,-0.07889571389819458,5,0.6
24.794153998779972,-11.382588292923003,-0.07739759511377182,5,0.6
24.966610978032485,-11.382936873996595,-0.0758677879730187,5,0.6
25.140267490436816,-11.383285189070673,-0.07430859881654915,5,0.6
25.315131879405854,-11.38363333001282,-0.07271990027449006,5,0.6
25.4912125463855,-11.383991418593293,-0.07110536806656735,5,0.6
25.668517951258348,-11.384336147866367,-0.0694560414757736,5,0.6
25.847056612750112,-11.384691013933722,-0.06778068995306141,5,0.6
26.026837108838944,-11.385046084476272,-0.0660754085379463,5,0.6
26.20786807716754,-11.38540145743512,-0.06434009568992148,5,0.6
26.390158215458165,-11.38576057431915,-0.06257596987930433,5,0.6
26.573716281930512,-11.386106824291113,-0.06077634703256254,5,0.6
26.758551095722524,-11.386463705363623,-0.05895036432427481,5,0.6
26.944671537314093,-11.386814609694213,-0.05709130850907634,5,0.6
27.13208654895373,-11.38718303552108,-0.055208528895933924,5,0.6
27.320805135088207,-11.38752564446856,-0.05328436322827136,5,0.6
27.510836362795175,-11.38788264608513,-0.05133500775189404,5,0.6
27.7021893622188,-11.38824412311501,-0.049356371797921246,5,0.6
27.89487332700842,-11.388590137018282,-0.047340057504491176,5,0.6
28.088897514760255,-11.388940848808318,-0.0452943034477326,5,0.6
28.284271247462218,-11.38929637104803,-0.04321910177926941,5,0.6
28.48100391194176,-11.389653476834201,-0.04111302294021103,5,0.6
28.679104960316874,-11.390008941241012,-0.0389746008547591,5,0.6
28.878583910450253,-11.390366222851432,-0.03680523224688736,5,0.6
29.079450346406546,-11.39071541874235,-0.03460051959960785,5,0.6
29.28171391891285,-11.39106667199426,-0.0323647714931471,5,0.6
29.485384345822368,-11.391423445227023,-0.03009946873971369,5,0.6
29.690471412581335,-11.39177918111315,-0.02780166037190538,5,0.6
29.896984972699123,-11.392130665120742,-0.025469817819631112,5,0.6
30.104934948221704,-11.392488044917947,-0.02310844147584036,5,0.6
30.314331330208326,-11.392828069304636,-0.020706889514951407,5,0.6
30.52518417921155,-11.393190948017999,-0.018283465989738453,5,0.6
30.73750362576062,-11.393536734740731,-0.01581979537906219,5,0.6
30.951299870848175,-11.393882262868068,-0.013323528416779553,5,0.6
31.16658318642038,-11.394237686259686,-0.010799405374028053,5,0.6
31.38336391587042,-11.394586444631763,-0.008239618201313926,5,0.6
31.60165247453548,-11.3949286777708,-0.005644123100546555,5,0.6
31.82145935019715,-11.395281222564082,-0.003020938154978312,5,0.6
32.04279510358529,-11.395634203730458,-0.00036534282620837363,5,0.6
32.26567036888546,-11.395984426895296,0.0023242508434456227,5,0.6
32.49009585424984,-11.39631868387109,0.005054417637439682,5,0.6
32.716082342311665,-11.396670510478417,0.00780867832004036,5,0.6
32.94364069070335,-11.397016685733895,0.01059848969352164,5,0.6
33.172781832578096,-11.397354023766255,0.013425538530073578,5,0.6
33.40351677713521,-11.39770270898924,0.01627966817703922,5,0.6
33.63585661014903,-11.398042867413679,0.019170943323401562,5,0.6
33.86981249450153,-11.398381333867778,0.022095937085891592,5,0.6
34.10539567071872,-11.398721606351954,0.025052850337157335,5,0.6
34.34261745751061,-11.399057171164928,0.02804507557036363,5,0.6
34.58148925231507,-11.399391530326877,0.03107081359936121,5,0.6
34.822022531845434,-11.399721512585419,0.03413175937917861,5,0.6
35.064228852641875,-11.40006731122612,0.03721712462947213,5,0.6
35.30811985162668,-11.40038570982179,0.040350057937490615,5,0.6
35.55370724666329,-11.400723604479841,0.043505343235009625,5,0.6
35.80100283711939,-11.401057808261397,0.0466954423482419,5,0.6
36.05001850443371,-11.401381824509354,0.04992396979575021,5,0.6
36.30076621268694,-11.401719191362158,0.05317791927061826,5,0.6
36.55325800917653,-11.402033384455915,0.05647759074611319,5,0.6
36.80750602499552,-11.402364629738734,0.059800505945117856,5,0.6
37.06352247561536,-11.402683082357461,0.06316341638767231,5,0.6
37.32131966147283,-11.403008950678743,0.06655485407041187,5,0.6
37.58090996856101,-11.403319070107647,0.06998808183686689,5,0.6
37.84230586902438,-11.40364366145958,0.07344565948660761,5,0.6
38.105519921758045,-11.403952893499108,0.07694486792990281,5,0.6
38.37056477301113,-11.404270317912165,0.08047193850430368,5,0.6
38.63745315699439,-11.404586126393102,0.08403256250039104,5,0.6
38.906197896491996,-11.40489718630825,0.08762859594729007,5,0.6
39.176811903477656,-11.405207039075409,0.09125791256921216,5,0.6
39.449308179734956,-11.405519228536567,0.09491831942950073,5,0.6
39.72369981748203,-11.40581728740965,0.09861984444186754,5,0.6
40.000000000000604,-11.406128113361158,0.10234598974063193,5,0.6
40.27822200226936,-11.406428574035798,0.10611094226251892,5,0.6
40.55837919160177,-11.406728894422278,0.10990837019953195,5,0.6
40.840485028288356,-11.407032630777366,0.1137359687882382,5,0.6
41.124553066243294,-11.40732666683395,0.1176019923937862,5,0.6
41.410596953655734,-11.407617899913287,0.12150209087069268,5,0.6
41.6986304336455,-11.407916564240498,0.12542962286752965,5,0.6
41.98866734492334,-11.408206217802208,0.12939513805327718,5,0.6
42.28072162245588,-11.40849376598862,0.13339417080954857,5,0.6
42.57480729813507,-11.408776112456465,0.13742873855444462,5,0.6
42.8709385014524,-11.409066836462298,0.14148980275616793,5,0.6
43.16912946017777,-11.40934617514394,0.1455904483523356,5,0.6
43.46939450104301,-11.409634382010687,0.14971707700645676,5,0.6
43.771748050430276,-11.409901698742008,0.1538897769714174,5,0.6
44.07620463506514,-11.41017838686415,0.15808801721276367,5,0.6
44.38277888271451,-11.410454699764387,0.16231833362794268,5,0.6
44.69148552288952,-11.410727562819211,0.16658280993720484,5,0.6
45.00233938755311,-11.410997238716698,0.17088124971814267,5,0.6
45.315355411832684,-11.411267327054368,0.175211090441032,5,0.6
45.63054863473769,-11.41152809565452,0.1795791977093169,5,0.6
45.947934199882155,-11.411783150953664,0.18398306454435187,5,0.6
46.26752735621227,-11.412049436094788,0.188410459285607,5,0.6
46.58934345873901,-11.41230722854057,0.1928755124628156,5,0.6
46.913397969275934,-11.412566810989881,0.19737074638703148,5,0.6
47.23970645718201,-11.412818469095381,0.20190325457705652,5,0.6
47.56828460010965,-11.413072491704499,0.20646543565294187,5,0.6
47.89914818475796,-11.413309172495625,0.21107198415526426,5,0.6
48.232313107631235,-11.413562138863975,0.21569769156176705,5,0.6
48.5677953758027,-11.413811691259163,0.22035723518394643,5,0.6
48.90561110768358,-11.414048134438204,0.22505805482820757,5,0.6
49.2457765337975,-11.414288439732193,0.22978718864898556,5,0.6
49.58830799756032,-11.41452625182946,0.23454946389171624,5,0.6
49.933221956065346,-11.414758552020931,0.23934723527351967,5,0.6
50.280534980874016,-11.414982325870264,0.2441829260196352,5,0.6
50.630263758812085,-11.415214557859002,0.24904310128671647,5,0.6
50.982425092771386,-11.41543557787282,0.2539433429438692,5,0.6
51.33703590251707,-11.415675707271513,0.2588592855006342,5,0.6
51.69411322550061,-11.41589195758333,0.26382554465324354,5,0.6
52.05367421767828,-11.41610799282146,0.2688230853843424,5,0.6
52.41573615433548,-11.41632415368324,0.27385158194876125,5,0.6
52.78031643091672,-11.416540785050973,0.2789106982584952,5,0.6
53.14743256386143,-11.416744907304812,0.28401126624548256,5,0.6
53.517102191445446,-11.416953533990275,0.2891390989400382,5,0.6
53.8893430746286,-11.417163689818764,0.2942966031215872,5,0.6
54.264173097907864,-11.417362408172673,0.29949482710448067,5,0.6
54.64161027017682,-11.417560050356228,0.30472499892711763,5,0.6
55.02167272559077,-11.417766981178158,0.30997808444510533,5,0.6
55.40437872443802,-11.417953588355328,0.31527982532919113,5,0.6
55.78974665401725,-11.418143572374644,0.32060965410700826,5,0.6
56.17779502952094,-11.418333983773357,0.32597009825066514,5,0.6
56.56854249492486,-11.41852187755826,0.33136375899903037,5,0.6
56.962007823883944,-11.418700981860981,0.33679631938356597,5,0.6
57.358209920634174,-11.418881686770455,0.34225848226423,5,0.6
57.75716782090094,-11.41906106082184,0.3477528780800299,5,0.6
58.158900692813525,-11.419236176926068,0.3532822130091241,5,0.6
58.56342783782614,-11.419414107015289,0.35883998257277167,5,0.6
58.97076869164518,-11.419571945254132,0.364447555443665,5,0.6
59.38094282516311,-11.419746754492849,0.37007038017221006,5,0.6
59.79396994539869,-11.419908975846118,0.3757361724898964,5,0.6
60.209869896443855,-11.420069030676025,0.38143521228370336,5,0.6
60.628662660417106,-11.420227351376083,0.3871671212021479,5,0.6
61.05036835842356,-11.420381043754064,0.39293474073188345,5,0.6
61.4750072515217,-11.42054054287244,0.39872796132412475,5,0.6
61.90259974169682,-11.420689639940672,0.4045626259250303,5,0.6
62.33316637284123,-11.420828786680126,0.41043851160943245,5,0.6
62.766727831741306,-11.42097842547165,0.41633540582090406,5,0.6
63.20330494907143,-11.42111570069674,0.4222760988754369,5,0.6
63.642918700394766,-11.42125773341025,0.42824350760463925,5,0.6
64.08559020717105,-11.421388340356994,0.43425407104892066,5,0.6
64.5313407377714,-11.421531313840534,0.44028357526009587,5,0.6
64.98019170850016,-11.42165382666763,0.4463657847738619,5,0.6
65.43216468462381,-11.42178634294483,0.45246937452443986,5,0.6
65.8872813814072,-11.421916030683715,0.45860763348528905,5,0.6
66.34556366515669,-11.422033394478968,0.4647907078956977,5,0.6
66.80703355427093,-11.422145597705846,0.47101126460670506,5,0.6
67.27171322029855,-11.422269801225957,0.4772510103618732,5,0.6
67.73962498900357,-11.42237654076039,0.4835415918578519,5,0.6
68.21079134143795,-11.422489648909194,0.48985746691715915,5,0.6
68.68523491502174,-11.42259299502012,0.49621623738228055,5,0.6
69.16297850463066,-11.42269709950835,0.5026065368636198,5,0.6
69.6440450636914,-11.422799165174823,0.5090315056127137,5,0.6
70.12845770528428,-11.422889739047452,0.5155018458208247,5,0.6
70.61623970325388,-11.422992679974167,0.5219909128574853,5,0.6
71.10741449332713,-11.423085223128107,0.5285243732197273,5,0.6
71.60200567423932,-11.423164593224941,0.5351057164230152,5,0.6
72.10003700886796,-11.423254665205755,0.5417077447664851,5,0.6
72.60153242537443,-11.423339352227945,0.5483489646630065,5,0.6
73.10651601835362,-11.423415895206972,0.5550328026302661,5,0.6
73.61501204999159,-11.423491532669129,0.5617509820665327,5,0.6
74.12704495123128,-11.423563516654735,0.5685068566396103,5,0.6
74.64263932294622,-11.423625774226501,0.5753078579567078,5,0.6
75.16181993712259,-11.423698882781315,0.582129488256981,5,0.6
75.68461173804933,-11.423763458276177,0.5889950833480382,5,0.6
76.21103984351666,-11.423826766883654,0.5958960483944298,5,0.6
76.74112954602285,-11.423882758007043,0.6028399478393095,5,0.6
77.27490631398935,-11.423938709223213,0.6098180203163178,5,0.6
77.81239579298456,-11.423995242301974,0.6168295690382218,5,0.6
78.3536238069559,-11.4240463235702,0.6238822567083975,5,0.6
78.8986163594705,-11.424089255577991,0.630979735005322,5,0.6
79.44739963496465,-11.42413799967462,0.6381044795086298,5,0.6
80.00000000000179,-11.42416988567344,0.6452855826077987,5,0.6
80.55644400453932,-11.424212209103846,0.6524882339434909,5,0.6
81.11675838320417,-11.42423898015842,0.6597461518977435,5,0.6
81.68097005657731,-11.424264182993635,0.6670414862112436,5,0.6
82.24910613248719,-11.42429181547592,0.6743690862433922,5,0.6
82.8211939073121,-11.4243225504026,0.6817280847135614,5,0.6
83.39726086729164,-11.424337081173107,0.6891444171753166,5,0.6
83.97733468984731,-11.424349414942407,0.6965997081898275,5,0.6
84.56144324491237,-11.424370233814397,0.7040795760720497,5,0.6
85.14961459627077,-11.424376916834282,0.7116149115223581,5,0.6
85.74187700290544,-11.424386819054124,0.719182257626592,5,0.6
86.33825892035618,-11.424390654047174,0.7267945511733489,5,0.6
86.93878900208668,-11.42440578859482,0.7344277440426571,5,0.6
87.54349610086122,-11.424399629729917,0.7421276134870299,5,0.6
88.15240927013093,-11.424389555143325,0.7498702107694808,5,0.6
88.7655577654297,-11.424379624165521,0.757649959324674,5,0.6
89.38297104577971,-11.424360576948548,0.7654803244448126,5,0.6
90.00467877510688,-11.424346477326349,0.7733412821813762,5,0.6
90.63071082366605,-11.424334738555231,0.7812365828447604,5,0.6
91.26109726947607,-11.424306122666703,0.7891946108862092,5,0.6
91.895868399765,-11.424278040805778,0.7971901887884348,5,0.6
92.53505471242522,-11.424257916349713,0.8052123336115196,5,0.6
93.17868691747873,-11.424219863136209,0.8132998672053897,5,0.6
93.82679593855258,-11.424184640232571,0.8214220308905047,5,0.6
94.47941291436473,-11.424156355169682,0.8295725923057322,5,0.6
95.13656920022001,-11.4241024722273,0.8378014616718882,5,0.6
95.79829636951663,-11.42406708825468,0.8460413438531056,5,0.6
96.4646262152632,-11.424007681651094,0.8543580504634227,5,0.6
97.13559075160614,-11.423961696793523,0.8626937179779522,5,0.6
97.81122221536789,-11.423896615406726,0.8710994485926394,5,0.6
98.49155306759573,-11.423839897115307,0.8795322881309423,5,0.6
99.17661599512138,-11.423769027445356,0.8880281944463473,5,0.6
99.86644391213144,-11.423701480141798,0.8965595607360065,5,0.6
100.56106996174877,-11.423631409480608,0.9051359164481815,5,0.6
101.26052751762494,-11.423562970185868,0.9137506766564963,5,0.6
101.96485018554354,-11.42348366007154,0.9224245436882783,5,0.6
102.67407180503491,-11.423400974347654,0.9311455791039256,5,0.6
103.388226451002,-11.423315747982357,0.9399126399252935,5,0.6
104.10734843535732,-11.42322215472131,0.9487357686568949,5,0.6
104.83147230867174,-11.423131035093565,0.957597003887716,5,0.6
105.56063286183424,-11.423036570286762,0.9665063360289072,5,0.6
106.29486512772365,-11.422936277630074,0.9754682936017911,5,0.6
107.03420438289172,-11.422834343345528,0.9844759675872696,5,0.6
107.778686149258,-11.422718292183662,0.9935513272679761,5,0.6
108.52834619581655,-11.422612315440876,1.0026525053066786,5,0.6
109.28322054035448,-11.422483944813521,1.0118367369183423,5,0.6
110.04334545118235,-11.422370711767034,1.0210380862675557,5,0.6
110.80875744887686,-11.422246818954182,1.0303024303163806,5,0.6
111.57949330803534,-11.4221131373377,1.0396287296739608,5,0.6
112.35559005904271,-11.421977207553331,1.049003760225399,5,0.6
113.13708498985058,-11.42184323985185,1.0584200203748926,5,0.6
113.92401564776874,-11.42170877911977,1.067882096903537,5,0.6
114.71641984126921,-11.421561370090396,1.0774132969129173,5,0.6
115.51433564180275,-11.421415230350448,1.0869876305288888,5,0.6
116.31780138562794,-11.421261241525645,1.0966223691273815,5,0.6
117.12685567565316,-11.421113625844635,1.1062909400197871,5,0.6
117.94153738329126,-11.420943260071645,1.1160489057474912,5,0.6
118.76188565032712,-11.420777706578292,1.125844221732739,5,0.6
119.58793989079828,-11.4206078502964,1.1356944921061887,5,0.6
120.41973979288862,-11.420424575149289,1.145617814325168,5,0.6
121.25732532083512,-11.420245444286191,1.1555803135602902,5,0.6
122.10073671684803,-11.420068012855811,1.1655867762957055,5,0.6
122.95001450304433,-11.419879829417887,1.175662077488816,5,0.6
123.80519948339456,-11.419691788270757,1.1857848946306742,5,0.6
124.66633274568338,-11.419494771590294,1.1959737707836502,5,0.6
125.53345566348355,-11.419289666200727,1.2062273847925855,5,0.6
126.40660989814381,-11.419084029607236,1.216530683217704,5,0.6
127.28583740079048,-11.41887541145026,1.2268888502776005,5,0.6
128.17118041434307,-11.418651350427053,1.2373280304872456,5,0.6
129.0626814755438,-11.418442753845348,1.2477842535605403,5,0.6
129.9603834170013,-11.418207129104951,1.2583465587234692,5,0.6
130.86432936924862,-11.417982053346861,1.2689364112598123,5,0.6
131.77456276281538,-11.417748381946854,1.2795943753838352,5,0.6
132.69112733031437,-11.417506985427988,1.2903190399871216,5,0.6
133.61406710854286,-11.417255393714292,1.3011161867249024,5,0.6
134.5434264405981,-11.41700781972486,1.3119553089481752,5,0.6
135.47924997800817,-11.416751774604512,1.322863760265401,5,0.6
136.42158268287693,-11.416494789034052,1.3338253150435802,5,0.6
137.3704698300445,-11.416237714850237,1.34483817653172,5,0.6
138.32595700926237,-11.415954693844663,1.3559604767329612,5,0.6
139.28809012738384,-11.415676608191909,1.36712364193156,5,0.6
140.25691541056963,-11.415404294678543,1.3783255812281916,5,0.6
141.23247940650882,-11.41511855180202,1.389610094057635,5,0.6
142.2148289866553,-11.414820200801168,1.4009759611231738,5,0.6
143.20401134847972,-11.414520073358158,1.4123986325595541,5,0.6
144.200074017737,-11.414222318086724,1.4238685060900953,5,0.6
145.20306485074994,-11.413914379190086,1.4354150904165608,5,0.6
146.2130320367083,-11.413597048776028,1.4470370173044746,5,0.6
147.2300240999843,-11.41328113065034,1.4587089269828168,5,0.6
148.25408990246365,-11.412954041327348,1.4704610461248198,5,0.6
149.28527864589356,-11.412619886704897,1.4822839738708997,5,0.6
150.32363987424628,-11.412276082880089,1.49418436291627,5,0.6
151.3692234760998,-11.41194008056498,1.5061197864084468,5,0.6
152.42207968703445,-11.411585890062208,1.5181541533914982,5,0.6
153.48225909204683,-11.411224258527689,1.5302615773604291,5,0.6
154.54981262797986,-11.410862582958154,1.5424238373699164,5,0.6
155.6247915859703,-11.410494883529301,1.5546560013076096,5,0.6
156.70724761391295,-11.410121850431661,1.566956571500476,5,0.6
157.79723271894218,-11.409744161152215,1.5793240273345237,5,0.6
158.8947992699305,-11.409352452629326,1.5917827039104695,5,0.6
160.0000000000048,-11.408957402090484,1.6043055250360994,5,0.6
161.11288800907985,-11.408552960484752,1.6169084078428437,5,0.6
162.23351676640956,-11.408149779130344,1.629563699338169,5,0.6
163.36194011315587,-11.407725060640441,1.6423317005246278,5,0.6
164.49821226497562,-11.40730614425114,1.6551404445984113,5,0.6
165.6423878146254,-11.406876886602845,1.6680329051999392,5,0.6
166.79452173458452,-11.40644118973125,1.6809989498291997,5,0.6
167.9546693796959,-11.405999594839905,1.6940373130619863,5,0.6
169.12288648982604,-11.405545935462683,1.707165101102283,5,0.6
170.29922919254284,-11.405084061006669,1.7203721832815198,5,0.6
171.4837540058122,-11.404621149428424,1.7336388612061568,5,0.6
172.6765178407137,-11.404154323909905,1.746973065342071,5,0.6
173.87757800417467,-11.403677340282496,1.7603924412909198,5,0.6
175.08699220172375,-11.403180585138621,1.7739246883108584,5,0.6
176.30481854026317,-11.40268789102552,1.7875025218108396,5,0.6
177.53111553086072,-11.402182909850167,1.801172573935981,5,0.6
178.7659420915608,-11.40167269919436,1.8149148364454133,5,0.6
180.00935755021513,-11.401154252914115,1.8287381349362213,5,0.6
181.26142164733346,-11.40063458606647,1.842622040213542,5,0.6
182.52219453895353,-11.400083856505832,1.8566547336655517,5,0.6
183.7917367995314,-11.399545866327664,1.8707071383943037,5,0.6
185.07010942485184,-11.398994072638773,1.8848578672076743,5,0.6
186.35737383495882,-11.398435394334047,1.8990865031839963,5,0.6
187.65359187710658,-11.397863326871768,1.9134129216841775,5,0.6
188.95882582873088,-11.39728473919346,1.9278165249100467,5,0.6
190.27313840044144,-11.396699774546377,1.9422968895177686,5,0.6
191.59659273903472,-11.396101846138931,1.9568744856666311,5,0.6
192.92925243052787,-11.3955044471915,1.9715074813214168,5,0.6
194.27118150321374,-11.394880822684236,1.9862797163223072,5,0.6
195.62244443073726,-11.394254464926856,2.0011178810226466,5,0.6
196.98310613519297,-11.39362537704754,2.0160216638205553,5,0.6
198.35323199024427,-11.392980118626552,2.031033981731236,5,0.6
199.73288782426437,-11.392328689351025,2.0461229928394915,5,0.6
201.12213992349908,-11.39167435415933,2.0612779187094925,5,0.6
202.5210550352514,-11.390996865218249,2.0765648832750654,5,0.6
203.9297003710886,-11.39031283927859,2.091929923811376,5,0.6
205.3481436100714,-11.389622091160634,2.1073734992695496,5,0.6
206.77645290200556,-11.388924402614862,2.122896175670404,5,0.6
208.21469687071618,-11.388209452329034,2.13853261705252,5,0.6
209.66294461734503,-11.387476950301018,2.1542843333187056,5,0.6
211.12126572367004,-11.38674671721153,2.170084040769908,5,0.6
212.5897302554489,-11.38600832812914,2.185966777882463,5,0.6
214.06840876578502,-11.385247958296436,2.201980328463952,5,0.6
215.5573722985176,-11.384488688195905,2.2180448833944992,5,0.6
217.05669239163473,-11.383706542728554,2.234243873758768,5,0.6
218.5664410807106,-11.382914455852923,2.250532337000174,5,0.6
220.08669090236637,-11.382118611533489,2.2668881081346295,5,0.6
221.6175148977554,-11.381301632315978,2.2833729543408956,5,0.6
223.15898661607235,-11.380486431738925,2.299904730892353,5,0.6
224.71118011808713,-11.379645467116084,2.3165825814546124,5,0.6
226.27416997970286,-11.37879821745048,2.333336111839308,5,0.6
227.8480312955392,-11.377933866097333,2.3502046987456433,5,0.6
229.43283968254013,-11.377061732885254,2.3671540069925086,5,0.6
231.02867128360725,-11.376181011263565,2.3841865949547936,5,0.6
232.63560277125762,-11.375274029179181,2.4013685553664934,5,0.6
234.25371135130806,-11.374373545934933,2.4185766449008432,5,0.6
235.88307476658426,-11.373434880967388,2.435979697060997,5,0.6
237.523771300656,-11.372507551473923,2.45338928034991,5,0.6
239.17587978159838,-11.371553516630822,2.470950427164345,5,0.6
240.83947958577906,-11.370595291361385,2.4885763170611095,5,0.6
242.51465064167206,-11.36961831029475,2.506323101603937,5,0.6
244.2014734336979,-11.368624802086376,2.524182157484231,5,0.6
245.9000290060905,-11.367620325131202,2.5421313640644128,5,0.6
247.61039896679097,-11.366607029726838,2.560161608744357,5,0.6
249.33266549136863,-11.365573540159318,2.5783179942217602,5,0.6
251.06691132696898,-11.364518545595129,2.5966060119827463,5,0.6
252.81321979628953,-11.363457555157092,2.614962593413171,5,0.6
254.5716748015829,-11.362382434420917,2.633420117935238,5,0.6
256.3423608286881,-11.361291747987629,2.6519841032285445,5,0.6
258.12536295108947,-11.360173892134446,2.670702559765846,5,0.6
259.9207668340045,-11.359054341947285,2.6894692308047774,5,0.6
261.72865873849923,-11.357918036216738,2.7083461379062066,5,0.6
263.54912552563275,-11.356746480895923,2.7274115678342348,5,0.6
265.38225466063074,-11.355585301818055,2.7464714238998953,5,0.6
267.2281342170877,-11.354392279826204,2.7657048844524783,5,0.6
269.08685288119824,-11.353189323311419,2.7850177464692867,5,0.6
270.95849995601833,-11.351964516794059,2.8044609576345025,5,0.6
272.8431653657559,-11.350722796582819,2.824012716839936,5,0.6
274.74093966009104,-11.3494758254966,2.843620821165316,5,0.6
276.6519140185268,-11.34819802666598,2.863397608123625,5,0.6
278.5761802547697,-11.346911125861938,2.8832461834340015,5,0.6
280.51383082114137,-11.345596216547944,2.903250540706316,5,0.6
282.4649588130198,-11.344278340452147,2.923297057818243,5,0.6
284.42965797331277,-11.342918187981319,2.9435636279486714,5,0.6
286.40802269696155,-11.341554269427402,2.9638742454718523,5,0.6
288.40014803547615,-11.340174276854738,2.9842839085483566,5,0.6
290.4061297015021,-11.338782793874154,3.004770179826689,5,0.6
292.42606407341884,-11.33735725174052,3.0254376779124135,5,0.6
294.4600481999708,-11.335912315615806,3.046217539950031,5,0.6
296.50817980492957,-11.334449062037777,3.0671037676671613,5,0.6
298.5705572917893,-11.3329753159097,3.0880577931203255,5,0.6
300.64727974849484,-11.331468331136437,3.1091876410490196,5,0.6
302.73844695220185,-11.329952822940568,3.130373442840617,5,0.6
304.84415937407124,-11.328405960204373,3.1517247994734254,5,0.6
306.964518184096,-11.326849005487095,3.1731369586032163,5,0.6
309.09962525596205,-11.325265836981696,3.1946877617497145,5,0.6
311.24958317194296,-11.32365727218691,3.2163725256624374,5,0.6
313.4144952278283,-11.32202069575506,3.2382036594567647,5,0.6
315.59446543788675,-11.320363658191784,3.260142421575002,5,0.6
317.7895985398634,-11.31870729519365,3.2820797927559795,5,0.6
320.000000000012,-11.317004675035998,3.3042528649013496,5,0.6
322.22577601816215,-11.315293880097881,3.3264661925493173,5,0.6
324.4670335328215,-11.313541498765167,3.3488905732363783,5,0.6
326.7238802263142,-11.311775363273508,3.371380971097049,5,0.6
328.99642452995374,-11.309989236965858,3.3939678297097036,5,0.6
331.2847756292533,-11.308176846565912,3.416682575282351,5,0.6
333.5890434691715,-11.30633529288652,3.439539435581265,5,0.6
335.90933875939425,-11.304475291690114,3.462479849632875,5,0.6
338.2457729796546,-11.30258024702227,3.4855913264458915,5,0.6
340.5984583850881,-11.300677895384425,3.508722391031551,5,0.6
342.96750801162693,-11.298731101065826,3.532072904513887,5,0.6
345.3530356814299,-11.29676414716542,3.5555093032588108,5,0.6
347.75515600835195,-11.294773988935153,3.579046127230564,5,0.6
350.1739844034501,-11.292754136681179,3.602717520716231,5,0.6
352.60963708052907,-11.290715173300448,3.6264624732386737,5,0.6
355.0622310617241,-11.288643725770907,3.6503539487044154,5,0.6
357.53188418312425,-11.286529804855816,3.6744475241603385,5,0.6
360.0187151004329,-11.284404484754575,3.6985646469420717,5,0.6
362.52284329466966,-11.282247482069971,3.7228185380462393,5,0.6
365.0443890779098,-11.280065885766897,3.747166300449259,5,0.6
367.58347359906554,-11.277842778852863,3.7717042969394456,5,0.6
370.14021884970646,-11.27560580036624,3.79626903313498,5,0.6
372.7147476699204,-11.273334575807127,3.8209772333802356,5,0.6
375.30718375421594,-11.27102241842702,3.845867007855326,5,0.6
377.9176516574646,-11.268686666459278,3.87083316179882,5,0.6
380.5462768008857,-11.26632062296385,3.8959129518374245,5,0.6
383.1931854780723,-11.263921009850455,3.921123782929188,5,0.6
385.85850486105863,-11.261484536144486,3.946483551394295,5,0.6
388.5423630064304,-11.25902510800514,3.9719045993979054,5,0.6
391.2448888614774,-11.256539437102697,3.9974035878534,5,0.6
393.96621227038884,-11.254006999842904,4.023105179050249,5,0.6
396.7064639804915,-11.251441698736613,4.048920934875455,5,0.6
399.4657756485318,-11.248847116963809,4.074825314708103,5,0.6
402.24427984700117,-11.246226845345927,4.100792026936559,5,0.6
405.04211007050577,-11.243560318331081,4.126948813769326,5,0.6
407.85940074218024,-11.24085456165851,4.153248796678228,5,0.6
410.69628722014585,-11.23812698684981,4.1795764283015835,5,0.6
413.55290580401413,-11.23535009693832,4.2061064251851725,5,0.6
416.42939374143555,-11.232537856491131,4.232745460020294,5,0.6
419.3258892346932,-11.22970426731278,4.259397487183384,5,0.6
422.24253144734325,-11.22681834503192,4.2862634618244435,5,0.6
425.179460510901,-11.223914888627418,4.313108698205338,5,0.6
428.13681753157323,-11.220952501391132,4.340206243668135,5,0.6
431.11474459703845,-11.217955623374989,4.367389323399547,5,0.6
434.11338478327275,-11.214927934132884,4.3946286054116666,5,0.6
437.13288216142445,-11.211848819141924,4.422060961100706,5,0.6
440.173381804736,-11.208735862671627,4.449562484100101,5,0.6
443.23502979551404,-11.205592795384513,4.477102486157254,5,0.6
446.31797323214806,-11.202385090875373,4.504917487866939,5,0.6
449.4223602361776,-11.19915824923696,4.532685777786986,5,0.6
452.5483399594091,-11.19588821110235,4.560570921214024,5,0.6
455.6960625910818,-11.192561335089259,4.588666242227684,5,0.6
458.8656793650838,-11.189198856983545,4.616816775665369,5,0.6
462.0573425672179,-11.185801140095727,4.645014485951003,5,0.6
465.2712055425187,-11.18235110073989,4.673378054657631,5,0.6
468.5074227026196,-11.178856106883629,4.7018500868336055,5,0.6
471.76614953317204,-11.17532357040297,4.730371353600261,5,0.6
475.04754260131557,-11.171729435983364,4.7591144075989735,5,0.6
478.3517595632003,-11.168105668338274,4.787838127213707,5,0.6
481.6789591715617,-11.164435259799152,4.816662947385311,5,0.6
485.02930128334776,-11.16071170783836,4.845632941008956,5,0.6
488.40294686739946,-11.156939053693751,4.874713080931434,5,0.6
491.8000580121847,-11.153124893592565,4.903840210508992,5,0.6
495.2207979335857,-11.149262808288915,4.933057431019643,5,0.6
498.665330982741,-11.145335829696212,4.962490586862802,5,0.6
502.1338226539417,-11.141372761285925,4.991911895085156,5,0.6
505.62643959258287,-11.137360224166562,5.021418617151554,5,0.6
509.14334960316967,-11.133291885762658,5.051054810393741,5,0.6
512.68472165738,-11.129175550808373,5.080753344790861,5,0.6
516.2507259021829,-11.125012014977456,5.110501362413756,5,0.6
519.841533668013,-11.120791499879253,5.140370635913842,5,0.6
523.4573174770023,-11.116507768711879,5.170406026886154,5,0.6
527.0982510512695,-11.112182944559938,5.200422709544788,5,0.6
530.7645093212655,-11.107803799872206,5.230520634078011,5,0.6
534.4562684341794,-11.103364196159621,5.2607437931499685,5,0.6
538.1737057624005,-11.098872221103516,5.291019332226931,5,0.6
541.9169999120409,-11.094328916848823,5.3213312969126845,5,0.6
545.6863307315159,-11.089724689958816,5.351752513724098,5,0.6
549.4818793201863,-11.085060637411782,5.382267335585996,5,0.6
553.3038280370578,-11.080345031156135,5.41279877480035,5,0.6
557.1523605095437,-11.075561227515172,5.443480722866293,5,0.6
561.027661642287,-11.070724714762383,5.47417419926148,5,0.6
564.9299176260438,-11.065829622506945,5.504921427298914,5,0.6
568.8593159466297,-11.060859357207267,5.535858863545404,5,0.6
572.8160453939274,-11.05584388753168,5.56671888718251,5,0.6
576.8002960709567,-11.050773883164304,5.5975732260814635,5,0.6
580.8122594030085,-11.045607696385433,5.628781411973846,5,0.6
584.8521281468421,-11.040414990290008,5.659720269436893,5,0.6
588.920096399946,-11.035154201125687,5.6907480750743655,5,0.6
593.0163596098636,-11.029808848238051,5.72200562269331,5,0.6
597.1411145835832,-11.024420128072911,5.753114174719989,5,0.6
601.2945594969942,-11.018946413738055,5.784441147682839,5,0.6
605.4768939044083,-11.013425460923079,5.815634560194032,5,0.6
609.688318748147,-11.007826477873179,5.846966458029782,5,0.6
613.9290363681965,-11.002162052690696,5.878312736383113,5,0.6
618.1992505119288,-10.99642673676967,5.909714673559915,5,0.6
622.4991663438906,-10.990633257474114,5.941043847098424,5,0.6
626.8289904556613,-10.98475808411103,5.9725111797175625,5,0.6
631.1889308757782,-10.97881402095206,6.003987398582611,5,0.6
635.5791970797316,-10.972799396769556,6.0354784511576804,5,0.6
640.0000000000289,-10.966727173622191,6.066849808990305,5,0.6
644.4515520363291,-10.96056291567088,6.0984218119824165,5,0.6
648.9340670656479,-10.954330598485214,6.129954515144845,5,0.6
653.4477604526332,-10.948028716968485,6.161451444412605,5,0.6
657.9928490599125,-10.941644794737496,6.193024034196633,5,0.6
662.5695512585116,-10.935188373211993,6.224568592186668,5,0.6
667.178086938348,-10.928669087314969,6.255978101412887,5,0.6
671.8186775187937,-10.92205614715656,6.287547259313462,5,0.6
676.4915459593144,-10.915377655445432,6.318985328816678,5,0.6
681.1969167701814,-10.90861758589033,6.350441130571332,5,0.6
685.935016023259,-10.901763562778902,6.38202972199313,5,0.6
690.7060713628651,-10.894851340626545,6.413376635837952,5,0.6
695.5103120167091,-10.887846432128796,6.444821139748808,5,0.6
700.3479688069056,-10.88076620706601,6.476174002791906,5,0.6
705.2192741610634,-10.873605852304609,6.5074723460737065,5,0.6
710.1244621234536,-10.866368020940328,6.538676083438593,5,0.6
715.0637683662537,-10.859036760126756,6.56993978448768,5,0.6
720.0374302008713,-10.851607273620633,6.601303521291079,5,0.6
725.0456865893448,-10.844119707348415,6.632330715419438,5,0.6
730.0887781558251,-10.83653199383489,6.663453482732974,5,0.6
735.1669471981365,-10.828858182970153,6.69451067405401,5,0.6
740.2804376994185,-10.821104929766888,6.725417470110029,5,0.6
745.4294953398465,-10.813256358951824,6.756331826213945,5,0.6
750.6143675084376,-10.805322955575987,6.787127407543979,5,0.6
755.8353033149348,-10.79730775104145,6.817756957510605,5,0.6
761.0925536017771,-10.78918731760145,6.8484641010633736,5,0.6
766.3863709561504,-10.780987438305603,6.87895195497604,5,0.6
771.717009722123,-10.772696097440253,6.909338706908204,5,0.6
777.0847260128666,-10.764297423418103,6.939788295637914,5,0.6
782.4897777229608,-10.75582125366804,6.969953208034322,5,0.6
787.9324245407837,-10.74725563221869,6.999951912747698,5,0.6
793.412927960989,-10.738588552243549,7.029905990014773,5,0.6
798.9315512970695,-10.72982330149657,7.059764592806352,5,0.6
804.4885596940084,-10.720963228560478,7.089475140011674,5,0.6
810.0842201410177,-10.712000187613057,7.119116852821035,5,0.6
815.7188014843666,-10.702941443151708,7.148591588823752,5,0.6
821.392574440298,-10.693794351862188,7.17779815345254,5,0.6
827.1058116080346,-10.684543115243335,7.206905090040952,5,0.6
832.8587874828772,-10.675195139282465,7.235810733097902,5,0.6
838.6517784693928,-10.66574236123277,7.264594766779315,5,0.6
844.4850628946929,-10.656188382959497,7.293199578913323,5,0.6
850.3589210218082,-10.646532962668719,7.32161246726735,5,0.6
856.2736350631529,-10.636771974293048,7.349867265375187,5,0.6
862.2294891940834,-10.626916987010675,7.377808806474247,5,0.6
868.226769566552,-10.616952173032626,7.405611750448659,5,0.6
874.2657643228554,-10.606873422736573,7.433311211412948,5,0.6
880.3467636094787,-10.596700325834512,7.460652369105794,5,0.6
886.4700595910348,-10.58642100368271,7.487763363281711,5,0.6
892.635946464303,-10.57603540778619,7.514628411041764,5,0.6
898.844720472362,-10.565535564216983,7.541330114256137,5,0.6
905.096679918825,-10.554925417834566,7.567803741919997,5,0.6
911.3921251821704,-10.544216976376637,7.593882167821209,5,0.6
917.7313587301744,-10.533394345085547,7.61974726601958,5,0.6
924.1146851344428,-10.522453555333545,7.645433254268506,5,0.6
930.5424110850445,-10.511410763557487,7.670718819249086,5,0.6
937.0148454052463,-10.50025002036752,7.695789341698604,5,0.6
943.5322990663512,-10.488983576885623,7.720471367271521,5,0.6
950.0950852026382,-10.477595433400085,7.744953033627967,5,0.6
956.7035191264079,-10.466089795461384,7.7691640358841525,5,0.6
963.3579183431307,-10.454483179328733,7.792872599441143,5,0.6
970.0586025667028,-10.442759582950128,7.816268293122658,5,0.6
976.8058937348063,-10.430906961988313,7.839492201042757,5,0.6
983.6001160243768,-10.418946069873261,7.862255252294797,5,0.6
990.4415958671789,-10.406864922213337,7.884697277020976,5,0.6
997.3306619654895,-10.394680379888417,7.906576810184733,5,0.6
1004.267645307891,-10.382363897117326,7.928255246697559,5,0.6
1011.2528791851732,-10.369924065061626,7.949601880157985,5,0.6
1018.2866992063468,-10.357369599813627,7.9704822302855325,5,0.6
1025.3694433147675,-10.344688424544891,7.991041114541724,5,0.6
1032.5014518043733,-10.331906115994622,8.010914245659679,5,0.6
1039.6830673360337,-10.318977023024917,8.030703393970743,5,0.6
1046.9146349540124,-10.305939412532625,8.049870670919615,5,0.6
1054.1965021025467,-10.292776984697248,8.068620170356716,5,0.6
1061.5290186425389,-10.279498755508952,8.086809869422394,5,0.6
1068.9125368683667,-10.26608404253812,8.104707421940699,5,0.6
1076.347411524809,-10.252541855874416,8.122171612628282,5,0.6
1083.8339998240897,-10.23888992482397,8.138937336153761,5,0.6
1091.37266146304,-10.225098889190651,8.155396091441672,5,0.6
1098.9637586403808,-10.211195164523598,8.171160286435333,5,0.6
1106.607656074124,-10.197144879597102,8.186688654764819,5,0.6
1114.3047210190957,-10.182996336833366,8.201281356486128,5,0.6
1122.0553232845823,-10.168706902567411,8.215523079027127,5,0.6
1129.859835252096,-10.154281534790758,8.229327311019768,5,0.6
1137.7186318932681,-10.139725281294346,8.242605159276195,5,0.6
1145.6320907878635,-10.125056510844548,8.255074914511091,5,0.6
1153.600592141922,-10.110258475593826,8.26695831095415,5,0.6
1161.6245188060257,-10.09531420629376,8.278483695691424,5,0.6
1169.704256293693,-10.080246625682985,8.289302591859173,5,0.6
1177.840192799901,-10.065043219504616,8.29957909729442,5,0.6
1186.032719219736,-10.049722747243175,8.309021830438585,5,0.6
1194.2822291671753,-10.034277221143755,8.317728720778183,5,0.6
1202.5891189939975,-10.018680445041506,8.326067696308986,5,0.6
1210.9537878088256,-10.002946730477042,8.333812691590282,5,0.6
1219.3766374963034,-9.987090631772139,8.340731294990121,5,0.6
1227.8580727364024,-9.971099470358121,8.34699368552076,5,0.6
1236.3985010238666,-9.954987977426825,8.352363252625135,5,0.6
1244.9983326877905,-9.938729579753334,8.35721927335323,5,0.6
1253.657980911332,-9.922334381161836,8.361395019792484,5,0.6
1262.377861751566,-9.905808013103455,8.36478934498592,5,0.6
1271.1583941594727,-9.889142188736542,8.36751046716501,5,0.6
1280.0000000000673,-9.8723613729638,8.369171803709639,5,0.6
1288.9031040726677,-9.85543386452104,8.370236190453811,5,0.6
1297.8681341313059,-9.838351113392335,8.370819197165108,5,0.6
1306.8955209052763,-9.821171056349025,8.370021781395378,5,0.6
1315.9856981198345,-9.803828392705592,8.368823814306216,5,0.6
1325.1391025170333,-9.78637670864457,8.36638937696628,5,0.6
1334.3561738767062,-9.76875962738897,8.363567942461398,5,0.6
1343.6373550375972,-9.751016675048017,8.359736906978291,5,0.6
1352.9830919186386,-9.733139434012145,8.355009862630661,5,0.6
1362.393833540373,-9.71512423336996,8.34942816889182,5,0.6
1371.8700320465282,-9.696967343994125,8.343034776221891,5,0.6
1381.4121427257405,-9.678679794957521,8.33564310917874,5,0.6
1391.0206240334287,-9.660252985368995,8.327371993111324,5,0.6
1400.6959376138216,-9.641693121343957,8.318109614033034,5,0.6
1410.4385483221372,-9.622996515296482,8.307898792839477,5,0.6
1420.2489242469178,-9.60416949328151,8.296625403687147,5,0.6
1430.1275367325184,-9.585188129083473,8.284651768856707,5,0.6
1440.0748604017533,-9.566073832480232,8.271626974813003,5,0.6
1450.0913731787002,-9.54682799407092,8.257514477898283,5,0.6
1460.177556311661,-9.527441751605556,8.242440429753298,5,0.6
1470.3338943962842,-9.507921578535752,8.226288410189346,5,0.6
1480.560875398848,-9.488242889800683,8.209436095437363,5,0.6
1490.8589906797042,-9.468469462918103,8.190854085452047,5,0.6
1501.2287350168863,-9.448529778904351,8.171668717957765,5,0.6
1511.670606629881,-9.428477628487604,8.15100786934558,5,0.6
1522.1851072035656,-9.408245719952726,8.12993585963488,5,0.6
1532.772741912312,-9.38789892115166,8.107400993099159,5,0.6
1543.4340194442575,-9.367428293835516,8.083532628393787,5,0.6
1554.1694520257447,-9.346803058248272,8.058813196609588,5,0.6
1564.9795554459333,-9.326035244775563,8.033037351100793,5,0.6
1575.8648490815792,-9.305131693245352,8.006082604304527,5,0.6
1586.8258559219898,-9.284121432368787,7.977466961118008,5,0.6
1597.863102594151,-9.2629510949487,7.948041120384506,5,0.6
1608.9771193880288,-9.241649616603494,7.917325228564615,5,0.6
1620.1684402820476,-9.220212992884424,7.885372211444623,5,0.6
1631.4376029687455,-9.198642760103542,7.852145362326799,5,0.6
1642.7851488806082,-9.176929130935813,7.817792274394161,5,0.6
1654.2116232160815,-9.155067779324673,7.782372336795237,5,0.6
1665.7175749657672,-9.133094526269593,7.745290705113331,5,0.6
1677.303556938798,-9.110982431689589,7.706974727300916,5,0.6
1688.9701257893985,-9.088732981409919,7.667389157966554,5,0.6
1700.7178420436294,-9.066347692552783,7.626498251254761,5,0.6
1712.5472701263188,-9.043816302499339,7.584458913254694,5,0.6
1724.4589783881795,-9.021157990058486,7.540946779510659,5,0.6
1736.453539133117,-8.998356528499166,7.496216476876368,5,0.6
1748.531528645724,-8.975437427390375,7.4498396184573075,5,0.6
1760.6935272189705,-8.952366197237543,7.402370327914596,5,0.6
1772.940119182083,-8.929180717018031,7.3531773663334725,5,0.6
1785.2718929286193,-8.905858367908365,7.302620720143853,5,0.6
1797.6894409447373,-8.882400670498159,7.250664952807661,5,0.6
1810.1933598376636,-8.858834155440348,7.1968643610149945,5,0.6
1822.7842503643546,-8.835098040996852,7.142205453910255,5,0.6
1835.4627174603627,-8.81123113430979,7.086041203379444,5,0.6
1848.2293702688994,-8.787241456349198,7.028229473991384,5,0.6
1861.0848221701028,-8.763137252305858,6.968624500738099,5,0.6
1874.0296908105065,-8.738868665031514,6.908033577336706,5,0.6
1887.0645981327166,-8.714482261203411,6.845682240625397,5,0.6
1900.190170405291,-8.689979953627352,6.7815286522479585,5,0.6
1913.4070382528298,-8.665337161327741,6.71596518559849,5,0.6
1926.715836686276,-8.640561936394022,6.648849035840846,5,0.6
1940.1172051334202,-8.615642347579062,6.580364663811211,5,0.6
1953.611787469627,-8.59061361069341,6.50992456766218,5,0.6
1967.2002320487684,-8.565443575822659,6.438044027428648,5,0.6
1980.8831917343723,-8.540147348864172,6.3644647012251125,5,0.6
1994.661323930994,-8.514712663740934,6.289375706422603,5,0.6
2008.535290615797,-8.489182977384367,6.212056323079381,5,0.6
2022.5057583703617,-8.463482845232065,6.1337261075872815,5,0.6
2036.573398412709,-8.437669872686886,6.053433451336806,5,0.6
2050.7388866295505,-8.4117460115345,5.971135447148576,5,0.6
2065.0029036087626,-8.385684205169866,5.887260526149855,5,0.6
2079.366134672083,-8.359463750873163,5.802131799008263,5,0.6
2093.8292699080407,-8.33315186898987,5.714645417616894,5,0.6
2108.3930042051093,-8.306698848259469,5.62559546366888,5,0.6
2123.0580372850936,-8.280105823889954,5.534949659361551,5,0.6
2137.82507373675,-8.253404303744992,5.442185301525781,5,0.6
2152.6948230496346,-8.22657329815743,5.347628368978102,5,0.6
2167.6679996481957,-8.199614204671365,5.251242314260726,5,0.6
2182.7453229260964,-8.172528441885076,5.1529900583866235,5,0.6
2197.927517280778,-8.145309576254894,5.052960212524666,5,0.6
2213.2153121482643,-8.117974746507775,4.950863089636552,5,0.6
2228.6094420382083,-8.090493566379251,4.847169675379232,5,0.6
2244.1106465691814,-8.06291546466726,4.7410746646420305,5,0.6
2259.7196705042093,-8.03518541666308,4.633440078039832,5,0.6
2275.4372637865536,-8.007337070865258,4.523712890364822,5,0.6
2291.2641815757443,-7.979363666382479,4.41198412127215,5,0.6
2307.2011842838615,-7.951258141695456,4.2983481622169775,5,0.6
2323.2490376120686,-7.923038644086829,4.182500580496412,5,0.6
2339.4085125874035,-7.894655273640336,4.065209076035699,5,0.6
2355.6803855998196,-7.866177600565214,3.9453594483228436,5,0.6
2372.0654384394898,-7.837581552567973,3.823312823901918,5,0.6
2388.5644583343683,-7.808842026833689,3.6994420392078973,5,0.6
2405.178237988013,-7.7799955126017455,3.573157025383504,5,0.6
2421.9075756176694,-7.751007628593007,3.444972800038,5,0.6
2438.753274992625,-7.721897360828817,3.3145723578777564,5,0.6
2455.716145472823,-7.692656757597167,3.1820569123225932,5,0.6
2472.797002047752,-7.663277494783839,3.04753132779356,5,0.6
2489.9966653755996,-7.633779183047315,2.910670221650843,5,0.6
2507.3159618226828,-7.604144086920747,2.77172179153813,5,0.6
2524.755723503151,-7.574401908779432,2.6302080163084742,5,0.6
2542.3167883189644,-7.5445348617519645,2.486376730844281,5,0.6
2560.0000000001537,-7.514494732763694,2.3409313708607806,5,0.6
2577.806208145355,-7.484350838097234,2.1927941801158926,5,0.6
2595.736268262631,-7.454094905269299,2.0420660657350718,5,0.6
2613.7910418105726,-7.423687633587331,1.8893094161576258,5,0.6
2631.971396239689,-7.393160152205588,1.7340281897924503,5,0.6
2650.2782050340866,-7.362471911386904,1.5767960439992226,5,0.6
2668.7123477534324,-7.3316755416506965,1.4167997165982502,5,0.6
2687.274710075215,-7.300761999249152,1.2541452346695743,5,0.6
2705.9661838372976,-7.2696785085268605,1.0895765838067022,5,0.6
2724.7876670807664,-7.2384901815807465,0.9221040119259847,5,0.6
2743.740064093077,-7.20714338062937,0.7524783011116375,5,0.6
2762.824285451502,-7.175705213295985,0.57968968758972,5,0.6
2782.0412480668783,-7.14410983050524,0.404659120422105,5,0.6
2801.391875227664,-7.112368563136547,0.2271836066410517,5,0.6
2820.8770966442953,-7.080481669773475,0.047220241325361866,5,0.6
2840.4978484938565,-7.04847298718496,-0.13560927211119042,5,0.6
2860.2550734650586,-7.01631982741495,-0.3210203276917497,5,0.6
2880.1497208035285,-6.984010423985508,-0.5088888595184873,5,0.6
2900.1827463574223,-6.951630322494071,-0.70045559236199,5,0.6
2920.355112623344,-6.919033951655279,-0.8937226122647262,5,0.6
2940.6677887925907,-6.886331867187944,-1.0902789242268631,5,0.6
2961.121750797718,-6.853462338413675,-1.2893108794256591,5,0.6
2981.717981359431,-6.820502168254202,-1.491920111261917,5,0.6
3002.4574700337953,-6.787349396114114,-1.6967525936391217,5,0.6
3023.3412132597846,-6.754042197812064,-1.9043828344031923,5,0.6
3044.3702144071544,-6.720634263766958,-2.1155833195720644,5,0.6
3065.545483824648,-6.687005457594496,-2.3287848998686624,5,0.6
3086.868038888538,-6.653290953605266,-2.545852629542067,5,0.6
3108.338904051513,-6.619465759112901,-2.766492042598395,5,0.6
3129.9591108918903,-6.585446821145564,-2.989654434877244,5,0.6
3151.7296981631816,-6.551203915842886,-3.215008645342947,5,0.6
3173.651711844004,-6.516894539984419,-3.444669964371434,5,0.6
3195.726205188326,-6.482419284506524,-3.6773906043471154,5,0.6
3217.954238776082,-6.4477329925676266,-3.912651404981794,5,0.6
3240.3368805641194,-6.4130007312355986,-4.152623729873222,5,0.6
3262.8752059375156,-6.378042596408956,-4.395064429961259,5,0.6
3285.570297761241,-6.3429184541444315,-4.640801781606558,5,0.6
3308.4232464321876,-6.307628295120509,-4.889898088695387,5,0.6
3331.435149931559,-6.272204377667606,-5.142815735554083,5,0.6
3354.607113877621,-6.236631910579455,-5.399428442635552,5,0.6
3377.9402515788224,-6.200845503528524,-5.658998791752436,5,0.6
3401.4356840872842,-6.164961082313568,-5.9230085461413475,5,0.6
3425.094540252663,-6.128845343746673,-6.189903950754564,5,0.6
3448.9179567763854,-6.092599791349222,-6.4609801338225905,5,0.6
3472.9070782662598,-6.0561737352001845,-6.735695245119739,5,0.6
3497.0630572914743,-6.019620733813335,-7.014750528002787,5,0.6
3521.387054437968,-5.982888774902303,-7.297598682474603,5,0.6
3545.880238364193,-5.945941097181347,-7.583888753369108,5,0.6
3570.543785857265,-5.90881368199263,-7.874117785867009,5,0.6
3595.378881889502,-5.871621058395908,-8.169662315838686,5,0.6
3620.3867196753545,-5.834156412622993,-8.468236094459442,5,0.6
3645.5685007287366,-5.796592629251103,-8.771873333767159,5,0.6
3670.9254349207527,-5.758794513428521,-9.079131708025997,5,0.6
3696.458740537827,-5.720881872991134,-9.39142015882736,5,0.6
3722.1696443402334,-5.682776320608832,-9.707946347379565,5,0.6
3748.0593816210417,-5.644478201930417,-10.028797829583377,5,0.6
3774.129196265462,-5.606009321540951,-10.354291904349493,5,0.6
3800.3803408106105,-5.56730644700704,-10.683838703787938,5,0.6
3826.8140765056887,-5.528588456970517,-11.019829454983059,5,0.6
3853.43167337258,-5.489551843151078,-11.359149029897004,5,0.6
3880.2344102668694,-5.450441654323962,-11.704440428054834,5,0.6
3907.223574939284,-5.4111726097982995,-12.054888541322866,5,0.6
3934.400464097566,-5.371630064458818,-12.409418222769563,5,0.6
3961.7663834687746,-5.331979024625642,-12.769788577818991,5,0.6
3989.322647862018,-5.292201227690874,-13.135884477983383,5,0.6
4017.070581231624,-5.2521532536650914,-13.506378115363317,5,0.6
4045.011516740754,-5.212060056932547,-13.883557457618728,5,0.6
4073.1467968254487,-5.171777690478345,-14.266095701854994,5,0.6
4101.477773259132,-5.131256483134176,-14.653617340333975,5,0.6
4130.005807217556,-5.09068261901537,-15.047970343487577,5,0.6
4158.732269344197,-5.049849981829419,-15.447304599008355,5,0.6
4187.658539816113,-5.0089507354848,-15.85349135884806,5,0.6
4216.78600841025,-4.967966872978597,-16.266426298111817,5,0.6
4246.116074570219,-4.926707826641573,-16.684476888758265,5,0.6
4275.650147473531,-4.88534697342619,-17.10929572475565,5,0.6
4305.389646099301,-4.843922697803085,-17.541288621888285,5,0.6
4335.335999296423,-4.802265306444835,-17.979060323280038,5,0.6
4365.4906458522255,-4.760652911450968,-18.425084173963953,5,0.6
4395.8550345615895,-4.718884349718468,-18.877705541343012,5,0.6
4426.430624296562,-4.676870660661166,-19.33628507512201,5,0.6
4457.21888407645,-4.63487311439874,-19.803075375479754,5,0.6
4488.2212931383965,-4.592743328996925,-20.27692534763306,5,0.6
4519.439341008452,-4.550489901382779,-20.7579941941496,5,0.6
4550.874527573141,-4.508293633941234,-21.247783556516264,5,0.6
4582.528363151522,-4.466034608935139,-21.745401434212532,5,0.6
4614.402368567757,-4.423761584842042,-22.251290336891284,5,0.6
4646.498075224173,-4.381309299861775,-22.764273445124918,5,0.6
4678.817025174842,-4.3389434641066496,-23.286421948595716,5,0.6
4711.360771199674,-4.296535796708447,-23.816834112886752,5,0.6
4744.130876879015,-4.2541014811247075,-24.355691553755502,5,0.6
4777.128916668773,-4.2118133809967135,-24.90427813081821,5,0.6
4810.356475976061,-4.169498484160674,-25.461412676802883,5,0.6
4843.815151235375,-4.1272953323874315,-26.028111264117882,5,0.6
4877.506549985286,-4.085187259806058,-26.604292808655416,5,0.6
4911.432290945683,-4.0430714122146165,-27.1893208150412,5,0.6
4945.594004095541,-4.001095079022414,-27.78422176789174,5,0.6
4979.9933307512365,-3.9593290223899444,-28.389472816041124,5,0.6
5014.631923645403,-3.9177595249174226,-29.004996274946343,5,0.6
5049.511447006339,-3.876462465082286,-29.631270691210506,5,0.6
5084.633576637967,-3.8353794972304946,-30.26793940381894,5,0.6
5120.000000000346,-3.7943996112359297,-30.914367298240354,5,0.6
5155.612416290749,-3.7539825592729636,-31.57325850273296,5,0.6
5191.4725365253,-3.713736567164036,-32.24230721910376,5,0.6
5227.582083621183,-3.673840760485341,-32.92254583298545,5,0.6
5263.942792479418,-3.6345387363927246,-33.61527576148407,5,0.6
5300.556410068212,-3.5954660462722488,-34.3184752139306,5,0.6
5337.424695506905,-3.5570792456500655,-35.03454092114751,5,0.6
5374.54942015047,-3.5192733433671113,-35.76282427852601,5,0.6
5411.932367674636,-3.481878517781924,-36.50241169435357,5,0.6
5449.575334161574,-3.4452166421756147,-37.254842040031534,5,0.6
5487.480128186196,-3.4092891378802492,-38.02000331635229,5,0.6
5525.648570903045,-3.3739790973158805,-38.79724738738548,5,0.6
5564.082496133798,-3.3393967929497164,-39.58700055632523,5,0.6
5602.78375045537,-3.305780074168709,-40.390196795898696,5,0.6
5641.754193288633,-3.2730744846897544,-41.206430425983285,5,0.6
5680.995696987757,-3.24140730703024,-42.03607378147145,5,0.6
5720.51014693016,-3.210593871225445,-42.87820430283455,5,0.6
5760.2994416071,-3.1812126516983867,-43.73494092465802,5,0.6
5800.365492714889,-3.152692307488112,-44.603833289424124,5,0.6
5840.710225246731,-3.1256941871713217,-45.48717488999136,5,0.6
5881.335577585225,-3.0998305146555754,-46.38327890212394,5,0.6
5922.243501595481,-3.075585760565753,-47.293600291676896,5,0.6
5963.435962718906,-3.0526277574753213,-48.21670918963255,5,0.6
6004.914940067636,-3.0311719972109508,-49.15306274305413,5,0.6
6046.682426519615,-3.0114445978624937,-50.10305507653357,5,0.6
6088.740428814354,-2.993386990999319,-51.06615633471595,5,0.6
6131.090967649341,-2.9773073735637663,-52.04289105994979,5,0.6
6173.736077777122,-2.962920737078952,-53.03207159555727,5,0.6
6216.6778081030725,-2.9507680885547622,-54.034746711369785,5,0.6
6259.918221783827,-2.9405583311519683,-55.049709268283344,5,0.6
6303.4593963264115,-2.9322959979138856,-56.07657905964361,5,0.6
6347.303423688055,-2.926461570779417,-57.116011748364286,5,0.6
6391.4524103767,-2.9229882923980277,-58.167321964320465,5,0.6
6435.9084775522115,-2.921964501609286,-59.23016348975227,5,0.6
6480.673761128287,-2.923311905618748,-60.303857484542846,5,0.6
6525.750411875079,-2.927110881877084,-61.388037581033345,5,0.6
6571.140595522531,-2.933693279579625,-62.4826952094645,5,0.6
6616.846492864425,-2.943227903166497,-63.58743472092771,5,0.6
6662.870299863169,-2.9554540599374954,-64.701227931221,5,0.6
6709.214227755292,-2.9702694134310974,-65.82336941754495,5,0.6
6755.880503157695,-2.9883475611419117,-66.95402574474379,5,0.6
6802.871368174619,-3.009498070679763,-68.09223690658122,5,0.6
6850.189080505378,-3.0336069671436334,-69.23720493340569,5,0.6
6897.835913552822,-3.060728893553507,-70.38830812718442,5,0.6
6945.814156532571,-3.09118085339464,-71.54504674011153,5,0.6
6994.126114583001,-3.1246532126904087,-72.7065008425625,5,0.6
7042.774108875988,-3.1617218534298175,-73.87217372871133,5,0.6
7091.760476728439,-3.201794511219614,-75.04108011860215,5,0.6
7141.087571714584,-3.24552673037731,-76.21259324050816,5,0.6
7190.757763779057,-3.2923103725803013,-77.38585692225121,5,0.6
7240.773439350762,-3.342249255659136,-78.56017583178352,5,0.6
7291.137001457528,-3.3960710998732706,-79.73459480636554,5,0.6
7341.850869841561,-3.4529664384018472,-80.90849320999764,5,0.6
7392.917481075709,-3.5131992730770945,-82.08102982746198,5,0.6
7444.339288680522,-3.57684615584851,-83.25135971516586,5,0.6
7496.118763242139,-3.643886642063918,-84.41867612701057,5,0.6
7548.258392530979,-3.7139388991376427,-85.58252707766856,5,0.6
7600.760681621277,-3.787503364854399,-86.74168343205284,5,0.6
7653.628153011434,-3.8640112582423884,-87.89596116551952,5,0.6
7706.863346745218,-3.9436843610031884,-89.04439168848236,5,0.6
7760.468820533797,-4.026991685748461,-90.18551857067978,5,0.6
7814.447149878626,-4.112922667688409,-91.32001485370841,5,0.6
7868.800928195191,-4.201852759724402,-92.44665610628707,5,0.6
7923.532766937609,-4.293970251990332,-93.56436354568407,5,0.6
7978.645295724095,-4.388615305093739,-94.67364291382006,5,0.6
8034.141162463309,-4.486386044466161,-95.77265632080942,5,0.6
8090.023033481568,-4.586543176614052,-96.86226038156187,5,0.6
8146.293593650958,-4.689584076087422,-97.94073346129768,5,0.6
8202.955546518326,-4.794781689443988,-99.00916321806149,5,0.6
8260.011614435174,-4.9029335700171615,-100.06496866895098,5,0.6
8317.464538688457,-5.013238054615172,-101.10958090003358,5,0.6
8375.317079632288,-5.125848463537704,-102.14205961945116,5,0.6
8433.572016820564,-5.240678192226093,-103.16210034626751,5,0.6
8492.232149140504,-5.357565766599754,-104.16966823638072,5,0.6
8551.300294947127,-5.476646992685394,-105.16381793410595,5,0.6
8610.779292198666,-5.597683756058785,-106.14480380507145,5,0.6
8670.671998592914,-5.720376506828462,-107.11321203205364,5,0.6
8730.981291704516,-5.844998640222511,-108.06765373765211,5,0.6
8791.710069123244,-5.971115121789556,-109.00929839833736,5,0.6
8852.86124859319,-6.0991923415881475,-109.93595722923006,5,0.6
8914.437768152968,-6.228467571805584,-110.85022145587965,5,0.6
8976.44258627686,-6.359268284828639,-111.75045981064316,5,0.6
9038.878682016972,-6.491384066608089,-112.63720412750743,5,0.6
9101.74905514635,-6.624929605891815,-113.50962274679412,5,0.6
9165.056726303115,-6.75957631535443,-114.36886726936554,5,0.6
9228.804737135582,-6.895318551527616,-115.21471321164128,5,0.6
9292.996150448414,-7.032266810867883,-116.04635786746454,5,0.6
9357.634050349754,-7.170054677781926,-116.8653346780974,5,0.6
9422.721542399418,-7.308911218135952,-117.67027956794543,5,0.6
9488.261753758103,-7.448653729515788,-118.4618840320929,5,0.6
9554.257833337617,-7.589001111858627,-119.24146652480698,5,0.6
9620.712951952195,-7.730283308160834,-120.00707220447859,5,0.6
9687.630302470823,-7.8721173468319074,-120.7606421553539,5,0.6
9755.013099970645,-8.014767708846382,-121.5005193423658,5,0.6
9822.864581891441,-8.157818333685455,-122.22898108453204,5,0.6
9891.188008191157,-8.30152863814741,-122.94437505097459,5,0.6
9959.98666150255,-8.445795829550104,-123.6471741406758,5,0.6
10029.26384729088,-8.590285756451909,-124.33938755454761,5,0.6
10099.022894012754,-8.735388462050238,-125.01844961036115,5,0.6
10169.26715327601,-8.88077689712619,-125.68637817966693,5,0.6
10240.000000000768,-9.026461728314624,-126.34305609885105,5,0.6
10311.224832581574,-9.172495413071406,-126.98806224762876,5,0.6
10382.945073050678,-9.318710816729043,-127.62250549523105,5,0.6
10455.164167242447,-9.465079257794095,-128.2465772249776,5,0.6
10527.885584958914,-9.61177892848657,-128.85894649018064,5,0.6
10601.112820136505,-9.758570375530176,-129.46133142298456,5,0.6
10674.849391013888,-9.905429723140298,-130.05392244934976,5,0.6
10749.098840301021,-10.052527190772206,-130.63539722032618,5,0.6
10823.864735349352,-10.199565397015949,-131.20806571780957,5,0.6
10899.15066832323,-10.3467880753604,-131.77000566573088,5,0.6
10974.960256372473,-10.493984255944284,-132.32291311050872,5,0.6
11051.297141806172,-10.64110140497247,-132.86726862802922,5,0.6
11128.16499226768,-10.78836849988189,-133.40116861026473,5,0.6
11205.567500910824,-10.935485838431372,-133.92717896430614,5,0.6
11283.508386577352,-11.082543682560317,-134.444583126003,5,0.6
11361.991393975597,-11.229592190819417,-134.95297014942705,5,0.6
11441.020293860403,-11.376549557629932,-135.4531049843402,5,0.6
11520.598883214287,-11.523371607230308,-135.9454484247622,5,0.6
11600.730985429864,-11.670201112181314,-136.4287183399823,5,0.6
11681.420450493551,-11.816839547235285,-136.90482214845522,5,0.6
11762.671155170538,-11.963338988695382,-137.37334034237344,5,0.6
11844.48700319105,-12.109747276376122,-137.8338624644722,5,0.6
11926.871925437901,-12.255939423208282,-138.28768470449063,5,0.6
12009.82988013536,-12.402048561068986,-138.73354364522484,5,0.6
12093.36485303932,-12.547981053264019,-139.1724418778105,5,0.6
12177.4808576288,-12.69367715327223,-139.60508138919246,5,0.6
12262.181935298773,-12.839315196427634,-140.02966164253715,5,0.6
12347.472155554336,-12.984653015740404,-140.4488186600606,5,0.6
12433.355616206238,-13.12986577386253,-140.86075933560664,5,0.6
12519.836443567749,-13.27479794820812,-141.26725946017422,5,0.6
12606.918792652916,-13.419640795296761,-141.6662797429941,5,0.6
12694.606847376202,-13.56421941801453,-142.05984732233944,5,0.6
12782.904820753494,-13.70860211360861,-142.44727930753777,5,0.6
12871.816955104521,-13.85273954606943,-142.82923121174954,5,0.6
12961.347522256672,-13.996652470793702,-143.20555476740088,5,0.6
13051.500823750257,-14.140381767711705,-143.57584551565068,5,0.6
13142.28119104516,-14.283880540018345,-143.94074529227035,5,0.6
13233.69298572895,-14.427126391074193,-144.30062206836524,5,0.6
13325.740599726436,-14.57020056194958,-144.65455841108536,5,0.6
13418.428455510686,-14.712978645742961,-145.00419621122475,5,0.6
13511.761006315492,-14.855619810458293,-145.34761028358955,5,0.6
13605.74273634934,-14.99798343651028,-145.68667649998932,5,0.6
13700.378161010858,-15.140109050615473,-146.02098650991576,5,0.6
13795.671827105747,-15.281922702534805,-146.3516210176696,5,0.6
13891.628313065248,-15.423573383350988,-146.67669694448335,5,0.6
13988.252229166108,-15.565003791626431,-146.99705485173303,5,0.6
14085.548217752083,-15.706195856027353,-147.31303000175606,5,0.6
14183.520953456982,-15.847150099588234,-147.6247092819915,5,0.6
14282.175143429275,-15.987867185188637,-147.9321774546704,5,0.6
14381.515527558222,-16.12838076433011,-148.23504597941752,5,0.6
14481.546878701633,-16.268609294185936,-148.5345753402947,5,0.6
14582.274002915165,-16.408683097637685,-148.82897147144644,5,0.6
14683.70173968323,-16.548412607039808,-149.12110201334153,5,0.6
14785.834962151528,-16.688003193355122,-149.408032662702,5,0.6
14888.678577361155,-16.827346392052547,-149.69145624157773,5,0.6
14992.23752648439,-16.966444489691078,-149.97143886655337,5,0.6
15096.516785062071,-17.105342995681458,-150.24737419722706,5,0.6
15201.521363242668,-17.244013616912312,-150.51978400011896,5,0.6
15307.256306022984,-17.382444142387662,-150.7889546622955,5,0.6
15413.726693490553,-17.520705123320283,-151.0538528769768,5,0.6
15520.93764106771,-17.658661666506045,-151.31673070031732,5,0.6
15628.894299757369,-17.796477482000796,-151.5750366136727,5,0.6
15737.6018563905,-17.934008371325053,-151.8312101832032,5,0.6
15847.065533875337,-18.071386273186477,-152.0831653081085,5,0.6
15957.29059144831,-18.208522712331828,-152.33245626189532,5,0.6
16068.282324926739,-18.34544542949167,-152.57871151481987,5,0.6
16180.046066963258,-18.48215642630252,-152.8219855023206,5,0.6
16292.587187302037,-18.618657728042635,-153.06233136944937,5,0.6
16405.911093036775,-18.754951380570176,-153.29980100559607,5,0.6
16520.023228870472,-18.891084837599763,-153.53363500137814,5,0.6
16634.92907737704,-19.02699088354055,-153.76510722369508,5,0.6
16750.634159264704,-19.16267284258228,-153.99425665179706,5,0.6
16867.144033641256,-19.298198533598278,-154.2199337842651,5,0.6
16984.464298281135,-19.43346212923354,-154.4441668986885,5,0.6
17102.600589894384,-19.568593699170425,-154.66463504709924,5,0.6
17221.558584397462,-19.703510474626874,-154.88295641442838,5,0.6
17341.343997185955,-19.838235730066117,-155.0987811130601,5,0.6
17461.962583409164,-19.972791300745943,-155.31177014390445,5,0.6
17583.42013824662,-20.10715894913574,-155.5223512502355,5,0.6
17705.72249718651,-20.241321814689087,-155.7309395526762,5,0.6
17828.875536306066,-20.375311067175375,-155.93700712766199,5,0.6
17952.885172553855,-20.509128349307673,-156.14059650746515,5,0.6
18077.75736403408,-20.64276628991722,-156.34193260253906,5,0.6
18203.498110292836,-20.77621814612216,-156.54123382300494,5,0.6
18330.113452606365,-20.909495211195757,-156.73835118528189,5,0.6
18457.609474271307,-21.042633869708887,-156.9326030832788,5,0.6
18585.99230089697,-21.17556705572051,-157.12546224025988,5,0.6
18715.26810069965,-21.308323441726778,-157.31641643689866,5,0.6
18845.44308479898,-21.440962510521917,-157.50426884413537,5,0.6
18976.523507516347,-21.573379758568393,-157.6913340429982,5,0.6
19108.51566667538,-21.705674539723233,-157.87554642935496,5,0.6
19241.425903904536,-21.83780818314981,-158.05781186828128,5,0.6
19375.260604941792,-21.969767497757935,-158.23849981825495,5,0.6
19510.026199941436,-22.10159266844348,-158.4167892247414,5,0.6
19645.729163783028,-22.233240407615163,-158.59372363617823,5,0.6
19782.376016382463,-22.364749976975116,-158.768489809819,5,0.6
19919.973323005244,-22.49610125659747,-158.94161686389765,5,0.6
20058.527694581913,-22.627310536966995,-159.11280099176687,5,0.6
20198.045788025658,-22.75837250689975,-159.2822344245525,5,0.6
20338.53430655217,-22.88929584097079,-159.44978191448158,5,0.6
20480.00000000169,-23.020068777686365,-159.61579183540002,5,0.6
20622.4496651633,-23.150700067743596,-159.7801266615665,5,0.6
20765.890146101516,-23.281198002121897,-159.94265321909532,5,0.6
20910.32833448505,-23.411557760017562,-160.10355492254396,5,0.6
21055.771169917985,-23.541781158922017,-160.2628549485015,5,0.6
21202.22564027317,-23.671876128676747,-160.42042219417928,5,0.6
21349.698782027936,-23.801813988842344,-160.57704565720317,5,0.6
21498.197680602203,-23.931645151997888,-160.7315212964633,5,0.6
21647.72947069887,-24.061340998575787,-160.88463607388167,5,0.6
21798.301336646622,-24.190915025628964,-161.03610906270237,5,0.6
21949.920512745113,-24.320363004921685,-161.1861122818087,5,0.6
22102.59428361251,-24.449658817053272,-161.33540082171262,5,0.6
22256.32998453553,-24.5788656587222,-161.48237304568056,5,0.6
22411.135001821818,-24.707956655596426,-161.6277921207177,5,0.6
22567.01677315487,-24.836917286995053,-161.77211137913005,5,0.6
22723.98278795137,-24.965760105967448,-161.91505764510558,5,0.6
22882.04058772098,-25.094486702163593,-162.05664917094018,5,0.6
23041.197766428744,-25.223098646053042,-162.19690386306178,5,0.6
23201.4619708599,-25.351597489032443,-162.33583929010004,5,0.6
23362.840900987278,-25.479984763525962,-162.4734726910703,5,0.6
23525.342310341253,-25.60826198309064,-162.60982098338368,5,0.6
23688.974006382276,-25.73644011852913,-162.74462805511124,5,0.6
23853.743850875984,-25.86449221811041,-162.87872834748592,5,0.6
24019.6597602709,-25.99246652813423,-163.0107823786449,5,0.6
24186.729706078822,-26.120313484422063,-163.1422905664721,5,0.6
24354.96171525778,-26.248075611452517,-163.27206227940908,5,0.6
24524.363870597732,-26.375718450534997,-163.40117535062222,5,0.6
24694.944311108862,-26.503278694661194,-163.5285898028264,5,0.6
24866.711232412665,-26.630722961665438,-163.65536719507023,5,0.6
25039.672887135683,-26.758090992263718,-163.7803541722726,5,0.6
25213.837585306024,-26.885342025437375,-163.90485416330037,5,0.6
25389.213694752598,-27.012506681165856,-164.0279808238467,5,0.6
25565.809641507185,-27.1395898629618,-164.14962775848625,5,0.6
25743.63391020923,-27.266564834548582,-164.27068952269636,5,0.6
25922.695044513537,-27.39346064063774,-164.3903016644145,5,0.6
26103.00164750071,-27.520251367330758,-164.5093453188183,5,0.6
26284.562382090517,-27.64697640665819,-164.62660265489478,5,0.6
26467.385971458098,-27.773602746336636,-164.74319181573102,5,0.6
26651.481199453076,-27.900150262320903,-164.858516065455,5,0.6
26836.856911021572,-28.026594780191594,-164.97342762680648,5,0.6
27023.522012631187,-28.15296998253478,-165.08685942479687,5,0.6
27211.485472698885,-28.279255568988027,-165.1995386931842,5,0.6
27400.75632202192,-28.405466653410482,-165.31100488073548,5,0.6
27591.3436542117,-28.531597319087506,-165.42150588205297,5,0.6
27783.256626130707,-28.657655295458177,-165.5308226464231,5,0.6
27976.504458332423,-28.783621808480895,-165.63965559940513,5,0.6
28171.096435504372,-28.90951137410098,-165.74755195041203,5,0.6
28367.04190691418,-29.035334528258318,-165.85418453839438,5,0.6
28564.35028685876,-29.161076296186096,-165.9601288447006,5,0.6
28763.031055116662,-29.286753307698874,-166.06483541872274,5,0.6
28963.093757403483,-29.412351015251588,-166.1688707257702,5,0.6
29164.548005830547,-29.537870629827,-166.27223848383264,5,0.6
29367.403479366687,-29.66332500793424,-166.37450806922894,5,0.6
29571.669924303278,-29.788711739181903,-166.47579842035017,5,0.6
29777.35715472254,-29.914022669783428,-166.57643682469947,5,0.6
29984.475052969006,-30.039266416433588,-166.6761010070383,5,0.6
30193.03357012437,-30.16444960534222,-166.77447039905917,5,0.6
30403.042726485564,-30.289543614536377,-166.87236874849646,5,0.6
30614.512612046197,-30.414527688897728,-166.96955817943777,5,0.6
30827.45338698134,-30.539323232974983,-167.0661882700692,5,0.6
31041.875282135654,-30.66427759043603,-167.1638639909375,5,0.6
31257.788599514974,-30.789316364338223,-167.2585161243325,5,0.6
31475.203712781236,-30.914172358045757,-167.35211742185297,5,0.6
31694.13106775091,-31.03892868924983,-167.4452546862352,5,0.6
31914.581182896858,-31.163614757606815,-167.53769384589685,5,0.6
32136.564649853717,-31.288242537480038,-167.6292159564374,5,0.6
32360.09213392676,-31.41280530014725,-167.7202092514536,5,0.6
32585.17437460432,-31.537311970636466,-167.81037734086732,5,0.6
32811.8221860738,-31.661761352867487,-167.89982167088192,5,0.6
33040.04645774119,-31.786156719359866,-167.98845105630232,5,0.6
33269.85815475433,-31.910496630104177,-168.07636819012248,5,0.6
33501.26831852966,-32.03477311053696,-168.16395670805872,5,0.6
33734.28806728276,-32.159006891864834,-168.25037123638904,5,0.6
33968.928596562524,-32.28318329145938,-168.33627974508317,5,0.6
34205.20117978902,-32.40730957896948,-168.42140757442186,5,0.6
34443.11716879519,-32.531384323925764,-168.50585497065998,5,0.6
34682.68799437217,-32.65540825291549,-168.58962844137685,5,0.6
34923.92516681859,-32.779382079980884,-168.67273445782862,5,0.6
35166.8402764935,-32.903302534626434,-168.75535893512816,5,0.6
35411.44499437329,-33.02717439773818,-168.83732616373595,5,0.6
35657.7510726124,-33.15100220485708,-168.91846554876574,5,0.6
35905.77034510798,-33.27478265406762,-168.99896281448497,5,0.6
36155.51472806843,-33.39851827915038,-169.07873692472748,5,0.6
36406.99622058595,-33.52220780430527,-169.1578824153489,5,0.6
36660.22690521301,-33.64585005455755,-169.23649123813672,5,0.6
36915.21894854289,-33.76944753561023,-169.31448213954792,5,0.6
37171.98460179422,-33.89300087148241,-169.39186098968415,5,0.6
37430.53620139958,-34.0165106773561,-169.4686335860971,5,0.6
37690.88616959824,-34.13997755972098,-169.54480565442415,5,0.6
37953.04701503298,-34.2633987368625,-169.62054868457085,5,0.6
38217.03133335104,-34.386784937244606,-169.69537075423037,5,0.6
38482.85180780936,-34.510126603144805,-169.76977488404097,5,0.6
38750.521209883875,-34.633430921917096,-169.84343837888943,5,0.6
39020.05239988316,-34.756688754626325,-169.91685353302364,5,0.6
39291.458327566346,-34.8799119330723,-169.98945874325537,5,0.6
39564.752032765224,-35.003094607576585,-170.06158212776717,5,0.6
39839.94664601079,-35.12624043921765,-170.13306943289504,5,0.6
40117.05538916413,-35.24934688859659,-170.2040840601055,5,0.6
40396.09157605162,-35.37241899401667,-170.27439615412877,5,0.6
40677.068613104646,-35.4954542252648,-170.34416840451,5,0.6
40960.00000000368,-35.61844733827285,-170.4137122690487,5,0.6
41244.899330326916,-35.74141043816534,-170.48241731133893,5,0.6
41531.78029220334,-35.86433538586747,-170.5507481711584,5,0.6
41820.65666897041,-35.98722555086607,-170.61855632833522,5,0.6
42111.54233983629,-36.11008413344895,-170.68569752039133,5,0.6
42404.45128054665,-36.23290479964674,-170.75254932109618,5,0.6
42699.3975640562,-36.3556934727029,-170.81881786265984,5,0.6
42996.39536120473,-36.47845315964868,-170.88436344503842,5,0.6
43295.458941398065,-36.60117517655212,-170.9497019139952,5,0.6
43596.60267329357,-36.72387156881623,-171.01418463843154,5,0.6
43899.84102549055,-36.84653254535713,-171.07839456019926,5,0.6
44205.18856722535,-36.96916361845923,-171.14204797441135,5,0.6
44512.659969071385,-37.09176153837304,-171.20536171624104,5,0.6
44822.27000364397,-37.214329221992216,-171.26819728443417,5,0.6
45134.033546310086,-37.33686944057739,-171.33042013248865,5,0.6
45447.96557590307,-37.45938018997507,-171.39217507762382,5,0.6
45764.081175442305,-37.581859595672206,-171.45360294595483,5,0.6
46082.39553285784,-37.70431041158331,-171.514569050303,5,0.6
46402.92394172015,-37.826735254408455,-171.57494254403235,5,0.6
46725.681801974904,-37.949131138728724,-171.6349310590731,5,0.6
47050.68462068286,-38.07150065557229,-171.6944041191248,5,0.6
47377.94801276491,-38.19384201415433,-171.7534989786253,5,0.6
47707.487701752325,-38.316159828098236,-171.81195590433745,5,0.6
48039.319520542165,-38.4384481361194,-171.870173241534,5,0.6
48373.45941215801,-38.56071151111601,-171.9278921065359,5,0.6
48709.923430515926,-38.682949266296404,-171.98518170257168,5,0.6
49048.72774119583,-38.80515977869121,-172.04217306224504,5,0.6
49389.888622218095,-38.92734933640017,-172.0984875722036,5,0.6
49733.4224648257,-39.04951138693799,-172.1545737953122,5,0.6
50000.0,-39.143711585123434,-172.19749721777333,5,0.6
10.0,-8.577560293822593,-0.18612520571780755,6,0.7
10.069555500567189,-8.577711963209767,-0.18709133686777013,6,0.7
10.139594797900294,-8.577844457508268,-0.1880553542475887,6,0.7
10.210121257071936,-8.577991367269282,-0.18902189268713687,6,0.7
10.281138266560667,-8.57813927630264,-0.1899889749086332,6,0.7
10.352649238413779,-8.578291556659911,-0.19095699420383322,6,0.7
10.424657608411218,-8.578431436077908,-0.19192342242065275,6,0.7
10.497166836230678,-8.578579074247546,-0.19289107672032918,6,0.7
10.57018040561381,-8.578741200691216,-0.19386087315136055,6,0.7
10.643701824533608,-8.578887615314049,-0.1948282589316887,6,0.7
10.71773462536294,-8.579051906194236,-0.19579811214851697,6,0.7
10.792282365044281,-8.579213945867574,-0.19676734352115557,6,0.7
10.867348625260592,-8.579373750710683,-0.1977358382770358,6,0.7
10.942937012607405,-8.579531337339949,-0.19870347976143568,6,0.7
11.019051158766118,-8.57969679343898,-0.19967170345142865,6,0.7
11.095694720678463,-8.579853351189506,-0.2006378139044585,6,0.7
11.172871380722214,-8.58001445560216,-0.20160376852752376,6,0.7
11.250584846888108,-8.580193551109401,-0.20257158350215232,6,0.7
11.328838852958,-8.580353730578956,-0.2035353368876031,6,0.7
11.407637158684253,-8.580525222957633,-0.20449967703673308,6,0.7
11.486983549970367,-8.580697976188555,-0.2054628982463573,6,0.7
11.566881839052892,-8.5808787218236,-0.2064259709950701,6,0.7
11.647335864684578,-8.581050695980188,-0.20738605362597384,6,0.7
11.728349492318808,-8.581234056658438,-0.2083463047999572,6,0.7
11.809926614295325,-8.58140868464812,-0.20930329480273166,6,0.7
11.892071150027233,-8.58158802531914,-0.21025910489668825,6,0.7
11.97478704618931,-8.581778810629082,-0.2112147494038884,6,0.7
12.05807827690763,-8.581964279621387,-0.21216729003363521,6,0.7
12.141948843950495,-8.58215787748894,-0.21311886406847422,6,0.7
12.226402776920713,-8.582336132654905,-0.2140653213780382,6,0.7
12.31144413344919,-8.58252927066877,-0.21501169962565647,6,0.7
12.397076999389895,-8.58271717706598,-0.21595439764170202,6,0.7
12.48330548901615,-8.582923364428485,-0.21689738352159524,6,0.7
12.570133745218314,-8.583110940900642,-0.2178340425528061,6,0.7
12.657565939702833,-8.583313486729777,-0.2187701445521888,6,0.7
12.745606273192656,-8.583517601479258,-0.21970318615438353,6,0.7
12.834258975629076,-8.583716597214114,-0.22063180794547071,6,0.7
12.923528306374958,-8.583917208772075,-0.2215570618124083,6,0.7
13.013418554419374,-8.584126170491738,-0.22248003354600787,6,0.7
13.10393403858367,-8.584336795566903,-0.2233993590871277,6,0.7
13.195079107728983,-8.584535687601992,-0.22431238555665595,6,0.7
13.286858140965156,-8.584749713521479,-0.22522394819582042,6,0.7
13.379275547861162,-8.584962122286852,-0.2261307745173462,6,0.7
13.472335768656947,-8.585179649803617,-0.22703397500271935,6,0.7
13.566043274476765,-8.585398966709977,-0.22793276340089424,6,0.7
13.660402567544,-8.585613389770312,-0.22882568441036502,6,0.7
13.755418181397484,-8.585836365249717,-0.22971516559323044,6,0.7
13.851094681109295,-8.586067919812537,-0.23060107551097184,6,0.7
13.947436663504105,-8.586281243785557,-0.2314779749001274,6,0.7
14.044448757380025,-8.586509911603963,-0.23235229610541447,6,0.7
14.142135623731003,-8.586740532981032,-0.2332212412068964,6,0.7
14.240501955970773,-8.586973136690164,-0.23408464523489647,6,0.7
14.33955248015833,-8.587197689087919,-0.23494029270204142,6,0.7
14.439291955225018,-8.587434345823615,-0.23579210005519088,6,0.7
14.539725173203164,-8.58767642779863,-0.23663855788105012,6,0.7
14.640856959456315,-8.58791390326793,-0.23747741719348667,6,0.7
14.742692172911074,-8.588156865521071,-0.2383105874548939,6,0.7
14.845235706290554,-8.58839528422589,-0.23913578686502301,6,0.7
14.94849248634945,-8.588639252894646,-0.23995495377766152,6,0.7
15.05246747411074,-8.58888209632218,-0.24076649248811496,6,0.7
15.15716566510405,-8.589130554773853,-0.24157166233259963,6,0.7
15.26259208960566,-8.589377954250022,-0.2423688450054953,6,0.7
15.368751812880195,-8.589631035724977,-0.2431593197172394,6,0.7
15.475649935423972,-8.589889833009984,-0.24394292690872377,6,0.7
15.58329159321007,-8.590144320964654,-0.24471726806608318,6,0.7
15.69168195793509,-8.590404594852647,-0.2454843885558188,6,0.7
15.800826237267621,-8.590663984158832,-0.24624261307524536,6,0.7
15.910729675098453,-8.590925878244414,-0.24699251008746917,6,0.7
16.02139755179252,-8.59118696116,-0.2477331329284911,6,0.7
16.13283518444261,-8.591457328982102,-0.24846660905358373,6,0.7
16.245047927124794,-8.591710197384245,-0.24918655398025633,6,0.7
16.358041171155712,-8.591992542904197,-0.249903686694912,6,0.7
16.471820345351553,-8.592254114827083,-0.25060609284119434,6,0.7
16.586390916288924,-8.592531831235954,-0.25130224383581107,6,0.7
16.70175838856748,-8.592808969423709,-0.2519880143312646,6,0.7
16.817928305074386,-8.593082218298273,-0.2526623985964596,6,0.7
16.93490624725064,-8.593358324069293,-0.2533268132746498,6,0.7
17.052697835359233,-8.593633976456545,-0.2539802586519335,6,0.7
17.17130872875518,-8.59392262601437,-0.25462584940404887,6,0.7
17.290744626157405,-8.594197500477545,-0.2552567927600846,6,0.7
17.411011265922586,-8.59449551401282,-0.2558820599604541,6,0.7
17.53211442632081,-8.594776489674988,-0.25649143121324397,6,0.7
17.654059925813208,-8.59506393494193,-0.25709058664568607,6,0.7
17.776853623331515,-8.595364598066904,-0.25768108852416827,6,0.7
17.900501418559564,-8.595651713828765,-0.2582558972776823,6,0.7
18.02500925221672,-8.595948789221001,-0.25882084690756624,6,0.7
18.150383106343334,-8.596245818066976,-0.2593731692488944,6,0.7
18.27662900458813,-8.59654619979875,-0.2599135590924873,6,0.7
18.403753012497624,-8.596843281741885,-0.26044006385713525,6,0.7
18.53176123780754,-8.597147166652645,-0.2609551703451923,6,0.7
18.660659830736275,-8.597447852417021,-0.2614560169164998,6,0.7
18.790454984280366,-8.597758793233329,-0.26194604489256,6,0.7
18.921152934512047,-8.598056586916147,-0.2624187013091237,6,0.7
19.05275996087888,-8.598378141582929,-0.2628839015617422,6,0.7
19.18528238650542,-8.598683305814816,-0.2633304208924238,6,0.7
19.31872657849705,-8.598998936489595,-0.26376549107956365,6,0.7
19.453098948245852,-8.599311687794112,-0.26418521201854994,6,0.7
19.588405951738682,-8.59962161607742,-0.2645893870387359,6,0.7
19.72465408986733,-8.599938827595974,-0.26498070321640066,6,0.7
19.861849908740865,-8.600263379370471,-0.26535903210116424,6,0.7
20.00000000000015,-8.60057858097752,-0.26571937215259106,6,0.7
20.13911100113453,-8.600894541019803,-0.26606443833844745,6,0.7
20.279189595800737,-8.601228066287817,-0.2663990153331283,6,0.7
20.42024251414402,-8.601539024826494,-0.26671108440142766,6,0.7
20.56227653312149,-8.601867670305708,-0.26701238715728726,6,0.7
20.70529847682771,-8.602200667263268,-0.2672988299451026,6,0.7
20.849315216822593,-8.602524683294389,-0.267566201780407,6,0.7
20.994333672461515,-8.60285652735832,-0.2678194212520598,6,0.7
21.14036081122778,-8.60319291537761,-0.26805735105312517,6,0.7
21.28740364906737,-8.60351717007602,-0.2682746536986367,6,0.7
21.43546925072604,-8.603856147385661,-0.26847950197701664,6,0.7
21.584564730088722,-8.604189823655142,-0.2686654981365765,6,0.7
21.734697250521346,-8.604521616626336,-0.2688335265391333,6,0.7
21.885874025214974,-8.604854944517758,-0.26898450649112615,6,0.7
22.038102317532406,-8.605203269653748,-0.26912264230370997,6,0.7
22.191389441357092,-8.60554322749354,-0.26924026866852124,6,0.7
22.345742761444598,-8.605884934781047,-0.269340490244718,6,0.7
22.501169693776383,-8.606225117398347,-0.26942208284320895,6,0.7
22.657677705916175,-8.606567197955307,-0.26948602518959963,6,0.7
22.815274317368676,-8.606911251864307,-0.26953220892501006,6,0.7
22.973967099940907,-8.607254008682268,-0.26955939687705666,6,0.7
23.13376367810596,-8.607612281883046,-0.26957317174798373,6,0.7
23.29467172936933,-8.607959372863961,-0.2695643396497476,6,0.7
23.456698984637793,-8.608292015772802,-0.26953154738465346,6,0.7
23.619853228590827,-8.608650454649299,-0.26948858956928634,6,0.7
23.784142300054643,-8.609001302260008,-0.26942380412294187,6,0.7
23.949574092378796,-8.609351335974564,-0.26933940574291904,6,0.7
24.11615655381544,-8.609700640227103,-0.2692352958900438,6,0.7
24.28389768790117,-8.610049300581963,-0.26911138071265356,6,0.7
24.452805553841607,-8.610404096341936,-0.26896999605198185,6,0.7
24.622888266898567,-8.610758422569676,-0.2688086694593385,6,0.7
24.794153998779972,-8.611119060128733,-0.2686297838716994,6,0.7
24.966610978032485,-8.61147271562767,-0.26842836072252146,6,0.7
25.140267490436816,-8.611826172468344,-0.26820677472439164,6,0.7
25.315131879405854,-8.612179523566272,-0.2679649625726006,6,0.7
25.4912125463855,-8.61254289905511,-0.2677066718872359,6,0.7
25.668517951258348,-8.61289297585474,-0.2674229897358883,6,0.7
25.847056612750112,-8.613253268314265,-0.2671227682470957,6,0.7
26.026837108838944,-8.613613837814535,-0.2668021609625915,6,0.7
26.20786807716754,-8.613974783382014,-0.26646113268360394,6,0.7
26.390158215458165,-8.614339550057444,-0.2661009712404158,6,0.7
26.573716281930512,-8.614691515910742,-0.26571504702921966,6,0.7
26.758551095722524,-8.61505419720881,-0.2653125828724598,6,0.7
26.944671537314093,-8.615410975014713,-0.2648869208667298,6,0.7
27.13208654895373,-8.615785365842758,-0.26444749729871764,6,0.7
27.320805135088207,-8.61613400072024,-0.26397668495237625,6,0.7
27.510836362795175,-8.61649711973542,-0.2634907812705684,6,0.7
27.7021893622188,-8.616864799501727,-0.2629857579017568,6,0.7
27.89487332700842,-8.617217088019261,-0.26245327144077624,6,0.7
28.088897514760255,-8.61757416225466,-0.26190164764606894,6,0.7
28.284271247462218,-8.617936136014142,-0.26133095035418824,6,0.7
28.48100391194176,-8.618299781229167,-0.2607398194235095,6,0.7
28.679104960316874,-8.61866187182833,-0.2601268586188032,6,0.7
28.878583910450253,-8.619025870153488,-0.25949354054489726,6,0.7
29.079450346406546,-8.619381867289613,-0.25883553284558297,6,0.7
29.28171391891285,-8.619740014979852,-0.2581572266226998,6,0.7
29.485384345822368,-8.62010377968954,-0.25746018022967176,6,0.7
29.690471412581335,-8.620466600581215,-0.2567415121802543,6,0.7
29.896984972699123,-8.62082526209338,-0.2559997666512162,6,0.7
30.104934948221704,-8.621189920642026,-0.2552395289592929,6,0.7
30.314331330208326,-8.621537309404046,-0.2544502134388957,6,0.7
30.52518417921155,-8.621907668847836,-0.25365023679488957,6,0.7
30.73750362576062,-8.622261024886505,-0.2528212657684568,6,0.7
30.951299870848175,-8.622614224616926,-0.25197104420305333,6,0.7
31.16658318642038,-8.622977430737468,-0.25110440037847953,6,0.7
31.38336391587042,-8.62333407233326,-0.2502135905475362,6,0.7
31.60165247453548,-8.623684290767299,-0.24929865076068708,6,0.7
31.82145935019715,-8.62404493669635,-0.24836769505905418,6,0.7
32.04279510358529,-8.624406129149369,-0.2474160748091547,6,0.7
32.26567036888546,-8.624764672957438,-0.24644228056320283,6,0.7
32.49009585424984,-8.625107351866632,-0.24543980698410492,6,0.7
32.716082342311665,-8.625467727708724,-0.24442524779687713,6,0.7
32.94364069070335,-8.625815882388467,-0.24338385484896427,6,0.7
33.172781832578096,-8.62616199315314,-0.24232070163610553,6,0.7
33.40351677713521,-8.626519578741867,-0.24124272141543515,6,0.7
33.63585661014903,-8.626868752348072,-0.2401399150426144,6,0.7
33.86981249450153,-8.627216355471303,-0.2390158015611059,6,0.7
34.10539567071872,-8.627565890372464,-0.2378722696973963,6,0.7
34.34261745751061,-8.627910840361348,-0.23670600712994402,6,0.7
34.58148925231507,-8.62825471173535,-0.2355189038282721,6,0.7
34.822022531845434,-8.628594332737588,-0.2343093494709102,6,0.7
35.064228852641875,-8.628949913154422,-0.2330882416283613,6,0.7
35.30811985162668,-8.629278206974377,-0.23183247621243958,6,0.7
35.55370724666329,-8.629626146240835,-0.23056740759145256,6,0.7
35.80100283711939,-8.629970529054217,-0.2292806402508284,6,0.7
36.05001850443371,-8.630304855968378,-0.22796864365124023,6,0.7
36.30076621268694,-8.630652684131377,-0.22664454070548673,6,0.7
36.55325800917653,-8.630977464628728,-0.22528808454482696,6,0.7
36.80750602499552,-8.631319454638817,-0.2239218895189071,6,0.7
37.06352247561536,-8.631648789621748,-0.22252926532102005,6,0.7
37.32131966147283,-8.631985694699422,-0.22112179609344354,6,0.7
37.58090996856101,-8.632306990510758,-0.21968628821114378,6,0.7
37.84230586902438,-8.632642921938642,-0.21824031077543382,6,0.7
38.105519921758045,-8.632963638211368,-0.21676664567156384,6,0.7
38.37056477301113,-8.633292710294553,-0.21527918469750074,6,0.7
38.63745315699439,-8.633620324930986,-0.2137723229570769,6,0.7
38.906197896491996,-8.633943349479011,-0.21224429884243942,6,0.7
39.176811903477656,-8.634265330146091,-0.21069734138259813,6,0.7
39.449308179734956,-8.634589815662821,-0.2091337470515692,6,0.7
39.72369981748203,-8.63490032913079,-0.20754356869190735,6,0.7
40.000000000000604,-8.635223790020069,-0.2059434365413039,6,0.7
40.27822200226936,-8.635537051655675,-0.20431923779430283,6,0.7
40.55837919160177,-8.63585034882647,-0.20267741848455764,6,0.7
40.840485028288356,-8.636167242793531,-0.2010203905608754,6,0.7
41.124553066243294,-8.63647461033045,-0.1993399872753082,6,0.7
41.410596953655734,-8.636779356249678,-0.19764067128995205,6,0.7
41.6986304336455,-8.637091724722287,-0.19592920156549054,6,0.7
41.98866734492334,-8.637395264435195,-0.1941951137927324,6,0.7
42.28072162245588,-8.63769688842827,-0.19244298845362795,6,0.7
42.57480729813507,-8.637993500772042,-0.19067091129665903,6,0.7
42.8709385014524,-8.638298693217042,-0.1888880459313145,6,0.7
43.16912946017777,-8.638592691388187,-0.1870813908359991,6,0.7
43.46939450104301,-8.638895766170432,-0.18526467962682988,6,0.7
43.771748050430276,-8.639178140618519,-0.18341789554461582,6,0.7
44.07620463506514,-8.639470100913657,-0.18156171966427181,6,0.7
44.38277888271451,-8.639761896313821,-0.17968971503857714,6,0.7
44.69148552288952,-8.640050452916505,-0.17779990618516472,6,0.7
45.00233938755311,-8.640336036574721,-0.1758926028928064,6,0.7
45.315355411832684,-8.640622252490381,-0.17397048635156492,6,0.7
45.63054863473769,-8.640899364549387,-0.17202679235204021,6,0.7
45.947934199882155,-8.641170984902447,-0.17006414797559521,6,0.7
46.26752735621227,-8.641454071967987,-0.1680949243714917,6,0.7
46.58934345873901,-8.64172889224877,-0.16610508085706574,6,0.7
46.913397969275934,-8.642005739056355,-0.16410222708896444,6,0.7
47.23970645718201,-8.642274894368638,-0.16207937445144338,6,0.7
47.56828460010965,-8.642546657699148,-0.16004425813162979,6,0.7
47.89914818475796,-8.642801311991299,-0.15798227558565658,6,0.7
48.232313107631235,-8.643072512163773,-0.155918804387903,6,0.7
48.5677953758027,-8.643340547977632,-0.1538392608996811,6,0.7
48.90561110768358,-8.64359572080044,-0.15173631363537862,6,0.7
49.2457765337975,-8.643855017633019,-0.1496230725670165,6,0.7
49.58830799756032,-8.644112082258534,-0.1474948254201429,6,0.7
49.933221956065346,-8.644363897435852,-0.145349338030052,6,0.7
50.280534980874016,-8.644607450323575,-0.14318430842532343,6,0.7
50.630263758812085,-8.6448597412735,-0.14101332382433657,6,0.7
50.982425092771386,-8.645101089926047,-0.13882090022116989,6,0.7
51.33703590251707,-8.645355173645015,-0.13662617988602768,6,0.7
51.69411322550061,-8.645592316380196,-0.1344053668842452,6,0.7
52.05367421767828,-8.645829533343056,-0.13217230413757244,6,0.7
52.41573615433548,-8.64606716948318,-0.12992744908317833,6,0.7
52.78031643091672,-8.646305574045122,-0.1276712703910916,6,0.7
53.14743256386143,-8.64653176229207,-0.1253930483141551,6,0.7
53.517102191445446,-8.646762764083135,-0.12310713061745762,6,0.7
53.8893430746286,-8.646995606263719,-0.1208112405633561,6,0.7
54.264173097907864,-8.647217317314627,-0.11849444431617455,6,0.7
54.64161027017682,-8.647438270285397,-0.11616566701638077,6,0.7
55.02167272559077,-8.647668841776355,-0.11383409739296248,6,0.7
55.40437872443802,-8.6478794030016,-0.11147408301149957,6,0.7
55.78974665401725,-8.648093675797966,-0.10910636976975163,6,0.7
56.17779502952094,-8.64830871324736,-0.10672856552974463,6,0.7
56.56854249492486,-8.648521572956245,-0.10433820519424643,6,0.7
56.962007823883944,-8.64872598338931,-0.10192973695054985,6,0.7
57.358209920634174,-8.648932346775934,-0.09951261864724585,6,0.7
57.75716782090094,-8.649137734494978,-0.09708435877918886,6,0.7
58.158900692813525,-8.64933922230827,-0.0946423909436694,6,0.7
58.56342783782614,-8.649543892198459,-0.0921933778738386,6,0.7
58.97076869164518,-8.64972882722601,-0.08971605711225555,6,0.7
59.38094282516311,-8.64993112158495,-0.08724519367671459,6,0.7
59.79396994539869,-8.65012120076093,-0.08475316794507011,6,0.7
60.209869896443855,-8.650309498755215,-0.08224986835003115,6,0.7
60.628662660417106,-8.650496453680026,-0.0797358247750128,6,0.7
61.05036835842356,-8.650679174745932,-0.07720834216438936,6,0.7
61.4750072515217,-8.650868109877859,-0.07467770212156433,6,0.7
61.90259974169682,-8.651047044504947,-0.07212818544434232,6,0.7
62.33316637284123,-8.651216436362763,-0.06956017036841486,6,0.7
62.766727831741306,-8.651396747932129,-0.06699406376223055,6,0.7
63.20330494907143,-8.651565113414497,-0.06440718895721853,6,0.7
63.642918700394766,-8.651745338253145,-0.061823588610014885,6,0.7
64.08559020717105,-8.651907900896706,-0.059213462647642226,6,0.7
64.5313407377714,-8.652083282854843,-0.056607951196764476,6,0.7
64.98019170850016,-8.652231973914356,-0.05396646898720417,6,0.7
65.43216468462381,-8.652397798366085,-0.051334348109446745,6,0.7
65.8872813814072,-8.6525612552222,-0.04869156977306107,6,0.7
66.34556366515669,-8.652712848935915,-0.046028132845497394,6,0.7
66.80703355427093,-8.65285975437155,-0.04335154985713032,6,0.7
67.27171322029855,-8.65301915097,-0.04068031529247574,6,0.7
67.73962498900357,-8.653161560654667,-0.03798289007683085,6,0.7
68.21079134143795,-8.65331083938473,-0.03528503357241299,6,0.7
68.68523491502174,-8.65345085218568,-0.032569280421406256,6,0.7
69.16297850463066,-8.65359213379315,-0.029847189522958676,6,0.7
69.6440450636914,-8.653731892133273,-0.027115786770580158,6,0.7
70.12845770528428,-8.653860674881425,-0.024364522917833312,6,0.7
70.61623970325388,-8.654002364675872,-0.021620267432198866,6,0.7
71.10741449332713,-8.65413418830385,-0.01885748069856584,6,0.7
71.60200567423932,-8.654253376085602,-0.0160728432440407,6,0.7
72.10003700886796,-8.654383827007704,-0.013293782081858559,6,0.7
72.60153242537443,-8.654509450846081,-0.010501934708041066,6,0.7
73.10651601835362,-8.654627494390754,-0.007694048265830535,6,0.7
73.61501204999159,-8.65474520908846,-0.004878596320719883,6,0.7
74.12704495123128,-8.654859853090441,-0.002052401349526731,6,0.7
74.64263932294622,-8.654965357429425,0.0007917986405031666,6,0.7
75.16181993712259,-8.655082321815584,0.003629274667762798,6,0.7
75.68461173804933,-8.655191357317483,0.006483220635664498,6,0.7
76.21103984351666,-8.655293077745824,0.009353003649523173,6,0.7
76.74112954602285,-8.655394768518105,0.012229741825337762,6,0.7
77.27490631398935,-8.655497055124991,0.015112574593766036,6,0.7
77.81239579298456,-8.655600568542209,0.018000612912144134,6,0.7
78.3536238069559,-8.655699279947859,0.020901341826161175,6,0.7
78.8986163594705,-8.65579049915241,0.023818226523966556,6,0.7
79.44739963496465,-8.655888206148816,0.02673351478992767,6,0.7
80.00000000000179,-8.655969724724518,0.029676158134671782,6,0.7
80.55644400453932,-8.656062378329159,0.03261108322397333,6,0.7
81.11675838320417,-8.656140169171833,0.035571873767168145,6,0.7
81.68097005657731,-8.656217100574654,0.03854044606778461,6,0.7
82.24910613248719,-8.656297182940802,0.04151143878985841,6,0.7
82.8211939073121,-8.65638109948737,0.04448378077011048,6,0.7
83.39726086729164,-8.656449540739388,0.04748325300356161,6,0.7
83.97733468984731,-8.656516533565949,0.05049124050838202,6,0.7
84.56144324491237,-8.656592777593872,0.05349312829559666,6,0.7
85.14961459627077,-8.656655647273075,0.056519657944192433,6,0.7
85.74187700290544,-8.656715853551816,0.05955634130399988,6,0.7
86.33825892035618,-8.656777447370867,0.06259755188003346,6,0.7
86.93878900208668,-8.656851151742073,0.06562814097144147,6,0.7
87.54349610086122,-8.656904363082617,0.0686937595040378,6,0.7
88.15240927013093,-8.656954481983965,0.07177019942137998,6,0.7
88.7655577654297,-8.65700558191866,0.07485165818891092,6,0.7
89.38297104577971,-8.657048408492038,0.07795140970581488,6,0.7
90.00467877510688,-8.657103713543172,0.08103948045945927,6,0.7
90.63071082366605,-8.657155586762608,0.08413872632226573,6,0.7
91.26109726947607,-8.657191456427338,0.08726773948949842,6,0.7
91.895868399765,-8.657228757398714,0.09040107269617495,6,0.7
92.53505471242522,-8.657274930371429,0.09352749866562683,6,0.7
93.17868691747873,-8.657304084751791,0.09668568728949202,6,0.7
93.82679593855258,-8.657337006005427,0.09984459549427856,6,0.7
94.47941291436473,-8.657371149714837,0.10300793979985161,6,0.7
95.13656920022001,-8.657387307010664,0.10620519080766627,6,0.7
95.79829636951663,-8.6574229493957,0.1093788122795133,6,0.7
96.4646262152632,-8.657435541039169,0.11259450765229854,6,0.7
97.13559075160614,-8.657462564341865,0.11579407089221601,6,0.7
97.81122221536789,-8.657471493756415,0.11902846540619072,6,0.7
98.49155306759573,-8.657489820759277,0.12225441974175907,6,0.7
99.17661599512138,-8.657495030541986,0.12550772153817796,6,0.7
99.86644391213144,-8.657504622570354,0.12876047272031457,6,0.7
100.56106996174877,-8.657512761982675,0.13202197988526163,6,0.7
101.26052751762494,-8.657523620955905,0.13528540345601114,6,0.7
101.96485018554354,-8.657524704350376,0.1385712409706909,6,0.7
102.67407180503491,-8.657516858260784,0.1418783801399393,6,0.7
103.388226451002,-8.657514271774174,0.14518332036821457,6,0.7
104.10734843535732,-8.657504461584674,0.14850689037198384,6,0.7
104.83147230867174,-8.65749829101011,0.15183084531238136,6,0.7
105.56063286183424,-8.657489953579638,0.15516494320230978,6,0.7
106.29486512772365,-8.65747698139405,0.15851346841685887,6,0.7
107.03420438289172,-8.657463579835976,0.16186924476376896,6,0.7
107.778686149258,-8.65743728255923,0.16525402708791645,6,0.7
108.52834619581655,-8.657422313063957,0.16862561220397584,6,0.7
109.28322054035448,-8.657386199887574,0.17204108404560028,6,0.7
110.04334545118235,-8.657366515470319,0.17543412272875636,6,0.7
110.80875744887686,-8.657337463974384,0.17885042950103086,6,0.7
111.57949330803534,-8.657299934901229,0.18228869966833305,6,0.7
112.35559005904271,-8.657261491741718,0.185735419390408,6,0.7
113.13708498985058,-8.657226365777532,0.18918280656575368,6,0.7
113.92401564776874,-8.657192118993118,0.19263518855890954,6,0.7
114.71641984126921,-8.657146307420179,0.1961156466054155,6,0.7
115.51433564180275,-8.657103176546165,0.199597870960791,6,0.7
116.31780138562794,-8.657046949287373,0.20311149153789196,6,0.7
117.12685567565316,-8.657005221226612,0.20660450301949648,6,0.7
117.94153738329126,-8.656942198959246,0.21014480650340017,6,0.7
118.76188565032712,-8.656885481917229,0.21367998244358707,6,0.7
119.58793989079828,-8.656825970023664,0.2172273889485005,6,0.7
120.41973979288862,-8.656754562505283,0.220804876733792,6,0.7
121.25732532083512,-8.656688854185708,0.22437822532934404,6,0.7
122.10073671684803,-8.656626420094046,0.22795194640288607,6,0.7
122.95001450304433,-8.656548148377556,0.23156400567764865,6,0.7
123.80519948339456,-8.656478310721997,0.23516618863723746,6,0.7
124.66633274568338,-8.656401131826323,0.23879002054197507,6,0.7
125.53345566348355,-8.656317521623059,0.24243388752126085,6,0.7
126.40660989814381,-8.656235064913659,0.24608241610468312,6,0.7
127.28583740079048,-8.656158009100137,0.24972669968013056,6,0.7
128.17118041434307,-8.656060557332811,0.2534201532317196,6,0.7
129.0626814755438,-8.65597365785885,0.25709868269581665,6,0.7
129.9603834170013,-8.655868170410608,0.2608232886887633,6,0.7
130.86432936924862,-8.655775042064809,0.26452889436425636,6,0.7
131.77456276281538,-8.655675141902263,0.2682558381555776,6,0.7
132.69112733031437,-8.655569366086649,0.2720024030863555,6,0.7
133.61406710854286,-8.655455268574539,0.2757740767127151,6,0.7
134.5434264405981,-8.655347096226757,0.27953998899313953,6,0.7
135.47924997800817,-8.655225700275768,0.28334194538429347,6,0.7
136.42158268287693,-8.655111999649774,0.287134066006472,6,0.7
137.3704698300445,-8.655000194934695,0.2909288453558007,6,0.7
138.32595700926237,-8.654864440621418,0.29478421077940437,6,0.7
139.28809012738384,-8.654735663834078,0.2986311460071118,6,0.7
140.25691541056963,-8.654614729699263,0.30246723996362,6,0.7
141.23247940650882,-8.654475773240693,0.30635139756655694,6,0.7
142.2148289866553,-8.654339688273414,0.31023605211494293,6,0.7
143.20401134847972,-8.65419729820904,0.31414231227783185,6,0.7
144.200074017737,-8.654059464493228,0.318044893213742,6,0.7
145.20306485074994,-8.65391365434952,0.3219730340108995,6,0.7
146.2130320367083,-8.653754007524352,0.3259409272618971,6,0.7
147.2300240999843,-8.653604730116703,0.32989117092394094,6,0.7
148.25408990246365,-8.65344658030769,0.33386949698840584,6,0.7
149.28527864589356,-8.653283697713665,0.3378661560130857,6,0.7
150.32363987424628,-8.653113529020837,0.3418874803471464,6,0.7
151.3692234760998,-8.652946881207253,0.3459070864007742,6,0.7
152.42207968703445,-8.652771153812802,0.3499558689026104,6,0.7
153.48225909204683,-8.65259044808378,0.35402389713686877,6,0.7
154.54981262797986,-8.652412198479164,0.35809257708818754,6,0.7
155.6247915859703,-8.652237143367055,0.3621597396954086,6,0.7
156.70724761391295,-8.652045946427528,0.3662743145349567,6,0.7
157.79723271894218,-8.651859381927636,0.3703836616429603,6,0.7
158.8947992699305,-8.651661430505863,0.3745287397847814,6,0.7
160.0000000000048,-8.651462810712355,0.3786820752540522,6,0.7
161.11288800907985,-8.651257506964221,0.38285926585906777,6,0.7
162.23351676640956,-8.651049522593864,0.38704990724975585,6,0.7
163.36194011315587,-8.650829466268341,0.39127888343822803,6,0.7
164.49821226497562,-8.650618038893704,0.39549126788510447,6,0.7
165.6423878146254,-8.650399127638774,0.399729758665754,6,0.7
166.79452173458452,-8.650169983039211,0.40400199919230434,6,0.7
167.9546693796959,-8.649951263057803,0.40825190917220877,6,0.7
169.12288648982604,-8.649716761238999,0.41255072081260347,6,0.7
170.29922919254284,-8.649477061684514,0.4168697718822296,6,0.7
171.4837540058122,-8.649232692046521,0.4212076311315136,6,0.7
172.6765178407137,-8.648994204461312,0.42553467733102257,6,0.7
173.87757800417467,-8.648748699904463,0.4298867590762334,6,0.7
175.08699220172375,-8.64848660336335,0.4342912592603772,6,0.7
176.30481854026317,-8.648225104277817,0.43869959601247754,6,0.7
177.53111553086072,-8.647961284629101,0.44311985997478337,6,0.7
178.7659420915608,-8.64769555301798,0.44755069621618626,6,0.7
180.00935755021513,-8.64742494692894,0.45200057323935394,6,0.7
181.26142164733346,-8.647156530018606,0.45644864939998225,6,0.7
182.52219453895353,-8.646860493488223,0.46098289222234046,6,0.7
183.7917367995314,-8.646580704935515,0.46547360938037036,6,0.7
185.07010942485184,-8.64628395572517,0.4700193376494925,6,0.7
186.35737383495882,-8.645990618545097,0.4745590667705652,6,0.7
187.65359187710658,-8.64568753367733,0.47913234472063965,6,0.7
188.95882582873088,-8.645374918204626,0.4837387377603526,6,0.7
190.27313840044144,-8.645066372485697,0.4883364111128858,6,0.7
191.59659273903472,-8.6447553598326,0.4929450538329913,6,0.7
192.92925243052787,-8.644435313615302,0.49758499392807143,6,0.7
194.27118150321374,-8.644099636614092,0.5022772125438983,6,0.7
195.62244443073726,-8.643765177400157,0.5069687503393718,6,0.7
196.98310613519297,-8.643425283627181,0.5116803700571986,6,0.7
198.35323199024427,-8.643079980043206,0.5164118936087444,6,0.7
199.73288782426437,-8.642732616942382,0.5211523438151748,6,0.7
201.12213992349908,-8.642386515652529,0.52589052780904,6,0.7
202.5210550352514,-8.642021477069754,0.5306922946765626,6,0.7
203.9297003710886,-8.64165418071443,0.5355031858704228,6,0.7
205.3481436100714,-8.641277785153354,0.5403456469867974,6,0.7
206.77645290200556,-8.64090555652114,0.5451752346723738,6,0.7
208.21469687071618,-8.640513800873151,0.5500712027594656,6,0.7
209.66294461734503,-8.640115717766825,0.5549894243618193,6,0.7
211.12126572367004,-8.63973119759535,0.5598616137243608,6,0.7
212.5897302554489,-8.63932972153538,0.5647915223166846,6,0.7
214.06840876578502,-8.63891767413233,0.5697575642905205,6,0.7
215.5573722985176,-8.638504768661512,0.5747259013501497,6,0.7
217.05669239163473,-8.638080525402925,0.5797328664910367,6,0.7
218.5664410807106,-8.637651227628742,0.5847563488687177,6,0.7
220.08669090236637,-8.637216403310594,0.589797736415222,6,0.7
221.6175148977554,-8.636778905063304,0.5948464963668764,6,0.7
223.15898661607235,-8.636334825715814,0.5999162668015692,6,0.7
224.71118011808713,-8.635876854802119,0.6050334538791527,6,0.7
226.27416997970286,-8.63541109408452,0.6101759735811714,6,0.7
227.8480312955392,-8.634940246811306,0.6153336750408749,6,0.7
229.43283968254013,-8.634473708774541,0.6204712303856086,6,0.7
231.02867128360725,-8.633990556369792,0.6256658693464497,6,0.7
232.63560277125762,-8.633493373511536,0.6309083111954586,6,0.7
234.25371135130806,-8.633001538150172,0.6361252574341867,6,0.7
235.88307476658426,-8.632483897785525,0.6414345003746201,6,0.7
237.523771300656,-8.631976588844882,0.6466981448629511,6,0.7
239.17587978159838,-8.631461843182855,0.6519833275808926,6,0.7
240.83947958577906,-8.630935314614096,0.6573066760182268,6,0.7
242.51465064167206,-8.630402721218895,0.6626457408358172,6,0.7
244.2014734336979,-8.629852894705346,0.6680442089871473,6,0.7
245.9000290060905,-8.629304952672106,0.6734263963299235,6,0.7
247.61039896679097,-8.628754387700411,0.6788092190221159,6,0.7
249.33266549136863,-8.628183160019566,0.6842646537356288,6,0.7
251.06691132696898,-8.62760352753935,0.6897435560151085,6,0.7
252.81321979628953,-8.627017596571227,0.6952369391883391,6,0.7
254.5716748015829,-8.626430807480013,0.7007218341693436,6,0.7
256.3423608286881,-8.625835065328943,0.7062307518173676,6,0.7
258.12536295108947,-8.625218851826412,0.7118113721123918,6,0.7
259.9207668340045,-8.624600981008674,0.7173852027961485,6,0.7
261.72865873849923,-8.623973227758015,0.7229859861350273,6,0.7
263.54912552563275,-8.623330695868086,0.7286341989788823,6,0.7
265.38225466063074,-8.622692090158765,0.7342496611294465,6,0.7
267.2281342170877,-8.622035544289258,0.7399251488754567,6,0.7
269.08685288119824,-8.621369547656597,0.7456240226291234,6,0.7
270.95849995601833,-8.620695795344828,0.7513383592966121,6,0.7
272.8431653657559,-8.620012561813743,0.75707507873993,6,0.7
274.74093966009104,-8.619324843027613,0.7628114700351988,6,0.7
276.6519140185268,-8.618613919734143,0.7686300815190816,6,0.7
278.5761802547697,-8.617915151620329,0.7743726050336107,6,0.7
280.51383082114137,-8.617182666659186,0.7802440240188828,6,0.7
282.4649588130198,-8.616455139060443,0.7860696975496394,6,0.7
284.42965797331277,-8.615700134126579,0.791996371386224,6,0.7
286.40802269696155,-8.61494949681022,0.7978779521133958,6,0.7
288.40014803547615,-8.614184248601665,0.8038006262347902,6,0.7
290.4061297015021,-8.613415851121578,0.8097104579147805,6,0.7
292.42606407341884,-8.612635402487843,0.8156479786622888,6,0.7
294.4600481999708,-8.61183056297429,0.8216711106530222,6,0.7
296.50817980492957,-8.61101607373005,0.8277100197358974,6,0.7
298.5705572917893,-8.610199870085134,0.8337256776614007,6,0.7
300.64727974849484,-8.609372893701149,0.839760229998949,6,0.7
302.73844695220185,-8.608532828718786,0.8458241072508035,6,0.7
304.84415937407124,-8.607670531049795,0.8519614933135843,6,0.7
306.964518184096,-8.606814169470493,0.8580335351111752,6,0.7
309.09962525596205,-8.605934159278021,0.8641846592605354,6,0.7
311.24958317194296,-8.605038227569985,0.8703764944834144,6,0.7
313.4144952278283,-8.604137477115492,0.8765526133140966,6,0.7
315.59446543788675,-8.603212389270421,0.882810314578061,6,0.7
317.7895985398634,-8.60229781143888,0.8889720114792391,6,0.7
320.000000000012,-8.601353750765643,0.8952398765455062,6,0.7
322.22577601816215,-8.600404800246036,0.9014874394019001,6,0.7
324.4670335328215,-8.599424486055124,0.9078507105106213,6,0.7
326.7238802263142,-8.598447574301849,0.9141483404710683,6,0.7
328.99642452995374,-8.597454339281702,0.9204816215938021,6,0.7
331.2847756292533,-8.596445450352585,0.9268462273781264,6,0.7
333.5890434691715,-8.595424960899756,0.9332196051736303,6,0.7
335.90933875939425,-8.594390083824676,0.9396154008957223,6,0.7
338.2457729796546,-8.593338003715855,0.9460477639554482,6,0.7
340.5984583850881,-8.592282941757029,0.9524382929832538,6,0.7
342.96750801162693,-8.591194734740625,0.9589501487566005,6,0.7
345.3530356814299,-8.590104628658313,0.9654114607055884,6,0.7
347.75515600835195,-8.588996063358026,0.9719116961124997,6,0.7
350.1739844034501,-8.587869523401935,0.9784472514298873,6,0.7
352.60963708052907,-8.586742570854943,0.9849181513281454,6,0.7
355.0622310617241,-8.585588311130737,0.9914739883267708,6,0.7
357.53188418312425,-8.584410587430343,0.998092767083117,6,0.7
360.0187151004329,-8.583226925447786,1.004673221580776,6,0.7
362.52284329466966,-8.58203089239735,1.0112500242368785,6,0.7
365.0443890779098,-8.580816031576884,1.0178588990229847,6,0.7
367.58347359906554,-8.579565580978963,1.0245969160185817,6,0.7
370.14021884970646,-8.578327885679332,1.0311794604125675,6,0.7
372.7147476699204,-8.57706217562866,1.0378437412454404,6,0.7
375.30718375421594,-8.57577564588305,1.0445464401115798,6,0.7
377.9176516574646,-8.57447206216033,1.0512637063255532,6,0.7
380.5462768008857,-8.573151754567283,1.0579918515287285,6,0.7
383.1931854780723,-8.57181161156117,1.0647480595930465,6,0.7
385.85850486105863,-8.570455386277304,1.0715078179318245,6,0.7
388.5423630064304,-8.569083395318225,1.0782671804134831,6,0.7
391.2448888614774,-8.567699394162242,1.0850007043189003,6,0.7
393.96621227038884,-8.566283044605875,1.0918330372139324,6,0.7
396.7064639804915,-8.564855301314509,1.0986319912365141,6,0.7
399.4657756485318,-8.563399253186764,1.105501937266081,6,0.7
402.24427984700117,-8.561946225672811,1.1122421838271954,6,0.7
405.04211007050577,-8.560448272017503,1.1191558673900655,6,0.7
407.85940074218024,-8.5589401812668,1.1260192479688576,6,0.7
410.69628722014585,-8.557418835236058,1.1328493227019933,6,0.7
413.55290580401413,-8.555863841767666,1.1397766263666873,6,0.7
416.42939374143555,-8.554296251925352,1.1466619651976608,6,0.7
419.3258892346932,-8.55270950164186,1.1535456538534505,6,0.7
422.24253144734325,-8.551100482854281,1.1604459773481455,6,0.7
425.179460510901,-8.549476477181395,1.1673118755824878,6,0.7
428.13681753157323,-8.547817080661071,1.1742781379414184,6,0.7
431.11474459703845,-8.546146915371384,1.181176632067775,6,0.7
434.11338478327275,-8.544449055329084,1.188119389553877,6,0.7
437.13288216142445,-8.542730840928614,1.1950540714139999,6,0.7
440.173381804736,-8.540982284193399,1.202047158759666,6,0.7
443.23502979551404,-8.539228132332582,1.2089243502207287,6,0.7
446.31797323214806,-8.537434111700957,1.215921479047189,6,0.7
449.4223602361776,-8.535625017719902,1.2228628004201263,6,0.7
452.5483399594091,-8.533797881323622,1.229765580382819,6,0.7
455.6960625910818,-8.531932332504296,1.2367721123150348,6,0.7
458.8656793650838,-8.53004979116037,1.2437271741023201,6,0.7
462.0573425672179,-8.528150830476818,1.2506227207024299,6,0.7
465.2712055425187,-8.526218600810077,1.2575776369678104,6,0.7
468.5074227026196,-8.524253691826665,1.2645857500881856,6,0.7
471.76614953317204,-8.52227768435559,1.2714855679687949,6,0.7
475.04754260131557,-8.520259794354606,1.2785008976877987,6,0.7
478.3517595632003,-8.518232162581228,1.2853903077835316,6,0.7
481.6789591715617,-8.516171022768726,1.2923272402761243,6,0.7
485.02930128334776,-8.51408410585375,1.2992508308937574,6,0.7
488.40294686739946,-8.511968674320734,1.3061784778353651,6,0.7
491.8000580121847,-8.50983253933922,1.3130470525367002,6,0.7
495.2207979335857,-8.507662496005512,1.3199540916890606,6,0.7
498.665330982741,-8.505455874252348,1.3269177139508803,6,0.7
502.1338226539417,-8.50323464563292,1.3337638083438272,6,0.7
505.62643959258287,-8.50098568531355,1.3405899741370795,6,0.7
509.14334960316967,-8.498702906170871,1.3474405397219964,6,0.7
512.68472165738,-8.496387286173073,1.3543046457855927,6,0.7
516.2507259021829,-8.494046896264676,1.3611142865981265,6,0.7
519.841533668013,-8.491679276233828,1.3678846647921514,6,0.7
523.4573174770023,-8.489271392223984,1.3747171330257941,6,0.7
527.0982510512695,-8.486838496621399,1.3814846194608723,6,0.7
530.7645093212655,-8.484381770788996,1.3881724529896278,6,0.7
534.4562684341794,-8.481888266767182,1.3948823579580234,6,0.7
538.1737057624005,-8.479359212969717,1.4016006798552054,6,0.7
541.9169999120409,-8.47680297707594,1.4082536669832608,6,0.7
545.6863307315159,-8.474210235187433,1.4149146452311296,6,0.7
549.4818793201863,-8.471589444558859,1.4215081433753882,6,0.7
553.3038280370578,-8.468934898753192,1.4280774943244978,6,0.7
557.1523605095437,-8.466244471619046,1.4346363848098664,6,0.7
561.027661642287,-8.463519634086328,1.4411677936315672,6,0.7
564.9299176260438,-8.460761902503219,1.4476538651069801,6,0.7
568.8593159466297,-8.457962123957122,1.4541694144700752,6,0.7
572.8160453939274,-8.455136178242398,1.4605712385999854,6,0.7
576.8002960709567,-8.452282153561939,1.4668698098521276,6,0.7
580.8122594030085,-8.449365930360903,1.4733620784429042,6,0.7
584.8521281468421,-8.446442944700818,1.4795514852495408,6,0.7
588.920096399946,-8.443479155863953,1.4857342125667339,6,0.7
593.0163596098636,-8.440465579525673,1.491986877606124,6,0.7
597.1411145835832,-8.437429207990464,1.498060471556498,6,0.7
601.2945594969942,-8.434335970498207,1.5042590512424203,6,0.7
605.4768939044083,-8.431223792658827,1.510230866949439,6,0.7
609.688318748147,-8.428062235706571,1.5162490861125366,6,0.7
613.9290363681965,-8.424864125674503,1.522190202348931,6,0.7
618.1992505119288,-8.421624301866954,1.5280963454872425,6,0.7
622.4991663438906,-8.418362970981004,1.5337714562054554,6,0.7
626.8289904556613,-8.41503521755184,1.5396324394129546,6,0.7
631.1889308757782,-8.411675811699789,1.545345869711289,6,0.7
635.5791970797316,-8.408276120744139,1.5509868851864415,6,0.7
640.0000000000289,-8.404842066335176,1.5564919265495185,6,0.7
644.4515520363291,-8.40136142729943,1.5619720479358714,6,0.7
648.9340670656479,-8.397836553082884,1.567398630405501,6,0.7
653.4477604526332,-8.39426619455365,1.5727777043243332,6,0.7
657.9928490599125,-8.390660106520146,1.5780067512452307,6,0.7
662.5695512585116,-8.386998845958583,1.5832708661786128,6,0.7
667.178086938348,-8.383306901062777,1.5883205772502615,6,0.7
671.8186775187937,-8.37956855115334,1.5933045965728014,6,0.7
676.4915459593144,-8.375782735822693,1.5982269363304462,6,0.7
681.1969167701814,-8.371948429399406,1.6030913323059803,6,0.7
685.935016023259,-8.368068326116955,1.6078635779100454,6,0.7
690.7060713628651,-8.364148865467982,1.6124701920131823,6,0.7
695.5103120167091,-8.36017808357401,1.6170261933664154,6,0.7
700.3479688069056,-8.356158793228902,1.6214956505542018,6,0.7
705.2192741610634,-8.35209386193154,1.6258412329160272,6,0.7
710.1244621234536,-8.347993636745205,1.6299461829022033,6,0.7
715.0637683662537,-8.34382767354348,1.6341221208019043,6,0.7
720.0374302008713,-8.339606337714104,1.6382540459361543,6,0.7
725.0456865893448,-8.33536246544564,1.6419843240251093,6,0.7
730.0887781558251,-8.331039507893273,1.6459075219238566,6,0.7
735.1669471981365,-8.326681588046762,1.6495440725894293,6,0.7
740.2804376994185,-8.322273204496696,1.6530512949329514,6,0.7
745.4294953398465,-8.31780629913675,1.65650871299694,6,0.7
750.6143675084376,-8.313291588310442,1.65979148622384,6,0.7
755.8353033149348,-8.308732365489323,1.6628539799627997,6,0.7
761.0925536017771,-8.304113129413121,1.6658581303041837,6,0.7
766.3863709561504,-8.299437194829945,1.6687594788403888,6,0.7
771.717009722123,-8.29471549919083,1.6714271075694374,6,0.7
777.0847260128666,-8.289932561597976,1.6740251642106367,6,0.7
782.4897777229608,-8.285103198358454,1.676377907940759,6,0.7
787.9324245407837,-8.280215742170958,1.6786076294877545,6,0.7
793.412927960989,-8.275273715728753,1.6806652408068803,6,0.7
798.9315512970695,-8.270273066187846,1.6825878491705397,6,0.7
804.4885596940084,-8.26521739109831,1.684324806639266,6,0.7
810.0842201410177,-8.260098853561747,1.685957441100937,6,0.7
815.7188014843666,-8.254924942209392,1.687389568703258,6,0.7
821.392574440298,-8.249695541913436,1.6886123896337752,6,0.7
827.1058116080346,-8.244402862546712,1.6897076301839984,6,0.7
832.8587874828772,-8.23906224537138,1.6904840246290909,6,0.7
838.6517784693928,-8.233658238814803,1.6911139422206913,6,0.7
844.4850628946929,-8.228186925536798,1.691634937696214,6,0.7
850.3589210218082,-8.222663802815186,1.6918512705294955,6,0.7
856.2736350631529,-8.21706949894092,1.6919857526312454,6,0.7
862.2294891940834,-8.211423507122033,1.6917924571647462,6,0.7
868.226769566552,-8.205718156075648,1.691352974539432,6,0.7
874.2657643228554,-8.199933989068779,1.6908954926157496,6,0.7
880.3467636094787,-8.194106354128476,1.689975471113587,6,0.7
886.4700595910348,-8.188208000914505,1.6889169935034756,6,0.7
892.635946464303,-8.182246943971851,1.6876104999514163,6,0.7
898.844720472362,-8.17621549150846,1.6861412545571968,6,0.7
905.096679918825,-8.17011778653402,1.6844470954257782,6,0.7
911.3921251821704,-8.163965972036172,1.6823634189570815,6,0.7
917.7313587301744,-8.15774448181928,1.680074956660616,6,0.7
924.1146851344428,-8.151449591099043,1.6776186907169572,6,0.7
930.5424110850445,-8.145089553650099,1.6748785338681718,6,0.7
937.0148454052463,-8.138672725033585,1.671734931404497,6,0.7
943.5322990663512,-8.132179451328335,1.668429131909004,6,0.7
950.0950852026382,-8.12561003987235,1.6649470568921072,6,0.7
956.7035191264079,-8.118985003305916,1.6610101281116576,6,0.7
963.3579183431307,-8.112288664047552,1.6568101787002192,6,0.7
970.0586025667028,-8.105529548394605,1.6522231867497308,6,0.7
976.8058937348063,-8.098679684917485,1.64760678549144,6,0.7
983.6001160243768,-8.091776080097162,1.6424598408258126,6,0.7
990.4415958671789,-8.08479072743289,1.6371418462258334,6,0.7
997.3306619654895,-8.077748641305142,1.6313064816936864,6,0.7
1004.267645307891,-8.07062168150653,1.6253185798067264,6,0.7
1011.2528791851732,-8.06342676621308,1.6189388346069882,6,0.7
1018.2866992063468,-8.056156215530393,1.6122585996822005,6,0.7
1025.3694433147675,-8.048806427441285,1.6053151374967058,6,0.7
1032.5014518043733,-8.041402878846355,1.5977472586374377,6,0.7
1039.6830673360337,-8.033900476629443,1.5901604666206712,6,0.7
1046.9146349540124,-8.026328891165985,1.5821356991669073,6,0.7
1054.1965021025467,-8.018688798466853,1.5736498966995658,6,0.7
1061.5290186425389,-8.010980900577847,1.5646793590523767,6,0.7
1068.9125368683667,-8.003184828354101,1.5554953817347803,6,0.7
1076.347411524809,-7.9953096064439,1.5459601884346978,6,0.7
1083.8339998240897,-7.987364385077555,1.5359320378830055,6,0.7
1091.37266146304,-7.979337150527183,1.5255671745863375,6,0.7
1098.9637586403808,-7.971237113983611,1.5147221922061354,6,0.7
1106.607656074124,-7.963047902864567,1.5036172259854852,6,0.7
1114.3047210190957,-7.954800246506406,1.4917999926077399,6,0.7
1122.0553232845823,-7.946460578943046,1.4797375129297192,6,0.7
1129.859835252096,-7.938033860782427,1.467346980059679,6,0.7
1137.7186318932681,-7.929533816767439,1.4544171552149692,6,0.7
1145.6320907878635,-7.920961297080798,1.440921276529364,6,0.7
1153.600592141922,-7.912308431443269,1.4269598224480013,6,0.7
1161.6245188060257,-7.903558477459577,1.4127650855718703,6,0.7
1169.704256293693,-7.894734101070526,1.3979923335621736,6,0.7
1177.840192799901,-7.8858229464803,1.3828096348006849,6,0.7
1186.032719219736,-7.876834668344403,1.3670610338181013,6,0.7
1194.2822291671753,-7.867779072826675,1.3505862069145886,6,0.7
1202.5891189939975,-7.858621443344154,1.3338878393103597,6,0.7
1210.9537878088256,-7.849366919303558,1.316878234839279,6,0.7
1219.3766374963034,-7.840047734445638,1.2990610019123712,6,0.7
1227.8580727364024,-7.830633359773246,1.2808802917591426,6,0.7
1236.3985010238666,-7.8211472422682835,1.2619690665901213,6,0.7
1244.9983326877905,-7.811572217159277,1.242572451903357,6,0.7
1253.657980911332,-7.801900003362903,1.222803508733882,6,0.7
1262.377861751566,-7.79214514682849,1.2024278386798326,6,0.7
1271.1583941594727,-7.782299390883223,1.1815578390808352,6,0.7
1280.0000000000673,-7.772386746073197,1.1598110238321913,6,0.7
1288.9031040726677,-7.762366571798461,1.1377979140610348,6,0.7
1297.8681341313059,-7.7522582196624334,1.1152080713678492,6,0.7
1306.8955209052763,-7.742090743774971,1.091576745099358,6,0.7
1315.9856981198345,-7.731799582229967,1.067891309497342,6,0.7
1325.1391025170333,-7.721446678994351,1.043175552519252,6,0.7
1334.3561738767062,-7.710985880290346,1.018134671230555,6,0.7
1343.6373550375972,-7.700436978388472,0.9924465051883733,6,0.7
1352.9830919186386,-7.6898009644791046,0.9660813646518784,6,0.7
1362.393833540373,-7.679083663842066,0.9389330109487238,6,0.7
1371.8700320465282,-7.6682620164869775,0.9113514080131176,6,0.7
1381.4121427257405,-7.657356238783411,0.8830034714740946,6,0.7
1391.0206240334287,-7.646367415233218,0.8538571269420315,6,0.7
1400.6959376138216,-7.635281953182521,0.8241142045905401,6,0.7
1410.4385483221372,-7.624095854025087,0.7938252273607868,6,0.7
1420.2489242469178,-7.612834731871541,0.7625665741526516,6,0.7
1430.1275367325184,-7.601465036852787,0.7308612413492739,6,0.7
1440.0748604017533,-7.589997532542409,0.6985235832194072,6,0.7
1450.0913731787002,-7.578453238795407,0.6652006827888439,6,0.7
1460.177556311661,-7.566803133101808,0.63134607527381,6,0.7
1470.3338943962842,-7.555063257657643,0.5966867596319623,6,0.7
1480.560875398848,-7.543219393258269,0.5614390612276611,6,0.7
1490.8589906797042,-7.531313399965183,0.5249081343371871,6,0.7
1501.2287350168863,-7.51927467749473,0.48822818225670905,6,0.7
1511.670606629881,-7.507186504959318,0.45002721326759176,6,0.7
1522.1851072035656,-7.494951701505714,0.411878031688095,6,0.7
1532.772741912312,-7.482633273937152,0.37273707167273995,6,0.7
1543.4340194442575,-7.4702534893814345,0.3322225929436712,6,0.7
1554.1694520257447,-7.457739838492677,0.29151096206883137,6,0.7
1564.9795554459333,-7.4451246424727815,0.25005757001783513,6,0.7
1575.8648490815792,-7.432435591440813,0.2073904870333252,6,0.7
1586.8258559219898,-7.419657941595965,0.16373699610827933,6,0.7
1597.863102594151,-7.4067603686335985,0.11960074042310093,6,0.7
1608.9771193880288,-7.393770716635826,0.07450619388224423,6,0.7
1620.1684402820476,-7.380695568390734,0.02832838751742388,6,0.7
1631.4376029687455,-7.367503090851248,-0.01841880978316916,6,0.7
1642.7851488806082,-7.354227200933925,-0.06631479616099173,6,0.7
1654.2116232160815,-7.340818981948303,-0.11455949628666243,6,0.7
1665.7175749657672,-7.327346142303172,-0.16429789257930452,6,0.7
1677.303556938798,-7.313770792876975,-0.21491378777259565,6,0.7
1688.9701257893985,-7.30008250080509,-0.2662480130228567,6,0.7
1700.7178420436294,-7.286304863486791,-0.3187114261689667,6,0.7
1712.5472701263188,-7.272416048605502,-0.37195418768301397,6,0.7
1724.4589783881795,-7.258411027419067,-0.4259074771114692,6,0.7
1736.453539133117,-7.244319597966621,-0.48108802005492135,6,0.7
1748.531528645724,-7.230131271460331,-0.5373364732875526,6,0.7
1760.6935272189705,-7.2158352761684235,-0.59448828337257,6,0.7
1772.940119182083,-7.201444322238613,-0.6527743006933139,6,0.7
1785.2718929286193,-7.186935549293594,-0.7118262795084034,6,0.7
1797.6894409447373,-7.172333667715148,-0.7720779581685216,6,0.7
1810.1933598376636,-7.157651926166637,-0.833770738202587,6,0.7
1822.7842503643546,-7.1428184099090855,-0.8957081094060012,6,0.7
1835.4627174603627,-7.127894518703957,-0.958944396438846,6,0.7
1848.2293702688994,-7.1128752300247715,-1.0234131101336985,6,0.7
1861.0848221701028,-7.097755370565602,-1.0890452718672536,6,0.7
1874.0296908105065,-7.082498185198361,-1.155237908195369,6,0.7
1887.0645981327166,-7.067148137188494,-1.222761678984147,6,0.7
1900.190170405291,-7.051706346054009,-1.291654785478404,6,0.7
1913.4070382528298,-7.036148257897925,-1.3615213076414425,6,0.7
1926.715836686276,-7.020480938271476,-1.4325004693164034,6,0.7
1940.1172051334202,-7.004692090868254,-1.5044043029527763,6,0.7
1953.611787469627,-6.988815036646763,-1.5778167816120936,6,0.7
1967.2002320487684,-6.972804644000919,-1.6519952762913428,6,0.7
1980.8831917343723,-6.956714478976936,-1.7278665765798897,6,0.7
1994.661323930994,-6.94047870224276,-1.8043390327029871,6,0.7
2008.535290615797,-6.924164976781087,-1.8825779233268523,6,0.7
2022.5057583703617,-6.907699601810319,-1.9613603725706334,6,0.7
2036.573398412709,-6.89115116552848,-2.0418672332544174,6,0.7
2050.7388866295505,-6.874493243290546,-2.1236749884780997,6,0.7
2065.0029036087626,-6.857712538267883,-2.206582760639076,6,0.7
2079.366134672083,-6.840788242201196,-2.290264248035559,6,0.7
2093.8292699080407,-6.823784281264549,-2.3758203818923485,6,0.7
2108.3930042051093,-6.806651849621444,-2.4624539271596153,6,0.7
2123.0580372850936,-6.789391159253767,-2.5501941613776724,6,0.7
2137.82507373675,-6.772017028775036,-2.6393159217515945,6,0.7
2152.6948230496346,-6.754522681657512,-2.7297316095264614,6,0.7
2167.6679996481957,-6.736938255256975,-2.821972473923673,6,0.7
2182.7453229260964,-6.71920497644029,-2.9150813788969674,6,0.7
2197.927517280778,-6.701345176110093,-3.0094607128238104,6,0.7
2213.2153121482643,-6.683389614621696,-3.105652060965603,6,0.7
2228.6094420382083,-6.665277745020886,-3.2026744181799245,6,0.7
2244.1106465691814,-6.647071149991416,-3.3015834836964535,6,0.7
2259.7196705042093,-6.628716026631187,-3.401514120118301,6,0.7
2275.4372637865536,-6.610243647473269,-3.503017144123091,6,0.7
2291.2641815757443,-6.5916465019399215,-3.6059989811777275,6,0.7
2307.2011842838615,-6.572916792068694,-3.7103627055393216,6,0.7
2323.2490376120686,-6.554070851422621,-3.8164106119219925,6,0.7
2339.4085125874035,-6.535043419597548,-3.923101417249195,6,0.7
2355.6803855998196,-6.515916137441552,-4.031814429512065,6,0.7
2372.0654384394898,-6.496698398587691,-4.142735213807875,6,0.7
2388.5644583343683,-6.477298372007439,-4.254393826168272,6,0.7
2405.178237988013,-6.457800129535368,-4.3682028594370585,6,0.7
2421.9075756176694,-6.438135670872585,-4.483088823286735,6,0.7
2438.753274992625,-6.41833893111566,-4.5996437818921905,6,0.7
2455.716145472823,-6.398401174950221,-4.717764298764268,6,0.7
2472.797002047752,-6.3783133136244885,-4.837343282398622,6,0.7
2489.9966653755996,-6.358110873352577,-4.958994493139389,6,0.7
2507.3159618226828,-6.337721788321322,-5.081597853904723,6,0.7
2524.755723503151,-6.317245509124644,-5.20679424962699,6,0.7
2542.3167883189644,-6.296590759844581,-5.3331607073733736,6,0.7
2560.0000000001537,-6.275784348975206,-5.46117238058862,6,0.7
2577.806208145355,-6.254816322762738,-5.5907164293333365,6,0.7
2595.736268262631,-6.233733849746965,-5.722586904280673,6,0.7
2613.7910418105726,-6.212479548111299,-5.855919428235467,6,0.7
2631.971396239689,-6.191062124031918,-5.990901290142201,6,0.7
2650.2782050340866,-6.169480787744728,-6.12756992751835,6,0.7
2668.7123477534324,-6.147744765122996,-6.266120171502766,6,0.7
2687.274710075215,-6.125884006463317,-6.407068215972507,6,0.7
2705.9661838372976,-6.103827320173053,-6.549355435220705,6,0.7
2724.7876670807664,-6.081635094873944,-6.6939733545359,6,0.7
2743.740064093077,-6.05923415737069,-6.839844103315061,6,0.7
2762.824285451502,-6.036685945551809,-6.987972171545769,6,0.7
2782.0412480668783,-6.013990400447692,-7.138408793702809,6,0.7
2801.391875227664,-5.99109314451656,-7.290379308821436,6,0.7
2820.8770966442953,-5.968036231497365,-7.444584457414608,6,0.7
2840.4978484938565,-5.944797002996501,-7.600738725059903,6,0.7
2860.2550734650586,-5.921374278774216,-7.7588857981787145,6,0.7
2880.1497208035285,-5.897778283051007,-7.919241051841957,6,0.7
2900.1827463574223,-5.874019803455594,-8.082026296778954,6,0.7
2920.355112623344,-5.850028361613332,-8.246256211599807,6,0.7
2940.6677887925907,-5.825907606551192,-8.413535184163743,6,0.7
2961.121750797718,-5.8015506767999625,-8.582347681440218,6,0.7
2981.717981359431,-5.7770274678303775,-8.753792538514594,6,0.7
3002.4574700337953,-5.752313152882151,-8.927571707141558,6,0.7
3023.3412132597846,-5.727369217346373,-9.10319678179496,6,0.7
3044.3702144071544,-5.702243578708587,-9.281436044966277,6,0.7
3065.545483824648,-5.676871657869096,-9.461432748340721,6,0.7
3086.868038888538,-5.651379933313249,-9.64507300016032,6,0.7
3108.338904051513,-5.625665347232321,-9.830951603489428,6,0.7
3129.9591108918903,-5.599725824651255,-10.019119062598062,6,0.7
3151.7296981631816,-5.573505310758907,-10.208870569943892,6,0.7
3173.651711844004,-5.547122595663593,-10.401957121913496,6,0.7
3195.726205188326,-5.520536770511308,-10.597879355432553,6,0.7
3217.954238776082,-5.493704732376913,-10.796121312074645,6,0.7
3240.3368805641194,-5.466695116050204,-10.997712183014833,6,0.7
3262.8752059375156,-5.439421532467361,-11.201548763748846,6,0.7
3285.570297761241,-5.411910077330556,-11.408079115853727,6,0.7
3308.4232464321876,-5.38415874406547,-11.61736547445478,6,0.7
3331.435149931559,-5.356165546404937,-11.829471723730073,6,0.7
3354.607113877621,-5.327974444598079,-12.045072979664639,6,0.7
3377.9402515788224,-5.299492336840419,-12.263022371964647,6,0.7
3401.4356840872842,-5.270825634046691,-12.484819469307078,6,0.7
3425.094540252663,-5.241847332580939,-12.70889037430509,6,0.7
3448.9179567763854,-5.212650221374139,-12.936546647559206,6,0.7
3472.9070782662598,-5.183184577491712,-13.16723893436892,6,0.7
3497.0630572914743,-5.153498180709687,-13.401678406598297,6,0.7
3521.387054437968,-5.123540000657476,-13.639309844556392,6,0.7
3545.880238364193,-5.093238759258148,-13.879343312769683,6,0.7
3570.543785857265,-5.062694108113411,-14.12314565985594,6,0.7
3595.378881889502,-5.031976604812817,-14.371687325367185,6,0.7
3620.3867196753545,-5.0008903645411955,-14.62264357545632,6,0.7
3645.5685007287366,-4.969594346114048,-14.87808422071221,6,0.7
3670.9254349207527,-4.937959532796269,-15.136541215815662,6,0.7
3696.458740537827,-4.90609513161699,-15.399450406292566,6,0.7
3722.1696443402334,-4.873925106629713,-15.666005048150948,6,0.7
3748.0593816210417,-4.841486077109285,-15.936755894829087,6,0.7
3774.129196265462,-4.808678040610163,-16.210644056792024,6,0.7
3800.3803408106105,-4.775596851856471,-16.488919145860635,6,0.7
3826.8140765056887,-4.742283386527228,-16.772161828183542,6,0.7
3853.43167337258,-4.708614213998234,-17.05906743819263,6,0.7
3880.2344102668694,-4.674734169492314,-17.35140647894893,6,0.7
3907.223574939284,-4.6404738765954106,-17.647380728605278,6,0.7
3934.400464097566,-4.605894477503018,-17.947813467768256,6,0.7
3961.7663834687746,-4.571016935072725,-18.253062843157903,6,0.7
3989.322647862018,-4.535863959635289,-18.56349776529725,6,0.7
4017.070581231624,-4.500344285171546,-18.878252854595594,6,0.7
4045.011516740754,-4.464572632498584,-19.198694422145067,6,0.7
4073.1467968254487,-4.428504262684114,-19.524460335597094,6,0.7
4101.477773259132,-4.392042605998912,-19.85466768957744,6,0.7
4130.005807217556,-4.35530818884002,-20.19071629298466,6,0.7
4158.732269344197,-4.3182028388828755,-20.53172134425859,6,0.7
4187.658539816113,-4.280853456382853,-20.879114942769682,6,0.7
4216.78600841025,-4.243186638809673,-21.232273009752312,6,0.7
4246.116074570219,-4.205123766334035,-21.590552933883583,6,0.7
4275.650147473531,-4.166771307835039,-21.95515576117319,6,0.7
4305.389646099301,-4.128160896516253,-22.326513267400987,6,0.7
4335.335999296423,-4.08912896557632,-22.703180843087253,6,0.7
4365.4906458522255,-4.049931789818802,-23.08774763901882,6,0.7
4395.8550345615895,-4.010376056135984,-23.47849896124978,6,0.7
4426.430624296562,-3.970433180754745,-23.87532474744174,6,0.7
4457.21888407645,-3.930225209482816,-24.279497926155763,6,0.7
4488.2212931383965,-3.889666508422363,-24.690373122368914,6,0.7
4519.439341008452,-3.8488234394931657,-25.108691644669534,6,0.7
4550.874527573141,-3.8077356363895793,-25.53493160424316,6,0.7
4582.528363151522,-3.7664131751372203,-25.969298843872757,6,0.7
4614.402368567757,-3.7246990975874006,-26.41057486026892,6,0.7
4646.498075224173,-3.6826982956483443,-26.85981264994592,6,0.7
4678.817025174842,-3.6405245292468424,-27.318090676643287,6,0.7
4711.360771199674,-3.5980513127219838,-27.784476686474992,6,0.7
4744.130876879015,-3.5552875238647674,-28.259187293559307,6,0.7
4777.128916668773,-3.5123173130060574,-28.74303224981753,6,0.7
4810.356475976061,-3.4691940886751613,-29.236543279343852,6,0.7
4843.815151235375,-3.425821063226574,-29.739076027979014,6,0.7
4877.506549985286,-3.3821723864110886,-30.250570503236933,6,0.7
4911.432290945683,-3.3383813921505534,-30.77216410408675,6,0.7
4945.594004095541,-3.294345996168437,-31.303211666072258,6,0.7
4979.9933307512365,-3.250291392542988,-31.845471718713373,6,0.7
5014.631923645403,-3.206033199972998,-32.39770284227481,6,0.7
5049.511447006339,-3.161808808888122,-32.961683479768524,6,0.7
5084.633576637967,-3.1173841934621422,-33.53586539420666,6,0.7
5120.000000000346,-3.072824457799655,-34.12082080106813,6,0.7
5155.612416290749,-3.0283866328130022,-34.718353566220344,6,0.7
5191.4725365253,-2.983968855538437,-35.32783135736083,6,0.7
5227.582083621183,-2.9393627385733785,-35.9480037203207,6,0.7
5263.942792479418,-2.895085923116687,-36.5822235997395,6,0.7
5300.556410068212,-2.8507881105830224,-37.22832447091677,6,0.7
5337.424695506905,-2.80670885145178,-37.88782370474821,6,0.7
5374.54942015047,-2.7628434919475566,-38.560703470573635,6,0.7
5411.932367674636,-2.719024101221067,-39.246025567583146,6,0.7
5449.575334161574,-2.675563462036509,-39.94561418728301,6,0.7
5487.480128186196,-2.632575246366018,-40.660059175280594,6,0.7
5525.648570903045,-2.5898365988731498,-41.388114751242576,6,0.7
5564.082496133798,-2.54733884647612,-42.129764017816505,6,0.7
5602.78375045537,-2.5055506678638872,-42.88740913359595,6,0.7
5641.754193288633,-2.464306353898549,-43.66010105043243,6,0.7
5680.995696987757,-2.4237360279487334,-44.44839943529337,6,0.7
5720.51014693016,-2.3836602397247875,-45.251364294783784,6,0.7
5760.2994416071,-2.344662440303816,-46.071608652555966,6,0.7
5800.365492714889,-2.306178344929452,-46.90640921878916,6,0.7
5840.710225246731,-2.268879804198267,-47.75861508079951,6,0.7
5881.335577585225,-2.232386945247647,-48.62638995177587,6,0.7
5922.243501595481,-2.197200497536248,-49.5116285648187,6,0.7
5963.435962718906,-2.163140712047627,-50.41334221414162,6,0.7
6004.914940067636,-2.130302190523197,-51.33167298251064,6,0.7
6046.682426519615,-2.098932178409726,-52.26727461899738,6,0.7
6088.740428814354,-2.0688377044177013,-53.219155603599035,6,0.7
6131.090967649341,-2.040656467458129,-54.18920972415526,6,0.7
6173.736077777122,-2.013968076141717,-55.17561733248295,6,0.7
6216.6778081030725,-1.9891961626167154,-56.17938533914872,6,0.7
6259.918221783827,-1.9665451994798104,-57.200664948063604,6,0.7
6303.4593963264115,-1.9457317262685103,-58.238146681462354,6,0.7
6347.303423688055,-1.926951482935146,-59.291964114757675,6,0.7
6391.4524103767,-1.9108337929987351,-60.363255653898655,6,0.7
6435.9084775522115,-1.8970018473848607,-61.450427828178604,6,0.7
6480.673761128287,-1.885751220972535,-62.553622724620226,6,0.7
6525.750411875079,-1.87685384269075,-63.6717271809446,6,0.7
6571.140595522531,-1.8712344990919147,-64.80605257518678,6,0.7
6616.846492864425,-1.8683979916381375,-65.9547991378267,6,0.7
6662.870299863169,-1.8684622729394371,-67.11749977021947,6,0.7
6709.214227755292,-1.8717301497973728,-68.2939271552994,6,0.7
6755.880503157695,-1.8784152277420643,-69.48357317638693,6,0.7
6802.871368174619,-1.8885401706903688,-70.68557758575399,6,0.7
6850.189080505378,-1.902022946975678,-71.89895880179198,6,0.7
6897.835913552822,-1.919157198676079,-73.12317435327718,6,0.7
6945.814156532571,-1.9399438740056834,-74.35727251522677,6,0.7
6994.126114583001,-1.9642760805543291,-75.60023112959709,6,0.7
7042.774108875988,-1.9930223835327605,-76.85168024689342,6,0.7
7091.760476728439,-2.02537280615172,-78.11000194640175,6,0.7
7141.087571714584,-2.0618858814123193,-79.37447336585981,6,0.7
7190.757763779057,-2.1023194799191143,-80.64392093186902,6,0.7
7240.773439350762,-2.1466183801824723,-81.9173175281025,6,0.7
7291.137001457528,-2.1956179943634133,-83.19357557018019,6,0.7
7341.850869841561,-2.248443079702006,-84.47155747503612,6,0.7
7392.917481075709,-2.3054074275170673,-85.75015788957298,6,0.7
7444.339288680522,-2.3666137855769964,-87.02820276731013,6,0.7
7496.118763242139,-2.432053372975661,-88.30453023112554,6,0.7
7548.258392530979,-2.5015078157605575,-89.57814852262756,6,0.7
7600.760681621277,-2.5751458413580424,-90.84781148619172,6,0.7
7653.628153011434,-2.652729544609188,-92.11261608272376,6,0.7
7706.863346745218,-2.7343079270115496,-93.3714273572719,6,0.7
7760.468820533797,-2.8204016190872725,-94.6224133975819,6,0.7
7814.447149878626,-2.909872297551531,-95.86597781073587,6,0.7
7868.800928195191,-3.003129684557568,-97.10056436719896,6,0.7
7923.532766937609,-3.1003707286616784,-98.3247525779138,6,0.7
7978.645295724095,-3.2008422111632804,-99.53886516029688,6,0.7
8034.141162463309,-3.305009565113106,-100.74106354300683,6,0.7
8090.023033481568,-3.4125797530957076,-101.93093706715152,6,0.7
8146.293593650958,-3.523532688703042,-103.10756861050334,6,0.7
8202.955546518326,-3.6373968563052737,-104.27118815507217,6,0.7
8260.011614435174,-3.7546765276825624,-105.41964129476271,6,0.7
8317.464538688457,-3.8748067017526138,-106.55350761127397,6,0.7
8375.317079632288,-3.9977536580063635,-107.67208386066375,6,0.7
8433.572016820564,-4.123227619735151,-108.77547240676083,6,0.7
8492.232149140504,-4.251358125241246,-109.86254253268731,6,0.7
8551.300294947127,-4.382097206248951,-110.93267720064068,6,0.7
8610.779292198666,-4.514997071793302,-111.98670547484984,6,0.7
8670.671998592914,-4.650176099905462,-113.02358047624809,6,0.7
8730.981291704516,-4.787280882108209,-114.04400326631185,6,0.7
8791.710069123244,-4.92642458042964,-115.04697708395553,6,0.7
8852.86124859319,-5.067485924979424,-116.03240171248403,6,0.7
8914.437768152968,-5.21020305810878,-117.0008423400393,6,0.7
8976.44258627686,-5.354468980476974,-117.95230591814972,6,0.7
9038.878682016972,-5.5003171606687715,-118.88619149594291,6,0.7
9101.74905514635,-5.6475710624926165,-119.80286969151815,6,0.7
9165.056726303115,-5.796129224272009,-120.70242861237925,6,0.7
9228.804737135582,-5.945700589868823,-121.58597174677382,6,0.7
9292.996150448414,-6.0966445691446385,-122.45133625031086,6,0.7
9357.634050349754,-6.248422677628178,-123.30099384652377,6,0.7
9422.721542399418,-6.4011413357611735,-124.13413464164584,6,0.7
9488.261753758103,-6.554953138840521,-124.94960356098505,6,0.7
9554.257833337617,-6.709072029360719,-125.75166699670598,6,0.7
9620.712951952195,-6.864185544551966,-126.53615575672923,6,0.7
9687.630302470823,-7.019872387555375,-127.3053385505172,6,0.7
9755.013099970645,-7.176175593729516,-128.05878179367102,6,0.7
9822.864581891441,-7.33276422294545,-128.79845153888607,6,0.7
9891.188008191157,-7.490001851485707,-129.52187427088026,6,0.7
9959.98666150255,-7.647565543920236,-130.23102924646307,6,0.7
10029.26384729088,-7.805208356592751,-130.9275590433491,6,0.7
10099.022894012754,-7.963325943378136,-131.60865733727783,6,0.7
10169.26715327601,-8.12176260208967,-132.27528948352315,6,0.7
10240.000000000768,-8.280146811481329,-132.9301250110584,6,0.7
10311.224832581574,-8.438718906329425,-133.57139288729823,6,0.7
10382.945073050678,-8.597391725003579,-134.19971377904636,6,0.7
10455.164167242447,-8.7560423776368,-134.81604221603754,6,0.7
10527.885584958914,-8.91476581917565,-135.41963714343478,6,0.7
10601.112820136505,-9.073566390050367,-136.0104406247927,6,0.7
10674.849391013888,-9.232169910911995,-136.5907388695553,6,0.7
10749.098840301021,-9.390829339153443,-137.1584534000505,6,0.7
10823.864735349352,-9.549245190836194,-137.71618287534363,6,0.7
10899.15066832323,-9.707661313804763,-138.2618613570744,6,0.7
10974.960256372473,-9.865866447146297,-138.797401898465,6,0.7
11051.297141806172,-10.023808900962091,-139.32337424560097,6,0.7
11128.16499226768,-10.18171678602558,-139.83773859818837,6,0.7
11205.567500910824,-10.339360330405242,-140.34269786622477,6,0.7
11283.508386577352,-10.496694368716541,-140.83880153916272,6,0.7
11361.991393975597,-10.65390249056928,-141.32435302686753,6,0.7
11441.020293860403,-10.81077537756467,-141.801501919238,6,0.7
11520.598883214287,-10.96739817987781,-142.26951018345716,6,0.7
11600.730985429864,-11.12378862842152,-142.72828471469,6,0.7
11681.420450493551,-11.27987499669494,-143.17866856122353,6,0.7
11762.671155170538,-11.43564918284633,-143.62086560274247,6,0.7
11844.48700319105,-11.591159893082839,-144.0544612157525,6,0.7
11926.871925437901,-11.746287505532901,-144.4808804199146,6,0.7
12009.82988013536,-11.901163787844535,-144.89878708464818,6,0.7
12093.36485303932,-12.055699930540333,-145.3092855736446,6,0.7
12177.4808576288,-12.2098405547535,-145.71315148766016,6,0.7
12262.181935298773,-12.363760512794922,-146.10847479708494,6,0.7
12347.472155554336,-12.517179311357383,-146.4986895389731,6,0.7
12433.355616206238,-12.670367411713318,-146.8807145663926,6,0.7
12519.836443567749,-12.823174371888147,-147.25647996182795,6,0.7
12606.918792652916,-12.975691828577782,-147.6249870802567,6,0.7
12694.606847376202,-13.127802155001692,-147.98783292345564,6,0.7
12782.904820753494,-13.27961727557581,-148.34373860191002,6,0.7
12871.816955104521,-13.430960944419326,-148.6951126429197,6,0.7
12961.347522256672,-13.582029176597331,-149.03955673562814,6,0.7
13051.500823750257,-13.732775758114483,-149.3777857951728,6,0.7
13142.28119104516,-13.883118260169038,-149.711041489449,6,0.7
13233.69298572895,-14.03311933683796,-150.0386239171204,6,0.7
13325.740599726436,-14.182778937431067,-150.36066474658088,6,0.7
13418.428455510686,-14.332059524842533,-150.67782721876563,6,0.7
13511.761006315492,-14.481037936583922,-150.98916151068258,6,0.7
13605.74273634934,-14.629658234051933,-151.29559164020532,6,0.7
13700.378161010858,-14.777887038644097,-151.59775159647143,6,0.7
13795.671827105747,-14.925728792292682,-151.8957372892764,6,0.7
13891.628313065248,-15.073324134235946,-152.18758614899454,6,0.7
13988.252229166108,-15.220552540845082,-152.4752225082903,6,0.7
14085.548217752083,-15.367401390485062,-152.75899260212023,6,0.7
14183.520953456982,-15.513939470494506,-153.0379780936375,6,0.7
14282.175143429275,-15.660136311587715,-153.3127829547814,6,0.7
14381.515527558222,-15.806025621482329,-153.58300552317914,6,0.7
14481.546878701633,-15.951533280684986,-153.84997018469232,6,0.7
14582.274002915165,-16.096783262112208,-154.11180443503113,6,0.7
14683.70173968323,-16.24160065218738,-154.371510132011,6,0.7
14785.834962151528,-16.386179198382987,-154.62602491864965,6,0.7
14888.678577361155,-16.53044755132536,-154.87664746970665,6,0.7
14992.23752648439,-16.674353713181553,-155.12440011216307,6,0.7
15096.516785062071,-16.817970361722175,-155.36817656301037,6,0.7
15201.521363242668,-16.961299335471725,-155.60806166468342,6,0.7
15307.256306022984,-17.10427826456011,-155.84528325662635,6,0.7
15413.726693490553,-17.247001174229737,-156.07830363538935,6,0.7
15520.93764106771,-17.389344913218313,-156.30946561441985,6,0.7
15628.894299757369,-17.53148716979434,-156.5356733549412,6,0.7
15737.6018563905,-17.673271092367276,-156.75991582397037,6,0.7
15847.065533875337,-17.814797073432295,-156.9804695038312,6,0.7
15957.29059144831,-17.956032248120255,-157.19806519391807,6,0.7
16068.282324926739,-18.09695766492665,-157.41319418086954,6,0.7
16180.046066963258,-18.23762224415789,-157.6250454877184,6,0.7
16292.587187302037,-18.377984930133184,-157.8345362750991,6,0.7
16405.911093036775,-18.51809293211125,-158.0408667796665,6,0.7
16520.023228870472,-18.657969382496283,-158.2436820173945,6,0.7
16634.92907737704,-18.797533552859612,-158.444714105803,6,0.7
16750.634159264704,-18.93683139034591,-158.64316962310033,6,0.7
16867.144033641256,-19.07588604585446,-158.8386893328835,6,0.7
16984.464298281135,-19.214661110198524,-159.03214084098602,6,0.7
17102.600589894384,-19.353199067725885,-159.2227574668808,6,0.7
17221.558584397462,-19.491483568640984,-159.41099276613855,6,0.7
17341.343997185955,-19.62951796130276,-159.59689090274915,6,0.7
17461.962583409164,-19.76732356424512,-159.78010300984477,6,0.7
17583.42013824662,-19.90486734772475,-159.9614581104633,6,0.7
17705.72249718651,-20.04218825989,-160.14021641954938,6,0.7
17828.875536306066,-20.179245980022593,-160.31738345290978,6,0.7
17952.885172553855,-20.316112071039647,-160.49146659868478,6,0.7
18077.75736403408,-20.452713447389126,-160.6642203892472,6,0.7
18203.498110292836,-20.58911157464764,-160.83435699009115,6,0.7
18330.113452606365,-20.725268592886792,-161.0028518733323,6,0.7
18457.609474271307,-20.861235211926548,-161.16862934456452,6,0.7
18585.99230089697,-20.99695155786584,-161.3331990452411,6,0.7
18715.26810069965,-21.13245990934545,-161.49567327805428,6,0.7
18845.44308479898,-21.267770242554263,-161.65590993806086,6,0.7
18976.523507516347,-21.402848405022915,-161.814838880661,6,0.7
19108.51566667538,-21.537741300871343,-161.97141995776906,6,0.7
19241.425903904536,-21.67244367539668,-162.12587143699824,6,0.7
19375.260604941792,-21.80690249500721,-162.27962043443895,6,0.7
19510.026199941436,-21.94119728425975,-162.43077640490108,6,0.7
19645.729163783028,-22.075289094635366,-162.5804136802578,6,0.7
19782.376016382463,-22.20918757700265,-162.72838638884895,6,0.7
19919.973323005244,-22.34290188755647,-162.87455347781338,6,0.7
20058.527694581913,-22.476421730342654,-163.01927913820782,6,0.7
20198.045788025658,-22.609768742888782,-163.16208871324173,6,0.7
20338.53430655217,-22.742926567950413,-163.3035080334632,6,0.7
20480.00000000169,-22.875898109488592,-163.44355791314666,6,0.7
20622.4496651633,-23.008703955976024,-163.58177376494686,6,0.7
20765.890146101516,-23.141328594075418,-163.71866801630998,6,0.7
20910.32833448505,-23.273791950014097,-163.85378265476157,6,0.7
21055.771169917985,-23.40607343099244,-163.98777925358658,6,0.7
21202.22564027317,-23.53820365523803,-164.11988932953145,6,0.7
21349.698782027936,-23.670146151160477,-164.25123338828823,6,0.7
21498.197680602203,-23.80193643004723,-164.38089283077454,6,0.7
21647.72947069887,-23.93357102480294,-164.50904863971385,6,0.7
21798.301336646622,-24.065041634929187,-164.6360282526377,6,0.7
21949.920512745113,-24.196366034849447,-164.76139610137017,6,0.7
22102.59428361251,-24.327510957783012,-164.88622473428438,6,0.7
22256.32998453553,-24.45852410512178,-165.00918116998722,6,0.7
22411.135001821818,-24.589401832451063,-165.13044505666167,6,0.7
22567.01677315487,-24.720121781725865,-165.250774828815,6,0.7
22723.98278795137,-24.850695908334487,-165.36989172745706,6,0.7
22882.04058772098,-24.981117090919753,-165.48810068703673,6,0.7
23041.197766428744,-25.111405960487573,-165.60484159197017,6,0.7
23201.4619708599,-25.241555184994304,-165.72042091273477,6,0.7
23362.840900987278,-25.371557995033513,-165.83513595225136,6,0.7
23525.342310341253,-25.50144267802302,-165.9481600855277,6,0.7
23688.974006382276,-25.63118486517348,-166.06035176582694,6,0.7
23853.743850875984,-25.760786889889967,-166.17172001588688,6,0.7
24019.6597602709,-25.89028392993592,-166.2811841491421,6,0.7
24186.729706078822,-26.0196321618908,-166.3902644382039,6,0.7
24354.96171525778,-26.1488622683955,-166.49802102640794,6,0.7
24524.363870597732,-26.277967840688813,-166.604740532028,6,0.7
24694.944311108862,-26.406950665641283,-166.71043691847493,6,0.7
24866.711232412665,-26.535812504292593,-166.81512388001218,6,0.7
25039.672887135683,-26.664558826370815,-166.91868477254354,6,0.7
25213.837585306024,-26.79317646457505,-167.02165208513154,6,0.7
25389.213694752598,-26.921692949774506,-167.12313314424046,6,0.7
25565.809641507185,-27.050091452296428,-167.22378801729198,6,0.7
25743.63391020923,-27.178377287188997,-167.32350003054114,6,0.7
25922.695044513537,-27.30654862084414,-167.42240658443524,6,0.7
26103.00164750071,-27.434603812201033,-167.5206410663845,6,0.7
26284.562382090517,-27.562578170280254,-167.6169762312563,6,0.7
26467.385971458098,-27.69042262642541,-167.71328207548345,6,0.7
26651.481199453076,-27.818175423849794,-167.80821407274152,6,0.7
26836.856911021572,-27.945815132018204,-167.90263830931693,6,0.7
27023.522012631187,-28.073353097947358,-167.99619845054835,6,0.7
27211.485472698885,-28.200796956493367,-168.08866763803877,6,0.7
27400.75632202192,-28.328141766930184,-168.18029743422863,6,0.7
27591.3436542117,-28.455388944003793,-168.27109804831326,6,0.7
27783.256626130707,-28.582545779620496,-168.36084724128094,6,0.7
27976.504458332423,-28.709595946173998,-168.4502514916442,6,0.7
28171.096435504372,-28.8365527697592,-168.53885241512796,6,0.7
28367.04190691418,-28.963431646739398,-168.6260916743169,6,0.7
28564.35028685876,-29.090208270332027,-168.7130052125394,6,0.7
28763.031055116662,-29.21690353367523,-168.79880863259794,6,0.7
28963.093757403483,-29.343504848753575,-168.8840727955367,6,0.7
29164.548005830547,-29.47001364875771,-168.96880042520024,6,0.7
29367.403479366687,-29.596446926741592,-169.0523373032527,6,0.7
29571.669924303278,-29.722792352333936,-169.13524170517763,6,0.7
29777.35715472254,-29.849048260406153,-169.2176225247962,6,0.7
29984.475052969006,-29.975227520578592,-169.29893989356796,6,0.7
30193.03357012437,-30.10132114150394,-169.37951155503367,6,0.7
30403.042726485564,-30.227322961851627,-169.45931506879688,6,0.7
30614.512612046197,-30.353197087292706,-169.53874679604823,6,0.7
30827.45338698134,-30.47886884063477,-169.61773973523097,6,0.7
31041.875282135654,-30.604690995763278,-169.69769363597018,6,0.7
31257.788599514974,-30.730579493555425,-169.77495065114607,6,0.7
31475.203712781236,-30.856277090275775,-169.8510736101385,6,0.7
31694.13106775091,-30.98185864101128,-169.9270577140625,6,0.7
31914.581182896858,-31.1073577144032,-170.00246189371296,6,0.7
32136.564649853717,-31.23279021377136,-170.07686629873677,6,0.7
32360.09213392676,-31.358142072265384,-170.15106006247558,6,0.7
32585.17437460432,-31.483430081636435,-170.224347952844,6,0.7
32811.8221860738,-31.60864513702681,-170.297224283356,6,0.7
33040.04645774119,-31.733794647918835,-170.36939922433095,6,0.7
33269.85815475433,-31.858881581768937,-170.44078390240108,6,0.7
33501.26831852966,-31.9838911416107,-170.51214807682865,6,0.7
33734.28806728276,-32.10884985143788,-170.58225825905683,6,0.7
33968.928596562524,-32.23373718857025,-170.65216487264723,6,0.7
34205.20117978902,-32.358563757449595,-170.72140055053748,6,0.7
34443.11716879519,-32.48333221644978,-170.7898808142515,6,0.7
34682.68799437217,-32.60803603463189,-170.85798193899132,6,0.7
34923.92516681859,-32.73268339163256,-170.92534179429137,6,0.7
35166.8402764935,-32.857264425077204,-170.99251178272723,6,0.7
35411.44499437329,-32.98179069593109,-171.05895180246372,6,0.7
35657.7510726124,-33.106259460843816,-171.1248493257906,6,0.7
35905.77034510798,-33.23067153666261,-171.1902098531421,6,0.7
36155.51472806843,-33.35503270297122,-171.2547757288155,6,0.7
36406.99622058595,-33.47933536300055,-171.3189933483627,6,0.7
36660.22690521301,-33.603585274968786,-171.382604890659,6,0.7
36915.21894854289,-33.72777837952563,-171.44587486013083,6,0.7
37171.98460179422,-33.85192182866699,-171.50846393452358,6,0.7
37430.53620139958,-33.976010071522495,-171.57071916976398,6,0.7
37690.88616959824,-34.100050051753044,-171.63230607866208,6,0.7
37953.04701503298,-34.22403338977295,-171.69373334766027,6,0.7
38217.03133335104,-34.34797285209563,-171.75433665556113,6,0.7
38482.85180780936,-34.47186307533277,-171.81445662129568,6,0.7
38750.521209883875,-34.59570475574978,-171.87409798293254,6,0.7
39020.05239988316,-34.719498579522366,-171.93326541582965,6,0.7
39291.458327566346,-34.843243833665916,-171.99204391729063,6,0.7
39564.752032765224,-34.966943983339874,-172.05027669291766,6,0.7
39839.94664601079,-35.09059692655036,-172.10812843314488,6,0.7
40117.05538916413,-35.21420602838748,-172.16544454031205,6,0.7
40396.09157605162,-35.33777055789196,-172.22230919489354,6,0.7
40677.068613104646,-35.46129372608555,-172.2785716479369,6,0.7
40960.00000000368,-35.58476586146269,-172.33485531738106,6,0.7
41244.899330326916,-35.70820295545261,-172.39023734772218,6,0.7
41531.78029220334,-35.831592922483885,-172.445490571411,6,0.7
41820.65666897041,-35.95494387923385,-172.5001605432863,6,0.7
42111.54233983629,-36.07825630317581,-172.55425457588092,6,0.7
42404.45128054665,-36.20152475245718,-172.6081511584239,6,0.7
42699.3975640562,-36.32475461364143,-172.66155453010384,6,0.7
42996.39536120473,-36.44794639544877,-172.71447018179006,6,0.7
43295.458941398065,-36.57109720315381,-172.767121548451,6,0.7
43596.60267329357,-36.69421325949828,-172.81914853486063,6,0.7
43899.84102549055,-36.817290555631686,-172.87084609383297,6,0.7
44205.18856722535,-36.94032966908884,-172.92221637112684,6,0.7
44512.659969071385,-37.0633322368768,-172.97319087328657,6,0.7
44822.27000364397,-37.186298772534585,-173.02377321480503,6,0.7
45134.033546310086,-37.30922978225579,-173.07396696584146,6,0.7
45447.96557590307,-37.43212781105386,-173.12363742079458,6,0.7
45764.081175442305,-37.55498721256795,-173.17320276111147,6,0.7
46082.39553285784,-37.677814609771545,-173.22225173167828,6,0.7
46402.92394172015,-37.80061235287773,-173.27065536946643,6,0.7
46725.681801974904,-37.92337205434973,-173.31902732153583,6,0.7
47050.68462068286,-38.04610200239696,-173.3668301792461,6,0.7
47377.94801276491,-38.16879877900365,-173.41433636415601,6,0.7
47707.487701752325,-38.29146472620363,-173.46141619692148,6,0.7
48039.319520542165,-38.41409842669828,-173.50820482665296,6,0.7
48373.45941215801,-38.536700359138216,-173.55470400783437,6,0.7
48709.923430515926,-38.659273651575916,-173.6007224227561,6,0.7
49048.72774119583,-38.781815162267016,-173.6465214883427,6,0.7
49389.888622218095,-38.90433055005835,-173.69172087160914,6,0.7
49733.4224648257,-39.02681244745127,-173.73689592138476,6,0.7
50000.0,-39.12125744039181,-173.7713587521109,6,0.7
10.0,-5.969274405863816,-0.2647509655015114,7,0.8
10.069555500567189,-5.969426968177329,-0.2662637616041299,7,0.8
10.139594797900294,-5.969560353996288,-0.26777823774781956,7,0.8
10.210121257071936,-5.969708175943168,-0.26929906236556334,7,0.8
10.281138266560667,-5.969857009232271,-0.27082428181596374,7,0.8
10.352649238413779,-5.97001022827493,-0.2723543168529103,7,0.8
10.424657608411218,-5.9701510500285595,-0.27388666248975707,7,0.8
10.497166836230678,-5.970299647500122,-0.27542416744694803,7,0.8
10.57018040561381,-5.970462754768207,-0.27696777660365973,7,0.8
10.643701824533608,-5.970610152216498,-0.2785129578064917,7,0.8
10.71773462536294,-5.970775449985149,-0.2800646244394308,7,0.8
10.792282365044281,-5.970938507664193,-0.28161971048376516,7,0.8
10.867348625260592,-5.971099341817469,-0.28317812919000335,7,0.8
10.942937012607405,-5.971257969251209,-0.28473979212047523,7,0.8
11.019051158766118,-5.971424484409723,-0.28630616554870186,7,0.8
11.095694720678463,-5.971582108722568,-0.2878745786905791,7,0.8
11.172871380722214,-5.971744296155736,-0.28944702095070446,7,0.8
11.250584846888108,-5.971924500107814,-0.2910255407992542,7,0.8
11.328838852958,-5.972085789550114,-0.29260423661391133,7,0.8
11.407637158684253,-5.972258413346978,-0.29418779348251844,7,0.8
11.486983549970367,-5.972432313083292,-0.295774532897986,7,0.8
11.566881839052892,-5.972614224900187,-0.29736545684733967,7,0.8
11.647335864684578,-5.972787374186748,-0.29895774954586435,7,0.8
11.728349492318808,-5.9729719322925146,-0.3005546049383401,7,0.8
11.809926614295325,-5.973147767097552,-0.3021526187046448,7,0.8
11.892071150027233,-5.973328332959334,-0.3037539061641136,7,0.8
11.97478704618931,-5.973520366419116,-0.3053595142764712,7,0.8
12.05807827690763,-5.973707095819835,-0.3069665315444889,7,0.8
12.141948843950495,-5.97390197534005,-0.30857713004334225,7,0.8
12.226402776920713,-5.974081518325494,-0.3101871850182505,7,0.8
12.31144413344919,-5.974275970255879,-0.31180177381071544,7,0.8
12.397076999389895,-5.974465203794041,-0.3134173219115764,7,0.8
12.48330548901615,-5.974672747061608,-0.3150378359021254,7,0.8
12.570133745218314,-5.974861684402488,-0.31665672356386704,7,0.8
12.657565939702833,-5.975065618190948,-0.3182797964112288,7,0.8
12.745606273192656,-5.975271139498929,-0.31990458032931846,7,0.8
12.834258975629076,-5.975471556279302,-0.3215297471384196,7,0.8
12.923528306374958,-5.975673608018668,-0.3231563838846739,7,0.8
13.013418554419374,-5.975884033678059,-0.32478561180509763,7,0.8
13.10393403858367,-5.976096142360002,-0.3264160987676109,7,0.8
13.195079107728983,-5.976296529200441,-0.3280452220847509,7,0.8
13.286858140965156,-5.976512078894547,-0.3296778588940222,7,0.8
13.379275547861162,-5.9767260297566445,-0.33131076642923957,7,0.8
13.472335768656947,-5.97694512236223,-0.33294509184504395,7,0.8
13.566043274476765,-5.9771660254363415,-0.3345800829050262,7,0.8
13.660402567544,-5.977382051678451,-0.33621431754130654,7,0.8
13.755418181397484,-5.97760665639658,-0.3378502627401079,7,0.8
13.851094681109295,-5.977839866558985,-0.33948782281784684,7,0.8
13.947436663504105,-5.978054855329886,-0.341121586393216,7,0.8
14.044448757380025,-5.978285219290321,-0.34275803211391664,7,0.8
14.142135623731003,-5.978517559740277,-0.3443943944890221,7,0.8
14.240501955970773,-5.978751905775469,-0.34603054526290494,7,0.8
14.33955248015833,-5.978978217526009,-0.3476643027824694,7,0.8
14.439291955225018,-5.979216664089446,-0.34929962696645656,7,0.8
14.539725173203164,-5.979460562314208,-0.35093504383574675,7,0.8
14.640856959456315,-5.979699874253434,-0.35256833896780204,7,0.8
14.742692172911074,-5.979944700094641,-0.35420146301291655,7,0.8
14.845235706290554,-5.980185003314471,-0.35583216921416844,7,0.8
14.94849248634945,-5.980430884312556,-0.3574624376913746,7,0.8
15.05246747411074,-5.980675663886749,-0.3590907093690801,7,0.8
15.15716566510405,-5.980926087034591,-0.36071828484924706,7,0.8
15.26259208960566,-5.981175475760644,-0.3623435829659331,7,0.8
15.368751812880195,-5.981430575790709,-0.3639679247718567,7,0.8
15.475649935423972,-5.981691421297222,-0.3655911906298269,7,0.8
15.58329159321007,-5.981947980988113,-0.36721101880281865,7,0.8
15.69168195793509,-5.98221035706665,-0.3688294985056594,7,0.8
15.800826237267621,-5.98247187506008,-0.3704449928802223,7,0.8
15.910729675098453,-5.982735926895551,-0.37205811254887716,7,0.8
16.02139755179252,-5.98299919486024,-0.37366795097571287,7,0.8
16.13283518444261,-5.983271781999667,-0.3752766807269146,7,0.8
16.245047927124794,-5.983526886936556,-0.37687794972443794,7,0.8
16.358041171155712,-5.983811517183323,-0.3784825357657682,7,0.8
16.471820345351553,-5.984075389738708,-0.38007854904012955,7,0.8
16.586390916288924,-5.984355447125475,-0.3816745169306028,7,0.8
16.70175838856748,-5.984634956156358,-0.38326635112408364,7,0.8
16.817928305074386,-5.984910604019622,-0.3848530879843223,7,0.8
16.93490624725064,-5.985189141752761,-0.38643619024807707,7,0.8
17.052697835359233,-5.985467257339349,-0.38801470091334633,7,0.8
17.17130872875518,-5.985758410532526,-0.3895917839483857,7,0.8
17.290744626157405,-5.986035812105264,-0.39116068106738144,7,0.8
17.411011265922586,-5.986336400692338,-0.3927304223544769,7,0.8
17.53211442632081,-5.986619973665837,-0.3942908179004835,7,0.8
17.654059925813208,-5.986910054265783,-0.3958476022805417,7,0.8
17.776853623331515,-5.987213395615241,-0.3974023862419374,7,0.8
17.900501418559564,-5.9875032155545735,-0.3989481658995527,7,0.8
18.02500925221672,-5.987803036855457,-0.40049083088822596,7,0.8
18.150383106343334,-5.988102847340438,-0.40202765588236883,7,0.8
18.27662900458813,-5.988406049132844,-0.4035593841194817,7,0.8
18.403753012497624,-5.988705985752415,-0.405084107753665,7,0.8
18.53176123780754,-5.989012767045661,-0.4066043654173778,7,0.8
18.660659830736275,-5.989316384902007,-0.40811733948387685,7,0.8
18.790454984280366,-5.9896303028106415,-0.4096265252213666,7,0.8
18.921152934512047,-5.989931103899281,-0.41112540872549924,7,0.8
19.05275996087888,-5.990255720817555,-0.4126239698735587,7,0.8
19.18528238650542,-5.990563976624445,-0.4141110165277667,7,0.8
19.31872657849705,-5.990882746184811,-0.4155938415442117,7,0.8
19.453098948245852,-5.991198675593996,-0.41706858928339074,7,0.8
19.588405951738682,-5.991511821823617,-0.41853511352726147,7,0.8
19.72465408986733,-5.991832298257816,-0.4199961565467095,7,0.8
19.861849908740865,-5.9921601625645575,-0.42145164114591166,7,0.8
20.00000000000015,-5.992478714064163,-0.4228966099813162,7,0.8
20.13911100113453,-5.992798068541685,-0.4243338343156839,7,0.8
20.279189595800737,-5.993135044324419,-0.4257681586237926,7,0.8
20.42024251414402,-5.993449484011918,-0.42718759876946283,7,0.8
20.56227653312149,-5.993781668057634,-0.42860396747426766,7,0.8
20.70529847682771,-5.994118252966282,-0.4300132184683627,7,0.8
20.849315216822593,-5.994445898352428,-0.4314111883413918,7,0.8
20.994333672461515,-5.994781424725919,-0.4328028575161051,7,0.8
21.14036081122778,-5.995121546567339,-0.434187141677548,7,0.8
21.28740364906737,-5.995449576441263,-0.4355587503291633,7,0.8
21.43546925072604,-5.99579238841206,-0.43692592415978954,7,0.8
21.584564730088722,-5.996129946517852,-0.43828231155415115,7,0.8
21.734697250521346,-5.996465671436843,-0.439628854460484,7,0.8
21.885874025214974,-5.996802984333262,-0.44096653020984905,7,0.8
22.038102317532406,-5.997155356970549,-0.4422996065196815,7,0.8
22.191389441357092,-5.997499410414383,-0.44362046384157755,7,0.8
22.345742761444598,-5.9978452687090265,-0.4449322693547186,7,0.8
22.501169693776383,-5.998189656364094,-0.44623385521035874,7,0.8
22.657677705916175,-5.998535998998077,-0.44752626021545033,7,0.8
22.815274317368676,-5.998884372833921,-0.4488094348478949,7,0.8
22.973967099940907,-5.999231506120179,-0.45008219945802247,7,0.8
23.13376367810596,-5.999594224010077,-0.451350205034744,7,0.8
23.29467172936933,-5.999945811432665,-0.452604303952626,7,0.8
23.456698984637793,-6.000283001228686,-0.4538432015986546,7,0.8
23.619853228590827,-6.000646064367363,-0.4550807745670476,7,0.8
23.784142300054643,-6.001001592813856,-0.45630540455016005,7,0.8
23.949574092378796,-6.0013563692088745,-0.45751937149115923,7,0.8
24.11615655381544,-6.0017104789046085,-0.45872263901446486,7,0.8
24.28389768790117,-6.002064008396303,-0.45991517586584685,7,0.8
24.452805553841607,-6.002423742292718,-0.4610993845933448,7,0.8
24.622888266898567,-6.002783072279527,-0.46227285260041123,7,0.8
24.794153998779972,-6.003148784522495,-0.46343803047306864,7,0.8
24.966610978032485,-6.00350757797958,-0.46458999656934186,7,0.8
25.140267490436816,-6.003866241373201,-0.46573119411983954,7,0.8
25.315131879405854,-6.004224868659912,-0.4668616250807121,7,0.8
25.4912125463855,-6.00459359749292,-0.46798510855759445,7,0.8
25.668517951258348,-6.004949090680566,-0.4690927843734308,7,0.8
25.847056612750112,-6.00531487880672,-0.47019358477417683,7,0.8
26.026837108838944,-6.0056810178285644,-0.4712837246424794,7,0.8
26.20786807716754,-6.006047607866973,-0.47236323635235417,7,0.8
26.390158215458165,-6.006418097225323,-0.47343347777383915,7,0.8
26.573716281930512,-6.006775854304777,-0.47448787781842533,7,0.8
26.758551095722524,-6.007144411641658,-0.47553574229523,7,0.8
26.944671537314093,-6.00750714064368,-0.47657047271815073,7,0.8
27.13208654895373,-6.007887574119234,-0.47760158962543847,7,0.8
27.320805135088207,-6.008242316205558,-0.4786115095746047,7,0.8
27.510836362795175,-6.008611634122145,-0.4796166256001341,7,0.8
27.7021893622188,-6.00898559921898,-0.48061297466974473,7,0.8
27.89487332700842,-6.009344247764819,-0.48159227266503096,7,0.8
28.088897514760255,-6.009707770963841,-0.4825629303300223,7,0.8
28.284271247462218,-6.010076283884535,-0.48352508448854126,7,0.8
28.48100391194176,-6.0104465575891854,-0.4844774463303329,7,0.8
28.679104960316874,-6.010815365156558,-0.48541869139972826,7,0.8
28.878583910450253,-6.011186172414248,-0.4863503689228586,7,0.8
29.079450346406546,-6.011549065319511,-0.48726821490049765,7,0.8
29.28171391891285,-6.011914203444371,-0.48817670248836065,7,0.8
29.485384345822368,-6.012285056812686,-0.4890774683214794,7,0.8
29.690471412581335,-6.012655061664891,-0.4899677030115771,7,0.8
29.896984972699123,-6.013021001705631,-0.49084602550968165,7,0.8
30.104934948221704,-6.013393041260425,-0.49171710555625786,7,0.8
30.314331330208326,-6.013747899879476,-0.49257041952979935,7,0.8
30.52518417921155,-6.014125845375697,-0.49342449050357734,7,0.8
30.73750362576062,-6.014486879304256,-0.49426103663804277,7,0.8
30.951299870848175,-6.0148478610606615,-0.49508789310716544,7,0.8
31.16658318642038,-6.015218961347664,-0.49590997565948075,7,0.8
31.38336391587042,-6.015583600046851,-0.496719609591706,7,0.8
31.60165247453548,-6.015941920110772,-0.4975169122926866,7,0.8
31.82145935019715,-6.016310784568359,-0.4983100918820304,7,0.8
32.04279510358529,-6.0166803076205975,-0.49909457510863825,7,0.8
32.26567036888546,-6.01704729360088,-0.49986893320763115,7,0.8
32.49009585424984,-6.017398519329787,-0.5006267345599956,7,0.8
32.716082342311665,-6.0177675698488775,-0.5013846820085375,7,0.8
32.94364069070335,-6.018124509439709,-0.5021280898333608,7,0.8
33.172781832578096,-6.018479523530709,-0.5028621244334203,7,0.8
33.40351677713521,-6.0188461412388,-0.5035938153444929,7,0.8
33.63585661014903,-6.01920446465744,-0.5043132347698008,7,0.8
33.86981249450153,-6.019561341406467,-0.5050239940648948,7,0.8
34.10539567071872,-6.019920277740869,-0.505728072403841,7,0.8
34.34261745751061,-6.02027475455653,-0.5064222406737309,7,0.8
34.58148925231507,-6.020628282177277,-0.5071084804978815,7,0.8
34.822022531845434,-6.020977688633766,-0.5077852685371109,7,0.8
35.064228852641875,-6.021343198537931,-0.5084636087896467,7,0.8
35.30811985162668,-6.021681539971489,-0.509120453013,7,0.8
35.55370724666329,-6.022039676999491,-0.5097812850037181,7,0.8
35.80100283711939,-6.022394394746476,-0.5104337824588365,7,0.8
36.05001850443371,-6.022739191550539,-0.5110745020275504,7,0.8
36.30076621268694,-6.02309764163504,-0.5117166795082703,7,0.8
36.55325800917653,-6.023433174638287,-0.5123401313351271,7,0.8
36.80750602499552,-6.023786075610112,-0.5129676002892468,7,0.8
37.06352247561536,-6.024126462885992,-0.5135824660125703,7,0.8
37.32131966147283,-6.024474576665382,-0.5141964257696924,7,0.8
37.58090996856101,-6.024807224818111,-0.5147963624529361,7,0.8
37.84230586902438,-6.025154673780666,-0.5153999685906597,7,0.8
38.105519921758045,-6.025487055799945,-0.5159900978572038,7,0.8
38.37056477301113,-6.02582795917069,-0.5165807612711821,7,0.8
38.63745315699439,-6.026167566560546,-0.5171664445241579,7,0.8
38.906197896491996,-6.026502745605928,-0.5177454830422537,7,0.8
39.176811903477656,-6.026837047063067,-0.5183202095738522,7,0.8
39.449308179734956,-6.027174024281208,-0.5188930250876053,7,0.8
39.72369981748203,-6.027497192167609,-0.5194540692225851,7,0.8
40.000000000000604,-6.0278334898033314,-0.5200200996316198,7,0.8
40.27822200226936,-6.028159758148376,-0.5205770854347208,7,0.8
40.55837919160177,-6.028486240990826,-0.5211315861812672,7,0.8
40.840485028288356,-6.028816504352537,-0.5216861219816048,7,0.8
41.124553066243294,-6.029137419166144,-0.5222326190720455,7,0.8
41.410596953655734,-6.029455897214492,-0.5227756527853258,7,0.8
41.6986304336455,-6.029782191812821,-0.5233220989150642,7,0.8
41.98866734492334,-6.030099843764306,-0.5238615848624488,7,0.8
42.28072162245588,-6.030415773218012,-0.5243988061258342,7,0.8
42.57480729813507,-6.030726884969029,-0.5249319544655329,7,0.8
42.8709385014524,-6.031046782189766,-0.5254703168606542,7,0.8
43.16912946017777,-6.031355680671697,-0.526000982652082,7,0.8
43.46939450104301,-6.031673867056336,-0.526537817174278,7,0.8
43.771748050430276,-6.031971548272796,-0.5270608855208979,7,0.8
44.07620463506514,-6.032279032718991,-0.527591012416411,7,0.8
44.38277888271451,-6.032586566377853,-0.5281218646580372,7,0.8
44.69148552288952,-6.0328910763728825,-0.5286515779707114,7,0.8
45.00233938755311,-6.033192831753553,-0.529180577552635,7,0.8
45.315355411832684,-6.0334954430858625,-0.5297116643375294,7,0.8
45.63054863473769,-6.0337891711694365,-0.5302381804892901,7,0.8
45.947934199882155,-6.034077633621175,-0.5307628743267802,7,0.8
46.26752735621227,-6.034377802825885,-0.5312982536365266,7,0.8
46.58934345873901,-6.034669935984253,-0.5318303755932348,7,0.8
46.913397969275934,-6.034964336241496,-0.5323669809576688,7,0.8
47.23970645718201,-6.035251282741463,-0.5329011911586222,7,0.8
47.56828460010965,-6.035541084903442,-0.5334408743055449,7,0.8
47.89914818475796,-6.035814016584942,-0.5339715281392216,7,0.8
48.232313107631235,-6.036103757559844,-0.5345186912116044,7,0.8
48.5677953758027,-6.036390588574049,-0.5350678818639607,7,0.8
48.90561110768358,-6.036664808434758,-0.5356118822828126,7,0.8
49.2457765337975,-6.036943418522547,-0.5361639475645296,7,0.8
49.58830799756032,-6.03722006227815,-0.5367194847176247,7,0.8
49.933221956065346,-6.037491724251859,-0.5372763834363425,7,0.8
50.280534980874016,-6.037755393489449,-0.5378324663568086,7,0.8
50.630263758812085,-6.038028084927349,-0.5384014699494015,7,0.8
50.982425092771386,-6.038290109612612,-0.5389680168366924,7,0.8
51.33703590251707,-6.038565163847593,-0.5395514085838126,7,0.8
51.69411322550061,-6.038823556782303,-0.5401279452149258,7,0.8
52.05367421767828,-6.0390823184388465,-0.5407116227925926,7,0.8
52.41573615433548,-6.03934179807311,-0.5413030327678575,7,0.8
52.78031643091672,-6.039602349324015,-0.5419027787307784,7,0.8
53.14743256386143,-6.039850983458578,-0.542500260041528,7,0.8
53.517102191445446,-6.040104745364532,-0.5431099819539852,7,0.8
53.8893430746286,-6.040360664338149,-0.543729801279722,7,0.8
54.264173097907864,-6.0406057650692935,-0.5443489057178627,7,0.8
54.64161027017682,-6.040850431606277,-0.5449763725506563,7,0.8
55.02167272559077,-6.041105051601039,-0.5456215439694879,7,0.8
55.40437872443802,-6.041339982185519,-0.5462588698829408,7,0.8
55.78974665401725,-6.041578964766159,-0.5469092688077136,7,0.8
56.17779502952094,-6.041819055280799,-0.5475704875941547,7,0.8
56.56854249492486,-6.042057314253623,-0.5482402009846576,7,0.8
56.962007823883944,-6.042287471053454,-0.5489129933568674,7,0.8
57.358209920634174,-6.042519939336128,-0.5495984821411394,7,0.8
57.75716782090094,-6.0427517936289465,-0.5502943185292951,7,0.8
58.158900692813525,-6.042980112878875,-0.5509980796973041,7,0.8
58.56342783782614,-6.04321198864379,-0.551716586707121,7,0.8
58.97076869164518,-6.043424494770461,-0.5524286947518213,7,0.8
59.38094282516311,-6.04365475399282,-0.5531693711096345,7,0.8
59.79396994539869,-6.043873178567383,-0.5539111063206419,7,0.8
60.209869896443855,-6.044090214429203,-0.5546639559697719,7,0.8
60.628662660417106,-6.044306305458954,-0.5554286041303564,7,0.8
61.05036835842356,-6.044518564599963,-0.556202506157048,7,0.8
61.4750072515217,-6.0447374519390165,-0.5569961144455214,7,0.8
61.90259974169682,-6.044946748472074,-0.5577938428348181,7,0.8
62.33316637284123,-6.045146918013996,-0.5585962276573198,7,0.8
62.766727831741306,-6.0453584416897455,-0.5594238647897852,7,0.8
63.20330494907143,-6.045558445371276,-0.56025420337476,7,0.8
63.642918700394766,-6.045764084756531,-0.5611047034600992,7,0.8
64.08559020717105,-6.045959167317607,-0.5619591912444715,7,0.8
64.5313407377714,-6.046167529064183,-0.5628422859830612,7,0.8
64.98019170850016,-6.046349641443308,-0.5637135057417534,7,0.8
65.43216468462381,-6.046549362440849,-0.5646184152258727,7,0.8
65.8872813814072,-6.046747185351622,-0.5655371318532165,7,0.8
66.34556366515669,-6.046933615291341,-0.5664598067345927,7,0.8
66.80703355427093,-6.047115838214397,-0.5673941318858291,7,0.8
67.27171322029855,-6.047311050984561,-0.5683587987434088,7,0.8
67.73962498900357,-6.047489764025636,-0.569322391696802,7,0.8
68.21079134143795,-6.0476758550303185,-0.5703108801363747,7,0.8
68.68523491502174,-6.047853186016354,-0.571306945411101,7,0.8
69.16297850463066,-6.048032305384313,-0.5723223375248594,7,0.8
69.6440450636914,-6.048210426527822,-0.5733542529602952,7,0.8
70.12845770528428,-6.048378098584131,-0.574392302916078,7,0.8
70.61623970325388,-6.048559226385689,-0.5754635742222145,7,0.8
71.10741449332713,-6.04873103012727,-0.5765426676904578,7,0.8
71.60200567423932,-6.0488907460566494,-0.5776264385509083,7,0.8
72.10003700886796,-6.0490622956373,-0.5787425355038935,7,0.8
72.60153242537443,-6.049229586549138,-0.5798727506839028,7,0.8
73.10651601835362,-6.0493898718086845,-0.5810140095870779,7,0.8
73.61501204999159,-6.049550415399148,-0.5821749827752762,7,0.8
74.12704495123128,-6.049708481932242,-0.5833526735777719,7,0.8
74.64263932294622,-6.049858006984739,-0.584539995976327,7,0.8
75.16181993712259,-6.050019611299194,-0.5857619037792479,7,0.8
75.68461173804933,-6.050173902551705,-0.5869953577573291,7,0.8
76.21103984351666,-6.050321503547284,-0.5882411821997299,7,0.8
76.74112954602285,-6.050469712910824,-0.5895084638911671,7,0.8
77.27490631398935,-6.050619165380866,-0.5907982575931174,7,0.8
77.81239579298456,-6.050770501276478,-0.592111647840555,7,0.8
78.3536238069559,-6.0509176972028715,-0.5934413338583133,7,0.8
78.8986163594705,-6.051058070573635,-0.59478404197288,7,0.8
79.44739963496465,-6.051205619252885,-0.5961577487606786,7,0.8
80.00000000000179,-6.051337662707962,-0.5975336588405232,7,0.8
80.55644400453932,-6.051481550639087,-0.598947098222008,7,0.8
81.11675838320417,-6.051611279197083,-0.6003646350053162,7,0.8
81.68097005657731,-6.0517408701077215,-0.6018045828580356,7,0.8
82.24910613248719,-6.051874346227645,-0.6032725154525804,7,0.8
82.8211939073121,-6.052012401339015,-0.6047697112116724,7,0.8
83.39726086729164,-6.052135724562637,-0.6062705577895664,7,0.8
83.97733468984731,-6.052258361730023,-0.6077939061432241,7,0.8
84.56144324491237,-6.052391029500397,-0.6093546026187089,7,0.8
85.14961459627077,-6.052511099394042,-0.6109220708868454,7,0.8
85.74187700290544,-6.05262929970119,-0.6125110329386262,7,0.8
86.33825892035618,-6.052749694853414,-0.6141273372589954,7,0.8
86.93878900208668,-6.052883025481001,-0.6157863700485723,7,0.8
87.54349610086122,-6.052996679710192,-0.6174426288977498,7,0.8
88.15240927013093,-6.0531080801093164,-0.6191205755466183,7,0.8
88.7655577654297,-6.05322131424632,-0.6208262402306436,7,0.8
89.38297104577971,-6.0533271339869,-0.6225465497927652,7,0.8
90.00467877510688,-6.053439644693662,-0.6243020360719816,7,0.8
90.63071082366605,-6.053556280338041,-0.6260893792009875,7,0.8
91.26109726947607,-6.053657803193407,-0.6278805448097566,7,0.8
91.895868399765,-6.053761671013377,-0.6297012440284155,7,0.8
92.53505471242522,-6.053875341585546,-0.631562948241751,7,0.8
93.17868691747873,-6.053972921685579,-0.6334271589521722,7,0.8
93.82679593855258,-6.054075222168629,-0.6353251956374696,7,0.8
94.47941291436473,-6.054179710276349,-0.6372535679504481,7,0.8
95.13656920022001,-6.054267179074807,-0.6391829946611798,7,0.8
95.79829636951663,-6.054375135846845,-0.641171332043767,7,0.8
96.4646262152632,-6.05446103328436,-0.6431530150945742,7,0.8
97.13559075160614,-6.0545623898821175,-0.6451865737737638,7,0.8
97.81122221536789,-6.054646674970812,-0.6472212079344289,7,0.8
98.49155306759573,-6.054741410556719,-0.649300493681712,7,0.8
99.17661599512138,-6.054824083053657,-0.6513888321198122,7,0.8
99.86644391213144,-6.054912216925176,-0.6535144060904898,7,0.8
100.56106996174877,-6.054999988774382,-0.6556681400098443,7,0.8
101.26052751762494,-6.055091588297997,-0.6578571299388192,7,0.8
101.96485018554354,-6.055174528362246,-0.6600610957318634,7,0.8
102.67407180503491,-6.055249671081235,-0.6622814006611256,7,0.8
103.388226451002,-6.055331229556998,-0.6645418310154434,7,0.8
104.10734843535732,-6.055406729142074,-0.6668217795196403,7,0.8
104.83147230867174,-6.055487055649339,-0.669139771927226,7,0.8
105.56063286183424,-6.055566415586585,-0.6714862911446837,7,0.8
106.29486512772365,-6.055642356250805,-0.6738573033451054,7,0.8
107.03420438289172,-6.055719102285867,-0.6762602538142203,7,0.8
107.778686149258,-6.055784197210957,-0.678673615445481,7,0.8
108.52834619581655,-6.055861895806636,-0.6811399155177277,7,0.8
109.28322054035448,-6.055919725433507,-0.683602248573221,7,0.8
110.04334545118235,-6.055988623211271,-0.6861153727292251,7,0.8
110.80875744887686,-6.056056145719943,-0.6886575500606186,7,0.8
111.57949330803534,-6.056116526730912,-0.6912185142133368,7,0.8
112.35559005904271,-6.056177352577662,-0.693812068412878,7,0.8
113.13708498985058,-6.05624287572316,-0.696446277202224,7,0.8
113.92401564776874,-6.056310675745545,-0.6991170793011111,7,0.8
114.71641984126921,-6.056368320895169,-0.7018016333257381,7,0.8
115.51433564180275,-6.056430084288086,-0.7045265637020464,7,0.8
116.31780138562794,-6.056480199725337,-0.7072624738569908,7,0.8
117.12685567565316,-6.0565462984824245,-0.7100617250328068,7,0.8
117.94153738329126,-6.056592587264301,-0.7128565960029428,7,0.8
118.76188565032712,-6.056646701721666,-0.7156998660457795,7,0.8
119.58793989079828,-6.05669955756049,-0.7185744350144228,7,0.8
120.41973979288862,-6.056742070099831,-0.7214627110678754,7,0.8
121.25732532083512,-6.056791865504029,-0.7243992522746642,7,0.8
122.10073671684803,-6.056846539203381,-0.7273798288154991,7,0.8
122.95001450304433,-6.056886990761433,-0.7303667089414674,7,0.8
123.80519948339456,-6.056937527732283,-0.7334084703491032,7,0.8
124.66633274568338,-6.056982388738465,-0.7364738345359971,7,0.8
125.53345566348355,-6.057022507214393,-0.7395647128380974,7,0.8
126.40660989814381,-6.057065495424888,-0.7426967981983051,7,0.8
127.28583740079048,-6.057108947034048,-0.745865481221523,7,0.8
128.17118041434307,-6.057140434020159,-0.7490451253160846,7,0.8
129.0626814755438,-6.057184266477307,-0.7522864904885309,7,0.8
129.9603834170013,-6.057211312780517,-0.7555287891121517,7,0.8
130.86432936924862,-6.057252561801841,-0.7588374993136312,7,0.8
131.77456276281538,-6.057288897449695,-0.7621725295444072,7,0.8
132.69112733031437,-6.057321241983185,-0.7655359075850128,7,0.8
133.61406710854286,-6.057347173973672,-0.7689224476993206,7,0.8
134.5434264405981,-6.057380974277527,-0.7723633771508089,7,0.8
135.47924997800817,-6.0574035104543835,-0.7758171419035249,7,0.8
136.42158268287693,-6.057435739668855,-0.7793300045801963,7,0.8
137.3704698300445,-6.0574718867435395,-0.7828897687576158,7,0.8
138.32595700926237,-6.057486120132907,-0.7864387397189034,7,0.8
139.28809012738384,-6.057509411576478,-0.7900463556253928,7,0.8
140.25691541056963,-6.057542655098863,-0.793715352657467,7,0.8
141.23247940650882,-6.057560000913286,-0.7973870621132274,7,0.8
142.2148289866553,-6.057575698152244,-0.8010939731235797,7,0.8
143.20401134847972,-6.0575939646659025,-0.8048461088910218,7,0.8
144.200074017737,-6.057619013022157,-0.808653755312507,7,0.8
145.20306485074994,-6.0576383343391695,-0.8124879599698585,7,0.8
146.2130320367083,-6.057646096223546,-0.8163348408543881,7,0.8
147.2300240999843,-6.057666548609775,-0.8202522180147516,7,0.8
148.25408990246365,-6.057680471421859,-0.8241946267533767,7,0.8
149.28527864589356,-6.057692038547965,-0.8281721674456162,7,0.8
150.32363987424628,-6.057698727939238,-0.8321788365728476,7,0.8
151.3692234760998,-6.057711385096379,-0.8362413964918479,7,0.8
152.42207968703445,-6.0577174365660005,-0.840329248358439,7,0.8
153.48225909204683,-6.057721019591621,-0.8444526806686151,7,0.8
154.54981262797986,-6.057729606695284,-0.8486306596535264,7,0.8
155.6247915859703,-6.0577372809021295,-0.8528487548406933,7,0.8
156.70724761391295,-6.057738111989885,-0.8570920916260671,7,0.8
157.79723271894218,-6.0577462303021985,-0.8613969065329301,7,0.8
158.8947992699305,-6.057745644741146,-0.8657225316235853,7,0.8
160.0000000000048,-6.057747115846905,-0.8700968340939578,7,0.8
161.11288800907985,-6.05774466226848,-0.8745045476479937,7,0.8
162.23351676640956,-6.057742326976928,-0.8789564481411204,7,0.8
163.36194011315587,-6.057730752258995,-0.8834279726247296,7,0.8
164.49821226497562,-6.057730687754798,-0.8879744879663577,7,0.8
165.6423878146254,-6.057726051996941,-0.8925535940929323,7,0.8
166.79452173458452,-6.057714133959037,-0.8971579988627961,7,0.8
167.9546693796959,-6.05770894561119,-0.9018259235398519,7,0.8
169.12288648982604,-6.05769770042544,-0.9065228796535473,7,0.8
170.29922919254284,-6.0576843333290356,-0.9112597607680716,7,0.8
171.4837540058122,-6.057669414096249,-0.9160383690234117,7,0.8
172.6765178407137,-6.0576635422206815,-0.9208887395874393,7,0.8
173.87757800417467,-6.057653855585322,-0.9257753429100204,7,0.8
175.08699220172375,-6.05763081833826,-0.9306711291598058,7,0.8
176.30481854026317,-6.05761167201531,-0.9356251266361717,7,0.8
177.53111553086072,-6.0575935419414755,-0.9406296091496192,7,0.8
178.7659420915608,-6.057576882169494,-0.9456863114957896,7,0.8
180.00935755021513,-6.057552072619744,-0.9507675005566001,7,0.8
181.26142164733346,-6.0575396301676685,-0.955933554782785,7,0.8
182.52219453895353,-6.057503078322059,-0.9610772646600401,7,0.8
183.7917367995314,-6.057486351996131,-0.9663288970598334,7,0.8
185.07010942485184,-6.057456276148808,-0.971590155306342,7,0.8
186.35737383495882,-6.057433281434208,-0.976922525918091,7,0.8
187.65359187710658,-6.057404251976673,-0.9822867906602663,7,0.8
188.95882582873088,-6.057369455277906,-0.9876837731849275,7,0.8
190.27313840044144,-6.057342548482,-0.9931557603564194,7,0.8
191.59659273903472,-6.057310335325061,-0.9986625207920476,7,0.8
192.92925243052787,-6.057279714515811,-1.0042257541487631,7,0.8
194.27118150321374,-6.057237431492521,-1.009804083132125,7,0.8
195.62244443073726,-6.057200395561364,-1.0154509407581362,7,0.8
196.98310613519297,-6.057162005896696,-1.0211459309031188,7,0.8
198.35323199024427,-6.057122342297593,-1.0268896302759822,7,0.8
199.73288782426437,-6.057084812188689,-1.032693431716676,7,0.8
201.12213992349908,-6.057046080927112,-1.0385469929794253,7,0.8
202.5210550352514,-6.056999425133243,-1.0444285212053428,7,0.8
203.9297003710886,-6.056954876093586,-1.0503711583114301,7,0.8
205.3481436100714,-6.056905648355587,-1.0563528299765756,7,0.8
206.77645290200556,-6.0568650726812105,-1.0624184500622598,7,0.8
208.21469687071618,-6.056809506140609,-1.068489054893608,7,0.8
209.66294461734503,-6.056752214451686,-1.0746092435291923,7,0.8
211.12126572367004,-6.056706437557006,-1.0808247590235818,7,0.8
212.5897302554489,-6.05665514616874,-1.0870780483120455,7,0.8
214.06840876578502,-6.056598071833803,-1.0933682483500238,7,0.8
215.5573722985176,-6.056544995626152,-1.0997296583330038,7,0.8
217.05669239163473,-6.056485498981358,-1.1061263042610547,7,0.8
218.5664410807106,-6.056425933307452,-1.1125807424692074,7,0.8
220.08669090236637,-6.05636589309094,-1.1190919968851842,7,0.8
221.6175148977554,-6.056301573052102,-1.125646825966436,7,0.8
223.15898661607235,-6.0562425847957915,-1.1322802267085845,7,0.8
224.71118011808713,-6.056174959208382,-1.1389421342573585,7,0.8
226.27416997970286,-6.056104870345415,-1.1456550818504698,7,0.8
227.8480312955392,-6.056035093392092,-1.1524296527438613,7,0.8
229.43283968254013,-6.055968367565075,-1.1592765814895136,7,0.8
231.02867128360725,-6.055897297199912,-1.166168895080278,7,0.8
232.63560277125762,-6.0558178104299785,-1.1730914180848517,7,0.8
234.25371135130806,-6.0557493660764115,-1.1801179758598699,7,0.8
235.88307476658426,-6.05566087743446,-1.187131024202914,7,0.8
237.523771300656,-6.055588568775039,-1.1942690802493527,7,0.8
239.17587978159838,-6.055508005650154,-1.2014391966762161,7,0.8
240.83947958577906,-6.0554283944287555,-1.2086772272432815,7,0.8
242.51465064167206,-6.055348797296305,-1.2159801235306933,7,0.8
244.2014734336979,-6.055258123222028,-1.2233045565652043,7,0.8
245.9000290060905,-6.055175576776712,-1.2307267427553719,7,0.8
247.61039896679097,-6.055089987366577,-1.2382031031216163,7,0.8
249.33266549136863,-6.05499688108714,-1.2457159090263301,7,0.8
251.06691132696898,-6.054901860800458,-1.2532879264239913,7,0.8
252.81321979628953,-6.054807118964501,-1.2609285770182177,7,0.8
254.5716748015829,-6.054718183946356,-1.2686612851337504,7,0.8
256.3423608286881,-6.0546202956177,-1.2764258949193863,7,0.8
258.12536295108947,-6.054515521893852,-1.2842309211185,7,0.8
259.9207668340045,-6.054416021926622,-1.2921275665964371,7,0.8
261.72865873849923,-6.0543136595631815,-1.3000824606919843,7,0.8
263.54912552563275,-6.054196873307917,-1.3080467060579104,7,0.8
265.38225466063074,-6.054097976603595,-1.316158440026917,7,0.8
267.2281342170877,-6.053988437681381,-1.3242965595262501,7,0.8
269.08685288119824,-6.053876843366473,-1.332498176069506,7,0.8
270.95849995601833,-6.053758223607472,-1.3407420171477418,7,0.8
272.8431653657559,-6.053644473127324,-1.349080612945417,7,0.8
274.74093966009104,-6.053533927198357,-1.3575077042070416,7,0.8
276.6519140185268,-6.053407963259014,-1.3659410381291996,7,0.8
278.5761802547697,-6.053295280596531,-1.3745091050254825,7,0.8
280.51383082114137,-6.053163636635668,-1.3830677481664349,7,0.8
282.4649588130198,-6.05304504949726,-1.3917620234242263,7,0.8
284.42965797331277,-6.0529071842161395,-1.400445383080718,7,0.8
286.40802269696155,-6.052775222337807,-1.4092332194115627,7,0.8
288.40014803547615,-6.052643838017993,-1.41810205487397,7,0.8
290.4061297015021,-6.05251783020954,-1.4270752049282631,7,0.8
292.42606407341884,-6.052381625896583,-1.4360805008013473,7,0.8
294.4600481999708,-6.052236553623665,-1.4451240832195709,7,0.8
296.50817980492957,-6.052090691050677,-1.4542445273078315,7,0.8
298.5705572917893,-6.051952088431545,-1.463481317224233,7,0.8
300.64727974849484,-6.051805014542621,-1.4727597571421824,7,0.8
302.73844695220185,-6.051660842695867,-1.4821353407693645,7,0.8
304.84415937407124,-6.051503760836042,-1.49153155504685,7,0.8
306.964518184096,-6.051355266735722,-1.5010542635213018,7,0.8
309.09962525596205,-6.051199478070387,-1.5106261468213258,7,0.8
311.24958317194296,-6.051037453979939,-1.5202526697442849,7,0.8
313.4144952278283,-6.050873622779709,-1.5299564347416095,7,0.8
315.59446543788675,-6.050702185569556,-1.5397087232355497,7,0.8
317.7895985398634,-6.0505513209888235,-1.5496537038462808,7,0.8
320.000000000012,-6.0503743575328865,-1.55955427406081,7,0.8
322.22577601816215,-6.050209626425119,-1.5696072403549612,7,0.8
324.4670335328215,-6.050023981392459,-1.5796419944226354,7,0.8
326.7238802263142,-6.0498455099620205,-1.5898047591862452,7,0.8
328.99642452995374,-6.049668240750977,-1.6000657133722653,7,0.8
331.2847756292533,-6.049486169280157,-1.610394043242695,7,0.8
333.5890434691715,-6.049296667603747,-1.6207761809964505,7,0.8
335.90933875939425,-6.04911072113487,-1.6312715704985363,7,0.8
338.2457729796546,-6.04891201581907,-1.6417931156136796,7,0.8
340.5984583850881,-6.0487285568979505,-1.6524934515940612,7,0.8
342.96750801162693,-6.0485235053843756,-1.6631727593064398,7,0.8
345.3530356814299,-6.048321420039989,-1.6739656888671688,7,0.8
347.75515600835195,-6.048119545522148,-1.6848583099298386,7,0.8
350.1739844034501,-6.0479116866507745,-1.695817017190204,7,0.8
352.60963708052907,-6.047708715560151,-1.706903649957467,7,0.8
355.0622310617241,-6.047497563806239,-1.718045642169527,7,0.8
357.53188418312425,-6.047268549388082,-1.7291878598880497,7,0.8
360.0187151004329,-6.047053032840753,-1.7405100223618442,7,0.8
362.52284329466966,-6.0468310497482065,-1.751899149381634,7,0.8
365.0443890779098,-6.046609995213366,-1.7633988569731571,7,0.8
367.58347359906554,-6.046366424020297,-1.7748728100516584,7,0.8
370.14021884970646,-6.046141977559683,-1.7865657833498956,7,0.8
372.7147476699204,-6.0459097650742155,-1.7983212719553752,7,0.8
375.30718375421594,-6.045663429165162,-1.8101015845386235,7,0.8
377.9176516574646,-6.045420621939066,-1.8220127676330038,7,0.8
380.5462768008857,-6.045168113950511,-1.8339762891606413,7,0.8
383.1931854780723,-6.044916696574072,-1.8460582374384884,7,0.8
385.85850486105863,-6.044656554191516,-1.8581997632130427,7,0.8
388.5423630064304,-6.044401920880006,-1.8704892650277112,7,0.8
391.2448888614774,-6.044142974407732,-1.8828676369096902,7,0.8
393.96621227038884,-6.043873315725438,-1.895295666977537,7,0.8
396.7064639804915,-6.0436003080327385,-1.9078199405876959,7,0.8
399.4657756485318,-6.043320994991264,-1.9204227329377308,7,0.8
402.24427984700117,-6.0430530970364025,-1.93321800669403,7,0.8
405.04211007050577,-6.042762649392492,-1.945990187761992,7,0.8
407.85940074218024,-6.042470824955282,-1.958875079101797,7,0.8
410.69628722014585,-6.042188489540527,-1.9719448645677589,7,0.8
413.55290580401413,-6.041881643964918,-1.9849793124441533,7,0.8
416.42939374143555,-6.041578421592442,-1.99816262890082,7,0.8
419.3258892346932,-6.041279366849067,-2.0115005108109916,7,0.8
422.24253144734325,-6.040967742539961,-2.0248832116623308,7,0.8
425.179460510901,-6.040664854521749,-2.03845417540363,7,0.8
428.13681753157323,-6.040336666579363,-2.0519856819960745,7,0.8
431.11474459703845,-6.040014906633392,-2.0656924479838663,7,0.8
434.11338478327275,-6.0396897904629,-2.079509928039299,7,0.8
437.13288216142445,-6.039354996332747,-2.0933957996923027,7,0.8
440.173381804736,-6.03901461574409,-2.1073790134378023,7,0.8
443.23502979551404,-6.038679712205543,-2.1215380261813532,7,0.8
446.31797323214806,-6.038323175454414,-2.1356846036481736,7,0.8
449.4223602361776,-6.037976950577661,-2.150044007939679,7,0.8
452.5483399594091,-6.03762438033717,-2.164500791865656,7,0.8
455.6960625910818,-6.03725226946131,-2.178961366475934,7,0.8
458.8656793650838,-6.036889206476985,-2.193631443691296,7,0.8
462.0573425672179,-6.036522054373021,-2.2084188092433106,7,0.8
465.2712055425187,-6.036141154865797,-2.2232543085852856,7,0.8
468.5074227026196,-6.035754297753993,-2.238195417328981,7,0.8
471.76614953317204,-6.035369318697974,-2.2533014218777287,7,0.8
475.04754260131557,-6.03496265412681,-2.2683991119981703,7,0.8
478.3517595632003,-6.034566648488916,-2.2837301483991013,7,0.8
481.6789591715617,-6.034164778443893,-2.2991735349613434,7,0.8
485.02930128334776,-6.0337510089773785,-2.3146848350550786,7,0.8
488.40294686739946,-6.033329829367059,-2.3302989149409408,7,0.8
491.8000580121847,-6.03290927804931,-2.346078821145855,7,0.8
495.2207979335857,-6.03248341341639,-2.3619809982842686,7,0.8
498.665330982741,-6.032035775577079,-2.3778788750437974,7,0.8
502.1338226539417,-6.031595568403949,-2.3940005078914397,7,0.8
505.62643959258287,-6.031149918506793,-2.4102479249965865,7,0.8
509.14334960316967,-6.030692986502414,-2.4265764813821367,7,0.8
512.68472165738,-6.030233037237269,-2.4430530074820282,7,0.8
516.2507259021829,-6.029764297960255,-2.4596332446794795,7,0.8
519.841533668013,-6.0292915959973765,-2.476357497029413,7,0.8
523.4573174770023,-6.0288021593230265,-2.49312394249538,7,0.8
527.0982510512695,-6.028311475751496,-2.5100594775830136,7,0.8
530.7645093212655,-6.027820977116905,-2.5271784235835115,7,0.8
534.4562684341794,-6.027317982609813,-2.5443785267648007,7,0.8
538.1737057624005,-6.026803974943902,-2.5616730498164224,7,0.8
541.9169999120409,-6.0262946590428275,-2.579194871812726,7,0.8
545.6863307315159,-6.025766806614085,-2.5967516141782876,7,0.8
549.4818793201863,-6.025236208652239,-2.6144774209695334,7,0.8
553.3038280370578,-6.024697426531925,-2.632328403504546,7,0.8
557.1523605095437,-6.024148599491791,-2.650290337445756,7,0.8
561.027661642287,-6.023591460968218,-2.6683797253153974,7,0.8
564.9299176260438,-6.02302779095216,-2.6866138820518244,7,0.8
568.8593159466297,-6.022448715308989,-2.7049173024897093,7,0.8
572.8160453939274,-6.021870361493518,-2.7234327712928565,7,0.8
576.8002960709567,-6.021291089117514,-2.7421491649122967,7,0.8
580.8122594030085,-6.0206770962689475,-2.760768470592628,7,0.8
584.8521281468421,-6.020084014616832,-2.779787231586272,7,0.8
588.920096399946,-6.019478123451361,-2.7989081536047444,7,0.8
593.0163596098636,-6.018843550017721,-2.8179886698115553,7,0.8
597.1411145835832,-6.018221868072901,-2.8374071220054593,7,0.8
601.2945594969942,-6.017572165314125,-2.8567935982303365,7,0.8
605.4768939044083,-6.016932587280955,-2.8764995033837955,7,0.8
609.688318748147,-6.016273020636405,-2.896250458632205,7,0.8
613.9290363681965,-6.015606551089729,-2.916169263537902,7,0.8
618.1992505119288,-6.0149283067117025,-2.9362128313752227,7,0.8
622.4991663438906,-6.014251511363358,-2.9565081795753585,7,0.8
626.8289904556613,-6.0135460595508565,-2.976773157981911,7,0.8
631.1889308757782,-6.012839723550662,-2.997272751835998,7,0.8
635.5791970797316,-6.012124168785483,-3.0179307058686837,7,0.8
640.0000000000289,-6.011405590207122,-3.038809616788599,7,0.8
644.4515520363291,-6.010664801403076,-3.059726397416632,7,0.8
648.9340670656479,-6.009918968374564,-3.080849716045915,7,0.8
653.4477604526332,-6.0091598669831425,-3.102102080610483,7,0.8
657.9928490599125,-6.008390220833339,-3.1235126635551707,7,0.8
662.5695512585116,-6.0076054993910315,-3.1450390362148903,7,0.8
667.178086938348,-6.006823139526202,-3.166857958169277,7,0.8
671.8186775187937,-6.006020412468349,-3.1887454078170014,7,0.8
676.4915459593144,-6.005211190297514,-3.21084323931786,7,0.8
681.1969167701814,-6.004387420217232,-3.2330730477146608,7,0.8
685.935016023259,-6.003544723064368,-3.2553923030961878,7,0.8
690.7060713628651,-6.002704511425586,-3.2780234777780093,7,0.8
695.5103120167091,-6.001840414341826,-3.300698601007667,7,0.8
700.3479688069056,-6.000970265363286,-3.3236045978260935,7,0.8
705.2192741610634,-6.000089846896106,-3.3467013973844937,7,0.8
710.1244621234536,-5.999202361111159,-3.370026264039221,7,0.8
715.0637683662537,-5.9982925233296305,-3.3934212508457637,7,0.8
720.0374302008713,-5.9973561374754345,-3.416843131763797,7,0.8
725.0456865893448,-5.996433648118824,-3.440726444515604,7,0.8
730.0887781558251,-5.9954763802592055,-3.4645544779998003,7,0.8
735.1669471981365,-5.994513740568593,-3.4886455994721777,7,0.8
740.2804376994185,-5.993545458762651,-3.513001735437069,7,0.8
745.4294953398465,-5.992548845969166,-3.5373791021787366,7,0.8
750.6143675084376,-5.991549825941325,-3.562064352449475,7,0.8
755.8353033149348,-5.990536981416485,-3.586936650559905,7,0.8
761.0925536017771,-5.9895026145508705,-3.6119139593296037,7,0.8
766.3863709561504,-5.988457838901583,-3.637123198160281,7,0.8
771.717009722123,-5.987398783082746,-3.662525302989668,7,0.8
777.0847260128666,-5.986317802991696,-3.688037651296239,7,0.8
782.4897777229608,-5.9852299417554535,-3.71383412392778,7,0.8
787.9324245407837,-5.984131418178738,-3.7398769243452556,7,0.8
793.412927960989,-5.983010858881446,-3.766040103264721,7,0.8
798.9315512970695,-5.981872058186496,-3.792370468444764,7,0.8
804.4885596940084,-5.980718864967702,-3.818916487208264,7,0.8
810.0842201410177,-5.9795437280075046,-3.8455944436179093,7,0.8
815.7188014843666,-5.978354369733598,-3.8724983167308435,7,0.8
821.392574440298,-5.977158595040199,-3.8997250633399254,7,0.8
827.1058116080346,-5.975933577730615,-3.927010058709956,7,0.8
832.8587874828772,-5.974702506573895,-3.9546322375913614,7,0.8
838.6517784693928,-5.973450229955142,-3.982416523384834,7,0.8
844.4850628946929,-5.97217308919205,-4.010322782239149,7,0.8
850.3589210218082,-5.970886766631307,-4.038544425256268,7,0.8
856.2736350631529,-5.969572198626799,-4.066855746957133,7,0.8
862.2294891940834,-5.96824904030405,-4.09550032316273,7,0.8
868.226769566552,-5.966909878489879,-4.124393762503766,7,0.8
874.2657643228554,-5.965535558617976,-4.1533048536729,7,0.8
880.3467636094787,-5.964153696044115,-4.182578787566864,7,0.8
886.4700595910348,-5.962752985187482,-4.212081803163614,7,0.8
892.635946464303,-5.961333821966981,-4.2418242945510976,7,0.8
898.844720472362,-5.95988875672009,-4.27171798500647,7,0.8
905.096679918825,-5.958422122039942,-4.301822164289385,7,0.8
911.3921251821704,-5.95693830687675,-4.332198043055315,7,0.8
917.7313587301744,-5.9554377966260095,-4.362858126911177,7,0.8
924.1146851344428,-5.953909189513848,-4.393662418666481,7,0.8
930.5424110850445,-5.952360890446414,-4.424724033747814,7,0.8
937.0148454052463,-5.9507934215857485,-4.456056030574896,7,0.8
943.5322990663512,-5.949203328334388,-4.4876199102035095,7,0.8
950.0950852026382,-5.94758313130897,-4.51932377427171,7,0.8
956.7035191264079,-5.9459453780064475,-4.551337558362825,7,0.8
963.3579183431307,-5.944290671910969,-4.583676539059113,7,0.8
970.0586025667028,-5.942611562724336,-4.616249361431209,7,0.8
976.8058937348063,-5.940896492106543,-4.648908224180417,7,0.8
983.6001160243768,-5.939166255924095,-4.681936239048521,7,0.8
990.4415958671789,-5.937409331589912,-4.715186710591978,7,0.8
997.3306619654895,-5.9356344821414275,-4.748784602445141,7,0.8
1004.267645307891,-5.9338301272192595,-4.782580889191642,7,0.8
1011.2528791851732,-5.931996875195974,-4.816590202293213,7,0.8
1018.2866992063468,-5.930135350793886,-4.850827726915625,7,0.8
1025.3694433147675,-5.928250317317826,-4.885365939781722,7,0.8
1032.5014518043733,-5.926350734216562,-4.920336632860201,7,0.8
1039.6830673360337,-5.924400067979181,-4.955242488224492,7,0.8
1046.9146349540124,-5.9224362151472185,-4.990615187471726,7,0.8
1054.1965021025467,-5.920443309497662,-5.026243018576597,7,0.8
1061.5290186425389,-5.918430399612053,-5.062260939427517,7,0.8
1068.9125368683667,-5.916377290379197,-5.098393445184065,7,0.8
1076.347411524809,-5.914292998882527,-5.134774557577562,7,0.8
1083.8339998240897,-5.912195093271851,-5.171662329387049,7,0.8
1091.37266146304,-5.910054811080114,-5.2086570186264,7,0.8
1098.9637586403808,-5.907889737231484,-5.24601743264176,7,0.8
1106.607656074124,-5.905683614022332,-5.283519133901219,7,0.8
1114.3047210190957,-5.903466972187424,-5.321610870885025,7,0.8
1122.0553232845823,-5.901206456039997,-5.359820971873946,7,0.8
1129.859835252096,-5.898906978495987,-5.398228216887946,7,0.8
1137.7186318932681,-5.896582144889139,-5.437039943152284,7,0.8
1145.6320907878635,-5.894232760722029,-5.476278767405189,7,0.8
1153.600592141922,-5.891842278436861,-5.515711849586112,7,0.8
1161.6245188060257,-5.889411357523482,-5.5553575670824,7,0.8
1169.704256293693,-5.886953782220223,-5.595429680694407,7,0.8
1177.840192799901,-5.884457208916643,-5.6357556561648865,7,0.8
1186.032719219736,-5.881931134403519,-5.676487345484492,7,0.8
1194.2822291671753,-5.879376355781803,-5.717648258642319,7,0.8
1202.5891189939975,-5.876775949632595,-5.7589952336328984,7,0.8
1210.9537878088256,-5.874126098110101,-5.800479977601742,7,0.8
1219.3766374963034,-5.871449722862553,-5.842459536501585,7,0.8
1227.8580727364024,-5.86873422342944,-5.884755038568254,7,0.8
1236.3985010238666,-5.865993808912534,-5.927594962639812,7,0.8
1244.9983326877905,-5.8632022557266295,-5.970590979759521,7,0.8
1253.657980911332,-5.860369210323835,-6.013901527974793,7,0.8
1262.377861751566,-5.857490812413215,-6.0574788186383595,7,0.8
1271.1583941594727,-5.854576848027878,-6.101485922605472,7,0.8
1280.0000000000673,-5.85163266966105,-6.146019283769132,7,0.8
1288.9031040726677,-5.848636080493258,-6.190747293708771,7,0.8
1297.8681341313059,-5.845587647001103,-6.2356901760425005,7,0.8
1306.8955209052763,-5.842525090184796,-6.281451317554905,7,0.8
1315.9856981198345,-5.839393498012968,-6.327184408122125,7,0.8
1325.1391025170333,-5.836235370352059,-6.373570001402158,7,0.8
1334.3561738767062,-5.83301398370783,-6.420043249068562,7,0.8
1343.6373550375972,-5.829758100021438,-6.4670721412472805,7,0.8
1352.9830919186386,-5.826449545809009,-6.514383212697947,7,0.8
1362.393833540373,-5.8231031749744275,-6.562227211085757,7,0.8
1371.8700320465282,-5.819695822623801,-6.610249307765391,7,0.8
1381.4121427257405,-5.816247164751163,-6.6587785531171475,7,0.8
1391.0206240334287,-5.812757917241833,-6.707842637575644,7,0.8
1400.6959376138216,-5.809214257025007,-6.757235075563302,7,0.8
1410.4385483221372,-5.805611849480053,-6.806900884321006,7,0.8
1420.2489242469178,-5.801975648912113,-6.8572598201807295,7,0.8
1430.1275367325184,-5.798272053309725,-6.907783883550934,7,0.8
1440.0748604017533,-5.794511298717854,-6.958654600304846,7,0.8
1450.0913731787002,-5.790713746241111,-7.010220997942086,7,0.8
1460.177556311661,-5.786850247419579,-7.062024679271245,7,0.8
1470.3338943962842,-5.782936214058482,-7.11433470398766,7,0.8
1480.560875398848,-5.7789571203591095,-7.166930223932786,7,0.8
1490.8589906797042,-5.774953867246426,-7.2205027291320745,7,0.8
1501.2287350168863,-5.77085617446734,-7.273912396859471,7,0.8
1511.670606629881,-5.766735611244986,-7.328359249172432,7,0.8
1522.1851072035656,-5.762516043010608,-7.382602182478932,7,0.8
1532.772741912312,-5.758249022055175,-7.437513679862873,7,0.8
1543.4340194442575,-5.753945597264587,-7.493298636857236,7,0.8
1554.1694520257447,-5.74955433226032,-7.549120429159238,7,0.8
1564.9795554459333,-5.745096249511585,-7.605348356054086,7,0.8
1575.8648490815792,-5.740587542573861,-7.66227390667295,7,0.8
1586.8258559219898,-5.7360341352558555,-7.720018520037603,7,0.8
1597.863102594151,-5.731383309711317,-7.777718488438411,7,0.8
1608.9771193880288,-5.72668325129519,-7.836204258597123,7,0.8
1620.1684402820476,-5.721918391713807,-7.895236429469382,7,0.8
1631.4376029687455,-5.717078240055388,-7.954660105713945,7,0.8
1642.7851488806082,-5.712173928399795,-8.014685707590596,7,0.8
1654.2116232160815,-5.707178354568576,-8.074877192944728,7,0.8
1665.7175749657672,-5.70213568822902,-8.136006055083017,7,0.8
1677.303556938798,-5.697018809344153,-8.197636762912522,7,0.8
1688.9701257893985,-5.691827938093034,-8.259797001835764,7,0.8
1700.7178420436294,-5.686563300447892,-8.322515040686138,7,0.8
1712.5472701263188,-5.681213791673726,-8.385626344872515,7,0.8
1724.4589783881795,-5.675785142142045,-8.449253499779262,7,0.8
1736.453539133117,-5.670283227123386,-8.513522515196941,7,0.8
1748.531528645724,-5.664708296885815,-8.578464029608368,7,0.8
1760.6935272189705,-5.659048982867301,-8.64391012222047,7,0.8
1772.940119182083,-5.6533170309136835,-8.710088928966451,7,0.8
1785.2718929286193,-5.647500936879802,-8.776830809386457,7,0.8
1797.6894409447373,-5.641600754228656,-8.844164427883124,7,0.8
1810.1933598376636,-5.635640418711474,-8.912529381054252,7,0.8
1822.7842503643546,-5.629548362058516,-8.980724506438431,7,0.8
1835.4627174603627,-5.623384185096706,-9.04980305580616,7,0.8
1848.2293702688994,-5.617142115208585,-9.119695804952563,7,0.8
1861.0848221701028,-5.610816226158587,-9.19033110480075,7,0.8
1874.0296908105065,-5.604369539980687,-9.261102495739179,7,0.8
1887.0645981327166,-5.597844924326138,-9.332779480681765,7,0.8
1900.190170405291,-5.591242612773973,-9.405397999516861,7,0.8
1913.4070382528298,-5.584537605505387,-9.478559204635866,7,0.8
1926.715836686276,-5.577735973409173,-9.552400368021102,7,0.8
1940.1172051334202,-5.570824758396629,-9.62673108257223,7,0.8
1953.611787469627,-5.563835798421575,-9.702134325541847,7,0.8
1967.2002320487684,-5.556723876662431,-9.777864198983018,7,0.8
1980.8831917343723,-5.5495275809522395,-9.854621256985235,7,0.8
1994.661323930994,-5.542207474699445,-9.931760459392123,7,0.8
2008.535290615797,-5.534816049976908,-10.010223188462696,7,0.8
2022.5057583703617,-5.527280064098284,-10.088782639916857,7,0.8
2036.573398412709,-5.5196658859872105,-10.168620383759169,7,0.8
2050.7388866295505,-5.511933030239287,-10.249075947564059,7,0.8
2065.0029036087626,-5.504094655000208,-10.330414322808252,7,0.8
2079.366134672083,-5.496115909372668,-10.412074294935413,7,0.8
2093.8292699080407,-5.488058514352358,-10.495157841646192,7,0.8
2108.3930042051093,-5.479859600784106,-10.578623079339437,7,0.8
2123.0580372850936,-5.471546452420382,-10.662980265888043,7,0.8
2137.82507373675,-5.463118672824553,-10.748263791360984,7,0.8
2152.6948230496346,-5.454568657941876,-10.834385006829972,7,0.8
2167.6679996481957,-5.445910394906958,-10.921626228325817,7,0.8
2182.7453229260964,-5.437114340082987,-11.009524283761028,7,0.8
2197.927517280778,-5.428186960727893,-11.09823437066037,7,0.8
2213.2153121482643,-5.419142444648374,-11.188043715374638,7,0.8
2228.6094420382083,-5.409950300291825,-11.278476816394157,7,0.8
2244.1106465691814,-5.400639789151114,-11.37007933778534,7,0.8
2259.7196705042093,-5.3911875618494545,-11.462499839080417,7,0.8
2275.4372637865536,-5.381608151057257,-11.556033235124387,7,0.8
2291.2641815757443,-5.371877594843232,-11.650320557477082,7,0.8
2307.2011842838615,-5.362018380411612,-11.745792667844672,7,0.8
2323.2490376120686,-5.352014079324695,-11.8422205297265,7,0.8
2339.4085125874035,-5.3418316109292965,-11.939096374626859,7,0.8
2355.6803855998196,-5.331533986530178,-12.037536382162537,7,0.8
2372.0654384394898,-5.321112989117008,-12.137451572292955,7,0.8
2388.5644583343683,-5.310510519812884,-12.237916928778377,7,0.8
2405.178237988013,-5.2997747663926695,-12.339796512028913,7,0.8
2421.9075756176694,-5.2888715613331705,-12.442571472006389,7,0.8
2438.753274992625,-5.277799475299323,-12.546274541518972,7,0.8
2455.716145472823,-5.266582864980993,-12.651368622074736,7,0.8
2472.797002047752,-5.255195003849455,-12.757465098752542,7,0.8
2489.9966653755996,-5.243651995077002,-12.864889748436172,7,0.8
2507.3159618226828,-5.231917466639158,-12.973098991089946,7,0.8
2524.755723503151,-5.2200521127478305,-13.083156277597674,7,0.8
2542.3167883189644,-5.208001568454552,-13.194223237776997,7,0.8
2560.0000000001537,-5.1957549548553015,-13.306184631586486,7,0.8
2577.806208145355,-5.183337963200916,-13.419525997067689,7,0.8
2595.736268262631,-5.170758764861373,-13.534443118995226,7,0.8
2613.7910418105726,-5.157997615756868,-13.65067679952706,7,0.8
2631.971396239689,-5.145043517798728,-13.768113958800972,7,0.8
2650.2782050340866,-5.1318754036832726,-13.886481538039082,7,0.8
2668.7123477534324,-5.118539651123255,-14.006598131766562,7,0.8
2687.274710075215,-5.105025582156402,-14.128357091510235,7,0.8
2705.9661838372976,-5.091302148286111,-14.251328386407984,7,0.8
2724.7876670807664,-5.077387423296944,-14.375872866530443,7,0.8
2743.740064093077,-5.0632493501447815,-14.5015510891955,7,0.8
2762.824285451502,-5.048926751273396,-14.629054184995722,7,0.8
2782.0412480668783,-5.03439766861229,-14.758105735217786,7,0.8
2801.391875227664,-5.019649762300315,-14.888586168218827,7,0.8
2820.8770966442953,-5.004680890497277,-15.020539179842208,7,0.8
2840.4978484938565,-4.989510547119081,-15.154347188614668,7,0.8
2860.2550734650586,-4.974115451497538,-15.289723631920275,7,0.8
2880.1497208035285,-4.958482371206664,-15.426543819804841,7,0.8
2900.1827463574223,-4.942664854359566,-15.56571634182023,7,0.8
2920.355112623344,-4.926571525876488,-15.705912229432103,7,0.8
2940.6677887925907,-4.910279070938879,-15.84839520254282,7,0.8
2961.121750797718,-4.8937284053089645,-15.992343619713607,7,0.8
2981.717981359431,-4.876963690129879,-16.13851597239131,7,0.8
3002.4574700337953,-4.859935921435477,-16.286254711113553,7,0.8
3023.3412132597846,-4.842654168692409,-16.43578784668452,7,0.8
3044.3702144071544,-4.825140355378182,-16.587533366128735,7,0.8
3065.545483824648,-4.807330792958393,-16.740631376527837,7,0.8
3086.868038888538,-4.7893220507565655,-16.89661057034093,7,0.8
3108.338904051513,-4.771063064069622,-17.054799816876503,7,0.8
3129.9591108918903,-4.752525977754897,-17.21488333362853,7,0.8
3151.7296981631816,-4.733655399842794,-17.37615356775288,7,0.8
3173.651711844004,-4.714565526045043,-17.540376088154307,7,0.8
3195.726205188326,-4.695215631377928,-17.7070505853166,7,0.8
3217.954238776082,-4.675535611044809,-17.87526930964103,7,0.8
3240.3368805641194,-4.655645114323194,-18.046849251869396,7,0.8
3262.8752059375156,-4.635432432287234,-18.220293964405137,7,0.8
3285.570297761241,-4.614921807652875,-18.396057312824112,7,0.8
3308.4232464321876,-4.594110226888516,-18.574204429356563,7,0.8
3331.435149931559,-4.572994687563845,-18.75480213728891,7,0.8
3354.607113877621,-4.551616704796203,-18.93853389292782,7,0.8
3377.9402515788224,-4.5298849538910915,-19.124245314261987,7,0.8
3401.4356840872842,-4.5079014455840545,-19.31345185439809,7,0.8
3425.094540252663,-4.485541995234545,-19.50456775090218,7,0.8
3448.9179567763854,-4.462895382340845,-19.698919187260138,7,0.8
3472.9070782662598,-4.4399122870136924,-19.89595414568761,7,0.8
3497.0630572914743,-4.41663784267552,-20.096393407331988,7,0.8
3521.387054437968,-4.393021440417004,-20.299678822649934,7,0.8
3545.880238364193,-4.369026267064398,-20.505452044091633,7,0.8
3570.543785857265,-4.3446813411745016,-20.714224970343302,7,0.8
3595.378881889502,-4.3200867025549075,-20.927415786543925,7,0.8
3620.3867196753545,-4.295051365896184,-21.142676525061205,7,0.8
3645.5685007287366,-4.269728058005219,-21.362103003632054,7,0.8
3670.9254349207527,-4.244026667228046,-21.584668572680357,7,0.8
3696.458740537827,-4.217979998040878,-21.810920801982196,7,0.8
3722.1696443402334,-4.191548648237699,-22.040498056476356,7,0.8
3748.0593816210417,-4.164804681376707,-22.27442787916299,7,0.8
3774.129196265462,-4.137613182658926,-22.511180516331503,7,0.8
3800.3803408106105,-4.110026476183638,-22.751549739227784,7,0.8
3826.8140765056887,-4.082160535508958,-22.99707329472306,7,0.8
3853.43167337258,-4.053815306498513,-23.245477638644527,7,0.8
3880.2344102668694,-4.025168857934924,-23.499036507422773,7,0.8
3907.223574939284,-3.9960974886825,-23.756418810099042,7,0.8
3934.400464097566,-3.9665757999708195,-24.017485590015156,7,0.8
3961.7663834687746,-3.936707148818352,-24.28358854482489,7,0.8
3989.322647862018,-3.9064701016640564,-24.55461542001502,7,0.8
4017.070581231624,-3.875729689287857,-24.82918340110299,7,0.8
4045.011516740754,-3.8446845893186006,-25.109693945714866,7,0.8
4073.1467968254487,-3.8131991126460223,-25.394765681018555,7,0.8
4101.477773259132,-3.7812701714634063,-25.684528465309025,7,0.8
4130.005807217556,-3.7489672316341895,-25.979900292148308,7,0.8
4158.732269344197,-3.7161441737768364,-26.279456839921615,7,0.8
4187.658539816113,-3.683019709302833,-26.58571130448847,7,0.8
4216.78600841025,-3.649472552906574,-26.8975093867858,7,0.8
4246.116074570219,-3.615424497409649,-27.214199330159264,7,0.8
4275.650147473531,-3.5809769948661954,-27.53701108953081,7,0.8
4305.389646099301,-3.5461049430720393,-27.86584354585786,7,0.8
4335.335999296423,-3.5107542216017604,-28.200316300555222,7,0.8
4365.4906458522255,-3.475118933805862,-28.542538609114782,7,0.8
4395.8550345615895,-3.4390091486307437,-28.89076294981651,7,0.8
4426.430624296562,-3.4023948942249755,-29.24488149062538,7,0.8
4457.21888407645,-3.3653926866069472,-29.606203952340138,7,0.8
4488.2212931383965,-3.3279169912351696,-29.974075502480282,7,0.8
4519.439341008452,-3.290030120287306,-30.349263180875003,7,0.8
4550.874527573141,-3.2517683967152085,-30.732265820993447,7,0.8
4582.528363151522,-3.2131393526735614,-31.12330387318641,7,0.8
4614.402368567757,-3.1740531558857743,-31.52172120825934,7,0.8
4646.498075224173,-3.134479819912231,-31.9274362506423,7,0.8
4678.817025174842,-3.094592121914088,-32.342154016176806,7,0.8
4711.360771199674,-3.0542641715720102,-32.76492508680909,7,0.8
4744.130876879015,-3.013502036910621,-33.19598305767803,7,0.8
4777.128916668773,-2.9724579440718446,-33.63678252950818,7,0.8
4810.356475976061,-2.9310379037770184,-34.08667585508705,7,0.8
4843.815151235375,-2.8892157983324833,-34.54561449608049,7,0.8
4877.506549985286,-2.847040911676974,-35.014167305076406,7,0.8
4911.432290945683,-2.8044881408556317,-35.492295693343294,7,0.8
4945.594004095541,-2.761611146117377,-35.98058535122922,7,0.8
4979.9933307512365,-2.7184685313324284,-36.47963492781313,7,0.8
5014.631923645403,-2.675039980422075,-36.98942534187823,7,0.8
5049.511447006339,-2.631389484564485,-37.51057059678692,7,0.8
5084.633576637967,-2.5874548630168714,-38.04274313883774,7,0.8
5120.000000000346,-2.5431234921928816,-38.58529254872448,7,0.8
5155.612416290749,-2.498823802609213,-39.14140019550285,7,0.8
5191.4725365253,-2.4542716933216453,-39.70915691854802,7,0.8
5227.582083621183,-2.409444926123879,-40.288561437694895,7,0.8
5263.942792479418,-2.36476052742234,-40.88251766762768,7,0.8
5300.556410068212,-2.31977058459341,-41.488140345616564,7,0.8
5337.424695506905,-2.274908398015082,-42.1083484268158,7,0.8
5374.54942015047,-2.230069951060026,-42.742516026052776,7,0.8
5411.932367674636,-2.1850873179918335,-43.389691010937526,7,0.8
5449.575334161574,-2.1402694963269693,-44.05183812652455,7,0.8
5487.480128186196,-2.0956170271847614,-44.728980310267154,7,0.8
5525.648570903045,-2.051129305444061,-45.42114035204946,7,0.8
5564.082496133798,-2.0066874998437285,-46.12769658540322,7,0.8
5602.78375045537,-1.9627589451142335,-46.85125270888742,7,0.8
5641.754193288633,-1.9191793800224977,-47.59085590646105,7,0.8
5680.995696987757,-1.8760800514091538,-48.347160453109524,7,0.8
5720.51014693016,-1.8332828239015209,-49.11921993860256,7,0.8
5760.2994416071,-1.7913746777104786,-49.90989547495728,7,0.8
5800.365492714889,-1.749792366108696,-50.71633189526182,7,0.8
5840.710225246731,-1.7092142490105626,-51.54165837217786,7,0.8
5881.335577585225,-1.669401638866669,-52.384585074897636,7,0.8
5922.243501595481,-1.630588874047646,-53.245993304429035,7,0.8
5963.435962718906,-1.5927369658117383,-54.12551366440824,7,0.8
6004.914940067636,-1.5559479816047173,-55.02337719248367,7,0.8
6046.682426519615,-1.5204799554008075,-55.940375851334416,7,0.8
6088.740428814354,-1.4862996838419584,-56.87608577618392,7,0.8
6131.090967649341,-1.4537595895843392,-57.83150131653484,7,0.8
6173.736077777122,-1.4225940599251128,-58.80530254395981,7,0.8
6216.6778081030725,-1.393409684159306,-59.799221447524154,7,0.8
6259.918221783827,-1.3661052517174745,-60.812422443222054,7,0.8
6303.4593963264115,-1.3405651407599013,-61.84410045336439,7,0.8
6347.303423688055,-1.3171765316124526,-62.89498410647031,7,0.8
6391.4524103767,-1.2962601849826263,-63.96541816621061,7,0.8
6435.9084775522115,-1.2777945444749816,-65.05469288879439,7,0.8
6480.673761128287,-1.261748306537531,-66.16210522587517,7,0.8
6525.750411875079,-1.248264350617577,-67.2873917482798,7,0.8
6571.140595522531,-1.2379536177373036,-68.43124129875252,7,0.8
6616.846492864425,-1.2306962906387058,-69.59252987231244,7,0.8
6662.870299863169,-1.2264514773215867,-70.77036918596225,7,0.8
6709.214227755292,-1.2253610682329006,-71.96423013710354,7,0.8
6755.880503157695,-1.2280566456748823,-73.17429795713953,7,0.8
6802.871368174619,-1.2343930060850274,-74.39928573639035,7,0.8
6850.189080505378,-1.2441061708143506,-75.63785321360656,7,0.8
6897.835913552822,-1.2579252455213479,-76.88997401760051,7,0.8
6945.814156532571,-1.2756745386932042,-78.1543001074619,7,0.8
6994.126114583001,-1.2972631366471277,-79.42967265507326,7,0.8
7042.774108875988,-1.3234158964252325,-80.71557802351575,7,0.8
7091.760476728439,-1.3537161492096852,-82.0104435451101,7,0.8
7141.087571714584,-1.3885630774149684,-83.31328963929681,7,0.8
7190.757763779057,-1.4277189920090358,-84.6227384265595,7,0.8
7240.773439350762,-1.4711406549543884,-85.93758158873604,7,0.8
7291.137001457528,-1.519722396612664,-87.25660923705784,7,0.8
7341.850869841561,-1.5725530274124553,-88.5784089581874,7,0.8
7392.917481075709,-1.6299728087106105,-89.90169658053966,7,0.8
7444.339288680522,-1.6920975249761496,-91.2250899963961,7,0.8
7496.118763242139,-1.7589229923429777,-92.54720882969816,7,0.8
7548.258392530979,-1.8302212740265031,-93.86684425721282,7,0.8
7600.760681621277,-1.9061710420329985,-95.18253525657252,7,0.8
7653.628153011434,-1.986519192471038,-96.4931721628598,7,0.8
7706.863346745218,-2.0713135426276392,-97.79741256080433,7,0.8
7760.468820533797,-2.161097525002476,-99.09317853607531,7,0.8
7814.447149878626,-2.254661318507912,-100.38075773156791,7,0.8
7868.800928195191,-2.352427728584987,-101.6583820610178,7,0.8
7923.532766937609,-2.454592649575381,-102.92442542177503,7,0.8
7978.645295724095,-2.5603493014901786,-104.17913543925302,7,0.8
8034.141162463309,-2.6703673343696814,-105.42003859763417,7,0.8
8090.023033481568,-2.783933020044589,-106.64743327323256,7,0.8
8146.293593650958,-2.9012047609682763,-107.859876631758,7,0.8
8202.955546518326,-3.0218561116586367,-109.05707817363253,7,0.8
8260.011614435174,-3.146207103248356,-110.23712233328064,7,0.8
8317.464538688457,-3.2734673540511934,-111.40113709645661,7,0.8
8375.317079632288,-3.403769209875832,-112.54785660618563,7,0.8
8433.572016820564,-3.5369655575453773,-113.67681620197591,7,0.8
8492.232149140504,-3.6728237666676504,-114.78790933866634,7,0.8
8551.300294947127,-3.8114522915678166,-115.87992981697975,7,0.8
8610.779292198666,-3.9525316667970163,-116.95317440536361,7,0.8
8670.671998592914,-4.095837386626903,-118.00774656387394,7,0.8
8730.981291704516,-4.241311214413371,-119.04319289994139,7,0.8
8791.710069123244,-4.3887371394966905,-120.05973690933881,7,0.8
8852.86124859319,-4.538286081781576,-121.05602284314013,7,0.8
8914.437768152968,-4.689368594883826,-122.03401002339008,7,0.8
8976.44258627686,-4.842159963795617,-122.99242161555523,7,0.8
9038.878682016972,-4.996390379908754,-123.93200802367559,7,0.8
9101.74905514635,-5.152152171080784,-124.85185388370556,7,0.8
9165.056726303115,-5.309051401886111,-125.75348387174482,7,0.8
9228.804737135582,-5.467053175441982,-126.63673892038798,7,0.8
9292.996150448414,-5.626249583451717,-127.5007636675698,7,0.8
9357.634050349754,-5.78634237458594,-128.34683940435724,7,0.8
9422.721542399418,-5.9473014483761855,-129.17485943596944,7,0.8
9488.261753758103,-6.109155273784014,-129.98436841077148,7,0.8
9554.257833337617,-6.2713413168217,-130.7785233793484,7,0.8
9620.712951952195,-6.4344301718619565,-131.5536581614919,7,0.8
9687.630302470823,-6.597878231128459,-132.31295999608858,7,0.8
9755.013099970645,-6.761950201890301,-133.05457235144777,7,0.8
9822.864581891441,-6.926194378710707,-133.7813483906034,7,0.8
9891.188008191157,-7.090871432986029,-134.4914407480357,7,0.8
9959.98666150255,-7.255862178069917,-135.18554126422677,7,0.8
10029.26384729088,-7.4208107522506115,-135.8661496731441,7,0.8
10099.022894012754,-7.586113262967267,-136.5303465424841,7,0.8
10169.26715327601,-7.751518041602649,-137.17991210084907,7,0.8
10240.000000000768,-7.9168414504797155,-137.81625463223583,7,0.8
10311.224832581574,-8.08222795656981,-138.43826667962574,7,0.8
10382.945073050678,-8.247590036182133,-139.0466363091738,7,0.8
10455.164167242447,-8.41280512624088,-139.64239805633815,7,0.8
10527.885584958914,-8.57796820477432,-140.22480628857798,7,0.8
10601.112820136505,-8.743003216128752,-140.79453462237325,7,0.8
10674.849391013888,-8.907801336826765,-141.35259527287906,7,0.8
10749.098840301021,-9.072532185007123,-141.89754736648825,7,0.8
10823.864735349352,-9.236899567339682,-142.43213091740938,7,0.8
10899.15066832323,-9.40114639442809,-142.95421352834288,7,0.8
10974.960256372473,-9.565064637401026,-143.465813506637,7,0.8
11051.297141806172,-9.728674339325453,-143.9668645090159,7,0.8
11128.16499226768,-9.89206151631808,-144.4566269665207,7,0.8
11205.567500910824,-10.055072030106196,-144.9367285795098,7,0.8
11283.508386577352,-10.217663178439375,-145.40775635043673,7,0.8
11361.991393975597,-10.380017468213993,-145.86796543892834,7,0.8
11441.020293860403,-10.541930578464777,-146.3196021102594,7,0.8
11520.598883214287,-10.703488100594061,-146.76191491727428,7,0.8
11600.730985429864,-10.864709178042514,-147.19482169393928,7,0.8
11681.420450493551,-11.025525208530997,-147.6192082296145,7,0.8
11762.671155170538,-11.185930139427144,-148.03529692102705,7,0.8
11844.48700319105,-11.345973522450956,-148.44267049614993,7,0.8
11926.871925437901,-11.505540159950238,-148.84281108108084,7,0.8
12009.82988013536,-11.664760815391592,-149.23434884145206,7,0.8
12093.36485303932,-11.82355050026822,-149.61843267768498,7,0.8
12177.4808576288,-11.98185708925484,-149.99586967255019,7,0.8
12262.181935298773,-12.139853012591207,-150.36469995816736,7,0.8
12347.472155554336,-12.297314318202233,-150.727861968957,7,0.8
12433.355616206238,-12.454410029018488,-151.0834045464076,7,0.8
12519.836443567749,-12.611044159036101,-151.43271048508356,7,0.8
12606.918792652916,-12.767307646736935,-151.77475908001833,7,0.8
12694.606847376202,-12.923087892341318,-152.11119629112466,7,0.8
12782.904820753494,-13.078495410295547,-152.44071366290345,7,0.8
12871.816955104521,-13.233402486057042,-152.7652113102414,7,0.8
12961.347522256672,-13.387916891754287,-153.0833884705121,7,0.8
13051.500823750257,-13.54203796964664,-153.3954026121563,7,0.8
13142.28119104516,-13.695687498168787,-153.7025292829608,7,0.8
13233.69298572895,-13.848965970606768,-154.00349775764923,7,0.8
13325.740599726436,-14.001835146714834,-154.2990117139873,7,0.8
13418.428455510686,-14.154223839809198,-154.59029928878826,7,0.8
13511.761006315492,-14.306246025250527,-154.87583493364937,7,0.8
13605.74273634934,-14.457849127174198,-155.1565657342613,7,0.8
13700.378161010858,-14.609036681997303,-155.43260747295102,7,0.8
13795.671827105747,-14.759745294032333,-155.70513031273455,7,0.8
13891.628313065248,-14.910147064170774,-155.97159429223686,7,0.8
13988.252229166108,-15.060127100719555,-156.2339654089658,7,0.8
14085.548217752083,-15.20970614061545,-156.4920818845623,7,0.8
14183.520953456982,-15.35888823098058,-156.74604338448657,7,0.8
14282.175143429275,-15.507677482592303,-156.99594666100643,7,0.8
14381.515527558222,-15.656137214120605,-157.24088072176116,7,0.8
14481.546878701633,-15.804137638512339,-157.48320427423639,7,0.8
14582.274002915165,-15.951829436751005,-157.72050415308937,7,0.8
14683.70173968323,-16.099073497989373,-157.9553466099543,7,0.8
14785.834962151528,-16.24600105392575,-158.1855986847247,7,0.8
14888.678577361155,-16.392573070145723,-158.41208851431398,7,0.8
14992.23752648439,-16.5387669656062,-158.6353782233461,7,0.8
15096.516785062071,-16.68462642842708,-158.854828203781,7,0.8
15201.521363242668,-16.830129187040576,-159.07099400954706,7,0.8
15307.256306022984,-16.97526734579276,-159.2841802981057,7,0.8
15413.726693490553,-17.120082317301897,-159.4937592282927,7,0.8
15520.93764106771,-17.264505969114857,-159.7011827492619,7,0.8
15628.894299757369,-17.408661694908233,-159.90422623053146,7,0.8
15737.6018563905,-17.55242440850473,-160.10546178265122,7,0.8
15847.065533875337,-17.6959135801467,-160.30269400742648,7,0.8
15957.29059144831,-17.839053551057173,-160.49755934066715,7,0.8
16068.282324926739,-17.981871433006745,-160.68966720888238,7,0.8
16180.046066963258,-18.124371514166807,-160.8790750727896,7,0.8
16292.587187302037,-18.266558051223683,-161.06583882934964,7,0.8
16405.911093036775,-18.408435267651267,-161.25001286145005,7,0.8
16520.023228870472,-18.55004719918447,-161.4308025459572,7,0.8
16634.92907737704,-18.6913371065812,-161.6095413551966,7,0.8
16750.634159264704,-18.832310250502413,-161.7862686394993,7,0.8
16867.144033641256,-18.973047114640153,-161.95936980438069,7,0.8
16984.464298281135,-19.113437719172037,-162.13138193941933,7,0.8
17102.600589894384,-19.253579890259083,-162.30028855392496,7,0.8
17221.558584397462,-19.393422167408023,-162.46736384663768,7,0.8
17341.343997185955,-19.53300444068347,-162.63184223527284,7,0.8
17461.962583409164,-19.67231248499141,-162.7941725877126,7,0.8
17583.42013824662,-19.811350168403557,-162.95439633768842,7,0.8
17705.72249718651,-19.950121314338112,-163.11255385320638,7,0.8
17828.875536306066,-20.08862158122231,-163.26887772740804,7,0.8
17952.885172553855,-20.22688703632425,-163.42263485682338,7,0.8
18077.75736403408,-20.364880916774666,-163.57482728306064,7,0.8
18203.498110292836,-20.502630795585453,-163.7249163922295,7,0.8
18330.113452606365,-20.640147411185087,-163.8727553682195,7,0.8
18457.609474271307,-20.777418680776197,-164.01875886329273,7,0.8
18585.99230089697,-20.91443356150237,-164.1633283399571,7,0.8
18715.26810069965,-21.05120347056978,-164.30630515998394,7,0.8
18845.44308479898,-21.18776737080818,-164.44681230721338,7,0.8
18976.523507516347,-21.324064973385056,-164.58651387250475,7,0.8
19108.51566667538,-21.460169325311487,-164.72363844671503,7,0.8
19241.425903904536,-21.59604857800078,-164.8591203255644,7,0.8
19375.260604941792,-21.731679786040836,-164.9936889149263,7,0.8
19510.026199941436,-21.86712548826292,-165.12579219399584,7,0.8
19645.729163783028,-22.002336540998616,-165.25685730862156,7,0.8
19782.376016382463,-22.137360596538976,-165.38570232140356,7,0.8
19919.973323005244,-22.27215666624911,-165.51355680136624,7,0.8
20058.527694581913,-22.406752779732685,-165.6397614283609,7,0.8
20198.045788025658,-22.541145721518557,-165.7645121799498,7,0.8
20338.53430655217,-22.675344255486497,-165.8876680779067,7,0.8
20480.00000000169,-22.80933959487987,-166.0095853191845,7,0.8
20622.4496651633,-22.94314052054238,-166.13012047213246,7,0.8
20765.890146101516,-23.076755380864356,-166.24913484492933,7,0.8
20910.32833448505,-23.21018127180551,-166.36681487191132,7,0.8
21055.771169917985,-23.343431610490263,-166.48286438911302,7,0.8
21202.22564027317,-23.47649286282597,-166.59778539713645,7,0.8
21349.698782027936,-23.60936283130597,-166.71175134582998,7,0.8
21498.197680602203,-23.74206494011377,-166.82415423626847,7,0.8
21647.72947069887,-23.87458633778484,-166.93548334773965,7,0.8
21798.301336646622,-24.00693963844988,-167.04544890624277,7,0.8
21949.920512745113,-24.139122308600378,-167.15422513352496,7,0.8
22102.59428361251,-24.27112263152004,-167.26228175597538,7,0.8
22256.32998453553,-24.402985698746484,-167.36828353824473,7,0.8
22411.135001821818,-24.53468046257597,-167.47330563650482,7,0.8
22567.01677315487,-24.666214054353354,-167.57721501370517,7,0.8
22723.98278795137,-24.79757996623407,-167.68032007517564,7,0.8
22882.04058772098,-24.928789678419285,-167.78234144334434,7,0.8
23041.197766428744,-25.05985405105087,-167.88300854035762,7,0.8
23201.4619708599,-25.190758033286208,-167.98291338098352,7,0.8
23362.840900987278,-25.321512560319274,-168.08178245359719,7,0.8
23525.342310341253,-25.452136148276846,-168.17907056712832,7,0.8
23688.974006382276,-25.582606045854966,-168.2756400122261,7,0.8
23853.743850875984,-25.712924772694052,-168.37149889732066,7,0.8
24019.6597602709,-25.843118138603085,-168.46583377968014,7,0.8
24186.729706078822,-25.973160658846574,-168.55962231157343,7,0.8
24354.96171525778,-26.103073749594525,-168.65219481134127,7,0.8
24524.363870597732,-26.232851634525232,-168.74383851625143,7,0.8
24694.944311108862,-26.362496286000876,-168.8345666027113,7,0.8
24866.711232412665,-26.492002470895333,-168.92465538216842,7,0.8
25039.672887135683,-26.621390099530796,-169.0134579988749,7,0.8
25213.837585306024,-26.750639697449184,-169.10177404729728,7,0.8
25389.213694752598,-26.879770718194994,-169.18896325172747,7,0.8
25565.809641507185,-27.008781294301954,-169.27517119626816,7,0.8
25743.63391020923,-27.13766975508254,-169.3605392224263,7,0.8
25922.695044513537,-27.266434617118087,-169.44520452260363,7,0.8
26103.00164750071,-27.395074575561157,-169.529300231249,7,0.8
26284.562382090517,-27.523616921162237,-169.61184078996686,7,0.8
26467.385971458098,-27.652028253926474,-169.6942060710689,7,0.8
26651.481199453076,-27.780344646617777,-169.77505073926872,7,0.8
26836.856911021572,-27.908527717146256,-169.8559755941232,7,0.8
27023.522012631187,-28.036606773405506,-169.9358901516781,7,0.8
27211.485472698885,-28.16457728858486,-170.01504833583982,7,0.8
27400.75632202192,-28.292446579602956,-170.09322323837648,7,0.8
27591.3436542117,-28.420210265110395,-170.1706646413616,7,0.8
27783.256626130707,-28.54787544078196,-170.24714873355953,7,0.8
27976.504458332423,-28.675426893728783,-170.3233838992972,7,0.8
28171.096435504372,-28.802877411200953,-170.3989092853599,7,0.8
28367.04190691418,-28.930236411487865,-170.4733917199044,7,0.8
28564.35028685876,-29.05749708929898,-170.5471865279656,7,0.8
28763.031055116662,-29.18465825699601,-170.62041392472807,7,0.8
28963.093757403483,-29.311723921886482,-170.69296756452138,7,0.8
29164.548005830547,-29.438690385119386,-170.76507561921937,7,0.8
29367.403479366687,-29.56556894114584,-170.83630045379303,7,0.8
29571.669924303278,-29.692362880209366,-170.90654314710793,7,0.8
29777.35715472254,-29.819056020561785,-170.9765706667975,7,0.8
29984.475052969006,-29.945660847371496,-171.04583587991831,7,0.8
30193.03357012437,-30.072178376687724,-171.11422616594808,7,0.8
30403.042726485564,-30.19859777914725,-171.1819346480393,7,0.8
30614.512612046197,-30.32488379985041,-171.249358317653,7,0.8
30827.45338698134,-30.450961042930807,-171.31642760301267,7,0.8
31041.875282135654,-30.57717803921687,-171.38474840374624,7,0.8
31257.788599514974,-30.703464152271334,-171.45004268853796,7,0.8
31475.203712781236,-30.829544698958607,-171.51469596813885,7,0.8
31694.13106775091,-30.955508249741214,-171.57908897027326,7,0.8
31914.581182896858,-31.081383662159148,-171.64298403632196,7,0.8
32136.564649853717,-31.20718644218006,-171.7059596331659,7,0.8
32360.09213392676,-31.332903591794828,-171.7688064858997,7,0.8
32585.17437460432,-31.458547226581743,-171.8310231543828,7,0.8
32811.8221860738,-31.584116811116715,-171.89271070329525,7,0.8
33040.04645774119,-31.70961930707984,-171.9535822821716,7,0.8
33269.85815475433,-31.83504626350262,-172.01412836982712,7,0.8
33501.26831852966,-31.9603952597941,-172.07453992093218,7,0.8
33734.28806728276,-32.085687640199225,-172.13377315793355,7,0.8
33968.928596562524,-32.21090418805393,-172.19288053845509,7,0.8
34205.20117978902,-32.33605502985921,-172.25139296622774,7,0.8
34443.11716879519,-32.46113932823438,-172.30941022589965,7,0.8
34682.68799437217,-32.586161460764735,-172.36675385200508,7,0.8
34923.92516681859,-32.71111548315238,-172.42379769603215,7,0.8
35166.8402764935,-32.83600247503578,-172.48054286040284,7,0.8
35411.44499437329,-32.96083003305585,-172.5366311262585,7,0.8
35657.7510726124,-33.085595688106004,-172.59224984526554,7,0.8
35905.77034510798,-33.210300324720215,-172.64740398662798,7,0.8
36155.51472806843,-33.334949502077386,-172.70183481031256,7,0.8
36406.99622058595,-33.459536172473264,-172.75598913374293,7,0.8
36660.22690521301,-33.58406283746063,-172.80978127348556,7,0.8
36915.21894854289,-33.7085348815568,-172.86295610884443,7,0.8
37171.98460179422,-33.83294710259506,-172.9158634506279,7,0.8
37430.53620139958,-33.9573033426298,-172.96833467248425,7,0.8
37690.88616959824,-34.08160725712154,-173.02020606488418,7,0.8
37953.04701503298,-34.20585105288709,-173.07198679240716,7,0.8
38217.03133335104,-34.33004963245952,-173.1228449465767,7,0.8
38482.85180780936,-34.45418971321801,-173.173618714296,7,0.8
38750.521209883875,-34.57828037542465,-173.22381493711046,7,0.8
39020.05239988316,-34.70231958454615,-173.27360360881642,7,0.8
39291.458327566346,-34.826306762638325,-173.32306938899288,7,0.8
39564.752032765224,-34.95024526574619,-173.37205471752466,7,0.8
39839.94664601079,-35.074133204762376,-173.42072409446644,7,0.8
40117.05538916413,-35.197971334353156,-173.46907976497457,7,0.8
40396.09157605162,-35.32176656636601,-173.51673281680573,7,0.8
40677.068613104646,-35.445512067308044,-173.56415987263085,7,0.8
40960.00000000368,-35.56920861390664,-173.61136135156542,7,0.8
41244.899330326916,-35.692861693032924,-173.65803148619156,7,0.8
41531.78029220334,-35.81646952265037,-173.70432930143275,7,0.8
41820.65666897041,-35.94003044959324,-173.7504093468087,7,0.8
42111.54233983629,-36.063549725013445,-173.79597234348913,7,0.8
42404.45128054665,-36.187026757272605,-173.8410994692626,7,0.8
42699.3975640562,-36.31045772051044,-173.88609116988115,7,0.8
42996.39536120473,-36.43385201600414,-173.93035969166078,7,0.8
43295.458941398065,-36.557198276251036,-173.9747169213886,7,0.8
43596.60267329357,-36.68051102589557,-174.0182174704934,7,0.8
43899.84102549055,-36.803778096497844,-174.06173643439908,7,0.8
44205.18856722535,-36.92700844924617,-174.1046995471316,7,0.8
44512.659969071385,-37.05019547164679,-174.1476096490322,7,0.8
44822.27000364397,-37.173345840605265,-174.19004259575013,7,0.8
45134.033546310086,-37.29645806050681,-174.23214399327534,7,0.8
45447.96557590307,-37.41953459500391,-174.27377854564526,7,0.8
45764.081175442305,-37.54257019604994,-174.3153645728611,7,0.8
46082.39553285784,-37.66557116391141,-174.35648987273905,7,0.8
46402.92394172015,-37.78853977559232,-174.39702492382466,7,0.8
46725.681801974904,-37.91146820025877,-174.43758374747028,7,0.8
47050.68462068286,-38.0343643022476,-174.47762786258374,7,0.8
47377.94801276491,-38.157223160635155,-174.51756222389758,7,0.8
47707.487701752325,-38.280052338578656,-174.55685883557692,7,0.8
48039.319520542165,-38.40284354914284,-174.59618109281223,7,0.8
48373.45941215801,-38.52560421514149,-174.63500565668764,7,0.8
48709.923430515926,-38.64833219202601,-174.67353272343396,7,0.8
49048.72774119583,-38.7710246532827,-174.71202085769505,7,0.8
49389.888622218095,-38.89369029078945,-174.74983214545827,7,0.8
49733.4224648257,-39.0163221567929,-174.78754493136182,7,0.8
50000.0,-39.110878430612914,-174.8165108211223,7,0.8
10.0,-3.3343031202179345,-0.3219968768960522,8,0.9
10.069555500567189,-3.334456093479463,-0.3239077543862181,8,0.9
10.139594797900294,-3.3345898905648323,-0.32582307883634093,8,0.9
10.210121257071936,-3.3347381327096173,-0.3277475382534553,8,0.9
10.281138266560667,-3.334887391790344,-0.3296791982061703,8,0.9
10.352649238413779,-3.3350410431501647,-0.33161849897130613,8,0.9
10.424657608411218,-3.335182299557448,-0.33356295499915517,8,0.9
10.497166836230678,-3.335331339221485,-0.33551543498814473,8,0.9
10.57018040561381,-3.3354948980094963,-0.3374769037894426,8,0.9
10.643701824533608,-3.3356427486914884,-0.33944284894425775,8,0.9
10.71773462536294,-3.3358085100548482,-0.3414182043857496,8,0.9
10.792282365044281,-3.335972036639207,-0.34339992417996434,8,0.9
10.867348625260592,-3.3361333450945545,-0.3453879420287797,8,0.9
10.942937012607405,-3.3362924523145097,-0.34738219008776394,8,0.9
11.019051158766118,-3.336459455392584,-0.34938415548599727,8,0.9
11.095694720678463,-3.3366175715804216,-0.3513911881216536,8,0.9
11.172871380722214,-3.3367802583492168,-0.35340529858415637,8,0.9
11.250584846888108,-3.336960972590183,-0.35542855668099044,8,0.9
11.328838852958,-3.337122774007015,-0.35745508165839235,8,0.9
11.407637158684253,-3.3372959192267837,-0.3594895804398172,8,0.9
11.486983549970367,-3.3374703473701413,-0.3615303960110028,8,0.9
11.566881839052892,-3.3376527963826863,-0.3635785522093727,8,0.9
11.647335864684578,-3.337826487485229,-0.36563125495505583,8,0.9
11.728349492318808,-3.33801159724826,-0.3676917205172145,8,0.9
11.809926614295325,-3.338187988533055,-0.3697565665394689,8,0.9
11.892071150027233,-3.338369119200259,-0.37182793089041555,8,0.9
11.97478704618931,-3.3385617276297475,-0.3739068831494252,8,0.9
12.05807827690763,-3.3387490379899525,-0.37599053428733087,8,0.9
12.141948843950495,-3.3389445079804396,-0.3780810794028893,8,0.9
12.226402776920713,-3.3391246450826264,-0.38017441642791033,8,0.9
12.31144413344919,-3.339319702566817,-0.3822756462755709,8,0.9
12.397076999389895,-3.339509548074359,-0.3843812174877096,8,0.9
12.48330548901615,-3.3397177158409397,-0.386495160455844,8,0.9
12.570133745218314,-3.3399072809259516,-0.38861090609669824,8,0.9
12.657565939702833,-3.340111854353326,-0.3907342902081287,8,0.9
12.745606273192656,-3.3403180239004007,-0.3928628624659253,8,0.9
12.834258975629076,-3.3405190959338094,-0.39499531873781923,8,0.9
12.923528306374958,-3.3407218117548383,-0.3971327704789784,8,0.9
13.013418554419374,-3.3409329121817914,-0.3992763635051675,8,0.9
13.10393403858367,-3.341145704722398,-0.4014247902389999,8,0.9
13.195079107728983,-3.3413467812270077,-0.4035754526130398,8,0.9
13.286858140965156,-3.3415630333449533,-0.4057332531623253,8,0.9
13.379275547861162,-3.341777695255356,-0.407894974036919,8,0.9
13.472335768656947,-3.341997509358772,-0.41006178783804736,8,0.9
13.566043274476765,-3.3422191436887223,-0.4122329677953491,8,0.9
13.660402567544,-3.3424359093610425,-0.4144071174319955,8,0.9
13.755418181397484,-3.342661265234182,-0.41658672982000705,8,0.9
13.851094681109295,-3.342895238416337,-0.4187717353331673,8,0.9
13.947436663504105,-3.3431109953756493,-0.4209567483928858,8,0.9
14.044448757380025,-3.3433421413949267,-0.4231482746040413,8,0.9
14.142135623731003,-3.3435752744942553,-0.42534357486138863,8,0.9
14.240501955970773,-3.343810423917362,-0.4275425476950213,8,0.9
14.33955248015833,-3.344037547385512,-0.429743038253482,8,0.9
14.439291955225018,-3.3442768192526895,-0.4319490339542949,8,0.9
14.539725173203164,-3.344521554842901,-0.4341590880534275,8,0.9
14.640856959456315,-3.3447617137932593,-0.43637101349368107,8,0.9
14.742692172911074,-3.3450073990087787,-0.4385867888278998,8,0.9
14.845235706290554,-3.3452485715545595,-0.44080419504509866,8,0.9
14.94849248634945,-3.3454953345794234,-0.44302524055559445,8,0.9
15.05246747411074,-3.3457410073271596,-0.4452483944764229,8,0.9
15.15716566510405,-3.3459923366688105,-0.44747498603813857,8,0.9
15.26259208960566,-3.3462426430732393,-0.44970346265873873,8,0.9
15.368751812880195,-3.3464986741307365,-0.45193517442057013,8,0.9
15.475649935423972,-3.34676046421585,-0.4541700307924075,8,0.9
15.58329159321007,-3.347017979641709,-0.4564056991575703,8,0.9
15.69168195793509,-3.3472813253497784,-0.45864429843246735,8,0.9
15.800826237267621,-3.3475438253303524,-0.4608842213494082,8,0.9
15.910729675098453,-3.3478088725755244,-0.4631261085162394,8,0.9
16.02139755179252,-3.3480731486934783,-0.4653690834638488,8,0.9
16.13283518444261,-3.3483467594643472,-0.4676153492998123,8,0.9
16.245047927124794,-3.348602896909041,-0.469858583959438,8,0.9
16.358041171155712,-3.3488885806597994,-0.4721095969497565,8,0.9
16.471820345351553,-3.3491535151227945,-0.47435652842073267,8,0.9
16.586390916288924,-3.349434652387759,-0.4766079377022708,8,0.9
16.70175838856748,-3.349715255234935,-0.4788597675465791,8,0.9
16.817928305074386,-3.3499920101928646,-0.48111108587486373,8,0.9
16.93490624725064,-3.3502716702001694,-0.4833633874136394,8,0.9
17.052697835359233,-3.350550922627464,-0.48561574715690337,8,0.9
17.17130872875518,-3.350843230840054,-0.4878713616584754,8,0.9
17.290744626157405,-3.3511217990082938,-0.4901235045663074,8,0.9
17.411011265922586,-3.351423575353396,-0.49238123952049967,8,0.9
17.53211442632081,-3.3517083472680476,-0.4946344086904626,8,0.9
17.654059925813208,-3.351999644174424,-0.49688878037386197,8,0.9
17.776853623331515,-3.352304221117821,-0.49914599890804723,8,0.9
17.900501418559564,-3.3525952893794493,-0.5013990934560637,8,0.9
18.02500925221672,-3.3528963779225425,-0.5036539880911878,8,0.9
18.150383106343334,-3.3531974722389597,-0.5059079913913099,8,0.9
18.27662900458813,-3.353501975575855,-0.5081618810419144,8,0.9
18.403753012497624,-3.353803229981681,-0.5104137836485644,8,0.9
18.53176123780754,-3.3541113480976863,-0.5126662729380408,8,0.9
18.660659830736275,-3.354416319537447,-0.5149165661311824,8,0.9
18.790454984280366,-3.354731611430725,-0.517168194166799,8,0.9
18.921152934512047,-3.355033801226651,-0.5194146781388735,8,0.9
19.05275996087888,-3.355359831203671,-0.521666034682099,8,0.9
19.18528238650542,-3.3556695144462525,-0.523911106726689,8,0.9
19.31872657849705,-3.3559897329389794,-0.5261572241384795,8,0.9
19.453098948245852,-3.3563071296301104,-0.5284005675201735,8,0.9
19.588405951738682,-3.356621761757938,-0.5306410274908087,8,0.9
19.72465408986733,-3.3569437455754785,-0.5328813836790416,8,0.9
19.861849908740865,-3.3572731390115362,-0.5351215962501464,8,0.9
20.00000000000015,-3.357593237443779,-0.5373567450195691,8,0.9
20.13911100113453,-3.3579141594972133,-0.5395896393945808,8,0.9
20.279189595800737,-3.358252728048047,-0.5418251624556661,8,0.9
20.42024251414402,-3.3585687757986404,-0.5440513673518936,8,0.9
20.56227653312149,-3.358902593713128,-0.5462801066001006,8,0.9
20.70529847682771,-3.359240835227025,-0.5485073724979084,8,0.9
20.849315216822593,-3.3595701568354572,-0.5507290404637906,8,0.9
20.994333672461515,-3.3599073836597055,-0.5529501308833145,8,0.9
21.14036081122778,-3.360249229627104,-0.5551695991104415,8,0.9
21.28740364906737,-3.3605790033984944,-0.5573821941840867,8,0.9
21.43546925072604,-3.3609235861659803,-0.5595961979073197,8,0.9
21.584564730088722,-3.3612629372208334,-0.5618052986564335,8,0.9
21.734697250521346,-3.3616004784251183,-0.5640104793558782,8,0.9
21.885874025214974,-3.3619396321317567,-0.5662127586016246,8,0.9
22.038102317532406,-3.362293873896076,-0.5684164459782206,8,0.9
22.191389441357092,-3.362639819149159,-0.5706139629456665,8,0.9
22.345742761444598,-3.362987594871021,-0.5728085190223228,8,0.9
22.501169693776383,-3.3633339251023524,-0.5749989885696963,8,0.9
22.657677705916175,-3.3636822366618135,-0.5771864531193102,8,0.9
22.815274317368676,-3.364032606179952,-0.57937090605756,8,0.9
22.973967099940907,-3.3643817614111,-0.5815512108363018,8,0.9
23.13376367810596,-3.36474653218918,-0.5837330625147145,8,0.9
23.29467172936933,-3.365100196992474,-0.5859073563839332,8,0.9
23.456698984637793,-3.365439488238357,-0.5880728418171679,8,0.9
23.619853228590827,-3.3658046875064,-0.5902434412203372,8,0.9
23.784142300054643,-3.366162378677211,-0.5924075798638921,8,0.9
23.949574092378796,-3.366519346488184,-0.5945675829682705,8,0.9
24.11615655381544,-3.3668756767299812,-0.5967234595126403,8,0.9
24.28389768790117,-3.3672314563422474,-0.5988752239130887,8,0.9
24.452805553841607,-3.367593472048369,-0.6010253249564805,8,0.9
24.622888266898567,-3.3679551142853814,-0.6031713961138355,8,0.9
24.794153998779972,-3.3683231713869963,-0.6053159348522467,8,0.9
24.966610978032485,-3.3686843393286137,-0.6074540659909573,8,0.9
25.140267490436816,-3.3690454090268322,-0.6095882802884928,8,0.9
25.315131879405854,-3.3694064748789447,-0.6117186273167102,8,0.9
25.4912125463855,-3.369777677584583,-0.6138489745146493,8,0.9
25.668517951258348,-3.3701356744778828,-0.6159705090690623,8,0.9
25.847056612750112,-3.37050400257247,-0.6180922127589842,8,0.9
26.026837108838944,-3.3708727157757155,-0.6202103490245193,8,0.9
26.20786807716754,-3.3712419147100907,-0.6223249995311135,8,0.9
26.390158215458165,-3.371615049054109,-0.6244375719186052,8,0.9
26.573716281930512,-3.3719754834329163,-0.6265415443917387,8,0.9
26.758551095722524,-3.372346756889497,-0.6286462740494004,8,0.9
26.944671537314093,-3.3727122370972094,-0.6307452123868442,8,0.9
27.13208654895373,-3.3730954633864494,-0.6328479319628405,8,0.9
27.320805135088207,-3.3734530293232643,-0.6349368988650549,8,0.9
27.510836362795175,-3.373825212929449,-0.6370285595847386,8,0.9
27.7021893622188,-3.3742020835564612,-0.639119002765613,8,0.9
27.89487332700842,-3.3745636729360533,-0.6411999958605864,8,0.9
28.088897514760255,-3.3749301779397394,-0.6432800033259828,8,0.9
28.284271247462218,-3.3753017142338955,-0.6453592151829832,8,0.9
28.48100391194176,-3.3756750526198886,-0.6474363960367157,8,0.9
28.679104960316874,-3.376046965923662,-0.649510275212937,8,0.9
28.878583910450253,-3.376420921434899,-0.6515824564012372,8,0.9
29.079450346406546,-3.376787003167927,-0.653648729815895,8,0.9
29.28171391891285,-3.377155373894352,-0.6557136241446998,8,0.9
29.485384345822368,-3.3775295050989556,-0.6577788316393749,8,0.9
29.690471412581335,-3.3779028319723263,-0.6598415984241016,8,0.9
29.896984972699123,-3.378272138017733,-0.6619005995039504,8,0.9
30.104934948221704,-3.3786475907831086,-0.6639605617234536,8,0.9
30.314331330208326,-3.3790059045131633,-0.6660110172955317,8,0.9
30.52518417921155,-3.3793873579459355,-0.6680705487057285,8,0.9
30.73750362576062,-3.379751943080482,-0.6701209298864067,8,0.9
30.951299870848175,-3.3801165242802074,-0.6721700550503433,8,0.9
31.16658318642038,-3.380491275518752,-0.6742228990728797,8,0.9
31.38336391587042,-3.3808596131263884,-0.6762718453898015,8,0.9
31.60165247453548,-3.3812216807838786,-0.6783170707967032,8,0.9
31.82145935019715,-3.3815943465298033,-0.6803668441345235,8,0.9
32.04279510358529,-3.3819677227518747,-0.6824166518659059,8,0.9
32.26567036888546,-3.3823386136885887,-0.6844651257042009,8,0.9
32.49009585424984,-3.382693793512393,-0.6865058943639044,8,0.9
32.716082342311665,-3.3830668565902027,-0.6885557240451389,8,0.9
32.94364069070335,-3.383427860290866,-0.6905999892834971,8,0.9
33.172781832578096,-3.3837869934360394,-0.692643919387842,8,0.9
33.40351677713521,-3.3841577893619776,-0.6946946074591075,8,0.9
33.63585661014903,-3.384520345858535,-0.6967421877744595,8,0.9
33.86981249450153,-3.3848815130914818,-0.6987903357346169,8,0.9
34.10539567071872,-3.3852447990189862,-0.700841094815952,8,0.9
34.34261745751061,-3.385603683672977,-0.702891300058063,8,0.9
34.58148925231507,-3.3859616791314484,-0.7049429982708976,8,0.9
34.822022531845434,-3.386315613439927,-0.706994731356315,8,0.9
35.064228852641875,-3.386685717239572,-0.7090575704482669,8,0.9
35.30811985162668,-3.3870287083852753,-0.7111085309674966,8,0.9
35.55370724666329,-3.3873915638689045,-0.7131731664307487,8,0.9
35.80100283711939,-3.3877510637464066,-0.7152392203544863,8,0.9
36.05001850443371,-3.388100705577088,-0.7173033166934194,8,0.9
36.30076621268694,-3.388464070563822,-0.7193787609564909,8,0.9
36.55325800917653,-3.3888045798877577,-0.7214454358669811,8,0.9
36.80750602499552,-3.389162529846285,-0.7235261559860308,8,0.9
37.06352247561536,-3.3895080320966087,-0.7256043685982907,8,0.9
37.32131966147283,-3.3898613329641325,-0.7276918424228791,8,0.9
37.58090996856101,-3.3901992353784838,-0.7297755293595894,8,0.9
37.84230586902438,-3.390552014502468,-0.7318731950768615,8,0.9
38.105519921758045,-3.390889795956406,-0.7339677627514782,8,0.9
38.37056477301113,-3.3912361750786957,-0.7360733170973854,8,0.9
38.63745315699439,-3.39158133308071,-0.7381844156739653,8,0.9
38.906197896491996,-3.391922137816377,-0.7402994667401416,8,0.9
39.176811903477656,-3.3922621420440677,-0.7424208768466913,8,0.9
39.449308179734956,-3.392604901076724,-0.7445511212929683,8,0.9
39.72369981748203,-3.392933926694836,-0.7466804130781458,8,0.9
40.000000000000604,-3.393282847651049,-0.7488297284582818,8,0.9
40.27822200226936,-3.3936151365929526,-0.7509768583891112,8,0.9
40.55837919160177,-3.3939477229242443,-0.7531325500544854,8,0.9
40.840485028288356,-3.394284174750597,-0.7552994004894878,8,0.9
41.124553066243294,-3.3946113607837294,-0.7574694121218352,8,0.9
41.410596953655734,-3.394936195779527,-0.7596472385120469,8,0.9
41.6986304336455,-3.3952689368880757,-0.7618398345012931,8,0.9
41.98866734492334,-3.395593121926188,-0.7640369049961757,8,0.9
42.28072162245588,-3.3959156740288963,-0.766243225365454,8,0.9
42.57480729813507,-3.396233498466123,-0.7684570669920904,8,0.9
42.8709385014524,-3.3965602031761595,-0.7706877983777007,8,0.9
43.16912946017777,-3.3968760001618374,-0.7729225882424059,8,0.9
43.46939450104301,-3.3972011825841006,-0.775175385113935,8,0.9
43.771748050430276,-3.3975059510447614,-0.7774263337164143,8,0.9
44.07620463506514,-3.397820623075027,-0.7796963439481579,8,0.9
44.38277888271451,-3.39813544351665,-0.7819791650312197,8,0.9
44.69148552288952,-3.398447340086675,-0.78427301623103,8,0.9
45.00233938755311,-3.398756583306379,-0.7865784071424713,8,0.9
45.315355411832684,-3.3990667860931962,-0.7888982239696055,8,0.9
45.63054863473769,-3.399368208182185,-0.7912258935604357,8,0.9
45.947934199882155,-3.3996644695688847,-0.7935642506696949,8,0.9
46.26752735621227,-3.399972548519577,-0.7959258913185393,8,0.9
46.58934345873901,-3.4002726986402863,-0.7982969582352244,8,0.9
46.913397969275934,-3.400575227254934,-0.8006852810251212,8,0.9
47.23970645718201,-3.400870412533606,-0.8030840687453582,8,0.9
47.56828460010965,-3.401168568147871,-0.805501279573903,8,0.9
47.89914818475796,-3.4014499644416256,-0.8079224991368442,8,0.9
48.232313107631235,-3.401748291475731,-0.8103733595154359,8,0.9
48.5677953758027,-3.402043826570065,-0.8128394681641793,8,0.9
48.90561110768358,-3.4023268676545992,-0.815313697923698,8,0.9
49.2457765337975,-3.4026144222067116,-0.8178093977451736,8,0.9
49.58830799756032,-3.4029001337011175,-0.8203220668845972,8,0.9
49.933221956065346,-3.4031809876620676,-0.8228496882169754,8,0.9
50.280534980874016,-3.4034539740786673,-0.8253901782024952,8,0.9
50.630263758812085,-3.4037361140772626,-0.8279573697995412,8,0.9
50.982425092771386,-3.404007715424165,-0.8305359790557015,8,0.9
51.33703590251707,-3.4042924823534233,-0.8331454060552161,8,0.9
51.69411322550061,-3.4045607181906994,-0.8357620444836443,8,0.9
52.05367421767828,-3.4048294592434014,-0.838399989557828,8,0.9
52.41573615433548,-3.405099056774266,-0.8410599308308158,8,0.9
52.78031643091672,-3.405369866415872,-0.8437425706781381,8,0.9
53.14743256386143,-3.405628898034246,-0.846437406459608,8,0.9
53.517102191445446,-3.4058932029217104,-0.84915904535697,8,0.9
53.8893430746286,-3.4061598116153418,-0.8519054446445448,8,0.9
54.264173097907864,-3.4064157474726664,-0.8546658920417777,8,0.9
54.64161027017682,-3.4066713993049884,-0.8574495681274001,8,0.9
55.02167272559077,-3.4069371595617715,-0.8602659191301768,8,0.9
55.40437872443802,-3.407183379776297,-0.863089495142992,8,0.9
55.78974665401725,-3.4074338097106898,-0.8659413216316365,8,0.9
56.17779502952094,-3.407685506708407,-0.8688192500938607,8,0.9
56.56854249492486,-3.4079355327431022,-0.8717210606197218,8,0.9
56.962007823883944,-3.4081776177802285,-0.8746414432490729,8,0.9
57.358209920634174,-3.4084221804933668,-0.8775901237691264,8,0.9
57.75716782090094,-3.4086662969287165,-0.8805648608996371,8,0.9
58.158900692813525,-3.40890704763856,-0.8835633400510596,8,0.9
58.56342783782614,-3.409151528378266,-0.8865924925016586,8,0.9
58.97076869164518,-3.4093768094372767,-0.8896312806721842,8,0.9
59.38094282516311,-3.409620025662941,-0.892714787298116,8,0.9
59.79396994539869,-3.4098515840646266,-0.895815610803886,8,0.9
60.209869896443855,-3.4100819358293473,-0.8989439204199201,8,0.9
60.628662660417106,-3.4103115274694846,-0.9021005133945437,8,0.9
61.05036835842356,-3.410537473763595,-0.9052829585805665,8,0.9
61.4750072515217,-3.41077024015465,-0.9085018243972693,8,0.9
61.90259974169682,-3.41100027868407,-0.911748224044568,8,0.9
62.33316637284123,-3.411214710611467,-0.915009685998496,8,0.9
62.766727831741306,-3.411440697869126,-0.9183134642422387,8,0.9
63.20330494907143,-3.4116553631013247,-0.9216371226713963,8,0.9
63.642918700394766,-3.411875869302036,-0.9249982422391271,8,0.9
64.08559020717105,-3.4120860225230114,-0.9283807663486865,8,0.9
64.5313407377714,-3.4123096679362517,-0.9318094377410125,8,0.9
64.98019170850016,-3.412507269513649,-0.9352438900250829,8,0.9
65.43216468462381,-3.4127226997084046,-0.9387298158761767,8,0.9
65.8872813814072,-3.4129364497203967,-0.942247452664128,8,0.9
66.34556366515669,-3.413139025180442,-0.9457870736439129,8,0.9
66.80703355427093,-3.413337617043654,-0.9493564961708636,8,0.9
67.27171322029855,-3.413549429807787,-0.9529745393889372,8,0.9
67.73962498900357,-3.4137449693081034,-0.9566099094002704,8,0.9
68.21079134143795,-3.413948122749904,-0.9602887059884675,8,0.9
68.68523491502174,-3.4141427511653113,-0.9639937358379169,8,0.9
69.16297850463066,-3.4143394090186243,-0.967736879142038,8,0.9
69.6440450636914,-3.4145353123331463,-0.9715154614356658,8,0.9
70.12845770528428,-3.4147210111415176,-0.9753192227992559,8,0.9
70.61623970325388,-3.4149204200385865,-0.9791753849975879,8,0.9
71.10741449332713,-3.415110756706298,-0.9830586774083668,8,0.9
71.60200567423932,-3.415289260182077,-0.9869660877938085,8,0.9
72.10003700886796,-3.415479861869148,-0.9909254025548263,8,0.9
72.60153242537443,-3.41566646880435,-0.9949185460766848,8,0.9
73.10651601835362,-3.415846336990236,-0.998942579091077,8,0.9
73.61501204999159,-3.4160267360565038,-1.003006309967859,8,0.9
74.12704495123128,-3.4162049336953078,-1.0071068791232578,8,0.9
74.64263932294622,-3.416374867712342,-1.0112373379788033,8,0.9
75.16181993712259,-3.4165571682658538,-1.0154227832058604,8,0.9
75.68461173804933,-3.416732441786656,-1.019640312655752,8,0.9
76.21103984351666,-3.4169013152659318,-1.023890891968461,8,0.9
76.74112954602285,-3.4170710933445667,-1.0281837514026289,8,0.9
77.27490631398935,-3.417242415041202,-1.032520089024895,8,0.9
77.81239579298456,-3.417422596743763,-1.0369094903332516,8,0.9
78.3536238069559,-3.4175922743061893,-1.0413281452974052,8,0.9
78.8986163594705,-3.417755440380616,-1.0457812228387127,8,0.9
79.44739963496465,-3.417926100965039,-1.050286849085545,8,0.9
80.00000000000179,-3.418081573832864,-1.0548163726116229,8,0.9
80.55644400453932,-3.418249220528934,-1.0594052734153903,8,0.9
81.11675838320417,-3.4184030347312233,-1.0640202648680948,8,0.9
81.68097005657731,-3.418557046547865,-1.0686798142281353,8,0.9
82.24910613248719,-3.418715284587762,-1.073389647975048,8,0.9
82.8211939073121,-3.4188784475562235,-1.0781511977452727,8,0.9
83.39726086729164,-3.419027224159299,-1.0829390015734164,8,0.9
83.97733468984731,-3.4191756688657526,-1.0877720681875143,8,0.9
84.56144324491237,-3.419334506195273,-1.0926654021663083,8,0.9
85.14961459627077,-3.419481106517303,-1.0975885799401202,8,0.9
85.74187700290544,-3.4196262061192195,-1.1025564837942265,8,0.9
86.33825892035618,-3.419773875648166,-1.1075751223158,8,0.9
86.93878900208668,-3.419934863882869,-1.1126600442404464,8,0.9
87.54349610086122,-3.4200765553662715,-1.1177659019219548,8,0.9
88.15240927013093,-3.420216382754664,-1.1229173230819969,8,0.9
88.7655577654297,-3.4203584401608955,-1.128120502351672,8,0.9
89.38297104577971,-3.4204934824321414,-1.133362529262484,8,0.9
90.00467877510688,-3.420635624352168,-1.1386641043555532,8,0.9
90.63071082366605,-3.4207823048839856,-1.1440220740605138,8,0.9
91.26109726947607,-3.4209209596254295,-1.149418416452108,8,0.9
91.895868399765,-3.4210557112772206,-1.1548593884206375,8,0.9
92.53505471242522,-3.421200698339402,-1.160366411978561,8,0.9
93.17868691747873,-3.4213300264822966,-1.1659011542240838,8,0.9
93.82679593855258,-3.4214645183296097,-1.171495111597833,8,0.9
94.47941291436473,-3.421601646564876,-1.1771449667614078,8,0.9
95.13656920022001,-3.4217222052211227,-1.1828216087950307,8,0.9
95.79829636951663,-3.421863718222799,-1.188583078336358,8,0.9
96.4646262152632,-3.4219836329150395,-1.1943639776310964,8,0.9
97.13559075160614,-3.422119484663475,-1.2002230234407114,8,0.9
97.81122221536789,-3.422238740382741,-1.206109587344224,8,0.9
98.49155306759573,-3.422368936376914,-1.2120674324098795,8,0.9
99.17661599512138,-3.422487559580851,-1.2180611360635818,8,0.9
99.86644391213144,-3.422612146185964,-1.2241190682053207,8,0.9
100.56106996174877,-3.4227368781217415,-1.230232335932357,8,0.9
101.26052751762494,-3.4228659533356116,-1.2364082216010266,8,0.9
101.96485018554354,-3.422986888329404,-1.2426266284580012,8,0.9
102.67407180503491,-3.423107227622994,-1.248900219581429,8,0.9
103.388226451002,-3.4232278459760295,-1.2552308288111504,8,0.9
104.10734843535732,-3.4233429474618755,-1.261609069389936,8,0.9
104.83147230867174,-3.4234634284836734,-1.2680536612328734,8,0.9
105.56063286183424,-3.4235835016129434,-1.2745552783943355,8,0.9
106.29486512772365,-3.4237007211925445,-1.2811100802956599,8,0.9
107.03420438289172,-3.423819320940209,-1.287725708454317,8,0.9
107.778686149258,-3.4239268488361905,-1.2943808288372651,8,0.9
108.52834619581655,-3.424047574604923,-1.3011181728783896,8,0.9
109.28322054035448,-3.424149024616682,-1.307881025296656,8,0.9
110.04334545118235,-3.4242621530571333,-1.3147243528420527,8,0.9
110.80875744887686,-3.4243745214391055,-1.321626615726753,8,0.9
111.57949330803534,-3.42448037040818,-1.328577748808727,8,0.9
112.35559005904271,-3.4245872971342903,-1.3355917615415287,8,0.9
113.13708498985058,-3.4247062414957923,-1.3426891934449747,8,0.9
113.92401564776874,-3.4248214366750807,-1.349841739632329,8,0.9
114.71641984126921,-3.4249271335855713,-1.3570389452344214,8,0.9
115.51433564180275,-3.4250376186079787,-1.3643076481893988,8,0.9
116.31780138562794,-3.4251371302667484,-1.3716186580825354,8,0.9
117.12685567565316,-3.4252533171942323,-1.3790245564343404,8,0.9
117.94153738329126,-3.4253503853468255,-1.386457824810027,8,0.9
118.76188565032712,-3.4254559879985162,-1.3939714655815185,8,0.9
119.58793989079828,-3.4255610480235243,-1.401548592085233,8,0.9
120.41973979288862,-3.4256564880498095,-1.4091718272095384,8,0.9
121.25732532083512,-3.4257599494336173,-1.416875953426637,8,0.9
122.10073671684803,-3.4258690371175273,-1.4246569605783919,8,0.9
122.95001450304433,-3.4259713357225987,-1.4324906840726241,8,0.9
123.80519948339456,-3.4260778101440326,-1.4403993238095305,8,0.9
124.66633274568338,-3.4261793850183113,-1.448365078626075,8,0.9
125.53345566348355,-3.426277004832138,-1.4563900860818295,8,0.9
126.40660989814381,-3.4263782950473995,-1.4644902689720949,8,0.9
127.28583740079048,-3.4264808596846685,-1.4726612459693218,8,0.9
128.17118041434307,-3.426572278300472,-1.480877606537786,8,0.9
129.0626814755438,-3.426676879568811,-1.4891903505698245,8,0.9
129.9603834170013,-3.426765534769337,-1.4975389136757093,8,0.9
130.86432936924862,-3.4268692537104384,-1.5059890192066068,8,0.9
131.77456276281538,-3.426975609649128,-1.5145151298558224,8,0.9
132.69112733031437,-3.427072171101484,-1.5230909628054679,8,0.9
133.61406710854286,-3.4271632110006864,-1.531725794802878,8,0.9
134.5434264405981,-3.427263026817691,-1.5404510987153543,8,0.9
135.47924997800817,-3.427352492922573,-1.5492255556148624,8,0.9
136.42158268287693,-3.4274525854891182,-1.5580956792074703,8,0.9
137.3704698300445,-3.427557540486617,-1.5670495160422402,8,0.9
138.32595700926237,-3.4276415316310187,-1.5760296082186995,8,0.9
139.28809012738384,-3.427742239169021,-1.5851208063344988,8,0.9
140.25691541056963,-3.4278471993565454,-1.5942958975308588,8,0.9
141.23247940650882,-3.4279372537374133,-1.60351150118777,8,0.9
142.2148289866553,-3.428026669531378,-1.6128003644198154,8,0.9
143.20401134847972,-3.42811967987502,-1.6221727662150425,8,0.9
144.200074017737,-3.428220512800238,-1.631639249893995,8,0.9
145.20306485074994,-3.428316669964733,-1.6411711153432322,8,0.9
146.2130320367083,-3.4284023317203576,-1.6507547369246716,8,0.9
147.2300240999843,-3.4285084593139734,-1.6604642326312997,8,0.9
148.25408990246365,-3.4286024639942827,-1.6702224492129214,8,0.9
149.28527864589356,-3.4286952247575537,-1.680055667976238,8,0.9
150.32363987424628,-3.428784234140025,-1.6899581494315261,8,0.9
151.3692234760998,-3.428880356605819,-1.6999569272146553,8,0.9
152.42207968703445,-3.4289710305816485,-1.7100216654473401,8,0.9
153.48225909204683,-3.4290604106033147,-1.7201629242564305,8,0.9
154.54981262797986,-3.4291626799629955,-1.7304167783894322,8,0.9
155.6247915859703,-3.429258552432225,-1.7407355187816924,8,0.9
156.70724761391295,-3.429348804271171,-1.7511212591546415,8,0.9
157.79723271894218,-3.429447587249608,-1.761610518677655,8,0.9
158.8947992699305,-3.4295389222799244,-1.7721629002532764,8,0.9
160.0000000000048,-3.4296335907486544,-1.7828065555335308,8,0.9
161.11288800907985,-3.4297256269735295,-1.793526496761666,8,0.9
162.23351676640956,-3.4298257886879524,-1.8043514640741043,8,0.9
163.36194011315587,-3.4299113425634316,-1.815221939831427,8,0.9
164.49821226497562,-3.430009758390902,-1.8262111431258017,8,0.9
165.6423878146254,-3.430104968096149,-1.8372769541562564,8,0.9
166.79452173458452,-3.4301942785865993,-1.8484123689456515,8,0.9
167.9546693796959,-3.430291725528109,-1.859655906833146,8,0.9
169.12288648982604,-3.43039123643036,-1.8709918035727116,8,0.9
170.29922919254284,-3.4304833699731185,-1.8823945033799283,8,0.9
171.4837540058122,-3.4305754143154155,-1.8938844140058038,8,0.9
172.6765178407137,-3.430677992625829,-1.9054918740541225,8,0.9
173.87757800417467,-3.4307782589826656,-1.9171816470397518,8,0.9
175.08699220172375,-3.4308733968681553,-1.928946073118823,8,0.9
176.30481854026317,-3.430967271529348,-1.9407964390827328,8,0.9
177.53111553086072,-3.431063729832724,-1.9527442827142152,8,0.9
178.7659420915608,-3.4311632475783145,-1.9647916455231413,8,0.9
180.00935755021513,-3.431256223291157,-1.9769110972699953,8,0.9
181.26142164733346,-3.431369907996993,-1.9891831104878384,8,0.9
182.52219453895353,-3.4314544258401067,-2.0014613598242357,8,0.9
183.7917367995314,-3.431560453897944,-2.013896085148355,8,0.9
185.07010942485184,-3.4316548288085813,-2.0263892861626496,8,0.9
186.35737383495882,-3.431758011664586,-2.0390027777596815,8,0.9
187.65359187710658,-3.4318636142400165,-2.0517181284698536,8,0.9
188.95882582873088,-3.4319585118944422,-2.064495674013996,8,0.9
190.27313840044144,-3.432063098648286,-2.0773983646154566,8,0.9
191.59659273903472,-3.432164198326758,-2.0903862847064314,8,0.9
192.92925243052787,-3.4322687370691733,-2.1034814634966423,8,0.9
194.27118150321374,-3.432370193136805,-2.11666404616547,8,0.9
195.62244443073726,-3.4324720839217644,-2.1299455465186585,8,0.9
196.98310613519297,-3.432574543732187,-2.1433269509427366,8,0.9
198.35323199024427,-3.4326776787839157,-2.15680916853732,8,0.9
199.73288782426437,-3.432791639793005,-2.170425732504458,8,0.9
201.12213992349908,-3.4328996881875256,-2.184123178936306,8,0.9
202.5210550352514,-3.4330018401471403,-2.1979017004229053,8,0.9
203.9297003710886,-3.433108158417931,-2.2117947847889092,8,0.9
205.3481436100714,-3.4332186019840947,-2.2258031155634286,8,0.9
206.77645290200556,-3.4333330985871955,-2.239927272788827,8,0.9
208.21469687071618,-3.433434743393981,-2.2541108865313677,8,0.9
209.66294461734503,-3.433536836366647,-2.2683989110791307,8,0.9
211.12126572367004,-3.433659374400074,-2.2828605029327096,8,0.9
212.5897302554489,-3.433771908448653,-2.2973924962365713,8,0.9
214.06840876578502,-3.4338809218584383,-2.312017274775334,8,0.9
215.5573722985176,-3.434002955402253,-2.3267930416270026,8,0.9
217.05669239163473,-3.434114168819444,-2.341637247744085,8,0.9
218.5664410807106,-3.434227671847423,-2.3565961906510506,8,0.9
220.08669090236637,-3.4343430910316224,-2.3716692524080067,8,0.9
221.6175148977554,-3.4344633813123626,-2.386867758274343,8,0.9
223.15898661607235,-3.4345847341287854,-2.4021788246088445,8,0.9
224.71118011808713,-3.4346999364969744,-2.417576780598533,8,0.9
226.27416997970286,-3.4348219309105428,-2.4331092509365635,8,0.9
227.8480312955392,-3.434940064990488,-2.4487379180416684,8,0.9
229.43283968254013,-3.4350638449988575,-2.464498437063245,8,0.9
231.02867128360725,-3.43519264301486,-2.4803894433439275,8,0.9
232.63560277125762,-3.4353089518435134,-2.4963458185186345,8,0.9
234.25371135130806,-3.435439008639267,-2.51246684656818,8,0.9
235.88307476658426,-3.4355584896609743,-2.528661109855689,8,0.9
237.523771300656,-3.435690194901155,-2.545016158650431,8,0.9
239.17587978159838,-3.4358164553307633,-2.5614650018637084,8,0.9
240.83947958577906,-3.435953261557241,-2.578070203860323,8,0.9
242.51465064167206,-3.436086230972131,-2.594776636957113,8,0.9
244.2014734336979,-3.436211048250783,-2.6115674851309607,8,0.9
245.9000290060905,-3.4363537116664626,-2.6285462459163407,8,0.9
247.61039896679097,-3.436489595801394,-2.645616148153843,8,0.9
249.33266549136863,-3.4366277588059524,-2.662813794743984,8,0.9
251.06691132696898,-3.436760351758271,-2.680108026142078,8,0.9
252.81321979628953,-3.4368963571588234,-2.697535724158293,8,0.9
254.5716748015829,-3.437048100657647,-2.715148543296348,8,0.9
256.3423608286881,-3.4371873554827816,-2.732831239708154,8,0.9
258.12536295108947,-3.4373297401497664,-2.750648586423872,8,0.9
259.9207668340045,-3.437473954561111,-2.768595949690851,8,0.9
261.72865873849923,-3.437618657531355,-2.786668376084711,8,0.9
263.54912552563275,-3.437759087108057,-2.804846175041537,8,0.9
265.38225466063074,-3.437914099924525,-2.8232104852665785,8,0.9
267.2281342170877,-3.4380687181899154,-2.8416984181402714,8,0.9
269.08685288119824,-3.4382180567781706,-2.8602892587790647,8,0.9
270.95849995601833,-3.4383707171803017,-2.879020787937331,8,0.9
272.8431653657559,-3.438525119029015,-2.897886899197146,8,0.9
274.74093966009104,-3.438686409683049,-2.9169111680369038,8,0.9
276.6519140185268,-3.4388427775620958,-2.9360419896210534,8,0.9
278.5761802547697,-3.4390094474159794,-2.9553479944037946,8,0.9
280.51383082114137,-3.439167754077983,-2.9747461328132605,8,0.9
282.4649588130198,-3.439336237773995,-2.9943207622112538,8,0.9
284.42965797331277,-3.439496148483209,-3.013987295584309,8,0.9
286.40802269696155,-3.439659181552548,-3.033799563952098,8,0.9
288.40014803547615,-3.4398336169751174,-3.053796949183612,8,0.9
290.4061297015021,-3.4400107525010264,-3.0739403141931825,8,0.9
292.42606407341884,-3.440188624117067,-3.094221214748342,8,0.9
294.4600481999708,-3.4403550518469785,-3.114582454579067,8,0.9
296.50817980492957,-3.4405317423906463,-3.135127253697787,8,0.9
298.5705572917893,-3.440713235243197,-3.155830876608698,8,0.9
300.64727974849484,-3.440897425128359,-3.176684144369534,8,0.9
302.73844695220185,-3.4410889629614934,-3.197710556578551,8,0.9
304.84415937407124,-3.4412652936955257,-3.218800654020564,8,0.9
306.964518184096,-3.441461573502838,-3.2401272451422725,8,0.9
309.09962525596205,-3.44164838200328,-3.2615464724001986,8,0.9
311.24958317194296,-3.4418404355674586,-3.2831316516409133,8,0.9
313.4144952278283,-3.442028628596397,-3.3048379381999644,8,0.9
315.59446543788675,-3.4422208254306144,-3.3267054022400555,8,0.9
317.7895985398634,-3.442438483700659,-3.3488446312989426,8,0.9
320.000000000012,-3.442628163228792,-3.3709838688189193,8,0.9
322.22577601816215,-3.4428418971488375,-3.393390222057131,8,0.9
324.4670335328215,-3.443039781251594,-3.415858691987509,8,0.9
326.7238802263142,-3.4432431708108115,-3.43850022336216,8,0.9
328.99642452995374,-3.443459787972322,-3.461356704999116,8,0.9
331.2847756292533,-3.443676881207751,-3.4843622415475517,8,0.9
333.5890434691715,-3.4438850691767326,-3.5074671860798206,8,0.9
335.90933875939425,-3.444109056429048,-3.5308042263135695,8,0.9
338.2457729796546,-3.4443257717820512,-3.5542504185849326,8,0.9
340.5984583850881,-3.4445564804063977,-3.577921601699542,8,0.9
342.96750801162693,-3.444778051578357,-3.6016926570580443,8,0.9
345.3530356814299,-3.4450083063500756,-3.625661692534644,8,0.9
347.75515600835195,-3.4452377268767886,-3.6497771429189925,8,0.9
350.1739844034501,-3.4454738615114016,-3.674081725759026,8,0.9
352.60963708052907,-3.4457208324513644,-3.6985999347475103,8,0.9
355.0622310617241,-3.4459656418668265,-3.723259626839742,8,0.9
357.53188418312425,-3.446191834180934,-3.747966943998841,8,0.9
360.0187151004329,-3.4464445610493506,-3.772980143470316,8,0.9
362.52284329466966,-3.4466970828693055,-3.7981477736733025,8,0.9
365.0443890779098,-3.446956881882673,-3.8235139123025,8,0.9
367.58347359906554,-3.447200581346088,-3.848942624249525,8,0.9
370.14021884970646,-3.447463073113518,-3.8746386749316684,8,0.9
372.7147476699204,-3.447731253403363,-3.900526748724926,8,0.9
375.30718375421594,-3.4479919892068045,-3.9265293281028613,8,0.9
377.9176516574646,-3.448263031882906,-3.9527529425247496,8,0.9
380.5462768008857,-3.4485312319363897,-3.979119477202596,8,0.9
383.1931854780723,-3.448807477750017,-4.005695488783978,8,0.9
385.85850486105863,-3.449082037959945,-4.032422550837524,8,0.9
388.5423630064304,-3.449362366594007,-4.059346971655339,8,0.9
391.2448888614774,-3.4496524882844715,-4.086494900818569,8,0.9
393.96621227038884,-3.449939215015821,-4.113785283071304,8,0.9
396.7064639804915,-3.4502300104450008,-4.14126516201358,8,0.9
399.4657756485318,-3.4505220126343863,-4.168917246064879,8,0.9
402.24427984700117,-3.4508330525403377,-4.196855980512402,8,0.9
405.04211007050577,-3.451129239557555,-4.224866146396407,8,0.9
407.85940074218024,-3.4514318619308444,-4.253084035186066,8,0.9
410.69628722014585,-3.4517518948895916,-4.2815822946390005,8,0.9
413.55290580401413,-3.452055416175515,-4.310141040140667,8,0.9
416.42939374143555,-3.45237068384255,-4.338944982814472,8,0.9
419.3258892346932,-3.452698347780335,-4.368000253085769,8,0.9
422.24253144734325,-3.4530217639464156,-4.397197489337103,8,0.9
425.179460510901,-3.453362362166896,-4.4266806213481456,8,0.9
428.13681753157323,-3.453686187961422,-4.456222260665835,8,0.9
431.11474459703845,-3.4540251041445904,-4.486037635927086,8,0.9
434.11338478327275,-3.454376368329042,-4.516110183449751,8,0.9
437.13288216142445,-3.454719893166522,-4.546303141169447,8,0.9
440.173381804736,-3.4550668216470246,-4.57669314474116,8,0.9
443.23502979551404,-3.4554283415626803,-4.607359099610944,8,0.9
446.31797323214806,-3.4557774362441074,-4.638113101616694,8,0.9
449.4223602361776,-3.4561461954614514,-4.669180920508519,8,0.9
452.5483399594091,-3.456525030056396,-4.700497085068945,8,0.9
455.6960625910818,-3.456886931591523,-4.731869475473204,8,0.9
458.8656793650838,-3.4572675941892435,-4.76355357146393,8,0.9
462.0573425672179,-3.4576539925840906,-4.7954575152877705,8,0.9
465.2712055425187,-3.4580365842900607,-4.827512514646149,8,0.9
468.5074227026196,-3.458430277278998,-4.859827842761174,8,0.9
471.76614953317204,-3.4588290756907103,-4.892360799915517,8,0.9
475.04754260131557,-3.459216503631184,-4.924989501036074,8,0.9
478.3517595632003,-3.459632065421216,-4.9580085687855755,8,0.9
481.6789591715617,-3.460045359863475,-4.991192758802531,8,0.9
485.02930128334776,-3.4604574738837233,-5.024550087049206,8,0.9
488.40294686739946,-3.4608800497333227,-5.058169381102977,8,0.9
491.8000580121847,-3.4613072464334205,-5.092007303486328,8,0.9
495.2207979335857,-3.4617472877761193,-5.126128170680279,8,0.9
498.665330982741,-3.462169792539494,-5.160297422026498,8,0.9
502.1338226539417,-3.4626181887649192,-5.194852624447161,8,0.9
505.62643959258287,-3.4630656678010707,-5.229586299956896,8,0.9
509.14334960316967,-3.463513557292523,-5.26450882993158,8,0.9
512.68472165738,-3.4639773269114067,-5.299743673108001,8,0.9
516.2507259021829,-3.464444304489533,-5.335191404849048,8,0.9
519.841533668013,-3.464912408616472,-5.370835631449984,8,0.9
523.4573174770023,-3.4653831221880287,-5.406688502482776,8,0.9
527.0982510512695,-3.4658579709702533,-5.442762795946332,8,0.9
530.7645093212655,-3.4663526836459235,-5.479188455746299,8,0.9
534.4562684341794,-3.4668476518569102,-5.515806028378724,8,0.9
538.1737057624005,-3.467337424320898,-5.552570006172574,8,0.9
541.9169999120409,-3.4678520597460145,-5.589731379246869,8,0.9
545.6863307315159,-3.4683613764942374,-5.6270392800753495,8,0.9
549.4818793201863,-3.4688742347967203,-5.664567880312417,8,0.9
553.3038280370578,-3.4693995670869175,-5.702393774181434,8,0.9
557.1523605095437,-3.469928570560936,-5.740443085040912,8,0.9
561.027661642287,-3.470463146838565,-5.778732582737285,8,0.9
564.9299176260438,-3.4709981091823745,-5.817217803110826,8,0.9
568.8593159466297,-3.4715390083093394,-5.855947080201251,8,0.9
572.8160453939274,-3.472095033329202,-5.895001912260398,8,0.9
576.8002960709567,-3.4726647149544663,-5.934371395071152,8,0.9
580.8122594030085,-3.4732143809735616,-5.973757545226019,8,0.9
584.8521281468421,-3.4737999131349935,-6.013657425509846,8,0.9
588.920096399946,-3.4743877238899428,-6.05377375334325,8,0.9
593.0163596098636,-3.474962097788341,-6.093964057195714,8,0.9
597.1411145835832,-3.4755648472679903,-6.134607102969756,8,0.9
601.2945594969942,-3.476155185837395,-6.175332906422426,8,0.9
605.4768939044083,-3.476771497746649,-6.216493263659954,8,0.9
609.688318748147,-3.4773838130813854,-6.257813762281177,8,0.9
613.9290363681965,-3.4780054244209184,-6.299417422052816,8,0.9
618.1992505119288,-3.4786316424871537,-6.341261254165341,8,0.9
622.4991663438906,-3.4792759026791042,-6.383472480563248,8,0.9
626.8289904556613,-3.479908246972295,-6.425768858824724,8,0.9
631.1889308757782,-3.480563942794518,-6.468485039670671,8,0.9
635.5791970797316,-3.481220332363812,-6.511406509334385,8,0.9
640.0000000000289,-3.4818910685800852,-6.554664882267476,8,0.9
644.4515520363291,-3.4825644181974336,-6.598147855258822,8,0.9
648.9340670656479,-3.483243217917487,-6.641883040667617,8,0.9
653.4477604526332,-3.4839267088365258,-6.685863286182586,8,0.9
657.9928490599125,-3.484625135251233,-6.730190168872983,8,0.9
662.5695512585116,-3.485319553327532,-6.774677009657348,8,0.9
667.178086938348,-3.486034940613047,-6.819572554275923,8,0.9
671.8186775187937,-3.486756078680969,-6.864726488676037,8,0.9
676.4915459593144,-3.487482407375748,-6.91013345184605,8,0.9
681.1969167701814,-3.488220761790228,-6.955863258379365,8,0.9
685.935016023259,-3.4889522625718836,-7.001723908793342,8,0.9
690.7060713628651,-3.4897133067980524,-7.0480884002253505,8,0.9
695.5103120167091,-3.4904703351932915,-7.094613510420628,8,0.9
700.3479688069056,-3.4912340363003787,-7.141409133561899,8,0.9
705.2192741610634,-3.492015195922127,-7.188588663487782,8,0.9
710.1244621234536,-3.4928098580873996,-7.2361127197033,8,0.9
715.0637683662537,-3.4936029338664,-7.283823068433257,8,0.9
720.0374302008713,-3.4943830028216922,-7.331596998978401,8,0.9
725.0456865893448,-3.4952056955402044,-7.3800272277809285,8,0.9
730.0887781558251,-3.496015036476581,-7.428517669275185,8,0.9
735.1669471981365,-3.496840725578268,-7.477386745272115,8,0.9
740.2804376994185,-3.4976827268685167,-7.526636144202194,8,0.9
745.4294953398465,-3.4985185381449386,-7.576021601641882,8,0.9
750.6143675084376,-3.499374376819157,-7.6258297497336,8,0.9
755.8353033149348,-3.500239039763046,-7.675939344483924,8,0.9
761.0925536017771,-3.5011050518889677,-7.726267952288819,8,0.9
766.3863709561504,-3.501983793775156,-7.776942271255717,8,0.9
771.717009722123,-3.5028716287009356,-7.827922840986659,8,0.9
777.0847260128666,-3.5037611390979624,-7.879126578091949,8,0.9
782.4897777229608,-3.5046676502633844,-7.9307271291636985,8,0.9
787.9324245407837,-3.5055952217321362,-7.982773099087219,8,0.9
793.412927960989,-3.5065175118049274,-8.034964862346726,8,0.9
798.9315512970695,-3.5074461624134483,-8.087435054368266,8,0.9
804.4885596940084,-3.508392926490538,-8.140320414062447,8,0.9
810.0842201410177,-3.509335215369356,-8.19335982545137,8,0.9
815.7188014843666,-3.5102963254152844,-8.246824889856741,8,0.9
821.392574440298,-3.5112690112709712,-8.300632797357054,8,0.9
827.1058116080346,-3.5122459991148034,-8.35469865079366,8,0.9
832.8587874828772,-3.5132354135820827,-8.409119217189176,8,0.9
838.6517784693928,-3.5142377366744553,-8.463901753067562,8,0.9
844.4850628946929,-3.5152341140140435,-8.518820984840564,8,0.9
850.3589210218082,-3.5162560107250056,-8.574255603585787,8,0.9
856.2736350631529,-3.5172768409187833,-8.62988641312253,8,0.9
862.2294891940834,-3.518316581831438,-8.685956537390677,8,0.9
868.226769566552,-3.5193602549004908,-8.742284875723177,8,0.9
874.2657643228554,-3.5204045152752492,-8.798830230158481,8,0.9
880.3467636094787,-3.5214695370211353,-8.85584218987175,8,0.9
886.4700595910348,-3.5225442481935474,-8.913186009712916,8,0.9
892.635946464303,-3.5236293150422044,-8.970871236626031,8,0.9
898.844720472362,-3.5247175332375953,-9.028808600329626,8,0.9
905.096679918825,-3.525813519451215,-9.08705654281387,8,0.9
911.3921251821704,-3.526921948490802,-9.145675403048502,8,0.9
917.7313587301744,-3.5280435797279956,-9.204676728057938,8,0.9
924.1146851344428,-3.529175211816905,-9.26402150467601,8,0.9
930.5424110850445,-3.530309635369586,-9.323618352250369,8,0.9
937.0148454052463,-3.5314555969184678,-9.383580722800657,8,0.9
943.5322990663512,-3.532609903347968,-9.443868971784244,8,0.9
950.0950852026382,-3.5337733659360673,-9.504495049163523,8,0.9
956.7035191264079,-3.534942783660199,-9.565418503228575,8,0.9
963.3579183431307,-3.536135147691266,-9.626864392824578,8,0.9
970.0586025667028,-3.5373271051739916,-9.688527584582255,8,0.9
976.8058937348063,-3.538523517612584,-9.750472781526328,8,0.9
983.6001160243768,-3.5397293058375423,-9.812766718445843,8,0.9
990.4415958671789,-3.540949451359917,-9.875478196167801,8,0.9
997.3306619654895,-3.542184902603548,-9.938622892960673,8,0.9
1004.267645307891,-3.543424307064717,-10.002050203708071,8,0.9
1011.2528791851732,-3.5446603143177127,-10.06566134754812,8,0.9
1018.2866992063468,-3.5459102750910483,-10.129693334815364,8,0.9
1025.3694433147675,-3.547171034652248,-10.19410603842502,8,0.9
1032.5014518043733,-3.5484518676774073,-10.259029932735634,8,0.9
1039.6830673360337,-3.549716349246699,-10.323965425191929,8,0.9
1046.9146349540124,-3.5510028203568305,-10.389443393290094,8,0.9
1054.1965021025467,-3.55229561507018,-10.455250196060893,8,0.9
1061.5290186425389,-3.5536125000886027,-10.521637079974207,8,0.9
1068.9125368683667,-3.5549166727363635,-10.588091795208813,8,0.9
1076.347411524809,-3.556225840218232,-10.654863740375585,8,0.9
1083.8339998240897,-3.557566408122458,-10.722329886903038,8,0.9
1091.37266146304,-3.558892802887364,-10.789848369256427,8,0.9
1098.9637586403808,-3.560231418792716,-10.857795987582984,8,0.9
1106.607656074124,-3.5615747396919955,-10.926068952731804,8,0.9
1114.3047210190957,-3.562936626270152,-10.994869938145662,8,0.9
1122.0553232845823,-3.564300959168401,-11.063971217644179,8,0.9
1129.859835252096,-3.565664375422246,-11.133326843434718,8,0.9
1137.7186318932681,-3.5670321400479676,-11.203016046635103,8,0.9
1145.6320907878635,-3.5684226438000115,-11.273311415059485,8,0.9
1153.600592141922,-3.5698108549466845,-11.343852095966923,8,0.9
1161.6245188060257,-3.5711976887446366,-11.414654371964307,8,0.9
1169.704256293693,-3.5725972624659432,-11.485930208489956,8,0.9
1177.840192799901,-3.5739974087846966,-11.557504578197488,8,0.9
1186.032719219736,-3.575407929604311,-11.629527360249385,8,0.9
1194.2822291671753,-3.576829873592025,-11.702019835211921,8,0.9
1202.5891189939975,-3.578246453059336,-11.774736097975229,8,0.9
1210.9537878088256,-3.579654061952132,-11.847625409775063,8,0.9
1219.3766374963034,-3.581076006549477,-11.921043066173535,8,0.9
1227.8580727364024,-3.582508864177031,-11.994944244204342,8,0.9
1236.3985010238666,-3.5839491552985243,-12.06928276459859,8,0.9
1244.9983326877905,-3.5853887929100696,-12.143941674706964,8,0.9
1253.657980911332,-3.586819556157683,-12.218800604979506,8,0.9
1262.377861751566,-3.5882560057595536,-12.294087660108628,8,0.9
1271.1583941594727,-3.5896899152007404,-12.369683043692428,8,0.9
1280.0000000000673,-3.5911452664797845,-12.445963331391813,8,0.9
1288.9031040726677,-3.592590742911732,-12.52245282004016,8,0.9
1297.8681341313059,-3.5940177992483613,-12.599024159174956,8,0.9
1306.8955209052763,-3.5954832500587885,-12.6765679146617,8,0.9
1315.9856981198345,-3.5969226788566333,-12.754089472519725,8,0.9
1325.1391025170333,-3.5983791120304094,-12.832267910484285,8,0.9
1334.3561738767062,-3.5998157242992828,-12.910534393513139,8,0.9
1343.6373550375972,-3.6012616948333926,-12.989354956250637,8,0.9
1352.9830919186386,-3.6026988831267786,-13.068452649995205,8,0.9
1362.393833540373,-3.604142444123341,-13.148075769800588,8,0.9
1371.8700320465282,-3.605578840182683,-13.22801925802531,8,0.9
1381.4121427257405,-3.607008820827774,-13.308303914167354,8,0.9
1391.0206240334287,-3.6084428816740717,-13.389106820950435,8,0.9
1400.6959376138216,-3.6098770224303873,-13.47037482791863,8,0.9
1410.4385483221372,-3.611287486170606,-13.551737088110462,8,0.9
1420.2489242469178,-3.612719228853711,-13.633925990224983,8,0.9
1430.1275367325184,-3.614118757107735,-13.71609203078179,8,0.9
1440.0748604017533,-3.6155163486824997,-13.798733387245084,8,0.9
1450.0913731787002,-3.61692280963011,-13.88203745142965,8,0.9
1460.177556311661,-3.6182987509562947,-13.965377702731827,8,0.9
1470.3338943962842,-3.619679962889746,-14.049346999020221,8,0.9
1480.560875398848,-3.6210418531487414,-14.133558006815267,8,0.9
1490.8589906797042,-3.6224258509317755,-14.218700416349566,8,0.9
1501.2287350168863,-3.6237610430118634,-14.303628451223528,8,0.9
1511.670606629881,-3.6251198442473607,-14.389541443127824,8,0.9
1522.1851072035656,-3.626425387987689,-14.475192018776852,8,0.9
1532.772741912312,-3.627729857703321,-14.561451192444496,8,0.9
1543.4340194442575,-3.629044503882248,-14.648520859667158,8,0.9
1554.1694520257447,-3.630327949944113,-14.73573389352365,8,0.9
1564.9795554459333,-3.631580417376901,-14.82310829389339,8,0.9
1575.8648490815792,-3.6328288529581982,-14.911106362241377,8,0.9
1586.8258559219898,-3.6340900538431646,-15.000025092638165,8,0.9
1597.863102594151,-3.635289257464229,-15.088638778708363,8,0.9
1608.9771193880288,-3.636496826251663,-15.178135230643697,8,0.9
1620.1684402820476,-3.637675328362949,-15.26790924422383,8,0.9
1631.4376029687455,-3.638835976342811,-15.358166198925918,8,0.9
1642.7851488806082,-3.639968091751327,-15.44874641818305,8,0.9
1654.2116232160815,-3.6410663003117922,-15.5395787970892,8,0.9
1665.7175749657672,-3.6421643271294197,-15.631248912261388,8,0.9
1677.303556938798,-3.643234680110476,-15.723316501046373,8,0.9
1688.9701257893985,-3.644277553328801,-15.815805639731606,8,0.9
1700.7178420436294,-3.6452931390769088,-15.908740981823714,8,0.9
1712.5472701263188,-3.646270131127337,-16.001953888380744,8,0.9
1724.4589783881795,-3.647214282636883,-16.09556354941202,8,0.9
1736.453539133117,-3.648131490462778,-16.189692587710503,8,0.9
1748.531528645724,-3.649021940332178,-16.28436801472526,8,0.9
1760.6935272189705,-3.649874017395502,-16.379417777507594,8,0.9
1772.940119182083,-3.6506995543868626,-16.475066882304866,8,0.9
1785.2718929286193,-3.651498740144822,-16.571344221727934,8,0.9
1797.6894409447373,-3.652247678992395,-16.66787099430013,8,0.9
1810.1933598376636,-3.6529824516120684,-16.765285399575728,8,0.9
1822.7842503643546,-3.65364244436447,-16.86258672764027,8,0.9
1835.4627174603627,-3.654263725789769,-16.960414331545163,8,0.9
1848.2293702688994,-3.654864810190666,-17.059111162387286,8,0.9
1861.0848221701028,-3.655414843302174,-17.158182629915892,8,0.9
1874.0296908105065,-3.6559009279582004,-17.257439309367545,8,0.9
1887.0645981327166,-3.656354097417995,-17.35743876139967,8,0.9
1900.190170405291,-3.656761672493645,-17.457996745927836,8,0.9
1913.4070382528298,-3.6571234491261206,-17.55914157478134,8,0.9
1926.715836686276,-3.657432750503605,-17.66079224809515,8,0.9
1940.1172051334202,-3.6576761813674663,-17.762754340588575,8,0.9
1953.611787469627,-3.6578859484224586,-17.865608841401603,8,0.9
1967.2002320487684,-3.658002539469269,-17.968379500794402,8,0.9
1980.8831917343723,-3.6580914190218543,-18.072213434591266,8,0.9
1994.661323930994,-3.658099025482623,-18.176237247621714,8,0.9
2008.535290615797,-3.658078611637863,-18.281391373180977,8,0.9
2022.5057583703617,-3.657955263106679,-18.386442478412736,8,0.9
2036.573398412709,-3.657810167605517,-18.492805413588677,8,0.9
2050.7388866295505,-3.657574316661635,-18.599349391788625,8,0.9
2065.0029036087626,-3.657274525655808,-18.706568639359233,8,0.9
2079.366134672083,-3.6568749372053047,-18.813897304157887,8,0.9
2093.8292699080407,-3.656438253330122,-18.92243702214198,8,0.9
2108.3930042051093,-3.6558999909769447,-19.03114013660324,8,0.9
2123.0580372850936,-3.6553021857926735,-19.140759499218355,8,0.9
2137.82507373675,-3.654615252449951,-19.250839705790685,8,0.9
2152.6948230496346,-3.6538454677102106,-19.361531434024915,8,0.9
2167.6679996481957,-3.653021676438335,-19.473364763941934,8,0.9
2182.7453229260964,-3.6520837107702797,-19.585374463793624,8,0.9
2197.927517280778,-3.651067723179814,-19.698215206303967,8,0.9
2213.2153121482643,-3.6499577163075134,-19.8116665188594,8,0.9
2228.6094420382083,-3.648737141383154,-19.925500937101834,8,0.9
2244.1106465691814,-3.6474511402042875,-20.040522493656926,8,0.9
2259.7196705042093,-3.6460444510630827,-20.155859012819324,8,0.9
2275.4372637865536,-3.6445628573055644,-20.272324969206768,8,0.9
2291.2641815757443,-3.6429658697748812,-20.3892985233118,8,0.9
2307.2011842838615,-3.641259980446044,-20.50694154087277,8,0.9
2323.2490376120686,-3.6394601370196606,-20.625555600275128,8,0.9
2339.4085125874035,-3.637499533120814,-20.74409213486831,8,0.9
2355.6803855998196,-3.6354751726740004,-20.86420938522557,8,0.9
2372.0654384394898,-3.633361932788522,-20.985546372531523,8,0.9
2388.5644583343683,-3.63108282658342,-21.106895968329777,8,0.9
2405.178237988013,-3.6287206642426812,-21.22967650491654,8,0.9
2421.9075756176694,-3.6262231588596707,-21.353090235264872,8,0.9
2438.753274992625,-3.6235709248616477,-21.47688365908819,8,0.9
2455.716145472823,-3.62082336947007,-21.602086223324857,8,0.9
2472.797002047752,-3.617935300737005,-21.7280245640819,8,0.9
2489.9966653755996,-3.614922848370887,-21.855023730222747,8,0.9
2507.3159618226828,-3.611729956188487,-21.982244218429027,8,0.9
2524.755723503151,-3.608454899040815,-22.111335235680052,8,0.9
2542.3167883189644,-3.60502329875658,-22.24116440545806,8,0.9
2560.0000000001537,-3.6014235230786413,-22.371615345019364,8,0.9
2577.806208145355,-3.5976625508589133,-22.502870712315445,8,0.9
2595.736268262631,-3.593786246776316,-22.635729182543344,8,0.9
2613.7910418105726,-3.5897550365489046,-22.769629918133578,8,0.9
2631.971396239689,-3.5855571701220414,-22.904459110114,8,0.9
2650.2782050340866,-3.581150609105082,-23.03963044044931,8,0.9
2668.7123477534324,-3.5766223185023422,-23.176585794490126,8,0.9
2687.274710075215,-3.5719412212490376,-23.31490806318057,8,0.9
2705.9661838372976,-3.56707489315123,-23.454166529925555,8,0.9
2724.7876670807664,-3.562020747054304,-23.594400127476298,8,0.9
2743.740064093077,-3.556786724304917,-23.735811240495853,8,0.9
2762.824285451502,-3.5513919205198246,-23.878772126069006,8,0.9
2782.0412480668783,-3.545813293405205,-24.023006390815443,8,0.9
2801.391875227664,-3.5400158807010316,-24.16806218746349,8,0.9
2820.8770966442953,-3.5340405194432867,-24.314646529554686,8,0.9
2840.4978484938565,-3.527885422302435,-24.462812770180385,8,0.9
2860.2550734650586,-3.5215035293010195,-24.611934374976844,8,0.9
2880.1497208035285,-3.5149258406000703,-24.762566067589756,8,0.9
2900.1827463574223,-3.508185052922716,-24.91527995149022,8,0.9
2920.355112623344,-3.5011627994202943,-25.068399050294865,8,0.9
2940.6677887925907,-3.4939848690077224,-25.22388348529863,8,0.9
2961.121750797718,-3.4865665955812526,-25.380566919615823,8,0.9
2981.717981359431,-3.478929005550391,-25.538852325718498,8,0.9
3002.4574700337953,-3.4710696332300452,-25.69879529431612,8,0.9
3023.3412132597846,-3.4629484293700683,-25.859908592349402,8,0.9
3044.3702144071544,-3.4546377100076304,-26.023334739727805,8,0.9
3065.545483824648,-3.4460207483441483,-26.187487853657654,8,0.9
3086.868038888538,-3.437248632293184,-26.354632167718268,8,0.9
3108.338904051513,-3.4282164144870912,-26.523358976631272,8,0.9
3129.9591108918903,-3.4189475719840585,-26.6941012924075,8,0.9
3151.7296981631816,-3.409331211152049,-26.86540312478605,8,0.9
3173.651711844004,-3.3995397119471487,-27.039788690337048,8,0.9
3195.726205188326,-3.3894760097761054,-27.215996891955538,8,0.9
3217.954238776082,-3.3790943826251696,-27.393504901783583,8,0.9
3240.3368805641194,-3.3685477805103874,-27.574522406942446,8,0.9
3262.8752059375156,-3.3576630973767605,-27.756776314910784,8,0.9
3285.570297761241,-3.3464938291479625,-27.941112704886944,8,0.9
3308.4232464321876,-3.335066842250167,-28.128002311117598,8,0.9
3331.435149931559,-3.323319549583683,-28.316714042728822,8,0.9
3354.607113877621,-3.3113247684072924,-28.508332164080205,8,0.9
3377.9402515788224,-3.2989876310946995,-28.70170936895759,8,0.9
3401.4356840872842,-3.286414412258817,-28.89836034397309,8,0.9
3425.094540252663,-3.2734760842666955,-29.096708518989306,8,0.9
3448.9179567763854,-3.2602652515796864,-29.298079717669424,8,0.9
3472.9070782662598,-3.2467308414195752,-29.5019281263596,8,0.9
3497.0630572914743,-3.2329201442012834,-29.70897590523725,8,0.9
3521.387054437968,-3.2187808055610496,-29.918671576017985,8,0.9
3545.880238364193,-3.2042748497591074,-30.13066322534421,8,0.9
3570.543785857265,-3.189432910042687,-30.34546526902713,8,0.9
3595.378881889502,-3.174323775994666,-30.564050644554563,8,0.9
3620.3867196753545,-3.158820222233572,-30.784970006775488,8,0.9
3645.5685007287366,-3.1430465969892403,-31.009873606601687,8,0.9
3670.9254349207527,-3.126909597876695,-31.237745589283755,8,0.9
3696.458740537827,-3.1104057927392033,-31.468678688987268,8,0.9
3722.1696443402334,-3.093570748176153,-31.70322835189359,8,0.9
3748.0593816210417,-3.076363599268454,-31.941039571490293,8,0.9
3774.129196265462,-3.0588013650425645,-32.18244673776301,8,0.9
3800.3803408106105,-3.040820779736875,-32.42685226324358,8,0.9
3826.8140765056887,-3.022624797514877,-32.676724955189265,8,0.9
3853.43167337258,-3.00392329255612,-32.92886968045161,8,0.9
3880.2344102668694,-2.984943875538854,-33.186016949279484,8,0.9
3907.223574939284,-2.9655585889350573,-33.446852721256946,8,0.9
3934.400464097566,-2.9457865509786636,-33.7117348649714,8,0.9
3961.7663834687746,-2.9256485858486796,-33.9810319263335,8,0.9
3989.322647862018,-2.905167332372452,-34.255123271047495,8,0.9
4017.070581231624,-2.884203333066873,-34.53264683943531,8,0.9
4045.011516740754,-2.8629652527659655,-34.815982329585985,8,0.9
4073.1467968254487,-2.8413130295415723,-35.10376918924233,8,0.9
4101.477773259132,-2.819245006408627,-35.39614133713415,8,0.9
4130.005807217556,-2.7968352777206196,-35.694010017527916,8,0.9
4158.732269344197,-2.7738819287936396,-35.995455807309206,8,0.9
4187.658539816113,-2.7507163895866693,-36.303997017067424,8,0.9
4216.78600841025,-2.7271637245944875,-36.617983785715225,8,0.9
4246.116074570219,-2.7031443661661654,-36.93677930511832,8,0.9
4275.650147473531,-2.678711006311606,-37.261064689107855,8,0.9
4305.389646099301,-2.6539488618318736,-37.591809391425805,8,0.9
4335.335999296423,-2.6286923934896316,-37.92757112483583,8,0.9
4365.4906458522255,-2.6032595662544273,-38.27150480773269,8,0.9
4395.8550345615895,-2.577339240074013,-38.62080953081059,8,0.9
4426.430624296562,-2.5509599046571503,-38.97592554841316,8,0.9
4457.21888407645,-2.524307204436021,-39.33869615125425,8,0.9
4488.2212931383965,-2.4971723507281776,-39.707372897888156,8,0.9
4519.439341008452,-2.4696835189682984,-40.08326139303888,8,0.9
4550.874527573141,-2.4418812692328915,-40.46684995405572,8,0.9
4582.528363151522,-2.413776268727564,-40.85835341682721,8,0.9
4614.402368567757,-2.385278075810219,-41.25713102023047,8,0.9
4646.498075224173,-2.356358659418124,-41.66310394086477,8,0.9
4678.817025174842,-2.327200689873758,-42.07793216277539,8,0.9
4711.360771199674,-2.2976766298344957,-42.500688499462115,8,0.9
4744.130876879015,-2.2677223959656425,-42.93101209856459,8,0.9
4777.128916668773,-2.2376453524625792,-43.37148064080258,8,0.9
4810.356475976061,-2.2072791232689135,-43.82087613597703,8,0.9
4843.815151235375,-2.1765218260116277,-44.278551551088356,8,0.9
4877.506549985286,-2.1455833639538238,-44.746237264409146,8,0.9
4911.432290945683,-2.1142829714629157,-45.22269684596038,8,0.9
4945.594004095541,-2.0828416124839744,-45.70968319542911,8,0.9
4979.9933307512365,-2.051158484082946,-46.206561125163915,8,0.9
5014.631923645403,-2.0192979129296016,-46.71389846134334,8,0.9
5049.511447006339,-1.987418337238342,-47.232878446940106,8,0.9
5084.633576637967,-1.9552837167351265,-47.761957003112855,8,0.9
5120.000000000346,-1.9228688132534133,-48.301101248105404,8,0.9
5155.612416290749,-1.8906185177305288,-48.85333787195653,8,0.9
5191.4725365253,-1.8582438707577817,-49.4168165511807,8,0.9
5227.582083621183,-1.8257258748532625,-49.991515327357675,8,0.9
5263.942792479418,-1.793496170615475,-50.580173663447844,8,0.9
5300.556410068212,-1.7610984507166851,-51.180016506316974,8,0.9
5337.424695506905,-1.7288753119678624,-51.79317283559211,8,0.9
5374.54942015047,-1.6969304574654984,-52.42023763546335,8,0.9
5411.932367674636,-1.6649925524061493,-53.05966220318597,8,0.9
5449.575334161574,-1.633268391975021,-53.712653467569694,8,0.9
5487.480128186196,-1.6019815531161048,-54.38040865211345,8,0.9
5525.648570903045,-1.5709076611068276,-55.0616850691528,8,0.9
5564.082496133798,-1.5401581569954024,-55.757067135544936,8,0.9
5602.78375045537,-1.5099738606939765,-56.46772964707964,8,0.9
5641.754193288633,-1.4804283717786877,-57.19392506514502,8,0.9
5680.995696987757,-1.4514096643695522,-57.9350053646119,8,0.9
5720.51014693016,-1.4228586038406439,-58.69063041018232,8,0.9
5760.2994416071,-1.3953666707941412,-59.4633815982552,8,0.9
5800.365492714889,-1.368364005056689,-60.250549708760495,8,0.9
5840.710225246731,-1.3425310965009616,-61.05494393321844,8,0.9
5881.335577585225,-1.317624025544443,-61.87529648247075,8,0.9
5922.243501595481,-1.2938734487853907,-62.71233137672109,8,0.9
5963.435962718906,-1.2712348808965344,-63.565624555907846,8,0.9
6004.914940067636,-1.2498042539683467,-64.43529840524963,8,0.9
6046.682426519615,-1.2298313713169264,-65.32197667433762,8,0.9
6088.740428814354,-1.2112743477982526,-66.22517881461972,8,0.9
6131.090967649341,-1.194317313316885,-67.14519229894738,8,0.9
6173.736077777122,-1.1789944641256922,-68.08175387961454,8,0.9
6216.6778081030725,-1.1655791508919102,-69.035307314753,8,0.9
6259.918221783827,-1.154276064279636,-70.00596903748048,8,0.9
6303.4593963264115,-1.144631520989441,-70.99197773229767,8,0.9
6347.303423688055,-1.1373402462712996,-71.99478441070801,8,0.9
6391.4524103767,-1.132362533874909,-73.01369071496268,8,0.9
6435.9084775522115,-1.129823318530701,-74.04841325717099,8,0.9
6480.673761128287,-1.1298478332125816,-75.09861638402366,8,0.9
6525.750411875079,-1.132203436676438,-76.16318437038011,8,0.9
6571.140595522531,-1.1376342805344053,-77.24299351032097,8,0.9
6616.846492864425,-1.145998264965064,-78.33697077256562,8,0.9
6662.870299863169,-1.1572304108229612,-79.44425943211837,8,0.9
6709.214227755292,-1.171442142159877,-80.56431389189963,8,0.9
6755.880503157695,-1.1892144993158813,-81.69717368722492,8,0.9
6802.871368174619,-1.2103787538156874,-82.84166419392352,8,0.9
6850.189080505378,-1.2346541368789885,-83.99659493555887,8,0.9
6897.835913552822,-1.262711239587448,-85.16183018511356,8,0.9
6945.814156532571,-1.2941582473918876,-86.33602820473777,8,0.9
6994.126114583001,-1.3292703078129442,-87.51851149509982,8,0.9
7042.774108875988,-1.3685167954768283,-88.708558560506,8,0.9
7091.760476728439,-1.4112766613862096,-89.90478019239286,8,0.9
7141.087571714584,-1.4582989274140232,-91.10646644504021,8,0.9
7190.757763779057,-1.5089383818702784,-92.3123545627987,8,0.9
7240.773439350762,-1.56353029915091,-93.52150549679857,8,0.9
7291.137001457528,-1.6225015233035927,-94.73277696331236,8,0.9
7341.850869841561,-1.6853715493314982,-95.94507846781138,8,0.9
7392.917481075709,-1.7520478470091994,-97.15740845481345,8,0.9
7444.339288680522,-1.822825515775316,-98.36858012704548,8,0.9
7496.118763242139,-1.8976897267943609,-99.57746627375279,8,0.9
7548.258392530979,-1.9766147168558161,-100.78295124792153,8,0.9
7600.760681621277,-2.0593682196836,-101.98413888532434,8,0.9
7653.628153011434,-2.145906971686896,-103.18003420699924,8,0.9
7706.863346745218,-2.236275380590449,-104.36954097240154,8,0.9
7760.468820533797,-2.330985737697388,-105.55084248250013,8,0.9
7814.447149878626,-2.428906030584839,-106.72445108618469,8,0.9
7868.800928195191,-2.5304398614119794,-107.88883178723513,8,0.9
7923.532766937609,-2.635779978367803,-109.04260087329116,8,0.9
7978.645295724095,-2.7439943065440877,-110.18653705305762,8,0.9
8034.141162463309,-2.856095524077709,-111.31769927519,8,0.9
8090.023033481568,-2.9712397572820013,-112.43686027291776,8,0.9
8146.293593650958,-3.089591137247148,-113.54277225377481,8,0.9
8202.955546518326,-3.210508330928272,-114.63618128838174,8,0.9
8260.011614435174,-3.3350157763020767,-115.71358373541722,8,0.9
8317.464538688457,-3.461860683428087,-116.77748483178708,8,0.9
8375.317079632288,-3.5915284185175533,-117.8257890814496,8,0.9
8433.572016820564,-3.7237260751653567,-118.85858983909242,8,0.9
8492.232149140504,-3.8580904213966845,-119.8763682297913,8,0.9
8551.300294947127,-3.994910614055023,-120.87751583062295,8,0.9
8610.779292198666,-4.1340584276280286,-121.8617557918901,8,0.9
8670.671998592914,-4.275023932247457,-122.83031667134397,8,0.9
8730.981291704516,-4.417928436682801,-123.78221917007795,8,0.9
8791.710069123244,-4.562730697584902,-124.71705821164895,8,0.9
8852.86124859319,-4.7093138133223285,-125.63475544314187,8,0.9
8914.437768152968,-4.857280418190738,-126.53651689458961,8,0.9
8976.44258627686,-5.006813805887358,-127.42112894091962,8,0.9
9038.878682016972,-5.157669907273506,-128.28925784627506,8,0.9
9101.74905514635,-5.3100847916335425,-129.13937155547674,8,0.9
9165.056726303115,-5.463423591746526,-129.97413430037258,8,0.9
9228.804737135582,-5.617800497942442,-130.79271942970925,8,0.9
9292.996150448414,-5.77331640398528,-131.59428623021964,8,0.9
9357.634050349754,-5.9296936676491185,-132.37998409843615,8,0.9
9422.721542399418,-6.086793843465308,-133.1503368725237,8,0.9
9488.261753758103,-6.244895345710274,-133.9035360322584,8,0.9
9554.257833337617,-6.403336898160804,-134.643152552963,8,0.9
9620.712951952195,-6.562682410726736,-135.36570938693532,8,0.9
9687.630302470823,-6.722408619383042,-136.07414282863002,8,0.9
9755.013099970645,-6.8827809305699885,-136.76666579454564,8,0.9
9822.864581891441,-7.043258607402692,-137.44658958210474,8,0.9
9891.188008191157,-7.204312857108237,-138.11077425115965,8,0.9
9959.98666150255,-7.365725221691521,-138.76050371893947,8,0.9
10029.26384729088,-7.527052090043473,-139.39876881490864,8,0.9
10099.022894012754,-7.688883880598166,-140.0214165849923,8,0.9
10169.26715327601,-7.850783864622106,-140.63144161099086,8,0.9
10240.000000000768,-8.012760196318457,-141.22877603781845,8,0.9
10311.224832581574,-8.174775049265403,-141.8136916567021,8,0.9
10382.945073050678,-8.336922490126831,-142.385448214817,8,0.9
10455.164167242447,-8.498907462039236,-142.9463393960895,8,0.9
10527.885584958914,-8.660996351289072,-143.4942790516179,8,0.9
10601.112820136505,-8.822947744992316,-144.03121368042645,8,0.9
10674.849391013888,-8.984737876330577,-144.557401213707,8,0.9
10749.098840301021,-9.146613558048154,-145.0707800286351,8,0.9
10823.864735349352,-9.308123151721817,-145.5752533609089,8,0.9
10899.15066832323,-9.469588595317735,-146.06809964618134,8,0.9
10974.960256372473,-9.630872706335687,-146.55056282582015,8,0.9
11051.297141806172,-9.791780150856512,-147.02451213277064,8,0.9
11128.16499226768,-9.952611943839146,-147.4872609883046,8,0.9
11205.567500910824,-10.113140586906326,-147.94099376814236,8,0.9
11283.508386577352,-10.273321980574238,-148.38625224107741,8,0.9
11361.991393975597,-10.433339536718268,-148.82134628765962,8,0.9
11441.020293860403,-10.593048224849033,-149.24777772705568,8,0.9
11520.598883214287,-10.75240725919352,-149.66607336833647,8,0.9
11600.730985429864,-10.91149885384217,-150.0755026654215,8,0.9
11681.420450493551,-11.070252289951085,-150.47689962371197,8,0.9
11762.671155170538,-11.228660128658722,-150.87046315886874,8,0.9
11844.48700319105,-11.386771484797345,-151.25577746412898,8,0.9
11926.871925437901,-11.544467793112979,-151.634255531463,8,0.9
12009.82988013536,-11.701827566061754,-152.00516704853777,8,0.9
12093.36485303932,-11.858870640135926,-152.3683994660317,8,0.9
12177.4808576288,-12.015487814853262,-152.7253263443577,8,0.9
12262.181935298773,-12.171853866231814,-153.074045329699,8,0.9
12347.472155554336,-12.327738427909248,-153.41738377700776,8,0.9
12433.355616206238,-12.483312960703884,-153.75344762544694,8,0.9
12519.836443567749,-12.638477768721124,-154.08356472357127,8,0.9
12606.918792652916,-12.793278970336432,-154.4073102821629,8,0.9
12694.606847376202,-12.947692012269156,-154.7251230660886,8,0.9
12782.904820753494,-13.101782248300356,-155.03630392458325,8,0.9
12871.816955104521,-13.255374159021041,-155.34324616359407,8,0.9
12961.347522256672,-13.408663737854315,-155.64356148480312,8,0.9
13051.500823750257,-13.561605230458497,-155.93795852896787,8,0.9
13142.28119104516,-13.714076478515448,-156.2282156316416,8,0.9
13233.69298572895,-13.866221600358204,-156.51253914639173,8,0.9
13325.740599726436,-14.018038354696973,-156.7910706442244,8,0.9
13418.428455510686,-14.169373938282027,-157.0660783224793,8,0.9
13511.761006315492,-14.320421041337587,-157.33500437973237,8,0.9
13605.74273634934,-14.471049333270507,-157.5998271759181,8,0.9
13700.378161010858,-14.621334346556505,-157.85960346137986,8,0.9
13795.671827105747,-14.771137432871155,-158.11651484902936,8,0.9
13891.628313065248,-14.92070585640099,-158.36704600535495,8,0.9
13988.252229166108,-15.069850596692058,-158.6141379605331,8,0.9
14085.548217752083,-15.218659326761868,-158.85661123151934,8,0.9
14183.520953456982,-15.36706902895533,-159.0955714297204,8,0.9
14282.175143429275,-15.515147515800399,-159.33010799000223,8,0.9
14381.515527558222,-15.662896082190667,-159.56032257826058,8,0.9
14481.546878701633,-15.810210665695497,-159.7880195889054,8,0.9
14582.274002915165,-15.95727644611473,-160.01035414320705,8,0.9
14683.70173968323,-16.1038878581019,-160.23080546884694,8,0.9
14785.834962151528,-16.250239037000668,-160.44632201372784,8,0.9
14888.678577361155,-16.396230958292602,-160.65866715982847,8,0.9
14992.23752648439,-16.541868031351633,-160.8679107314554,8,0.9
15096.516785062071,-16.687168049249173,-161.07388861881512,8,0.9
15201.521363242668,-16.832187160602807,-161.27575216598316,8,0.9
15307.256306022984,-16.97683580726404,-161.4751908951436,8,0.9
15413.726693490553,-17.121183102264645,-161.6711240143634,8,0.9
15520.93764106771,-17.265156916117398,-161.86497539742226,8,0.9
15628.894299757369,-17.408909697641157,-162.05411532357508,8,0.9
15737.6018563905,-17.552260652293313,-162.24196238390022,8,0.9
15847.065533875337,-17.695358733500893,-162.42591085520144,8,0.9
15957.29059144831,-17.838123924901957,-162.60756742515994,8,0.9
16068.282324926739,-17.980583793296354,-162.78654790333346,8,0.9
16180.046066963258,-18.12276415662653,-162.96248080037986,8,0.9
16292.587187302037,-18.264624052447253,-163.13627896162495,8,0.9
16405.911093036775,-18.40618969161851,-163.30756448371122,8,0.9
16520.023228870472,-18.547506555141215,-163.4755548284439,8,0.9
16634.92907737704,-18.68851438595453,-163.64156177192865,8,0.9
16750.634159264704,-18.829217977544104,-163.80562406913302,8,0.9
16867.144033641256,-18.969681405859667,-163.96655831232758,8,0.9
16984.464298281135,-19.109828379893575,-164.1260457149109,8,0.9
17102.600589894384,-19.249740894239967,-164.28250996931266,8,0.9
17221.558584397462,-19.389364213999826,-164.43720633786705,8,0.9
17341.343997185955,-19.528739666361616,-164.58938003192233,8,0.9
17461.962583409164,-19.667851682959718,-164.73947328905535,8,0.9
17583.42013824662,-19.806703737273228,-164.8875268294887,8,0.9
17705.72249718651,-19.945299271291518,-165.03358034827224,8,0.9
17828.875536306066,-20.083633139255657,-165.17786327707287,8,0.9
17952.885172553855,-20.22174278885075,-165.31965195675767,8,0.9
18077.75736403408,-20.35958894057782,-165.4599352940147,8,0.9
18203.498110292836,-20.49720012545912,-165.59818153773236,8,0.9
18330.113452606365,-20.634571224166205,-165.73461484647507,8,0.9
18457.609474271307,-20.77172114275254,-165.86890291275594,8,0.9
18585.99230089697,-20.908621509988876,-166.00181475298115,8,0.9
18715.26810069965,-21.045283882879247,-166.13319375249637,8,0.9
18845.44308479898,-21.18174893053995,-166.26217300858676,8,0.9
18976.523507516347,-21.317952529929517,-166.3903974187174,8,0.9
19108.51566667538,-21.453971384836773,-166.5161156903226,8,0.9
19241.425903904536,-21.589757325895814,-166.64060065769252,8,0.9
19375.260604941792,-21.725314101801217,-166.76387264043865,8,0.9
19510.026199941436,-21.860693057928664,-166.88474839740016,8,0.9
19645.729163783028,-21.99584183149685,-167.00463978640178,8,0.9
19782.376016382463,-22.130797262427812,-167.1227155197926,8,0.9
19919.973323005244,-22.26554214334959,-167.23951316531122,8,0.9
20058.527694581913,-22.40009235967183,-167.35472118097329,8,0.9
20198.045788025658,-22.5344316375989,-167.46886391968278,8,0.9
20338.53430655217,-22.668594103974137,-167.58113841406796,8,0.9
20480.00000000169,-22.80255738470703,-167.69223041291605,8,0.9
20622.4496651633,-22.936330429287693,-167.80199788718355,8,0.9
20765.890146101516,-23.069910060562158,-167.91062352521095,8,0.9
20910.32833448505,-23.20331643167309,-168.0176492641111,8,0.9
21055.771169917985,-23.336540261897184,-168.1234193328908,8,0.9
21202.22564027317,-23.469589671888684,-168.22779849235877,8,0.9
21349.698782027936,-23.60245052925906,-168.33127637626583,8,0.9
21498.197680602203,-23.735136623564298,-168.43355805174434,8,0.9
21647.72947069887,-23.86765569799936,-168.53451055662387,8,0.9
21798.301336646622,-24.00000991812555,-168.6341567643393,8,0.9
21949.920512745113,-24.132186090781257,-168.73297011739697,8,0.9
22102.59428361251,-24.264192116761013,-168.83081285636675,8,0.9
22256.32998453553,-24.39605530103446,-168.92695942583885,8,0.9
22411.135001821818,-24.527762372864174,-169.02188193977173,8,0.9
22567.01677315487,-24.659301014336606,-169.11603827899637,8,0.9
22723.98278795137,-24.790683360547444,-169.20914924884045,8,0.9
22882.04058772098,-24.921911623360906,-169.3012313609593,8,0.9
23041.197766428744,-25.052987983967082,-169.39230077549564,8,0.9
23201.4619708599,-25.1839145932348,-169.48237330987328,8,0.9
23362.840900987278,-25.314693572063934,-169.57146444768765,8,0.9
23525.342310341253,-25.445327011738023,-169.65958934739194,8,0.9
23688.974006382276,-25.57582551777903,-169.74648665582322,8,0.9
23853.743850875984,-25.706173899609105,-169.8327254050859,8,0.9
24019.6597602709,-25.836391117157078,-169.91776951189408,8,0.9
24186.729706078822,-25.966466539875892,-170.0020440097175,8,0.9
24354.96171525778,-26.096414334878524,-170.08515762222123,8,0.9
24524.363870597732,-26.226212391369387,-170.16792726769137,8,0.9
24694.944311108862,-26.355894401185154,-170.2492986445938,8,0.9
24866.711232412665,-26.48543858079757,-170.3300820177172,8,0.9
25039.672887135683,-26.61485841656251,-170.40989420893789,8,0.9
25213.837585306024,-26.74414815012112,-170.48900830537457,8,0.9
25389.213694752598,-26.87331339143903,-170.56730545510248,8,0.9
25565.809641507185,-27.002366657496538,-170.64441652917913,8,0.9
25743.63391020923,-27.131291545762977,-170.72099181862774,8,0.9
25922.695044513537,-27.260093584214395,-170.79691181311276,8,0.9
26103.00164750071,-27.388778047719036,-170.87206064505122,8,0.9
26284.562382090517,-27.517366792251018,-170.94571005916282,8,0.9
26467.385971458098,-27.64581745514013,-171.01947683453935,8,0.9
26651.481199453076,-27.774175146521483,-171.09177450565818,8,0.9
26836.856911021572,-27.902398812058134,-171.16419538225122,8,0.9
27023.522012631187,-28.030525849720036,-171.2354155766423,8,0.9
27211.485472698885,-28.15853854582089,-171.3061675253876,8,0.9
27400.75632202192,-28.286457102250306,-171.37574899043005,8,0.9
27591.3436542117,-28.41427038953467,-171.44464742322714,8,0.9
27783.256626130707,-28.54197395710941,-171.51310392841756,8,0.9
27976.504458332423,-28.66957539418038,-171.5808919530796,8,0.9
28171.096435504372,-28.797070379252432,-171.6482487532406,8,0.9
28367.04190691418,-28.924480437574218,-171.71438375106672,8,0.9
28564.35028685876,-29.051786755016575,-171.78010586761874,8,0.9
28763.031055116662,-29.178993698195615,-171.84530613979206,8,0.9
28963.093757403483,-29.306110835035053,-171.9096567832963,8,0.9
29164.548005830547,-29.43312318912714,-171.9738301556865,8,0.9
29367.403479366687,-29.560053450641895,-172.0369483845778,8,0.9
29571.669924303278,-29.686889277610153,-172.09956840927308,8,0.9
29777.35715472254,-29.813634162757033,-172.1615829158874,8,0.9
29984.475052969006,-29.94028587080375,-172.22309767454544,8,0.9
30193.03357012437,-30.066855653709847,-172.28357124697496,8,0.9
30403.042726485564,-30.193322383287526,-172.34362156621287,8,0.9
30614.512612046197,-30.31965519002537,-172.40343012226202,8,0.9
30827.45338698134,-30.445784299956244,-172.46272220035505,8,0.9
31041.875282135654,-30.572048405465786,-172.52351920340507,8,0.9
31257.788599514974,-30.69838222444527,-172.58133544025534,8,0.9
31475.203712781236,-30.82451016821482,-172.63855392886268,8,0.9
31694.13106775091,-30.950525243020685,-172.695353842837,8,0.9
31914.581182896858,-31.076447630219146,-172.7519024887525,8,0.9
32136.564649853717,-31.202297879583234,-172.80757662692764,8,0.9
32360.09213392676,-31.3280661122988,-172.86296695880097,8,0.9
32585.17437460432,-31.453756567758493,-172.91796916430312,8,0.9
32811.8221860738,-31.57937698710189,-172.97229112660497,8,0.9
33040.04645774119,-31.704922351140397,-173.02622928812974,8,0.9
33269.85815475433,-31.830399892250956,-173.07949849328162,8,0.9
33501.26831852966,-31.95579476094033,-173.1328672034305,8,0.9
33734.28806728276,-32.081133742990204,-173.18510208287958,8,0.9
33968.928596562524,-32.2063962182147,-173.23725207019697,8,0.9
34205.20117978902,-32.331596695631504,-173.2886635844918,8,0.9
34443.11716879519,-32.45673032591498,-173.33962446190398,8,0.9
34682.68799437217,-32.58179440669815,-173.39032281766183,8,0.9
34923.92516681859,-32.70679723722444,-173.44039604569028,8,0.9
35166.8402764935,-32.83172893444473,-173.49039446979248,8,0.9
35411.44499437329,-32.956601204019854,-173.539777631035,8,0.9
35657.7510726124,-33.081411335804304,-173.58873216923925,8,0.9
35905.77034510798,-33.20616359937603,-173.63708630939436,8,0.9
36155.51472806843,-33.33085369494966,-173.6851115493818,8,0.9
36406.99622058595,-33.45548749021201,-173.73254959491382,8,0.9
36660.22690521301,-33.580060812237186,-173.77966794528047,8,0.9
36915.21894854289,-33.70457296363447,-173.82655496920918,8,0.9
37171.98460179422,-33.8290312033792,-173.8728708562366,8,0.9
37430.53620139958,-33.95342998673837,-173.91896177453665,8,0.9
37690.88616959824,-34.07777636167582,-173.96449274695576,8,0.9
37953.04701503298,-34.20206193090457,-174.00997149518867,8,0.9
38217.03133335104,-34.32630258068547,-174.05456799278298,8,0.9
38482.85180780936,-34.45048696885677,-174.09895398921256,8,0.9
38750.521209883875,-34.57461885847299,-174.1429669488276,8,0.9
39020.05239988316,-34.69869898758564,-174.1866108793572,8,0.9
39291.458327566346,-34.82272668328268,-174.22997007241926,8,0.9
39564.752032765224,-34.946705483783575,-174.27288715672142,8,0.9
39839.94664601079,-35.070636034752745,-174.31536770155085,8,0.9
40117.05538916413,-35.19451361290239,-174.35773168069736,8,0.9
40396.09157605162,-35.31834832601171,-174.3994313247614,8,0.9
40677.068613104646,-35.44213280998268,-174.44094203510656,8,0.9
40960.00000000368,-35.565867847082686,-174.48226406780213,8,0.9
41244.899330326916,-35.68956179108782,-174.52293934809373,8,0.9
41531.78029220334,-35.81320510277801,-174.56358471551707,8,0.9
41820.65666897041,-35.936806005789265,-174.6037453057941,8,0.9
42111.54233983629,-36.06036260197774,-174.64357731310668,8,0.9
42404.45128054665,-36.183876704891404,-174.68300988373718,8,0.9
42699.3975640562,-36.30734652451841,-174.7221953165785,8,0.9
42996.39536120473,-36.43077503265695,-174.76098896447462,8,0.9
43295.458941398065,-36.55415934924477,-174.79961355182135,8,0.9
43596.60267329357,-36.67750803638847,-174.837564279299,8,0.9
43899.84102549055,-36.80081033865116,-174.87556810217774,8,0.9
44205.18856722535,-36.924075812413115,-174.91305163363708,8,0.9
44512.659969071385,-37.047299490726274,-174.95037545215834,8,0.9
44822.27000364397,-37.17048202177767,-174.98753952850066,8,0.9
45134.033546310086,-37.29363032227308,-175.02412632395368,8,0.9
45447.96557590307,-37.416740622677686,-175.06042110534833,8,0.9
45764.081175442305,-37.53980938800958,-175.0967011349725,8,0.9
46082.39553285784,-37.66284333042867,-175.1325547299547,8,0.9
46402.92394172015,-37.78584485354105,-175.16785239044063,8,0.9
46725.681801974904,-37.908805533342424,-175.20320695905252,8,0.9
47050.68462068286,-38.03173375997795,-175.2380806484278,8,0.9
47377.94801276491,-38.15462611945095,-175.27274520935134,8,0.9
47707.487701752325,-38.27748500542348,-175.30707043951344,8,0.9
48039.319520542165,-38.400309020423215,-175.34119087534702,8,0.9
48373.45941215801,-38.52310049029284,-175.37497812770022,8,0.9
48709.923430515926,-38.6458589503866,-175.40850046713146,8,0.9
49048.72774119583,-38.76858134065574,-175.4420159075298,8,0.9
49389.888622218095,-38.891276943835905,-175.47488728389587,8,0.9
49733.4224648257,-39.01393828490188,-175.50769192807635,8,0.9
50000.0,-39.10851700790793,-175.53289414120457,8,0.9
10.0,-0.15704263382860484,-0.26937886072647244,9,1.0
10.069555500567189,-0.157194901120222,-0.2709240479904073,9,1.0
10.139594797900294,-0.15732800589610046,-0.2724711584843429,9,1.0
10.210121257071936,-0.1574755320381297,-0.2740248394027937,9,1.0
10.281138266560667,-0.15762406618890543,-0.2755831479202379,9,1.0
10.352649238413779,-0.15777697984185562,-0.2771465041213758,9,1.0
10.424657608411218,-0.15791750424504641,-0.27871241650355183,9,1.0
10.497166836230678,-0.15806579514444255,-0.2802837213861563,9,1.0
10.57018040561381,-0.15822858083319127,-0.28186136046545135,9,1.0
10.643701824533608,-0.1583756673492442,-0.2834408248831242,9,1.0
10.71773462536294,-0.15854063630848647,-0.2850270056638125,9,1.0
10.792282365044281,-0.15870336434944404,-0.28661685300535156,9,1.0
10.867348625260592,-0.15886386798000524,-0.28821028197775034,9,1.0
10.942937012607405,-0.15902216394960492,-0.289807205976257,9,1.0
11.019051158766118,-0.1591883380472013,-0.2914090856082302,9,1.0
11.095694720678463,-0.15934562597440022,-0.29301326440012676,9,1.0
11.172871380722214,-0.15950747017476205,-0.2946217235773419,9,1.0
11.250584846888108,-0.15968731242653705,-0.29623650316382405,9,1.0
11.328838852958,-0.15984825336038014,-0.297851731435778,9,1.0
11.407637158684253,-0.16002051589251465,-0.29947207232655293,9,1.0
11.486983549970367,-0.1601940501407065,-0.30109585687273305,9,1.0
11.566881839052892,-0.1603755864553093,-0.3027240836861162,9,1.0
11.647335864684578,-0.16054836448068077,-0.304353952011769,9,1.0
11.728349492318808,-0.16073253831937234,-0.3059886418699337,9,1.0
11.809926614295325,-0.1609079929654127,-0.30762476681241435,9,1.0
11.892071150027233,-0.16108817115455737,-0.3092644334505406,9,1.0
11.97478704618931,-0.16127980383977933,-0.3109086851847219,9,1.0
12.05807827690763,-0.1614661335056428,-0.31255462602930006,9,1.0
12.141948843950495,-0.16166060281244096,-0.31420441910422264,9,1.0
12.226402776920713,-0.16183974506504795,-0.3158539610027398,9,1.0
12.31144413344919,-0.16203377991815537,-0.31750830615403425,9,1.0
12.397076999389895,-0.16222259702670047,-0.3191638987636676,9,1.0
12.48330548901615,-0.1624297046180055,-0.320824727672614,9,1.0
12.570133745218314,-0.1626182183216595,-0.32248423388420305,9,1.0
12.657565939702833,-0.16282171183454944,-0.3241482025260473,9,1.0
12.745606273192656,-0.1630267875912732,-0.3258141729222989,9,1.0
12.834258975629076,-0.1632267591829758,-0.32748082482642304,9,1.0
12.923528306374958,-0.16342836019551538,-0.3291492416312482,9,1.0
13.013418554419374,-0.16363832399589426,-0.33082054075931305,9,1.0
13.10393403858367,-0.1638499652196489,-0.3324933980583507,9,1.0
13.195079107728983,-0.16404989034725964,-0.3341652050074845,9,1.0
13.286858140965156,-0.16426496113015607,-0.33584081695111395,9,1.0
13.379275547861162,-0.1644784300825699,-0.33751700828189457,9,1.0
13.472335768656947,-0.16469703187753718,-0.3391949222755845,9,1.0
13.566043274476765,-0.16491743821099109,-0.3408738119189724,9,1.0
13.660402567544,-0.16513296730049953,-0.34255226359237056,9,1.0
13.755418181397484,-0.1653570629411586,-0.3442327341111383,9,1.0
13.851094681109295,-0.16558975201064602,-0.3459151299091742,9,1.0
13.947436663504105,-0.1658042303098436,-0.34759406716815755,9,1.0
14.044448757380025,-0.1660340659858088,-0.34927599519899627,9,1.0
14.142135623731003,-0.16626587155637626,-0.3509581634336692,9,1.0
14.240501955970773,-0.16649967601842808,-0.3526404459250256,9,1.0
14.33955248015833,-0.16672544795771013,-0.3543206731509471,9,1.0
14.439291955225018,-0.1669633391550686,-0.3560027878269136,9,1.0
14.539725173203164,-0.16720667226514657,-0.3576853247421353,9,1.0
14.640856959456315,-0.16744541768775262,-0.35936608179321466,9,1.0
14.742692172911074,-0.16768966695087248,-0.36104700206761114,9,1.0
14.845235706290554,-0.16792939187178824,-0.3627258512992722,9,1.0
14.94849248634945,-0.16817468439354039,-0.36440460192638424,9,1.0
15.05246747411074,-0.16841887079983892,-0.36608170410396706,9,1.0
15.15716566510405,-0.16866869027767403,-0.36775845403476676,9,1.0
15.26259208960566,-0.16891747041377458,-0.3694332799057327,9,1.0
15.368751812880195,-0.16917195102044422,-0.37110749830846257,9,1.0
15.475649935423972,-0.16943216635701477,-0.37278099201358106,9,1.0
15.58329159321007,-0.16968809344978755,-0.37445141239095814,9,1.0
15.69168195793509,-0.16994982584102383,-0.37612084058029754,9,1.0
15.800826237267621,-0.17021069452464138,-0.3777876494044691,9,1.0
15.910729675098453,-0.1704740886600449,-0.37945244847206494,9,1.0
16.02139755179252,-0.17073669314979517,-0.3811143374784921,9,1.0
16.13283518444261,-0.1710086022777148,-0.38277548060214445,9,1.0
16.245047927124794,-0.17126303748398464,-0.384429557883153,9,1.0
16.358041171155712,-0.17154696624735125,-0.3860872978946109,9,1.0
16.471820345351553,-0.17181014806865408,-0.38773686927237483,9,1.0
16.586390916288924,-0.17208949397041265,-0.3893867609189116,9,1.0
16.70175838856748,-0.17236828503895504,-0.39103290593583795,9,1.0
16.817928305074386,-0.17264321105850508,-0.39267434729253914,9,1.0
16.93490624725064,-0.17292101714078853,-0.39431254284469636,9,1.0
17.052697835359233,-0.17319839416666535,-0.39594654218747405,9,1.0
17.17130872875518,-0.1734887902880295,-0.3975794963985984,9,1.0
17.290744626157405,-0.17376543883234186,-0.3992046813105868,9,1.0
17.411011265922586,-0.1740652469706771,-0.40083108639105103,9,1.0
17.53211442632081,-0.17434804616754743,-0.4024485721013556,9,1.0
17.654059925813208,-0.17463733954804117,-0.40406284805155857,9,1.0
17.776853623331515,-0.17493987430926436,-0.40567551957940695,9,1.0
17.900501418559564,-0.17522889101206474,-0.40727961811138286,9,1.0
18.02500925221672,-0.17552789232239607,-0.4088810076849317,9,1.0
18.150383106343334,-0.17582687429853847,-0.41047697811607026,9,1.0
18.27662900458813,-0.1761292362667614,-0.41206827140226776,9,1.0
18.403753012497624,-0.1764283271383894,-0.4136529910091948,9,1.0
18.53176123780754,-0.17673424799189,-0.4152336659237723,9,1.0
18.660659830736275,-0.17703699923712785,-0.4168074941486646,9,1.0
18.790454984280366,-0.17735003266427382,-0.41837795686276724,9,1.0
18.921152934512047,-0.17764995122656435,-0.4199385732438682,9,1.0
19.05275996087888,-0.17797365617934063,-0.42149927859375996,9,1.0
19.18528238650542,-0.1782810042283177,-0.42304893593670495,9,1.0
19.31872657849705,-0.17859884763556655,-0.424594806261397,9,1.0
19.453098948245852,-0.17891384351042067,-0.42613305458248246,9,1.0
19.588405951738682,-0.17922604852662327,-0.4276635378995669,9,1.0
19.72465408986733,-0.1795455676025505,-0.42918898814072315,9,1.0
19.861849908740865,-0.17987245800847546,-0.43070933108140524,9,1.0
20.00000000000015,-0.18019003317922364,-0.43221963526311663,9,1.0
20.13911100113453,-0.18050840012331315,-0.43372266157761263,9,1.0
20.279189595800737,-0.1808443627587186,-0.435223234457358,9,1.0
20.42024251414402,-0.18115779751992378,-0.43670942867079204,9,1.0
20.56227653312149,-0.18148895060642709,-0.43819300428724484,9,1.0
20.70529847682771,-0.18182448979230015,-0.43966993677290933,9,1.0
20.849315216822593,-0.1821510855379714,-0.44113608502552365,9,1.0
20.994333672461515,-0.18248554424818503,-0.4425964089565847,9,1.0
21.14036081122778,-0.1828245827948553,-0.4440498322088613,9,1.0
21.28740364906737,-0.1831515277885356,-0.4454910919113952,9,1.0
21.43546925072604,-0.18349323034523637,-0.44692839315038413,9,1.0
21.584564730088722,-0.18382967135366457,-0.44835541695799785,9,1.0
21.734697250521346,-0.18416426833572472,-0.4497731038717944,9,1.0
21.885874025214974,-0.18450043929985407,-0.45118242969013583,9,1.0
22.038102317532406,-0.184851644732487,-0.4525876452706331,9,1.0
22.191389441357092,-0.18519452491534466,-0.45398116973903024,9,1.0
22.345742761444598,-0.18553919531337532,-0.4553661586206577,9,1.0
22.501169693776383,-0.18588238308896668,-0.45674145267450617,9,1.0
22.657677705916175,-0.18622751059133733,-0.4581080890857523,9,1.0
22.815274317368676,-0.18657465398505463,-0.4594660217969419,9,1.0
22.973967099940907,-0.1869205438530006,-0.46081407994597656,9,1.0
23.13376367810596,-0.1872819912715844,-0.4621578915428673,9,1.0
23.29467172936933,-0.1876323031117116,-0.46348835489219914,9,1.0
23.456698984637793,-0.18796821492780208,-0.46480418475560764,9,1.0
23.619853228590827,-0.18832996360961046,-0.46611919669600527,9,1.0
23.784142300054643,-0.18868416903768126,-0.46742182986135233,9,1.0
23.949574092378796,-0.189037607760095,-0.468714357129099,9,1.0
24.11615655381544,-0.1893903649362711,-0.4699967458408467,9,1.0
24.28389768790117,-0.1897425268647819,-0.4712689684767579,9,1.0
24.452805553841607,-0.1901008720637824,-0.47253342010467164,9,1.0
24.622888266898567,-0.19045879760414453,-0.47378770299108536,9,1.0
24.794153998779972,-0.19082308386276223,-0.4750342600930963,9,1.0
24.966610978032485,-0.1911804404428875,-0.4762681963386466,9,1.0
25.140267490436816,-0.19153765036900097,-0.47749194743692236,9,1.0
25.315131879405854,-0.19189480707168693,-0.47870551920252435,9,1.0
25.4912125463855,-0.19226203962350857,-0.4799127169836732,9,1.0
25.668517951258348,-0.19261603010141462,-0.48110472548259925,9,1.0
25.847056612750112,-0.19298028905740364,-0.48229043967901114,9,1.0
26.026837108838944,-0.19334488056565985,-0.48346609596935874,9,1.0
26.20786807716754,-0.19370990440270405,-0.4846317306551273,9,1.0
26.390158215458165,-0.1940788058462388,-0.4857886994617487,9,1.0
26.573716281930512,-0.1944349666303697,-0.4869304657702693,9,1.0
26.758551095722524,-0.19480189958853356,-0.48806629670584045,9,1.0
26.944671537314093,-0.19516298964980197,-0.4891896284444169,9,1.0
27.13208654895373,-0.19554174993830845,-0.49030994200392763,9,1.0
27.320805135088207,-0.19589482006590056,-0.49140973922128595,9,1.0
27.510836362795175,-0.1962624337025197,-0.49250534210371383,9,1.0
27.7021893622188,-0.19663467013934763,-0.4935928103147754,9,1.0
27.89487332700842,-0.19699158196634484,-0.4946639022798582,9,1.0
28.088897514760255,-0.19735334317744418,-0.4957269946573373,9,1.0
28.284271247462218,-0.19772006855046473,-0.4967822282420937,9,1.0
28.48100391194176,-0.19808853151281003,-0.4978283247901084,9,1.0
28.679104960316874,-0.19845550749704424,-0.4988639706126661,9,1.0
28.878583910450253,-0.19882445915461205,-0.4998907125752271,9,1.0
29.079450346406546,-0.1991854802979912,-0.5009043109992577,9,1.0
29.28171391891285,-0.19954872189551429,-0.5019092233762835,9,1.0
29.485384345822368,-0.19991765058522956,-0.502907083767607,9,1.0
29.690471412581335,-0.20028570778564544,-0.503895100578479,9,1.0
29.896984972699123,-0.20064967950798898,-0.5048719040593195,9,1.0
30.104934948221704,-0.20101972137520185,-0.5058421476478763,9,1.0
30.314331330208326,-0.20137257172413664,-0.5067953608808318,9,1.0
30.52518417921155,-0.2017484649318731,-0.5077499873900067,9,1.0
30.73750362576062,-0.20210743504999876,-0.5086878339895783,9,1.0
30.951299870848175,-0.20246632726345826,-0.5096167053243047,9,1.0
31.16658318642038,-0.20283530357485743,-0.5105415000367434,9,1.0
31.38336391587042,-0.2031977970889051,-0.5114545837589768,9,1.0
31.60165247453548,-0.20355395025546286,-0.5123560787242368,9,1.0
31.82145935019715,-0.20392061192126915,-0.5132541611318697,9,1.0
32.04279510358529,-0.20428790399850683,-0.5141442840667382,9,1.0
32.26567036888546,-0.20465263304099268,-0.515025030815982,9,1.0
32.49009585424984,-0.20500158626167853,-0.5158900045841591,9,1.0
32.716082342311665,-0.20536832088133833,-0.5167558379616284,9,1.0
32.94364069070335,-0.20572292510264356,-0.5176079176739277,9,1.0
33.172781832578096,-0.20607557582815125,-0.5184513923827961,9,1.0
33.40351677713521,-0.20643979064109338,-0.5192932655622219,9,1.0
33.63585661014903,-0.20679568741451548,-0.5201236603260252,9,1.0
33.86981249450153,-0.20715010775943,-0.5209461775609118,9,1.0
34.10539567071872,-0.207506554646037,-0.5217627934468808,9,1.0
34.34261745751061,-0.20785851372147998,-0.5225702995320227,9,1.0
34.58148925231507,-0.20820949221145918,-0.5233706745185127,9,1.0
34.822022531845434,-0.2085563201602697,-0.5241624080958261,9,1.0
35.064228852641875,-0.20891920534152367,-0.5249564606932331,9,1.0
35.30811985162668,-0.20925491030150084,-0.5257298945070497,9,1.0
35.55370724666329,-0.20961036082874032,-0.5265080844277557,9,1.0
35.80100283711939,-0.2099623602540247,-0.52727877019724,9,1.0
36.05001850443371,-0.2103044115684943,-0.5280385303976699,9,1.0
36.30076621268694,-0.21066006968449566,-0.5288005475353427,9,1.0
36.55325800917653,-0.21099279312358418,-0.5295447355854854,9,1.0
36.80750602499552,-0.21134283386528413,-0.5302937413527467,9,1.0
37.06352247561536,-0.21168033399799457,-0.5310310259772593,9,1.0
37.32131966147283,-0.21202551671615077,-0.5317682407147516,9,1.0
37.58090996856101,-0.21235520819592385,-0.5324923341974347,9,1.0
37.84230586902438,-0.21269964983952833,-0.5332209261291689,9,1.0
38.105519921758045,-0.21302899751392423,-0.5339369541130723,9,1.0
38.37056477301113,-0.21336681985539968,-0.53465437306584,9,1.0
38.63745315699439,-0.2137033070486803,-0.5353677003845457,9,1.0
38.906197896491996,-0.2140353284645195,-0.5360752859721686,9,1.0
39.176811903477656,-0.21436643165019875,-0.5367794591127096,9,1.0
39.449308179734956,-0.21470016634159803,-0.5374826171218977,9,1.0
39.72369981748203,-0.21502006009394026,-0.5381749509849387,9,1.0
40.000000000000604,-0.21535303003912526,-0.538873150411555,9,1.0
40.27822200226936,-0.21567593476519917,-0.5395632546868016,9,1.0
40.55837919160177,-0.21599900939867878,-0.5402518012576938,9,1.0
40.840485028288356,-0.21632581662016237,-0.5409413063117424,9,1.0
41.124553066243294,-0.21664323693965692,-0.5416237396501185,9,1.0
41.410596953655734,-0.21695817611654303,-0.5423036635770017,9,1.0
41.6986304336455,-0.2172808787174208,-0.542987930680183,9,1.0
41.98866734492334,-0.2175948980045826,-0.543666222285917,9,1.0
42.28072162245588,-0.2179071477864118,-0.5443432205566142,9,1.0
42.57480729813507,-0.21821453472214275,-0.5450171329914281,9,1.0
42.8709385014524,-0.21853065059779547,-0.5456972128721128,9,1.0
43.16912946017777,-0.21883572607780374,-0.5463706149308996,9,1.0
43.46939450104301,-0.21915003116574794,-0.547051150524152,9,1.0
43.771748050430276,-0.21944379544642972,-0.5477189814847047,9,1.0
44.07620463506514,-0.2197473028330219,-0.5483948476994399,9,1.0
44.38277888271451,-0.2200508062321509,-0.5490724522062674,9,1.0
44.69148552288952,-0.22035123442912546,-0.5497499470949185,9,1.0
45.00233938755311,-0.22064885550870691,-0.5504277637873963,9,1.0
45.315355411832684,-0.22094727646337742,-0.5511086989395385,9,1.0
45.63054863473769,-0.2212367648954091,-0.5517861325327339,9,1.0
45.947934199882155,-0.22152093470774015,-0.5524628089509604,9,1.0
46.26752735621227,-0.22181674453549455,-0.5531511887633846,9,1.0
46.58934345873901,-0.22210446599024017,-0.5538373994690526,9,1.0
46.913397969275934,-0.2223943934229344,-0.5545291559267254,9,1.0
47.23970645718201,-0.22267681255999255,-0.5552196185945666,9,1.0
47.56828460010965,-0.2229620242276643,-0.5559166292319958,9,1.0
47.89914818475796,-0.2232303165142889,-0.5566057584615972,9,1.0
48.232313107631235,-0.2235153423245267,-0.557312440402912,9,1.0
48.5677953758027,-0.2237973969140139,-0.5580222662635013,9,1.0
48.90561110768358,-0.22406678542012906,-0.5587280589682339,9,1.0
49.2457765337975,-0.22434049550233567,-0.5594430237802764,9,1.0
49.58830799756032,-0.22461217435923972,-0.5601625969651028,9,1.0
49.933221956065346,-0.22487880811660813,-0.5608846864698432,9,1.0
50.280534980874016,-0.22513738695757146,-0.5616071335779077,9,1.0
50.630263758812085,-0.22540491204022767,-0.5623436231654301,9,1.0
50.982425092771386,-0.22566170850409187,-0.5630788548630223,9,1.0
51.33703590251707,-0.22593145352747698,-0.5638320543005486,9,1.0
51.69411322550061,-0.22618447783519574,-0.5645796352738182,9,1.0
52.05367421767828,-0.226437797561432,-0.5653355414188579,9,1.0
52.41573615433548,-0.22669176079459605,-0.5661003709441983,9,1.0
52.78031643091672,-0.22694671968658758,-0.5668747342522092,9,1.0
53.14743256386143,-0.22718969429859215,-0.5676480868359431,9,1.0
53.517102191445446,-0.22743771567983417,-0.5684348796454973,9,1.0
53.8893430746286,-0.2276878142996555,-0.5692329885546006,9,1.0
54.264173097907864,-0.22792702343298016,-0.5700316584673928,9,1.0
54.64161027017682,-0.2281657182727272,-0.5708399364743031,9,1.0
55.02167272559077,-0.22841427766196495,-0.5716671335386869,9,1.0
55.40437872443802,-0.22864307946975373,-0.5724878216405884,9,1.0
55.78974665401725,-0.22887584655477422,-0.5733228373101128,9,1.0
56.17779502952094,-0.22910963578306642,-0.5741699472976978,9,1.0
56.56854249492486,-0.2293415086700542,-0.5750268465901641,9,1.0
56.962007823883944,-0.22956519787911603,-0.5758881534124297,9,1.0
57.358209920634174,-0.22979110840937125,-0.5767634531674845,9,1.0
57.75716782090094,-0.23001631550764967,-0.5776504176112668,9,1.0
58.158900692813525,-0.23023789920600435,-0.5785466447857264,9,1.0
58.56342783782614,-0.23046294443721493,-0.5794589362936168,9,1.0
58.97076869164518,-0.23066854059172393,-0.5803662502021915,9,1.0
59.38094282516311,-0.23089178199762378,-0.581303411379445,9,1.0
59.79396994539869,-0.23110310110949442,-0.5822430411912612,9,1.0
60.209869896443855,-0.231312935065658,-0.5831951618545355,9,1.0
60.628662660417106,-0.23152172587062902,-0.5841604651771934,9,1.0
61.05036835842356,-0.23172658726033235,-0.5851364283552752,9,1.0
61.4750072515217,-0.2319379704615796,-0.5861334690010962,9,1.0
61.90259974169682,-0.2321396666285685,-0.5871360798397277,9,1.0
62.33316637284123,-0.23233213776596093,-0.5881448057792884,9,1.0
62.766727831741306,-0.2325358490311566,-0.5891801639596843,9,1.0
63.20330494907143,-0.23272794101261352,-0.590219712884601,9,1.0
63.642918700394766,-0.2329255558048343,-0.5912808477159534,9,1.0
64.08559020717105,-0.23311251064465704,-0.5923474763147364,9,1.0
64.5313407377714,-0.23331262351542256,-0.5934441220886839,9,1.0
64.98019170850016,-0.23348639180157502,-0.5945304905618174,9,1.0
65.43216468462381,-0.23367764123027218,-0.5956519597811242,9,1.0
65.8872813814072,-0.23386687730910902,-0.5967887451168677,9,1.0
66.34556366515669,-0.23404460986591882,-0.5979310520732444,9,1.0
66.80703355427093,-0.23421801840946316,-0.5990865508606299,9,1.0
67.27171322029855,-0.23440428614522832,-0.6002738636051761,9,1.0
67.73962498900357,-0.23457394211569965,-0.6014617228009285,9,1.0
68.21079134143795,-0.23475084596631338,-0.602675997092897,9,1.0
68.68523491502174,-0.23491886906514128,-0.6038994548657348,9,1.0
69.16297850463066,-0.23508855067657572,-0.6051438072891242,9,1.0
69.6440450636914,-0.23525710440308462,-0.6064062751100244,9,1.0
70.12845770528428,-0.23541508389726293,-0.6076765266860409,9,1.0
70.61623970325388,-0.23558637604128937,-0.6089815439558878,9,1.0
71.10741449332713,-0.23574821461338635,-0.6102960499477253,9,1.0
71.60200567423932,-0.2358978356342981,-0.6116169258980393,9,1.0
72.10003700886796,-0.23605914280436582,-0.612971713551319,9,1.0
72.60153242537443,-0.23621605242234855,-0.6143422963663108,9,1.0
73.10651601835362,-0.2363658175069973,-0.6157256257389488,9,1.0
73.61501204999159,-0.23651569506726922,-0.6171303476148043,9,1.0
74.12704495123128,-0.23666294957410045,-0.6185534910937742,9,1.0
74.64263932294622,-0.2368015184484715,-0.6199880136329351,9,1.0
75.16181993712259,-0.23695200715357873,-0.6214587745117242,9,1.0
75.68461173804933,-0.2370950335550714,-0.6229428469536802,9,1.0
76.21103984351666,-0.23723121796706048,-0.624441064842462,9,1.0
76.74112954602285,-0.2373678521746767,-0.6259624891297204,9,1.0
77.27490631398935,-0.23750556822949287,-0.6275081834603838,9,1.0
77.81239579298456,-0.23764500404212446,-0.6290792411537737,9,1.0
78.3536238069559,-0.23778013763550124,-0.6306684064057123,9,1.0
78.8986163594705,-0.23790828566089528,-0.6322724332550009,9,1.0
79.44739963496465,-0.2380434351694892,-0.6339092347851287,9,1.0
80.00000000000179,-0.23816291705960793,-0.6355501530889819,9,1.0
80.55644400453932,-0.2382940620131929,-0.6372303764842244,9,1.0
81.11675838320417,-0.23841087945665876,-0.6389166305256535,9,1.0
81.68097005657731,-0.23852738016503006,-0.640627164428613,9,1.0
82.24910613248719,-0.23864758209703882,-0.6423675422283295,9,1.0
82.8211939073121,-0.2387721761439103,-0.6441390512339947,9,1.0
83.39726086729164,-0.2388818603624905,-0.6459162031175906,9,1.0
83.97733468984731,-0.23899066946317205,-0.6477177826672134,9,1.0
84.56144324491237,-0.23910931140432234,-0.6495585873546963,9,1.0
85.14961459627077,-0.23921516810631244,-0.6514081863064068,9,1.0
85.74187700290544,-0.23931895902418152,-0.653281253332806,9,1.0
86.33825892035618,-0.23942474329538865,-0.655183626926588,9,1.0
86.93878900208668,-0.23954325278259386,-0.6571306426981753,9,1.0
87.54349610086122,-0.23964189139814265,-0.6590770074501818,9,1.0
88.15240927013093,-0.23973806883525028,-0.6610470937716212,9,1.0
88.7655577654297,-0.23983586746017882,-0.6630469215493082,9,1.0
89.38297104577971,-0.2399260413430967,-0.6650634887403033,9,1.0
90.00467877510688,-0.2400226849292586,-0.6671172553690574,9,1.0
90.63071082366605,-0.24012323085761764,-0.66920493137161,9,1.0
91.26109726947607,-0.24020844859112195,-0.6712986173850796,9,1.0
91.895868399765,-0.24029578342525046,-0.6734239310420013,9,1.0
92.53505471242522,-0.2403926858628946,-0.6755923111248576,9,1.0
93.17868691747873,-0.2404732733733267,-0.6777654386621118,9,1.0
93.82679593855258,-0.2405583424808686,-0.6799745164116989,9,1.0
94.47941291436473,-0.24064535842143708,-0.6822160852533586,9,1.0
95.13656920022001,-0.24071512102650827,-0.6844610044174625,9,1.0
95.79829636951663,-0.2408051147886362,-0.6867669017127881,9,1.0
96.4646262152632,-0.24087281060245608,-0.6890685064795844,9,1.0
97.13559075160614,-0.24095570456004964,-0.6914241177670942,9,1.0
97.81122221536789,-0.24102127876695112,-0.6937831672259397,9,1.0
98.49155306759573,-0.24109703795455334,-0.6961890638133186,9,1.0
99.17661599512138,-0.24116047596717188,-0.698606376213265,9,1.0
99.86644391213144,-0.24122910502944633,-0.7010631855721351,9,1.0
100.56106996174877,-0.24129710076468244,-0.7035504721176089,9,1.0
101.26052751762494,-0.24136864733545896,-0.7060753195358155,9,1.0
101.96485018554354,-0.24143125941893953,-0.7086175508942661,9,1.0
102.67407180503491,-0.24148579481854118,-0.7111785414341245,9,1.0
103.388226451002,-0.24154645615808762,-0.7137819952889854,9,1.0
104.10734843535732,-0.24160077047165485,-0.7164074099823037,9,1.0
104.83147230867174,-0.24165961453362983,-0.7190732516517033,9,1.0
105.56063286183424,-0.2417171935545183,-0.721770061533066,9,1.0
106.29486512772365,-0.2417710515063794,-0.7244938412848725,9,1.0
107.03420438289172,-0.24182540707433756,-0.7272520235591639,9,1.0
107.778686149258,-0.24186780470618205,-0.730023190234006,9,1.0
108.52834619581655,-0.2419224846826838,-0.7328497093216735,9,1.0
109.28322054035448,-0.24195698332635532,-0.7356749326886038,9,1.0
110.04334545118235,-0.24200222051784176,-0.7385534084839627,9,1.0
110.80875744887686,-0.24204575360140784,-0.7414635090657613,9,1.0
111.57949330803534,-0.2420818137575488,-0.7443950304955895,9,1.0
112.35559005904271,-0.24211797976382152,-0.7473617379280267,9,1.0
113.13708498985058,-0.24215849769726697,-0.7503716821342474,9,1.0
113.92401564776874,-0.2422009435394072,-0.7534208387238208,9,1.0
114.71641984126921,-0.2422328849948766,-0.7564864816166817,9,1.0
115.51433564180275,-0.24226858524730246,-0.7595951445160388,9,1.0
116.31780138562794,-0.24229227842845366,-0.7627175736007517,9,1.0
117.12685567565316,-0.24233158119986745,-0.7659059330044721,9,1.0
117.94153738329126,-0.24235070750122936,-0.7690928035219323,9,1.0
118.76188565032712,-0.24237727834191228,-0.7723307661204948,9,1.0
119.58793989079828,-0.2424022070960183,-0.7756028127519798,9,1.0
120.41973979288862,-0.24241640661131675,-0.7788914455809484,9,1.0
121.25732532083512,-0.24243749211382876,-0.7822311008859145,9,1.0
122.10073671684803,-0.24246305431214527,-0.7856175880638662,9,1.0
122.95001450304433,-0.24247399285173288,-0.789013353005063,9,1.0
123.80519948339456,-0.2424946026864896,-0.792466794486925,9,1.0
124.66633274568338,-0.2425091209847549,-0.7959467853335138,9,1.0
125.53345566348355,-0.24251847499680593,-0.7994552511259453,9,1.0
126.40660989814381,-0.24253026926992943,-0.8030078424421587,9,1.0
127.28583740079048,-0.2425420919557494,-0.8065999915711991,9,1.0
128.17118041434307,-0.24254151201518317,-0.8102061900155628,9,1.0
129.0626814755438,-0.24255282759644586,-0.8138770120507787,9,1.0
129.9603834170013,-0.24254690741057652,-0.8175519428563671,9,1.0
130.86432936924862,-0.2425547273132211,-0.8212962150554881,9,1.0
131.77456276281538,-0.24255716880984682,-0.8250699251704833,9,1.0
132.69112733031437,-0.24255514736515038,-0.828875116260054,9,1.0
133.61406710854286,-0.242546235504626,-0.8327066474842906,9,1.0
134.5434264405981,-0.2425447045788716,-0.8365956425970552,9,1.0
135.47924997800817,-0.24253141881350188,-0.8405007414829752,9,1.0
136.42158268287693,-0.24252732499318058,-0.8444680424184648,9,1.0
137.3704698300445,-0.2425266419933143,-0.8484854235874904,9,1.0
138.32595700926237,-0.24250353497094426,-0.8524954497845982,9,1.0
139.28809012738384,-0.2424889638533949,-0.8565673016172499,9,1.0
140.25691541056963,-0.24248381558876222,-0.860703729681799,9,1.0
141.23247940650882,-0.24246223619320714,-0.8648463287947012,9,1.0
142.2148289866553,-0.24243846534063873,-0.869027481817485,9,1.0
143.20401134847972,-0.24241671302875492,-0.8732571972050481,9,1.0
144.200074017737,-0.24240118384638115,-0.8775457455158612,9,1.0
145.20306485074994,-0.2423793622067289,-0.8818643176831903,9,1.0
146.2130320367083,-0.24234540793105538,-0.8861991140253925,9,1.0
147.2300240999843,-0.2423235616797925,-0.8906077481273237,9,1.0
148.25408990246365,-0.24229459609634935,-0.8950449656110417,9,1.0
149.28527864589356,-0.24226267667389734,-0.8995208532168952,9,1.0
150.32363987424628,-0.24222527295759283,-0.9040294588688003,9,1.0
151.3692234760998,-0.24219322183217767,-0.9085974651925323,9,1.0
152.42207968703445,-0.2421539413223771,-0.9131944238976751,9,1.0
153.48225909204683,-0.24211155978693272,-0.917830610278108,9,1.0
154.54981262797986,-0.24207354139904902,-0.9225249430124611,9,1.0
155.6247915859703,-0.24203395989173207,-0.9272630780621465,9,1.0
156.70724761391295,-0.24198687553117645,-0.9320302288824129,9,1.0
157.79723271894218,-0.24194641061624989,-0.9368625165937875,9,1.0
158.8947992699305,-0.24189656315989033,-0.9417194645782274,9,1.0
160.0000000000048,-0.24184808541899422,-0.9466288585819022,9,1.0
161.11288800907985,-0.24179498560795526,-0.951575522810213,9,1.0
162.23351676640956,-0.24174129749419737,-0.9565702203763095,9,1.0
163.36194011315587,-0.2416776520055714,-0.9615885157774428,9,1.0
164.49821226497562,-0.24162479196400136,-0.9666855876316988,9,1.0
165.6423878146254,-0.24156662337291512,-0.971819234288272,9,1.0
166.79452173458452,-0.24150042412394174,-0.9769822232829225,9,1.0
167.9546693796959,-0.24144019850314208,-0.9822126568028212,9,1.0
169.12288648982604,-0.24137314676415333,-0.9874762136929713,9,1.0
170.29922919254284,-0.24130319391196284,-0.9927837764968495,9,1.0
171.4837540058122,-0.24123089892467875,-0.9981371724575673,9,1.0
172.6765178407137,-0.24116685298971718,-1.0035663520218532,9,1.0
173.87757800417467,-0.24109817969087816,-1.00903595734428,9,1.0
175.08699220172375,-0.2410153287164663,-1.0145190768042385,9,1.0
176.30481854026317,-0.24093553507892576,-1.0200645809090518,9,1.0
177.53111553086072,-0.2408559116053234,-1.025664807396276,9,1.0
178.7659420915608,-0.24077690087328985,-1.031321518359983,9,1.0
180.00935755021513,-0.24068886739118822,-1.0370071222477202,9,1.0
181.26142164733346,-0.24061232329564403,-1.0427817987998078,9,1.0
182.52219453895353,-0.24051076578398956,-1.0485387869934053,9,1.0
183.7917367995314,-0.24042813468661745,-1.054407886673658,9,1.0
185.07010942485184,-0.24033122856669314,-1.0602912152392716,9,1.0
186.35737383495882,-0.24024047406030424,-1.0662500586894625,9,1.0
187.65359187710658,-0.24014273647756024,-1.0722453853592788,9,1.0
188.95882582873088,-0.2400382698501562,-1.0782780519607849,9,1.0
190.27313840044144,-0.2399407246235785,-1.084390220844201,9,1.0
191.59659273903472,-0.239836884548225,-1.0905418512020948,9,1.0
192.92925243052787,-0.23973363809088993,-1.0967545975936843,9,1.0
194.27118150321374,-0.23961770922088677,-1.1029872773905571,9,1.0
195.62244443073726,-0.2395060023954073,-1.1092931592175095,9,1.0
196.98310613519297,-0.23939189886947712,-1.1156519627552166,9,1.0
198.35323199024427,-0.2392754638976664,-1.1220643014108291,9,1.0
199.73288782426437,-0.23916009212463094,-1.1285415646271673,9,1.0
201.12213992349908,-0.23904243208563336,-1.1350734886417004,9,1.0
202.5210550352514,-0.23891574054303452,-1.141638401991326,9,1.0
203.9297003710886,-0.23879003999595502,-1.1482693629287664,9,1.0
205.3481436100714,-0.23865852457963288,-1.1549444202291028,9,1.0
206.77645290200556,-0.23853451918208105,-1.1617083618970399,9,1.0
208.21469687071618,-0.23839434690452077,-1.1684825589343335,9,1.0
209.66294461734503,-0.2382512669907985,-1.1753114863550274,9,1.0
211.12126572367004,-0.2381185136610784,-1.1822407610602212,9,1.0
212.5897302554489,-0.23797902728332695,-1.1892130853112783,9,1.0
214.06840876578502,-0.2378325219795182,-1.1962276418872777,9,1.0
215.5573722985176,-0.2376887699510291,-1.2033186477885736,9,1.0
217.05669239163473,-0.2375373259339264,-1.2104503046239532,9,1.0
218.5664410807106,-0.23738452935804621,-1.217645130528039,9,1.0
220.08669090236637,-0.23722995623923926,-1.2249021980319121,9,1.0
221.6175148977554,-0.23706977964846282,-1.232208358612595,9,1.0
223.15898661607235,-0.23691360202807482,-1.239598528656915,9,1.0
224.71118011808713,-0.23674742158713638,-1.2470228700409423,9,1.0
226.27416997970286,-0.23657739935753364,-1.2545038810743452,9,1.0
227.8480312955392,-0.23640629423505238,-1.262052154109075,9,1.0
229.43283968254013,-0.23623682923916103,-1.2696784330928734,9,1.0
231.02867128360725,-0.2360615805980485,-1.2773558894299233,9,1.0
232.63560277125762,-0.23587645128581927,-1.285069449549021,9,1.0
234.25371135130806,-0.23570090281116077,-1.2928927262675176,9,1.0
235.88307476658426,-0.2355037902140058,-1.3007086400374526,9,1.0
237.523771300656,-0.23532136143322072,-1.30865526961892,9,1.0
239.17587978159838,-0.23512913040032035,-1.3166400454549316,9,1.0
240.83947958577906,-0.23493629362387186,-1.3246987464501132,9,1.0
242.51465064167206,-0.23474189040044757,-1.3328283865917991,9,1.0
244.2014734336979,-0.2345347922329904,-1.340985839052143,9,1.0
245.9000290060905,-0.23433420783968434,-1.3492471085724531,9,1.0
247.61039896679097,-0.23412892828836307,-1.3575688205135652,9,1.0
249.33266549136863,-0.23391444998499142,-1.3659333601923476,9,1.0
251.06691132696898,-0.23369636023730778,-1.3743634692882098,9,1.0
252.81321979628953,-0.23347683114293438,-1.3828685921899126,9,1.0
254.5716748015829,-0.23326137597602464,-1.3914721295803358,9,1.0
256.3423608286881,-0.23303518698721204,-1.4001141854667354,9,1.0
258.12536295108947,-0.23280031002258197,-1.4088033013001846,9,1.0
259.9207668340045,-0.2325688991822347,-1.4175905649649854,9,1.0
261.72865873849923,-0.2323327795265713,-1.4264427757754505,9,1.0
263.54912552563275,-0.23208034321695561,-1.435311256577059,9,1.0
265.38225466063074,-0.23184393446725296,-1.4443337452929328,9,1.0
267.2281342170877,-0.2315949444602368,-1.4533896001224835,9,1.0
269.08685288119824,-0.2313419483381005,-1.462515869638939,9,1.0
270.95849995601833,-0.23107993921155062,-1.4716914113951074,9,1.0
272.8431653657559,-0.2308208067635058,-1.4809686457639357,9,1.0
274.74093966009104,-0.2305628556667333,-1.4903413971776454,9,1.0
276.6519140185268,-0.23028739765678802,-1.4997277408123997,9,1.0
278.5761802547697,-0.23002316093047992,-1.5092558172651722,9,1.0
280.51383082114137,-0.22973780754727852,-1.5187819953686297,9,1.0
282.4649588130198,-0.22946339275931826,-1.5284509335447225,9,1.0
284.42965797331277,-0.22916748223931221,-1.5381166142203406,9,1.0
286.40802269696155,-0.22887528132487756,-1.547894130910204,9,1.0
288.40014803547615,-0.22858142207648202,-1.5577601480629142,9,1.0
290.4061297015021,-0.22829068357497878,-1.5677379774440399,9,1.0
292.42606407341884,-0.2279874249473759,-1.5777557429830897,9,1.0
294.4600481999708,-0.22767294480099617,-1.5878196338907755,9,1.0
296.50817980492957,-0.22735530683712948,-1.5979681765606824,9,1.0
298.5705572917893,-0.22704254859740153,-1.6082408069284087,9,1.0
300.64727974849484,-0.22671886622909165,-1.618563128100463,9,1.0
302.73844695220185,-0.22639562774005584,-1.6289905388460006,9,1.0
304.84415937407124,-0.2260569452903374,-1.6394468281548265,9,1.0
306.964518184096,-0.22572433805541142,-1.6500376186013506,9,1.0
309.09962525596205,-0.2253818459581584,-1.660685895749338,9,1.0
311.24958317194296,-0.22503049437707187,-1.6713971830172771,9,1.0
313.4144952278283,-0.22467468696467627,-1.6821940933610748,9,1.0
315.59446543788675,-0.22430857105793525,-1.693048068538505,9,1.0
317.7895985398634,-0.22396037012224354,-1.7041029432981483,9,1.0
320.000000000012,-0.22358323762506904,-1.7151223731149983,9,1.0
322.22577601816215,-0.22321557979608994,-1.7263026846531917,9,1.0
324.4670335328215,-0.22282411008745184,-1.7374738316618266,9,1.0
326.7238802263142,-0.22243696230349455,-1.748781709023645,9,1.0
328.99642452995374,-0.2220481071377181,-1.7601966639999749,9,1.0
331.2847756292533,-0.2216514800989473,-1.7716880525932257,9,1.0
333.5890434691715,-0.22124440247915908,-1.7832424285347643,9,1.0
335.90933875939425,-0.22083785414513935,-1.7949191614650009,9,1.0
338.2457729796546,-0.22041542308481446,-1.8066314762025124,9,1.0
340.5984583850881,-0.22000516799463135,-1.8185316916459462,9,1.0
342.96750801162693,-0.21957007726454206,-1.83042060614591,9,1.0
345.3530356814299,-0.21913475130604126,-1.8424326056623344,9,1.0
347.75515600835195,-0.2186963803926813,-1.854553889911847,9,1.0
350.1739844034501,-0.21824870078325226,-1.8667510331626278,9,1.0
352.60963708052907,-0.217802579311061,-1.8790858127720693,9,1.0
355.0622310617241,-0.21734485109358936,-1.8914859415897,9,1.0
357.53188418312425,-0.21686574684539553,-1.9038965157201042,9,1.0
360.0187151004329,-0.21639670226636726,-1.9164969091062625,9,1.0
362.52284329466966,-0.2159176252560971,-1.929174519698989,9,1.0
365.0443890779098,-0.21543589130220236,-1.941972958858324,9,1.0
367.58347359906554,-0.21492790605230808,-1.9547563154187308,9,1.0
370.14021884970646,-0.2144354353631189,-1.967768889642689,9,1.0
372.7147476699204,-0.21393142316563274,-1.980854651010445,9,1.0
375.30718375421594,-0.21340943017415545,-1.9939760970103495,9,1.0
377.9176516574646,-0.2128871327407683,-2.007239138721752,9,1.0
380.5462768008857,-0.21235118789913462,-2.0205655292809883,9,1.0
383.1931854780723,-0.21181238102866395,-2.0340213199652717,9,1.0
385.85850486105863,-0.21126079517813148,-2.0475479015261557,9,1.0
388.5423630064304,-0.21071067562434095,-2.0612335954287984,9,1.0
391.2448888614774,-0.21015209653827338,-2.0750195384959356,9,1.0
393.96621227038884,-0.20957856878736048,-2.0888667146379998,9,1.0
396.7064639804915,-0.20899743215874989,-2.1028217285333186,9,1.0
399.4657756485318,-0.20840565544598083,-2.116867009672821,9,1.0
402.24427984700117,-0.20782099088280148,-2.1311164167889514,9,1.0
405.04211007050577,-0.20720923472559782,-2.145354922202522,9,1.0
407.85940074218024,-0.20659160764744383,-2.159718184146395,9,1.0
410.69628722014585,-0.20597897276267346,-2.1742783797078102,9,1.0
413.55290580401413,-0.2053370798291656,-2.1888158144209973,9,1.0
416.42939374143555,-0.20469415176243455,-2.2035144806890496,9,1.0
419.3258892346932,-0.2040506724492826,-2.2183802012059513,9,1.0
422.24253144734325,-0.20338974147559152,-2.233303556343269,9,1.0
425.179460510901,-0.20273272188468544,-2.248427877726282,9,1.0
428.13681753157323,-0.20204530595740083,-2.263525964616236,9,1.0
431.11474459703845,-0.20135934116301993,-2.278812312154875,9,1.0
434.11338478327275,-0.20066491440486486,-2.294222624316338,9,1.0
437.13288216142445,-0.19995559229905283,-2.30971478617256,9,1.0
440.173381804736,-0.19923541851865217,-2.325317845071348,9,1.0
443.23502979551404,-0.19851545481134142,-2.3411102900425425,9,1.0
446.31797323214806,-0.19776833866110372,-2.3569043078132843,9,1.0
449.4223602361776,-0.1970261501754114,-2.3729249890975193,9,1.0
452.5483399594091,-0.1962720451176581,-2.3890572052856345,9,1.0
455.6960625910818,-0.19549265755480671,-2.4052076406625447,9,1.0
458.8656793650838,-0.19471669480901505,-2.421581896167038,9,1.0
462.0573425672179,-0.19393084946985956,-2.4380880398541005,9,1.0
465.2712055425187,-0.19312531150076498,-2.454657159225605,9,1.0
468.5074227026196,-0.19230784279945518,-2.4713468222556596,9,1.0
471.76614953317204,-0.19148625404524142,-2.488216417984215,9,1.0
475.04754260131557,-0.19063671867815354,-2.505093087723273,9,1.0
478.3517595632003,-0.1897917406820264,-2.522218412836821,9,1.0
481.6789591715617,-0.18893458445757402,-2.539471699129715,9,1.0
485.02930128334776,-0.1880590776871038,-2.5568087249758205,9,1.0
488.40294686739946,-0.1871696538122876,-2.5742645002362066,9,1.0
491.8000580121847,-0.1862743259556293,-2.5919022021181024,9,1.0
495.2207979335857,-0.18536701239001394,-2.609678498612182,9,1.0
498.665330982741,-0.18443101892165745,-2.627467092113966,9,1.0
502.1338226539417,-0.1834957010592214,-2.6454960679238093,9,1.0
505.62643959258287,-0.1825479807969739,-2.663667719405023,9,1.0
509.14334960316967,-0.18158186893704092,-2.6819376215339235,9,1.0
512.68472165738,-0.18060560372345505,-2.7003727663119856,9,1.0
516.2507259021829,-0.179613259837616,-2.718929119466965,9,1.0
519.841533668013,-0.17860960626377098,-2.7376471729624567,9,1.0
523.4573174770023,-0.1775816472191909,-2.756425346952388,9,1.0
527.0982510512695,-0.17654491008216242,-2.7753907045898156,9,1.0
530.7645093212655,-0.17550073619452905,-2.7945577868484417,9,1.0
534.4562684341794,-0.17443621375822005,-2.813824581175757,9,1.0
538.1737057624005,-0.17335272789389783,-2.8332045632616363,9,1.0
541.9169999120409,-0.17226603126317241,-2.8528308294597413,9,1.0
545.6863307315159,-0.17115254635436855,-2.8725112386198077,9,1.0
549.4818793201863,-0.17002811094154985,-2.8923801644787175,9,1.0
553.3038280370578,-0.16888711390512506,-2.912393954095104,9,1.0
557.1523605095437,-0.16772755600904526,-2.932538618277387,9,1.0
561.027661642287,-0.16655106881982434,-2.9528309042073535,9,1.0
564.9299176260438,-0.16535933062684655,-2.973288379385854,9,1.0
568.8593159466297,-0.1641432438215099,-2.993835759766903,9,1.0
572.8160453939274,-0.16291899305776683,-3.0146161437538366,9,1.0
576.8002960709567,-0.161684796670771,-3.0356186762413198,9,1.0
580.8122594030085,-0.16040632583989498,-3.056545433084217,9,1.0
584.8521281468421,-0.15913973943956905,-3.077893525974561,9,1.0
588.920096399946,-0.1578507868080089,-3.099365758417359,9,1.0
593.0163596098636,-0.15652326135672748,-3.120819712378564,9,1.0
597.1411145835832,-0.15519911445278006,-3.142634319336803,9,1.0
601.2945594969942,-0.15383678342911203,-3.16443963038536,9,1.0
605.4768939044083,-0.1524747588225756,-3.186587677490333,9,1.0
609.688318748147,-0.15108239894713968,-3.2088041039384363,9,1.0
613.9290363681965,-0.1496728140544913,-3.2312121376998504,9,1.0
618.1992505119288,-0.1482409211773941,-3.2537689473089477,9,1.0
622.4991663438906,-0.1467999766750452,-3.2766020312376454,9,1.0
626.8289904556613,-0.14531930977369797,-3.299429170012303,9,1.0
631.1889308757782,-0.14382692278560075,-3.3225160349156737,9,1.0
635.5791970797316,-0.14231421153029927,-3.345786595323262,9,1.0
640.0000000000289,-0.14078730496692848,-3.3693038892789033,9,1.0
644.4515520363291,-0.13922657661402638,-3.392884859035429,9,1.0
648.9340670656479,-0.13764928174691704,-3.4166988036966286,9,1.0
653.4477604526332,-0.13604690959227073,-3.440668443746509,9,1.0
657.9928490599125,-0.13442205771224433,-3.464823360960237,9,1.0
662.5695512585116,-0.13276995529138494,-3.489121399232652,9,1.0
667.178086938348,-0.13110814350909245,-3.5137400699287293,9,1.0
671.8186775187937,-0.12941336024996164,-3.5384552440449952,9,1.0
676.4915459593144,-0.12769952300507256,-3.5634094750581378,9,1.0
681.1969167701814,-0.1259582687949684,-3.5885245644073294,9,1.0
685.935016023259,-0.12418496030834417,-3.613758258664916,9,1.0
690.7060713628651,-0.12240118873411558,-3.6393340126004676,9,1.0
695.5103120167091,-0.12057994650470215,-3.6649835582832284,9,1.0
700.3479688069056,-0.11873918404818418,-3.6908947444754747,9,1.0
705.2192741610634,-0.11687442033266351,-3.7170278237163803,9,1.0
710.1244621234536,-0.114988722102528,-3.743420615850392,9,1.0
715.0637683662537,-0.1130663279433998,-3.7699151257233092,9,1.0
720.0374302008713,-0.11110275416780016,-3.7964684003618623,9,1.0
725.0456865893448,-0.10913900032889633,-3.823516875445415,9,1.0
730.0887781558251,-0.10712526595879196,-3.850542571898101,9,1.0
735.1669471981365,-0.10509130609662852,-3.8778654149651315,9,1.0
740.2804376994185,-0.10303663868774779,-3.90548784908157,9,1.0
745.4294953398465,-0.10093790730800456,-3.9331656675567412,9,1.0
750.6143675084376,-0.09882133459049038,-3.961187111083862,9,1.0
755.8353033149348,-0.09667505329283622,-3.9894314020547683,9,1.0
761.0925536017771,-0.09449097762449467,-4.01781667741825,9,1.0
766.3863709561504,-0.09228022295039093,-4.046470908041474,9,1.0
771.717009722123,-0.09003860511967778,-4.0753554103078855,9,1.0
777.0847260128666,-0.08775807563762625,-4.104387734029846,9,1.0
782.4897777229608,-0.08545376770833264,-4.133743108597951,9,1.0
787.9324245407837,-0.08312157912629535,-4.163384159724212,9,1.0
793.412927960989,-0.08074963273505929,-4.193184913794687,9,1.0
798.9315512970695,-0.07834155460509398,-4.22319298040015,9,1.0
804.4885596940084,-0.07590102805361275,-4.253457672289357,9,1.0
810.0842201410177,-0.07342006433065389,-4.283895445465455,9,1.0
815.7188014843666,-0.07090630614178187,-4.314601395673344,9,1.0
821.392574440298,-0.06836748840986483,-4.345673674586125,9,1.0
827.1058116080346,-0.0657799532793293,-4.376846828888614,9,1.0
832.8587874828772,-0.06316719317208533,-4.408402047213433,9,1.0
838.6517784693928,-0.06051339958576162,-4.440163923118108,9,1.0
844.4850628946929,-0.057814531871667005,-4.472092743234854,9,1.0
850.3589210218082,-0.05508639524973993,-4.504383813622627,9,1.0
856.2736350631529,-0.052309131559500885,-4.536810721414432,9,1.0
862.2294891940834,-0.04950262735324262,-4.569619341563491,9,1.0
868.226769566552,-0.046658976211368705,-4.602725506545777,9,1.0
874.2657643228554,-0.04375818385867467,-4.63589716600422,9,1.0
880.3467636094787,-0.04082832693542088,-4.669482655471468,9,1.0
886.4700595910348,-0.03785747364279265,-4.703348096049257,9,1.0
892.635946464303,-0.034845715089942615,-4.737504768911318,9,1.0
898.844720472362,-0.03178505876977018,-4.771864553908713,9,1.0
905.096679918825,-0.02867963398732788,-4.806488004423405,9,1.0
911.3921251821704,-0.02553363080114799,-4.841437665953825,9,1.0
917.7313587301744,-0.022347217322334204,-4.8767270404501994,9,1.0
924.1146851344428,-0.019108295016400465,-4.912215883836074,9,1.0
930.5424110850445,-0.015825181666415028,-4.948019134599063,9,1.0
937.0148454052463,-0.01249806654492122,-4.984150903005523,9,1.0
943.5322990663512,-0.00912302695674612,-5.020573312813951,9,1.0
950.0950852026382,-0.0056919689729715605,-5.057194595480147,9,1.0
956.7035191264079,-0.0022174866828024256,-5.094187184435988,9,1.0
963.3579183431307,0.0013001625882029628,-5.131567543848052,9,1.0
970.0586025667028,0.004869060420411652,-5.169244511477613,9,1.0
976.8058937348063,0.008501562466455066,-5.207069873856486,9,1.0
983.6001160243768,0.012176534942703265,-5.245330552531939,9,1.0
990.4415958671789,0.015906304929469425,-5.283879513254684,9,1.0
997.3306619654895,0.019682192340362382,-5.322844118963492,9,1.0
1004.267645307891,0.023516611516902434,-5.36207495245022,9,1.0
1011.2528791851732,0.027409354145565924,-5.401587928065957,9,1.0
1018.2866992063468,0.03136019971398053,-5.441399554928522,9,1.0
1025.3694433147675,0.03536463118384811,-5.48158431575815,9,1.0
1032.5014518043733,0.039413763837855775,-5.52227677939998,9,1.0
1039.6830673360337,0.04354602775781276,-5.562975166224994,9,1.0
1046.9146349540124,0.04772246562544419,-5.604218580786005,9,1.0
1054.1965021025467,0.051960034110190574,-5.645794180038111,9,1.0
1061.5290186425389,0.05624976889184539,-5.687839931552489,9,1.0
1068.9125368683667,0.060613184139901854,-5.730078296774742,9,1.0
1076.347411524809,0.06504137085035683,-5.77264631382368,9,1.0
1083.8339998240897,0.06951647694254395,-5.815806838110324,9,1.0
1091.37266146304,0.07406901198407864,-5.859156403610604,9,1.0
1098.9637586403808,0.0786811188482611,-5.902958713205881,9,1.0
1106.607656074124,0.08337029996758963,-5.946987798232856,9,1.0
1114.3047210190957,0.08810513790926759,-5.991700209460521,9,1.0
1122.0553232845823,0.0929210486703587,-6.036619302429959,9,1.0
1129.859835252096,0.0978134409583588,-6.081826507884535,9,1.0
1137.7186318932681,0.10276860220120723,-6.1275338512618545,9,1.0
1145.6320907878635,0.10778622155472725,-6.173766084093109,9,1.0
1153.600592141922,0.11288421537520078,-6.220288601643807,9,1.0
1161.6245188060257,0.11806247388305852,-6.267121761687651,9,1.0
1169.704256293693,0.12330709166310676,-6.314484500968705,9,1.0
1177.840192799901,0.12863162588707627,-6.362203424750198,9,1.0
1186.032719219736,0.13402667866556414,-6.410434766819615,9,1.0
1194.2822291671753,0.13949199965388026,-6.459204462995064,9,1.0
1202.5891189939975,0.14504603288090995,-6.508267247122931,9,1.0
1210.9537878088256,0.1506934518847688,-6.557575891808915,9,1.0
1219.3766374963034,0.1564107086162342,-6.607495735589571,9,1.0
1227.8580727364024,0.16221173848953638,-6.657846939266244,9,1.0
1236.3985010238666,0.16808216541176788,-6.7088643774758525,9,1.0
1244.9983326877905,0.1740503819721491,-6.760154841151839,9,1.0
1253.657980911332,0.180106871066857,-6.811881910788203,9,1.0
1262.377861751566,0.1862564157752292,-6.863999175187787,9,1.0
1271.1583941594727,0.19248933891050787,-6.91667525143756,9,1.0
1280.0000000000673,0.19880064784909413,-6.9700110596368345,9,1.0
1288.9031040726677,0.20521462861590628,-7.023670868396945,9,1.0
1297.8681341313059,0.21173143660061938,-7.077677718872186,9,1.0
1306.8955209052763,0.218311666318685,-7.132650286331404,9,1.0
1315.9856981198345,0.22501452237760933,-7.1877271531507505,9,1.0
1325.1391025170333,0.2317954987531579,-7.243606149602233,9,1.0
1334.3561738767062,0.2386945379948328,-7.29971293244355,9,1.0
1343.6373550375972,0.24568174106341464,-7.3565286915818335,9,1.0
1352.9830919186386,0.2527773215655215,-7.413776796450595,9,1.0
1362.393833540373,0.2599662078594569,-7.471716799348288,9,1.0
1371.8700320465282,0.26727403307680525,-7.529988661082352,9,1.0
1381.4121427257405,0.27468056953902303,-7.588932351066295,9,1.0
1391.0206240334287,0.2821858832021853,-7.648579632904127,9,1.0
1400.6959376138216,0.2898056797027383,-7.708722331737034,9,1.0
1410.4385483221372,0.2975455247409494,-7.7693073818804095,9,1.0
1420.2489242469178,0.3053794601605061,-7.830768773506763,9,1.0
1430.1275367325184,0.31334458249400354,-7.892568508525688,9,1.0
1440.0748604017533,0.3214308228474355,-7.954896335007975,9,1.0
1450.0913731787002,0.3296171346957339,-8.018114474513165,9,1.0
1460.177556311661,0.33793596014621013,-8.081756033135317,9,1.0
1470.3338943962842,0.34637162300029933,-8.146101355913679,9,1.0
1480.560875398848,0.35494085306887085,-8.210927417735023,9,1.0
1490.8589906797042,0.3636002866785954,-8.27694980618968,9,1.0
1501.2287350168863,0.3724272225825874,-8.342999958289123,9,1.0
1511.670606629881,0.3813449572763219,-8.41031752148535,9,1.0
1522.1851072035656,0.3904373701195171,-8.47762875320159,9,1.0
1532.772741912312,0.3996494573154377,-8.545836888810458,9,1.0
1543.4340194442575,0.40897019791959155,-8.615158326398953,9,1.0
1554.1694520257447,0.41844542742445656,-8.68491517783154,9,1.0
1564.9795554459333,0.4280761562096585,-8.755134200448591,9,1.0
1575.8648490815792,0.4378344426010686,-8.826300282950237,9,1.0
1586.8258559219898,0.44771490071275116,-8.898544527042132,9,1.0
1597.863102594151,0.45777659182776476,-8.970979543460814,9,1.0
1608.9771193880288,0.4679678253705364,-9.04446930636635,9,1.0
1620.1684402820476,0.47830691956124316,-9.118772076035834,9,1.0
1631.4376029687455,0.4888066972249025,-9.193733265298802,9,1.0
1642.7851488806082,0.49945616011935845,-9.269576730409366,9,1.0
1654.2116232160815,0.5102865830532611,-9.345856517545013,9,1.0
1665.7175749657672,0.5212504192617357,-9.423378847967614,9,1.0
1677.303556938798,0.5323790028196719,-9.501698692846066,9,1.0
1688.9701257893985,0.5436734620558218,-9.580851381788577,9,1.0
1700.7178420436294,0.5551349358506595,-9.660873087062125,9,1.0
1712.5472701263188,0.5667772167728395,-9.741599679375662,9,1.0
1724.4589783881795,0.5785953880216693,-9.823165622561326,9,1.0
1736.453539133117,0.5905843504901169,-9.905709439733116,9,1.0
1748.531528645724,0.6027452858828007,-9.98927078793486,9,1.0
1760.6935272189705,0.6150924334510317,-10.073682555364586,9,1.0
1772.940119182083,0.627614149089847,-10.159190647886325,9,1.0
1785.2718929286193,0.6403249033749907,-10.245626472634745,9,1.0
1797.6894409447373,0.6532262361605663,-10.33302838392998,9,1.0
1810.1933598376636,0.6662927208469449,-10.421864679876007,9,1.0
1822.7842503643546,0.679606870030576,-10.510888513386279,9,1.0
1835.4627174603627,0.6931030447954065,-10.60121011740502,9,1.0
1848.2293702688994,0.7067894151412902,-10.692767000070347,9,1.0
1861.0848221701028,0.7206743923674854,-10.785494190658135,9,1.0
1874.0296908105065,0.7348018635727839,-10.878765647941783,9,1.0
1887.0645981327166,0.7491248408979458,-10.973398475851937,9,1.0
1900.190170405291,0.7636447878051201,-11.069441628322457,9,1.0
1913.4070382528298,0.7783921224333414,-11.166487279266258,9,1.0
1926.715836686276,0.7933618063866764,-11.264690827427499,9,1.0
1940.1172051334202,0.8085706794075197,-11.363863320952458,9,1.0
1953.611787469627,0.8239840451803139,-11.46463063885803,9,1.0
1967.2002320487684,0.8396560114097016,-11.566219198935213,9,1.0
1980.8831917343723,0.8555440550923268,-11.669380236770717,9,1.0
1994.661323930994,0.8716958856449508,-11.773446063646963,9,1.0
2008.535290615797,0.8880526721583761,-11.879424621253145,9,1.0
2022.5057583703617,0.9047016860891149,-11.98603296935747,9,1.0
2036.573398412709,0.9215678237171082,-12.094535119489688,9,1.0
2050.7388866295505,0.9387004683370261,-12.204247001703687,9,1.0
2065.0029036087626,0.9560864811438975,-12.315464505208245,9,1.0
2079.366134672083,0.973769097478197,-12.427607545658711,9,1.0
2093.8292699080407,0.9916780630380629,-12.54186217918475,9,1.0
2108.3930042051093,1.009889757785968,-12.657138361893068,9,1.0
2123.0580372850936,1.0283744558718089,-12.773995300704295,9,1.0
2137.82507373675,1.0471350312651808,-12.89248749883772,9,1.0
2152.6948230496346,1.0661829717882378,-13.01253886419215,9,1.0
2167.6679996481957,1.0855040998343035,-13.134469627382959,9,1.0
2182.7453229260964,1.10513620553108,-13.257804913327982,9,1.0
2197.927517280778,1.1250742463441603,-13.38273012214537,9,1.0
2213.2153121482643,1.1453038345576942,-13.50957329549103,9,1.0
2228.6094420382083,1.165864344221714,-13.637846655059578,9,1.0
2244.1106465691814,1.1867232663410174,-13.768156863754308,9,1.0
2259.7196705042093,1.2079115719935691,-13.900149947728707,9,1.0
2275.4372637865536,1.229414472309203,-14.034166139360357,9,1.0
2291.2641815757443,1.251263984119966,-14.169843840592318,9,1.0
2307.2011842838615,1.2734356309341879,-14.307671709432773,9,1.0
2323.2490376120686,1.2959524148489163,-14.447429294046133,9,1.0
2339.4085125874035,1.318858106819617,-14.5885948927164,9,1.0
2355.6803855998196,1.3420783080255108,-14.73240092249061,9,1.0
2372.0654384394898,1.3656259417868881,-14.878781627741118,9,1.0
2388.5644583343683,1.3895760717494587,-15.026765908826581,9,1.0
2405.178237988013,1.4138721615103675,-15.177319838774928,9,1.0
2421.9075756176694,1.4385599552622428,-15.329912882706758,9,1.0
2438.753274992625,1.4636446808596317,-15.48461267414661,9,1.0
2455.716145472823,1.4890991371107791,-15.641956331012551,9,1.0
2472.797002047752,1.5149602826681965,-15.80155644303999,9,1.0
2489.9966653755996,1.5412112378509903,-15.963804263527893,9,1.0
2507.3159618226828,1.567901636706309,-16.12814421971139,9,1.0
2524.755723503151,1.5949578066162169,-16.29577688458671,9,1.0
2542.3167883189644,1.6224524635555713,-16.46582706588995,9,1.0
2560.0000000001537,1.6504033918215197,-16.63820934271342,9,1.0
2577.806208145355,1.6787813681672539,-16.813498654111665,9,1.0
2595.736268262631,1.7075793905211585,-16.991955572672804,9,1.0
2613.7910418105726,1.7368266221186734,-17.173342532318912,9,1.0
2631.971396239689,1.7665411916707212,-17.35758316742117,9,1.0
2650.2782050340866,1.796754663481429,-17.544425599622617,9,1.0
2668.7123477534324,1.8274102029940786,-17.734824371762137,9,1.0
2687.274710075215,1.858525437524483,-17.92871686305696,9,1.0
2705.9661838372976,1.8901452603155784,-18.125683477508197,9,1.0
2724.7876670807664,1.92224970761923,-18.326181469814806,9,1.0
2743.740064093077,1.9548855470078532,-18.52978327224892,9,1.0
2762.824285451502,1.9880048786132107,-18.73731847596819,9,1.0
2782.0412480668783,2.0216410069608144,-18.948545336352254,9,1.0
2801.391875227664,2.0558146577966436,-19.163397748998506,9,1.0
2820.8770966442953,2.090532901746411,-19.381993695024214,9,1.0
2840.4978484938565,2.1257731535745377,-19.604832838447457,9,1.0
2860.2550734650586,2.1615711697410624,-19.831670600101877,9,1.0
2880.1497208035285,2.197949335336461,-20.062444985171272,9,1.0
2900.1827463574223,2.2348374279171974,-20.29825664236927,9,1.0
2920.355112623344,2.2723662355301224,-20.537698386861564,9,1.0
2940.6677887925907,2.310432873696024,-20.78227792837996,9,1.0
2961.121750797718,2.349123898617135,-21.031162322595048,9,1.0
2981.717981359431,2.388380870155683,-21.285301506775568,9,1.0
3002.4574700337953,2.428276864098014,-21.544052372613354,9,1.0
3023.3412132597846,2.4688029413890353,-21.80777437944439,9,1.0
3044.3702144071544,2.5099311608641606,-22.077047802235214,9,1.0
3065.545483824648,2.5517569260768793,-22.351008587738615,9,1.0
3086.868038888538,2.5941435983038303,-22.631507670522335,9,1.0
3108.338904051513,2.6371678071386557,-22.91790519746208,9,1.0
3129.9591108918903,2.680873344917561,-23.209967090928167,9,1.0
3151.7296981631816,2.7253455923325194,-23.50701516329734,9,1.0
3173.651711844004,2.770418154812631,-23.811198914639174,9,1.0
3195.726205188326,2.816153124417719,-24.122090485024255,9,1.0
3217.954238776082,2.862658143513933,-24.438797962806515,9,1.0
3240.3368805641194,2.909754131922048,-24.76355583774073,9,1.0
3262.8752059375156,2.9576115248411257,-25.094809410527876,9,1.0
3285.570297761241,3.006194905146771,-25.433244734263546,9,1.0
3308.4232464321876,3.0555096897765575,-25.77910956500063,9,1.0
3331.435149931559,3.1055608178302716,-26.132660967999584,9,1.0
3354.607113877621,3.1562826281938348,-26.49487469176522,9,1.0
3377.9402515788224,3.2078175362582213,-26.864615926107323,9,1.0
3401.4356840872842,3.2600025528487624,-27.243836987698128,9,1.0
3425.094540252663,3.3130329688809663,-27.630919358657675,9,1.0
3448.9179567763854,3.3667639513046876,-28.02761602315974,9,1.0
3472.9070782662598,3.4212708520956725,-28.433519311328475,9,1.0
3497.0630572914743,3.476475043933654,-28.84970319909817,9,1.0
3521.387054437968,3.5324530744012685,-29.27577138434571,9,1.0
3545.880238364193,3.5892597112864255,-29.711568152971786,9,1.0
3570.543785857265,3.6468395520212344,-30.157956611188272,9,1.0
3595.378881889502,3.7050138540788824,-30.6168614873087,9,1.0
3620.3867196753545,3.7640940893082324,-31.085854471817385,9,1.0
3645.5685007287366,3.8238083753057834,-31.567667958191596,9,1.0
3670.9254349207527,3.884296136465986,-32.0614282544623,9,1.0
3696.458740537827,3.9454846180051235,-32.56809744517125,9,1.0
3722.1696443402334,4.007424402666636,-33.08759758956362,9,1.0
3748.0593816210417,4.070035089740153,-33.620929898814346,9,1.0
3774.129196265462,4.133400030114122,-34.167768903919686,9,1.0
3800.3803408106105,4.197468180534236,-34.7288769362123,9,1.0
3826.8140765056887,4.262000275843584,-35.306415408494374,9,1.0
3853.43167337258,4.327328334434624,-35.898175364463995,9,1.0
3880.2344102668694,4.39309126051119,-36.50718555236464,9,1.0
3907.223574939284,4.459478030658392,-37.132351372239505,9,1.0
3934.400464097566,4.526495748691845,-37.77396453113785,9,1.0
3961.7663834687746,4.5939033944586,-38.434021589353264,9,1.0
3989.322647862018,4.661603413316186,-39.11342504985927,9,1.0
4017.070581231624,4.729967165621284,-39.809968671048274,9,1.0
4045.011516740754,4.798466663703253,-40.527408214725455,9,1.0
4073.1467968254487,4.867297212327849,-41.264691972710196,9,1.0
4101.477773259132,4.9363931470748685,-42.022480096147056,9,1.0
4130.005807217556,5.00553671033726,-42.80230183955007,9,1.0
4158.732269344197,5.074934874291676,-43.60312236348461,9,1.0
4187.658539816113,5.144052127994793,-44.4282004515926,9,1.0
4216.78600841025,5.21303018226498,-45.27679371652184,9,1.0
4246.116074570219,5.28192119588418,-46.14873710239161,9,1.0
4275.650147473531,5.350397869962156,-47.04585560944652,9,1.0
4305.389646099301,5.4183838101785495,-47.9685409506156,9,1.0
4335.335999296423,5.485856295100936,-48.91689831213277,9,1.0
4365.4906458522255,5.552254977002514,-49.89352523373646,9,1.0
4395.8550345615895,5.617824783180926,-50.89708461188261,9,1.0
4426.430624296562,5.682464541765432,-51.927910547494676,9,1.0
4457.21888407645,5.745744248362636,-52.987654328197614,9,1.0
4488.2212931383965,5.807660086817009,-54.07602156657585,9,1.0
4519.439341008452,5.867875501330488,-55.1940069260514,9,1.0
4550.874527573141,5.926097871688896,-56.34225117850097,9,1.0
4582.528363151522,5.982086884719701,-57.52104938662695,9,1.0
4614.402368567757,6.035809607426263,-58.72988668901647,9,1.0
4646.498075224173,6.087092362142151,-59.96870008698056,9,1.0
4678.817025174842,6.13529823571514,-61.23870751727247,9,1.0
4711.360771199674,6.180450589584794,-62.53890016383096,9,1.0
4744.130876879015,6.222271414208736,-63.86910675640559,9,1.0
4777.128916668773,6.260149332156533,-65.22980985322356,9,1.0
4810.356475976061,6.294023241688799,-66.61987213837314,9,1.0
4843.815151235375,6.323678443862293,-68.03847226328453,9,1.0
4877.506549985286,6.348732730279125,-69.48499570327942,9,1.0
4911.432290945683,6.36897400226583,-70.95830777041618,9,1.0
4945.594004095541,6.384021898024849,-72.45742087894479,9,1.0
4979.9933307512365,6.393497586110164,-73.98111224861678,9,1.0
5014.631923645403,6.397210012309121,-75.52770397122708,9,1.0
5049.511447006339,6.394801981415529,-77.09557853910964,9,1.0
5084.633576637967,6.386208396980555,-78.68265536037703,9,1.0
5120.000000000346,6.371484733834341,-80.2867596552133,9,1.0
5155.612416290749,6.3495839241007035,-81.90626383529501,9,1.0
5191.4725365253,6.320981848337151,-83.53840382043386,9,1.0
5227.582083621183,6.285625781452727,-85.18081598623355,9,1.0
5263.942792479418,6.242634883320695,-86.83100660600999,9,1.0
5300.556410068212,6.192874557737406,-88.48636358941563,9,1.0
5337.424695506905,6.135529654286401,-90.14408545173166,9,1.0
5374.54942015047,6.070869343389217,-91.80148916658443,9,1.0
5411.932367674636,5.999101291276857,-93.45602329899246,9,1.0
5449.575334161574,5.9201819453333195,-95.10500267074156,9,1.0
5487.480128186196,5.83410334976981,-96.74572359728053,9,1.0
5525.648570903045,5.7410777714809225,-98.37575886386243,9,1.0
5564.082496133798,5.64152701265673,-99.99314629156977,9,1.0
5602.78375045537,5.534986141939488,-101.59457394744433,9,1.0
5641.754193288633,5.422026101551307,-103.17842021384553,9,1.0
5680.995696987757,5.302783782673483,-104.74248388279285,9,1.0
5720.51014693016,5.177851441898112,-106.28571303537323,9,1.0
5760.2994416071,5.046799646422022,-107.80478069101635,9,1.0
5800.365492714889,4.910753864243052,-109.30033541294273,9,1.0
5840.710225246731,4.769241789303497,-110.76902941079933,9,1.0
5881.335577585225,4.622970848338801,-112.21086357660305,9,1.0
5922.243501595481,4.472074294171478,-113.62437152229984,9,1.0
5963.435962718906,4.317004222097414,-115.00927662868789,9,1.0
6004.914940067636,4.1580488923465735,-116.36497074752958,9,1.0
6046.682426519615,3.995348642788824,-117.69041543567364,9,1.0
6088.740428814354,3.829334474876476,-118.98584651438057,9,1.0
6131.090967649341,3.660073250130638,-120.25017253492436,9,1.0
6173.736077777122,3.488178466498094,-121.48482561862424,9,1.0
6216.6778081030725,3.313504745005249,-122.68800800023195,9,1.0
6259.918221783827,3.1365067399924564,-123.86077080184755,9,1.0
6303.4593963264115,2.957606054148887,-125.00431078515595,9,1.0
6347.303423688055,2.7768351496501187,-126.11799680244106,9,1.0
6391.4524103767,2.594293647112802,-127.20155539556947,9,1.0
6435.9084775522115,2.410306591345629,-128.2560737359033,9,1.0
6480.673761128287,2.2251732697619167,-129.2827098700196,9,1.0
6525.750411875079,2.038957484366855,-130.2813486120677,9,1.0
6571.140595522531,1.8517756472489344,-131.25223243803515,9,1.0
6616.846492864425,1.6638380399270973,-132.19629736007516,9,1.0
6662.870299863169,1.475385675191697,-133.11483783777626,9,1.0
6709.214227755292,1.2865442164639143,-134.0084982900364,9,1.0
6755.880503157695,1.0972042352114955,-134.87627028751493,9,1.0
6802.871368174619,0.9076245379791381,-135.7198174246117,9,1.0
6850.189080505378,0.7180802905149825,-136.54113010495612,9,1.0
6897.835913552822,0.5284064776054508,-137.3388859713808,9,1.0
6945.814156532571,0.3388194259122964,-138.11474021119022,9,1.0
6994.126114583001,0.14947406886785594,-138.8699995913937,9,1.0
7042.774108875988,-0.03979039263228999,-139.60335099094476,9,1.0
7091.760476728439,-0.22871441262335843,-140.31706497153766,9,1.0
7141.087571714584,-0.41734887589560543,-141.01079702825768,9,1.0
7190.757763779057,-0.6055326531249151,-141.6861264065495,9,1.0
7240.773439350762,-0.7931888032071898,-142.34396009437657,9,1.0
7291.137001457528,-0.9805378174933717,-142.9823528599271,9,1.0
7341.850869841561,-1.167244364318317,-143.6047201595117,9,1.0
7392.917481075709,-1.3533742680275567,-144.21066390205158,9,1.0
7444.339288680522,-1.538927252198485,-144.80041268492386,9,1.0
7496.118763242139,-1.7239315746893344,-145.3738849803213,9,1.0
7548.258392530979,-1.908191337137637,-145.9334179263045,9,1.0
7600.760681621277,-2.0918015666398757,-146.47827933731918,9,1.0
7653.628153011434,-2.2746908869529396,-147.00954165329264,9,1.0
7706.863346745218,-2.4568724537061204,-147.52735912023525,9,1.0
7760.468820533797,-2.63848149076444,-148.03042601686494,9,1.0
7814.447149878626,-2.8192328670409372,-148.52238826618589,9,1.0
7868.800928195191,-2.9992449638989855,-149.00218783453406,9,1.0
7923.532766937609,-3.178579105012676,-149.4693722887427,9,1.0
7978.645295724095,-3.3570715553158785,-149.9263095079643,9,1.0
8034.141162463309,-3.5348969883112735,-150.371115746878,9,1.0
8090.023033481568,-3.711922077889575,-150.8058272567529,9,1.0
8146.293593650958,-3.888210139687243,-151.22995402307274,9,1.0
8202.955546518326,-4.06368154304372,-151.64491139310192,9,1.0
8260.011614435174,-4.238514187939254,-152.0485931100842,9,1.0
8317.464538688457,-4.4125711167333055,-152.44320143253407,9,1.0
8375.317079632288,-4.58583904235783,-152.82928453883522,9,1.0
8433.572016820564,-4.758359976703881,-153.20659320292768,9,1.0
8492.232149140504,-4.930121293515459,-153.57565717536787,9,1.0
8551.300294947127,-5.101179462074433,-153.9359717188721,9,1.0
8610.779292198666,-5.271504934627263,-154.28830809677163,9,1.0
8670.671998592914,-5.44108796819436,-154.63315921963132,9,1.0
8730.981291704516,-5.609951696605787,-154.97050717549482,9,1.0
8791.710069123244,-5.778087889719816,-155.30082233814952,9,1.0
8852.86124859319,-5.945563431994091,-155.6233523085211,9,1.0
8914.437768152968,-6.1122966330134165,-155.939760747154,9,1.0
8976.44258627686,-6.278354126386018,-156.24928457837646,9,1.0
9038.878682016972,-6.4437154928530935,-156.5525941048168,9,1.0
9101.74905514635,-6.6084560128512315,-156.84871441303787,9,1.0
9165.056726303115,-6.772476456039449,-157.13968717042079,9,1.0
9228.804737135582,-6.9358267929813575,-157.42497981365287,9,1.0
9292.996150448414,-7.098553207504443,-157.70408160939957,9,1.0
9357.634050349754,-7.260626244910757,-157.97783565324954,9,1.0
9422.721542399418,-7.422066983006639,-158.24617271530468,9,1.0
9488.261753758103,-7.582906834151901,-158.50880936468076,9,1.0
9554.257833337617,-7.743063199467408,-158.7676289987107,9,1.0
9620.712951952195,-7.902669553831553,-159.0203876463424,9,1.0
9687.630302470823,-8.061645140387606,-159.26894359208632,9,1.0
9755.013099970645,-8.22006327123311,-159.5121551390471,9,1.0
9822.864581891441,-8.377879294081744,-159.75120348831607,9,1.0
9891.188008191157,-8.53512298345305,-159.98578929110764,9,1.0
9959.98666150255,-8.691812454838367,-160.21582846263306,9,1.0
10029.26384729088,-8.847898308707162,-160.4426474842653,9,1.0
10099.022894012754,-9.003475727672278,-160.66453695622667,9,1.0
10169.26715327601,-9.158513997239655,-160.88241591582752,9,1.0
10240.000000000768,-9.31299458290071,-161.09697336391577,9,1.0
10311.224832581574,-9.466962096829906,-161.30751971445656,9,1.0
10382.945073050678,-9.620415402211584,-161.5143491308516,9,1.0
10455.164167242447,-9.773362374234772,-161.71755559021724,9,1.0
10527.885584958914,-9.925802662011241,-161.91741766245363,9,1.0
10601.112820136505,-10.077752460816692,-162.11383209821756,9,1.0
10674.849391013888,-10.229203777660437,-162.30725224999645,9,1.0
10749.098840301021,-10.38020326881413,-162.4968386388804,9,1.0
10823.864735349352,-10.53070458633625,-162.6839508360506,9,1.0
10899.15066832323,-10.680768134879461,-162.86739373625315,9,1.0
10974.960256372473,-10.830363930148328,-163.0481434882315,9,1.0
11051.297141806172,-10.979507005670271,-163.22608724483604,9,1.0
11128.16499226768,-11.128225400786047,-163.400769142834,9,1.0
11205.567500910824,-11.276498273139495,-163.57295615424363,9,1.0
11283.508386577352,-11.424326689489577,-163.74287542004666,9,1.0
11361.991393975597,-11.57175727384601,-163.90956307120578,9,1.0
11441.020293860403,-11.718757504174452,-164.0741003076662,9,1.0
11520.598883214287,-11.865353620624685,-164.23603612689666,9,1.0
11600.730985429864,-12.011558078672504,-164.39526511737532,9,1.0
11681.420450493551,-12.157376806481746,-164.55184899832247,9,1.0
11762.671155170538,-12.302792341785139,-164.70649296982117,9,1.0
11844.48700319105,-12.44783469612469,-164.8585981488651,9,1.0
11926.871925437901,-12.59248713158195,-165.00885481345085,9,1.0
12009.82988013536,-12.736784004940048,-165.15651610589055,9,1.0
12093.36485303932,-12.88071432398639,-165.3021066357571,9,1.0
12177.4808576288,-13.024273572158682,-165.44597840989098,9,1.0
12262.181935298773,-13.16751487851587,-165.58679114327848,9,1.0
12347.472155554336,-13.310375975634773,-165.7265825991879,9,1.0
12433.355616206238,-13.452909187994583,-165.86401835372706,9,1.0
12519.836443567749,-13.595099746987458,-165.99974414199673,9,1.0
12606.918792652916,-13.736972634439073,-166.13320452967977,9,1.0
12694.606847376202,-13.878508975060981,-166.2651782117422,9,1.0
12782.904820753494,-14.01974693618633,-166.39468005313398,9,1.0
12871.816955104521,-14.160645234047225,-166.52319845745998,9,1.0
12961.347522256672,-14.301241404606937,-166.6497528343198,9,1.0
13051.500823750257,-14.441540021229658,-166.77438360691656,9,1.0
13142.28119104516,-14.581528490139942,-166.8976889255062,9,1.0
13233.69298572895,-14.72122478910729,-167.01927705815513,9,1.0
13325.740599726436,-14.860649977011489,-167.13863282089636,9,1.0
13418.428455510686,-14.999767228064378,-167.25716431190003,9,1.0
13511.761006315492,-15.138614081492419,-167.37380312022282,9,1.0
13605.74273634934,-15.27718276776194,-167.48898885230312,9,1.0
13700.378161010858,-15.415477791598644,-167.60274858409431,9,1.0
13795.671827105747,-15.553496065609934,-167.715371576738,9,1.0
13891.628313065248,-15.691264473953385,-167.82609488432192,9,1.0
13988.252229166108,-15.828768371512902,-167.93560300341468,9,1.0
14085.548217752083,-15.966015713560093,-168.04378887038743,9,1.0
14183.520953456982,-16.103010625150024,-168.1506762503326,9,1.0
14282.175143429275,-16.239764021504776,-168.25603644993848,9,1.0
14381.515527558222,-16.376279518654002,-168.3598984595106,9,1.0
14481.546878701633,-16.5125375008237,-168.46315725930467,9,1.0
14582.274002915165,-16.648575227261087,-168.56459087215524,9,1.0
14683.70173968323,-16.784370048501934,-168.6652096863317,9,1.0
14785.834962151528,-16.91994188918436,-168.76442126090305,9,1.0
14888.678577361155,-17.05529098357946,-168.8623713026526,9,1.0
14992.23752648439,-17.19041469956999,-168.9593196296067,9,1.0
15096.516785062071,-17.325319704997117,-169.05516446200141,9,1.0
15201.521363242668,-17.460021174357745,-169.14945730517508,9,1.0
15307.256306022984,-17.594501773510768,-169.2430382747862,9,1.0
15413.726693490553,-17.728779442342223,-169.3353421591096,9,1.0
15520.93764106771,-17.862840511258774,-169.42707509054227,9,1.0
15628.894299757369,-17.996721564045778,-169.51688729486457,9,1.0
15737.6018563905,-18.130384389894388,-169.60649767757872,9,1.0
15847.065533875337,-18.263864755091255,-169.69456970051866,9,1.0
15957.29059144831,-18.39714689786892,-169.7819039960569,9,1.0
16068.282324926739,-18.530244311421054,-169.86807323030817,9,1.0
16180.046066963258,-18.663149680069484,-169.95353126025267,9,1.0
16292.587187302037,-18.795871112938553,-170.03807230523546,9,1.0
16405.911093036775,-18.92841632840449,-170.1214973407328,9,1.0
16520.023228870472,-19.060787905121142,-170.20382549821215,9,1.0
16634.92907737704,-19.192979008812422,-170.28549522197287,9,1.0
16750.634159264704,-19.32499260924091,-170.36651469132156,9,1.0
16867.144033641256,-19.456849751053582,-170.4460659121861,9,1.0
16984.464298281135,-19.588525648401646,-170.52540562286094,9,1.0
17102.600589894384,-19.720045486823853,-170.60351542546664,9,1.0
17221.558584397462,-19.851402756182775,-170.68082046342474,9,1.0
17341.343997185955,-19.98259996843228,-170.75733262940372,9,1.0
17461.962583409164,-20.113639593249502,-170.833063566259,9,1.0
17583.42013824662,-20.244528161954403,-170.90782787664963,9,1.0
17705.72249718651,-20.37525978879431,-170.98203187935644,9,1.0
17828.875536306066,-20.505839007470804,-171.0555849778124,9,1.0
17952.885172553855,-20.636279940799596,-171.12791911071187,9,1.0
18077.75736403408,-20.76656709018274,-171.19991404934433,9,1.0
18203.498110292836,-20.8967125188375,-171.2710981242057,9,1.0
18330.113452606365,-21.026720189938573,-171.3413898120187,9,1.0
18457.609474271307,-21.156588424560162,-171.41098955825012,9,1.0
18585.99230089697,-21.286315749730605,-171.48009168955505,9,1.0
18715.26810069965,-21.415909745913343,-171.54842637950367,9,1.0
18845.44308479898,-21.545374126183965,-171.61591413018544,9,1.0
18976.523507516347,-21.674698739204473,-171.6831997437083,9,1.0
19108.51566667538,-21.803906242849386,-171.74920743999385,9,1.0
19241.425903904536,-21.932983076026787,-171.81475992622538,9,1.0
19375.260604941792,-22.061931327542695,-171.879861541675,9,1.0
19510.026199941436,-22.190761093132476,-171.94407934512319,9,1.0
19645.729163783028,-22.319464506150307,-172.00794823313194,9,1.0
19782.376016382463,-22.44805453634793,-172.07086754945487,9,1.0
19919.973323005244,-22.576521954910653,-172.13345118106872,9,1.0
20058.527694581913,-22.704877815412775,-172.19519229385907,9,1.0
20198.045788025658,-22.833116220451068,-172.25652495378392,9,1.0
20338.53430655217,-22.96124341910051,-172.31720229215043,9,1.0
20480.00000000169,-23.08926103376221,-172.37723354843922,9,1.0
20622.4496651633,-23.2171664100615,-172.43687437653674,9,1.0
20765.890146101516,-23.344968296013676,-172.4957201942411,9,1.0
20910.32833448505,-23.472661239484225,-172.55418824735654,9,1.0
21055.771169917985,-23.600252365452366,-172.6119602832071,9,1.0
21202.22564027317,-23.72773911521403,-172.66928577381285,9,1.0
21349.698782027936,-23.855124399091125,-172.72609030516017,9,1.0
21498.197680602203,-23.98240972939327,-172.7823802895371,9,1.0
21647.72947069887,-24.10959786470631,-172.83808411881148,9,1.0
21798.301336646622,-24.23668770927796,-172.8933643877461,9,1.0
21949.920512745113,-24.363684457755454,-172.9479952119732,9,1.0
22102.59428361251,-24.49058092693084,-173.00251910402974,9,1.0
22256.32998453553,-24.617391927530537,-173.0561019485373,9,1.0
22411.135001821818,-24.74411027172675,-173.1092848632824,9,1.0
22567.01677315487,-24.87074084164194,-173.16184846286757,9,1.0
22723.98278795137,-24.997278023819163,-173.21424493151542,9,1.0
22882.04058772098,-25.123730076365426,-173.2660330875184,9,1.0
23041.197766428744,-25.250095975094148,-173.31736717236146,9,1.0
23201.4619708599,-25.37637699098948,-173.36825245917512,9,1.0
23362.840900987278,-25.50257223086014,-173.41883750335464,9,1.0
23525.342310341253,-25.628689359039527,-173.46869729452027,9,1.0
23688.974006382276,-25.75472523476277,-173.51812572598007,9,1.0
23853.743850875984,-25.880676956401775,-173.56740805752307,9,1.0
24019.6597602709,-26.006555972682413,-173.61584718382585,9,1.0
24186.729706078822,-26.132352236722795,-173.66421675507655,9,1.0
24354.96171525778,-26.258075920929592,-173.71189690908872,9,1.0
24524.363870597732,-26.383722186254992,-173.7593065335846,9,1.0
24694.944311108862,-26.509294123837922,-173.80631206865075,9,1.0
24866.711232412665,-26.634792820831585,-173.8529179748885,9,1.0
25039.672887135683,-26.760220268533352,-173.89906212312076,9,1.0
25213.837585306024,-26.885575665027453,-173.94488236160217,9,1.0
25389.213694752598,-27.010862769990368,-173.9901848519121,9,1.0
25565.809641507185,-27.136079884120058,-174.03517183895153,9,1.0
25743.63391020923,-27.26122892097871,-174.07978139970444,9,1.0
25922.695044513537,-27.38631172559593,-174.12395347625235,9,1.0
26103.00164750071,-27.51132671108952,-174.1678843203344,9,1.0
26284.562382090517,-27.63627988715204,-174.21119609945066,9,1.0
26467.385971458098,-27.761166334843665,-174.25433705447318,9,1.0
26651.481199453076,-27.885992727343893,-174.29687119489293,9,1.0
26836.856911021572,-28.01075111988059,-174.33948716807882,9,1.0
27023.522012631187,-28.13545125226327,-174.38150458433196,9,1.0
27211.485472698885,-28.260090794941796,-174.42317590718312,9,1.0
27400.75632202192,-28.384672137737414,-174.46438379010954,9,1.0
27591.3436542117,-28.509194580003168,-174.50525425261173,9,1.0
27783.256626130707,-28.633657496807725,-174.54590967443693,9,1.0
27976.504458332423,-28.758063234386317,-174.5862324563206,9,1.0
28171.096435504372,-28.882412607699585,-174.62622572703162,9,1.0
28367.04190691418,-29.00670852582134,-174.66571776670847,9,1.0
28564.35028685876,-29.130948208673544,-174.7050043106267,9,1.0
28763.031055116662,-29.25513452501209,-174.7439132403804,9,1.0
28963.093757403483,-29.37926615383502,-174.78261904630932,9,1.0
29164.548005830547,-29.50334516815822,-174.82100798200747,9,1.0
29367.403479366687,-29.62737349557556,-174.8589689506863,9,1.0
29571.669924303278,-29.751350937990534,-174.89656021052667,9,1.0
29777.35715472254,-29.875275830784656,-174.93394703420628,9,1.0
29984.475052969006,-29.99914982645717,-174.97095649220745,9,1.0
30193.03357012437,-30.1229717580105,-175.0075220173759,9,1.0
30403.042726485564,-30.246732522917466,-175.04383488967335,9,1.0
30614.512612046197,-30.370405341859417,-175.07986557784233,9,1.0
30827.45338698134,-30.493903016855626,-175.11595854141112,9,1.0
31041.875282135654,-30.617576887316112,-175.15361220271384,9,1.0
31257.788599514974,-30.741348362432717,-175.1888494923778,9,1.0
31475.203712781236,-30.864954116830447,-175.22353827513842,9,1.0
31694.13106775091,-30.988480901719996,-175.2581634140014,9,1.0
31914.581182896858,-31.111953929936533,-175.29258324904424,9,1.0
32136.564649853717,-31.235381224053146,-175.32666851720552,9,1.0
32360.09213392676,-31.358763379458733,-175.3606114186575,9,1.0
32585.17437460432,-31.482103503101996,-175.39425293391736,9,1.0
32811.8221860738,-31.60540206168045,-175.4276418871717,9,1.0
33040.04645774119,-31.7286603626299,-175.4607282206427,9,1.0
33269.85815475433,-31.85187958097233,-175.49346431396438,9,1.0
33501.26831852966,-31.97505635263106,-175.52624477126852,9,1.0
33734.28806728276,-32.09819677533487,-175.55853054724204,9,1.0
33968.928596562524,-32.221297957362495,-175.59066613262706,9,1.0
34205.20117978902,-32.34436192445966,-175.62250768916192,9,1.0
34443.11716879519,-32.467389671561094,-175.6540106675821,9,1.0
34682.68799437217,-32.59037985441092,-175.68536783933882,9,1.0
34923.92516681859,-32.713333947370145,-175.71648548482102,9,1.0
35166.8402764935,-32.836251573605104,-175.74745865782558,9,1.0
35411.44499437329,-32.95913504316056,-175.77810268821096,9,1.0
35657.7510726124,-33.08198394919258,-175.80851330364916,9,1.0
35905.77034510798,-33.20479878423606,-175.8386925323176,9,1.0
36155.51472806843,-33.32758129926481,-175.8685068120349,9,1.0
36406.99622058595,-33.45032983749633,-175.8981854046599,9,1.0
36660.22690521301,-33.57304531576521,-175.92768380343966,9,1.0
36915.21894854289,-33.695729427696655,-175.9568703244241,9,1.0
37171.98460179422,-33.81838100139352,-175.9859244786452,9,1.0
37430.53620139958,-33.94100209194902,-176.0146718985426,9,1.0
37690.88616959824,-34.063591560285886,-176.04328953209156,9,1.0
37953.04701503298,-34.186150639671396,-176.07169144612462,9,1.0
38217.03133335104,-34.30868051243521,-176.09979416665612,9,1.0
38482.85180780936,-34.43118082865333,-176.12768612160147,9,1.0
38750.521209883875,-34.55365200640188,-176.1553691371115,9,1.0
39020.05239988316,-34.6760944576666,-176.18284502013597,9,1.0
39291.458327566346,-34.79850823326914,-176.21015703257825,9,1.0
39564.752032765224,-34.92089444869763,-176.23722370020408,9,1.0
39839.94664601079,-35.043253483094816,-176.26404765781444,9,1.0
40117.05538916413,-35.16558434935891,-176.29079389181553,9,1.0
40396.09157605162,-35.287889822014684,-176.31717936059005,9,1.0
40677.068613104646,-35.41016889834157,-176.34336929129086,9,1.0
40960.00000000368,-35.53242064682645,-176.36952429655136,9,1.0
41244.899330326916,-35.65464741801269,-176.39540590692354,9,1.0
41531.78029220334,-35.77684891188099,-176.42109580593473,9,1.0
41820.65666897041,-35.899025484522,-176.4465956170042,9,1.0
42111.54233983629,-36.021178102654716,-176.47182970216508,9,1.0
42404.45128054665,-36.14330617547988,-176.49691633774407,9,1.0
42699.3975640562,-36.26540945872878,-176.5219324228599,9,1.0
42996.39536120473,-36.387490686685375,-176.54657462297345,9,1.0
43295.458941398065,-36.50954751017856,-176.57118636056023,9,1.0
43596.60267329357,-36.63158288600441,-176.59543048726277,9,1.0
43899.84102549055,-36.75359481361245,-176.61960855464415,9,1.0
44205.18856722535,-36.87558476151456,-176.64357268099764,9,1.0
44512.659969071385,-36.997552206399874,-176.66743458325521,9,1.0
44822.27000364397,-37.119498021757124,-176.69112170182402,9,1.0
45134.033546310086,-37.24142357955581,-176.71449158203797,9,1.0
45447.96557590307,-37.36332755417774,-176.73776303093476,9,1.0
45764.081175442305,-37.48521026359329,-176.76093592974166,9,1.0
46082.39553285784,-37.60707253281173,-176.7839397304378,9,1.0
46402.92394172015,-37.72891565788834,-176.80663594046442,9,1.0
46725.681801974904,-37.85073863488827,-176.8292025114974,9,1.0
47050.68462068286,-37.972541753483085,-176.85164004753918,9,1.0
47377.94801276491,-38.09432529906668,-176.87394914994252,9,1.0
47707.487701752325,-38.21609098355538,-176.89592645144222,9,1.0
48039.319520542165,-38.33783667258404,-176.9179144075844,9,1.0
48373.45941215801,-38.45956407041624,-176.93970962496186,9,1.0
48709.923430515926,-38.58127365526583,-176.96128081939682,9,1.0
49048.72774119583,-38.702964311634375,-176.9828289480764,9,1.0
49389.888622218095,-38.82463855187854,-177.00402432653615,9,1.0
49733.4224648257,-38.94629415841296,-177.02523078310315,9,1.0
50000.0,-39.04010804293347,-177.04144167799916,9,1.0
