frequency_Hz,mag_dB,phase_deg,step_index,step_k
10.0,-0.2947050527778084,-0.5976023174790328,0,0.1
10.069555500567189,-0.29469539071898854,-0.6017621653072646,0,0.1
10.139594797900294,-0.2946729803396473,-0.6059496593468174,0,0.1
10.210121257071936,-0.29465139104728416,-0.6101664424443235,0,0.1
10.281138266560667,-0.29462385505976596,-0.6144119842064643,0,0.1
10.352649238413779,-0.2946107216195554,-0.6186887093102861,0,0.1
10.424657608411218,-0.29457810624200953,-0.6229931163192639,0,0.1
10.497166836230678,-0.2945599171632601,-0.6273291406077431,0,0.1
10.57018040561381,-0.2945493873216301,-0.631696268510415,0,0.1
10.643701824533608,-0.29451263202451206,-0.6360909096113918,0,0.1
10.71773462536294,-0.2945038988433562,-0.6405193755231374,0,0.1
10.792282365044281,-0.2944893033698039,-0.6449780737740115,0,0.1
10.867348625260592,-0.2944620787329898,-0.6494664285244615,0,0.1
10.942937012607405,-0.29444257634264503,-0.6539869872492023,0,0.1
11.019051158766118,-0.29441725021777393,-0.6585384073840896,0,0.1
11.095694720678463,-0.29439289319281775,-0.663121694848823,0,0.1
11.172871380722214,-0.2943627390488825,-0.6677362743660078,0,0.1
11.250584846888108,-0.2943471405865992,-0.6723847820070519,0,0.1
11.328838852958,-0.29432577254669784,-0.6770650410896246,0,0.1
11.407637158684253,-0.2942918690132805,-0.6817764477747706,0,0.1
11.486983549970367,-0.29426578362485334,-0.6865216768036679,0,0.1
11.566881839052892,-0.29425431090768334,-0.6913018116412841,0,0.1
11.647335864684578,-0.2942303458631345,-0.6961137784819228,0,0.1
11.728349492318808,-0.29420068309453434,-0.700958624198934,0,0.1
11.809926614295325,-0.29417211758910927,-0.7058374204139976,0,0.1
11.892071150027233,-0.29413788448133893,-0.7107495558193146,0,0.1
11.97478704618931,-0.29411833965016315,-0.7156978371424959,0,0.1
12.05807827690763,-0.2940999386165926,-0.7206808146297831,0,0.1
12.141948843950495,-0.2940691367395599,-0.7256969927265909,0,0.1
12.226402776920713,-0.29403273016482356,-0.7307474634093777,0,0.1
12.31144413344919,-0.2940042958664689,-0.735834228634185,0,0.1
12.397076999389895,-0.2939838505854169,-0.7409575605889854,0,0.1
12.48330548901615,-0.2939578502964898,-0.7461159406538098,0,0.1
12.570133745218314,-0.2939195313298977,-0.7513087052797248,0,0.1
12.657565939702833,-0.2938960330623638,-0.7565397125558161,0,0.1
12.745606273192656,-0.29386025068400007,-0.7618056005339282,0,0.1
12.834258975629076,-0.2938325437843263,-0.767109359812424,0,0.1
12.923528306374958,-0.29379936897421977,-0.7724494188727676,0,0.1
13.013418554419374,-0.29376752517433413,-0.7778269605393493,0,0.1
13.10393403858367,-0.2937370308906763,-0.7832422543608865,0,0.1
13.195079107728983,-0.29370112391837905,-0.7886946243598013,0,0.1
13.286858140965156,-0.293673385151945,-0.7941862328538536,0,0.1
13.379275547861162,-0.2936334907863333,-0.7997144929649249,0,0.1
13.472335768656947,-0.29360180346123566,-0.8052825450632879,0,0.1
13.566043274476765,-0.293564780744616,-0.81088874068739,0,0.1
13.660402567544,-0.29353600511275396,-0.8165353036445248,0,0.1
13.755418181397484,-0.2934883717122777,-0.822218587262368,0,0.1
13.851094681109295,-0.29346937056017575,-0.8279457790925162,0,0.1
13.947436663504105,-0.2934247714781688,-0.8337092375595694,0,0.1
14.044448757380025,-0.2933885026666845,-0.8395142130858508,0,0.1
14.142135623731003,-0.29335380422629026,-0.8453600039370233,0,0.1
14.240501955970773,-0.2933206979734989,-0.8512469053553988,0,0.1
14.33955248015833,-0.2932756424848959,-0.857173155376313,0,0.1
14.439291955225018,-0.2932322234349016,-0.8631410847498177,0,0.1
14.539725173203164,-0.2932040274049968,-0.8691530836578435,0,0.1
14.640856959456315,-0.2931571679021179,-0.875204243020701,0,0.1
14.742692172911074,-0.2931323600415938,-0.8813011562098315,0,0.1
14.845235706290554,-0.2930753710217818,-0.8874356699724761,0,0.1
14.94849248634945,-0.2930404814977342,-0.89361657271209,0,0.1
15.05246747411074,-0.29299380498417743,-0.8998388404712325,0,0.1
15.15716566510405,-0.29294214806271074,-0.9061038330773215,0,0.1
15.26259208960566,-0.2929126654146759,-0.9124162305587483,0,0.1
15.368751812880195,-0.292857905236834,-0.9187686970806096,0,0.1
15.475649935423972,-0.29282537073388715,-0.9251692437856057,0,0.1
15.58329159321007,-0.2927743923764525,-0.9316115520029151,0,0.1
15.69168195793509,-0.2927321270681592,-0.9381003880468682,0,0.1
15.800826237267621,-0.29267825315810747,-0.9446327026941711,0,0.1
15.910729675098453,-0.2926399292362063,-0.9512133527891223,0,0.1
16.02139755179252,-0.2925900510494116,-0.9578381204470214,0,0.1
16.13283518444261,-0.2925422123083923,-0.9645096140360231,0,0.1
16.245047927124794,-0.2924828747738783,-0.9712258422886402,0,0.1
16.358041171155712,-0.2924392000152947,-0.977991799662236,0,0.1
16.471820345351553,-0.29239086730260216,-0.9848043337142781,0,0.1
16.586390916288924,-0.2923311222736248,-0.9916625788744107,0,0.1
16.70175838856748,-0.29228712883986885,-0.9985716354989262,0,0.1
16.817928305074386,-0.29223178287328627,-1.0055270783216061,0,0.1
16.93490624725064,-0.2921854660431852,-1.0125328636381095,0,0.1
17.052697835359233,-0.29212107396834674,-1.0195844799250908,0,0.1
17.17130872875518,-0.2920725575745609,-1.0266883798411792,0,0.1
17.290744626157405,-0.29200602864799763,-1.0338387735712962,0,0.1
17.411011265922586,-0.29196900857731845,-1.0410447049449632,0,0.1
17.53211442632081,-0.2919004721108738,-1.0482953206404813,0,0.1
17.654059925813208,-0.29184115787060905,-1.0555984716058322,0,0.1
17.776853623331515,-0.29179788456698286,-1.0629558392230878,0,0.1
17.900501418559564,-0.2917164094288261,-1.0703575758080779,0,0.1
18.02500925221672,-0.29165782856963257,-1.0778155543032941,0,0.1
18.150383106343334,-0.29159503843003665,-1.0853250299751322,0,0.1
18.27662900458813,-0.2915416444685689,-1.0928889914632482,0,0.1
18.403753012497624,-0.29147054246068277,-1.1005025745332846,0,0.1
18.53176123780754,-0.2914156945167944,-1.108172747399496,0,0.1
18.660659830736275,-0.2913499968097796,-1.1158946064352173,0,0.1
18.790454984280366,-0.2912870573739096,-1.1236711983272407,0,0.1
18.921152934512047,-0.2912133430375855,-1.1315002130808316,0,0.1
19.05275996087888,-0.29114924915984436,-1.1393861086862203,0,0.1
19.18528238650542,-0.2910812434862795,-1.147326572249988,0,0.1
19.31872657849705,-0.2910161514635786,-1.1553233794831068,0,0.1
19.453098948245852,-0.29095401340131244,-1.163376951040068,0,0.1
19.588405951738682,-0.2908677248470313,-1.1714820853284666,0,0.1
19.72465408986733,-0.29080483087144826,-1.1796490064678338,0,0.1
19.861849908740865,-0.290731441653718,-1.187871103328724,0,0.1
20.00000000000015,-0.2906543856704476,-1.1961501873593123,0,0.1
20.13911100113453,-0.2905737056326977,-1.2044866668540857,0,0.1
20.279189595800737,-0.2905098059517276,-1.2128853214920108,0,0.1
20.42024251414402,-0.2904220087226345,-1.2213378605522642,0,0.1
20.56227653312149,-0.2903442937659342,-1.2298519929957663,0,0.1
20.70529847682771,-0.290269919584935,-1.2384267156700537,0,0.1
20.849315216822593,-0.2901853570669425,-1.2470594915209794,0,0.1
20.994333672461515,-0.290097439867042,-1.2557522261820926,0,0.1
21.14036081122778,-0.2900197908503145,-1.2645083881250272,0,0.1
21.28740364906737,-0.2899320942192738,-1.2733238920929701,0,0.1
21.43546925072604,-0.2898479742886053,-1.282202224725263,0,0.1
21.584564730088722,-0.2897674804429455,-1.2911438621501627,0,0.1
21.734697250521346,-0.2896702969268706,-1.3001446033888644,0,0.1
21.885874025214974,-0.2895768392902004,-1.3092095491929883,0,0.1
22.038102317532406,-0.2895007368584263,-1.3183423520767905,0,0.1
22.191389441357092,-0.28940809718319593,-1.3275356045128208,0,0.1
22.345742761444598,-0.28931255012710305,-1.3367929126404259,0,0.1
22.501169693776383,-0.28921414870380174,-1.3461147440050873,0,0.1
22.657677705916175,-0.289119736304122,-1.3555031967837015,0,0.1
22.815274317368676,-0.2890225780951788,-1.3649571425416573,0,0.1
22.973967099940907,-0.2889295193056932,-1.374478710512344,0,0.1
23.13376367810596,-0.2888338262312436,-1.3840667583605417,0,0.1
23.29467172936933,-0.2887355555834474,-1.3937217745762995,0,0.1
23.456698984637793,-0.28861439303474073,-1.4034392000864178,0,0.1
23.619853228590827,-0.2885179306579238,-1.4132312960622018,0,0.1
23.784142300054643,-0.28840548385524695,-1.4230884600076932,0,0.1
23.949574092378796,-0.2883178584729546,-1.433021442438425,0,0.1
24.11615655381544,-0.28820078635535334,-1.4430170468534393,0,0.1
24.28389768790117,-0.2880882845473062,-1.453084360631635,0,0.1
24.452805553841607,-0.28797362413546773,-1.4632221837577744,0,0.1
24.622888266898567,-0.2878568682411123,-1.4734310401043522,0,0.1
24.794153998779972,-0.28775845761454755,-1.4837167977393295,0,0.1
24.966610978032485,-0.2876444966729068,-1.4940711401705198,0,0.1
25.140267490436816,-0.2875218425182986,-1.504496336167635,0,0.1
25.315131879405854,-0.28739056105578764,-1.5149928912530803,0,0.1
25.4912125463855,-0.2872778917183335,-1.5255686346212467,0,0.1
25.668517951258348,-0.2871499380202564,-1.5362150204916252,0,0.1
25.847056612750112,-0.28703394238072544,-1.5469399516832631,0,0.1
26.026837108838944,-0.28690959487349726,-1.557738463710793,0,0.1
26.20786807716754,-0.2867769659730851,-1.5686110861709281,0,0.1
26.390158215458165,-0.2866565101366146,-1.5795640361253813,0,0.1
26.573716281930512,-0.2865075343547967,-1.5905865264742836,0,0.1
26.758551095722524,-0.2863844685371791,-1.6016943479774364,0,0.1
26.944671537314093,-0.28624662013011964,-1.6128766453331402,0,0.1
27.13208654895373,-0.28612124515825926,-1.6241417230014779,0,0.1
27.320805135088207,-0.28598123976646994,-1.6354824185288452,0,0.1
27.510836362795175,-0.28583347639660817,-1.6469012312430975,0,0.1
27.7021893622188,-0.28569842191562317,-1.6584046965095576,0,0.1
27.89487332700842,-0.28554217596036247,-1.6699835036855586,0,0.1
28.088897514760255,-0.2853920042280834,-1.6816462151970075,0,0.1
28.284271247462218,-0.28524119292209815,-1.6933914715755387,0,0.1
28.48100391194176,-0.28508982551379,-1.7052199076526167,0,0.1
28.679104960316874,-0.28494478417793223,-1.7171342226529214,0,0.1
28.878583910450253,-0.28479935761295844,-1.7291330338971462,0,0.1
29.079450346406546,-0.2846332381564316,-1.741210733971043,0,0.1
29.28171391891285,-0.28446690653924733,-1.7533741568350605,0,0.1
29.485384345822368,-0.2843140495118439,-1.7656282000926742,0,0.1
29.690471412581335,-0.2841475628615232,-1.777965100659151,0,0.1
29.896984972699123,-0.28398113509997297,-1.7903897399987145,0,0.1
30.104934948221704,-0.2838148589835278,-1.8029028032363519,0,0.1
30.314331330208326,-0.28363522836697364,-1.8155006312825825,0,0.1
30.52518417921155,-0.28346953809490105,-1.8281925945665658,0,0.1
30.73750362576062,-0.28328388298434004,-1.8409684603800094,0,0.1
30.951299870848175,-0.28310556204566606,-1.8538376880081044,0,0.1
31.16658318642038,-0.282934675338741,-1.866801042554209,0,0.1
31.38336391587042,-0.2827509189732074,-1.8798525407939566,0,0.1
31.60165247453548,-0.2825611946424778,-1.8929950906252246,0,0.1
31.82145935019715,-0.28237920922774556,-1.9062339524737482,0,0.1
32.04279510358529,-0.2821846596698803,-1.919563024003676,0,0.1
32.26567036888546,-0.28199805911546355,-1.9329899111100783,0,0.1
32.49009585424984,-0.2817991050751807,-1.9465084310356848,0,0.1
32.716082342311665,-0.2816015117236709,-1.9601239528339176,0,0.1
32.94364069070335,-0.2813917803263615,-1.973832527332118,0,0.1
33.172781832578096,-0.28119723884496467,-1.9876443633720293,0,0.1
33.40351677713521,-0.28099078197977906,-2.001550767131103,0,0.1
33.63585661014903,-0.28077932719016163,-2.0155548550712923,0,0.1
33.86981249450153,-0.2805629890633277,-2.0296573875604866,0,0.1
34.10539567071872,-0.28035549634581236,-2.0438640267261885,0,0.1
34.34261745751061,-0.2801297421102764,-2.0581657947651935,0,0.1
34.58148925231507,-0.2799062644791334,-2.072570817102104,0,0.1
34.822022531845434,-0.279671570165411,-2.0870749411746234,0,0.1
35.064228852641875,-0.2794530122709689,-2.1016889783847277,0,0.1
35.30811985162668,-0.2792166761115407,-2.116401229531895,0,0.1
35.55370724666329,-0.27898311123940767,-2.131220059721593,0,0.1
35.80100283711939,-0.2787524460279657,-2.146146348626563,0,0.1
36.05001850443371,-0.2785111908388626,-2.1611758131338727,0,0.1
36.30076621268694,-0.2782730952365935,-2.1763144526452374,0,0.1
36.55325800917653,-0.27801786030724995,-2.1915553086034034,0,0.1
36.80750602499552,-0.27776605066876314,-2.2069070562188804,0,0.1
37.06352247561536,-0.27750417968146096,-2.2223653049827967,0,0.1
37.32131966147283,-0.2772528197519012,-2.237938912656353,0,0.1
37.58090996856101,-0.27698486179656157,-2.2536180988868684,0,0.1
37.84230586902438,-0.27671406998279074,-2.269409081762083,0,0.1
38.105519921758045,-0.27644058678116823,-2.285312771937501,0,0.1
38.37056477301113,-0.27617818506754443,-2.3013355944845473,0,0.1
38.63745315699439,-0.2759065696791988,-2.317470281073305,0,0.1
38.906197896491996,-0.27561907170663974,-2.3337149256764067,0,0.1
39.176811903477656,-0.2753362854728948,-2.3500787939174708,0,0.1
39.449308179734956,-0.27505154795022635,-2.366560077083487,0,0.1
39.72369981748203,-0.27475137884745116,-2.3831540507143862,0,0.1
40.000000000000604,-0.27445638314899873,-2.399870186794746,0,0.1
40.27822200226936,-0.27415990202773327,-2.4167066512439397,0,0.1
40.55837919160177,-0.27384845764176197,-2.433658633454377,0,0.1
40.840485028288356,-0.27354948536559565,-2.4507387456957463,0,0.1
41.124553066243294,-0.27322223290691217,-2.4679304443810324,0,0.1
41.410596953655734,-0.27290778189093723,-2.4852523431388196,0,0.1
41.6986304336455,-0.27258584031380456,-2.5026966473758154,0,0.1
41.98866734492334,-0.27226339797334687,-2.5202673711104078,0,0.1
42.28072162245588,-0.27192698207379085,-2.5379595283427623,0,0.1
42.57480729813507,-0.27159040902656234,-2.5557801885261644,0,0.1
42.8709385014524,-0.2712538551382253,-2.5737304537628707,0,0.1
43.16912946017777,-0.27090385020336805,-2.5918052488635546,0,0.1
43.46939450104301,-0.27055422101242077,-2.6100118068533447,0,0.1
43.771748050430276,-0.2701914990930603,-2.6283449923365905,0,0.1
44.07620463506514,-0.2698431711594275,-2.646818469526271,0,0.1
44.38277888271451,-0.2694752933882106,-2.6654176282235404,0,0.1
44.69148552288952,-0.2691017048997171,-2.68414986069086,0,0.1
45.00233938755311,-0.26872259569025597,-2.703016296183881,0,0.1
45.315355411832684,-0.26835181659725166,-2.7220245745711775,0,0.1
45.63054863473769,-0.2679485867442845,-2.741156361885261,0,0.1
45.947934199882155,-0.2675540787258813,-2.7604323199008274,0,0.1
46.26752735621227,-0.2671753280066744,-2.779857086360112,0,0.1
46.58934345873901,-0.26677154970688866,-2.7994120314362396,0,0.1
46.913397969275934,-0.26636344039686033,-2.8191082508121585,0,0.1
47.23970645718201,-0.2659443730237511,-2.838943588541852,0,0.1
47.56828460010965,-0.26552138913057516,-2.858922628781676,0,0.1
47.89914818475796,-0.2650947005148236,-2.8790466318740684,0,0.1
48.232313107631235,-0.2646645215265014,-2.8993168740145943,0,0.1
48.5677953758027,-0.2642379062292095,-2.919738128097458,0,0.1
48.90561110768358,-0.2637945627478978,-2.9403012610750467,0,0.1
49.2457765337975,-0.2633347081140251,-2.961007453238261,0,0.1
49.58830799756032,-0.2628859207696582,-2.9818721133045143,0,0.1
49.933221956065346,-0.26242107099502726,-3.00288243501156,0,0.1
50.280534980874016,-0.2619609081124897,-3.0240504544944398,0,0.1
50.630263758812085,-0.26147829803663913,-3.045363129245185,0,0.1
50.982425092771386,-0.26098715478221507,-3.0668289507727065,0,0.1
51.33703590251707,-0.2605082467429856,-3.08846030617748,0,0.1
51.69411322550061,-0.2600144397859989,-3.1102439811505955,0,0.1
52.05367421767828,-0.25951281837269036,-3.13218501809814,0,0.1
52.41573615433548,-0.25900362640635144,-3.1542848249418483,0,0.1
52.78031643091672,-0.25849395877483167,-3.1765486090828414,0,0.1
53.14743256386143,-0.2579498221895756,-3.1989588592466736,0,0.1
53.517102191445446,-0.25743310866378966,-3.2215512250026315,0,0.1
53.8893430746286,-0.2568961302898166,-3.2443005675012557,0,0.1
54.264173097907864,-0.2563528436858664,-3.267216005011312,0,0.1
54.64161027017682,-0.25578980337661233,-3.290291235101773,0,0.1
55.02167272559077,-0.25523468476154215,-3.313543402490594,0,0.1
55.40437872443802,-0.2546603394325208,-3.3369583645838876,0,0.1
55.78974665401725,-0.25408760082972026,-3.360549529690642,0,0.1
56.17779502952094,-0.25350302999835045,-3.384310543022475,0,0.1
56.56854249492486,-0.25291375871103094,-3.408247002329794,0,0.1
56.962007823883944,-0.2523063462282177,-3.4323524029077705,0,0.1
57.358209920634174,-0.2517085128945953,-3.456644678002607,0,0.1
57.75716782090094,-0.2510862393384264,-3.481105019551574,0,0.1
58.158900692813525,-0.25045353076507915,-3.5057432200008054,0,0.1
58.56342783782614,-0.24981754024223835,-3.5305651299862815,0,0.1
58.97076869164518,-0.24917856284567994,-3.555572517818876,0,0.1
59.38094282516311,-0.24853002955783712,-3.580762926079442,0,0.1
59.79396994539869,-0.24787223816642265,-3.6061380851712737,0,0.1
60.209869896443855,-0.24719861974958146,-3.631695440546333,0,0.1
60.628662660417106,-0.24650260334007712,-3.657432343582699,0,0.1
61.05036835842356,-0.24583259631327392,-3.6833810036876815,0,0.1
61.4750072515217,-0.24512706426598335,-3.709504108312842,0,0.1
61.90259974169682,-0.2444206813181617,-3.735825300408356,0,0.1
62.33316637284123,-0.2437000155315057,-3.762337634102289,0,0.1
62.766727831741306,-0.24297226138836778,-3.7890474189906156,0,0.1
63.20330494907143,-0.2422308633119066,-3.815952070960552,0,0.1
63.642918700394766,-0.24147614426596775,-3.843053462562156,0,0.1
64.08559020717105,-0.24072907778891514,-3.8703672477741304,0,0.1
64.5313407377714,-0.23996247116123476,-3.8978771739215907,0,0.1
64.98019170850016,-0.23916288204745578,-3.9255758074967084,0,0.1
65.43216468462381,-0.23838572869460037,-3.9535022879253496,0,0.1
65.8872813814072,-0.23758315427695578,-3.9816261261482246,0,0.1
66.34556366515669,-0.23676238262574428,-4.009953919413255,0,0.1
66.80703355427093,-0.23593753878386178,-4.038497201276975,0,0.1
67.27171322029855,-0.23510897740820358,-4.067258177311757,0,0.1
67.73962498900357,-0.23425637183117645,-4.09622455492214,0,0.1
68.21079134143795,-0.23340075872228344,-4.125412936946794,0,0.1
68.68523491502174,-0.23252180829626817,-4.154810895428394,0,0.1
69.16297850463066,-0.23164057401938706,-4.1844352980942014,0,0.1
69.6440450636914,-0.23074362453447084,-4.214278559741986,0,0.1
70.12845770528428,-0.22983822864468445,-4.244347895221711,0,0.1
70.61623970325388,-0.2289247603324818,-4.2746456437823745,0,0.1
71.10741449332713,-0.22799668995373934,-4.305169098300054,0,0.1
71.60200567423932,-0.22704057505381336,-4.335910331046718,0,0.1
72.10003700886796,-0.2260706050257159,-4.366881777081778,0,0.1
72.60153242537443,-0.22511481304783923,-4.3981065638147205,0,0.1
73.10651601835362,-0.22411829029567032,-4.429545745822546,0,0.1
73.61501204999159,-0.22311598577620784,-4.461227642238928,0,0.1
74.12704495123128,-0.22210829777912022,-4.493154850520128,0,0.1
74.64263932294622,-0.22107486634133255,-4.525314012715076,0,0.1
75.16181993712259,-0.22004376918627588,-4.557728951665008,0,0.1
75.68461173804933,-0.21898079777598334,-4.590375468991772,0,0.1
76.21103984351666,-0.21791404666443887,-4.623277650310735,0,0.1
76.74112954602285,-0.21682314482779713,-4.656421856953655,0,0.1
77.27490631398935,-0.21572235436401815,-4.689821630287738,0,0.1
77.81239579298456,-0.2146051581302627,-4.723474188375988,0,0.1
78.3536238069559,-0.21348583994137793,-4.7573934213185245,0,0.1
78.8986163594705,-0.2123301408284782,-4.7915541452713635,0,0.1
79.44739963496465,-0.21116621975613467,-4.825981486135537,0,0.1
80.00000000000179,-0.20999450609019268,-4.8606783939506375,0,0.1
80.55644400453932,-0.20878765401361601,-4.895624870584335,0,0.1
81.11675838320417,-0.20758080624606745,-4.930852428244245,0,0.1
81.68097005657731,-0.20635356082807702,-4.966346792153044,0,0.1
82.24910613248719,-0.20510634565698638,-5.002110862367318,0,0.1
82.8211939073121,-0.20385350027030052,-5.038159401896883,0,0.1
83.39726086729164,-0.20256068913697634,-5.074465905715223,0,0.1
83.97733468984731,-0.2012561638092305,-5.1110570089057035,0,0.1
84.56144324491237,-0.19996125748070473,-5.147954017182956,0,0.1
85.14961459627077,-0.19862072683607285,-5.1851119961503835,0,0.1
85.74187700290544,-0.19726285468474897,-5.222558096743604,0,0.1
86.33825892035618,-0.19589505892356762,-5.2603017197775515,0,0.1
86.93878900208668,-0.1945108256518088,-5.2983400931525155,0,0.1
87.54349610086122,-0.19310363279925363,-5.33667033061974,0,0.1
88.15240927013093,-0.19166694969278517,-5.375289429912708,0,0.1
88.7655577654297,-0.19022216143110987,-5.414219571254348,0,0.1
89.38297104577971,-0.18874878539432488,-5.453445296773337,0,0.1
90.00467877510688,-0.18725425464724427,-5.492976332940738,0,0.1
90.63071082366605,-0.18575999629476636,-5.532835547711059,0,0.1
91.26109726947607,-0.1842245383692566,-5.572987898102687,0,0.1
91.895868399765,-0.18266930336617793,-5.613456236889862,0,0.1
92.53505471242522,-0.18110875323963524,-5.654257418413553,0,0.1
93.17868691747873,-0.17951536276750962,-5.695368914925581,0,0.1
93.82679593855258,-0.177896586067936,-5.736800934620212,0,0.1
94.47941291436473,-0.17625989163816097,-5.778563926894974,0,0.1
95.13656920022001,-0.17459873840166446,-5.820655045676077,0,0.1
95.79829636951663,-0.17292762024126854,-5.8630917743306155,0,0.1
96.4646262152632,-0.17120490830555296,-5.905837128592802,0,0.1
97.13559075160614,-0.16949422842857498,-5.948956715216211,0,0.1
97.81122221536789,-0.16773286691702172,-5.992392673512922,0,0.1
98.49155306759573,-0.16595639675982837,-6.036183570363346,0,0.1
99.17661599512138,-0.16415123177689067,-6.080319625101358,0,0.1
99.86644391213144,-0.16232486785714462,-6.124812043187264,0,0.1
100.56106996174877,-0.1604707355948888,-6.169657995999859,0,0.1
101.26052751762494,-0.15861042780480064,-6.21488331751273,0,0.1
101.96485018554354,-0.15670920009812872,-6.2604565371466,0,0.1
102.67407180503491,-0.15476749096661463,-6.306381750128008,0,0.1
103.388226451002,-0.1528210168978122,-6.352699840319447,0,0.1
104.10734843535732,-0.1508279168700834,-6.3993714274855975,0,0.1
104.83147230867174,-0.1488239348351036,-6.446437891396813,0,0.1
105.56063286183424,-0.14679542072700166,-6.493889231543955,0,0.1
106.29486512772365,-0.14473576362006854,-6.541722667820461,0,0.1
107.03420438289172,-0.14263833530323777,-6.5899352946344525,0,0.1
107.778686149258,-0.14051065041119093,-6.638539373865552,0,0.1
108.52834619581655,-0.13837440906582776,-6.687562850184124,0,0.1
109.28322054035448,-0.1361804710620714,-6.736956860437403,0,0.1
110.04334545118235,-0.13398597576127455,-6.7867882175770475,0,0.1
110.80875744887686,-0.13174173161409836,-6.8370076505561785,0,0.1
111.57949330803534,-0.12946234327437975,-6.887635680160096,0,0.1
112.35559005904271,-0.12716244965497436,-6.938693333678107,0,0.1
113.13708498985058,-0.12483538852354739,-6.990178103230793,0,0.1
113.92401564776874,-0.1224815936109175,-7.042095425302352,0,0.1
114.71641984126921,-0.12008013071563875,-7.094426451046546,0,0.1
115.51433564180275,-0.1176598912815033,-7.147209022804117,0,0.1
116.31780138562794,-0.11518565667394803,-7.200407837814484,0,0.1
117.12685567565316,-0.11270060979975809,-7.254077770874527,0,0.1
117.94153738329126,-0.11016948988846553,-7.308183317540818,0,0.1
118.76188565032712,-0.10761410729707313,-7.362755166221085,0,0.1
119.58793989079828,-0.10501341555324174,-7.417774024207269,0,0.1
120.41973979288862,-0.10237493166849977,-7.473254075934961,0,0.1
121.25732532083512,-0.099713352588357,-7.529218399791461,0,0.1
122.10073671684803,-0.0970147383516411,-7.585656113067733,0,0.1
122.95001450304433,-0.09425792479326041,-7.642547286343795,0,0.1
123.80519948339456,-0.09148629684071848,-7.699950099941791,0,0.1
124.66633274568338,-0.08866432318493053,-7.757827391172843,0,0.1
125.53345566348355,-0.08581388663676806,-7.816211830253147,0,0.1
126.40660989814381,-0.08291374587839663,-7.875083366791312,0,0.1
127.28583740079048,-0.0799858052543312,-7.934475230987021,0,0.1
128.17118041434307,-0.07701598348364935,-7.994376268433261,0,0.1
129.0626814755438,-0.07400457554871012,-8.054793155822884,0,0.1
129.9603834170013,-0.070944645392709,-8.115723515375503,0,0.1
130.86432936924862,-0.06785813982714216,-8.177201725583831,0,0.1
131.77456276281538,-0.06472365977753876,-8.239207303975588,0,0.1
132.69112733031437,-0.06154868839586404,-8.30175652720085,0,0.1
133.61406710854286,-0.05831897824163111,-8.364837807828245,0,0.1
134.5434264405981,-0.055056497284466155,-8.42848652424368,0,0.1
135.47924997800817,-0.05174697078485512,-8.4926912554168,0,0.1
136.42158268287693,-0.048390597717200695,-8.557459386982858,0,0.1
137.3704698300445,-0.04500939666011847,-8.622827398786255,0,0.1
138.32595700926237,-0.04155990275247694,-8.688745147900757,0,0.1
139.28809012738384,-0.03807138066655526,-8.755258948888024,0,0.1
140.25691541056963,-0.034529405368440694,-8.822357153728122,0,0.1
141.23247940650882,-0.030948705432834907,-8.890067385870593,0,0.1
142.2148289866553,-0.027314799533257345,-8.95837798623166,0,0.1
143.20401134847972,-0.023635097122444514,-9.027307040377037,0,0.1
144.200074017737,-0.019909694321615656,-9.096862909556126,0,0.1
145.20306485074994,-0.016131334534831072,-9.167043904497998,0,0.1
146.2130320367083,-0.012307405793077646,-9.237868691369714,0,0.1
147.2300240999843,-0.008430604035451063,-9.309335708241973,0,0.1
148.25408990246365,-0.0044862127978606645,-9.38143287708468,0,0.1
149.28527864589356,-0.0005036583088434224,-9.454210397929328,0,0.1
150.32363987424628,0.003524414048480682,-9.527667110209583,0,0.1
151.3692234760998,0.007612799399379079,-9.601791135706305,0,0.1
152.42207968703445,0.011761586662724928,-9.67659149177099,0,0.1
153.48225909204683,0.015963478019650573,-9.75208805467713,0,0.1
154.54981262797986,0.020218575322590682,-9.828290325521754,0,0.1
155.6247915859703,0.024534425839950105,-9.905197086390485,0,0.1
156.70724761391295,0.028918635412190124,-9.982806982661286,0,0.1
157.79723271894218,0.03333420467832551,-10.061184532627157,0,0.1
158.8947992699305,0.03781850318695841,-10.140285086894218,0,0.1
160.0000000000048,0.042356870595855925,-10.220140734938695,0,0.1
161.11288800907985,0.04695701278157493,-10.30075063856411,0,0.1
162.23351676640956,0.051634184010757325,-10.382102537236714,0,0.1
163.36194011315587,0.05635877923330191,-10.464251901157157,0,0.1
164.49821226497562,0.061146082802327376,-10.547186919020668,0,0.1
165.6423878146254,0.06599645727610427,-10.630918365669793,0,0.1
166.79452173458452,0.07091029195533582,-10.715457173163399,0,0.1
167.9546693796959,0.07588800349887113,-10.800814432591617,0,0.1
169.12288648982604,0.08093003654664517,-10.887001395914353,0,0.1
170.29922919254284,0.08604442437472329,-10.974017678467069,0,0.1
171.4837540058122,0.09122413247594649,-11.061886510020948,0,0.1
172.6765178407137,0.09646211054233676,-11.15063158410743,0,0.1
173.87757800417467,0.10176648154530919,-11.240253015714773,0,0.1
175.08699220172375,0.1071530538764405,-11.330738691672938,0,0.1
176.30481854026317,0.1125996688416066,-11.422136939380179,0,0.1
177.53111553086072,0.1181222124038345,-11.514435915563409,0,0.1
178.7659420915608,0.1237061259371077,-11.60767265301208,0,0.1
180.00935755021513,0.12938272661009736,-11.701810553147954,0,0.1
181.26142164733346,0.1351068710882659,-11.79693677388678,0,0.1
182.52219453895353,0.14093302225749474,-11.892977255589285,0,0.1
183.7917367995314,0.14680059866386602,-11.990045484345083,0,0.1
185.07010942485184,0.15276428116442894,-12.088066925878184,0,0.1
186.35737383495882,0.15880192768175969,-12.187092964492944,0,0.1
187.65359187710658,0.16490674622332113,-12.28715037347501,0,0.1
188.95882582873088,0.17111068929921117,-12.38820170098056,0,0.1
190.27313840044144,0.1773760762951863,-12.49032566529652,0,0.1
191.59659273903472,0.18371944889724118,-12.593511028216293,0,0.1
192.92925243052787,0.19014191332863692,-12.697772491669983,0,0.1
194.27118150321374,0.19665242941968125,-12.803111701192194,0,0.1
195.62244443073726,0.20325223397819048,-12.909543535481161,0,0.1
196.98310613519297,0.2099269229263159,-13.017109927465182,0,0.1
198.35323199024427,0.2166777280968809,-13.125826659855177,0,0.1
199.73288782426437,0.2235137995276248,-13.235696153279246,0,0.1
201.12213992349908,0.23044439684560086,-13.346720730413244,0,0.1
202.5210550352514,0.2374630768956248,-13.458930101673552,0,0.1
203.9297003710886,0.24455545286818567,-13.572368349562767,0,0.1
205.3481436100714,0.251746758030421,-13.687010918499796,0,0.1
206.77645290200556,0.2590147242943868,-13.80291642435024,0,0.1
208.21469687071618,0.2663768072795885,-13.920074369470338,0,0.1
209.66294461734503,0.27385864828177575,-14.03845970905095,0,0.1
211.12126572367004,0.28139801272274895,-14.158203164826096,0,0.1
212.5897302554489,0.2890285110752579,-14.27926661445124,0,0.1
214.06840876578502,0.2967760483339837,-14.40162528609204,0,0.1
215.5573722985176,0.3045941823568157,-14.525383922413388,0,0.1
217.05669239163473,0.3125088651144383,-14.650518523991627,0,0.1
218.5664410807106,0.3205301148911471,-14.777033653960178,0,0.1
220.08669090236637,0.3286274385169613,-14.905007391798708,0,0.1
221.6175148977554,0.3368434176460452,-15.034386253240985,0,0.1
223.15898661607235,0.34514756601957963,-15.165249293792279,0,0.1
224.71118011808713,0.3535500761252286,-15.297602380684609,0,0.1
226.27416997970286,0.3620694906626899,-15.431436321265712,0,0.1
227.8480312955392,0.3706587072313983,-15.566862518165834,0,0.1
229.43283968254013,0.37936097264851704,-15.703827449811662,0,0.1
231.02867128360725,0.3881703575143694,-15.842367969333287,0,0.1
232.63560277125762,0.39707259885477325,-15.98253693497587,0,0.1
234.25371135130806,0.4060782794748158,-16.124341865185613,0,0.1
235.88307476658426,0.4151981294390497,-16.267790298340955,0,0.1
237.523771300656,0.4244262866839471,-16.412920995444114,0,0.1
239.17587978159838,0.43374005897635676,-16.559804741382106,0,0.1
240.83947958577906,0.44316703950607506,-16.70841910542457,0,0.1
242.51465064167206,0.4526929437148325,-16.8588202445221,0,0.1
244.2014734336979,0.46232875466313045,-17.01101759020294,0,0.1
245.9000290060905,0.4720601214493385,-17.165068612421273,0,0.1
247.61039896679097,0.48192367757393384,-17.32093540925544,0,0.1
249.33266549136863,0.49188813663423403,-17.478708383560985,0,0.1
251.06691132696898,0.5019561476804976,-17.63841471108795,0,0.1
252.81321979628953,0.5121304112793986,-17.800081990297528,0,0.1
254.5716748015829,0.5224136795397595,-17.96373825307868,0,0.1
256.3423608286881,0.5328000956257488,-18.129428416236127,0,0.1
258.12536295108947,0.5433098068124356,-18.29714860501998,0,0.1
259.9207668340045,0.5539196503740507,-18.466977758788243,0,0.1
261.72865873849923,0.56464115397894,-18.63892953167521,0,0.1
263.54912552563275,0.5754947901076145,-18.81300105009216,0,0.1
265.38225466063074,0.5864308508844911,-18.989323769887942,0,0.1
267.2281342170877,0.5974873375912472,-19.16786265591644,0,0.1
269.08685288119824,0.6086495611148725,-19.3486837035403,0,0.1
270.95849995601833,0.6199204300447586,-19.531819983463325,0,0.1
272.8431653657559,0.631311829850707,-19.717288045681716,0,0.1
274.74093966009104,0.6427909671725225,-19.90519040322485,0,0.1
276.6519140185268,0.6544055854381509,-20.095476409975586,0,0.1
278.5761802547697,0.6661047214780514,-20.288284577574323,0,0.1
280.51383082114137,0.6779364221498099,-20.483565005796244,0,0.1
282.4649588130198,0.6898583803832214,-20.68144096906149,0,0.1
284.42965797331277,0.7019099062014011,-20.88188064319369,0,0.1
286.40802269696155,0.7140482861025127,-21.08500934000693,0,0.1
288.40014803547615,0.726303838803083,-21.29081378960942,0,0.1
290.4061297015021,0.7386518145801467,-21.4993863176219,0,0.1
292.42606407341884,0.7511042003380697,-21.710749971505493,0,0.1
294.4600481999708,0.7636918111865161,-21.924892902478714,0,0.1
296.50817980492957,0.7763522267491085,-22.141980826672157,0,0.1
298.5705572917893,0.7890972188717686,-22.362039194555017,0,0.1
300.64727974849484,0.8019765217586067,-22.585022686400876,0,0.1
302.73844695220185,0.8149267611437088,-22.811100319505375,0,0.1
304.84415937407124,0.8280073594523046,-23.040210235661622,0,0.1
306.964518184096,0.8411446429690772,-23.272541620966532,0,0.1
309.09962525596205,0.8543982517812543,-23.508033964563968,0,0.1
311.24958317194296,0.867732188558676,-23.746806794715635,0,0.1
313.4144952278283,0.8811485647568186,-23.98890882945826,0,0.1
315.59446543788675,0.8946689638044876,-24.234353513026676,0,0.1
317.7895985398634,0.9082368881732779,-24.483299514769016,0,0.1
320.000000000012,0.9219226994375747,-24.735671706592747,0,0.1
322.22577601816215,0.9356495966760523,-24.99166685658444,0,0.1
324.4670335328215,0.9494883376205427,-25.251211399051808,0,0.1
326.7238802263142,0.9633710849746799,-25.514486000015427,0,0.1
328.99642452995374,0.9773189248273034,-25.78150933683037,0,0.1
331.2847756292533,0.9913431592350009,-26.052319063018537,0,0.1
333.5890434691715,1.005424778373802,-26.327008088074393,0,0.1
335.90933875939425,1.019534074384892,-26.605688287003854,0,0.1
338.2457729796546,1.0337225620889225,-26.888327627982076,0,0.1
340.5984583850881,1.0479191133748245,-27.175112055820176,0,0.1
342.96750801162693,1.0621959015797136,-27.465975328909597,0,0.1
345.3530356814299,1.0764807897900417,-27.761104937269057,0,0.1
347.75515600835195,1.0908045754342843,-28.060508721885583,0,0.1
350.1739844034501,1.1051354564565057,-28.364303419904203,0,0.1
352.60963708052907,1.1194830794872996,-28.672534615313957,0,0.1
355.0622310617241,1.1338571328094829,-28.985248941705034,0,0.1
357.53188418312425,1.1482139012755308,-29.302583005440567,0,0.1
360.0187151004329,1.1625837628845987,-29.624549345432037,0,0.1
362.52284329466966,1.1769111288171235,-29.951303209640113,0,0.1
365.0443890779098,1.191215052448055,-30.28287626222588,0,0.1
367.58347359906554,1.205525747223947,-30.619284049671602,0,0.1
370.14021884970646,1.2197530212059289,-30.960735144314953,0,0.1
372.7147476699204,1.2339260031916237,-31.30724571084789,0,0.1
375.30718375421594,1.248063161131354,-31.658850868535723,0,0.1
377.9176516574646,1.262138455559957,-32.01565548587858,0,0.1
380.5462768008857,1.2761025387821399,-32.37779797248728,0,0.1
383.1931854780723,1.290006471160451,-32.74526398957885,0,0.1
385.85850486105863,1.3037771560005849,-33.11822554784503,0,0.1
388.5423630064304,1.3174310794474007,-33.496719539260965,0,0.1
391.2448888614774,1.330961863424884,-33.88081698895289,0,0.1
393.96621227038884,1.3443511639519814,-34.270605316559475,0,0.1
396.7064639804915,1.357579960176951,-34.666171386874254,0,0.1
399.4657756485318,1.3706285351673388,-35.06760134644907,0,0.1
402.24427984700117,1.3834882383956593,-35.47496485153228,0,0.1
405.04211007050577,1.3961381138340136,-35.88834671639019,0,0.1
407.85940074218024,1.4085683782707703,-36.30781538706503,0,0.1
410.69628722014585,1.4207567731111812,-36.73345376354499,0,0.1
413.55290580401413,1.4327043852031651,-37.16531383197716,0,0.1
416.42939374143555,1.4443635384662619,-37.60350553559746,0,0.1
419.3258892346932,1.4557339990712403,-38.048078182839504,0,0.1
422.24253144734325,1.466790726398517,-38.49910880149161,0,0.1
425.179460510901,1.4774707921826,-38.95671270315847,0,0.1
428.13681753157323,1.4878586221198578,-39.42083983774633,0,0.1
431.11474459703845,1.497827971999023,-39.89166832854881,0,0.1
434.11338478327275,1.5074002218158538,-40.36921171105672,0,0.1
437.13288216142445,1.5165464740827448,-40.85353435637753,0,0.1
440.173381804736,1.5252369485080086,-41.34469691655023,0,0.1
443.23502979551404,1.5334409778036797,-41.84275598884304,0,0.1
446.31797323214806,1.5411784367694725,-42.34771950392052,0,0.1
449.4223602361776,1.548353096914079,-42.859693135544646,0,0.1
452.5483399594091,1.5549834167938665,-43.37867720163428,0,0.1
455.6960625910818,1.5610358284571082,-43.90471265570384,0,0.1
458.8656793650838,1.5664627435440432,-44.43784413560632,0,0.1
462.0573425672179,1.5712418544590767,-44.97809069215199,0,0.1
465.2712055425187,1.575350284725914,-45.52546684457132,0,0.1
468.5074227026196,1.578777952862016,-46.079974525887934,0,0.1
471.76614953317204,1.581460827125307,-46.641641870035635,0,0.1
475.04754260131557,1.5833605142000804,-47.210471783332814,0,0.1
478.3517595632003,1.5844785203972875,-47.786440685461926,0,0.1
481.6789591715617,1.5847483192038823,-48.36955143143222,0,0.1
485.02930128334776,1.5841432134452975,-48.95977858469632,0,0.1
488.40294686739946,1.5826635924929688,-49.557081287333794,0,0.1
491.8000580121847,1.580227146722276,-50.16143908704714,0,0.1
495.2207979335857,1.5767918644298937,-50.77280487497088,0,0.1
498.665330982741,1.5723987529952672,-51.39110688119776,0,0.1
502.1338226539417,1.5669359986745104,-52.01629779459855,0,0.1
505.62643959258287,1.5603884834586776,-52.64829873374355,0,0.1
509.14334960316967,1.5527271196996448,-53.28702547598435,0,0.1
512.68472165738,1.5438945138528013,-53.93238426942106,0,0.1
516.2507259021829,1.5339037768744364,-54.5842727189208,0,0.1
519.841533668013,1.5226549062628516,-55.242572593902786,0,0.1
523.4573174770023,1.5101755229967266,-55.9071661061946,0,0.1
527.0982510512695,1.4963654568231042,-56.577906501563184,0,0.1
530.7645093212655,1.481210096440468,-57.2546479646604,0,0.1
534.4562684341794,1.4647384931911345,-57.93725408570983,0,0.1
538.1737057624005,1.446807925806597,-58.62551938147425,0,0.1
541.9169999120409,1.427448386693579,-59.31928504808869,0,0.1
545.6863307315159,1.4066331927318174,-60.01836519865661,0,0.1
549.4818793201863,1.3842785438203709,-60.72252983896705,0,0.1
553.3038280370578,1.3604025614904678,-61.431592620789054,0,0.1
557.1523605095437,1.334952043388495,-62.14531633992279,0,0.1
561.027661642287,1.3079037247494596,-62.86347047993125,0,0.1
564.9299176260438,1.2792209673715227,-63.58580356063974,0,0.1
568.8593159466297,1.248926363108394,-64.31210501816693,0,0.1
572.8160453939274,1.2168842548909855,-65.04201163811109,0,0.1
576.8002960709567,1.1831634623594844,-65.77533418904552,0,0.1
580.8122594030085,1.1477182474460617,-66.51177040101587,0,0.1
584.8521281468421,1.1104755667636,-67.25096990852842,0,0.1
588.920096399946,1.071494339670504,-67.99272240449001,0,0.1
593.0163596098636,1.0307049704517321,-68.73666111754281,0,0.1
597.1411145835832,0.988111995916185,-69.48249826187391,0,0.1
601.2945594969942,0.9437216751244863,-70.22994550528342,0,0.1
605.4768939044083,0.8974846859092369,-70.97862793567785,0,0.1
609.688318748147,0.8493683599465747,-71.72817910775485,0,0.1
613.9290363681965,0.7994420428396755,-72.47838766865856,0,0.1
618.1992505119288,0.7476342428134798,-73.22881485048772,0,0.1
622.4991663438906,0.6939612884354203,-73.97915497839665,0,0.1
626.8289904556613,0.6384554144559663,-74.72913239107658,0,0.1
631.1889308757782,0.5810803087451424,-75.478343746277,0,0.1
635.5791970797316,0.5218303153924044,-76.22643270743045,0,0.1
640.0000000000289,0.46071595353959854,-76.97307081499304,0,0.1
644.4515520363291,0.3977497499154728,-77.71793289296707,0,0.1
648.9340670656479,0.3329873915710321,-78.46078945393084,0,0.1
653.4477604526332,0.26636266839601974,-79.20114317960362,0,0.1
657.9928490599125,0.19794885336550433,-79.9388043909238,0,0.1
662.5695512585116,0.1277388165925168,-80.67340455250253,0,0.1
667.178086938348,0.05572787205005155,-81.40457556882578,0,0.1
671.8186775187937,-0.01807293744378776,-82.13198521462016,0,0.1
676.4915459593144,-0.09355814980568707,-82.8555529082711,0,0.1
681.1969167701814,-0.17079340677210955,-83.57475702549358,0,0.1
685.935016023259,-0.24971013555017993,-84.2894311759813,0,0.1
690.7060713628651,-0.33030408044002846,-84.99924046780556,0,0.1
695.5103120167091,-0.41254329780996474,-85.70393046147079,0,0.1
700.3479688069056,-0.4963439377855048,-86.4034111399366,0,0.1
705.2192741610634,-0.5817987915573555,-87.09706518619245,0,0.1
710.1244621234536,-0.6687460896817312,-87.78505628583267,0,0.1
715.0637683662537,-0.7572498402364858,-88.46685790187006,0,0.1
720.0374302008713,-0.8471739826942919,-89.1425893340332,0,0.1
725.0456865893448,-0.938615578001431,-89.81161399215533,0,0.1
730.0887781558251,-1.0314380945592334,-90.47407786457505,0,0.1
735.1669471981365,-1.1256388924030956,-91.12968976094152,0,0.1
740.2804376994185,-1.2211900120196135,-91.77824967598471,0,0.1
745.4294953398465,-1.3180278158322778,-92.41969648968893,0,0.1
750.6143675084376,-1.416146990125933,-93.05376662117511,0,0.1
755.8353033149348,-1.5155064804603118,-93.68033448823138,0,0.1
761.0925536017771,-1.6160426624800708,-94.29937395899371,0,0.1
766.3863709561504,-1.7177152343623592,-94.91078362758475,0,0.1
771.717009722123,-1.8205501797129298,-95.514204397604,0,0.1
777.0847260128666,-1.9244181136909995,-96.10991052745376,0,0.1
782.4897777229608,-2.029333990530726,-96.69760710556915,0,0.1
787.9324245407837,-2.1352893539281954,-97.27709495719273,0,0.1
793.412927960989,-2.2421693057781646,-97.84863862224633,0,0.1
798.9315512970695,-2.349998244181323,-98.41192168042498,0,0.1
804.4885596940084,-2.4586952001107534,-98.96709223692459,0,0.1
810.0842201410177,-2.568263127933459,-99.51394040709475,0,0.1
815.7188014843666,-2.6786332530345263,-100.05258618969815,0,0.1
821.392574440298,-2.7898084833711327,-100.58283429224218,0,0.1
827.1058116080346,-2.9017119123323836,-101.1048671169963,0,0.1
832.8587874828772,-3.0143566318867916,-101.61845673269403,0,0.1
838.6517784693928,-3.127648592932233,-102.12389331784972,0,0.1
844.4850628946929,-3.241601598529851,-102.62096167219767,0,0.1
850.3589210218082,-3.356181112187957,-103.10968521384599,0,0.1
856.2736350631529,-3.471334892284737,-103.59018659257362,0,0.1
862.2294891940834,-3.5870307154901293,-104.0625005750482,0,0.1
868.226769566552,-3.7032552797287406,-104.52657358972651,0,0.1
874.2657643228554,-3.819968448499072,-104.98249681756744,0,0.1
880.3467636094787,-3.9371490313018476,-105.43027255383701,0,0.1
886.4700595910348,-4.054758813292963,-105.87000040332369,0,0.1
892.635946464303,-4.17279535761325,-106.30159769196,0,0.1
898.844720472362,-4.291179126440698,-106.72540344236077,0,0.1
905.096679918825,-4.409943387905713,-107.14115620700773,0,0.1
911.3921251821704,-4.529019530188233,-107.54915412696357,0,0.1
917.7313587301744,-4.648407593891063,-107.94932742278294,0,0.1
924.1146851344428,-4.768082877511832,-108.34174784132391,0,0.1
930.5424110850445,-4.888021505437926,-108.72648929967444,0,0.1
937.0148454052463,-5.008176560427082,-109.10376463995313,0,0.1
943.5322990663512,-5.128565902109935,-109.47342248370694,0,0.1
950.0950852026382,-5.249136418813238,-109.83572416635944,0,0.1
956.7035191264079,-5.369890982729512,-110.1906133893801,0,0.1
963.3579183431307,-5.490786577978549,-110.53830706392777,0,0.1
970.0586025667028,-5.611827039536644,-110.87875181189702,0,0.1
976.8058937348063,-5.73297875306414,-111.21212044632084,0,0.1
983.6001160243768,-5.854231522680489,-111.53845143466188,0,0.1
990.4415958671789,-5.975582784190207,-111.85774011953531,0,0.1
997.3306619654895,-6.096986862821584,-112.17024823037035,0,0.1
1004.267645307891,-6.21844979541914,-112.4759272595479,0,0.1
1011.2528791851732,-6.33993509139763,-112.77499320590621,0,0.1
1018.2866992063468,-6.461449572380774,-113.06739868775111,0,0.1
1025.3694433147675,-6.582972198851308,-113.35327165141376,0,0.1
1032.5014518043733,-6.70448963053148,-113.63269586690511,0,0.1
1039.6830673360337,-6.825975589176875,-113.90584031523308,0,0.1
1046.9146349540124,-6.947451679286183,-114.17257369845788,0,0.1
1054.1965021025467,-7.068865897110923,-114.43323448909429,0,0.1
1061.5290186425389,-7.190246965672832,-114.68764971861522,0,0.1
1068.9125368683667,-7.311544702815469,-114.93615381510793,0,0.1
1076.347411524809,-7.432762332892368,-115.17874173844571,0,0.1
1083.8339998240897,-7.55390938888005,-115.41536814855719,0,0.1
1091.37266146304,-7.6749510209940155,-115.64627784469063,0,0.1
1098.9637586403808,-7.795884985272408,-115.8715063343436,0,0.1
1106.607656074124,-7.916709212093128,-116.09108917977812,0,0.1
1114.3047210190957,-8.037415679684866,-116.30510240401519,0,0.1
1122.0553232845823,-8.157984624197178,-116.51370141717578,0,0.1
1129.859835252096,-8.27840912895828,-116.71695880562308,0,0.1
1137.7186318932681,-8.398694550559181,-116.91486677951295,0,0.1
1145.6320907878635,-8.518828445567447,-117.10753679931354,0,0.1
1153.600592141922,-8.638798920290625,-117.29507828903706,0,0.1
1161.6245188060257,-8.758600412626365,-117.47755969045406,0,0.1
1169.704256293693,-8.878227667594562,-117.65504838434319,0,0.1
1177.840192799901,-8.997670020412766,-117.8276491158976,0,0.1
1186.032719219736,-9.116934258113428,-117.9953500247345,0,0.1
1194.2822291671753,-9.236010228982014,-118.1582539732855,0,0.1
1202.5891189939975,-9.35488266974654,-118.31649943527047,0,0.1
1210.9537878088256,-9.47355349611215,-118.47010953916858,0,0.1
1219.3766374963034,-9.592024685088523,-118.61910736113322,0,0.1
1227.8580727364024,-9.710271102566386,-118.76370057188355,0,0.1
1236.3985010238666,-9.828311658687895,-118.90379838287012,0,0.1
1244.9983326877905,-9.946127347042724,-119.03956798092801,0,0.1
1253.657980911332,-10.063731726597549,-119.17095545995905,0,0.1
1262.377861751566,-10.181085360863385,-119.2982682476884,0,0.1
1271.1583941594727,-10.298223355906643,-119.42130621843872,0,0.1
1280.0000000000673,-10.415138358327773,-119.54015872974574,0,0.1
1288.9031040726677,-10.531802721374364,-119.65505399439705,0,0.1
1297.8681341313059,-10.64822043001705,-119.76600466607447,0,0.1
1306.8955209052763,-10.764400560422214,-119.87298875320235,0,0.1
1315.9856981198345,-10.880331855634061,-119.97612319526385,0,0.1
1325.1391025170333,-10.996018532754022,-120.07541942728851,0,0.1
1334.3561738767062,-11.11144986547523,-120.17099096315633,0,0.1
1343.6373550375972,-11.226625427852795,-120.26288105938657,0,0.1
1352.9830919186386,-11.34154491951729,-120.35113216136895,0,0.1
1362.393833540373,-11.45620327594897,-120.43581920235505,0,0.1
1371.8700320465282,-11.570610238661603,-120.51691626710729,0,0.1
1381.4121427257405,-11.684736821229967,-120.59466105590246,0,0.1
1391.0206240334287,-11.798612401897973,-120.66889399770125,0,0.1
1400.6959376138216,-11.912218093232479,-120.73978387230244,0,0.1
1410.4385483221372,-12.025545046673159,-120.80743084216313,0,0.1
1420.2489242469178,-12.138622400956452,-120.87167746391779,0,0.1
1430.1275367325184,-12.251408494120167,-120.932846076563,0,0.1
1440.0748604017533,-12.363927897440952,-120.99081011601103,0,0.1
1450.0913731787002,-12.476176952488219,-121.0456342288654,0,0.1
1460.177556311661,-12.588142980703134,-121.09744357427705,0,0.1
1470.3338943962842,-12.699836569713412,-121.14620625323846,0,0.1
1480.560875398848,-12.811254516811905,-121.19198326761314,0,0.1
1490.8589906797042,-12.922389258334231,-121.23486456966415,0,0.1
1501.2287350168863,-13.033246999029975,-121.27484755025941,0,0.1
1511.670606629881,-13.143829427235476,-121.31195991528514,0,0.1
1522.1851072035656,-13.254116001851362,-121.3463773589285,0,0.1
1532.772741912312,-13.364122171988202,-121.37803512187865,0,0.1
1543.4340194442575,-13.473858752391962,-121.4068998791598,0,0.1
1554.1694520257447,-13.583296911365185,-121.43320108060443,0,0.1
1564.9795554459333,-13.692447798941503,-121.45690238160424,0,0.1
1575.8648490815792,-13.801326784330799,-121.47794015892268,0,0.1
1586.8258559219898,-13.909923057774545,-121.4964235475972,0,0.1
1597.863102594151,-14.018217478644457,-121.51251538707454,0,0.1
1608.9771193880288,-14.126234232277008,-121.52609394339393,0,0.1
1620.1684402820476,-14.233962984758753,-121.5372638929929,0,0.1
1631.4376029687455,-14.341406420646127,-121.54604440370531,0,0.1
1642.7851488806082,-14.44855879002554,-121.5525093020132,0,0.1
1654.2116232160815,-14.555418733505945,-121.55670342641115,0,0.1
1665.7175749657672,-14.661997578898498,-121.55858956802967,0,0.1
1677.303556938798,-14.76828564209599,-121.5582661523519,0,0.1
1688.9701257893985,-14.874290120314997,-121.55572255286121,0,0.1
1700.7178420436294,-14.980001584499686,-121.5510546515885,0,0.1
1712.5472701263188,-15.085427341185591,-121.54425087106358,0,0.1
1724.4589783881795,-15.190554088096109,-121.53543075050825,0,0.1
1736.453539133117,-15.29540156730558,-121.52450359337611,0,0.1
1748.531528645724,-15.399956637318073,-121.51158736239256,0,0.1
1760.6935272189705,-15.50422674756297,-121.49666938805228,0,0.1
1772.940119182083,-15.608211198667746,-121.47978843105167,0,0.1
1785.2718929286193,-15.711905328672168,-121.46100770378466,0,0.1
1797.6894409447373,-15.815304603768938,-121.44038900725575,0,0.1
1810.1933598376636,-15.918428652389512,-121.41784388372915,0,0.1
1822.7842503643546,-16.021248973730266,-121.39358241556165,0,0.1
1835.4627174603627,-16.123789243465666,-121.36749111664011,0,0.1
1848.2293702688994,-16.226037179249328,-121.33967869183854,0,0.1
1861.0848221701028,-16.32801233463884,-121.31005823165292,0,0.1
1874.0296908105065,-16.429678910171525,-121.27888094100277,0,0.1
1887.0645981327166,-16.531072297506512,-121.24596333910904,0,0.1
1900.190170405291,-16.632180515875778,-121.21141082195507,0,0.1
1913.4070382528298,-16.732999589221237,-121.17527935303842,0,0.1
1926.715836686276,-16.83353730543279,-121.13755389357279,0,0.1
1940.1172051334202,-16.93377813765912,-121.09835892801084,0,0.1
1953.611787469627,-17.03374544749802,-121.05758633446897,0,0.1
1967.2002320487684,-17.133427671549878,-121.01533655431675,0,0.1
1980.8831917343723,-17.232824953923178,-120.97163975387323,0,0.1
1994.661323930994,-17.3319298130367,-120.92657062413112,0,0.1
2008.535290615797,-17.43076927880185,-120.88000134609014,0,0.1
2022.5057583703617,-17.5293091499896,-120.83216265322106,0,0.1
2036.573398412709,-17.62757643736872,-120.78292720657333,0,0.1
2050.7388866295505,-17.725563784373065,-120.73236829745353,0,0.1
2065.0029036087626,-17.823271506432143,-120.6805142264804,0,0.1
2079.366134672083,-17.9206886395539,-120.62745759501115,0,0.1
2093.8292699080407,-18.01783819950185,-120.57309628338193,0,0.1
2108.3930042051093,-18.114705494429483,-120.51754394256315,0,0.1
2123.0580372850936,-18.21129097203524,-120.46082712275442,0,0.1
2137.82507373675,-18.307598832090058,-120.40295112644476,0,0.1
2152.6948230496346,-18.40363697921762,-120.3439007436165,0,0.1
2167.6679996481957,-18.499398413135005,-120.28374431151815,0,0.1
2182.7453229260964,-18.594879927579548,-120.2225282204971,0,0.1
2197.927517280778,-18.69008945330141,-120.16023688492527,0,0.1
2213.2153121482643,-18.785023805527356,-120.09691633360752,0,0.1
2228.6094420382083,-18.879687204013464,-120.03257158302203,0,0.1
2244.1106465691814,-18.97408017682538,-119.96722793884679,0,0.1
2259.7196705042093,-19.068199600890033,-119.90093030891937,0,0.1
2275.4372637865536,-19.16204604890209,-119.83370314287343,0,0.1
2291.2641815757443,-19.255627393799134,-119.76553156305236,0,0.1
2307.2011842838615,-19.34894053702888,-119.69645984121226,0,0.1
2323.2490376120686,-19.44198241678354,-119.6265315141984,0,0.1
2339.4085125874035,-19.53475000541314,-119.5557894015546,0,0.1
2355.6803855998196,-19.627265621009233,-119.48414238901336,0,0.1
2372.0654384394898,-19.719511709001797,-119.41171023982382,0,0.1
2388.5644583343683,-19.811492472080946,-119.33849729898861,0,0.1
2405.178237988013,-19.903212083681595,-119.26450825632527,0,0.1
2421.9075756176694,-19.994663923463662,-119.18980371097109,0,0.1
2438.753274992625,-20.085859329805515,-119.11435110459261,0,0.1
2455.716145472823,-20.176795257478215,-119.03819231446111,0,0.1
2472.797002047752,-20.26746868336066,-118.96136856307822,0,0.1
2489.9966653755996,-20.357887289706603,-118.8838663422081,0,0.1
2507.3159618226828,-20.448040923139473,-118.8057625125856,0,0.1
2524.755723503151,-20.537954990422406,-118.72695445040075,0,0.1
2542.3167883189644,-20.627598025973853,-118.64762545772054,0,0.1
2560.0000000001537,-20.7169918310688,-118.56769113271997,0,0.1
2577.806208145355,-20.806133332729306,-118.48719181577823,0,0.1
2595.736268262631,-20.895019470272143,-118.4061672371364,0,0.1
2613.7910418105726,-20.983661272072002,-118.324587707885,0,0.1
2631.971396239689,-21.072048600467618,-118.2425273236625,0,0.1
2650.2782050340866,-21.160188913402344,-118.15997378668915,0,0.1
2668.7123477534324,-21.248082603070312,-118.07694930105524,0,0.1
2687.274710075215,-21.335730045808802,-117.99347593400644,0,0.1
2705.9661838372976,-21.423131601190963,-117.90957561735428,0,0.1
2724.7876670807664,-21.51029458542812,-117.82523707755558,0,0.1
2743.740064093077,-21.59720536310701,-117.74054833817345,0,0.1
2762.824285451502,-21.6838816539042,-117.65544868260986,0,0.1
2782.0412480668783,-21.770316753003343,-117.56999289720571,0,0.1
2801.391875227664,-21.856510909371,-117.48420256099801,0,0.1
2820.8770966442953,-21.942471275284205,-117.39806711220918,0,0.1
2840.4978484938565,-22.02819457037935,-117.31162438138745,0,0.1
2860.2550734650586,-22.11367751105264,-117.22491164140767,0,0.1
2880.1497208035285,-22.198927153900463,-117.13791853631805,0,0.1
2900.1827463574223,-22.283953938916422,-117.05061979435554,0,0.1
2920.355112623344,-22.368737274692876,-116.96313062844492,0,0.1
2940.6677887925907,-22.453301305815042,-116.87536360567468,0,0.1
2961.121750797718,-22.537628861931644,-116.78741744634017,0,0.1
2981.717981359431,-22.621730244315437,-116.69926718565767,0,0.1
3002.4574700337953,-22.705605410478494,-116.61093417786364,0,0.1
3023.3412132597846,-22.789261127676884,-116.52240961871166,0,0.1
3044.3702144071544,-22.87268703372909,-116.43375984165596,0,0.1
3065.545483824648,-22.955889837695082,-116.34497582162459,0,0.1
3086.868038888538,-23.038876188739575,-116.25604913323109,0,0.1
3108.338904051513,-23.12164587246279,-116.16700118232916,0,0.1
3129.9591108918903,-23.204191849799898,-116.07788226590803,0,0.1
3151.7296981631816,-23.286517267165564,-115.98869845591662,0,0.1
3173.651711844004,-23.368628617478088,-115.89944167499412,0,0.1
3195.726205188326,-23.450535722040463,-115.81009013847306,0,0.1
3217.954238776082,-23.53222126048276,-115.72073631300303,0,0.1
3240.3368805641194,-23.613701755458735,-115.63132988967664,0,0.1
3262.8752059375156,-23.694966616181617,-115.54193409249025,0,0.1
3285.570297761241,-23.776028875706498,-115.45251356307287,0,0.1
3308.4232464321876,-23.856881263404148,-115.36311706398502,0,0.1
3331.435149931559,-23.937523238296386,-115.27376500579666,0,0.1
3354.607113877621,-24.017971044247123,-115.18440936109005,0,0.1
3377.9402515788224,-24.098207230237296,-115.09513924933272,0,0.1
3401.4356840872842,-24.178247946182566,-115.00590708887943,0,0.1
3425.094540252663,-24.258082419060244,-114.9167739558391,0,0.1
3448.9179567763854,-24.337726686171706,-114.82769319086948,0,0.1
3472.9070782662598,-24.41716991314792,-114.73872544889107,0,0.1
3497.0630572914743,-24.496421337657527,-114.64985126361871,0,0.1
3521.387054437968,-24.575473423483864,-114.56111729665041,0,0.1
3545.880238364193,-24.654328642547835,-114.47253036566858,0,0.1
3570.543785857265,-24.73299609502115,-114.38407155397528,0,0.1
3595.378881889502,-24.81147815027832,-114.29574834212772,0,0.1
3620.3867196753545,-24.889767146174,-114.20760657885917,0,0.1
3645.5685007287366,-24.96786872083705,-114.11964052314707,0,0.1
3670.9254349207527,-25.04578845957456,-114.03184481654236,0,0.1
3696.458740537827,-25.12352193042572,-113.94425207597409,0,0.1
3722.1696443402334,-25.201071319991343,-113.85686945968567,0,0.1
3748.0593816210417,-25.278445406850945,-113.76967941327844,0,0.1
3774.129196265462,-25.355629711303038,-113.68275121802837,0,0.1
3800.3803408106105,-25.432639566643182,-113.59604257653838,0,0.1
3826.8140765056887,-25.509480299073108,-113.50954890505413,0,0.1
3853.43167337258,-25.58613404123935,-113.42335062294006,0,0.1
3880.2344102668694,-25.662619288494973,-113.33739418230142,0,0.1
3907.223574939284,-25.738934639535458,-113.25169922074826,0,0.1
3934.400464097566,-25.815072066144605,-113.16630889181585,0,0.1
3961.7663834687746,-25.891043310822614,-113.0811946300925,0,0.1
3989.322647862018,-25.966850166767923,-112.99636396409377,0,0.1
4017.070581231624,-26.04248122125492,-112.9118711612326,0,0.1
4045.011516740754,-26.117957959973047,-112.82765326541727,0,0.1
4073.1467968254487,-26.19326561343093,-112.74377596919025,0,0.1
4101.477773259132,-26.268405847854982,-112.66024622055728,0,0.1
4130.005807217556,-26.343390143380383,-112.57703671602523,0,0.1
4158.732269344197,-26.418210231532253,-112.49418904603428,0,0.1
4187.658539816113,-26.492874229876367,-112.41168756994942,0,0.1
4216.78600841025,-26.567393481523958,-112.32950592030903,0,0.1
4246.116074570219,-26.64173669614791,-112.24776358011427,0,0.1
4275.650147473531,-26.71594136326028,-112.1663443971666,0,0.1
4305.389646099301,-26.789992514805782,-112.08531155223943,0,0.1
4335.335999296423,-26.863881727992585,-112.00470500327944,0,0.1
4365.4906458522255,-26.937633241198483,-111.92445478490492,0,0.1
4395.8550345615895,-27.011235290240165,-111.84461201384029,0,0.1
4426.430624296562,-27.084682636713673,-111.76520521125434,0,0.1
4457.21888407645,-27.157983071350372,-111.68621943694889,0,0.1
4488.2212931383965,-27.231144339046267,-111.60764018462373,0,0.1
4519.439341008452,-27.304164366836122,-111.52948523273977,0,0.1
4550.874527573141,-27.377037803585445,-111.45178264234404,0,0.1
4582.528363151522,-27.449782061554178,-111.37448641895364,0,0.1
4614.402368567757,-27.522375461208913,-111.2976770577479,0,0.1
4646.498075224173,-27.594838600917857,-111.22129829234039,0,0.1
4678.817025174842,-27.66715952109095,-111.14539853593628,0,0.1
4711.360771199674,-27.73935223911635,-111.06994298149066,0,0.1
4744.130876879015,-27.81141124559226,-110.99495902006461,0,0.1
4777.128916668773,-27.88333750564383,-110.92045319116718,0,0.1
4810.356475976061,-27.95512871614744,-110.84644209496975,0,0.1
4843.815151235375,-28.02679551684861,-110.77290177238508,0,0.1
4877.506549985286,-28.09833554727796,-110.69984890338159,0,0.1
4911.432290945683,-28.16974319143908,-110.62730985539181,0,0.1
4945.594004095541,-28.241025764660513,-110.55527085182173,0,0.1
4979.9933307512365,-28.31219054586979,-110.48371845587985,0,0.1
5014.631923645403,-28.38323184771092,-110.41267881983923,0,0.1
5049.511447006339,-28.454153665707235,-110.34214832312485,0,0.1
5084.633576637967,-28.524950277961874,-110.2721526161888,0,0.1
5120.000000000346,-28.59562240883094,-110.20269754745266,0,0.1
5155.612416290749,-28.666186894448614,-110.13374079790286,0,0.1
5191.4725365253,-28.736631493424895,-110.06532707289523,0,0.1
5227.582083621183,-28.806960086014843,-109.99745261379196,0,0.1
5263.942792479418,-28.877179748836582,-109.93010429603474,0,0.1
5300.556410068212,-28.94728142253659,-109.86331644070188,0,0.1
5337.424695506905,-29.01727858233597,-109.79705703912707,0,0.1
5374.54942015047,-29.08716535307881,-109.7313507697904,0,0.1
5411.932367674636,-29.156935852202892,-109.66622186393293,0,0.1
5449.575334161574,-29.22660348278379,-109.60163861495761,0,0.1
5487.480128186196,-29.296168752033694,-109.53760676862579,0,0.1
5525.648570903045,-29.365625724384174,-109.47415030860292,0,0.1
5564.082496133798,-29.434971669536086,-109.41128366775852,0,0.1
5602.78375045537,-29.504219896926955,-109.34897564466246,0,0.1
5641.754193288633,-29.57337084351126,-109.28723177338243,0,0.1
5680.995696987757,-29.64242493072357,-109.22605750020293,0,0.1
5720.51014693016,-29.711366532979646,-109.16550294035477,0,0.1
5760.2994416071,-29.78022170160248,-109.10550147014953,0,0.1
5800.365492714889,-29.8489715790912,-109.04611186623823,0,0.1
5840.710225246731,-29.917635755455755,-108.98728589333535,0,0.1
5881.335577585225,-29.98619856184121,-108.92907288279581,0,0.1
5922.243501595481,-30.05466994221054,-108.8714512825315,0,0.1
5963.435962718906,-30.123047016982095,-108.81443477725738,0,0.1
6004.914940067636,-30.191333294434713,-108.75801946594267,0,0.1
6046.682426519615,-30.259532265859402,-108.70220151820011,0,0.1
6088.740428814354,-30.327644210528902,-108.64698576984632,0,0.1
6131.090967649341,-30.395663007648803,-108.59239409637352,0,0.1
6173.736077777122,-30.463598500251088,-108.53840537175557,0,0.1
6216.6778081030725,-30.531447738702454,-108.48503278349388,0,0.1
6259.918221783827,-30.599214149205544,-108.43227238651086,0,0.1
6303.4593963264115,-30.666894763818377,-108.38013713350867,0,0.1
6347.303423688055,-30.73448979789008,-108.3286313738386,0,0.1
6391.4524103767,-30.802005832210494,-108.27774268311533,0,0.1
6435.9084775522115,-30.869446243094366,-108.22746714851434,0,0.1
6480.673761128287,-30.936804837763397,-108.17782575441265,0,0.1
6525.750411875079,-31.004078607872657,-108.12883089099194,0,0.1
6571.140595522531,-31.071283639743772,-108.08044545668646,0,0.1
6616.846492864425,-31.13842007993183,-108.03267383875215,0,0.1
6662.870299863169,-31.205468981754258,-107.98556924124621,0,0.1
6709.214227755292,-31.272443215650103,-107.93910284784985,0,0.1
6755.880503157695,-31.33935244901592,-107.89325436609654,0,0.1
6802.871368174619,-31.406187263195193,-107.84805213668763,0,0.1
6850.189080505378,-31.472944599113305,-107.80350800582339,0,0.1
6897.835913552822,-31.539637273894172,-107.75959365513698,0,0.1
6945.814156532571,-31.6062622088469,-107.71632100312104,0,0.1
6994.126114583001,-31.672813150158344,-107.67370971331326,0,0.1
7042.774108875988,-31.739302882113183,-107.63173170710913,0,0.1
7091.760476728439,-31.805725138138932,-107.59040656958351,0,0.1
7141.087571714584,-31.872083166424755,-107.54973003917124,0,0.1
7190.757763779057,-31.938377036860345,-107.5097057229901,0,0.1
7240.773439350762,-32.00460047792344,-107.47035275171959,0,0.1
7291.137001457528,-32.070772561553866,-107.43162783544167,0,0.1
7341.850869841561,-32.13687433408821,-107.39358115658091,0,0.1
7392.917481075709,-32.20292484752261,-107.35616962263522,0,0.1
7444.339288680522,-32.268905152950175,-107.31944297028835,0,0.1
7496.118763242139,-32.334831119935025,-107.28336596444461,0,0.1
7548.258392530979,-32.40070594515299,-107.24793437313906,0,0.1
7600.760681621277,-32.46651068830536,-107.21319729056678,0,0.1
7653.628153011434,-32.53226435560555,-107.17911210370858,0,0.1
7706.863346745218,-32.59796065125681,-107.14569724316034,0,0.1
7760.468820533797,-32.66361223588996,-107.1129256497022,0,0.1
7814.447149878626,-32.72920333486401,-107.08083823593797,0,0.1
7868.800928195191,-32.7947434433201,-107.04941544426146,0,0.1
7923.532766937609,-32.86023573179306,-107.01865288365984,0,0.1
7978.645295724095,-32.92566759269658,-106.9885834421133,0,0.1
8034.141162463309,-32.99105481467831,-106.95917276420867,0,0.1
8090.023033481568,-33.05639109759871,-106.93043871786769,0,0.1
8146.293593650958,-33.12168275446079,-106.9023694143571,0,0.1
8202.955546518326,-33.186917185967616,-106.8749972609602,0,0.1
8260.011614435174,-33.252119603220166,-106.8482661833108,0,0.1
8317.464538688457,-33.31726480722871,-106.8222378618753,0,0.1
8375.317079632288,-33.38237169717215,-106.79687106138208,0,0.1
8433.572016820564,-33.44742768175089,-106.77219780097288,0,0.1
8492.232149140504,-33.512442205122845,-106.74819890441594,0,0.1
8551.300294947127,-33.577418410331326,-106.72486987233819,0,0.1
8610.779292198666,-33.642350005557546,-106.7022279134302,0,0.1
8670.671998592914,-33.707236992701816,-106.68027563314084,0,0.1
8730.981291704516,-33.772091941157846,-106.6589868417893,0,0.1
8791.710069123244,-33.83689913838108,-106.6384001407065,0,0.1
8852.86124859319,-33.90167429002799,-106.61848219786596,0,0.1
8914.437768152968,-33.96640483393466,-106.59926422728931,0,0.1
8976.44258627686,-34.03110018929569,-106.58072728958817,0,0.1
9038.878682016972,-34.095757217444636,-106.56288102938848,0,0.1
9101.74905514635,-34.16038219233735,-106.54571372484362,0,0.1
9165.056726303115,-34.22497197702645,-106.52923496753662,0,0.1
9228.804737135582,-34.28952344011599,-106.51345425368702,0,0.1
9292.996150448414,-34.35404285418217,-106.49835985775958,0,0.1
9357.634050349754,-34.418530222018106,-106.48395420077284,0,0.1
9422.721542399418,-34.482988679028274,-106.47023265816632,0,0.1
9488.261753758103,-34.547415099114986,-106.45720463364242,0,0.1
9554.257833337617,-34.61180323367494,-106.44488643409481,0,0.1
9620.712951952195,-34.67616561049709,-106.43325238819382,0,0.1
9687.630302470823,-34.74050223673675,-106.42230485481039,0,0.1
9755.013099970645,-34.80480687074812,-106.41206006206338,0,0.1
9822.864581891441,-34.869082655354845,-106.40251330342166,0,0.1
9891.188008191157,-34.93333273184804,-106.39365989814486,0,0.1
9959.98666150255,-34.99756336249592,-106.3854882763651,0,0.1
10029.26384729088,-35.06175583270766,-106.37804214792062,0,0.1
10099.022894012754,-35.125928900259034,-106.37128224548812,0,0.1
10169.26715327601,-35.190079465536066,-106.36521770381682,0,0.1
10240.000000000768,-35.254201318023846,-106.35986446186322,0,0.1
10311.224832581574,-35.31830072746979,-106.3552109192915,0,0.1
10382.945073050678,-35.38238707429774,-106.35123868784643,0,0.1
10455.164167242447,-35.44644169461558,-106.3479910366998,0,0.1
10527.885584958914,-35.51047709268732,-106.34544268075797,0,0.1
10601.112820136505,-35.57449642049137,-106.34358893199162,0,0.1
10674.849391013888,-35.638493494193185,-106.34244556065413,0,0.1
10749.098840301021,-35.7024745845747,-106.34200103022329,0,0.1
10823.864735349352,-35.76642730080224,-106.34228464074586,0,0.1
10899.15066832323,-35.83037035655035,-106.34325765185956,0,0.1
10974.960256372473,-35.89430069228356,-106.34492897072107,0,0.1
11051.297141806172,-35.95819972700636,-106.34734133890223,0,0.1
11128.16499226768,-36.02209858852474,-106.35042901221978,0,0.1
11205.567500910824,-36.08597249659593,-106.3542482322991,0,0.1
11283.508386577352,-36.149837044677746,-106.35876718512623,0,0.1
11361.991393975597,-36.21368609787367,-106.36400142516449,0,0.1
11441.020293860403,-36.277516635117806,-106.3699597039099,0,0.1
11520.598883214287,-36.3413411390743,-106.37661703967571,0,0.1
11600.730985429864,-36.40515349136172,-106.38398893689453,0,0.1
11681.420450493551,-36.468950684187234,-106.39208411945994,0,0.1
11762.671155170538,-36.532739004977394,-106.4008911046037,0,0.1
11844.48700319105,-36.59652164190935,-106.41040515834369,0,0.1
11926.871925437901,-36.66028941171659,-106.42064843044832,0,0.1
12009.82988013536,-36.72405169992614,-106.4316027240153,0,0.1
12093.36485303932,-36.787808610998056,-106.4432700143377,0,0.1
12177.4808576288,-36.851547898322885,-106.4556791095239,0,0.1
12262.181935298773,-36.915291305127454,-106.46878498470588,0,0.1
12347.472155554336,-36.97902350694869,-106.48262314369546,0,0.1
12433.355616206238,-37.04275080572081,-106.49718211492059,0,0.1
12519.836443567749,-37.10646716303644,-106.51247724607576,0,0.1
12606.918792652916,-37.17019121538269,-106.52847026287576,0,0.1
12694.606847376202,-37.23390151866163,-106.54521001215105,0,0.1
12782.904820753494,-37.29761054827078,-106.56267161984536,0,0.1
12871.816955104521,-37.36132152821896,-106.58085031696311,0,0.1
12961.347522256672,-37.42502845149566,-106.5997614263315,0,0.1
13051.500823750257,-37.48873455408662,-106.6194001705949,0,0.1
13142.28119104516,-37.55243384950026,-106.63978186640435,0,0.1
13233.69298572895,-37.616138804140235,-106.66088163502909,0,0.1
13325.740599726436,-37.67984958211236,-106.68270138615382,0,0.1
13418.428455510686,-37.74355407384085,-106.70526983243207,0,0.1
13511.761006315492,-37.80725860854828,-106.72857548560735,0,0.1
13605.74273634934,-37.87097564309287,-106.75259343470424,0,0.1
13700.378161010858,-37.93469002822417,-106.77735910218804,0,0.1
13795.671827105747,-37.99840196946041,-106.80287440249101,0,0.1
13891.628313065248,-38.062123927392605,-106.82911440208989,0,0.1
13988.252229166108,-38.12584691879845,-106.85610113162667,0,0.1
14085.548217752083,-38.189586458279464,-106.88380290680722,0,0.1
14183.520953456982,-38.25332134380113,-106.91226864235418,0,0.1
14282.175143429275,-38.31706403959561,-106.94147336612762,0,0.1
14381.515527558222,-38.380820881734024,-106.97140550702889,0,0.1
14481.546878701633,-38.44457988268958,-107.00209386569678,0,0.1
14582.274002915165,-38.508350444998555,-107.03352013944794,0,0.1
14683.70173968323,-38.57212366081629,-107.06570643433935,0,0.1
14785.834962151528,-38.63591198306351,-107.09862767305057,0,0.1
14888.678577361155,-38.69971261352391,-107.13229246825705,0,0.1
14992.23752648439,-38.763522766927025,-107.1667094531739,0,0.1
15096.516785062071,-38.82734575649183,-107.20187375192863,0,0.1
15201.521363242668,-38.891181853954386,-107.23778723762518,0,0.1
15307.256306022984,-38.955031337414354,-107.2744517833907,0,0.1
15413.726693490553,-39.01889145404044,-107.31187604841192,0,0.1
15520.93764106771,-39.08276553578081,-107.3500551347152,0,0.1
15628.894299757369,-39.1466599476353,-107.38897731700303,0,0.1
15737.6018563905,-39.21055982332705,-107.42867846462208,0,0.1
15847.065533875337,-39.27448670033214,-107.46911281378762,0,0.1
15957.29059144831,-39.33842876106552,-107.51030944069808,0,0.1
16068.282324926739,-39.40238027712585,-107.55228388606824,0,0.1
16180.046066963258,-39.466356712286775,-107.5950038754189,0,0.1
16292.587187302037,-39.53035234211136,-107.63848490846388,0,0.1
16405.911093036775,-39.594364484802334,-107.68273569599725,0,0.1
16520.023228870472,-39.65840254681488,-107.72773751319878,0,0.1
16634.92907737704,-39.722460835667505,-107.77350591028755,0,0.1
16750.634159264704,-39.78653368183761,-107.82005651375363,0,0.1
16867.144033641256,-39.85063050050492,-107.86737054109095,0,0.1
16984.464298281135,-39.91474864847359,-107.91545672149438,0,0.1
17102.600589894384,-39.978897530150896,-107.96429614825306,0,0.1
17221.558584397462,-40.04306548998535,-108.0139182945033,0,0.1
17341.343997185955,-40.107258936293405,-108.06431115937984,0,0.1
17461.962583409164,-40.17148126572786,-108.11546960439334,0,0.1
17583.42013824662,-40.23572387568058,-108.16741630078887,0,0.1
17705.72249718651,-40.29999618029016,-108.22013220037024,0,0.1
17828.875536306066,-40.36429858944,-108.27361907566048,0,0.1
17952.885172553855,-40.42862553486263,-108.3278926980416,0,0.1
18077.75736403408,-40.49298642552131,-108.38293386678218,0,0.1
18203.498110292836,-40.557369733950864,-108.43877241330084,0,0.1
18330.113452606365,-40.62178786260044,-108.49538205339302,0,0.1
18457.609474271307,-40.68623528401682,-108.55277860941325,0,0.1
18585.99230089697,-40.75071543974033,-108.61095680537348,0,0.1
18715.26810069965,-40.815228790693574,-108.66991838753167,0,0.1
18845.44308479898,-40.879772829281045,-108.72967219262499,0,0.1
18976.523507516347,-40.9443480387914,-108.79022000006333,0,0.1
19108.51566667538,-41.00896382296157,-108.85154221183491,0,0.1
19241.425903904536,-41.07361768914309,-108.91364760449227,0,0.1
19375.260604941792,-41.13830123067076,-108.97655931524137,0,0.1
19510.026199941436,-41.20302682191997,-109.04025046905436,0,0.1
19645.729163783028,-41.267780158180905,-109.10475860655644,0,0.1
19782.376016382463,-41.332579532086115,-109.17004236140623,0,0.1
19919.973323005244,-41.397416583207914,-109.23612493466287,0,0.1
20058.527694581913,-41.4622948008966,-109.30300077671775,0,0.1
20198.045788025658,-41.52721472160045,-109.370671514085,0,0.1
20338.53430655217,-41.59217688944394,-109.43913876359689,0,0.1
20480.00000000169,-41.65717302407249,-109.50842598331417,0,0.1
20622.4496651633,-41.722215475604,-109.57850572033996,0,0.1
20765.890146101516,-41.787304803022074,-109.64937950983784,0,0.1
20910.32833448505,-41.852435702131665,-109.72106354626564,0,0.1
21055.771169917985,-41.91761462979134,-109.79354473842115,0,0.1
21202.22564027317,-41.982833379757885,-109.86684669906388,0,0.1
21349.698782027936,-42.04810134834631,-109.94094890529446,0,0.1
21498.197680602203,-42.11341621003699,-110.0158602362349,0,0.1
21647.72947069887,-42.178784420288366,-110.09156734873014,0,0.1
21798.301336646622,-42.24420074890122,-110.16808651905654,0,0.1
21949.920512745113,-42.30966291255907,-110.24542669368925,0,0.1
22102.59428361251,-42.375174470374574,-110.32358191161491,0,0.1
22256.32998453553,-42.4407389768129,-110.40254611891274,0,0.1
22411.135001821818,-42.50636288565883,-110.48230564213307,0,0.1
22567.01677315487,-42.57203812715562,-110.5628843493878,0,0.1
22723.98278795137,-42.63775957677951,-110.644298764857,0,0.1
22882.04058772098,-42.70353951083899,-110.72652005069529,0,0.1
23041.197766428744,-42.769375705295815,-110.80955704815428,0,0.1
23201.4619708599,-42.83526595765976,-110.89341865909647,0,0.1
23362.840900987278,-42.901216739115036,-110.97809090758594,0,0.1
23525.342310341253,-42.96722874004053,-111.06357496267829,0,0.1
23688.974006382276,-43.03329690495585,-111.14988734679007,0,0.1
23853.743850875984,-43.09942196141711,-111.23702930803681,0,0.1
24019.6597602709,-43.16561325384929,-111.32497887437943,0,0.1
24186.729706078822,-43.23186289550706,-111.41376031034181,0,0.1
24354.96171525778,-43.29817736254857,-111.5033592359881,0,0.1
24524.363870597732,-43.3645488174502,-111.59380005773048,0,0.1
24694.944311108862,-43.430995167015205,-111.685037035847,0,0.1
24866.711232412665,-43.49750002584344,-111.77711797837264,0,0.1
25039.672887135683,-43.5640698832953,-111.87002827696439,0,0.1
25213.837585306024,-43.63071120567005,-111.96375310970694,0,0.1
25389.213694752598,-43.69741907989875,-112.05830908323873,0,0.1
25565.809641507185,-43.76419713700136,-112.15368914761949,0,0.1
25743.63391020923,-43.83104050728993,-112.24990999707994,0,0.1
25922.695044513537,-43.89795849478203,-112.34694856468408,0,0.1
26103.00164750071,-43.96494624915693,-112.44482148628533,0,0.1
26284.562382090517,-44.032015870595124,-112.54349736618539,0,0.1
26467.385971458098,-44.099145630371204,-112.64304101772484,0,0.1
26651.481199453076,-44.16636170924428,-112.74338065457616,0,0.1
26836.856911021572,-44.233639642723155,-112.844589395761,0,0.1
27023.522012631187,-44.30100834938226,-112.94658677594998,0,0.1
27211.485472698885,-44.36844344302068,-113.0494461458651,0,0.1
27400.75632202192,-44.43596537722919,-113.15311085452231,0,0.1
27591.3436542117,-44.50356382187914,-113.25761366963917,0,0.1
27783.256626130707,-44.57124243884914,-113.36294652022494,0,0.1
27976.504458332423,-44.63900209671051,-113.46910935264604,0,0.1
28171.096435504372,-44.70684366539832,-113.57610194608024,0,0.1
28367.04190691418,-44.774768013194574,-113.68392386340172,0,0.1
28564.35028685876,-44.8427760018538,-113.7925743777992,0,0.1
28763.031055116662,-44.910876756795844,-113.90202730419783,0,0.1
28963.093757403483,-44.97906003387476,-114.0123142090288,0,0.1
29164.548005830547,-45.04732660985119,-114.12343257408645,0,0.1
29367.403479366687,-45.11567989911319,-114.23537005247242,0,0.1
29571.669924303278,-45.18412307954651,-114.34811184830023,0,0.1
29777.35715472254,-45.25265337030787,-114.46165585190309,0,0.1
29984.475052969006,-45.321275076918,-114.57596662255885,0,0.1
30193.03357012437,-45.389981206912466,-114.69101825285048,0,0.1
30403.042726485564,-45.45875455579237,-114.80675455281516,0,0.1
30614.512612046197,-45.52753532585066,-114.92312040236456,0,0.1
30827.45338698134,-45.59614482139366,-115.04125660756365,0,0.1
31041.875282135654,-45.66531534872384,-115.16412550620959,0,0.1
31257.788599514974,-45.73488415527165,-115.2835351880883,0,0.1
31475.203712781236,-45.80430032001666,-115.40318462996416,0,0.1
31694.13106775091,-45.87374340415133,-115.52388960837273,0,0.1
31914.581182896858,-45.943266552414315,-115.64555833167863,0,0.1
32136.564649853717,-46.01288143223164,-115.76813617237956,0,0.1
32360.09213392676,-46.082598966641335,-115.89157219720988,0,0.1
32585.17437460432,-46.15241402571154,-116.01587439031317,0,0.1
32811.8221860738,-46.2223365095914,-116.14100532830506,0,0.1
33040.04645774119,-46.2923652219557,-116.26696663774045,0,0.1
33269.85815475433,-46.362501442078646,-116.3937532598436,0,0.1
33501.26831852966,-46.432743711272536,-116.52137028508338,0,0.1
33734.28806728276,-46.503101081836704,-116.64978777666059,0,0.1
33968.928596562524,-46.57356673443929,-116.77902983800783,0,0.1
34205.20117978902,-46.64414701893555,-116.90907605940794,0,0.1
34443.11716879519,-46.714840378813356,-117.03993307877744,0,0.1
34682.68799437217,-46.78564527740595,-117.17160769464648,0,0.1
34923.92516681859,-46.85656801145862,-117.30407950939828,0,0.1
35166.8402764935,-46.92760183895916,-117.43737348165101,0,0.1
35411.44499437329,-46.998755637977,-117.57145987203675,0,0.1
35657.7510726124,-47.07003303822343,-117.70632682275459,0,0.1
35905.77034510798,-47.141427327012686,-117.84199898633813,0,0.1
36155.51472806843,-47.2129472901365,-117.97844563847808,0,0.1
36406.99622058595,-47.284588797555465,-118.11568163421902,0,0.1
36660.22690521301,-47.35635030732627,-118.25371217702272,0,0.1
36915.21894854289,-47.42823536702768,-118.39252308849582,0,0.1
37171.98460179422,-47.500247425110736,-118.53209875682096,0,0.1
37430.53620139958,-47.57238722795467,-118.67243067542161,0,0.1
37690.88616959824,-47.64465271306627,-118.81351600226647,0,0.1
37953.04701503298,-47.71704627659663,-118.95532621078355,0,0.1
38217.03133335104,-47.78956119535253,-119.09784695412776,0,0.1
38482.85180780936,-47.86219628201444,-119.24099477566627,0,0.1
38750.521209883875,-47.93493063529021,-119.38462037153312,0,0.1
39020.05239988316,-48.00764522423457,-119.5285099491249,0,0.1
39291.458327566346,-48.07989361387083,-119.67599039506455,0,0.1
39564.752032765224,-48.15369943400359,-119.82865436028553,0,0.1
39839.94664601079,-48.22742266913765,-119.97474203370479,0,0.1
40117.05538916413,-48.300991595827384,-120.1219923163407,0,0.1
40396.09157605162,-48.37464318438204,-120.27035055293227,0,0.1
40677.068613104646,-48.44841821805505,-120.41963229308077,0,0.1
40960.00000000368,-48.522326445251835,-120.5697586154473,0,0.1
41244.899330326916,-48.5963728259168,-120.72068572051238,0,0.1
41531.78029220334,-48.67056007611996,-120.87238892979711,0,0.1
41820.65666897041,-48.74489490878907,-121.02483295626135,0,0.1
42111.54233983629,-48.81937878627792,-121.17800653284957,0,0.1
42404.45128054665,-48.89400578342219,-121.3319304306648,0,0.1
42699.3975640562,-48.968781958547645,-121.48657781781998,0,0.1
42996.39536120473,-49.0437132545923,-121.64192251525873,0,0.1
43295.458941398065,-49.11878647919002,-121.79801801467643,0,0.1
43596.60267329357,-49.19401944742752,-121.95478944959247,0,0.1
43899.84102549055,-49.2694037329378,-122.11227109940296,0,0.1
44205.18856722535,-49.34494751729909,-122.2704277916031,0,0.1
44512.659969071385,-49.42064009839158,-122.42930424538154,0,0.1
44822.27000364397,-49.49648730435903,-122.58887538606024,0,0.1
45134.033546310086,-49.57249955128403,-122.74909579819578,0,0.1
45447.96557590307,-49.64866389662867,-122.91002053563761,0,0.1
45764.081175442305,-49.724990728300654,-123.07160404931552,0,0.1
46082.39553285784,-49.8014764644644,-123.2338611655516,0,0.1
46402.92394172015,-49.87813136252808,-123.39674587864987,0,0.1
46725.681801974904,-49.9549449496909,-123.56030337266458,0,0.1
47050.68462068286,-50.03192742834962,-123.72448737604039,0,0.1
47377.94801276491,-50.10906615716983,-123.88935343591852,0,0.1
47707.487701752325,-50.186380353061026,-124.05481407387873,0,0.1
48039.319520542165,-50.26385966683563,-124.22091453064449,0,0.1
48373.45941215801,-50.341507378744026,-124.38763864715578,0,0.1
48709.923430515926,-50.41932449234832,-124.55498040142842,0,0.1
49048.72774119583,-50.49730977907414,-124.72294401596757,0,0.1
49389.888622218095,-50.57546868682933,-124.89150264032556,0,0.1
49733.4224648257,-50.6537999627815,-125.0606602942309,0,0.1
50000.0,-50.71433509918444,-125.19150384051207,0,0.1
10.0,-0.29522715854746817,-0.5976029637382666,1,0.2
10.069555500567189,-0.2952242811151416,-0.6017627706814368,1,0.2
10.139594797900294,-0.2952086563285712,-0.605950212509043,1,0.2
10.210121257071936,-0.2951938527818602,-0.6101669315958973,1,0.2
10.281138266560667,-0.29517988191102734,-0.6144131355367307,1,0.2
10.352649238413779,-0.2951735341256494,-0.61868977692635,1,0.2
10.424657608411218,-0.29514770588356587,-0.6229940873940256,1,0.2
10.497166836230678,-0.2951363032211387,-0.6273300016443539,1,0.2
10.57018040561381,-0.2951325595019291,-0.631697005624176,1,0.2
10.643701824533608,-0.29510937127864934,-0.6360922730967903,1,0.2
10.71773462536294,-0.2951074245735934,-0.640520591386069,1,0.2
10.792282365044281,-0.29509961620877,-0.6449791269034728,1,0.2
10.867348625260592,-0.2950791798130162,-0.6494673033897943,1,0.2
10.942937012607405,-0.29506646536925957,-0.653987667663879,1,0.2
11.019051158766118,-0.29504792786741524,-0.6585388767727125,1,0.2
11.095694720678463,-0.2950371388239271,-0.6631227328760461,1,0.2
11.172871380722214,-0.2950137742468239,-0.6677370721503738,1,0.2
11.250584846888108,-0.2950049645369223,-0.6723853212534562,1,0.2
11.328838852958,-0.2949971652331454,-0.6770661166788804,1,0.2
11.407637158684253,-0.2949700524681935,-0.681777232654936,1,0.2
11.486983549970367,-0.2949507575444588,-0.6865221510811761,1,0.2
11.566881839052892,-0.29495285382300646,-0.6913027853939104,1,0.2
11.647335864684578,-0.29493567972351514,-0.6961144059530594,1,0.2
11.728349492318808,-0.2949195881550614,-0.7009597260699386,1,0.2
11.809926614295325,-0.2948978146682258,-0.705838138071597,1,0.2
11.892071150027233,-0.2948771539581268,-0.7107507204561203,1,0.2
11.97478704618931,-0.2948644011084323,-0.7156985770486758,1,0.2
12.05807827690763,-0.2948595719332351,-0.7206819715282218,1,0.2
12.141948843950495,-0.2948423434392442,-0.7256985539449262,1,0.2
12.226402776920713,-0.2948195112240425,-0.7307494156167973,1,0.2
12.31144413344919,-0.2947978712756128,-0.7358356736565813,1,0.2
12.397076999389895,-0.29478421999688126,-0.7409584714101612,1,0.2
12.48330548901615,-0.2947717944718293,-0.7461171860676302,1,0.2
12.570133745218314,-0.2947470519350519,-0.7513102694388681,1,0.2
12.657565939702833,-0.2947371292035984,-0.7565415785944614,1,0.2
12.745606273192656,-0.29471492407572225,-0.7618077512478229,1,0.2
12.834258975629076,-0.2946940141246388,-0.7671108554187221,1,0.2
12.923528306374958,-0.2946744173592851,-0.7724511558391151,1,0.2
13.013418554419374,-0.294656152037257,-0.7778289192568578,1,0.2
13.10393403858367,-0.2946392366682232,-0.7832444144534129,1,0.2
13.195079107728983,-0.294610129509347,-0.7886960172683495,1,0.2
13.286858140965156,-0.2945959705055617,-0.7941877774202689,1,0.2
13.379275547861162,-0.2945764381753594,-0.799717127271374,1,0.2
13.472335768656947,-0.29455155191631843,-0.8052843238842599,1,0.2
13.566043274476765,-0.2945281118588588,-0.8108906002881446,1,0.2
13.660402567544,-0.29451291862850026,-0.816537218463154,1,0.2
13.755418181397484,-0.29447887043789867,-0.8222205312701113,1,0.2
13.851094681109295,-0.2944734519174126,-0.8279477245264368,1,0.2
13.947436663504105,-0.29444243912252066,-0.8337111566158499,1,0.2
14.044448757380025,-0.2944265371143694,-0.8395170848467527,1,0.2
14.142135623731003,-0.2943986445225554,-0.8453617812335049,1,0.2
14.240501955970773,-0.2943791254298507,-0.8512485653354247,1,0.2
14.33955248015833,-0.29435444027515123,-0.8571756955573022,1,0.2
14.439291955225018,-0.2943246113024984,-0.8631434492124207,1,0.2
14.539725173203164,-0.2943100042415759,-0.8691552376150922,1,0.2
14.640856959456315,-0.29427673691285067,-0.875206151211032,1,0.2
14.742692172911074,-0.29426551922587557,-0.8813027813830746,1,0.2
14.845235706290554,-0.2942289067094374,-0.8874380407033341,1,0.2
14.94849248634945,-0.29420761048862076,-0.893618590803218,1,0.2
15.05246747411074,-0.2941813111626379,-0.8998415465183383,1,0.2
15.15716566510405,-0.2941500332153286,-0.9061072004914047,1,0.2
15.26259208960566,-0.2941341460319354,-0.9124191351035923,1,0.2
15.368751812880195,-0.29409298585386295,-0.9187710950344993,1,0.2
15.475649935423972,-0.29408083085674613,-0.9251722000815479,1,0.2
15.58329159321007,-0.29405023583292983,-0.9316150354141467,1,0.2
15.69168195793509,-0.294028353788029,-0.9381043653992128,1,0.2
15.800826237267621,-0.2939880842354788,-0.944636005518772,1,0.2
15.910729675098453,-0.29397014538530675,-0.951217071622434,1,0.2
16.02139755179252,-0.29393387328629517,-0.9578410681833136,1,0.2
16.13283518444261,-0.29390642359185704,-0.9645128943828544,1,0.2
16.245047927124794,-0.2938674782826287,-0.9712294154941851,1,0.2
16.358041171155712,-0.2938441946442661,-0.977995623711566,1,0.2
16.471820345351553,-0.293816255199942,-0.9848083656030526,1,0.2
16.586390916288924,-0.29377690677427737,-0.9916667742171285,1,0.2
16.70175838856748,-0.29375330880489137,-0.9985759474764165,1,0.2
16.817928305074386,-0.2937183617225014,-1.0055314592514735,1,0.2
16.93490624725064,-0.29368566109796235,-1.0125360476714953,1,0.2
17.052697835359233,-0.293641672539855,-1.0195876235160268,1,0.2
17.17130872875518,-0.2936203413696275,-1.0266926619155228,1,0.2
17.290744626157405,-0.29357421978058595,-1.0338429152977253,1,0.2
17.411011265922586,-0.2935576034025841,-1.0410486482893122,1,0.2
17.53211442632081,-0.2935094781156791,-1.0482990076926322,1,0.2
17.654059925813208,-0.2934773583768919,-1.0556031084949546,1,0.2
17.776853623331515,-0.29345449522368205,-1.062960103749486,1,0.2
17.900501418559564,-0.29340022281437167,-1.0703626894137859,1,0.2
18.02500925221672,-0.29336884241302263,-1.0778214668277355,1,0.2
18.150383106343334,-0.2933264721150942,-1.0853303872354156,1,0.2
18.27662900458813,-0.29330028180369994,-1.0928950336456107,1,0.2
18.403753012497624,-0.2932496054859574,-1.100507925587868,1,0.2
18.53176123780754,-0.29321518200362884,-1.1081773305602158,1,0.2
18.660659830736275,-0.29317669714120387,-1.115899683220059,1,0.2
18.790454984280366,-0.2931409723780907,-1.1236767062299522,1,0.2
18.921152934512047,-0.2930876932838786,-1.1315047295534177,1,0.2
19.05275996087888,-0.29305760353320714,-1.139392282734999,1,0.2
19.18528238650542,-0.293016821206998,-1.1473329761583808,1,0.2
19.31872657849705,-0.2929721699819261,-1.155328554189043,1,0.2
19.453098948245852,-0.29293725914817376,-1.163382198816993,1,0.2
19.588405951738682,-0.29287820612930976,-1.1714873298743067,1,0.2
19.72465408986733,-0.2928425451293122,-1.1796541664652547,1,0.2
19.861849908740865,-0.2928031792147474,-1.1878775220327717,1,0.2
20.00000000000015,-0.2927533655172791,-1.1961563632840613,1,0.2
20.13911100113453,-0.2926999317088383,-1.204492511471957,1,0.2
20.279189595800737,-0.29267006258930595,-1.2128921978190037,1,0.2
20.42024251414402,-0.29260951981210565,-1.2213442295168628,1,0.2
20.56227653312149,-0.2925658456649067,-1.2298592320728625,1,0.2
20.70529847682771,-0.29252551500876056,-1.238434744002013,1,0.2
20.849315216822593,-0.29246821647947263,-1.247066729406228,1,0.2
20.994333672461515,-0.2924143536745829,-1.2557600729871872,1,0.2
21.14036081122778,-0.292370760167302,-1.26451675292252,1,0.2
21.28740364906737,-0.292310339443169,-1.2733311539089631,1,0.2
21.43546925072604,-0.2922670709889889,-1.2822113420607872,1,0.2
21.584564730088722,-0.2922138589315407,-1.29115165698061,1,0.2
21.734697250521346,-0.29215753919831766,-1.30015407096892,1,0.2
21.885874025214974,-0.2920913753175651,-1.309217461276586,1,0.2
22.038102317532406,-0.2920493526728946,-1.318350155577352,1,0.2
22.191389441357092,-0.2919975892090008,-1.3275447774833162,1,0.2
22.345742761444598,-0.291936136931641,-1.3368017538656671,1,0.2
22.501169693776383,-0.29187183592013133,-1.3461231298872438,1,0.2
22.657677705916175,-0.2918183151318341,-1.3555126251304301,1,0.2
22.815274317368676,-0.2917552669566905,-1.364965866395386,1,0.2
22.973967099940907,-0.29170310984025527,-1.3744882416521484,1,0.2
23.13376367810596,-0.2916483247630501,-1.3840769786644884,1,0.2
23.29467172936933,-0.2915909685715516,-1.3937325615203906,1,0.2
23.456698984637793,-0.29151073386638643,-1.4034504283416187,1,0.2
23.619853228590827,-0.2914551970750589,-1.4132428317006047,1,0.2
23.784142300054643,-0.29138368732309233,-1.4231001677720965,1,0.2
23.949574092378796,-0.29133020779388324,-1.4330314599611758,1,0.2
24.11615655381544,-0.29126087573567483,-1.4430286675892336,1,0.2
24.28389768790117,-0.2911893300938407,-1.4530957138886302,1,0.2
24.452805553841607,-0.29112242266918986,-1.4632348675921056,1,0.2
24.622888266898567,-0.2910466381749668,-1.4734431499239384,1,0.2
24.794153998779972,-0.2909959888474314,-1.483729943207473,1,0.2
24.966610978032485,-0.29092301249736474,-1.4940833826124782,1,0.2
25.140267490436816,-0.2908481436296999,-1.5045093013445143,1,0.2
25.315131879405854,-0.2907578684077704,-1.5150046036313496,1,0.2
25.4912125463855,-0.2906929962538561,-1.5255807303135065,1,0.2
25.668517951258348,-0.2906128539562698,-1.536227329250218,1,0.2
25.847056612750112,-0.29054467335187434,-1.5469522941754486,1,0.2
26.026837108838944,-0.29047494388980016,-1.5577525239811487,1,0.2
26.20786807716754,-0.2903901543938093,-1.5686248199358186,1,0.2
26.390158215458165,-0.290324333381364,-1.5795791381219186,1,0.2
26.573716281930512,-0.2902300141714328,-1.5906028223508177,1,0.2
26.758551095722524,-0.29015481184785663,-1.6017097303055265,1,0.2
26.944671537314093,-0.2900716351136911,-1.6128928311309503,1,0.2
27.13208654895373,-0.2899941442807776,-1.6241565656719839,1,0.2
27.320805135088207,-0.2899088321940557,-1.635497647365031,1,0.2
27.510836362795175,-0.28982256930521166,-1.6469186078524602,1,0.2
27.7021893622188,-0.2897422280005058,-1.6584220385002815,1,0.2
27.89487332700842,-0.28964071645801925,-1.6700005856261795,1,0.2
28.088897514760255,-0.2895452879822458,-1.6816627999355183,1,0.2
28.284271247462218,-0.28945602588246316,-1.693409343743405,1,0.2
28.48100391194176,-0.2893594266537858,-1.7052367995076407,1,0.2
28.679104960316874,-0.2892759569987242,-1.717151929138735,1,0.2
28.878583910450253,-0.28918532098357685,-1.7291492418462489,1,0.2
29.079450346406546,-0.2890876049693208,-1.7412293393629117,1,0.2
29.28171391891285,-0.288982896443848,-1.7533928289156808,1,0.2
29.485384345822368,-0.2888916696861659,-1.765646668195413,1,0.2
29.690471412581335,-0.2887868349702667,-1.777983089154393,1,0.2
29.896984972699123,-0.2886956654723441,-1.7904112501749043,1,0.2
30.104934948221704,-0.2885910718086658,-1.8029232785960787,1,0.2
30.314331330208326,-0.28847994289361034,-1.8155219411276746,1,0.2
30.52518417921155,-0.2883827630595125,-1.828214448810298,1,0.2
30.73750362576062,-0.2882656465821025,-1.8409905648096538,1,0.2
30.951299870848175,-0.2881558774336506,-1.8538597327687607,1,0.2
31.16658318642038,-0.28805355580746467,-1.8668227067957262,1,0.2
31.38336391587042,-0.2879451878306002,-1.8798757471708327,1,0.2
31.60165247453548,-0.2878240766203629,-1.8930172633045306,1,0.2
31.82145935019715,-0.28771751687678726,-1.906257018307618,1,0.2
32.04279510358529,-0.287598420705619,-1.9195866516667008,1,0.2
32.26567036888546,-0.2874872890442452,-1.9330137529669555,1,0.2
32.49009585424984,-0.2873638326318968,-1.946532131540338,1,0.2
32.716082342311665,-0.2872485570390997,-1.9601494868244835,1,0.2
32.94364069070335,-0.2871143740969011,-1.9738571841547563,1,0.2
33.172781832578096,-0.28699539352815245,-1.987667742612674,1,0.2
33.40351677713521,-0.28687812946123536,-2.001577251242699,1,0.2
33.63585661014903,-0.2867422940563228,-2.0155792639084154,1,0.2
33.86981249450153,-0.2866152051914353,-2.0296841406917574,1,0.2
34.10539567071872,-0.2864901800473938,-2.043890290913522,1,0.2
34.34261745751061,-0.2863537341045858,-2.0581936029030867,1,0.2
34.58148925231507,-0.2862127882628531,-2.0725972745544428,1,0.2
34.822022531845434,-0.2860674637870845,-2.087102083154431,1,0.2
35.064228852641875,-0.2859450953770074,-2.101718868733427,1,0.2
35.30811985162668,-0.2857913852388526,-2.116428384486995,1,0.2
35.55370724666329,-0.2856540809182321,-2.131249063369923,1,0.2
35.80100283711939,-0.28551970531886267,-2.146176741225674,1,0.2
36.05001850443371,-0.28536797555618915,-2.1612045381500344,1,0.2
36.30076621268694,-0.28522623975757055,-2.176343582596182,1,0.2
36.55325800917653,-0.2850674119840304,-2.1915843384322633,1,0.2
36.80750602499552,-0.28491884688178715,-2.206938094674728,1,0.2
37.06352247561536,-0.2847602648347898,-2.2223978450526354,1,0.2
37.32131966147283,-0.28460541547029694,-2.237969747174735,1,0.2
37.58090996856101,-0.2844476328118668,-2.2536520351659646,1,0.2
37.84230586902438,-0.28428025100853843,-2.269442878586906,1,0.2
38.105519921758045,-0.28411021979761686,-2.2853458428495514,1,0.2
38.37056477301113,-0.28395810885774053,-2.3013700771524186,1,0.2
38.63745315699439,-0.2837900259479259,-2.317502819041949,1,0.2
38.906197896491996,-0.28361973542143426,-2.33375045013346,1,0.2
39.176811903477656,-0.28344057848254534,-2.350111093288956,1,0.2
39.449308179734956,-0.28327994639133436,-2.366596936846156,1,0.2
39.72369981748203,-0.28309032470110757,-2.3831891837283097,1,0.2
40.000000000000604,-0.28291272994453903,-2.399905754509735,1,0.2
40.27822200226936,-0.2827337006846493,-2.4167419674850406,1,0.2
40.55837919160177,-0.2825465855771191,-2.433695899261756,1,0.2
40.840485028288356,-0.28236517053637156,-2.450774334280348,1,0.2
41.124553066243294,-0.2821691829904847,-2.4679694991012906,1,0.2
41.410596953655734,-0.2819792268529121,-2.4852911861887033,1,0.2
41.6986304336455,-0.2817818446075528,-2.5027345094212494,1,0.2
41.98866734492334,-0.28158402007729405,-2.5203034525718735,1,0.2
42.28072162245588,-0.281385926331767,-2.5379990651752706,1,0.2
42.57480729813507,-0.28118092309591103,-2.555819359403459,1,0.2
42.8709385014524,-0.28097600224278035,-2.5737684160454393,1,0.2
43.16912946017777,-0.2807645267996022,-2.591844229000021,1,0.2
43.46939450104301,-0.28055349415764763,-2.6100509452151868,1,0.2
43.771748050430276,-0.2803362707126481,-2.628386540485408,1,0.2
44.07620463506514,-0.2801266778271639,-2.646858385459745,1,0.2
44.38277888271451,-0.2799044492725719,-2.665458147422163,1,0.2
44.69148552288952,-0.27967659210884804,-2.684190044226028,1,0.2
45.00233938755311,-0.2794501180778073,-2.7030583939081443,1,0.2
45.315355411832684,-0.2792252229969975,-2.722064372016689,1,0.2
45.63054863473769,-0.2789816411201246,-2.7411993676707627,1,0.2
45.947934199882155,-0.27874003337191755,-2.76047424944165,1,0.2
46.26752735621227,-0.2785142480536668,-2.77989685813677,1,0.2
46.58934345873901,-0.2782703784279705,-2.799451887414812,1,0.2
46.913397969275934,-0.27802909848038393,-2.819150450923893,1,0.2
47.23970645718201,-0.277770145222137,-2.838983665719844,1,0.2
47.56828460010965,-0.2775142015286865,-2.8589628111665655,1,0.2
47.89914818475796,-0.2772546572760217,-2.879085749219555,1,0.2
48.232313107631235,-0.27699855541726653,-2.8993571663570545,1,0.2
48.5677953758027,-0.2767461170018027,-2.9197783838589473,1,0.2
48.90561110768358,-0.2764770817596251,-2.9403402406780144,1,0.2
49.2457765337975,-0.2761984984106178,-2.9610473971856592,1,0.2
49.58830799756032,-0.2759310800906911,-2.9819117208705763,1,0.2
49.933221956065346,-0.2756477400702529,-3.0029203806494777,1,0.2
50.280534980874016,-0.2753760300833932,-3.024088946449597,1,0.2
50.630263758812085,-0.2750820312868269,-3.045400802260762,1,0.2
50.982425092771386,-0.27477963968773644,-3.066864379775797,1,0.2
51.33703590251707,-0.274496426779438,-3.0884956702293396,1,0.2
51.69411322550061,-0.27419847292036714,-3.1102778096043537,1,0.2
52.05367421767828,-0.2738996895596075,-3.1322195051451773,1,0.2
52.41573615433548,-0.27359349038721115,-3.1543184395917065,1,0.2
52.78031643091672,-0.27328696174325023,-3.176579759414164,1,0.2
53.14743256386143,-0.27295984680870694,-3.1989935309014297,1,0.2
53.517102191445446,-0.2726465871834807,-3.221580137941846,1,0.2
53.8893430746286,-0.2723269319793455,-3.2443296837673676,1,0.2
54.264173097907864,-0.2720011428351666,-3.267243613294721,1,0.2
54.64161027017682,-0.27166264355837055,-3.290319483877485,1,0.2
55.02167272559077,-0.27133222431207404,-3.3135704970009043,1,0.2
55.40437872443802,-0.270982790675581,-3.3369824755635724,1,0.2
55.78974665401725,-0.2706419852260084,-3.360572728337582,1,0.2
56.17779502952094,-0.2702895569357653,-3.3843309161693322,1,0.2
56.56854249492486,-0.2699394739633846,-3.4082666039789142,1,0.2
56.962007823883944,-0.2695714831334788,-3.432369246520952,1,0.2
57.358209920634174,-0.26922010204375985,-3.456660772375034,1,0.2
57.75716782090094,-0.26884453881876236,-3.4811182997752117,1,0.2
58.158900692813525,-0.26845877613950364,-3.505751531262221,1,0.2
58.56342783782614,-0.2680836583204725,-3.530574600394039,1,0.2
58.97076869164518,-0.2676989365178838,-3.555576732706405,1,0.2
59.38094282516311,-0.2673186153494712,-3.580768038277226,1,0.2
59.79396994539869,-0.2669224433409214,-3.6061375297281124,1,0.2
60.209869896443855,-0.2665244327873415,-3.631695391744557,1,0.2
60.628662660417106,-0.2660974734827116,-3.6574260902532085,1,0.2
61.05036835842356,-0.26570358003619515,-3.683370309470371,1,0.2
61.4750072515217,-0.26528136694820764,-3.70949082666802,1,0.2
61.90259974169682,-0.26485858020122616,-3.735806816138584,1,0.2
62.33316637284123,-0.26442868601238156,-3.762315710212144,1,0.2
62.766727831741306,-0.26399201088264757,-3.789019325263751,1,0.2
63.20330494907143,-0.26354888476624183,-3.815919502911506,1,0.2
63.642918700394766,-0.26309964109401096,-3.8430181104435026,1,0.2
64.08559020717105,-0.2626583469454995,-3.870326187527138,1,0.2
64.5313407377714,-0.2621978849589901,-3.8978274243085553,1,0.2
64.98019170850016,-0.261725459256432,-3.9255282155345466,1,0.2
65.43216468462381,-0.2612620201178855,-3.953444443890675,1,0.2
65.8872813814072,-0.2607873159739277,-3.981564203330578,1,0.2
66.34556366515669,-0.2602948262530144,-4.009884696333279,1,0.2
66.80703355427093,-0.259805519708017,-4.038422081481711,1,0.2
67.27171322029855,-0.2593128881809077,-4.067173747031257,1,0.2
67.73962498900357,-0.25880354632337005,-4.096132150769081,1,0.2
68.21079134143795,-0.2582984858188409,-4.125313832011882,1,0.2
68.68523491502174,-0.2577774489380191,-4.154706378991316,1,0.2
69.16297850463066,-0.2572545632855739,-4.184321660337471,1,0.2
69.6440450636914,-0.25671644686993533,-4.214151988778057,1,0.2
70.12845770528428,-0.2561841229128313,-4.2442144263181305,1,0.2
70.61623970325388,-0.2556442153889146,-4.274501315817531,1,0.2
71.10741449332713,-0.25509711139749075,-4.305014892254429,1,0.2
71.60200567423932,-0.25452942741603524,-4.335747221234319,1,0.2
72.10003700886796,-0.25394843731191286,-4.36670553007959,1,0.2
72.60153242537443,-0.25338898587985537,-4.39791790147269,1,0.2
73.10651601835362,-0.2527963589248342,-4.429345475498967,1,0.2
73.61501204999159,-0.25220541025144083,-4.461016438982985,1,0.2
74.12704495123128,-0.2516096588407982,-4.492928058457168,1,0.2
74.64263932294622,-0.2510026209068326,-4.52507749367567,1,0.2
75.16181993712259,-0.25039160666093696,-4.557472495860664,1,0.2
75.68461173804933,-0.24976323618386362,-4.590104838485142,1,0.2
76.21103984351666,-0.2491386291342011,-4.622993155067505,1,0.2
76.74112954602285,-0.24849060390793484,-4.656118336771775,1,0.2
77.27490631398935,-0.24784719812996225,-4.689504699305088,1,0.2
77.81239579298456,-0.24718122339634857,-4.723132913598832,1,0.2
78.3536238069559,-0.2465345571503383,-4.757038815469988,1,0.2
78.8986163594705,-0.24584546004889518,-4.791175028918942,1,0.2
79.44739963496465,-0.245162735026027,-4.825583229702065,1,0.2
80.00000000000179,-0.24447300838864652,-4.860255018052469,1,0.2
80.55644400453932,-0.24376981159675906,-4.895187454874368,1,0.2
81.11675838320417,-0.24306050926405537,-4.930389017166365,1,0.2
81.68097005657731,-0.24233863606475148,-4.965856771611737,1,0.2
82.24910613248719,-0.24161156762867234,-5.001599357648956,1,0.2
82.8211939073121,-0.24087284169989254,-5.037613849423951,1,0.2
83.39726086729164,-0.24011599129687805,-5.0738972059287,1,0.2
83.97733468984731,-0.23934840232523075,-5.110458196195246,1,0.2
84.56144324491237,-0.2385982658119316,-5.1473238063709195,1,0.2
85.14961459627077,-0.23781061157663974,-5.184449182505217,1,0.2
85.74187700290544,-0.2370205642829425,-5.22186732583513,1,0.2
86.33825892035618,-0.2362216696049902,-5.259575341146618,1,0.2
86.93878900208668,-0.23541440763881044,-5.2975763846966855,1,0.2
87.54349610086122,-0.23459926177784202,-5.335873660924251,1,0.2
88.15240927013093,-0.23375588490900678,-5.3744516658603185,1,0.2
88.7655577654297,-0.23291948048649452,-5.413344795464073,1,0.2
89.38297104577971,-0.23206275830543815,-5.452531306859491,1,0.2
90.00467877510688,-0.23119315180385433,-5.492020726927047,1,0.2
90.63071082366605,-0.23032506127269173,-5.531829227246134,1,0.2
91.26109726947607,-0.22943116942186456,-5.571934576862762,1,0.2
91.895868399765,-0.22853283667820548,-5.612359474530243,1,0.2
92.53505471242522,-0.22763057115780788,-5.653107532492153,1,0.2
93.17868691747873,-0.22670399062896562,-5.694162621903767,1,0.2
93.82679593855258,-0.22576751958541857,-5.7355413517712766,1,0.2
94.47941291436473,-0.22482863643640677,-5.777254053130961,1,0.2
95.13656920022001,-0.22386694314270755,-5.819284360646963,1,0.2
95.79829636951663,-0.22290386288811956,-5.861656093857619,1,0.2
96.4646262152632,-0.22190503015387059,-5.904339081049034,1,0.2
97.13559075160614,-0.22092677681167394,-5.947391602649031,1,0.2
97.81122221536789,-0.21990680445123695,-5.990755893509734,1,0.2
98.49155306759573,-0.21888751299223896,-6.034477022822981,1,0.2
99.17661599512138,-0.21784846779718942,-6.078538148755512,1,0.2
99.86644391213144,-0.21679717119330366,-6.12295015439353,1,0.2
100.56106996174877,-0.21573414365875299,-6.167717067206803,1,0.2
101.26052751762494,-0.21467390498155517,-6.212857279500066,1,0.2
101.96485018554354,-0.21358899047198932,-6.2583464317609065,1,0.2
102.67407180503491,-0.2124729020338727,-6.3041812029014155,1,0.2
103.388226451002,-0.21136117927871223,-6.350401916555868,1,0.2
104.10734843535732,-0.21021931251827897,-6.39697648020843,1,0.2
104.83147230867174,-0.2090758613305238,-6.44393843737315,1,0.2
105.56063286183424,-0.20793136667150686,-6.491292408390877,1,0.2
106.29486512772365,-0.20675828462557974,-6.539013108687837,1,0.2
107.03420438289172,-0.2055641426587332,-6.587112241133999,1,0.2
107.778686149258,-0.20434945380011488,-6.635594179713137,1,0.2
108.52834619581655,-0.20314285975854593,-6.684493942919412,1,0.2
109.28322054035448,-0.2018956673840595,-6.733762781309544,1,0.2
110.04334545118235,-0.20065763338397438,-6.783459039916633,1,0.2
110.80875744887686,-0.199387057524665,-6.833541193228414,1,0.2
111.57949330803534,-0.19809852490391378,-6.884029349163163,1,0.2
112.35559005904271,-0.19679959951049486,-6.934936197573619,1,0.2
113.13708498985058,-0.19549080582210443,-6.986266754872652,1,0.2
113.92401564776874,-0.19416560961196525,-7.038018104074956,1,0.2
114.71641984126921,-0.19282452269452804,-7.090195251411025,1,0.2
115.51433564180275,-0.19146098957137983,-7.142795163102578,1,0.2
116.31780138562794,-0.19006843731106657,-7.195814665309407,1,0.2
117.12685567565316,-0.18868272261904162,-7.249299771951545,1,0.2
117.94153738329126,-0.18726191697894523,-7.303206620075556,1,0.2
118.76188565032712,-0.18584898623925125,-7.3575900859571775,1,0.2
119.58793989079828,-0.18438777332082068,-7.412389038915778,1,0.2
120.41973979288862,-0.18292126526526412,-7.467658836139531,1,0.2
121.25732532083512,-0.18144287815859428,-7.5233967639921255,1,0.2
122.10073671684803,-0.17994600813455497,-7.579599967564325,1,0.2
122.95001450304433,-0.17840981988902183,-7.636248231268365,1,0.2
123.80519948339456,-0.17687740924169013,-7.693398726913686,1,0.2
124.66633274568338,-0.17532083363391235,-7.751022846592125,1,0.2
125.53345566348355,-0.1737405497417207,-7.80912627147239,1,0.2
126.40660989814381,-0.1721441344857312,-7.867723599761248,1,0.2
127.28583740079048,-0.17053205092411874,-7.926820847709919,1,0.2
128.17118041434307,-0.1689047580141571,-7.986424115401709,1,0.2
129.0626814755438,-0.16724843189304772,-8.046521565667382,1,0.2
129.9603834170013,-0.16557063628401703,-8.107128185552558,1,0.2
130.86432936924862,-0.16388609962279183,-8.168268409266078,1,0.2
131.77456276281538,-0.16217381281758145,-8.229921290202924,1,0.2
132.69112733031437,-0.16044133857152446,-8.292102245793117,1,0.2
133.61406710854286,-0.15868192362974212,-8.35480840195768,1,0.2
134.5434264405981,-0.15691029984366586,-8.418064834495432,1,0.2
135.47924997800817,-0.15511252996622965,-8.481859474386333,1,0.2
136.42158268287693,-0.15329617224446926,-8.546208324082073,1,0.2
137.3704698300445,-0.1514831765075086,-8.611146820009077,1,0.2
138.32595700926237,-0.14960922832811302,-8.676595873988258,1,0.2
139.28809012738384,-0.14773939107979475,-8.742648407760749,1,0.2
140.25691541056963,-0.14583084596177337,-8.809253608759311,1,0.2
141.23247940650882,-0.14391995223661008,-8.876467053569886,1,0.2
142.2148289866553,-0.14196378412004268,-8.944237175607011,1,0.2
143.20401134847972,-0.14000594934353353,-9.012630093746138,1,0.2
144.200074017737,-0.13801789048146987,-9.081613644664676,1,0.2
145.20306485074994,-0.13600712410074742,-9.151205004531814,1,0.2
146.2130320367083,-0.133988425553576,-9.221431812025635,1,0.2
147.2300240999843,-0.1319331116159114,-9.292261223887882,1,0.2
148.25408990246365,-0.12984140939448582,-9.36370044095342,1,0.2
149.28527864589356,-0.1277425881840195,-9.435797997302961,1,0.2
150.32363987424628,-0.12562966213192397,-9.508551678237911,1,0.2
151.3692234760998,-0.12348832908677992,-9.581948660220219,1,0.2
152.42207968703445,-0.12131150309046676,-9.655986194770444,1,0.2
153.48225909204683,-0.11911393159392236,-9.730693082932905,1,0.2
154.54981262797986,-0.1169031070774448,-9.806088106770085,1,0.2
155.6247915859703,-0.11465731214867361,-9.882147577144345,1,0.2
156.70724761391295,-0.11237666828070474,-9.958879419427417,1,0.2
157.79723271894218,-0.11010521147220478,-10.036356704813604,1,0.2
158.8947992699305,-0.10778453604135296,-10.114501475115746,1,0.2
160.0000000000048,-0.10545869426793139,-10.193387393293177,1,0.2
161.11288800907985,-0.10309845971513171,-10.27297938128419,1,0.2
162.23351676640956,-0.10070387554910892,-10.353285821578591,1,0.2
163.36194011315587,-0.09828232889132085,-10.43432637089322,1,0.2
164.49821226497562,-0.09584859189496128,-10.516132306175741,1,0.2
165.6423878146254,-0.09339535219924755,-10.598701582720766,1,0.2
166.79452173458452,-0.09090786023270411,-10.682020578911178,1,0.2
167.9546693796959,-0.08840086061614799,-10.766121056501516,1,0.2
169.12288648982604,-0.08585953257616238,-10.850989297040828,1,0.2
170.29922919254284,-0.083298617401316,-10.936657523834018,1,0.2
171.4837540058122,-0.08071064240246933,-11.023123592613215,1,0.2
172.6765178407137,-0.07810294122195595,-11.110408657041003,1,0.2
173.87757800417467,-0.07546798344931321,-11.198510612485734,1,0.2
175.08699220172375,-0.07280563074460408,-11.28743904699669,1,0.2
176.30481854026317,-0.07011572349241316,-11.377203637415207,1,0.2
177.53111553086072,-0.06740554939370884,-11.467826180770485,1,0.2
178.7659420915608,-0.06467493446323763,-11.559316746751982,1,0.2
180.00935755021513,-0.06189372781434634,-11.651636787409405,1,0.2
181.26142164733346,-0.05912158159545364,-11.744893670899632,1,0.2
182.52219453895353,-0.056298303496547755,-11.839000025771691,1,0.2
183.7917367995314,-0.053468622719214064,-11.934039766590255,1,0.2
185.07010942485184,-0.05060219375988529,-12.029973962583638,1,0.2
186.35737383495882,-0.04770618191009857,-12.126825304812627,1,0.2
187.65359187710658,-0.04480287301460424,-12.224642092777922,1,0.2
188.95882582873088,-0.0418541585828297,-12.323372077560336,1,0.2
190.27313840044144,-0.03888984765091909,-12.423076487444655,1,0.2
191.59659273903472,-0.03590197669721211,-12.523753627193217,1,0.2
192.92925243052787,-0.03289010798175023,-12.625414498140891,1,0.2
194.27118150321374,-0.02985377755629463,-12.728070181425537,1,0.2
195.62244443073726,-0.026784874944762643,-12.831718775391348,1,0.2
196.98310613519297,-0.023698110508496892,-12.936397566063128,1,0.2
198.35323199024427,-0.020585331197118823,-13.042104880896611,1,0.2
199.73288782426437,-0.01746127696761917,-13.14887868268635,1,0.2
201.12213992349908,-0.014294746724105165,-13.256677440484726,1,0.2
202.5210550352514,-0.011108080625145953,-13.365552551551344,1,0.2
203.9297003710886,-0.007908353249838828,-13.475529364084311,1,0.2
205.3481436100714,-0.0046795412638681085,-13.586592836368615,1,0.2
206.77645290200556,-0.0014363702463693383,-13.698782045938307,1,0.2
208.21469687071618,0.0018372924086218275,-13.812081788226466,1,0.2
209.66294461734503,0.005149968405683032,-13.926490135808542,1,0.2
211.12126572367004,0.008455937075463663,-14.04210215472282,1,0.2
212.5897302554489,0.011786925901748457,-14.158875134429927,1,0.2
214.06840876578502,0.015159335462444027,-14.276793300067864,1,0.2
215.5573722985176,0.018535086503792653,-14.395939152309353,1,0.2
217.05669239163473,0.021930568556010492,-14.516297416727491,1,0.2
218.5664410807106,0.02535448340261048,-14.637866540784861,1,0.2
220.08669090236637,0.028784231394827182,-14.760702102255838,1,0.2
221.6175148977554,0.03224423977176383,-14.88477412498399,1,0.2
223.15898661607235,0.03571975650064405,-15.010124254752798,1,0.2
224.71118011808713,0.03920383048913602,-15.136780222959453,1,0.2
226.27416997970286,0.042729024868678404,-15.264696885846467,1,0.2
227.8480312955392,0.04624893076919139,-15.393975149890034,1,0.2
229.43283968254013,0.04978031820840647,-15.52459940715636,1,0.2
231.02867128360725,0.053340114439705835,-15.656553494105259,1,0.2
232.63560277125762,0.056905533671040454,-15.789895416283768,1,0.2
234.25371135130806,0.06047759406879557,-15.924639057828209,1,0.2
235.88307476658426,0.06408136787231208,-16.060753061063878,1,0.2
237.523771300656,0.06768597828469841,-16.198311386725432,1,0.2
239.17587978159838,0.07130051798988435,-16.337313008745685,1,0.2
240.83947958577906,0.07491805303156682,-16.47778726619222,1,0.2
242.51465064167206,0.07854776385304107,-16.61973304608439,1,0.2
244.2014734336979,0.082182733174732,-16.7631798905693,1,0.2
245.9000290060905,0.08581599617599711,-16.90815765748631,1,0.2
247.61039896679097,0.08947308023236943,-17.05463409811798,1,0.2
249.33266549136863,0.09313083701167181,-17.20267017713252,1,0.2
251.06691132696898,0.09679043599007092,-17.35228049558353,1,0.2
252.81321979628953,0.10043668241674208,-17.503511303428354,1,0.2
254.5716748015829,0.10409531264073472,-17.65632998480741,1,0.2
256.3423608286881,0.10774292226119778,-17.810798835840004,1,0.2
258.12536295108947,0.11140540950774344,-17.96688483327568,1,0.2
259.9207668340045,0.11505101685157756,-18.124666795698815,1,0.2
261.72865873849923,0.11868085694856839,-18.284159983485484,1,0.2
263.54912552563275,0.12233764171564807,-18.445298494984616,1,0.2
265.38225466063074,0.12594779398501096,-18.608243242222915,1,0.2
267.2281342170877,0.1295623752004173,-18.77291207143684,1,0.2
269.08685288119824,0.13316592781841985,-18.939352655034483,1,0.2
270.95849995601833,0.136742833001656,-19.107613169908,1,0.2
272.8431653657559,0.140327864987058,-19.27764294129981,1,0.2
274.74093966009104,0.143854777183931,-19.44958968466698,1,0.2
276.6519140185268,0.14739216200873764,-19.62333618227819,1,0.2
278.5761802547697,0.15088191894606257,-19.799014332934505,1,0.2
280.51383082114137,0.1543760564188346,-19.97653926784205,1,0.2
282.4649588130198,0.15781608773299016,-20.15604383145442,1,0.2
284.42965797331277,0.1612456757473653,-20.337459431186502,1,0.2
286.40802269696155,0.16464022873047035,-20.520852066247265,1,0.2
288.40014803547615,0.16799209651969874,-20.706254292623818,1,0.2
290.4061297015021,0.17129352649765234,-20.893698812305562,1,0.2
292.42606407341884,0.17456266585462243,-21.083167037987145,1,0.2
294.4600481999708,0.1778178613509399,-21.27463987054678,1,0.2
296.50817980492957,0.1809991770083963,-21.468252906373685,1,0.2
298.5705572917893,0.18411591169008568,-21.664004717840154,1,0.2
300.64727974849484,0.18720377725626286,-21.861841531997758,1,0.2
302.73844695220185,0.19021969277768988,-22.06186518374392,1,0.2
304.84415937407124,0.19320830536877967,-22.264003991353846,1,0.2
306.964518184096,0.1960996643351816,-22.46841243627145,1,0.2
309.09962525596205,0.198938406072235,-22.675018508529458,1,0.2
311.24958317194296,0.20170731641237724,-22.883872108251396,1,0.2
313.4144952278283,0.20439787253359532,-23.095005702647953,1,0.2
315.59446543788675,0.20702832080555766,-23.308398836635295,1,0.2
317.7895985398634,0.20953611586392865,-23.52418959685092,1,0.2
320.000000000012,0.21200232423671295,-23.742233612817383,1,0.2
322.22577601816215,0.2143369236292683,-23.962722037192876,1,0.2
324.4670335328215,0.21662135457504467,-24.185509574607057,1,0.2
326.7238802263142,0.2187830713409724,-24.410752055704826,1,0.2
328.99642452995374,0.22084001724715968,-24.638427800050057,1,0.2
331.2847756292533,0.22279197287418329,-24.86855032188728,1,0.2
333.5890434691715,0.22464788625590276,-25.101115004587985,1,0.2
335.90933875939425,0.22634282271454165,-25.336259850764332,1,0.2
338.2457729796546,0.22795933924978123,-25.573836816218147,1,0.2
340.5984583850881,0.22941352153432817,-25.814019203654173,1,0.2
342.96750801162693,0.23076036770078676,-26.05671176314774,1,0.2
345.3530356814299,0.23196184814370802,-26.301997824382617,1,0.2
347.75515600835195,0.23300757077959516,-26.549906694491586,1,0.2
350.1739844034501,0.23390582911997188,-26.80043143061461,1,0.2
352.60963708052907,0.23464603170789544,-27.053600503032193,1,0.2
355.0622310617241,0.23523640328925413,-27.30940609285532,1,0.2
357.53188418312425,0.23564705614889242,-27.567911598174817,1,0.2
360.0187151004329,0.23590509205702978,-27.829072417150893,1,0.2
362.52284329466966,0.2359514250345558,-28.093004592298733,1,0.2
365.0443890779098,0.23580324713537637,-28.359680293425942,1,0.2
367.58347359906554,0.23549732001909784,-28.629035517780263,1,0.2
370.14021884970646,0.23495424348538846,-28.90122001946626,1,0.2
372.7147476699204,0.2342104706962958,-29.176168508960362,1,0.2
375.30718375421594,0.23325397796940156,-29.453904341699136,1,0.2
377.9176516574646,0.232092169005111,-29.734414607770272,1,0.2
380.5462768008857,0.23066344216222862,-30.01780979516186,1,0.2
383.1931854780723,0.2290240603239038,-30.303986758413306,1,0.2
385.85850486105863,0.22713167826880087,-30.593018782081334,1,0.2
388.5423630064304,0.22497319751258169,-30.884924940434257,1,0.2
391.2448888614774,0.2225653202267439,-31.17967071251321,1,0.2
393.96621227038884,0.21988474368002392,-31.47729099613643,1,0.2
396.7064639804915,0.21691785948043218,-31.777801951439177,1,0.2
399.4657756485318,0.21366094021823254,-32.08120122271829,1,0.2
402.24427984700117,0.21011016232083793,-32.387485485945255,1,0.2
405.04211007050577,0.20626160655207945,-32.69665042620933,1,0.2
407.85940074218024,0.202090772756513,-33.00872493704814,1,0.2
410.69628722014585,0.1975830405498259,-33.32371918296208,1,0.2
413.55290580401413,0.19277514050698605,-33.641557164089676,1,0.2
416.42939374143555,0.18761110106160286,-33.96231482206314,1,0.2
419.3258892346932,0.18209647009315724,-34.28596457734463,1,0.2
422.24253144734325,0.17622642412728484,-34.61249466582579,1,0.2
425.179460510901,0.16995415396979868,-34.941958253250974,1,0.2
428.13681753157323,0.16334779006637076,-35.27422473216121,1,0.2
431.11474459703845,0.15632873757976398,-35.60939374300824,1,0.2
434.11338478327275,0.14891255269551587,-35.94741458248557,1,0.2
437.13288216142445,0.14108313661454244,-36.28828430680927,1,0.2
440.173381804736,0.13283483039210708,-36.63198210274047,1,0.2
443.23502979551404,0.12415119953698416,-36.97850148991228,1,0.2
446.31797323214806,0.11504782398607874,-37.327786979332124,1,0.2
449.4223602361776,0.10547583320676451,-37.679875755282474,1,0.2
452.5483399594091,0.09545061428576737,-38.03470895595222,1,0.2
455.6960625910818,0.0849660913731106,-38.39225773670229,1,0.2
458.8656793650838,0.07398345400652653,-38.752536750547556,1,0.2
462.0573425672179,0.06250713677895922,-39.11549757685831,1,0.2
465.2712055425187,0.05053072180847544,-39.48110546208886,1,0.2
468.5074227026196,0.03805877377565545,-39.84930945041753,1,0.2
471.76614953317204,0.025062850922210972,-40.22010057762708,1,0.2
475.04754260131557,0.01152528725363591,-40.59345253783112,1,0.2
478.3517595632003,-0.002538379175426079,-40.96929468317734,1,0.2
481.6789591715617,-0.017179236548871612,-41.34763856654012,1,0.2
485.02930128334776,-0.03235942248408904,-41.728382500368376,1,0.2
488.40294686739946,-0.048119052171231386,-42.111519507647664,1,0.2
491.8000580121847,-0.06446485673284179,-42.496998978702315,1,0.2
495.2207979335857,-0.08142611023521434,-42.88479421285312,1,0.2
498.665330982741,-0.09894170225932288,-43.27477372041469,1,0.2
502.1338226539417,-0.11708596648917156,-43.66695863898189,1,0.2
505.62643959258287,-0.13586561651540666,-44.06128967595909,1,0.2
509.14334960316967,-0.15525301375493653,-44.45766990768612,1,0.2
512.68472165738,-0.17531168627475058,-44.85609697512469,1,0.2
516.2507259021829,-0.19599083379849058,-45.25644748820132,1,0.2
519.841533668013,-0.21734257280045494,-45.65870185710304,1,0.2
523.4573174770023,-0.23933856715406854,-46.062758296023894,1,0.2
527.0982510512695,-0.2620194427814441,-46.46858026611988,1,0.2
530.7645093212655,-0.2854028269436172,-46.87610558948719,1,0.2
534.4562684341794,-0.3094248956060095,-47.28519872279542,1,0.2
538.1737057624005,-0.3341958580077963,-47.69587619072077,1,0.2
541.9169999120409,-0.3596631559390881,-48.10800956374219,1,0.2
545.6863307315159,-0.38582035544449866,-48.5215114490413,1,0.2
549.4818793201863,-0.4127076631546749,-48.936329854633605,1,0.2
553.3038280370578,-0.44031835548688975,-49.352373286939,1,0.2
557.1523605095437,-0.4686571800218411,-49.769558366674296,1,0.2
561.027661642287,-0.49772866475620353,-50.18780037743729,1,0.2
564.9299176260438,-0.5275489298220857,-50.607021038428734,1,0.2
568.8593159466297,-0.5580747386768924,-51.027102627225155,1,0.2
572.8160453939274,-0.5893927510933687,-51.44800920559197,1,0.2
576.8002960709567,-0.6214592496868135,-51.86962051438191,1,0.2
580.8122594030085,-0.6542775392537115,-52.2918461411778,1,0.2
584.8521281468421,-0.6878863905678059,-52.71461310326746,1,0.2
588.920096399946,-0.7222290810782083,-53.13779735771484,1,0.2
593.0163596098636,-0.7573438273926161,-53.56132431940945,1,0.2
597.1411145835832,-0.7932448279029041,-53.98510452919861,1,0.2
601.2945594969942,-0.8298981771256657,-54.409027425507304,1,0.2
605.4768939044083,-0.8673294123011623,-54.83300824104957,1,0.2
609.688318748147,-0.905551876048498,-55.256954995873585,1,0.2
613.9290363681965,-0.9445306630925172,-55.68075889773186,1,0.2
618.1992505119288,-0.9842904730706623,-56.10433220464597,1,0.2
622.4991663438906,-1.0248437540602693,-56.52758122141218,1,0.2
626.8289904556613,-1.0661305743944867,-56.950394260175386,1,0.2
631.1889308757782,-1.108210789871988,-57.37269072622172,1,0.2
635.5791970797316,-1.1510598767259175,-57.79436877710818,1,0.2
640.0000000000289,-1.194689050674463,-58.21533475440279,1,0.2
644.4515520363291,-1.2390972005805891,-58.63549256373607,1,0.2
648.9340670656479,-1.2842227638809272,-59.054741248723445,1,0.2
653.4477604526332,-1.3301482137156215,-59.47299577379157,1,0.2
657.9928490599125,-1.3767993646147376,-59.890157280734,1,0.2
662.5695512585116,-1.42419796709638,-60.30613604974692,1,0.2
667.178086938348,-1.4723774874698206,-60.72084011523912,1,0.2
671.8186775187937,-1.521298962863252,-61.13417815181216,1,0.2
676.4915459593144,-1.5709232032638942,-61.546063820001706,1,0.2
681.1969167701814,-1.6213068454558646,-61.956405353070956,1,0.2
685.935016023259,-1.6724101646187883,-62.365118519769794,1,0.2
690.7060713628651,-1.7242412104730005,-62.7721163722505,1,0.2
695.5103120167091,-1.7767718161596366,-63.177318773046125,1,0.2
700.3479688069056,-1.8299856169561064,-63.580646884809845,1,0.2
705.2192741610634,-1.8839497397588822,-63.98200392420904,1,0.2
710.1244621234536,-1.9385516763538793,-64.38133576634769,1,0.2
715.0637683662537,-1.9938700017969466,-64.77854400304386,1,0.2
720.0374302008713,-2.049804004830676,-65.17358129384256,1,0.2
725.0456865893448,-2.106467409159145,-65.56633623723366,1,0.2
730.0887781558251,-2.163747374108562,-65.95677238167511,1,0.2
735.1669471981365,-2.221685703967978,-66.34480342876402,1,0.2
740.2804376994185,-2.2802645288564634,-66.73036550321407,1,0.2
745.4294953398465,-2.339442230585196,-67.11340851995361,1,0.2
750.6143675084376,-2.399259935468355,-67.49384778007524,1,0.2
755.8353033149348,-2.459687584471783,-67.87163168102282,1,0.2
761.0925536017771,-2.5207069149096846,-68.2467065096789,1,0.2
766.3863709561504,-2.582276136014212,-68.6190346602132,1,0.2
771.717009722123,-2.6444708614980494,-68.98851536758178,1,0.2
777.0847260128666,-2.707190452384724,-69.35514865718233,1,0.2
782.4897777229608,-2.7704633762048054,-69.71886401575858,1,0.2
787.9324245407837,-2.834317744480396,-70.07958958508362,1,0.2
793.412927960989,-2.8986650091175252,-70.43733127383487,1,0.2
798.9315512970695,-2.9635565073128274,-70.792006296431,1,0.2
804.4885596940084,-3.028915659747037,-71.14362109161425,1,0.2
810.0842201410177,-3.0947935421639277,-71.49209482969671,1,0.2
815.7188014843666,-3.1611484715381373,-71.83741474684031,1,0.2
821.392574440298,-3.2279850544547326,-72.17953634445387,1,0.2
827.1058116080346,-3.295273363465023,-72.51844409147625,1,0.2
832.8587874828772,-3.3630294549502695,-72.85408780969226,1,0.2
838.6517784693928,-3.4311892678015434,-73.18648593444185,1,0.2
844.4850628946929,-3.4997917829318133,-73.51557292802177,1,0.2
850.3589210218082,-3.5688301151191286,-73.84132245636084,1,0.2
856.2736350631529,-3.63825209866002,-74.16375169845487,1,0.2
862.2294891940834,-3.708062549386196,-74.48282965327132,1,0.2
868.226769566552,-3.7782662009230776,-74.79852616487744,1,0.2
874.2657643228554,-3.848822770088709,-75.11085604407522,1,0.2
880.3467636094787,-3.919748406096386,-75.41978194762507,1,0.2
886.4700595910348,-3.991003202921463,-75.72532357890694,1,0.2
892.635946464303,-4.062625673307453,-76.0274233614502,1,0.2
898.844720472362,-4.13453168551167,-76.32615159156357,1,0.2
905.096679918825,-4.206770992162443,-76.62144190362292,1,0.2
911.3921251821704,-4.279293368971467,-76.91333466545792,1,0.2
917.7313587301744,-4.352126274579224,-77.20178860922537,1,0.2
924.1146851344428,-4.425241951043776,-77.48682386465124,1,0.2
930.5424110850445,-4.498634877087912,-77.76843805685087,1,0.2
937.0148454052463,-4.572255943602183,-78.04668082071835,1,0.2
943.5322990663512,-4.646154613129278,-78.32148991475263,1,0.2
950.0950852026382,-4.720282111929,-78.5929181148517,1,0.2
956.7035191264079,-4.794633556591061,-78.86096918365092,1,0.2
963.3579183431307,-4.869204155310864,-79.12564798534086,1,0.2
970.0586025667028,-4.943989209102121,-79.38696045895381,1,0.2
976.8058937348063,-5.018973389304819,-79.64492704746928,1,0.2
983.6001160243768,-5.094130900385691,-79.89958324263529,1,0.2
990.4415958671789,-5.169500253951829,-80.15088430429653,1,0.2
997.3306619654895,-5.24503452790368,-80.3988949812783,1,0.2
1004.267645307891,-5.320729790107832,-80.64362706661228,1,0.2
1011.2528791851732,-5.39657164208071,-80.88510718326157,1,0.2
1018.2866992063468,-5.472556439462185,-81.12334906806201,1,0.2
1025.3694433147675,-5.548691131058975,-81.35835305580615,1,0.2
1032.5014518043733,-5.624940768127347,-81.59017691515155,1,0.2
1039.6830673360337,-5.701302181426926,-81.81883713057958,1,0.2
1046.9146349540124,-5.77781390546921,-82.04429315429215,1,0.2
1054.1965021025467,-5.854399977978472,-82.26666332843206,1,0.2
1061.5290186425389,-5.931119828450617,-82.48587930714906,1,0.2
1068.9125368683667,-6.007887902618052,-82.70207656172825,1,0.2
1076.347411524809,-6.084743064012104,-82.91521683375379,1,0.2
1083.8339998240897,-6.16170327187482,-83.1252908447217,1,0.2
1091.37266146304,-6.238714813291812,-83.33239313660253,1,0.2
1098.9637586403808,-6.3157959721028,-83.53651571402823,1,0.2
1106.607656074124,-6.392924249205164,-83.73771031167095,1,0.2
1114.3047210190957,-6.470128093491134,-83.93595455830555,1,0.2
1122.0553232845823,-6.5473448166540535,-84.13136119610697,1,0.2
1129.859835252096,-6.624603112536336,-84.32390873327081,1,0.2
1137.7186318932681,-6.701901284588447,-84.51362082682942,1,0.2
1145.6320907878635,-6.779237709960434,-84.70052145599753,1,0.2
1153.600592141922,-6.856580906200303,-84.88468049212487,1,0.2
1161.6245188060257,-6.933939602110552,-85.06610758345144,1,0.2
1169.704256293693,-7.011302637717608,-85.2448430022594,1,0.2
1177.840192799901,-7.088668923290875,-85.42091207560968,1,0.2
1186.032719219736,-7.166037431392595,-85.59434033098438,1,0.2
1194.2822291671753,-7.243426865472021,-85.76512280457644,1,0.2
1202.5891189939975,-7.320777307650701,-85.93337742039131,1,0.2
1210.9537878088256,-7.3981077993082645,-86.099099714432,1,0.2
1219.3766374963034,-7.475437214145009,-86.26228518070126,1,0.2
1227.8580727364024,-7.552735633811103,-86.42300636730532,1,0.2
1236.3985010238666,-7.630002610741849,-86.58128982732309,1,0.2
1244.9983326877905,-7.7072377446744085,-86.73716219127182,1,0.2
1253.657980911332,-7.784450327115495,-86.89063471067199,1,0.2
1262.377861751566,-7.861601490220269,-87.04179593405118,1,0.2
1271.1583941594727,-7.938719981999387,-87.19062634240282,1,0.2
1280.0000000000673,-8.015824712477912,-87.33712184086974,1,0.2
1288.9031040726677,-8.092848539633732,-87.48141753466695,1,0.2
1297.8681341313059,-8.169810728611992,-87.62350939074871,1,0.2
1306.8955209052763,-8.246730376169761,-87.76339334864552,1,0.2
1315.9856981198345,-8.32358853841852,-87.90112719239833,1,0.2
1325.1391025170333,-8.400394833055302,-88.03672228631248,1,0.2
1334.3561738767062,-8.477130548524581,-88.17023633433568,1,0.2
1343.6373550375972,-8.553795986510446,-88.3016960571822,1,0.2
1352.9830919186386,-8.630391473682282,-88.43112811521002,1,0.2
1362.393833540373,-8.70691736052358,-88.5585591024016,1,0.2
1371.8700320465282,-8.783383347323852,-88.68400012509252,1,0.2
1381.4121427257405,-8.85974323858131,-88.80755467960435,1,0.2
1391.0206240334287,-8.936044129706616,-88.92917201969783,1,0.2
1400.6959376138216,-9.012258607413184,-89.0489245752048,1,0.2
1410.4385483221372,-9.088378017665583,-89.16685378142094,1,0.2
1420.2489242469178,-9.164449102846596,-89.2829088388183,1,0.2
1430.1275367325184,-9.24039866105091,-89.39723840379283,1,0.2
1440.0748604017533,-9.316273438873363,-89.50979145673364,1,0.2
1450.0913731787002,-9.39206485615035,-89.62060894245815,1,0.2
1460.177556311661,-9.467746165866687,-89.72976213151793,1,0.2
1470.3338943962842,-9.543354651811025,-89.83721519482074,1,0.2
1480.560875398848,-9.618854555330389,-89.94305428387798,1,0.2
1490.8589906797042,-9.694264870010407,-90.04727385314254,1,0.2
1501.2287350168863,-9.769586333338257,-90.14989874079166,1,0.2
1511.670606629881,-9.844810657588784,-90.25096878439682,1,0.2
1522.1851072035656,-9.919920626126725,-90.3505386910098,1,0.2
1532.772741912312,-9.994926154725775,-90.44861750271909,1,0.2
1543.4340194442575,-10.069864002425904,-90.54516898099195,1,0.2
1554.1694520257447,-10.144663175253118,-90.64033769201737,1,0.2
1564.9795554459333,-10.21936050773588,-90.73408695028705,1,0.2
1575.8648490815792,-10.29397470051739,-90.82641031458769,1,0.2
1586.8258559219898,-10.368497609303091,-90.91734627910482,1,0.2
1597.863102594151,-10.442885634362135,-91.00699276999626,1,0.2
1608.9771193880288,-10.517184169623722,-91.09529793638148,1,0.2
1620.1684402820476,-10.591376325069778,-91.18231443251727,1,0.2
1631.4376029687455,-10.66547183518701,-91.26804996960546,1,0.2
1642.7851488806082,-10.739436298179054,-91.35258623771318,1,0.2
1654.2116232160815,-10.813297147922412,-91.43590080215048,1,0.2
1665.7175749657672,-10.887064051500408,-91.51800090523629,1,0.2
1677.303556938798,-10.96072031554806,-91.59893786650314,1,0.2
1688.9701257893985,-11.034266864599868,-91.6787331972622,1,0.2
1700.7178420436294,-11.107713346299807,-91.7573935688451,1,0.2
1712.5472701263188,-11.181043191829703,-91.83496943389711,1,0.2
1724.4589783881795,-11.254248649346936,-91.91149620554071,1,0.2
1736.453539133117,-11.327365439805185,-91.98693622972864,1,0.2
1748.531528645724,-11.40037701617387,-92.06133927680321,1,0.2
1760.6935272189705,-11.473266944750888,-92.13475465331999,1,0.2
1772.940119182083,-11.546062097260513,-92.20715896841973,1,0.2
1785.2718929286193,-11.618754660125102,-92.27858669080673,1,0.2
1797.6894409447373,-11.691319648991582,-92.34910071187618,1,0.2
1810.1933598376636,-11.763801008094319,-92.41864856954511,1,0.2
1822.7842503643546,-11.836139405677987,-92.48734999702629,1,0.2
1835.4627174603627,-11.908395842080095,-92.5551237280684,1,0.2
1848.2293702688994,-11.980528268240825,-92.62206014147363,1,0.2
1861.0848221701028,-12.052580304365888,-92.68810667953971,1,0.2
1874.0296908105065,-12.124484436197545,-92.75339549460043,1,0.2
1887.0645981327166,-12.196309788174108,-92.81783126590787,1,0.2
1900.190170405291,-12.268031540696363,-92.88147469697635,1,0.2
1913.4070382528298,-12.339641996783907,-92.94435774863612,1,0.2
1926.715836686276,-12.411158925080812,-93.00646995474352,1,0.2
1940.1172051334202,-12.482540742595189,-93.06789891192545,1,0.2
1953.611787469627,-12.553839057599456,-93.12857774634537,1,0.2
1967.2002320487684,-12.625037664996288,-93.18855164514738,1,0.2
1980.8831917343723,-12.69612887320907,-93.24785143502282,1,0.2
1994.661323930994,-12.767096613448778,-93.30652147477501,1,0.2
2008.535290615797,-12.837992116547433,-93.36449505943935,1,0.2
2022.5057583703617,-12.908757243544635,-93.42188540019963,1,0.2
2036.573398412709,-12.979434717142288,-93.47863948179209,1,0.2
2050.7388866295505,-13.050016812668856,-93.53478712224606,1,0.2
2065.0029036087626,-13.120495840376451,-93.59035781885912,1,0.2
2079.366134672083,-13.190864144102658,-93.64538075068766,1,0.2
2093.8292699080407,-13.261147437172706,-93.69983028923114,1,0.2
2108.3930042051093,-13.331329673370234,-93.75374897319197,1,0.2
2123.0580372850936,-13.401403195028795,-93.8071653388078,1,0.2
2137.82507373675,-13.47138528214977,-93.86006704031747,1,0.2
2152.6948230496346,-13.541268243947897,-93.91248229139049,1,0.2
2167.6679996481957,-13.611069265117749,-93.96439862140944,1,0.2
2182.7453229260964,-13.680764081293459,-94.01587077837704,1,0.2
2197.927517280778,-13.750361584560636,-94.06689937072478,1,0.2
2213.2153121482643,-13.819870615865428,-94.11748496337624,1,0.2
2228.6094420382083,-13.889275241625572,-94.16766807370499,1,0.2
2244.1106465691814,-13.95860898738895,-94.21740899305861,1,0.2
2259.7196705042093,-14.027831213615347,-94.26678777385274,1,0.2
2275.4372637865536,-14.096967164734464,-94.31577776886407,1,0.2
2291.2641815757443,-14.166025554627739,-94.36437895298646,1,0.2
2307.2011842838615,-14.234990468050832,-94.41263079518146,1,0.2
2323.2490376120686,-14.303854239441108,-94.46055921262175,1,0.2
2339.4085125874035,-14.372617405771306,-94.50817672573142,1,0.2
2355.6803855998196,-14.441321330542836,-94.55543024538774,1,0.2
2372.0654384394898,-14.509941923164595,-94.60237160163607,1,0.2
2388.5644583343683,-14.5784633404592,-94.64903908688363,1,0.2
2405.178237988013,-14.646902364510145,-94.69541859322219,1,0.2
2421.9075756176694,-14.715251301672962,-94.74153501898002,1,0.2
2438.753274992625,-14.783518732469085,-94.78738710240464,1,0.2
2455.716145472823,-14.851713195682477,-94.83297354388218,1,0.2
2472.797002047752,-14.919810757720121,-94.87834458551082,1,0.2
2489.9966653755996,-14.987844273846303,-94.92345992193854,1,0.2
2507.3159618226828,-15.055773635986165,-94.96839511022732,1,0.2
2524.755723503151,-15.123663979129486,-95.01305842838833,1,0.2
2542.3167883189644,-15.191434808909667,-95.05758907589102,1,0.2
2560.0000000001537,-15.259151166754268,-95.10189531145174,1,0.2
2577.806208145355,-15.32678111084974,-95.14603895405195,1,0.2
2595.736268262631,-15.39433308096034,-95.19001770757862,1,0.2
2613.7910418105726,-15.461823525487892,-95.23381654917661,1,0.2
2631.971396239689,-15.529220597018643,-95.27749652693011,1,0.2
2650.2782050340866,-15.59654877692557,-95.32102966421026,1,0.2
2668.7123477534324,-15.663808381160607,-95.36442600423335,1,0.2
2687.274710075215,-15.730999720005004,-95.40769546239726,1,0.2
2705.9661838372976,-15.798115088571468,-95.45086040579721,1,0.2
2724.7876670807664,-15.865170812469,-95.4939053223691,1,0.2
2743.740064093077,-15.932127186147733,-95.53690249298877,1,0.2
2762.824285451502,-15.999032514013543,-95.5797860065486,1,0.2
2782.0412480668783,-16.06587905644216,-95.62257778771232,1,0.2
2801.391875227664,-16.132651121132223,-95.66531203159764,1,0.2
2820.8770966442953,-16.199356970944425,-95.7079852983629,1,0.2
2840.4978484938565,-16.265996875245754,-95.75060654847633,1,0.2
2860.2550734650586,-16.33256314316624,-95.79319704571783,1,0.2
2880.1497208035285,-16.399071953278284,-95.83574068128465,1,0.2
2900.1827463574223,-16.465531485727304,-95.87823376401188,1,0.2
2920.355112623344,-16.531902271529695,-95.92074672781202,1,0.2
2940.6677887925907,-16.598240128940716,-95.96320143331786,1,0.2
2961.121750797718,-16.664489758146146,-96.0056926872048,1,0.2
2981.717981359431,-16.73069896487783,-96.04815469597104,1,0.2
3002.4574700337953,-16.796836283449377,-96.09064489849483,1,0.2
3023.3412132597846,-16.862925684888616,-96.13313443070432,1,0.2
3044.3702144071544,-16.928943663918282,-96.17566809728986,1,0.2
3065.545483824648,-16.99490625513971,-96.21822918450485,1,0.2
3086.868038888538,-17.06082944324162,-96.26080100308947,1,0.2
3108.338904051513,-17.126689750220706,-96.3034279849335,1,0.2
3129.9591108918903,-17.192495273117263,-96.34610547588927,1,0.2
3151.7296981631816,-17.25823046940874,-96.38886537010733,1,0.2
3173.651711844004,-17.323919168206427,-96.43167846438739,1,0.2
3195.726205188326,-17.38957726894025,-96.47452778885,1,0.2
3217.954238776082,-17.455157787365945,-96.51749364694533,1,0.2
3240.3368805641194,-17.52070806051768,-96.56051021635724,1,0.2
3262.8752059375156,-17.58618901046763,-96.6036453614973,1,0.2
3285.570297761241,-17.651640050564087,-96.64684539000082,1,0.2
3308.4232464321876,-17.717029987230404,-96.69016578318129,1,0.2
3331.435149931559,-17.782366850028442,-96.73360125194189,1,0.2
3354.607113877621,-17.847674291120853,-96.77712227326388,1,0.2
3377.9402515788224,-17.912921177203824,-96.82078398394654,1,0.2
3401.4356840872842,-17.97813114278455,-96.86455673764908,1,0.2
3425.094540252663,-18.043280916969156,-96.9084833602935,1,0.2
3448.9179567763854,-18.10841750756743,-96.95249790799531,1,0.2
3472.9070782662598,-18.173486439598577,-96.99669132899011,1,0.2
3497.0630572914743,-18.23852688220114,-97.0410096574434,1,0.2
3521.387054437968,-18.30352339511498,-97.08548333020816,1,0.2
3545.880238364193,-18.36845279573739,-97.1301547174005,1,0.2
3570.543785857265,-18.433354176968727,-97.1749697489258,1,0.2
3595.378881889502,-18.498235444558524,-97.21992252813632,1,0.2
3620.3867196753545,-18.563057880880653,-97.26507930085911,1,0.2
3645.5685007287366,-18.627844965788142,-97.31040994807853,1,0.2
3670.9254349207527,-18.692604605918515,-97.35590838428382,1,0.2
3696.458740537827,-18.757321430211512,-97.4016045460941,1,0.2
3722.1696443402334,-18.821995602698355,-97.44750425047611,1,0.2
3748.0593816210417,-18.88665051858705,-97.49357719783148,1,0.2
3774.129196265462,-18.95124760617246,-97.53988920743734,1,0.2
3800.3803408106105,-19.015817996165257,-97.58639785383667,1,0.2
3826.8140765056887,-19.080369556746277,-97.63309672539403,1,0.2
3853.43167337258,-19.14487151355,-97.68003945662338,1,0.2
3880.2344102668694,-19.209347209945562,-97.72719549245683,1,0.2
3907.223574939284,-19.27379678771672,-97.77457028566512,1,0.2
3934.400464097566,-19.338204967205627,-97.8221932891709,1,0.2
3961.7663834687746,-19.402587333612786,-97.87004581608237,1,0.2
3989.322647862018,-19.466951735003278,-97.91812114410257,1,0.2
4017.070581231624,-19.531259815827166,-97.96648469593157,1,0.2
4045.011516740754,-19.59557332571982,-98.0150454281992,1,0.2
4073.1467968254487,-19.659846227852828,-98.06388072013725,1,0.2
4101.477773259132,-19.72407870101334,-98.11299572893934,1,0.2
4130.005807217556,-19.788293965918278,-98.16235941628716,1,0.2
4158.732269344197,-19.852484489321267,-98.21198887387565,1,0.2
4187.658539816113,-19.916650428864507,-98.26188911090362,1,0.2
4216.78600841025,-19.980814945058093,-98.31202888067769,1,0.2
4246.116074570219,-20.044909197025174,-98.36252176771761,1,0.2
4275.650147473531,-20.10901766772282,-98.41323984130618,1,0.2
4305.389646099301,-20.17310218848815,-98.46424832142617,1,0.2
4335.335999296423,-20.237139979040112,-98.51558834625838,1,0.2
4365.4906458522255,-20.301192411020814,-98.56716787551227,1,0.2
4395.8550345615895,-20.365206106290312,-98.61907639234211,1,0.2
4426.430624296562,-20.42919653965656,-98.67129441274626,1,0.2
4457.21888407645,-20.493156257013876,-98.72383877743631,1,0.2
4488.2212931383965,-20.557108336165516,-98.77667771613791,1,0.2
4519.439341008452,-20.62105293489804,-98.82981579640723,1,0.2
4550.874527573141,-20.684967355447526,-98.88329409468611,1,0.2
4582.528363151522,-20.74888226048961,-98.9370684528127,1,0.2
4614.402368567757,-20.81276736000534,-98.99119213235748,1,0.2
4646.498075224173,-20.876645681660925,-99.04563303640907,1,0.2
4678.817025174842,-20.9404945908719,-99.10043228550947,1,0.2
4711.360771199674,-21.004344693782336,-99.15554539940717,1,0.2
4744.130876879015,-21.068173374897654,-99.21101348958881,1,0.2
4777.128916668773,-21.131996020702406,-99.26681642158007,1,0.2
4810.356475976061,-21.195790060730403,-99.32299539574231,1,0.2
4843.815151235375,-21.25959362655284,-99.37949327553262,1,0.2
4877.506549985286,-21.32337657780862,-99.43636354397486,1,0.2
4911.432290945683,-21.38714670786986,-99.4935981924881,1,0.2
4945.594004095541,-21.450904228436393,-99.55120148874697,1,0.2
4979.9933307512365,-21.51465691851943,-99.60916529400511,1,0.2
5014.631923645403,-21.5784125435284,-99.66748137284875,1,0.2
5049.511447006339,-21.642163745072835,-99.72616623930057,1,0.2
5084.633576637967,-21.70588808430832,-99.78526135489815,1,0.2
5120.000000000346,-21.769593363814977,-99.84475854524568,1,0.2
5155.612416290749,-21.833317541087617,-99.90459958993424,1,0.2
5191.4725365253,-21.897038188799645,-99.96482589381706,1,0.2
5227.582083621183,-21.960740469176,-100.02546656965299,1,0.2
5263.942792479418,-22.024447228254513,-100.08648812297902,1,0.2
5300.556410068212,-22.088136116210535,-100.14793223366584,1,0.2
5337.424695506905,-22.15185252148928,-100.20972743534794,1,0.2
5374.54942015047,-22.21554402633346,-100.27196580074266,1,0.2
5411.932367674636,-22.27923345396789,-100.33461356517405,1,0.2
5449.575334161574,-22.342928565074573,-100.39766200554715,1,0.2
5487.480128186196,-22.40662960443947,-100.46111498215816,1,0.2
5525.648570903045,-22.47032182545339,-100.52500179285097,1,0.2
5564.082496133798,-22.534005508615984,-100.58932642407076,1,0.2
5602.78375045537,-22.597695916684764,-100.65406728885621,1,0.2
5641.754193288633,-22.66139331220481,-100.71922818667211,1,0.2
5680.995696987757,-22.725105441922455,-100.78480006399386,1,0.2
5720.51014693016,-22.78878771303557,-100.85086380051746,1,0.2
5760.2994416071,-22.85250770537427,-100.91730752837321,1,0.2
5800.365492714889,-22.916205917586076,-100.9842380377311,1,0.2
5840.710225246731,-22.97993491962616,-101.05156872920067,1,0.2
5881.335577585225,-23.04365022091721,-101.11938096094022,1,0.2
5922.243501595481,-23.107381966361224,-101.18762664483731,1,0.2
5963.435962718906,-23.171115548014885,-101.25633547557551,1,0.2
6004.914940067636,-23.234851285424444,-101.32551122742548,1,0.2
6046.682426519615,-23.298596940804227,-101.39514455134415,1,0.2
6088.740428814354,-23.36236026231355,-101.4652259563838,1,0.2
6131.090967649341,-23.426126700256905,-101.53578534770628,1,0.2
6173.736077777122,-23.4899040178573,-101.60681324433395,1,0.2
6216.6778081030725,-23.553692546022692,-101.67831326802666,1,0.2
6259.918221783827,-23.617492620918135,-101.75028902954003,1,0.2
6303.4593963264115,-23.68130458401933,-101.82274412884742,1,0.2
6347.303423688055,-23.7451139758762,-101.89570886891113,1,0.2
6391.4524103767,-23.808950771409517,-101.96913347493413,1,0.2
6435.9084775522115,-23.872800512045632,-102.04304815698008,1,0.2
6480.673761128287,-23.93667094896297,-102.1174430056068,1,0.2
6525.750411875079,-24.000532904454765,-102.19237548083062,1,0.2
6571.140595522531,-24.06443106509864,-102.26776819794934,1,0.2
6616.846492864425,-24.12836576425409,-102.3436243376084,1,0.2
6662.870299863169,-24.19228577065337,-102.42004242771621,1,0.2
6709.214227755292,-24.25621362452454,-102.49698546288037,1,0.2
6755.880503157695,-24.32018652177002,-102.57438854445454,1,0.2
6802.871368174619,-24.384168045980058,-102.65232340030484,1,0.2
6850.189080505378,-24.44815862248074,-102.73079363358674,1,0.2
6897.835913552822,-24.512180703427894,-102.80976135437912,1,0.2
6945.814156532571,-24.576227342460626,-102.88924364231438,1,0.2
6994.126114583001,-24.640276962792345,-102.9692855629674,1,0.2
7042.774108875988,-24.704366648922893,-103.04982102823439,1,0.2
7091.760476728439,-24.76847483618778,-103.13089508264471,1,0.2
7141.087571714584,-24.832609282421252,-103.21249710091413,1,0.2
7190.757763779057,-24.896770422381238,-103.2946303601917,1,0.2
7240.773439350762,-24.960936795022207,-103.3773405351142,1,0.2
7291.137001457528,-25.025145373900823,-103.46056037933072,1,0.2
7341.850869841561,-25.089374710602588,-103.54433554601938,1,0.2
7392.917481075709,-25.153639848468444,-103.62864085440647,1,0.2
7444.339288680522,-25.21791940466691,-103.71352234983442,1,0.2
7496.118763242139,-25.28222842953199,-103.79895478268509,1,0.2
7548.258392530979,-25.34658193160063,-103.88491251072053,1,0.2
7600.760681621277,-25.41093680739882,-103.97148522839255,1,0.2
7653.628153011434,-25.475337137603123,-104.05858959303438,1,0.2
7706.863346745218,-25.539761644801246,-104.14627216445729,1,0.2
7760.468820533797,-25.60423981228556,-104.23447777126924,1,0.2
7814.447149878626,-25.668728693598936,-104.32329708979447,1,0.2
7868.800928195191,-25.7332577726496,-104.41267482145162,1,0.2
7923.532766937609,-25.797834775524507,-104.50259914637779,1,0.2
7978.645295724095,-25.862416910967166,-104.59316176656887,1,0.2
8034.141162463309,-25.927048040423326,-104.68427714146578,1,0.2
8090.023033481568,-25.99170706763653,-104.7759927940287,1,0.2
8146.293593650958,-26.056416146666812,-104.8682669901314,1,0.2
8202.955546518326,-26.121147047799692,-104.96116256961093,1,0.2
8260.011614435174,-26.185936279041325,-105.05460743382353,1,0.2
8317.464538688457,-26.250748485177663,-105.14867979859307,1,0.2
8375.317079632288,-26.315605786665568,-105.24333738275499,1,0.2
8433.572016820564,-26.380501590460256,-105.33859823685228,1,0.2
8492.232149140504,-26.44542933886463,-105.43448061545459,1,0.2
8551.300294947127,-26.510418233827053,-105.5309261600517,1,0.2
8610.779292198666,-26.575440268865638,-105.62799895697087,1,0.2
8670.671998592914,-26.64050321160266,-105.72568659084328,1,0.2
8730.981291704516,-26.705621930208675,-105.82396086456158,1,0.2
8791.710069123244,-26.770768549573663,-105.92288665993085,1,0.2
8852.86124859319,-26.835979289912466,-106.02238890086016,1,0.2
8914.437768152968,-26.90121212837925,-106.12256413924514,1,0.2
8976.44258627686,-26.966510338965147,-106.22332108019194,1,0.2
9038.878682016972,-27.031846174240663,-106.32472528121865,1,0.2
9101.74905514635,-27.09724155378872,-106.42673200377422,1,0.2
9165.056726303115,-27.162682967539293,-106.52937551576562,1,0.2
9228.804737135582,-27.22817109714942,-106.63265852276396,1,0.2
9292.996150448414,-27.293706631863945,-106.7365837076613,1,0.2
9357.634050349754,-27.359297312518073,-106.84113759616623,1,0.2
9422.721542399418,-27.424950854384793,-106.9463064420836,1,0.2
9488.261753758103,-27.49065386453072,-107.05212499798292,1,0.2
9554.257833337617,-27.556393024497197,-107.1586284891214,1,0.2
9620.712951952195,-27.622204163716727,-107.26573793047794,1,0.2
9687.630302470823,-27.68807393631267,-107.37348817945986,1,0.2
9755.013099970645,-27.753996065336352,-107.48189805949225,1,0.2
9822.864581891441,-27.8199713004266,-107.59097004545187,1,0.2
9891.188008191157,-27.886014349298144,-107.7006733029014,1,0.2
9959.98666150255,-27.95211895707295,-107.81102656564714,1,0.2
10029.26384729088,-28.018264997919076,-107.92208233697635,1,0.2
10099.022894012754,-28.0844949942122,-108.03374234673738,1,0.2
10169.26715327601,-28.150781868858022,-108.14607573988505,1,0.2
10240.000000000768,-28.217119487973047,-108.25910177642145,1,0.2
10311.224832581574,-28.283522522613403,-108.3727888440057,1,0.2
10382.945073050678,-28.350012485981225,-108.48708766038641,1,0.2
10455.164167242447,-28.41654177755111,-108.60211979983887,1,0.2
10527.885584958914,-28.483152655373594,-108.71778459910638,1,0.2
10601.112820136505,-28.54982522254508,-108.83413548490542,1,0.2
10674.849391013888,-28.616574062450976,-108.95113979205426,1,0.2
10749.098840301021,-28.68339310327022,-109.06881659747664,1,0.2
10823.864735349352,-28.750269469794315,-109.18720272370463,1,0.2
10899.15066832323,-28.81722457845221,-109.30624760383988,1,0.2
10974.960256372473,-28.88425923952202,-109.42595274996788,1,0.2
11051.297141806172,-28.951346991429663,-109.5463905095137,1,0.2
11128.16499226768,-29.018529638849657,-109.66745640862061,1,0.2
11205.567500910824,-29.085773957213025,-109.78924070821473,1,0.2
11283.508386577352,-29.15310124359892,-109.91169158670955,1,0.2
11361.991393975597,-29.220512342740594,-110.03481033503473,1,0.2
11441.020293860403,-29.28798104315607,-110.15867048597924,1,0.2
11520.598883214287,-29.35554210869579,-110.28318337206218,1,0.2
11600.730985429864,-29.423182884410288,-110.40838635804232,1,0.2
11681.420450493551,-29.49090427575207,-110.53428075755801,1,0.2
11762.671155170538,-29.558700474616035,-110.66088619370579,1,0.2
11844.48700319105,-29.62659256209612,-110.7881488038689,1,0.2
11926.871925437901,-29.694554605526406,-110.91614333081,1,0.2
12009.82988013536,-29.76261435065085,-111.04479701606579,1,0.2
12093.36485303932,-29.83075931916344,-111.17414777880589,1,0.2
12177.4808576288,-29.89897713431961,-111.30423406570928,1,0.2
12262.181935298773,-29.967308718952445,-111.43494449461667,1,0.2
12347.472155554336,-30.035715063275227,-111.56639228864864,1,0.2
12433.355616206238,-30.104203832131784,-111.69855978188286,1,0.2
12519.836443567749,-30.17278264834509,-111.83142895825509,1,0.2
12606.918792652916,-30.241472290944778,-111.96494327057175,1,0.2
12694.606847376202,-30.310240696620035,-112.09919852925768,1,0.2
12782.904820753494,-30.379102082289254,-112.2341573033861,1,0.2
12871.816955104521,-30.448070568761388,-112.36978150869247,1,0.2
12961.347522256672,-30.51712743797003,-112.50612933189656,1,0.2
13051.500823750257,-30.586286809295203,-112.64316248815462,1,0.2
13142.28119104516,-30.655536616208035,-112.78092017064377,1,0.2
13233.69298572895,-30.72488442914024,-112.91938327642319,1,0.2
13325.740599726436,-30.794357253855292,-113.058473287169,1,0.2
13418.428455510686,-30.863910595022407,-113.19832776381817,1,0.2
13511.761006315492,-30.9335650158502,-113.33888796013912,1,0.2
13605.74273634934,-31.003340919550556,-113.48009416374681,1,0.2
13700.378161010858,-31.0732070359181,-113.6220455563996,1,0.2
13795.671827105747,-31.143170929287688,-113.76472239989647,1,0.2
13891.628313065248,-31.21325934348281,-113.90804418639175,1,0.2
13988.252229166108,-31.283447631643632,-114.0520907972792,1,0.2
14085.548217752083,-31.353756050202595,-114.19680126078364,1,0.2
14183.520953456982,-31.42416012093811,-114.34225613380617,1,0.2
14282.175143429275,-31.49468641723256,-114.4883736365704,1,0.2
14381.515527558222,-31.565329597027212,-114.63517325077375,1,0.2
14481.546878701633,-31.63607806076001,-114.78269526243332,1,0.2
14582.274002915165,-31.706939252066284,-114.9309185066194,1,0.2
14683.70173968323,-31.77791426752377,-115.07984217131559,1,0.2
14785.834962151528,-31.849016757283355,-115.2294237509073,1,0.2
14888.678577361155,-31.92023521355699,-115.37970358603762,1,0.2
14992.23752648439,-31.991570743825775,-115.53068062091367,1,0.2
15096.516785062071,-32.063030686406485,-115.68233268650616,1,0.2
15201.521363242668,-32.13461610747687,-115.83465833687946,1,0.2
15307.256306022984,-32.206321880784756,-115.9876772203912,1,0.2
15413.726693490553,-32.278155304892266,-116.14136669145464,1,0.2
15520.93764106771,-32.350098967301214,-116.29578902800363,1,0.2
15628.894299757369,-32.42219096521396,-116.45081470476768,1,0.2
15737.6018563905,-32.49438932615342,-116.60659149908702,1,0.2
15847.065533875337,-32.566732001546136,-116.76298904573969,1,0.2
15957.29059144831,-32.63920168711613,-116.9200697123357,1,0.2
16068.282324926739,-32.711793439251636,-117.0778532685963,1,0.2
16180.046066963258,-32.78452056544347,-117.23629438580323,1,0.2
16292.587187302037,-32.857390193280814,-117.39536889989076,1,0.2
16405.911093036775,-32.930385281008235,-117.55513990962878,1,0.2
16520.023228870472,-33.00353104925017,-117.71551740721468,1,0.2
16634.92907737704,-33.07680452049152,-117.87658657800763,1,0.2
16750.634159264704,-33.15020688877295,-118.03834515650604,1,0.2
16867.144033641256,-33.22375720847616,-118.20072418788433,1,0.2
16984.464298281135,-33.29743870740256,-118.36378737793702,1,0.2
17102.600589894384,-33.37127624675735,-118.52744281429665,1,0.2
17221.558584397462,-33.4452472100474,-118.69177663398271,1,0.2
17341.343997185955,-33.51936455099688,-118.85674112647018,1,0.2
17461.962583409164,-33.59362935261553,-119.02233302126088,1,0.2
17583.42013824662,-33.6680368552784,-119.18857156868874,1,0.2
17705.72249718651,-33.74259401782549,-119.35543082384412,1,0.2
17828.875536306066,-33.817296115515084,-119.52292997809117,1,0.2
17952.885172553855,-33.892150065287076,-119.69104275074505,1,0.2
18077.75736403408,-33.967162704097866,-119.85974248986865,1,0.2
18203.498110292836,-34.04231781157573,-120.02909400715166,1,0.2
18330.113452606365,-34.1176222977799,-120.19907072072594,1,0.2
18457.609474271307,-34.193088695356764,-120.36962258831893,1,0.2
18585.99230089697,-34.26870663718905,-120.54079156515581,1,0.2
18715.26810069965,-34.34448290479462,-120.7125503666957,1,0.2
18845.44308479898,-34.420412908002575,-120.88491791970908,1,0.2
18976.523507516347,-34.496492134238224,-121.057913308355,1,0.2
19108.51566667538,-34.57274976358881,-121.23141528038914,1,0.2
19241.425903904536,-34.64916432342532,-121.4055125141121,1,0.2
19375.260604941792,-34.7257369105651,-121.58020043790961,1,0.2
19510.026199941436,-34.802474156797636,-121.75545077415978,1,0.2
19645.729163783028,-34.879366048851956,-121.93130588857295,1,0.2
19782.376016382463,-34.95643022377715,-122.10768990840961,1,0.2
19919.973323005244,-35.03365667792726,-122.28464505780698,1,0.2
20058.527694581913,-35.111062843949824,-122.4620947160381,1,0.2
20198.045788025658,-35.188627860238356,-122.64012878129782,1,0.2
20338.53430655217,-35.26636908084905,-122.81867025523532,1,0.2
20480.00000000169,-35.344265868738546,-122.99780948425476,1,0.2
20622.4496651633,-35.42234086583752,-123.17744501159277,1,0.2
20765.890146101516,-35.50059497498781,-123.35757090398933,1,0.2
20910.32833448505,-35.579013122857106,-123.53825370489385,1,0.2
21055.771169917985,-35.65761229566448,-123.7194150542533,1,0.2
21202.22564027317,-35.736377537165716,-123.90112163162956,1,0.2
21349.698782027936,-35.81532568195027,-124.0832945489754,1,0.2
21498.197680602203,-35.8944471232106,-124.26597620924144,1,0.2
21647.72947069887,-35.973748054337506,-124.44913596703226,1,0.2
21798.301336646622,-36.0532345674992,-124.63274287229477,1,0.2
21949.920512745113,-36.13289199987731,-124.81686391912291,1,0.2
22102.59428361251,-36.21272651554743,-125.0014681709177,1,0.2
22256.32998453553,-36.29274929236555,-125.18649973404636,1,0.2
22411.135001821818,-36.37296621717303,-125.37192693996599,1,0.2
22567.01677315487,-36.453362792400476,-125.55781686232801,1,0.2
22723.98278795137,-36.53392983731898,-125.74421225148456,1,0.2
22882.04058772098,-36.61468346073073,-125.93103189650324,1,0.2
23041.197766428744,-36.69563447654714,-126.11821883639699,1,0.2
23201.4619708599,-36.776763648567,-126.30586528260928,1,0.2
23362.840900987278,-36.85808181326279,-126.49391418987952,1,0.2
23525.342310341253,-36.939599602048354,-126.68230807986242,1,0.2
23688.974006382276,-37.021298027927166,-126.87113942920904,1,0.2
23853.743850875984,-37.103182866386625,-127.06037577788256,1,0.2
24019.6597602709,-37.18526463556487,-127.24995927392297,1,0.2
24186.729706078822,-37.26753915827783,-127.4399072099068,1,0.2
24354.96171525778,-37.35000714492068,-127.63021173682813,1,0.2
24524.363870597732,-37.43265495381121,-127.8209406873082,1,0.2
24694.944311108862,-37.51551201554576,-128.01193464076718,1,0.2
24866.711232412665,-37.598559854993844,-128.20328648924482,1,0.2
25039.672887135683,-37.681799197845166,-128.3949881748785,1,0.2
25213.837585306024,-37.765235434247835,-128.58700616923178,1,0.2
25389.213694752598,-37.8488691841894,-128.77933215896851,1,0.2
25565.809641507185,-37.932701051637004,-128.97195775758684,1,0.2
25743.63391020923,-38.01672702038943,-129.16489998755097,1,0.2
25922.695044513537,-38.10095689477629,-129.35809938341075,1,0.2
26103.00164750071,-38.185382046887824,-129.55159833171695,1,0.2
26284.562382090517,-38.27002120118055,-129.74528598183164,1,0.2
26467.385971458098,-38.35483863106553,-129.93935806835867,1,0.2
26651.481199453076,-38.439875511270294,-130.13357562060628,1,0.2
26836.856911021572,-38.52508751043548,-130.3281858202537,1,0.2
27023.522012631187,-38.61052865887526,-130.5228721889646,1,0.2
27211.485472698885,-38.69615494744113,-130.7178820714401,1,0.2
27400.75632202192,-38.781993354859004,-130.9130523635179,1,0.2
27591.3436542117,-38.86803109134716,-131.10845084960027,1,0.2
27783.256626130707,-38.954277264929246,-131.30401674417047,1,0.2
27976.504458332423,-39.040719275269936,-131.49981775135046,1,0.2
28171.096435504372,-39.12736615773587,-131.6957927596183,1,0.2
28367.04190691418,-39.21422246842661,-131.89190609927854,1,0.2
28564.35028685876,-39.30127997410962,-132.08819915317545,1,0.2
28763.031055116662,-39.38854737476804,-132.2846097821514,1,0.2
28963.093757403483,-39.47602061058804,-132.4811526400083,1,0.2
29164.548005830547,-39.56369150580996,-132.67786738994434,1,0.2
29367.403479366687,-39.65156841138777,-132.87468903267725,1,0.2
29571.669924303278,-39.73965513893246,-133.0715760165858,1,0.2
29777.35715472254,-39.827938659228785,-133.26858602515986,1,0.2
29984.475052969006,-39.9164373794732,-133.46556207103234,1,0.2
30193.03357012437,-40.00513000422116,-133.66256399570412,1,0.2
30403.042726485564,-40.094005305679225,-133.859492036176,1,0.2
30614.512612046197,-40.18299349199556,-134.0563508816575,1,0.2
30827.45338698134,-40.271927953107564,-134.25415135687902,1,0.2
31041.875282135654,-40.36153121291437,-134.4559416890141,1,0.2
31257.788599514974,-40.451645968529505,-134.65346055013273,1,0.2
31475.203712781236,-40.541717594437074,-134.85040667561157,1,0.2
31694.13106775091,-40.63191853642803,-135.04764718221267,1,0.2
31914.581182896858,-40.72230980365973,-135.24501253420652,1,0.2
32136.564649853717,-40.81290087996834,-135.44245642690365,1,0.2
32360.09213392676,-40.90369629579275,-135.63993674652457,1,0.2
32585.17437460432,-40.99468671895729,-135.837503931149,1,0.2
32811.8221860738,-41.085891642922704,-136.03500921120573,1,0.2
33040.04645774119,-41.1773076068178,-136.23246279000426,1,0.2
33269.85815475433,-41.26892739847509,-136.4299028245923,1,0.2
33501.26831852966,-41.36075111699608,-136.62731710085112,1,0.2
33734.28806728276,-41.45278595512205,-136.82464266156862,1,0.2
33968.928596562524,-41.54503172507934,-137.02186868594063,1,0.2
34205.20117978902,-41.63748113465671,-137.21903616858881,1,0.2
34443.11716879519,-41.73013758730565,-137.41610903999626,1,0.2
34682.68799437217,-41.822997392991994,-137.61310284523591,1,0.2
34923.92516681859,-41.916067300927295,-137.8099561068548,1,0.2
35166.8402764935,-42.009333260783635,-138.00676149543224,1,0.2
35411.44499437329,-42.10281222739057,-138.2033806266565,1,0.2
35657.7510726124,-42.196496980873455,-138.39985479590655,1,0.2
35905.77034510798,-42.29039053063544,-138.59614825775205,1,0.2
36155.51472806843,-42.38448910564977,-138.79227631157647,1,0.2
36406.99622058595,-42.47879230088712,-138.98822833519077,1,0.2
36660.22690521301,-42.57329312415354,-139.18404425455213,1,0.2
36915.21894854289,-42.6679977104019,-139.37966113188025,1,0.2
37171.98460179422,-42.76290867443102,-139.57504050560678,1,0.2
37430.53620139958,-42.85802198235193,-139.7701928366113,1,0.2
37690.88616959824,-42.953336573097204,-139.9650994817122,1,0.2
37953.04701503298,-43.04884760668966,-140.15976033485097,1,0.2
38217.03133335104,-43.14455501808805,-140.3541106007852,1,0.2
38482.85180780936,-43.24045406188795,-140.5480543508645,1,0.2
38750.521209883875,-43.33651965108824,-140.74144604732902,1,0.2
39020.05239988316,-43.43262694333497,-140.93412292448568,1,0.2
39291.458327566346,-43.52833454906027,-141.12934008225074,1,0.2
39564.752032765224,-43.6256633422238,-141.32871595602447,1,0.2
39839.94664601079,-43.72297017123576,-141.52046387877942,1,0.2
40117.05538916413,-43.820183081854495,-141.71233901967463,1,0.2
40396.09157605162,-43.9175329038237,-141.90428549684748,1,0.2
40677.068613104646,-44.01506405628034,-142.09607951970693,1,0.2
40960.00000000368,-44.112781183190826,-142.28767777462627,1,0.2
41244.899330326916,-44.21069037883824,-142.4790069366806,1,0.2
41531.78029220334,-44.30878974815652,-142.67006277087168,1,0.2
41820.65666897041,-44.40708501094619,-142.86077571147445,1,0.2
42111.54233983629,-44.50557854611894,-143.05110605061193,1,0.2
42404.45128054665,-44.60425873567164,-143.24114027305316,1,0.2
42699.3975640562,-44.70312783717538,-143.43084261573676,1,0.2
42996.39536120473,-44.802196027952554,-143.62010486776762,1,0.2
43295.458941398065,-44.901443688916004,-143.80908991491944,1,0.2
43596.60267329357,-45.000888884134895,-143.9976173222275,1,0.2
43899.84102549055,-45.10052014107571,-144.1857768971608,1,0.2
44205.18856722535,-45.200347134081305,-144.37346313010286,1,0.2
44512.659969071385,-45.30035082170904,-144.56083876772274,1,0.2
44822.27000364397,-45.4005408679338,-144.74779866361658,1,0.2
45134.033546310086,-45.500921489335,-144.93428708922747,1,0.2
45447.96557590307,-45.601481677906676,-145.12039359354446,1,0.2
45764.081175442305,-45.7022281513851,-145.30603857005073,1,0.2
46082.39553285784,-45.80315504809619,-145.49126320066745,1,0.2
46402.92394172015,-45.904268852458486,-145.67598866884273,1,0.2
46725.681801974904,-46.005561291775805,-145.86028020157283,1,0.2
47050.68462068286,-46.10703630183043,-146.04408338653766,1,0.2
47377.94801276491,-46.208683428322786,-146.2274868462077,1,0.2
47707.487701752325,-46.310518348826086,-146.41031789340295,1,0.2
48039.319520542165,-46.4125259244675,-146.59271264434227,1,0.2
48373.45941215801,-46.51471223564643,-146.77459389199558,1,0.2
48709.923430515926,-46.61707170201839,-146.9560026904238,1,0.2
49048.72774119583,-46.71960342092617,-147.13693285035828,1,0.2
49389.888622218095,-46.82231317855067,-147.31730827450593,1,0.2
49733.4224648257,-46.925193224608776,-147.49719339337173,1,0.2
50000.0,-47.004657768132574,-147.63554858342277,1,0.2
10.0,-0.2959731556062642,-0.5975274508850993,2,0.3
10.069555500567189,-0.29597706940372615,-0.6016852842743449,2,0.3
10.139594797900294,-0.29597501545670585,-0.6058714264111279,2,0.3
10.210121257071936,-0.29596700498190875,-0.6100860670887548,2,0.3
10.281138266560667,-0.2959666056915999,-0.6143308740455858,2,0.3
10.352649238413779,-0.2959670510627994,-0.6186053269855525,2,0.3
10.424657608411218,-0.29595479641769895,-0.6229081380270177,2,0.3
10.497166836230678,-0.29595696651773373,-0.6272425022192988,2,0.3
10.57018040561381,-0.2959600170566254,-0.631607145085516,2,0.3
10.643701824533608,-0.29595040370713865,-0.6360007519128088,2,0.3
10.71773462536294,-0.295962030342561,-0.6404273547627665,2,0.3
10.792282365044281,-0.29596779640793514,-0.6448841186183446,2,0.3
10.867348625260592,-0.29596093625994124,-0.6493704657533893,2,0.3
10.942937012607405,-0.29596179785623616,-0.653888941471115,2,0.3
11.019051158766118,-0.2959568375822318,-0.6584382012857067,2,0.3
11.095694720678463,-0.29595284711324993,-0.6630192489670225,2,0.3
11.172871380722214,-0.29594306147523486,-0.6676315071631261,2,0.3
11.250584846888108,-0.295947829779555,-0.672277609564252,2,0.3
11.328838852958,-0.2959536090041974,-0.6769561909834262,2,0.3
11.407637158684253,-0.2959400775633633,-0.681665023935018,2,0.3
11.486983549970367,-0.2959343637932128,-0.6864075885382532,2,0.3
11.566881839052892,-0.29595003947616266,-0.6911857964154333,2,0.3
11.647335864684578,-0.29594644768174416,-0.695994916103925,2,0.3
11.728349492318808,-0.2959439390261956,-0.7008376590141249,2,0.3
11.809926614295325,-0.29593574988168647,-0.705713415545167,2,0.3
11.892071150027233,-0.29592867416580004,-0.7106232622151009,2,0.3
11.97478704618931,-0.2959362849069326,-0.7155691607336248,2,0.3
12.05807827690763,-0.2959450403942014,-0.7205496588715546,2,0.3
12.141948843950495,-0.2959413989248322,-0.7255632585532065,2,0.3
12.226402776920713,-0.2959321553045035,-0.7306110489297076,2,0.3
12.31144413344919,-0.2959308835787845,-0.7356950289714831,2,0.3
12.397076999389895,-0.2959308215233223,-0.7408145777608065,2,0.3
12.48330548901615,-0.29593198596438397,-0.7459699481505588,2,0.3
12.570133745218314,-0.2959208359844166,-0.7511595895965246,2,0.3
12.657565939702833,-0.29593128379221045,-0.7563882656481787,2,0.3
12.745606273192656,-0.29592267288692287,-0.7616508000579995,2,0.3
12.834258975629076,-0.2959153580053685,-0.7669501609475234,2,0.3
12.923528306374958,-0.29591613630864133,-0.7722875384695521,2,0.3
13.013418554419374,-0.2959182470083398,-0.7776622816297492,2,0.3
13.10393403858367,-0.29591492942853764,-0.7830737156938311,2,0.3
13.195079107728983,-0.2959062022383172,-0.7885220892452103,2,0.3
13.286858140965156,-0.2959124222144658,-0.7940105148402149,2,0.3
13.379275547861162,-0.2959064916114783,-0.7995354613990688,2,0.3
13.472335768656947,-0.29590198848787136,-0.8050990979147749,2,0.3
13.566043274476765,-0.2958989326886754,-0.810701700456318,2,0.3
13.660402567544,-0.29589734433300213,-0.816343547168388,2,0.3
13.755418181397484,-0.29589046433374283,-0.8220239305841557,2,0.3
13.851094681109295,-0.2958986518214856,-0.8277460961680231,2,0.3
13.947436663504105,-0.2958880301815149,-0.8335053623177553,2,0.3
14.044448757380025,-0.2958925183296497,-0.8393069953777984,2,0.3
14.142135623731003,-0.295891799116595,-0.8451482795455854,2,0.3
14.240501955970773,-0.29588589426226675,-0.8510294846252694,2,0.3
14.33955248015833,-0.2958816055191826,-0.8569519119509218,2,0.3
14.439291955225018,-0.2958721755537238,-0.8629148198538158,2,0.3
14.539725173203164,-0.2958847463229706,-0.868922660006388,2,0.3
14.640856959456315,-0.29587188218049826,-0.8749684384870592,2,0.3
14.742692172911074,-0.29588784533887236,-0.8810608381856636,2,0.3
14.845235706290554,-0.2958716403852677,-0.8871906581371924,2,0.3
14.94849248634945,-0.2958707507479786,-0.8933656072165201,2,0.3
15.05246747411074,-0.2958648609056496,-0.8995827962503683,2,0.3
15.15716566510405,-0.2958607755432884,-0.9058436020426271,2,0.3
15.26259208960566,-0.2958652998855991,-0.9121494337212686,2,0.3
15.368751812880195,-0.295851338613369,-0.9184962159437079,2,0.3
15.475649935423972,-0.295859598644173,-0.9248908647640243,2,0.3
15.58329159321007,-0.29585620493645315,-0.9313281756100181,2,0.3
15.69168195793509,-0.29585474439659065,-0.9378106782624096,2,0.3
15.800826237267621,-0.29584846343132576,-0.9443375635876448,2,0.3
15.910729675098453,-0.2958509500449027,-0.9509114204702951,2,0.3
16.02139755179252,-0.2958486709069653,-0.9575303023563075,2,0.3
16.13283518444261,-0.29584165381077554,-0.9641945181857654,2,0.3
16.245047927124794,-0.29582992692320226,-0.9709043791398715,2,0.3
16.358041171155712,-0.2958338609436493,-0.9776637219859339,2,0.3
16.471820345351553,-0.295833143036915,-0.9844693881051841,2,0.3
16.586390916288924,-0.2958210217320311,-0.9913205052214286,2,0.3
16.70175838856748,-0.295824650165808,-0.9982221657614954,2,0.3
16.817928305074386,-0.29582371619610076,-1.005171145483203,2,0.3
16.93490624725064,-0.29581825041095533,-1.01216777032407,2,0.3
17.052697835359233,-0.29580828381049423,-1.019212368613229,2,0.3
17.17130872875518,-0.2958141912432136,-1.0263089694245815,2,0.3
17.290744626157405,-0.29580209912960886,-1.0334517763288413,2,0.3
17.411011265922586,-0.29581272698976047,-1.0406485735544504,2,0.3
17.53211442632081,-0.2957986390265706,-1.0478909930630582,2,0.3
17.654059925813208,-0.29579377483140484,-1.0551856346673125,2,0.3
17.776853623331515,-0.29580494992687756,-1.0625341709348628,2,0.3
17.900501418559564,-0.2957847282911259,-1.0699280326057083,2,0.3
18.02500925221672,-0.2957806149156928,-1.0773765201200654,2,0.3
18.150383106343334,-0.29577230044916347,-1.084876156856507,2,0.3
18.27662900458813,-0.2957801656996815,-1.0924312335923823,2,0.3
18.403753012497624,-0.2957703382008071,-1.1000355838295954,2,0.3
18.53176123780754,-0.29576998164034646,-1.1076948344024833,2,0.3
18.660659830736275,-0.29577235150564996,-1.1154080640421637,2,0.3
18.790454984280366,-0.29576392145646296,-1.1231729688623058,2,0.3
18.921152934512047,-0.295751511425992,-1.130991247943648,2,0.3
19.05275996087888,-0.29575550660791017,-1.1388673759260555,2,0.3
19.18528238650542,-0.2957555999333501,-1.1467976810518792,2,0.3
19.31872657849705,-0.2957518310385202,-1.15478254109876,2,0.3
19.453098948245852,-0.29575102254047614,-1.1628237331208446,2,0.3
19.588405951738682,-0.2957328678196573,-1.170917451450529,2,0.3
19.72465408986733,-0.2957381033384868,-1.179072519411973,2,0.3
19.861849908740865,-0.295732858450361,-1.1872823157098817,2,0.3
20.00000000000015,-0.29573074088879364,-1.1955500748981458,2,0.3
20.13911100113453,-0.2957182281650133,-1.2038733315680086,2,0.3
20.279189595800737,-0.2957292784001769,-1.2122597328454148,2,0.3
20.42024251414402,-0.2957164555025883,-1.2206995418604523,2,0.3
20.56227653312149,-0.2957137191371619,-1.229200452508997,2,0.3
20.70529847682771,-0.2957143320160164,-1.2377614485648216,2,0.3
20.849315216822593,-0.29569799046099476,-1.246378483542922,2,0.3
20.994333672461515,-0.29569187422799564,-1.2550579380924096,2,0.3
21.14036081122778,-0.2956960311717077,-1.2638002932777415,2,0.3
21.28740364906737,-0.2956833753322289,-1.272599922713043,2,0.3
21.43546925072604,-0.2956810895624618,-1.281463342474492,2,0.3
21.584564730088722,-0.29567565606585483,-1.2903879469011925,2,0.3
21.734697250521346,-0.2956671247544605,-1.2993741684260178,2,0.3
21.885874025214974,-0.2956555462154082,-1.3084224428923972,2,0.3
22.038102317532406,-0.2956613241234167,-1.3175379546894157,2,0.3
22.191389441357092,-0.2956573744577528,-1.326714874718639,2,0.3
22.345742761444598,-0.2956505339361046,-1.3359552205197467,2,0.3
22.501169693776383,-0.2956408559607634,-1.345259442399392,2,0.3
22.657677705916175,-0.2956351792223489,-1.3546296203537052,2,0.3
22.815274317368676,-0.2956267742446051,-1.3640646084078127,2,0.3
22.973967099940907,-0.2956292662176501,-1.3735681655136611,2,0.3
23.13376367810596,-0.295622357485521,-1.3831358449028661,2,0.3
23.29467172936933,-0.29561967487494656,-1.392771424831696,2,0.3
23.456698984637793,-0.2956009212325627,-1.4024703630393505,2,0.3
23.619853228590827,-0.29560008083508515,-1.4122415415410978,2,0.3
23.784142300054643,-0.29559007272522253,-1.4220787194647584,2,0.3
23.949574092378796,-0.29559809885874766,-1.431989220886881,2,0.3
24.11615655381544,-0.2955835076958694,-1.441963258487851,2,0.3
24.28389768790117,-0.29557350306674546,-1.4520081880016669,2,0.3
24.452805553841607,-0.2955681481385206,-1.4621245425287952,2,0.3
24.622888266898567,-0.29555393488843607,-1.4723093260095432,2,0.3
24.794153998779972,-0.29556485817826306,-1.4825719028746207,2,0.3
24.966610978032485,-0.2955602672561849,-1.492902181854137,2,0.3
25.140267490436816,-0.29554701399950717,-1.5033024069743997,2,0.3
25.315131879405854,-0.295525165119502,-1.5137730591376846,2,0.3
25.4912125463855,-0.2955219350628828,-1.5243219392925111,2,0.3
25.668517951258348,-0.29551024667577164,-1.5349423213400435,2,0.3
25.847056612750112,-0.29551053040911957,-1.545640262402003,2,0.3
26.026837108838944,-0.29550928369444524,-1.5564126409557295,2,0.3
26.20786807716754,-0.29549979106026913,-1.567258117760922,2,0.3
26.390158215458165,-0.29550248711432076,-1.5781828796130417,2,0.3
26.573716281930512,-0.29547672102610634,-1.5891761160802182,2,0.3
26.758551095722524,-0.2954768675869785,-1.6002535819705612,2,0.3
26.944671537314093,-0.29546906492353986,-1.611406330522193,2,0.3
27.13208654895373,-0.2954669654372551,-1.622638779351093,2,0.3
27.320805135088207,-0.29545707098018376,-1.6339476182941726,2,0.3
27.510836362795175,-0.29544624828113464,-1.6453353547376404,2,0.3
27.7021893622188,-0.29544136577655,-1.656804555241747,2,0.3
27.89487332700842,-0.2954221388043927,-1.6683498420737872,2,0.3
28.088897514760255,-0.2954090150420089,-1.6799777665337896,2,0.3
28.284271247462218,-0.2954020781600449,-1.6916889647330255,2,0.3
28.48100391194176,-0.29539462371044584,-1.7034820354838847,2,0.3
28.679104960316874,-0.29539352650063117,-1.715359641207562,2,0.3
28.878583910450253,-0.2953852944316985,-1.727318292217047,2,0.3
29.079450346406546,-0.29537001466254414,-1.7393585615864404,2,0.3
29.28171391891285,-0.29536135541819614,-1.7514852279266016,2,0.3
29.485384345822368,-0.2953594073073868,-1.7636989614874294,2,0.3
29.690471412581335,-0.29534389116046117,-1.7759940499555353,2,0.3
29.896984972699123,-0.29533526987804143,-1.7883774761253481,2,0.3
30.104934948221704,-0.2953268470246424,-1.8008477688597,2,0.3
30.314331330208326,-0.2953119266347177,-1.813403403513503,2,0.3
30.52518417921155,-0.29530418656947727,-1.8260493688134014,2,0.3
30.73750362576062,-0.29529014227798006,-1.8387819624003745,2,0.3
30.951299870848175,-0.29527668346993385,-1.8516040254831194,2,0.3
31.16658318642038,-0.2952707019947931,-1.8645184662794705,2,0.3
31.38336391587042,-0.29526550795870327,-1.8775237598571541,2,0.3
31.60165247453548,-0.2952476198082403,-1.890616059483609,2,0.3
31.82145935019715,-0.2952511023250955,-1.9038073727079057,2,0.3
32.04279510358529,-0.2952285147539854,-1.91708245526648,2,0.3
32.26567036888546,-0.2952275111657132,-1.9304580171365742,2,0.3
32.49009585424984,-0.2952142366258772,-1.943923264381737,2,0.3
32.716082342311665,-0.29520238610817434,-1.9574835099185628,2,0.3
32.94364069070335,-0.29518527729797145,-1.9711371156564372,2,0.3
33.172781832578096,-0.2951766096897854,-1.9848895203772132,2,0.3
33.40351677713521,-0.2951697041573132,-1.9987391158953725,2,0.3
33.63585661014903,-0.29515108788378364,-2.012681823652677,2,0.3
33.86981249450153,-0.29514126006556685,-2.0267255800520556,2,0.3
34.10539567071872,-0.29514034017100654,-2.040871193723906,2,0.3
34.34261745751061,-0.29512126928085924,-2.0551096328397342,2,0.3
34.58148925231507,-0.295104552718738,-2.069448954699083,2,0.3
34.822022531845434,-0.29508351842509717,-2.0838874427044036,2,0.3
35.064228852641875,-0.29508547383305667,-2.0984358867437383,2,0.3
35.30811985162668,-0.2950629756979185,-2.1130775206968333,2,0.3
35.55370724666329,-0.2950501307818999,-2.1278256803070583,2,0.3
35.80100283711939,-0.29504706995759683,-2.1426812281478407,2,0.3
36.05001850443371,-0.2950267383049578,-2.157634699370346,2,0.3
36.30076621268694,-0.2950232525764291,-2.172699768668094,2,0.3
36.55325800917653,-0.2950027624549739,-2.1878642777618866,2,0.3
36.80750602499552,-0.2949925932700952,-2.2031394578300407,2,0.3
37.06352247561536,-0.2949724905416059,-2.218518244042759,2,0.3
37.32131966147283,-0.2949629880501678,-2.234009408440254,2,0.3
37.58090996856101,-0.2949438331495959,-2.249605792780494,2,0.3
37.84230586902438,-0.29492196717229396,-2.2653108720847444,2,0.3
38.105519921758045,-0.2949043345375531,-2.281128203721212,2,0.3
38.37056477301113,-0.29490468239221623,-2.2970641783785832,2,0.3
38.63745315699439,-0.29488916301531976,-2.3131059676209995,2,0.3
38.906197896491996,-0.2948715258018367,-2.329259884946446,2,0.3
39.176811903477656,-0.2948519235452499,-2.3455267909285817,2,0.3
39.449308179734956,-0.29484411279814376,-2.3619132077448057,2,0.3
39.72369981748203,-0.2948210473956996,-2.378408746295222,2,0.3
40.000000000000604,-0.2948100903744024,-2.395025638946138,2,0.3
40.27822200226936,-0.2947909988215824,-2.4117562434559288,2,0.3
40.55837919160177,-0.2947707368267241,-2.428604310951882,2,0.3
40.840485028288356,-0.2947630746164185,-2.4455766070238507,2,0.3
41.124553066243294,-0.2947409693780621,-2.462662393023801,2,0.3
41.410596953655734,-0.2947249982269678,-2.47987137939676,2,0.3
41.6986304336455,-0.2947085298555532,-2.4972015834877928,2,0.3
41.98866734492334,-0.29469173777888624,-2.514653958038339,2,0.3
42.28072162245588,-0.2946747977156753,-2.5322294656522875,2,0.3
42.57480729813507,-0.29465108270497264,-2.549926029723487,2,0.3
42.8709385014524,-0.29463438237132017,-2.5677507103453583,2,0.3
43.16912946017777,-0.29461807467806445,-2.5857014722886213,2,0.3
43.46939450104301,-0.2946023444134681,-2.6037793190329435,2,0.3
43.771748050430276,-0.29457376564620746,-2.621978995798819,2,0.3
44.07620463506514,-0.2945665600715575,-2.6403171778480425,2,0.3
44.38277888271451,-0.2945468864916076,-2.6587792067998115,2,0.3
44.69148552288952,-0.29452174442086354,-2.6773691979406506,2,0.3
45.00233938755311,-0.29450494571709535,-2.6960945864124453,2,0.3
45.315355411832684,-0.29448988217562067,-2.714953263194486,2,0.3
45.63054863473769,-0.29445632808279226,-2.733936508714265,2,0.3
45.947934199882155,-0.2944317218406022,-2.7530583689088917,2,0.3
46.26752735621227,-0.29442308156031133,-2.7723233265378098,2,0.3
46.58934345873901,-0.29440337726119686,-2.7917192946176654,2,0.3
46.913397969275934,-0.2943864399810726,-2.811253978957101,2,0.3
47.23970645718201,-0.2943588613055923,-2.83092175716395,2,0.3
47.56828460010965,-0.2943344793723789,-2.850730450261977,2,0.3
47.89914818475796,-0.29430670155414174,-2.8706777944403674,2,0.3
48.232313107631235,-0.2942893747859363,-2.8907717989257318,2,0.3
48.5677953758027,-0.2942827258378815,-2.91101372487882,2,0.3
48.90561110768358,-0.29425972846478915,-2.931390850172938,2,0.3
49.2457765337975,-0.2942274233490726,-2.9519076984928416,2,0.3
49.58830799756032,-0.2942064860224618,-2.9725759972970245,2,0.3
49.933221956065346,-0.29418352347887233,-2.9933899180057852,2,0.3
50.280534980874016,-0.29416558958649636,-3.014354240960412,2,0.3
50.630263758812085,-0.2941392933631614,-3.0354629936410027,2,0.3
50.982425092771386,-0.2940980594964633,-3.05671366496737,2,0.3
51.33703590251707,-0.29408303777164224,-3.07812935969684,2,0.3
51.69411322550061,-0.29406721108867073,-3.099696829394928,2,0.3
52.05367421767828,-0.2940440130478412,-3.121413604319228,2,0.3
52.41573615433548,-0.29401369743607914,-3.1432808748631436,2,0.3
52.78031643091672,-0.29399698141018904,-3.1653111678069634,2,0.3
53.14743256386143,-0.29395320590023655,-3.187483133195425,2,0.3
53.517102191445446,-0.29393719912442506,-3.209828380499342,2,0.3
53.8893430746286,-0.29391512659124436,-3.232329286786827,2,0.3
54.264173097907864,-0.29388725757816797,-3.254987115004185,2,0.3
54.64161027017682,-0.29386068776195107,-3.277807048883205,2,0.3
55.02167272559077,-0.29383569471951415,-3.3007904616262596,2,0.3
55.40437872443802,-0.2938057347482852,-3.3239347825059165,2,0.3
55.78974665401725,-0.29377791522593444,-3.347245322973652,2,0.3
56.17779502952094,-0.2937456977179354,-3.370719490174198,2,0.3
56.56854249492486,-0.2937230241912444,-3.3943667251695575,2,0.3
56.962007823883944,-0.29368970907454656,-3.4181763560454863,2,0.3
57.358209920634174,-0.29367335779224946,-3.442166081768502,2,0.3
57.75716782090094,-0.2936401321561321,-3.4663169290437383,2,0.3
58.158900692813525,-0.2936039891329928,-3.490638461610885,2,0.3
58.56342783782614,-0.29357889494511735,-3.51514048674941,2,0.3
58.97076869164518,-0.2935515015756142,-3.53981621008985,2,0.3
59.38094282516311,-0.2935289536494591,-3.5646713493306277,2,0.3
59.79396994539869,-0.29349790507768614,-3.589698945449147,2,0.3
60.209869896443855,-0.29347234009623435,-3.614909023142829,2,0.3
60.628662660417106,-0.2934252487185145,-3.64028588474214,2,0.3
61.05036835842356,-0.29341162967219636,-3.66586568586966,2,0.3
61.4750072515217,-0.29337030543748277,-3.691610941977209,2,0.3
61.90259974169682,-0.2933426196947766,-3.7175493967136997,2,0.3
62.33316637284123,-0.2933084040437449,-3.7436694908916706,2,0.3
62.766727831741306,-0.29327483636858104,-3.769977241590297,2,0.3
63.20330494907143,-0.29324226272435977,-3.7964742971024483,2,0.3
63.642918700394766,-0.2932110329952043,-3.8231623263173984,2,0.3
64.08559020717105,-0.2931883416627799,-3.85004759209519,2,0.3
64.5313407377714,-0.2931540241387721,-3.8771180862876715,2,0.3
64.98019170850016,-0.2931084365667912,-3.9043753525313827,2,0.3
65.43216468462381,-0.2930861562057684,-3.9318442930988518,2,0.3
65.8872813814072,-0.29305333883061885,-3.959503471583253,2,0.3
66.34556366515669,-0.29301719759565925,-3.9873592259472175,2,0.3
66.80703355427093,-0.29297810706253313,-4.015413279704863,2,0.3
67.27171322029855,-0.29295698757211786,-4.043681769935387,2,0.3
67.73962498900357,-0.2929131410532831,-4.072137779772911,2,0.3
68.21079134143795,-0.2928811914627851,-4.100807119561786,2,0.3
68.68523491502174,-0.2928409847520269,-4.129677113024314,2,0.3
69.16297850463066,-0.2928134665239797,-4.158764287625082,2,0.3
69.6440450636914,-0.2927716326168097,-4.188050851701587,2,0.3
70.12845770528428,-0.2927364399630097,-4.217553481049798,2,0.3
70.61623970325388,-0.29270829896884293,-4.247274187705665,2,0.3
71.10741449332713,-0.2926739132555721,-4.277204876978144,2,0.3
71.60200567423932,-0.29263369522018023,-4.30734740556806,2,0.3
72.10003700886796,-0.2925880613952923,-4.33770365431435,2,0.3
72.60153242537443,-0.2925717268608422,-4.368301384110176,2,0.3
73.10651601835362,-0.29252339353443635,-4.399096197439102,2,0.3
73.61501204999159,-0.29248464388326134,-4.430121078520213,2,0.3
74.12704495123128,-0.29244905600273363,-4.461372946326756,2,0.3
74.64263932294622,-0.29241020764904746,-4.492848604461323,2,0.3
75.16181993712259,-0.2923822703846267,-4.524560789855512,2,0.3
75.68461173804933,-0.2923382339635776,-4.556490238078422,2,0.3
76.21103984351666,-0.29230601057241895,-4.588660514576561,2,0.3
76.74112954602285,-0.29226545727065023,-4.621057578076717,2,0.3
77.27490631398935,-0.29222389938914706,-4.653688962317987,2,0.3
77.81239579298456,-0.292181800629921,-4.686556842758601,2,0.3
78.3536238069559,-0.2921602461969841,-4.719680142810374,2,0.3
78.8986163594705,-0.29211160457794755,-4.753022160909221,2,0.3
79.44739963496465,-0.2920775869266678,-4.786618599262959,2,0.3
80.00000000000179,-0.2920380533828222,-4.820454918303512,2,0.3
80.55644400453932,-0.2919934855169515,-4.8545333265950985,2,0.3
81.11675838320417,-0.2919581276682421,-4.8888675931433765,2,0.3
81.68097005657731,-0.2919255979564503,-4.923454416654235,2,0.3
82.24910613248719,-0.2918826311958235,-4.95828452702577,2,0.3
82.8211939073121,-0.29185037273040904,-4.99337778826364,2,0.3
83.39726086729164,-0.2918017946360947,-5.028713106320243,2,0.3
83.97733468984731,-0.29175805534384414,-5.06431052731104,2,0.3
84.56144324491237,-0.2917403357351063,-5.10019061272982,2,0.3
85.14961459627077,-0.2916940537999025,-5.136307946261663,2,0.3
85.74187700290544,-0.291647276551527,-5.172688876684664,2,0.3
86.33825892035618,-0.2916143147465847,-5.2093481851293895,2,0.3
86.93878900208668,-0.29158191875258377,-5.2462763410465705,2,0.3
87.54349610086122,-0.2915506225533852,-5.283475939375699,2,0.3
88.15240927013093,-0.2915002713889866,-5.320930849259963,2,0.3
88.7655577654297,-0.291465889689739,-5.3586748336663,2,0.3
89.38297104577971,-0.29142733121393055,-5.396691830978522,2,0.3
90.00467877510688,-0.2913782391999124,-5.43497806673214,2,0.3
90.63071082366605,-0.291353681484819,-5.473568177076553,2,0.3
91.26109726947607,-0.2913127956048204,-5.512426550997171,2,0.3
91.895868399765,-0.2912768539401832,-5.55157517763264,2,0.3
92.53505471242522,-0.2912464246817238,-5.59101693944934,2,0.3
93.17868691747873,-0.2912082566338776,-5.630741556572107,2,0.3
93.82679593855258,-0.29117674261198245,-5.670765011056107,2,0.3
94.47941291436473,-0.2911386321656349,-5.711076920534313,2,0.3
95.13656920022001,-0.29110141618577634,-5.751686786147619,2,0.3
95.79829636951663,-0.29107951671113663,-5.792611108184858,2,0.3
96.4646262152632,-0.291032003948341,-5.833812181913045,2,0.3
97.13559075160614,-0.29101483270993,-5.875347452539117,2,0.3
97.81122221536789,-0.2909732181952217,-5.917165182925031,2,0.3
98.49155306759573,-0.2909423724589181,-5.959302739316948,2,0.3
99.17661599512138,-0.29090904498417675,-6.0017493749897355,2,0.3
99.86644391213144,-0.2908738358261979,-6.044508127173334,2,0.3
100.56106996174877,-0.2908442825778256,-6.087589179764032,2,0.3
101.26052751762494,-0.29082793510034477,-6.131002948063669,2,0.3
101.96485018554354,-0.2908046025118798,-6.174731271362328,2,0.3
102.67407180503491,-0.2907610114598793,-6.218762704084801,2,0.3
103.388226451002,-0.29073941624578004,-6.26314384904497,2,0.3
104.10734843535732,-0.2907057328077808,-6.307841684815757,2,0.3
104.83147230867174,-0.2906814139917555,-6.3528814363989525,2,0.3
105.56063286183424,-0.2906670943967262,-6.398266619991112,2,0.3
106.29486512772365,-0.29064950754534274,-6.44398580152216,2,0.3
107.03420438289172,-0.2906223255102834,-6.490034738348828,2,0.3
107.778686149258,-0.2905861704561218,-6.536416625970622,2,0.3
108.52834619581655,-0.29058342486786787,-6.583180595324908,2,0.3
109.28322054035448,-0.2905521022363072,-6.630261541175554,2,0.3
110.04334545118235,-0.2905485275015757,-6.677724337975914,2,0.3
110.80875744887686,-0.2905246008266542,-6.72551849993987,2,0.3
111.57949330803534,-0.29050882133331796,-6.773678545694867,2,0.3
112.35559005904271,-0.290494869534715,-6.822200330626565,2,0.3
113.13708498985058,-0.2904903682894818,-6.871095466860607,2,0.3
113.92401564776874,-0.290482019406964,-6.9203517820252625,2,0.3
114.71641984126921,-0.29047744735856057,-6.9699809249880005,2,0.3
115.51433564180275,-0.2904703223295083,-7.019978561014319,2,0.3
116.31780138562794,-0.29045430497618163,-7.070340184766399,2,0.3
117.12685567565316,-0.2904649826040218,-7.121110491804767,2,0.3
117.94153738329126,-0.29045409394570887,-7.172235907891022,2,0.3
118.76188565032712,-0.29047123167793687,-7.223778113197413,2,0.3
119.58793989079828,-0.2904680962571353,-7.275682858936083,2,0.3
120.41973979288862,-0.290473320350528,-7.327987336787525,2,0.3
121.25732532083512,-0.29048756836843154,-7.380695650226437,2,0.3
122.10073671684803,-0.2904974904896141,-7.433794825858426,2,0.3
122.95001450304433,-0.2905037341331643,-7.487288721167548,2,0.3
123.80519948339456,-0.2905209752701514,-7.541198587435277,2,0.3
124.66633274568338,-0.2905428641659525,-7.595519979311473,2,0.3
125.53345566348355,-0.29056303841890974,-7.650248268197067,2,0.3
126.40660989814381,-0.29058214642217645,-7.705387487148592,2,0.3
127.28583740079048,-0.29061489127224405,-7.760959525438298,2,0.3
128.17118041434307,-0.2906478796620364,-7.816950924100886,2,0.3
129.0626814755438,-0.29068175913767585,-7.873365847922644,2,0.3
129.9603834170013,-0.2907101385861347,-7.930199421513884,2,0.3
130.86432936924862,-0.2907547779018595,-7.987483145931025,2,0.3
131.77456276281538,-0.29080225336672877,-8.0452032681275,2,0.3
132.69112733031437,-0.2908532089053337,-8.10336412603116,2,0.3
133.61406710854286,-0.29089418178231646,-8.161951452508783,2,0.3
134.5434264405981,-0.29095401600175846,-8.22100684433548,2,0.3
135.47924997800817,-0.29101219274574924,-8.280506794315256,2,0.3
136.42158268287693,-0.29106933767958665,-8.34045562502071,2,0.3
137.3704698300445,-0.2911614147419696,-8.400905548427925,2,0.3
138.32595700926237,-0.2912183832287108,-8.46176557899436,2,0.3
139.28809012738384,-0.2913044866541084,-8.523126477105256,2,0.3
140.25691541056963,-0.29137790730259855,-8.584934930834619,2,0.3
141.23247940650882,-0.2914746547725251,-8.647244189300917,2,0.3
142.2148289866553,-0.2915599320123934,-8.71000995826817,2,0.3
143.20401134847972,-0.29166269056034333,-8.773276249078117,2,0.3
144.200074017737,-0.2917622655628681,-8.837018040674806,2,0.3
145.20306485074994,-0.2918734445939617,-8.901259967861456,2,0.3
146.2130320367083,-0.29199683384823283,-8.966006932928785,2,0.3
147.2300240999843,-0.29211881396616857,-9.031243457131474,2,0.3
148.25408990246365,-0.2922399550862089,-9.096974121727504,2,0.3
149.28527864589356,-0.29236794185249304,-9.163213880961198,2,0.3
150.32363987424628,-0.29251759668211796,-9.229988394094093,2,0.3
151.3692234760998,-0.29267525714075304,-9.29728198920202,2,0.3
152.42207968703445,-0.292820083079371,-9.365067950440823,2,0.3
153.48225909204683,-0.2929811431121561,-9.43339304776998,2,0.3
154.54981262797986,-0.2931590016488554,-9.502262452069328,2,0.3
155.6247915859703,-0.29333276988547013,-9.571649128090082,2,0.3
156.70724761391295,-0.2935029539778453,-9.641557689799843,2,0.3
157.79723271894218,-0.2937130079622379,-9.712058073737808,2,0.3
158.8947992699305,-0.2939133645694318,-9.783079517466673,2,0.3
160.0000000000048,-0.29412600041684767,-9.854659563707152,2,0.3
161.11288800907985,-0.2943514219305788,-9.926803335557935,2,0.3
162.23351676640956,-0.29457576629612814,-9.999493652843386,2,0.3
163.36194011315587,-0.2948066765568353,-10.072746490729983,2,0.3
164.49821226497562,-0.29505900024653375,-10.146589428589788,2,0.3
165.6423878146254,-0.2953188314767837,-10.221005129410322,2,0.3
166.79452173458452,-0.29558661590064544,-10.29599859625418,2,0.3
167.9546693796959,-0.29586999809457437,-10.371586365113998,2,0.3
169.12288648982604,-0.2961622064914848,-10.447762088862076,2,0.3
170.29922919254284,-0.29646365634460803,-10.524530806305595,2,0.3
171.4837540058122,-0.29677475211401416,-10.60189756459794,2,0.3
172.6765178407137,-0.2971103528109257,-10.679891040856694,2,0.3
173.87757800417467,-0.29744916054919657,-10.758481080287137,2,0.3
175.08699220172375,-0.29779877259076026,-10.837684483891262,2,0.3
176.30481854026317,-0.29816679915060657,-10.91751834982871,2,0.3
177.53111553086072,-0.29854634777703565,-10.997975857029015,2,0.3
178.7659420915608,-0.29894501704463483,-11.079074251299692,2,0.3
180.00935755021513,-0.29933406309556365,-11.160769777862987,2,0.3
181.26142164733346,-0.2997719570329753,-11.24316548884466,2,0.3
182.52219453895353,-0.300193532449176,-11.326155861889601,2,0.3
183.7917367995314,-0.30065732073694623,-11.409844916879766,2,0.3
185.07010942485184,-0.301127179243807,-11.494175767217772,2,0.3
186.35737383495882,-0.3016106454295869,-11.579165827794753,2,0.3
187.65359187710658,-0.30211527008319194,-11.664832803364915,2,0.3
188.95882582873088,-0.3026266582275473,-11.751156297744071,2,0.3
190.27313840044144,-0.30316697773377027,-11.838179645605642,2,0.3
191.59659273903472,-0.30372913076160457,-11.925895280358981,2,0.3
192.92925243052787,-0.3042986325557964,-12.014282263938561,2,0.3
194.27118150321374,-0.3048976707276445,-12.103384554638863,2,0.3
195.62244443073726,-0.3055043635266174,-12.193167882899594,2,0.3
196.98310613519297,-0.30614091162069706,-12.28367661383136,2,0.3
198.35323199024427,-0.3067927270266692,-12.374889279340165,2,0.3
199.73288782426437,-0.30747466633859416,-12.466837453997917,2,0.3
201.12213992349908,-0.30817207626294524,-12.55949926749666,2,0.3
202.5210550352514,-0.3088924136741715,-12.652892935084987,2,0.3
203.9297003710886,-0.3096357447416196,-12.747023273020353,2,0.3
205.3481436100714,-0.3104095320598433,-12.841908800491689,2,0.3
206.77645290200556,-0.3112064087616039,-12.9375406362515,2,0.3
208.21469687071618,-0.31201895578310135,-13.033909515051844,2,0.3
209.66294461734503,-0.3128471406187422,-13.131019782028469,2,0.3
211.12126572367004,-0.3137207071952206,-13.228932048590048,2,0.3
212.5897302554489,-0.31462477544355905,-13.327623186906633,2,0.3
214.06840876578502,-0.3155369083851836,-13.427055089996935,2,0.3
215.5573722985176,-0.3164943494956114,-13.527303235879206,2,0.3
217.05669239163473,-0.317482108608539,-13.628343783351367,2,0.3
218.5664410807106,-0.3184851022762033,-13.730152144533166,2,0.3
220.08669090236637,-0.31953317792756286,-13.832790477800621,2,0.3
221.6175148977554,-0.32060371753178935,-13.936219526119055,2,0.3
223.15898661607235,-0.32171158662925253,-14.040472693256302,2,0.3
224.71118011808713,-0.32284910771163133,-14.145539455025638,2,0.3
226.27416997970286,-0.324008543575888,-14.251408851923676,2,0.3
227.8480312955392,-0.32521986553081145,-14.358144520118532,2,0.3
229.43283968254013,-0.3264678024906064,-14.46572080067991,2,0.3
231.02867128360725,-0.3277369816383703,-14.574111246115693,2,0.3
232.63560277125762,-0.329049851136684,-14.68336493347246,2,0.3
234.25371135130806,-0.3304137734076678,-14.793501155757415,2,0.3
235.88307476658426,-0.33179049517777726,-14.9044468163939,2,0.3
237.523771300656,-0.33321769988145145,-15.016282200466145,2,0.3
239.17587978159838,-0.3346951262575274,-15.129011149955453,2,0.3
240.83947958577906,-0.33620721443764706,-15.242605988604682,2,0.3
242.51465064167206,-0.33776889821371714,-15.357101347272058,2,0.3
244.2014734336979,-0.33937219467064406,-15.472484807746282,2,0.3
245.9000290060905,-0.34103207657466694,-15.588791337410871,2,0.3
247.61039896679097,-0.3427097907179286,-15.705944149322702,2,0.3
249.33266549136863,-0.3444433022357214,-15.824025882801909,2,0.3
251.06691132696898,-0.346224536289245,-15.943023460610933,2,0.3
252.81321979628953,-0.34806079351814034,-16.062955918066198,2,0.3
254.5716748015829,-0.3499516698483709,-16.183826091264482,2,0.3
256.3423608286881,-0.3518889958534452,-16.305620175115557,2,0.3
258.12536295108947,-0.35386453273377705,-16.428323850697637,2,0.3
259.9207668340045,-0.3559088281996683,-16.552005575339166,2,0.3
261.72865873849923,-0.3580136930078095,-16.67665131144174,2,0.3
263.54912552563275,-0.36014747661815977,-16.802195991518616,2,0.3
265.38225466063074,-0.3623642149822259,-16.928759118564052,2,0.3
267.2281342170877,-0.3646244094461534,-17.056258346811724,2,0.3
269.08685288119824,-0.3669431374004759,-17.18472908295656,2,0.3
270.95849995601833,-0.3693434159247713,-17.31422444295522,2,0.3
272.8431653657559,-0.3717776280288518,-17.44464292379979,2,0.3
274.74093966009104,-0.3743081063115128,-17.576123821107068,2,0.3
276.6519140185268,-0.3768792247261541,-17.70854726180125,2,0.3
278.5761802547697,-0.3795298269679016,-17.842001201652028,2,0.3
280.51383082114137,-0.38222773453703174,-17.976416492219055,2,0.3
282.4649588130198,-0.3850198782701994,-18.11189955029477,2,0.3
284.42965797331277,-0.38785811887922383,-18.248345027251027,2,0.3
286.40802269696155,-0.3907815654268355,-18.385842087366544,2,0.3
288.40014803547615,-0.39377374742755406,-18.524355567426433,2,0.3
290.4061297015021,-0.39685803692190613,-18.663939736328143,2,0.3
292.42606407341884,-0.40000991038989014,-18.80454075053104,2,0.3
294.4600481999708,-0.4032126725861143,-18.94612173817814,2,0.3
296.50817980492957,-0.4065138240490096,-19.088791571370585,2,0.3
298.5705572917893,-0.40992094002890433,-19.2325688939012,2,0.3
300.64727974849484,-0.4133770586858667,-19.377324404650704,2,0.3
302.73844695220185,-0.41692992647907934,-19.523167866938227,2,0.3
304.84415937407124,-0.4205547088680357,-19.67004276405629,2,0.3
306.964518184096,-0.42429134679876024,-19.81804145199829,2,0.3
309.09962525596205,-0.4280987064010741,-19.967069230569766,2,0.3
311.24958317194296,-0.432008717784686,-20.117199904458396,2,0.3
313.4144952278283,-0.43600453046095305,-20.26839425300014,2,0.3
315.59446543788675,-0.44008553006464435,-20.42065035135792,2,0.3
317.7895985398634,-0.4443003416298383,-20.574081223156305,2,0.3
320.000000000012,-0.4485663911315177,-20.728493153679604,2,0.3
322.22577601816215,-0.45296526122640546,-20.884076148559235,2,0.3
324.4670335328215,-0.4574305336699435,-21.040673202374315,2,0.3
326.7238802263142,-0.46203595995476987,-21.198456490344476,2,0.3
328.99642452995374,-0.46673147290728956,-21.357306647525398,2,0.3
331.2847756292533,-0.4715330915515097,-21.517259679931232,2,0.3
333.5890434691715,-0.47643197282340577,-21.678292646047453,2,0.3
335.90933875939425,-0.48147766951508186,-21.84052111103161,2,0.3
338.2457729796546,-0.48659459596160726,-22.00376307541189,2,0.3
340.5984583850881,-0.49186592176565763,-22.168213977784244,2,0.3
342.96750801162693,-0.4972157715092532,-22.33369007177926,2,0.3
345.3530356814299,-0.5027024602566089,-22.500327571401225,2,0.3
347.75515600835195,-0.5083172459656887,-22.668102482434076,2,0.3
350.1739844034501,-0.5140428385088165,-22.836969870057025,2,0.3
352.60963708052907,-0.5199042394796631,-23.006986082947762,2,0.3
355.0622310617241,-0.5258841397469882,-23.178105587877667,2,0.3
357.53188418312425,-0.5319906620565886,-23.350343741323556,2,0.3
360.0187151004329,-0.5382234605544803,-23.523695284524905,2,0.3
362.52284329466966,-0.5446079082537535,-23.698216943256526,2,0.3
365.0443890779098,-0.5511352586259497,-23.873882808449007,2,0.3
367.58347359906554,-0.5577622284808413,-24.05058280492598,2,0.3
370.14021884970646,-0.5645573776670927,-24.228477762432174,2,0.3
372.7147476699204,-0.5714947238554049,-24.40749911492181,2,0.3
375.30718375421594,-0.5785653908222103,-24.587619387297405,2,0.3
377.9176516574646,-0.5857691210515771,-24.768831752165156,2,0.3
380.5462768008857,-0.5931492757294167,-24.951235470317542,2,0.3
383.1931854780723,-0.600653469448711,-25.13469625614181,2,0.3
385.85850486105863,-0.6083252314951954,-25.319313365970093,2,0.3
388.5423630064304,-0.6161558064283434,-25.505058339565263,2,0.3
391.2448888614774,-0.624136357272257,-25.691902182214744,2,0.3
393.96621227038884,-0.6322756352685699,-25.87985860847474,2,0.3
396.7064639804915,-0.6405824916538714,-26.068941358839318,2,0.3
399.4657756485318,-0.6490481154358883,-26.259120693721265,2,0.3
402.24427984700117,-0.6576814227663075,-26.45040999502829,2,0.3
405.04211007050577,-0.6664825041475431,-26.642800783532167,2,0.3
407.85940074218024,-0.6754514601954241,-26.83628433849745,2,0.3
410.69628722014585,-0.684606355351231,-27.030895713713754,2,0.3
413.55290580401413,-0.6939114516096476,-27.226537813489514,2,0.3
416.42939374143555,-0.7034028364794647,-27.423289357778216,2,0.3
419.3258892346932,-0.713080798319375,-27.62114105227762,2,0.3
422.24253144734325,-0.7229274891913228,-27.820038873037994,2,0.3
425.179460510901,-0.732988568764293,-28.02008423401645,2,0.3
428.13681753157323,-0.7431915936427254,-28.22108877286724,2,0.3
431.11474459703845,-0.7536097181653088,-28.42322076902289,2,0.3
434.11338478327275,-0.7642159942464986,-28.626402876986873,2,0.3
437.13288216142445,-0.7750199829103546,-28.83064697098024,2,0.3
440.173381804736,-0.7860129087712958,-29.035919770833644,2,0.3
443.23502979551404,-0.7972136595899347,-29.24225545570499,2,0.3
446.31797323214806,-0.8085856803297684,-29.44955234790405,2,0.3
449.4223602361776,-0.8201943455196942,-29.657957739135526,2,0.3
452.5483399594091,-0.8319844936618448,-29.867324046924704,2,0.3
455.6960625910818,-0.8439751909169286,-30.07768489111963,2,0.3
458.8656793650838,-0.856195107267823,-30.289096930041882,2,0.3
462.0573425672179,-0.8686262013742296,-30.501502636734518,2,0.3
465.2712055425187,-0.8812691026098157,-30.71488983423145,2,0.3
468.5074227026196,-0.8941055285800515,-30.92920019070136,2,0.3
471.76614953317204,-0.907164437959937,-31.144490001672057,2,0.3
475.04754260131557,-0.9204465766815596,-31.360746670940003,2,0.3
478.3517595632003,-0.93395270290053,-31.57795742393795,2,0.3
481.6789591715617,-0.9476835866848321,-31.79610931274639,2,0.3
485.02930128334776,-0.96163041144341,-32.01516605529821,2,0.3
488.40294686739946,-0.975803513098592,-32.23513747430873,2,0.3
491.8000580121847,-0.990213348697863,-32.45603336504694,2,0.3
495.2207979335857,-1.0048704971797502,-32.67786348567402,2,0.3
498.665330982741,-1.0197176944617767,-32.90047455600689,2,0.3
502.1338226539417,-1.0348236008371683,-33.12401554927907,2,0.3
505.62643959258287,-1.0501697815842497,-33.348426007768985,2,0.3
509.14334960316967,-1.0657473805432252,-33.57366848951323,2,0.3
512.68472165738,-1.081576903962838,-33.79977546883571,2,0.3
516.2507259021829,-1.0976396910833597,-34.02668586236908,2,0.3
519.841533668013,-1.1139563784985858,-34.254431974388034,2,0.3
523.4573174770023,-1.1304883919088191,-34.48290553238308,2,0.3
527.0982510512695,-1.1472960711577427,-34.71223238215943,2,0.3
530.7645093212655,-1.1643507641303448,-34.94232745654406,2,0.3
534.4562684341794,-1.1816334742073256,-35.17312888941936,2,0.3
538.1737057624005,-1.199195141432289,-35.404739016391076,2,0.3
541.9169999120409,-1.217006872846753,-35.63707233758761,2,0.3
545.6863307315159,-1.2350595951373864,-35.87009015213114,2,0.3
549.4818793201863,-1.253384564454191,-36.10384766734071,2,0.3
553.3038280370578,-1.2719525528707933,-36.33825902878478,2,0.3
557.1523605095437,-1.2907949987179979,-36.57337931515846,2,0.3
561.027661642287,-1.3098927033142573,-36.809146012455074,2,0.3
564.9299176260438,-1.3292466910204435,-37.0455435509005,2,0.3
568.8593159466297,-1.3488374738030169,-37.28250930272736,2,0.3
572.8160453939274,-1.368727620687301,-37.520168600346246,2,0.3
576.8002960709567,-1.3888875650430734,-37.75843518195078,2,0.3
580.8122594030085,-1.4092873869408762,-37.99722281107343,2,0.3
584.8521281468421,-1.4300005612807944,-38.236680025205,2,0.3
588.920096399946,-1.4509453214354378,-38.47660315533518,2,0.3
593.0163596098636,-1.4721745965323954,-38.71709366117103,2,0.3
597.1411145835832,-1.4936686592980966,-38.95808871019664,2,0.3
601.2945594969942,-1.5154390229693453,-39.19959580204184,2,0.3
605.4768939044083,-1.537476270203273,-39.441575570316054,2,0.3
609.688318748147,-1.559802519059106,-39.68405882170956,2,0.3
613.9290363681965,-1.5823872095502103,-39.92695945474636,2,0.3
618.1992505119288,-1.6052524802891546,-40.170308248687434,2,0.3
622.4991663438906,-1.6284100600945581,-40.41411249631137,2,0.3
626.8289904556613,-1.6518184355714352,-40.658263056870055,2,0.3
631.1889308757782,-1.6755105172414413,-40.90281391091519,2,0.3
635.5791970797316,-1.6994873734985565,-41.1477490921277,2,0.3
640.0000000000289,-1.7237500653016404,-41.39305265073819,2,0.3
644.4515520363291,-1.7482888565801789,-41.6386855250381,2,0.3
648.9340670656479,-1.7730938849798208,-41.884608828131604,2,0.3
653.4477604526332,-1.7981877056423516,-42.13085303874879,2,0.3
657.9928490599125,-1.8235495904114087,-42.377356301373176,2,0.3
662.5695512585116,-1.8491912866519127,-42.62412605773555,2,0.3
667.178086938348,-1.8751246491814908,-42.87116963462778,2,0.3
671.8186775187937,-1.9013616392928085,-43.118494229841296,2,0.3
676.4915459593144,-1.9278373627780012,-43.36594705948735,2,0.3
681.1969167701814,-1.9546184971281546,-43.61364998849918,2,0.3
685.935016023259,-1.9816839861456899,-43.86154189191856,2,0.3
690.7060713628651,-2.0090346920511677,-44.109607479566215,2,0.3
695.5103120167091,-2.0366603541232604,-44.35780891044906,2,0.3
700.3479688069056,-2.0645283047732352,-44.60606351083632,2,0.3
705.2192741610634,-2.092739535882071,-44.85455951725975,2,0.3
710.1244621234536,-2.121194518074342,-45.10307903104892,2,0.3
715.0637683662537,-2.1499498315846255,-45.35171984634372,2,0.3
720.0374302008713,-2.1789388221000743,-45.600333046647584,2,0.3
725.0456865893448,-2.2082633727349608,-45.84910525627411,2,0.3
730.0887781558251,-2.237834093905273,-46.097843560562026,2,0.3
735.1669471981365,-2.267696741597663,-46.3466227878775,2,0.3
740.2804376994185,-2.297840674184284,-46.5954065130665,2,0.3
745.4294953398465,-2.3282323327719174,-46.84411473419963,2,0.3
750.6143675084376,-2.358940613892044,-47.09286563357482,2,0.3
755.8353033149348,-2.3899205617363024,-47.34155739224373,2,0.3
761.0925536017771,-2.421172673403755,-47.590176540209654,2,0.3
766.3863709561504,-2.452662913836784,-47.83864469609188,2,0.3
771.717009722123,-2.4844953018525615,-48.08714378276721,2,0.3
777.0847260128666,-2.516543616826689,-48.335422560930404,2,0.3
782.4897777229608,-2.548877412431103,-48.583597948374255,2,0.3
787.9324245407837,-2.5815204210154064,-48.83169961435707,2,0.3
793.412927960989,-2.614403441682998,-49.07958652851891,2,0.3
798.9315512970695,-2.647573295976228,-49.327331675629125,2,0.3
804.4885596940084,-2.680983659238912,-49.574838052381594,2,0.3
810.0842201410177,-2.7146698159281986,-49.82215724831566,2,0.3
815.7188014843666,-2.7486321103314397,-50.06927719342875,2,0.3
821.392574440298,-2.782870870914615,-50.31618596347143,2,0.3
827.1058116080346,-2.817351010768342,-50.56280960764729,2,0.3
832.8587874828772,-2.8521317224105527,-50.809240500734155,2,0.3
838.6517784693928,-2.8871304824113997,-51.05532286845161,2,0.3
844.4850628946929,-2.922418434818264,-51.3011694591943,2,0.3
850.3589210218082,-2.957972103058891,-51.54672814785903,2,0.3
856.2736350631529,-2.9937797195065268,-51.79196799203462,2,0.3
862.2294891940834,-3.029841354123526,-52.0368787476451,2,0.3
868.226769566552,-3.0661690406803284,-52.28147036460901,2,0.3
874.2657643228554,-3.102738891205439,-52.52569277173461,2,0.3
880.3467636094787,-3.139562887229295,-52.76955635517277,2,0.3
886.4700595910348,-3.1766410440718573,-53.013051536276286,2,0.3
892.635946464303,-3.2139975146801,-53.256208105339454,2,0.3
898.844720472362,-3.251559834426918,-53.49889920688034,2,0.3
905.096679918825,-3.289400431814875,-53.74123336818755,2,0.3
911.3921251821704,-3.3274586764839302,-53.98310466188229,2,0.3
917.7313587301744,-3.3657951594553848,-54.224601135228525,2,0.3
924.1146851344428,-3.4043611825902675,-54.465637356655584,2,0.3
930.5424110850445,-3.443180965506028,-54.70624345074548,2,0.3
937.0148454052463,-3.482217700342532,-54.946354733035186,2,0.3
943.5322990663512,-3.5215201340851827,-55.18603894429167,2,0.3
950.0950852026382,-3.561039081804596,-55.425213509065905,2,0.3
956.7035191264079,-3.6008111426295213,-55.66392710775971,2,0.3
963.3579183431307,-3.6407991923814693,-55.90211713989668,2,0.3
970.0586025667028,-3.6810275919963917,-56.13981369124405,2,0.3
976.8058937348063,-3.721496120711522,-56.377009859923604,2,0.3
983.6001160243768,-3.762179755671074,-56.61366296791645,2,0.3
990.4415958671789,-3.8031153787195926,-56.84982071551307,2,0.3
997.3306619654895,-3.8442654876422844,-57.08542315375021,2,0.3
1004.267645307891,-3.885642155017211,-57.320482373322065,2,0.3
1011.2528791851732,-3.9272200877625263,-57.554957723588124,2,0.3
1018.2866992063468,-3.9690363256127874,-57.78889643318914,2,0.3
1025.3694433147675,-4.01106553930603,-58.02225830274315,2,0.3
1032.5014518043733,-4.053319854576907,-58.25505556497506,2,0.3
1039.6830673360337,-4.095761221496453,-58.48723228554146,2,0.3
1046.9146349540124,-4.1384645845873935,-58.718885643357886,2,0.3
1054.1965021025467,-4.181341530896762,-58.94989286261456,2,0.3
1061.5290186425389,-4.224467171195724,-59.18035025215167,2,0.3
1068.9125368683667,-4.267765385941983,-59.41015400586948,2,0.3
1076.347411524809,-4.311273528493296,-59.63935027861531,2,0.3
1083.8339998240897,-4.355016498945434,-59.8679676180189,2,0.3
1091.37266146304,-4.398943154201633,-60.09593751471611,2,0.3
1098.9637586403808,-4.443065629465384,-60.323273193775016,2,0.3
1106.607656074124,-4.487396131047524,-60.54998748591344,2,0.3
1114.3047210190957,-4.5319341813553775,-60.776077207859714,2,0.3
1122.0553232845823,-4.576653755766485,-61.00150836945585,2,0.3
1129.859835252096,-4.621554260958034,-61.2262788949395,2,0.3
1137.7186318932681,-4.666673522150771,-61.45043243979032,2,0.3
1145.6320907878635,-4.711998275416007,-61.673950899658884,2,0.3
1153.600592141922,-4.757489500089594,-61.89678702584293,2,0.3
1161.6245188060257,-4.803172259750915,-62.11896926608921,2,0.3
1169.704256293693,-4.849033126884295,-62.34048117212774,2,0.3
1177.840192799901,-4.895084389286497,-62.56133597721865,2,0.3
1186.032719219736,-4.941312582889467,-62.781517773753215,2,0.3
1194.2822291671753,-4.9877558760170935,-63.00106818241518,2,0.3
1202.5891189939975,-5.034349102409745,-63.219914710221644,2,0.3
1210.9537878088256,-5.081104514855199,-63.438071380109825,2,0.3
1219.3766374963034,-5.12806037634956,-63.655579320387425,2,0.3
1227.8580727364024,-5.175177208864237,-63.87239624845966,2,0.3
1236.3985010238666,-5.222467361931503,-64.0885356846175,2,0.3
1244.9983326877905,-5.269917209904654,-64.30398399893092,2,0.3
1253.657980911332,-5.317565202273027,-64.51878104544642,2,0.3
1262.377861751566,-5.365332531759944,-64.73284757702213,2,0.3
1271.1583941594727,-5.4132967957293765,-64.94626282149653,2,0.3
1280.0000000000673,-5.461457478178309,-65.15902605007905,2,0.3
1288.9031040726677,-5.509735511312029,-65.37106096924836,2,0.3
1297.8681341313059,-5.558169441112494,-65.58240709199536,2,0.3
1306.8955209052763,-5.606784866199833,-65.79308994936217,2,0.3
1315.9856981198345,-5.6555418300546325,-66.00307315069782,2,0.3
1325.1391025170333,-5.70447909613308,-66.21239429244132,2,0.3
1334.3561738767062,-5.753543469492039,-66.42100619394772,2,0.3
1343.6373550375972,-5.802773759655481,-66.6289461944594,2,0.3
1352.9830919186386,-5.852156191096816,-66.83620365002368,2,0.3
1362.393833540373,-5.901676938929486,-67.04276860276848,2,0.3
1371.8700320465282,-5.951361766749068,-67.24866559652425,2,0.3
1381.4121427257405,-6.001170419828417,-67.45386245305727,2,0.3
1391.0206240334287,-6.051141918705119,-67.65839470693325,2,0.3
1400.6959376138216,-6.101249190371422,-67.86224206714296,2,0.3
1410.4385483221372,-6.151478329400078,-68.06539619727029,2,0.3
1420.2489242469178,-6.2018950238671735,-68.26791255331841,2,0.3
1430.1275367325184,-6.252405788284179,-68.46971924035086,2,0.3
1440.0748604017533,-6.303076366175078,-68.6708712600335,2,0.3
1450.0913731787002,-6.3538795852930665,-68.87135021119022,2,0.3
1460.177556311661,-6.404801505405629,-69.07114888882754,2,0.3
1470.3338943962842,-6.455881463873401,-69.27029980271796,2,0.3
1480.560875398848,-6.507065554023232,-69.46876645540561,2,0.3
1490.8589906797042,-6.558393156049079,-69.66658103345097,2,0.3
1501.2287350168863,-6.609863699696236,-69.86374605234893,2,0.3
1511.670606629881,-6.66146324748372,-70.06025494036922,2,0.3
1522.1851072035656,-6.713151062684196,-70.25608380714604,2,0.3
1532.772741912312,-6.764980034057293,-70.45127255520198,2,0.3
1543.4340194442575,-6.8169630119236055,-70.64583262664407,2,0.3
1554.1694520257447,-6.869019012907712,-70.8397151578517,2,0.3
1564.9795554459333,-6.9212010334054614,-71.03295884119994,2,0.3
1575.8648490815792,-6.973521939303692,-71.22557528087263,2,0.3
1586.8258559219898,-7.025981199566021,-71.41756744238168,2,0.3
1597.863102594151,-7.078511047146657,-71.60889874204652,2,0.3
1608.9771193880288,-7.131178111633465,-71.79961338175804,2,0.3
1620.1684402820476,-7.183954946415034,-71.98969924884742,2,0.3
1631.4376029687455,-7.236867938157264,-72.1791753370155,2,0.3
1642.7851488806082,-7.289862650674184,-72.3680156360629,2,0.3
1654.2116232160815,-7.3429519751629515,-72.55623238890138,2,0.3
1665.7175749657672,-7.396189341647573,-72.74385823954003,2,0.3
1677.303556938798,-7.449520257215827,-72.93086869412285,2,0.3
1688.9701257893985,-7.5029711980021485,-73.11728187116792,2,0.3
1700.7178420436294,-7.556514617780703,-73.30308857719025,2,0.3
1712.5472701263188,-7.6101635067044064,-73.48830001260637,2,0.3
1724.4589783881795,-7.663890278421164,-73.67290814208725,2,0.3
1736.453539133117,-7.717748565776825,-73.85694257541975,2,0.3
1748.531528645724,-7.771710810329432,-74.04039503323177,2,0.3
1760.6935272189705,-7.8257629617552125,-74.22326426169836,2,0.3
1772.940119182083,-7.87993164733807,-74.40556644345158,2,0.3
1785.2718929286193,-7.9341892639390785,-74.58729479008316,2,0.3
1797.6894409447373,-7.988521740934579,-74.76844907067697,2,0.3
1810.1933598376636,-8.042996504793923,-74.94906046596836,2,0.3
1822.7842503643546,-8.09751800961606,-75.12909741486061,2,0.3
1835.4627174603627,-8.152167319905848,-75.30859533996923,2,0.3
1848.2293702688994,-8.206876006026702,-75.48753469972624,2,0.3
1861.0848221701028,-8.261725239001766,-75.66594862165809,2,0.3
1874.0296908105065,-8.31660571153334,-75.84380566633652,2,0.3
1887.0645981327166,-8.371598644659787,-76.02113806714547,2,0.3
1900.190170405291,-8.42670363851809,-76.19795012780158,2,0.3
1913.4070382528298,-8.481893033473911,-76.37423841908402,2,0.3
1926.715836686276,-8.537166409489478,-76.55000822141812,2,0.3
1940.1172051334202,-8.592496067694617,-76.72525770873843,2,0.3
1953.611787469627,-8.647949812687688,-76.90001016379698,2,0.3
1967.2002320487684,-8.703486331916784,-77.07425976063011,2,0.3
1980.8831917343723,-8.759091576216262,-77.24800875433444,2,0.3
1994.661323930994,-8.814751485094627,-77.42126004309172,2,0.3
2008.535290615797,-8.870561321759832,-77.59403938206331,2,0.3
2022.5057583703617,-8.926397742988737,-77.76632622470724,2,0.3
2036.573398412709,-8.982328710674981,-77.93814016872388,2,0.3
2050.7388866295505,-9.038353881980155,-78.10948615284036,2,0.3
2065.0029036087626,-9.094459236979658,-78.28036697908125,2,0.3
2079.366134672083,-9.150617059448447,-78.45078410055098,2,0.3
2093.8292699080407,-9.206881756042222,-78.62075123003622,2,0.3
2108.3930042051093,-9.263211937710214,-78.79026784966,2,0.3
2123.0580372850936,-9.31960727323488,-78.95933989055492,2,0.3
2137.82507373675,-9.376081140506622,-79.12797464916768,2,0.3
2152.6948230496346,-9.4326469381064,-79.29617879656278,2,0.3
2167.6679996481957,-9.489276960624865,-79.46395525377947,2,0.3
2182.7453229260964,-9.545984617217098,-79.63131086159132,2,0.3
2197.927517280778,-9.602769622490154,-79.79825110821787,2,0.3
2213.2153121482643,-9.659617981481443,-79.96478092056974,2,0.3
2228.6094420382083,-9.716529414564551,-80.13090627094844,2,0.3
2244.1106465691814,-9.773544814503023,-80.29663388002295,2,0.3
2259.7196705042093,-9.830595318298318,-80.46196785085304,2,0.3
2275.4372637865536,-9.887721832968918,-80.62691490959308,2,0.3
2291.2641815757443,-9.944937843568631,-80.79148033436682,2,0.3
2307.2011842838615,-10.00221565843515,-80.95566993169989,2,0.3
2323.2490376120686,-10.059555041401895,-81.11948968803335,2,0.3
2339.4085125874035,-10.116928295008767,-81.28294700443375,2,0.3
2355.6803855998196,-10.174417603846376,-81.44604362745537,2,0.3
2372.0654384394898,-10.231981560716184,-81.60878670757134,2,0.3
2388.5644583343683,-10.289578745360906,-81.77118530986478,2,0.3
2405.178237988013,-10.347263910965161,-81.93324099556946,2,0.3
2421.9075756176694,-10.40499564742369,-82.09496330714502,2,0.3
2438.753274992625,-10.462801251087729,-82.25635537503145,2,0.3
2455.716145472823,-10.520680546679795,-82.41742269880486,2,0.3
2472.797002047752,-10.578605875974741,-82.57817474915191,2,0.3
2489.9966653755996,-10.636604563088333,-82.73861368689339,2,0.3
2507.3159618226828,-10.694648960562196,-82.89874961873159,2,0.3
2524.755723503151,-10.752807650323277,-83.05857664726818,2,0.3
2542.3167883189644,-10.810970517333566,-83.21811984924082,2,0.3
2560.0000000001537,-10.869219905816133,-83.37737036617925,2,0.3
2577.806208145355,-10.927528193083935,-83.53633909179881,2,0.3
2595.736268262631,-10.985895257046248,-83.69503197566499,2,0.3
2613.7910418105726,-11.04433473052934,-83.85345168540933,2,0.3
2631.971396239689,-11.102819009778369,-84.01161055114669,2,0.3
2650.2782050340866,-11.1613617417274,-84.16951139073397,2,0.3
2668.7123477534324,-11.219962832492946,-84.32716013073679,2,0.3
2687.274710075215,-11.278649688559941,-84.48455484067249,2,0.3
2705.9661838372976,-11.337380988305467,-84.64171272179465,2,0.3
2724.7876670807664,-11.396184151007734,-84.7986316662304,2,0.3
2743.740064093077,-11.455004129755908,-84.95533473741314,2,0.3
2762.824285451502,-11.513909591412633,-85.11180641009238,2,0.3
2782.0412480668783,-11.57287299288361,-85.26806106791143,2,0.3
2801.391875227664,-11.631894288753376,-85.42410458507314,2,0.3
2820.8770966442953,-11.690987180715076,-85.579937760056,2,0.3
2840.4978484938565,-11.750110416621787,-85.735581651282,2,0.3
2860.2550734650586,-11.809305192350386,-85.8910269049698,2,0.3
2880.1497208035285,-11.868544014207846,-86.04628998624224,2,0.3
2900.1827463574223,-11.927881812354201,-86.20135432147183,2,0.3
2920.355112623344,-11.987222441630989,-86.35626546875443,2,0.3
2940.6677887925907,-12.046662038787431,-86.5109888393883,2,0.3
2961.121750797718,-12.106118227005751,-86.66556605946248,2,0.3
2981.717981359431,-12.165659671637044,-86.81997248373558,2,0.3
3002.4574700337953,-12.225245212115112,-86.9742325461229,2,0.3
3023.3412132597846,-12.284902328206407,-87.12833907880969,2,0.3
3044.3702144071544,-12.34458989381139,-87.2823179833912,2,0.3
3065.545483824648,-12.404335400591137,-87.43616190460756,2,0.3
3086.868038888538,-12.464152613078072,-87.58986936040598,2,0.3
3108.338904051513,-12.524027870430466,-87.74345295178156,2,0.3
3129.9591108918903,-12.583947529992292,-87.89692593375297,2,0.3
3151.7296981631816,-12.643897968415072,-88.050302217556,2,0.3
3173.651711844004,-12.703920386397327,-88.20356484225172,2,0.3
3195.726205188326,-12.764028557431855,-88.3567109250028,2,0.3
3217.954238776082,-12.82415408291923,-88.5097862061342,2,0.3
3240.3368805641194,-12.884365545974394,-88.6627559084343,2,0.3
3262.8752059375156,-12.944594597284755,-88.81566742564576,2,0.3
3285.570297761241,-13.004923480899162,-88.96847554855542,2,0.3
3308.4232464321876,-13.06527020842725,-89.12123771414079,2,0.3
3331.435149931559,-13.125675966991723,-89.27393384522057,2,0.3
3354.607113877621,-13.186168231518224,-89.42655105188601,2,0.3
3377.9402515788224,-13.246665119828318,-89.5791502794477,2,0.3
3401.4356840872842,-13.30724880234911,-89.73168168236725,2,0.3
3425.094540252663,-13.36787843534392,-89.88417899117813,2,0.3
3448.9179567763854,-13.428595151061948,-90.0366184924674,2,0.3
3472.9070782662598,-13.489330851317593,-90.18905507032545,2,0.3
3497.0630572914743,-13.550140325127696,-90.34145472660207,2,0.3
3521.387054437968,-13.610996464683527,-90.49384326066763,2,0.3
3545.880238364193,-13.671885842236978,-90.64623722974831,2,0.3
3570.543785857265,-13.732835939282069,-90.79862155674093,2,0.3
3595.378881889502,-13.793874201789396,-90.95097977228006,2,0.3
3620.3867196753545,-13.854946343666828,-91.10336069131068,2,0.3
3645.5685007287366,-13.916066225598316,-91.25575943973058,2,0.3
3670.9254349207527,-13.97726129706389,-91.40815897641498,2,0.3
3696.458740537827,-14.0384909772133,-91.56059902144771,2,0.3
3722.1696443402334,-14.099796315870634,-91.71305051795427,2,0.3
3748.0593816210417,-14.161163953772622,-91.86553022853306,2,0.3
3774.129196265462,-14.222539826272877,-92.01809205687273,2,0.3
3800.3803408106105,-14.284005705530952,-92.17066938350382,2,0.3
3826.8140765056887,-14.345548252440686,-92.32327891051627,2,0.3
3853.43167337258,-14.407099924602191,-92.47598873611237,2,0.3
3880.2344102668694,-14.46874239705192,-92.62872903724863,2,0.3
3907.223574939284,-14.530448825233787,-92.7815300068627,2,0.3
3934.400464097566,-14.592178890284305,-92.93443642898609,2,0.3
3961.7663834687746,-14.653987080455979,-93.0874014969868,2,0.3
3989.322647862018,-14.715860159437945,-93.24044336214135,2,0.3
4017.070581231624,-14.777757897711359,-93.39360833466803,2,0.3
4045.011516740754,-14.839761731071754,-93.54681959622422,2,0.3
4073.1467968254487,-14.901804422344087,-93.70015106505168,2,0.3
4101.477773259132,-14.963886356443421,-93.85360883702701,2,0.3
4130.005807217556,-15.026048375287203,-94.00715564152965,2,0.3
4158.732269344197,-15.088250382263862,-94.16083980859766,2,0.3
4187.658539816113,-15.15051971863744,-94.31463775708407,2,0.3
4216.78600841025,-15.212883664684194,-94.46852445076021,2,0.3
4246.116074570219,-15.275248402649899,-94.6226098773072,2,0.3
4275.650147473531,-15.337721960543995,-94.77677885681635,2,0.3
4305.389646099301,-15.40025092395383,-94.93109672837384,2,0.3
4335.335999296423,-15.46280887341065,-95.08560027496226,2,0.3
4365.4906458522255,-15.525476762789975,-95.24020061058681,2,0.3
4395.8550345615895,-15.588187907197572,-95.3949812220871,2,0.3
4426.430624296562,-15.650942780745918,-95.54994794680023,2,0.3
4457.21888407645,-15.713741866312517,-95.7051065976893,2,0.3
4488.2212931383965,-15.776625770733403,-95.86041312529885,2,0.3
4519.439341008452,-15.839594902260908,-96.01587165092266,2,0.3
4550.874527573141,-15.902596271325248,-96.17155417376003,2,0.3
4582.528363151522,-15.96569712718397,-96.32738114539448,2,0.3
4614.402368567757,-16.028831217935537,-96.48344276244649,2,0.3
4646.498075224173,-16.09205238306349,-96.63967511447696,2,0.3
4678.817025174842,-16.15530783427343,-96.79615300990422,2,0.3
4711.360771199674,-16.218664635764984,-96.95279311513698,2,0.3
4744.130876879015,-16.282070069787064,-97.1096710947618,2,0.3
4777.128916668773,-16.345551248428748,-97.2667559479936,2,0.3
4810.356475976061,-16.409082153046366,-97.4240889597944,2,0.3
4843.815151235375,-16.47268986530196,-97.58163832632864,2,0.3
4877.506549985286,-16.53637490431728,-97.73940836754926,2,0.3
4911.432290945683,-16.600098121364372,-97.8974603850785,2,0.3
4945.594004095541,-16.663913011821446,-98.0557235358915,2,0.3
4979.9933307512365,-16.72779367978912,-98.21424023224549,2,0.3
5014.631923645403,-16.791767085845635,-98.3729760817855,2,0.3
5049.511447006339,-16.85580739870882,-98.53197416808858,2,0.3
5084.633576637967,-16.919888898836323,-98.6912790323643,2,0.3
5120.000000000346,-16.98403857090325,-98.85085617318761,2,0.3
5155.612416290749,-17.04828330126211,-99.01066955241369,2,0.3
5191.4725365253,-17.11259739445178,-99.17076359854083,2,0.3
5227.582083621183,-17.17698148442677,-99.3311428231244,2,0.3
5263.942792479418,-17.241449304982677,-99.49179081924693,2,0.3
5300.556410068212,-17.305975308241457,-99.65275358774925,2,0.3
5337.424695506905,-17.370599384049004,-99.81397231592608,2,0.3
5374.54942015047,-17.435296013777688,-99.97549310951523,2,0.3
5411.932367674636,-17.500052837204972,-100.13734190924654,2,0.3
5449.575334161574,-17.564883598788573,-100.2995017220849,2,0.3
5487.480128186196,-17.62981499367649,-100.46193273859825,2,0.3
5525.648570903045,-17.694808664538446,-100.62470460792868,2,0.3
5564.082496133798,-17.759878334426,-100.78779963514269,2,0.3
5602.78375045537,-17.82502471624469,-100.95122190432276,2,0.3
5641.754193288633,-17.890274409801805,-101.11492990088834,2,0.3
5680.995696987757,-17.955602199565494,-101.27897240401167,2,0.3
5720.51014693016,-18.02097010125263,-101.44342282853385,2,0.3
5760.2994416071,-18.086482127612104,-101.60809999512351,2,0.3
5800.365492714889,-18.152022921446182,-101.7732167419131,2,0.3
5840.710225246731,-18.217683436434736,-101.93861303544476,2,0.3
5881.335577585225,-18.28341293095026,-102.10438658786573,2,0.3
5922.243501595481,-18.349237873148766,-102.27049343341221,2,0.3
5963.435962718906,-18.415146189019133,-102.43696094099134,2,0.3
6004.914940067636,-18.481125883103687,-102.60381719350482,2,0.3
6046.682426519615,-18.547203340411986,-102.77101691390757,2,0.3
6088.740428814354,-18.613379310891695,-102.93856300006085,2,0.3
6131.090967649341,-18.679629091888163,-103.1065084456532,2,0.3
6173.736077777122,-18.745978980381327,-103.27480665243068,2,0.3
6216.6778081030725,-18.812417054943612,-103.44348580822995,2,0.3
6259.918221783827,-18.87895682175524,-103.61252350505137,2,0.3
6303.4593963264115,-18.945561106373958,-103.78199989061302,2,0.3
6347.303423688055,-19.012256141156612,-103.95186716950676,2,0.3
6391.4524103767,-19.079068008257128,-104.12207594325244,2,0.3
6435.9084775522115,-19.14597226563381,-104.29268090858308,2,0.3
6480.673761128287,-19.212969783344512,-104.4636850065429,2,0.3
6525.750411875079,-19.28004888752975,-104.63511792523617,2,0.3
6571.140595522531,-19.347248115648476,-104.80690204617017,2,0.3
6616.846492864425,-19.41456823236271,-104.97903896054359,2,0.3
6662.870299863169,-19.481935082177877,-105.15169452660884,2,0.3
6709.214227755292,-19.549399691107475,-105.32476334613816,2,0.3
6755.880503157695,-19.617012747023274,-105.49813686754833,2,0.3
6802.871368174619,-19.6847003735421,-105.67198305941999,2,0.3
6850.189080505378,-19.752476027498084,-105.84627732622104,2,0.3
6897.835913552822,-19.82037783767363,-106.02093752645442,2,0.3
6945.814156532571,-19.88838189774739,-106.19602186073729,2,0.3
6994.126114583001,-19.956464490027507,-106.37158999684266,2,0.3
7042.774108875988,-20.024688240055912,-106.54750056284011,2,0.3
7091.760476728439,-20.092992475006568,-106.72389948175197,2,0.3
7141.087571714584,-20.16142733774945,-106.90067262432873,2,0.3
7190.757763779057,-20.229969181252482,-107.07787974445908,2,0.3
7240.773439350762,-20.298594556569995,-107.25558205321556,2,0.3
7291.137001457528,-20.367353336061708,-107.43366288908898,2,0.3
7341.850869841561,-20.436209871976402,-107.61221300230694,2,0.3
7392.917481075709,-20.50521377531772,-107.79111346942003,2,0.3
7444.339288680522,-20.574293148294977,-107.97054683706735,2,0.3
7496.118763242139,-20.64348547711999,-108.15042428883918,2,0.3
7548.258392530979,-20.712827946787606,-108.33065463933143,2,0.3
7600.760681621277,-20.78224913490383,-108.51142361752038,2,0.3
7653.628153011434,-20.851798320976307,-108.6926092208668,2,0.3
7706.863346745218,-20.921464466820545,-108.8742433754923,2,0.3
7760.468820533797,-20.991272504342614,-109.056263884065,2,0.3
7814.447149878626,-21.06118752315227,-109.23876588860898,2,0.3
7868.800928195191,-21.131210638972256,-109.42175078059542,2,0.3
7923.532766937609,-21.201390455541834,-109.60509120988418,2,0.3
7978.645295724095,-21.271656708755078,-109.78898023748665,2,0.3
8034.141162463309,-21.342057954892933,-109.97328995832821,2,0.3
8090.023033481568,-21.412571587898835,-110.15808572548653,2,0.3
8146.293593650958,-21.483245775572037,-110.34323683355402,2,0.3
8202.955546518326,-21.554010947488575,-110.52894046425655,2,0.3
8260.011614435174,-21.62493861748324,-110.71499879352305,2,0.3
8317.464538688457,-21.695971239424004,-110.90157757706464,2,0.3
8375.317079632288,-21.767156613475095,-111.08854332648336,2,0.3
8433.572016820564,-21.838449193114755,-111.27603017310275,2,0.3
8492.232149140504,-21.90987338806668,-111.46397099444027,2,0.3
8551.300294947127,-21.981464915823004,-111.65226290782402,2,0.3
8610.779292198666,-22.053166991002083,-111.8410757845392,2,0.3
8670.671998592914,-22.12500384826381,-112.03034110889432,2,0.3
8730.981291704516,-22.196988021340193,-112.22002355549611,2,0.3
8791.710069123244,-22.269109074171084,-112.41015682006474,2,0.3
8852.86124859319,-22.341368088805492,-112.60074011862709,2,0.3
8914.437768152968,-22.413754790739514,-112.79180784299231,2,0.3
8976.44258627686,-22.486293012389005,-112.98328862897475,2,0.3
9038.878682016972,-22.558972448729328,-113.17521648548127,2,0.3
9101.74905514635,-22.63179418540802,-113.36759021928535,2,0.3
9165.056726303115,-22.7047593084274,-113.56040853337795,2,0.3
9228.804737135582,-22.777868903919803,-113.7536700264204,2,0.3
9292.996150448414,-22.85112405791964,-113.94737319221895,2,0.3
9357.634050349754,-22.924525856132114,-114.14151641922304,2,0.3
9422.721542399418,-22.998097562640666,-114.33602464011666,2,0.3
9488.261753758103,-23.0718068891122,-114.53100554359149,2,0.3
9554.257833337617,-23.145644002625424,-114.72649473010243,2,0.3
9620.712951952195,-23.21965413372199,-114.92234244035062,2,0.3
9687.630302470823,-23.293816252656057,-115.11862022379067,2,0.3
9755.013099970645,-23.368131437326582,-115.3153258306015,2,0.3
9822.864581891441,-23.44258988667462,-115.51249458840674,2,0.3
9891.188008191157,-23.51721446448929,-115.71004882480186,2,0.3
9959.98666150255,-23.592016936666838,-115.90794745608227,2,0.3
10029.26384729088,-23.666933547793462,-116.1064158836238,2,0.3
10099.022894012754,-23.74204091658426,-116.30518489084515,2,0.3
10169.26715327601,-23.81730769224609,-116.50436562177919,2,0.3
10240.000000000768,-23.892724277412746,-116.70399372673103,2,0.3
10311.224832581574,-23.9682918394541,-116.90406656285347,2,0.3
10382.945073050678,-24.044064436641143,-117.10438650352879,2,0.3
10455.164167242447,-24.11995833221201,-117.3052613692313,2,0.3
10527.885584958914,-24.196038038645604,-117.50645387411356,2,0.3
10601.112820136505,-24.27228343393976,-117.70803840955159,2,0.3
10674.849391013888,-24.348695548228537,-117.91001131085845,2,0.3
10749.098840301021,-24.425285790000867,-118.11232906520544,2,0.3
10823.864735349352,-24.502024026426383,-118.3151070060294,2,0.3
10899.15066832323,-24.57894242185645,-118.51822192467645,2,0.3
10974.960256372473,-24.65604186273228,-118.72166927693617,2,0.3
11051.297141806172,-24.733282333281586,-118.92560572740874,2,0.3
11128.16499226768,-24.810736471562972,-119.12974495920486,2,0.3
11205.567500910824,-24.88833378008685,-119.33436512332612,2,0.3
11283.508386577352,-24.966126109491608,-119.53925919372035,2,0.3
11361.991393975597,-25.044094063602152,-119.74450347646837,2,0.3
11441.020293860403,-25.122218568597262,-119.95017528958302,2,0.3
11520.598883214287,-25.200530755939937,-120.15614710269648,2,0.3
11600.730985429864,-25.27903144497726,-120.36241354926256,2,0.3
11681.420450493551,-25.35770166223461,-120.569052034158,2,0.3
11762.671155170538,-25.436552310220875,-120.77601622333154,2,0.3
11844.48700319105,-25.515603917889855,-120.98321745662183,2,0.3
11926.871925437901,-25.59481808322959,-121.19081688031332,2,0.3
12009.82988013536,-25.674225120427806,-121.39868393977306,2,0.3
12093.36485303932,-25.753825786001414,-121.60681268294334,2,0.3
12177.4808576288,-25.83358229479726,-121.8153658494482,2,0.3
12262.181935298773,-25.91356302556351,-122.02404254388006,2,0.3
12347.472155554336,-25.993711037122814,-122.23309006668316,2,0.3
12433.355616206238,-26.074036936051996,-122.44246060927568,2,0.3
12519.836443567749,-26.154551141542836,-122.65210578220275,2,0.3
12606.918792652916,-26.23528270494575,-122.86189106813805,2,0.3
12694.606847376202,-26.3161758322202,-123.07206656360333,2,0.3
12782.904820753494,-26.39726900474811,-123.28245489956116,2,0.3
12871.816955104521,-26.478562867338024,-123.49304930113807,2,0.3
12961.347522256672,-26.560048820328248,-123.70388613286475,2,0.3
13051.500823750257,-26.641718432163827,-123.91500209799153,2,0.3
13142.28119104516,-26.723572579619685,-124.12639079488248,2,0.3
13233.69298572895,-26.80563031190762,-124.33795866979379,2,0.3
13325.740599726436,-26.88791029557084,-124.54961128335208,2,0.3
13418.428455510686,-26.970358809941054,-124.76160312221594,2,0.3
13511.761006315492,-27.05300381547194,-124.9737965510282,2,0.3
13605.74273634934,-27.135872700384226,-125.18605270782149,2,0.3
13700.378161010858,-27.218912535160097,-125.3986275511314,2,0.3
13795.671827105747,-27.302142004420787,-125.61142642405149,2,0.3
13891.628313065248,-27.385588168585848,-125.82430969283223,2,0.3
13988.252229166108,-27.46922519391385,-126.03740216792721,2,0.3
14085.548217752083,-27.5530884961946,-126.25051922313288,2,0.3
14183.520953456982,-27.6371264787337,-126.46391905655051,2,0.3
14282.175143429275,-27.72136585373937,-126.67746123235086,2,0.3
14381.515527558222,-27.805832744901664,-126.89100430118908,2,0.3
14481.546878701633,-27.890476363017356,-127.10480767295098,2,0.3
14582.274002915165,-27.975331373155065,-127.31868527726276,2,0.3
14683.70173968323,-28.06038135150166,-127.53271854921154,2,0.3
14785.834962151528,-28.14564358419545,-127.74681000217115,2,0.3
14888.678577361155,-28.2311183789386,-127.9609513939349,2,0.3
14992.23752648439,-28.316789548145064,-128.1752243961474,2,0.3
15096.516785062071,-28.402665843998417,-128.3895760026244,2,0.3
15201.521363242668,-28.488755806102017,-128.60395290950632,2,0.3
15307.256306022984,-28.57505157605511,-128.81839184405163,2,0.3
15413.726693490553,-28.66154547214784,-129.03292971098435,2,0.3
15520.93764106771,-28.74824597851092,-129.24751305967345,2,0.3
15628.894299757369,-28.83516930975146,-129.4620428815669,2,0.3
15737.6018563905,-28.92226810063375,-129.67678256417202,2,0.3
15847.065533875337,-29.00960600175205,-129.89136100594894,2,0.3
15957.29059144831,-29.09714370212207,-130.10599635713018,2,0.3
16068.282324926739,-29.18487384947055,-130.32072566996075,2,0.3
16180.046066963258,-29.27282776342785,-130.53535852996978,2,0.3
16292.587187302037,-29.360990058289296,-130.74997719654417,2,0.3
16405.911093036775,-29.449353324022837,-130.96461860640522,2,0.3
16520.023228870472,-29.537948079765005,-131.17909173595635,2,0.3
16634.92907737704,-29.626736527121665,-131.3936158249637,2,0.3
16750.634159264704,-29.71572654520879,-131.6081366576321,2,0.3
16867.144033641256,-29.804933196361954,-131.82255419114372,2,0.3
16984.464298281135,-29.89433436802954,-132.03699672246373,2,0.3
17102.600589894384,-29.983966938934913,-132.25122696054476,2,0.3
17221.558584397462,-30.07380150448099,-132.46541892956338,2,0.3
17341.343997185955,-30.16384544763573,-132.67951812589564,2,0.3
17461.962583409164,-30.25410593260123,-132.8934699782752,2,0.3
17583.42013824662,-30.34456149270726,-133.1074029753565,2,0.3
17705.72249718651,-30.43523355772708,-133.32117100252776,2,0.3
17828.875536306066,-30.526114926565768,-133.53481100975054,2,0.3
17952.885172553855,-30.617205530932658,-133.74831418112637,2,0.3
18077.75736403408,-30.708512186892722,-133.96162591626057,2,0.3
18203.498110292836,-30.800020928211467,-134.1748289854546,2,0.3
18330.113452606365,-30.891738580903812,-134.38786880076367,2,0.3
18457.609474271307,-30.983671752709853,-134.600690800313,2,0.3
18585.99230089697,-31.075800009844375,-134.81342352195995,2,0.3
18715.26810069965,-31.16815008793406,-135.0258751369592,2,0.3
18845.44308479898,-31.260701662494768,-135.2381741848867,2,0.3
18976.523507516347,-31.353454655551054,-135.4503118947947,2,0.3
19108.51566667538,-31.44642849414998,-135.66214240485408,2,0.3
19241.425903904536,-31.53961615838909,-135.873702832164,2,0.3
19375.260604941792,-31.63299798704394,-136.08512156026336,2,0.3
19510.026199941436,-31.72659305378823,-136.2962529332485,2,0.3
19645.729163783028,-31.82038195393691,-136.50722523648702,2,0.3
19782.376016382463,-31.914389690664365,-136.71784744937887,2,0.3
19919.973323005244,-32.00859696867116,-136.92824783908802,2,0.3
20058.527694581913,-32.103022050541114,-137.13828130671743,2,0.3
20198.045788025658,-32.197639781249876,-137.34812147521038,2,0.3
20338.53430655217,-32.29247430780579,-137.5575780053138,2,0.3
20480.00000000169,-32.38750082809919,-137.76682430468358,2,0.3
20622.4496651633,-32.48273112240023,-137.9757611153559,2,0.3
20765.890146101516,-32.578176565556554,-138.1842895682884,2,0.3
20910.32833448505,-32.67381288294162,-138.3925826971247,2,0.3
21055.771169917985,-32.769663163359866,-138.60045125118586,2,0.3
21202.22564027317,-32.86569770398423,-138.80811312230787,2,0.3
21349.698782027936,-32.961950779477974,-139.0152892314155,2,0.3
21498.197680602203,-33.05839298815477,-139.2221972126133,2,0.3
21647.72947069887,-33.15504094837705,-139.42869384718233,2,0.3
21798.301336646622,-33.2518939273143,-139.63477141353664,2,0.3
21949.920512745113,-33.34893455379845,-139.84055680542932,2,0.3
22102.59428361251,-33.446173475552946,-140.04595229978224,2,0.3
22256.32998453553,-33.54361550018728,-140.2509054653518,2,0.3
22411.135001821818,-33.64126523247826,-140.45536421359768,2,0.3
22567.01677315487,-33.73910566198748,-140.65945511930823,2,0.3
22723.98278795137,-33.83713093648423,-140.86321496898552,2,0.3
22882.04058772098,-33.93535115532145,-141.0665470279979,2,0.3
23041.197766428744,-34.033776032137396,-141.26935522601397,2,0.3
23201.4619708599,-34.13238905456164,-141.4717655507866,2,0.3
23362.840900987278,-34.23118961617773,-141.67377054798612,2,0.3
23525.342310341253,-34.33019740526645,-141.87518639909172,2,0.3
23688.974006382276,-34.429386080268515,-142.07622690746174,2,0.3
23853.743850875984,-34.52876510155456,-142.2767967064816,2,0.3
24019.6597602709,-34.628338611958775,-142.47684504041726,2,0.3
24186.729706078822,-34.728095870840484,-142.67645286719173,2,0.3
24354.96171525778,-34.828050745031376,-142.87548217196047,2,0.3
24524.363870597732,-34.92817328252014,-143.07418828544965,2,0.3
24694.944311108862,-35.02850127571862,-143.27221567520044,2,0.3
24866.711232412665,-35.12900501484404,-143.46981927631904,2,0.3
25039.672887135683,-35.22969324240209,-143.66690552840268,2,0.3
25213.837585306024,-35.33057433814321,-143.8633817380474,2,0.3
25389.213694752598,-35.43162878954032,-144.0594145860073,2,0.3
25565.809641507185,-35.53286958714451,-144.25486837163248,2,0.3
25743.63391020923,-35.63428217547315,-144.44986594222655,2,0.3
25922.695044513537,-35.73588372373735,-144.6442296141513,2,0.3
26103.00164750071,-35.837659784535404,-144.83808208593516,2,0.3
26284.562382090517,-35.93963141356809,-145.0312044784653,2,0.3
26467.385971458098,-36.04175814750807,-145.2239742802674,2,0.3
26651.481199453076,-36.14407827188828,-145.41600325962386,2,0.3
26836.856911021572,-36.24654780964678,-145.60770924872193,2,0.3
27023.522012631187,-36.34921702313176,-145.79857956544132,2,0.3
27211.485472698885,-36.45204666603138,-145.98898860233973,2,0.3
27400.75632202192,-36.55505260849929,-146.17876247961848,2,0.3
27591.3436542117,-36.658233712457516,-146.367896194689,2,0.3
27783.256626130707,-36.761580739688085,-146.55646800768426,2,0.3
27976.504458332423,-36.865096779600215,-146.7444307395312,2,0.3
28171.096435504372,-36.968776816479405,-146.93182040521748,2,0.3
28367.04190691418,-37.07263168111554,-147.11850747829027,2,0.3
28564.35028685876,-37.17664450436573,-147.30465159969816,2,0.3
28763.031055116662,-37.28083364440727,-147.4900412374765,2,0.3
28963.093757403483,-37.38518236048129,-147.6748347100481,2,0.3
29164.548005830547,-37.489685775876104,-147.85906535478148,2,0.3
29367.403479366687,-37.59435024029252,-148.04264293214152,2,0.3
29571.669924303278,-37.69918156638308,-148.22547604902644,2,0.3
29777.35715472254,-37.804162850880246,-148.40771234578506,2,0.3
29984.475052969006,-37.909305603407205,-148.58916798358467,2,0.3
30193.03357012437,-38.01459615605304,-148.76988594163896,2,0.3
30403.042726485564,-38.120017984326466,-148.94979803327462,2,0.3
30614.512612046197,-38.22550492672862,-149.12891676341633,2,0.3
30827.45338698134,-38.33087946076525,-149.30825467198278,2,0.3
31041.875282135654,-38.43687558260061,-149.4908165702546,2,0.3
31257.788599514974,-38.54332303399575,-149.6684248972737,2,0.3
31475.203712781236,-38.64966275352976,-149.8448238822742,2,0.3
31694.13106775091,-38.7560843561544,-150.0207308323305,2,0.3
31914.581182896858,-38.86263278850567,-150.19609963521586,2,0.3
32136.564649853717,-38.96932028287543,-150.37086469114408,2,0.3
32360.09213392676,-39.07615350836338,-150.54495189138277,2,0.3
32585.17437460432,-39.18312037028652,-150.71849540690982,2,0.3
32811.8221860738,-39.290236697081205,-150.8912893649841,2,0.3
33040.04645774119,-39.397498500486776,-151.06336411936132,2,0.3
33269.85815475433,-39.50489556091022,-151.23482785226935,2,0.3
33501.26831852966,-39.61243321399658,-151.40559874590775,2,0.3
33734.28806728276,-39.720116470171575,-151.57559704286385,2,0.3
33968.928596562524,-39.827938103550466,-151.74489525294186,2,0.3
34205.20117978902,-39.935894084717525,-151.91352762903108,2,0.3
34443.11716879519,-40.043989260887294,-152.081416154928,2,0.3
34682.68799437217,-40.15221377253681,-152.2486700764633,2,0.3
34923.92516681859,-40.260578130075714,-152.4151378606837,2,0.3
35166.8402764935,-40.36906973445995,-152.580965421521,2,0.3
35411.44499437329,-40.47769324527758,-152.7460760269378,2,0.3
35657.7510726124,-40.58645306540953,-152.91039417726464,2,0.3
35905.77034510798,-40.69533968807402,-153.07402756879316,2,0.3
36155.51472806843,-40.80436017142273,-153.23686443132198,2,0.3
36406.99622058595,-40.91350517075976,-153.3990111672299,2,0.3
36660.22690521301,-41.022773602309286,-153.5604640899095,2,0.3
36915.21894854289,-41.132166950848976,-153.72118303461318,2,0.3
37171.98460179422,-41.24168650899811,-153.88112729731927,2,0.3
37430.53620139958,-41.35132565881988,-154.04036121415572,2,0.3
37690.88616959824,-41.46108783073197,-154.19880304862087,2,0.3
37953.04701503298,-41.5709681248449,-154.35647100558953,2,0.3
38217.03133335104,-41.68096021602017,-154.51336875824387,2,0.3
38482.85180780936,-41.79105821042956,-154.66939841999937,2,0.3
38750.521209883875,-41.901243767880494,-154.8243183947932,2,0.3
39020.05239988316,-42.01138854435001,-154.97807236412282,2,0.3
39291.458327566346,-42.121046310346514,-155.13392958785946,2,0.3
39564.752032765224,-42.23224117099157,-155.29350049259045,2,0.3
39839.94664601079,-42.34333277675363,-155.44492017150506,2,0.3
40117.05538916413,-42.45424078630915,-155.5961065213015,2,0.3
40396.09157605162,-42.56520183382869,-155.74690059038252,2,0.3
40677.068613104646,-42.6762569536061,-155.89711217841872,2,0.3
40960.00000000368,-42.78741172958763,-156.04672349487822,2,0.3
41244.899330326916,-42.89867338352651,-156.19562738426856,2,0.3
41531.78029220334,-43.010035969991264,-156.3439027136011,2,0.3
41820.65666897041,-43.121505727096654,-156.4914379716725,2,0.3
42111.54233983629,-43.23308404351945,-156.63819385629176,2,0.3
42404.45128054665,-43.344761691996226,-156.78429744054876,2,0.3
42699.3975640562,-43.456542027269116,-156.92968011136648,2,0.3
42996.39536120473,-43.5684281629198,-157.07427554475365,2,0.3
43295.458941398065,-43.68040901505742,-157.21824431802233,2,0.3
43596.60267329357,-43.792495675281664,-157.3613925501672,2,0.3
43899.84102549055,-43.9046791592661,-157.50384869744212,2,0.3
44205.18856722535,-44.0169643459229,-157.6455173218756,2,0.3
44512.659969071385,-44.12934060521947,-157.78655708298152,2,0.3
44822.27000364397,-44.24181281749483,-157.92687290838435,2,0.3
45134.033546310086,-44.35438559177557,-158.066371772887,2,0.3
45447.96557590307,-44.467046745811686,-158.205241859313,2,0.3
45764.081175442305,-44.5798027792206,-158.34335902026012,2,0.3
46082.39553285784,-44.69264908800723,-158.48078595739284,2,0.3
46402.92394172015,-44.80559187293928,-158.61740091862657,2,0.3
46725.681801974904,-44.91862125141833,-158.753358234337,2,0.3
47050.68462068286,-45.03174332861094,-158.88853708779743,2,0.3
47377.94801276491,-45.14494851156738,-159.02308988369424,2,0.3
47707.487701752325,-45.25824449658786,-159.15686681134736,2,0.3
48039.319520542165,-45.371626909158174,-159.28992955281282,2,0.3
48373.45941215801,-45.48509648323975,-159.42224979332224,2,0.3
48709.923430515926,-45.5986490015176,-159.553888218478,2,0.3
49048.72774119583,-45.71228362482849,-159.6848457426337,2,0.3
49389.888622218095,-45.82600427759903,-159.81503595192223,2,0.3
49733.4224648257,-45.93980368878886,-159.94457714675298,2,0.3
50000.0,-46.0276300691786,-160.0439178043355,2,0.3
10.0,-0.2970246018295187,-0.5972661641205408,3,0.4
10.069555500567189,-0.29704209843913304,-0.6014183961062936,3,0.4
10.139594797900294,-0.2970536288585171,-0.6055987981306273,3,0.4
10.210121257071936,-0.2970659816469413,-0.6098082901458362,3,0.4
10.281138266560667,-0.2970723909591269,-0.6140463368024003,3,0.4
10.352649238413779,-0.29709320032920206,-0.6183153580204056,3,0.4
10.424657608411218,-0.2970945349630102,-0.62261184687019,3,0.4
10.497166836230678,-0.297110293407881,-0.6269397339073647,3,0.4
10.57018040561381,-0.29713371048923554,-0.6312985000621677,3,0.4
10.643701824533608,-0.2971376890582863,-0.6356853135451213,3,0.4
10.71773462536294,-0.29716968309970204,-0.6401057272077548,3,0.4
10.792282365044281,-0.2971890410427601,-0.6445553673955965,3,0.4
10.867348625260592,-0.29719577563085126,-0.6490344168499279,3,0.4
10.942937012607405,-0.29721700939237755,-0.6535462033531713,3,0.4
11.019051158766118,-0.2972324232986436,-0.6580886030108063,3,0.4
11.095694720678463,-0.2972420306496457,-0.6626618187594582,3,0.4
11.172871380722214,-0.2972526223744157,-0.6672668573668853,3,0.4
11.250584846888108,-0.2972777671193393,-0.6719055573553699,3,0.4
11.328838852958,-0.2972971464314752,-0.6765757352155409,3,0.4
11.407637158684253,-0.29730399688084613,-0.6812767803208686,3,0.4
11.486983549970367,-0.2973186651858236,-0.6860113608978997,3,0.4
11.566881839052892,-0.29735472091479276,-0.6907813843623027,3,0.4
11.647335864684578,-0.2973715137003733,-0.6955821134951503,3,0.4
11.728349492318808,-0.29738261340338373,-0.7004154130491933,3,0.4
11.809926614295325,-0.29740159019611623,-0.7052831955688887,3,0.4
11.892071150027233,-0.297414904289635,-0.7101840055374048,3,0.4
11.97478704618931,-0.29744290393273626,-0.7151206423705408,3,0.4
12.05807827690763,-0.2974720497374438,-0.7200916482392326,3,0.4
12.141948843950495,-0.29748880245243575,-0.7250955193198252,3,0.4
12.226402776920713,-0.297499955789713,-0.7301333395048957,3,0.4
12.31144413344919,-0.29751908139791305,-0.7352071026238989,3,0.4
12.397076999389895,-0.2975394182986641,-0.7403161818633035,3,0.4
12.48330548901615,-0.29756776103376026,-0.745461720900673,3,0.4
12.570133745218314,-0.29757701597338304,-0.7506403757558391,3,0.4
12.657565939702833,-0.2976078665762275,-0.7558577955138703,3,0.4
12.745606273192656,-0.2976264419242217,-0.7611097117908695,3,0.4
12.834258975629076,-0.29764631522802504,-0.766398184335631,3,0.4
12.923528306374958,-0.29766750455618307,-0.771723468958579,3,0.4
13.013418554419374,-0.2976900282277115,-0.777085823288731,3,0.4
13.10393403858367,-0.29772068261186757,-0.7824864480004696,3,0.4
13.195079107728983,-0.2977323753321815,-0.7879218329998303,3,0.4
13.286858140965156,-0.29776579232263556,-0.7933979083761014,3,0.4
13.379275547861162,-0.29778706384030856,-0.798910193682729,3,0.4
13.472335768656947,-0.2978029872677023,-0.8044598835538828,3,0.4
13.566043274476765,-0.29782713823110685,-0.8100491753004869,3,0.4
13.660402567544,-0.29785953696156403,-0.815678359719412,3,0.4
13.755418181397484,-0.29787309224188746,-0.8213437777797425,3,0.4
13.851094681109295,-0.29790849234808964,-0.8270516115412653,3,0.4
13.947436663504105,-0.2979318686178984,-0.8327971904212409,3,0.4
14.044448757380025,-0.29796357622254804,-0.8385837774707876,3,0.4
14.142135623731003,-0.29799008081348705,-0.8444096424163177,3,0.4
14.240501955970773,-0.2980181822703017,-0.8502760693085636,3,0.4
14.33955248015833,-0.29804112475654015,-0.8561823124478736,3,0.4
14.439291955225018,-0.2980589307217514,-0.8621286366365573,3,0.4
14.539725173203164,-0.2981055134292892,-0.8681205301526456,3,0.4
14.640856959456315,-0.2981198932225633,-0.8741489057928968,3,0.4
14.742692172911074,-0.29816309649981015,-0.880223476928746,3,0.4
14.845235706290554,-0.29818092203240437,-0.8863360957605405,3,0.4
14.94849248634945,-0.29821406278049556,-0.8924934123546663,3,0.4
15.05246747411074,-0.29824220871646445,-0.8986925263475836,3,0.4
15.15716566510405,-0.2982653845649742,-0.9049337159725056,3,0.4
15.26259208960566,-0.2983107284363071,-0.9112216463762195,3,0.4
15.368751812880195,-0.2983308180574913,-0.9175489637481276,3,0.4
15.475649935423972,-0.29837312712518926,-0.9239236644125592,3,0.4
15.58329159321007,-0.29840379040649007,-0.9303405304836737,3,0.4
15.69168195793509,-0.29843639102667,-0.9368020811638803,3,0.4
15.800826237267621,-0.29846417753482446,-0.9433074951821853,3,0.4
15.910729675098453,-0.29850751237849743,-0.9498604932289881,3,0.4
16.02139755179252,-0.2985325312307085,-0.956455687166103,3,0.4
16.13283518444261,-0.298573154215029,-0.9630991194608549,3,0.4
16.245047927124794,-0.2985955175023059,-0.969785326741887,3,0.4
16.358041171155712,-0.298640320799237,-0.9765216107740933,3,0.4
16.471820345351553,-0.29867370086625494,-0.9833024564223455,3,0.4
16.586390916288924,-0.29870246575568316,-0.9901293354641281,3,0.4
16.70175838856748,-0.2987469812591148,-0.9970061538009317,3,0.4
16.817928305074386,-0.2987869421170999,-1.0039296715977981,3,0.4
16.93490624725064,-0.29882237914167165,-1.0109002004651395,3,0.4
17.052697835359233,-0.29885332356078254,-1.0179180540921953,3,0.4
17.17130872875518,-0.29890014321539116,-1.0249872483743983,3,0.4
17.290744626157405,-0.2989289766990877,-1.0321019686811916,3,0.4
17.411011265922586,-0.29898730788223615,-1.039271237850889,3,0.4
17.53211442632081,-0.2990141608721381,-1.0464841751508325,3,0.4
17.654059925813208,-0.2990570206779458,-1.0537498771935796,3,0.4
17.776853623331515,-0.29911592149288213,-1.0610687502269243,3,0.4
17.900501418559564,-0.2991366666981621,-1.0684309178421638,3,0.4
18.02500925221672,-0.2991870801166344,-1.0758495251563314,3,0.4
18.150383106343334,-0.29921974469895063,-1.08331591507045,3,0.4
18.27662900458813,-0.29928214920810253,-1.0908395593910367,3,0.4
18.403753012497624,-0.2993133189908074,-1.0984090367864596,3,0.4
18.53176123780754,-0.2993675231542715,-1.1060352276218106,3,0.4
18.660659830736275,-0.2994176829476284,-1.113713225133317,3,0.4
18.790454984280366,-0.29946383621782485,-1.1214433759369584,3,0.4
18.921152934512047,-0.299499242124723,-1.1292246699252853,3,0.4
19.05275996087888,-0.2995578356234183,-1.1370642726110411,3,0.4
19.18528238650542,-0.29960576022255,-1.1449557615511428,3,0.4
19.31872657849705,-0.29965661440005054,-1.1529022398940845,3,0.4
19.453098948245852,-0.2997104387898461,-1.1609040954810363,3,0.4
19.588405951738682,-0.2997469364230171,-1.1689574980271247,3,0.4
19.72465408986733,-0.2998068252788955,-1.1770712536286057,3,0.4
19.861849908740865,-0.29986303016906546,-1.185240140259137,3,0.4
20.00000000000015,-0.2999088143869181,-1.193463090912582,3,0.4
20.13911100113453,-0.2999577802927492,-1.2017433407531941,3,0.4
20.279189595800737,-0.30003031078210357,-1.2100856641635864,3,0.4
20.42024251414402,-0.3000722138601505,-1.2184788259622137,3,0.4
20.56227653312149,-0.30013099196578846,-1.2269334228471342,3,0.4
20.70529847682771,-0.30019313186564484,-1.2354469551478455,3,0.4
20.849315216822593,-0.3002451206094121,-1.244016844331478,3,0.4
20.994333672461515,-0.3003005647782741,-1.252646463492504,3,0.4
21.14036081122778,-0.3003662921099756,-1.2613377533997172,3,0.4
21.28740364906737,-0.3004152316362985,-1.270085055048934,3,0.4
21.43546925072604,-0.30048133192181037,-1.2788963998070133,3,0.4
21.584564730088722,-0.30055108310607564,-1.287769182458095,3,0.4
21.734697250521346,-0.3006041955966115,-1.296699154445843,3,0.4
21.885874025214974,-0.3006610605026525,-1.305691372201397,3,0.4
22.038102317532406,-0.3007352900999722,-1.314749442317826,3,0.4
22.191389441357092,-0.30080659672968935,-1.3238690929204426,3,0.4
22.345742761444598,-0.30086825338773293,-1.3330491334059198,3,0.4
22.501169693776383,-0.30092709418441593,-1.3422915637869695,3,0.4
22.657677705916175,-0.3009967345521678,-1.351600058922146,3,0.4
22.815274317368676,-0.3010636694317346,-1.360971832032094,3,0.4
22.973967099940907,-0.3011415159815439,-1.3704106097139501,3,0.4
23.13376367810596,-0.30121677046140305,-1.379913566731789,3,0.4
23.29467172936933,-0.30128949064439864,-1.3894811357447536,3,0.4
23.456698984637793,-0.3013461738121193,-1.3991103827161973,3,0.4
23.619853228590827,-0.30142756314866004,-1.4088118554290865,3,0.4
23.784142300054643,-0.30149303498506685,-1.4185758865274194,3,0.4
23.949574092378796,-0.3015833348537573,-1.428413171547009,3,0.4
24.11615655381544,-0.3016578400498177,-1.4383139086837269,3,0.4
24.28389768790117,-0.30172339381422864,-1.4482802219564712,3,0.4
24.452805553841607,-0.30180718348334545,-1.4583195552815276,3,0.4
24.622888266898567,-0.30187536869397025,-1.468423633148465,3,0.4
24.794153998779972,-0.3019822633551837,-1.47860709073206,3,0.4
24.966610978032485,-0.30206012289654305,-1.4888526822531822,3,0.4
25.140267490436816,-0.3021361386214682,-1.4991679502985424,3,0.4
25.315131879405854,-0.3022103785035637,-1.5095533662712741,3,0.4
25.4912125463855,-0.3023032556291899,-1.5200148978852448,3,0.4
25.668517951258348,-0.30238093315953835,-1.5305439191880883,3,0.4
25.847056612750112,-0.3024773891308558,-1.5411501182590015,3,0.4
26.026837108838944,-0.3025723511322895,-1.5518284880355129,3,0.4
26.20786807716754,-0.3026591102531352,-1.5625776354181224,3,0.4
26.390158215458165,-0.302758085221633,-1.573403700656621,3,0.4
26.573716281930512,-0.3028354421638302,-1.584297715177182,3,0.4
26.758551095722524,-0.3029387293667554,-1.5952735138281158,3,0.4
26.944671537314093,-0.303034114700491,-1.606322082924722,3,0.4
27.13208654895373,-0.3031352398434798,-1.617447787377291,3,0.4
27.320805135088207,-0.3032354018012517,-1.6286492163598747,3,0.4
27.510836362795175,-0.30332789834589796,-1.6399249086667675,3,0.4
27.7021893622188,-0.3034399393529073,-1.651283300849916,3,0.4
27.89487332700842,-0.3035241312480946,-1.6627110138993313,3,0.4
28.088897514760255,-0.3036280333308324,-1.6742225302901854,3,0.4
28.284271247462218,-0.3037313831789515,-1.685812410683114,3,0.4
28.48100391194176,-0.3038342663224465,-1.6974811889946815,3,0.4
28.679104960316874,-0.3039503348348054,-1.7092335229798648,3,0.4
28.878583910450253,-0.30406611153528496,-1.7210658916310129,3,0.4
29.079450346406546,-0.30417490262998526,-1.7329767523889585,3,0.4
29.28171391891285,-0.3042835810620296,-1.7449687150853228,3,0.4
29.485384345822368,-0.3043990213503806,-1.7570444514674013,3,0.4
29.690471412581335,-0.3045077502201133,-1.7692002983265631,3,0.4
29.896984972699123,-0.30463021104229876,-1.7814432158301476,3,0.4
30.104934948221704,-0.3047529329739936,-1.7937695348249596,3,0.4
30.314331330208326,-0.30486244571882404,-1.806175471216961,3,0.4
30.52518417921155,-0.304992764084017,-1.8186724721246943,3,0.4
30.73750362576062,-0.3051100700445168,-1.8312502141397082,3,0.4
30.951299870848175,-0.30523481462138696,-1.843915858543419,3,0.4
31.16658318642038,-0.30536709995342826,-1.8566700391920041,3,0.4
31.38336391587042,-0.3055002456428339,-1.8695111406747746,3,0.4
31.60165247453548,-0.305620788268672,-1.8824352199673557,3,0.4
31.82145935019715,-0.305762753807965,-1.8954542121687978,3,0.4
32.04279510358529,-0.30589232951742107,-1.9085573573519894,3,0.4
32.26567036888546,-0.3060367609628585,-1.9217544405162947,3,0.4
32.49009585424984,-0.3061690213780873,-1.9350368378486746,3,0.4
32.716082342311665,-0.3063095755765343,-1.948412121591471,3,0.4
32.94364069070335,-0.30644496788528097,-1.961876231798967,3,0.4
33.172781832578096,-0.30659566714685504,-1.9754368961449442,3,0.4
33.40351677713521,-0.3067414357440321,-1.9890876490590663,3,0.4
33.63585661014903,-0.30688917628437906,-2.002831495056695,3,0.4
33.86981249450153,-0.30703900828788233,-2.016669077142904,3,0.4
34.10539567071872,-0.30719783812089163,-2.030603492966407,3,0.4
34.34261745751061,-0.30734543278039356,-2.044628045973515,3,0.4
34.58148925231507,-0.3074954868893522,-2.058748259261374,3,0.4
34.822022531845434,-0.30764812648368894,-2.072964795225643,3,0.4
35.064228852641875,-0.30781705079467214,-2.0872833586449526,3,0.4
35.30811985162668,-0.3079684605978917,-2.1016920462831377,3,0.4
35.55370724666329,-0.30814320196522627,-2.1162067007558356,3,0.4
35.80100283711939,-0.3083142643824603,-2.1308178781393177,3,0.4
36.05001850443371,-0.3084817821282835,-2.14552621370057,3,0.4
36.30076621268694,-0.3086594640809782,-2.160337562244323,3,0.4
36.55325800917653,-0.30882708927289676,-2.1752448001869222,3,0.4
36.80750602499552,-0.30900515704920944,-2.1902564542716783,3,0.4
37.06352247561536,-0.3091734492887787,-2.2053653022242568,3,0.4
37.32131966147283,-0.30935925691201815,-2.2205826714348618,3,0.4
37.58090996856101,-0.30954236515236677,-2.2359012955696693,3,0.4
37.84230586902438,-0.3097229212549747,-2.251321844841324,3,0.4
38.105519921758045,-0.3099078618397054,-2.266847731522828,3,0.4
38.37056477301113,-0.3101109136965384,-2.2824852052025726,3,0.4
38.63745315699439,-0.3103050804115899,-2.2982240225791575,3,0.4
38.906197896491996,-0.31049730460539277,-2.314067612217164,3,0.4
39.176811903477656,-0.3106945315579516,-2.3300194847779205,3,0.4
39.449308179734956,-0.31090370926500444,-2.346083234423961,3,0.4
39.72369981748203,-0.3110978465847112,-2.3622482733501786,3,0.4
40.000000000000604,-0.3113110487791028,-2.378529562166476,3,0.4
40.27822200226936,-0.31152311687376594,-2.394919319234807,3,0.4
40.55837919160177,-0.31172742983331053,-2.411415356022972,3,0.4
40.840485028288356,-0.31195131342625876,-2.4280300764527496,3,0.4
41.124553066243294,-0.31216099531780706,-2.4447496295734106,3,0.4
41.410596953655734,-0.3123905960520091,-2.461589507225021,3,0.4
41.6986304336455,-0.3126131356764891,-2.4785386618006013,3,0.4
41.98866734492334,-0.31284237233163875,-2.495603817176763,3,0.4
42.28072162245588,-0.3130716980733159,-2.5127827588319906,3,0.4
42.57480729813507,-0.3133012967327027,-2.5300762526889184,3,0.4
42.8709385014524,-0.31353814487982223,-2.547488150090969,3,0.4
43.16912946017777,-0.3137756412021947,-2.565016192316414,3,0.4
43.46939450104301,-0.3140207675420662,-2.5826642862630385,3,0.4
43.771748050430276,-0.31426692714345716,-2.6004301435188566,3,0.4
44.07620463506514,-0.31452110724642207,-2.6183177274275993,3,0.4
44.38277888271451,-0.3147767157624576,-2.636324719597236,3,0.4
44.69148552288952,-0.31502716236163997,-2.65444872024024,3,0.4
45.00233938755311,-0.31528623375142495,-2.672696944439976,3,0.4
45.315355411832684,-0.31555413701636426,-2.691070282656849,3,0.4
45.63054863473769,-0.3158107053342399,-2.709559799782244,3,0.4
45.947934199882155,-0.31607652644202117,-2.728176097795956,3,0.4
46.26752735621227,-0.3163654008223491,-2.7469267356134157,3,0.4
46.58934345873901,-0.31664358345748356,-2.7657960387894653,3,0.4
46.913397969275934,-0.3169316723605835,-2.784794836065498,3,0.4
47.23970645718201,-0.31720951117219043,-2.80391388276384,3,0.4
47.56828460010965,-0.317497704922965,-2.823164160477687,3,0.4
47.89914818475796,-0.317782895369354,-2.8425397378992017,3,0.4
48.232313107631235,-0.31808569549886234,-2.862051823593071,3,0.4
48.5677953758027,-0.3183927527133622,-2.8816944781509855,3,0.4
48.90561110768358,-0.3186975100031974,-2.9014650905071635,3,0.4
49.2457765337975,-0.3190002071573497,-2.9213644968406576,3,0.4
49.58830799756032,-0.319314677102202,-2.9414006640264874,3,0.4
49.933221956065346,-0.31962757667262837,-2.961567416720479,3,0.4
50.280534980874016,-0.31995954162214835,-2.9818764476153103,3,0.4
50.630263758812085,-0.32028364315029245,-3.002314299729713,3,0.4
50.982425092771386,-0.3206001358076984,-3.0228817701453514,3,0.4
51.33703590251707,-0.32094325931197,-3.0435981002475447,3,0.4
51.69411322550061,-0.3212860921256704,-3.0644496309425295,3,0.4
52.05367421767828,-0.32162889939226885,-3.085437257970294,3,0.4
52.41573615433548,-0.3219787468087037,-3.106565649625359,3,0.4
52.78031643091672,-0.3223359070601279,-3.127835795175397,3,0.4
53.14743256386143,-0.32267346493747073,-3.149233421857643,3,0.4
53.517102191445446,-0.3230460814417906,-3.1707899718393167,3,0.4
53.8893430746286,-0.3234132526074119,-3.1924835536584335,3,0.4
54.264173097907864,-0.32378886065403845,-3.214322826488623,3,0.4
54.64161027017682,-0.3241595975989555,-3.2363009732686097,3,0.4
55.02167272559077,-0.32454615338099846,-3.2584307294825274,3,0.4
55.40437872443802,-0.324928427235769,-3.2807012887866973,3,0.4
55.78974665401725,-0.32532031828927177,-3.3031215608726896,3,0.4
56.17779502952094,-0.3257153309324035,-3.325688579714413,3,0.4
56.56854249492486,-0.3261205733490585,-3.348407403743553,3,0.4
56.962007823883944,-0.3265227557748585,-3.371270938129781,3,0.4
57.358209920634174,-0.32694939775668264,-3.3942965914885708,3,0.4
57.75716782090094,-0.32736001105996454,-3.4174607506043224,3,0.4
58.158900692813525,-0.32777532157436123,-3.440776721592831,3,0.4
58.56342783782614,-0.32820926094185404,-3.4642539582987677,3,0.4
58.97076869164518,-0.3286417536680376,-3.4878809780914843,3,0.4
59.38094282516311,-0.32909354293094206,-3.511671549635301,3,0.4
59.79396994539869,-0.3295445591452688,-3.5356140353544196,3,0.4
60.209869896443855,-0.3299951441096315,-3.559709426603918,3,0.4
60.628662660417106,-0.3304320350737575,-3.5839500133648707,3,0.4
61.05036835842356,-0.3309168220837285,-3.6083760914380725,3,0.4
61.4750072515217,-0.3313750115188807,-3.632940743652962,3,0.4
61.90259974169682,-0.33185459560236164,-3.6576757582541406,3,0.4
62.33316637284123,-0.33233552298320224,-3.6825690185602102,3,0.4
62.766727831741306,-0.3328249670598263,-3.7076260822487646,3,0.4
63.20330494907143,-0.33331649375475786,-3.732843562115012,3,0.4
63.642918700394766,-0.33381728606120586,-3.7582270990278013,3,0.4
64.08559020717105,-0.33433453312650047,-3.783782471078925,3,0.4
64.5313407377714,-0.33484819816659855,-3.809497054343877,3,0.4
64.98019170850016,-0.335358669116231,-3.8353718540104693,3,0.4
65.43216468462381,-0.33589357420555743,-3.8614266849146897,3,0.4
65.8872813814072,-0.3364328877145779,-3.887648764710387,3,0.4
66.34556366515669,-0.336970202847272,-3.9140344624964185,3,0.4
66.80703355427093,-0.33751954659522854,-3.940594422432646,3,0.4
67.27171322029855,-0.33808133281822944,-3.9673299011275227,3,0.4
67.73962498900357,-0.3386355462879922,-3.994227570578039,3,0.4
68.21079134143795,-0.33920985322349445,-4.021308007422472,3,0.4
68.68523491502174,-0.33978424657065565,-4.048557806363231,3,0.4
69.16297850463066,-0.34037278212888467,-4.075988005514546,3,0.4
69.6440450636914,-0.340955458151512,-4.103584917234063,3,0.4
70.12845770528428,-0.3415599684295905,-4.13136971203775,3,0.4
70.61623970325388,-0.3421731339798422,-4.159333696202325,3,0.4
71.10741449332713,-0.34279540644574036,-4.1874781250163,3,0.4
71.60200567423932,-0.34341361171205004,-4.21579398051678,3,0.4
72.10003700886796,-0.3440350242861455,-4.244287508842374,3,0.4
72.60153242537443,-0.3446873755896041,-4.272980755740395,3,0.4
73.10651601835362,-0.3453234231477188,-4.30183859582658,3,0.4
73.61501204999159,-0.34597772587195663,-4.330888352914336,3,0.4
74.12704495123128,-0.34664394987125935,-4.360126147277108,3,0.4
74.64263932294622,-0.3473157642487779,-4.389547967142322,3,0.4
75.16181993712259,-0.34800047995788375,-4.419160464047958,3,0.4
75.68461173804933,-0.3486849555609317,-4.4489541440989235,3,0.4
76.21103984351666,-0.3493833327939672,-4.478941122930541,3,0.4
76.74112954602285,-0.35008929986900944,-4.509117296432995,3,0.4
77.27490631398935,-0.35080336989092525,-4.539483973562845,3,0.4
77.81239579298456,-0.3515192388694944,-4.570036888647835,3,0.4
78.3536238069559,-0.35227154508648967,-4.600805403295898,3,0.4
78.8986163594705,-0.35299941112919586,-4.631740335492663,3,0.4
79.44739963496465,-0.3537579587111322,-4.662888117374455,3,0.4
80.00000000000179,-0.3545204338074607,-4.694227503830775,3,0.4
80.55644400453932,-0.35528055495623573,-4.725753989820531,3,0.4
81.11675838320417,-0.35606617667009743,-4.757492055681267,3,0.4
81.68097005657731,-0.3568573790306653,-4.789425774951637,3,0.4
82.24910613248719,-0.35765472352783373,-4.821556474830203,3,0.4
82.8211939073121,-0.3584724349424935,-4.853897395288542,3,0.4
83.39726086729164,-0.35927694300168156,-4.886420192518766,3,0.4
83.97733468984731,-0.36010297112832385,-4.9191560261751395,3,0.4
84.56144324491237,-0.36095793942776266,-4.952112611142929,3,0.4
85.14961459627077,-0.3618014542665731,-4.985255040550489,3,0.4
85.74187700290544,-0.36265460269338734,-5.018602834456494,3,0.4
86.33825892035618,-0.3635316535879418,-5.05216983742322,3,0.4
86.93878900208668,-0.36441955130695863,-5.085945279504215,3,0.4
87.54349610086122,-0.36531207474923527,-5.119924352762009,3,0.4
88.15240927013093,-0.3662030054119897,-5.154102092777234,3,0.4
88.7655577654297,-0.3671271475407331,-5.1885116277347345,3,0.4
89.38297104577971,-0.3680441151217092,-5.223116371672886,3,0.4
90.00467877510688,-0.3689750533888675,-5.257936870709544,3,0.4
90.63071082366605,-0.36993428461766775,-5.292987715045494,3,0.4
91.26109726947607,-0.3708814225864394,-5.3282314420498045,3,0.4
91.895868399765,-0.3718513177380773,-5.363702119063285,3,0.4
92.53505471242522,-0.372844634467741,-5.399401515160955,3,0.4
93.17868691747873,-0.3738346714442041,-5.4353046549808015,3,0.4
93.82679593855258,-0.37484262569279453,-5.471433011606603,3,0.4
94.47941291436473,-0.3758623321016449,-5.507781495363304,3,0.4
95.13656920022001,-0.37688762773287837,-5.544344850519346,3,0.4
95.79829636951663,-0.3779465857911108,-5.581152051279035,3,0.4
96.4646262152632,-0.378978279715714,-5.618142797647795,3,0.4
97.13559075160614,-0.3800655782151485,-5.655401574108229,3,0.4
97.81122221536789,-0.3811338579291707,-5.692853646301702,3,0.4
98.49155306759573,-0.3822317724574387,-5.730549480106462,3,0.4
99.17661599512138,-0.3833326388988129,-5.768462587617045,3,0.4
99.86644391213144,-0.38444402851796616,-5.806601574422235,3,0.4
100.56106996174877,-0.3855735227116964,-5.844975265128221,3,0.4
101.26052751762494,-0.3867355683818864,-5.883599978544119,3,0.4
101.96485018554354,-0.38789663272240726,-5.92244120907311,3,0.4
102.67407180503491,-0.3890574538051966,-5.961500327474051,3,0.4
103.388226451002,-0.39024620990780956,-6.000808419356247,3,0.4
104.10734843535732,-0.39143622494272806,-6.040337611552984,3,0.4
104.83147230867174,-0.39264883689431296,-6.080111920479009,3,0.4
105.56063286183424,-0.39388481701214395,-6.120133271607785,3,0.4
106.29486512772365,-0.3951312153915906,-6.160388353780484,3,0.4
107.03420438289172,-0.39638194264215276,-6.200871145398068,3,0.4
107.778686149258,-0.3976377757452107,-6.241583174176269,3,0.4
108.52834619581655,-0.39894070043505225,-6.2825727429871865,3,0.4
109.28322054035448,-0.40021597380674745,-6.323756090460008,3,0.4
110.04334545118235,-0.40154680745742793,-6.365228810563462,3,0.4
110.80875744887686,-0.4028721868254408,-6.406922077374142,3,0.4
111.57949330803534,-0.4042066524372654,-6.448853234951738,3,0.4
112.35559005904271,-0.4055647606316651,-6.491040092176355,3,0.4
113.13708498985058,-0.406940457982905,-6.5334765645909,3,0.4
113.92401564776874,-0.4083345672933847,-6.576164551259338,3,0.4
114.71641984126921,-0.409741038201466,-6.619097744808137,3,0.4
115.51433564180275,-0.41116069904131947,-6.66227793082639,3,0.4
116.31780138562794,-0.4125875017743436,-6.705698572556815,3,0.4
117.12685567565316,-0.41404980987632733,-6.749394967234251,3,0.4
117.94153738329126,-0.4155071745996202,-6.79331871230273,3,0.4
118.76188565032712,-0.4170086283017893,-6.837530851257709,3,0.4
119.58793989079828,-0.4184999431375881,-6.881965350575741,3,0.4
120.41973979288862,-0.42001639945763697,-6.926666672174573,3,0.4
121.25732532083512,-0.4215519710798401,-6.971628278850037,3,0.4
122.10073671684803,-0.42310752150407194,-7.016852188661795,3,0.4
122.95001450304433,-0.4246632371533319,-7.0623139794273815,3,0.4
123.80519948339456,-0.42625445097712444,-7.108059607227396,3,0.4
124.66633274568338,-0.4278544597362963,-7.154055765041923,3,0.4
125.53345566348355,-0.4294710303709476,-7.200313234790373,3,0.4
126.40660989814381,-0.4311050394592442,-7.24683400533576,3,0.4
127.28583740079048,-0.43275736676221965,-7.293620096830112,3,0.4
128.17118041434307,-0.4344288950847525,-7.340673561193098,3,0.4
129.0626814755438,-0.43612051013126507,-7.387996482586898,3,0.4
129.9603834170013,-0.43781928471094,-7.435572328882805,3,0.4
130.86432936924862,-0.4395468276985381,-7.483431030170114,3,0.4
131.77456276281538,-0.4412902149191478,-7.5315560544796325,3,0.4
132.69112733031437,-0.44305724980841077,-7.57995894154573,3,0.4
133.61406710854286,-0.4448211679509098,-7.62860360054191,3,0.4
134.5434264405981,-0.44662435023130714,-7.677549429650164,3,0.4
135.47924997800817,-0.448440031631651,-7.726760271499423,3,0.4
136.42158268287693,-0.4502760242500605,-7.776247861922161,3,0.4
137.3704698300445,-0.45214707324680425,-7.826034090988435,3,0.4
138.32595700926237,-0.4540056093805969,-7.876052138567442,3,0.4
139.28809012738384,-0.45590099594469713,-7.926373158678216,3,0.4
140.25691541056963,-0.4578064253267343,-7.976959614577671,3,0.4
141.23247940650882,-0.4597435818021478,-8.027843794656615,3,0.4
142.2148289866553,-0.4616856341229411,-8.078987471082877,3,0.4
143.20401134847972,-0.46366120979237235,-8.13043347463674,3,0.4
144.200074017737,-0.46565039804926855,-8.182153423630636,3,0.4
145.20306485074994,-0.46766102581662106,-8.234159761566886,3,0.4
146.2130320367083,-0.4697009283366607,-8.286465250247257,3,0.4
147.2300240999843,-0.47175016401251874,-8.339040756650173,3,0.4
148.25408990246365,-0.4738096068937029,-8.391888193789384,3,0.4
149.28527864589356,-0.4759009825913688,-8.445041605309054,3,0.4
150.32363987424628,-0.4780251831926067,-8.49850362585014,3,0.4
151.3692234760998,-0.48016222975732353,-8.552244382401764,3,0.4
152.42207968703445,-0.4823060277258979,-8.606254990076508,3,0.4
153.48225909204683,-0.48447831482591197,-8.660570286489612,3,0.4
154.54981262797986,-0.48667996436247907,-8.715192821884825,3,0.4
155.6247915859703,-0.4888909454511683,-8.770091730798374,3,0.4
156.70724761391295,-0.49111906910906145,-8.825280171410045,3,0.4
157.79723271894218,-0.493386097620901,-8.880794246403795,3,0.4
158.8947992699305,-0.4956649953976677,-8.936591345893671,3,0.4
160.0000000000048,-0.4979705453444428,-8.992696409274057,3,0.4
161.11288800907985,-0.5002966047071995,-9.049100415046485,3,0.4
162.23351676640956,-0.5026370133001591,-9.105794057154464,3,0.4
163.36194011315587,-0.5049995667120972,-9.16279113620665,3,0.4
164.49821226497562,-0.5073920658518312,-9.22010580024048,3,0.4
165.6423878146254,-0.5098083307741132,-9.2777288307281,3,0.4
166.79452173458452,-0.5122351657458014,-9.335638774662366,3,0.4
167.9546693796959,-0.5146943390533247,-9.393873666134306,3,0.4
169.12288648982604,-0.5171726358258978,-9.45241202423317,3,0.4
170.29922919254284,-0.5196708187107733,-9.51125611165579,3,0.4
171.4837540058122,-0.5221896412446587,-9.57040821531998,3,0.4
172.6765178407137,-0.5247438726208582,-9.629895357667147,3,0.4
173.87757800417467,-0.5273202354363128,-9.689695499426735,3,0.4
175.08699220172375,-0.5299054149070117,-9.749785949403972,3,0.4
176.30481854026317,-0.5325211722070663,-9.810206409585286,3,0.4
177.53111553086072,-0.5351682199385775,-9.870959539297516,3,0.4
178.7659420915608,-0.5378331991839054,-9.932022453204372,3,0.4
180.00935755021513,-0.5405027100247277,-9.993371590441772,3,0.4
181.26142164733346,-0.5432266476454181,-10.055099340653983,3,0.4
182.52219453895353,-0.5459493797665306,-10.117104855888226,3,0.4
183.7917367995314,-0.5487137711801563,-10.179468392177501,3,0.4
185.07010942485184,-0.5514993238487247,-10.242153317138028,3,0.4
186.35737383495882,-0.5542925318859964,-10.305135255764977,3,0.4
187.65359187710658,-0.5571292408869217,-10.368482974120068,3,0.4
188.95882582873088,-0.5599747516132931,-10.4321320752477,3,0.4
190.27313840044144,-0.5628578534892116,-10.49613866466782,3,0.4
191.59659273903472,-0.5657579007746811,-10.5604645423517,3,0.4
192.92925243052787,-0.5686895482389129,-10.62513928932113,3,0.4
194.27118150321374,-0.5716391561782903,-10.690137755393275,3,0.4
195.62244443073726,-0.5746142789934012,-10.755475938283752,3,0.4
196.98310613519297,-0.5776082969887896,-10.82114209451952,3,0.4
198.35323199024427,-0.5806358268371488,-10.887166565452866,3,0.4
199.73288782426437,-0.5836902152047438,-10.953537702709742,3,0.4
201.12213992349908,-0.5867647709601027,-11.02024347254631,3,0.4
202.5210550352514,-0.5898669737284206,-11.087300338615538,3,0.4
203.9297003710886,-0.5929900817907287,-11.154696060401381,3,0.4
205.3481436100714,-0.5961486561669895,-11.222461920540836,3,0.4
206.77645290200556,-0.5993287976676425,-11.29057101851061,3,0.4
208.21469687071618,-0.6025307941869656,-11.35902532907949,3,0.4
209.66294461734503,-0.6057406519962958,-11.42779692848997,3,0.4
211.12126572367004,-0.6090013877586915,-11.496977398584571,3,0.4
212.5897302554489,-0.612284722025464,-11.566509298242357,3,0.4
214.06840876578502,-0.6155765581763677,-11.636364033434003,3,0.4
215.5573722985176,-0.6189199324781705,-11.706634945644176,3,0.4
217.05669239163473,-0.6222792740594071,-11.777247856581345,3,0.4
218.5664410807106,-0.6256546830688615,-11.84820426859109,3,0.4
220.08669090236637,-0.6290748984478377,-11.919568286648389,3,0.4
221.6175148977554,-0.6325041728137475,-11.991263772708727,3,0.4
223.15898661607235,-0.635971218674209,-12.063355283668432,3,0.4
224.71118011808713,-0.6394617106556254,-12.135813165665189,3,0.4
226.27416997970286,-0.642961248903505,-12.208606870758183,3,0.4
227.8480312955392,-0.6465129201043346,-12.281834482546227,3,0.4
229.43283968254013,-0.6500879110162463,-12.355433618402085,3,0.4
231.02867128360725,-0.6536789052370094,-12.429389343254218,3,0.4
232.63560277125762,-0.657300172383714,-12.503735786440526,3,0.4
234.25371135130806,-0.6609587810020874,-12.57849126675224,3,0.4
235.88307476658426,-0.664625662233808,-12.653590782385427,3,0.4
237.523771300656,-0.6683294761853804,-12.729102309846965,3,0.4
239.17587978159838,-0.6720627573617971,-12.805010719885173,3,0.4
240.83947958577906,-0.675825228218841,-12.881317444893817,3,0.4
242.51465064167206,-0.6796165786964323,-12.958023845332837,3,0.4
244.2014734336979,-0.6834364658040586,-13.035131206276038,3,0.4
245.9000290060905,-0.6872917798721502,-13.112658154583537,3,0.4
247.61039896679097,-0.6911530371543175,-13.190536015733064,3,0.4
249.33266549136863,-0.6950561336942431,-13.268853045708807,3,0.4
251.06691132696898,-0.6989787693675765,-13.347557581831744,3,0.4
252.81321979628953,-0.702942294797687,-13.426703786420763,3,0.4
254.5716748015829,-0.7069315997177039,-13.506257113977782,3,0.4
256.3423608286881,-0.7109460999285366,-13.58621822294732,3,0.4
258.12536295108947,-0.7149851752531601,-13.66658766700768,3,0.4
259.9207668340045,-0.7190628208216645,-13.747402617762615,3,0.4
261.72865873849923,-0.723171056996186,-13.828645648408228,3,0.4
263.54912552563275,-0.7272871532866787,-13.91026152705266,3,0.4
265.38225466063074,-0.7314543931762131,-13.992361988289302,3,0.4
267.2281342170877,-0.7356426386230375,-14.074873077447982,3,0.4
269.08685288119824,-0.7398584146731475,-14.157813621479992,3,0.4
270.95849995601833,-0.744115616590832,-14.241221909187354,3,0.4
272.8431653657559,-0.7483838709840152,-14.325021759664436,3,0.4
274.74093966009104,-0.7527065480378192,-14.409328336696895,3,0.4
276.6519140185268,-0.7570383812205919,-14.494025993193434,3,0.4
278.5761802547697,-0.7614227694044187,-14.579231120791315,3,0.4
280.51383082114137,-0.7658142651112492,-14.664826275055631,3,0.4
282.4649588130198,-0.7702562979606595,-14.750929075180872,3,0.4
284.42965797331277,-0.7747106728112779,-14.837440232172362,3,0.4
286.40802269696155,-0.779205987723397,-14.924438752459194,3,0.4
288.40014803547615,-0.7837336735438128,-15.011904333630925,3,0.4
290.4061297015021,-0.7883000163819819,-15.09985674363387,3,0.4
292.42606407341884,-0.7928888774173888,-15.188254593032955,3,0.4
294.4600481999708,-0.7974989715649916,-15.27709654829037,3,0.4
296.50817980492957,-0.8021514605198325,-15.36644341179862,3,0.4
298.5705572917893,-0.8068525780617181,-15.45631559738063,3,0.4
300.64727974849484,-0.811563467631935,-15.546607655153336,3,0.4
302.73844695220185,-0.816320290057735,-15.63742299639593,3,0.4
304.84415937407124,-0.8210915461813884,-15.728675772517144,3,0.4
306.964518184096,-0.825921005059419,-15.820492217405802,3,0.4
309.09962525596205,-0.8307695140340943,-15.912764261703199,3,0.4
311.24958317194296,-0.835658221845294,-16.00555465213988,3,0.4
313.4144952278283,-0.840578049914561,-16.098840167156315,3,0.4
315.59446543788675,-0.8455198384109197,-16.192596837844857,3,0.4
317.7895985398634,-0.8505351732219888,-16.28697699909525,3,0.4
320.000000000012,-0.8555388551133065,-16.381735788491067,3,0.4
322.22577601816215,-0.8606129284304832,-16.477115062078802,3,0.4
324.4670335328215,-0.8656871435474217,-16.572911577291595,3,0.4
326.7238802263142,-0.8708285028210703,-16.66932531729837,3,0.4
328.99642452995374,-0.8759971247994359,-16.76624143335235,3,0.4
331.2847756292533,-0.881198903438402,-16.8636799050715,3,0.4
333.5890434691715,-0.8864243713229469,-16.961614820193354,3,0.4
335.90933875939425,-0.8917178835747086,-17.060182348320577,3,0.4
338.2457729796546,-0.8970160747333056,-17.15919413242864,3,0.4
340.5984583850881,-0.9023864923219838,-17.258857445880658,3,0.4
342.96750801162693,-0.9077655389360457,-17.358981615455328,3,0.4
345.3530356814299,-0.9131977131725433,-17.459704978490326,3,0.4
347.75515600835195,-0.9186656660673582,-17.560977188216423,3,0.4
350.1739844034501,-0.9241674721643478,-17.66279479014313,3,0.4
352.60963708052907,-0.9297167658702246,-17.765202691076695,3,0.4
355.0622310617241,-0.9353038367515503,-17.8681734352672,3,0.4
357.53188418312425,-0.9409267129757071,-17.97170333920412,3,0.4
360.0187151004329,-0.9465833942019463,-18.075788492744454,3,0.4
362.52284329466966,-0.9522954103163501,-18.180499434293317,3,0.4
365.0443890779098,-0.9580608387881134,-18.285833156736334,3,0.4
367.58347359906554,-0.9638304363431536,-18.3916352636075,3,0.4
370.14021884970646,-0.9696730399065729,-18.498127690732673,3,0.4
372.7147476699204,-0.9755551371436377,-18.605206133223824,3,0.4
375.30718375421594,-0.9814746621996034,-18.712866233283663,3,0.4
377.9176516574646,-0.987421580275506,-18.821077599487804,3,0.4
380.5462768008857,-0.993441496079953,-18.929990726230827,3,0.4
383.1931854780723,-0.9994766750901143,-19.039420082723254,3,0.4
385.85850486105863,-1.0055728240202668,-19.149517107960108,3,0.4
388.5423630064304,-1.0117199516043631,-19.260251756085523,3,0.4
391.2448888614774,-1.0179079819144057,-19.37159314090946,3,0.4
393.96621227038884,-1.0241347970789874,-19.48353627224485,3,0.4
396.7064639804915,-1.03042244538578,-19.596156635098467,3,0.4
399.4657756485318,-1.0367527708633852,-19.70939610849007,3,0.4
402.24427984700117,-1.043123655377201,-19.823249524063883,3,0.4
405.04211007050577,-1.0495491941301396,-19.937766245376242,3,0.4
407.85940074218024,-1.0560273456723654,-20.0529416312712,3,0.4
410.69628722014585,-1.0625642070677328,-20.168798525759883,3,0.4
413.55290580401413,-1.0691250874082943,-20.285220946636155,3,0.4
416.42939374143555,-1.0757486832724625,-20.402342256287913,3,0.4
419.3258892346932,-1.0824248094795863,-20.520129783776817,3,0.4
422.24253144734325,-1.08915142247517,-20.63857835195547,3,0.4
425.179460510901,-1.09595120958332,-20.75776807746683,3,0.4
428.13681753157323,-1.102764421473436,-20.87749423945243,3,0.4
431.11474459703845,-1.109655042046577,-20.99797970192315,3,0.4
434.11338478327275,-1.1166046217957213,-21.119162499521,3,0.4
437.13288216142445,-1.1236111999726752,-21.241037477146353,3,0.4
440.173381804736,-1.130664463641478,-21.36356998821486,3,0.4
443.23502979551404,-1.1377874878612033,-21.486842451418717,3,0.4
446.31797323214806,-1.1449448665037023,-21.610731606324162,3,0.4
449.4223602361776,-1.152176554469269,-21.735379622047738,3,0.4
452.5483399594091,-1.1594639022464828,-21.860722013541398,3,0.4
455.6960625910818,-1.1668049976011499,-21.986753080644732,3,0.4
458.8656793650838,-1.174223360797618,-22.113557857147775,3,0.4
462.0573425672179,-1.1816917820537873,-22.24104042190837,3,0.4
465.2712055425187,-1.189233920655394,-22.369286492493945,3,0.4
468.5074227026196,-1.1968138925935872,-22.498168058235198,3,0.4
471.76614953317204,-1.2044640002360472,-22.627802000409186,3,0.4
475.04754260131557,-1.2121911451397291,-22.75821433380618,3,0.4
478.3517595632003,-1.2199678654308705,-22.889306424048897,3,0.4
481.6789591715617,-1.227818262513128,-23.02116627432127,3,0.4
485.02930128334776,-1.235732075191892,-23.153757246306757,3,0.4
488.40294686739946,-1.2437163327441554,-23.28710550120966,3,0.4
491.8000580121847,-1.2517694583518608,-23.421205785797845,3,0.4
495.2207979335857,-1.2598986255794018,-23.55608486129675,3,0.4
498.665330982741,-1.268076060579307,-23.69164085764909,3,0.4
502.1338226539417,-1.2763352296902422,-23.827997042176694,3,0.4
505.62643959258287,-1.28466593983097,-23.965116097047364,3,0.4
509.14334960316967,-1.2930667514900838,-24.102992736064426,3,0.4
512.68472165738,-1.3015628490660747,-24.24172048077015,3,0.4
516.2507259021829,-1.3101085802820993,-24.381129695161494,3,0.4
519.841533668013,-1.3187380848899681,-24.52134702789559,3,0.4
523.4573174770023,-1.3274232940073014,-24.662267438634203,3,0.4
527.0982510512695,-1.336207658692484,-24.8040528981695,3,0.4
530.7645093212655,-1.3450811617453295,-24.946665825679922,3,0.4
534.4562684341794,-1.3539975526420003,-25.089932015893844,3,0.4
538.1737057624005,-1.3630188027303487,-25.234083521426935,3,0.4
541.9169999120409,-1.3721258671777092,-25.37904826225274,3,0.4
545.6863307315159,-1.3812903700543049,-25.524718293783017,3,0.4
549.4818793201863,-1.390556822412992,-25.6712607329803,3,0.4
553.3038280370578,-1.3999060748839427,-25.818602342556396,3,0.4
557.1523605095437,-1.4093279759201793,-25.966703481788823,3,0.4
561.027661642287,-1.4188492482131212,-26.1156643579424,3,0.4
564.9299176260438,-1.4284413625847712,-26.265375313421387,3,0.4
568.8593159466297,-1.4381126645752986,-26.41586654710606,3,0.4
572.8160453939274,-1.4478903219341652,-26.567240162367472,3,0.4
576.8002960709567,-1.4577550658951806,-26.719421224395663,3,0.4
580.8122594030085,-1.4677062026645629,-26.87240538572453,3,0.4
584.8521281468421,-1.4777619320433142,-27.026260537744033,3,0.4
588.920096399946,-1.4879028791261653,-27.180910706089463,3,0.4
593.0163596098636,-1.4981379329604096,-27.336387960280348,3,0.4
597.1411145835832,-1.5084666113608904,-27.49268840044631,3,0.4
601.2945594969942,-1.5188788953980927,-27.649771345334727,3,0.4
605.4768939044083,-1.529403062101765,-27.807743230399158,3,0.4
609.688318748147,-1.5400292897730183,-27.96656402623189,3,0.4
613.9290363681965,-1.550737981910528,-28.126155800454203,3,0.4
618.1992505119288,-1.561567523547841,-28.286663883379294,3,0.4
622.4991663438906,-1.5724984527937647,-28.448010683904556,3,0.4
626.8289904556613,-1.5835012818086058,-28.61007960801376,3,0.4
631.1889308757782,-1.5946246214137858,-28.77305537141097,3,0.4
635.5791970797316,-1.6058587454578488,-28.936897535396746,3,0.4
640.0000000000289,-1.6172037034226734,-29.10160326286913,3,0.4
644.4515520363291,-1.6286595800589074,-29.267169739305732,3,0.4
648.9340670656479,-1.6401966141617865,-29.43347860454373,3,0.4
653.4477604526332,-1.6518646121720275,-29.600719098269003,3,0.4
657.9928490599125,-1.6636238453345766,-29.76873409156249,3,0.4
662.5695512585116,-1.6754944582925702,-29.937597940716948,3,0.4
667.178086938348,-1.6874969384993987,-30.107386261642358,3,0.4
671.8186775187937,-1.6996318166779742,-30.27809733968223,3,0.4
676.4915459593144,-1.7118385067099917,-30.449492870765354,3,0.4
681.1969167701814,-1.7241885298184754,-30.621845614483313,3,0.4
685.935016023259,-1.7366415594058413,-30.794995474169074,3,0.4
690.7060713628651,-1.7492391704754215,-30.96909906748125,3,0.4
695.5103120167091,-1.7619407903040103,-31.14399519426613,3,0.4
700.3479688069056,-1.7747364151334764,-31.319640879182195,3,0.4
705.2192741610634,-1.78770984798619,-31.496355443259855,3,0.4
710.1244621234536,-1.800757633215592,-31.673734634432115,3,0.4
715.0637683662537,-1.8139640671472612,-31.852099293610177,3,0.4
720.0374302008713,-1.8272458029102068,-32.03112304960416,3,0.4
725.0456865893448,-1.8407197115208305,-32.2112517235979,3,0.4
730.0887781558251,-1.8542809222609755,-32.39207603065674,3,0.4
735.1669471981365,-1.867983292432983,-32.57379845023312,3,0.4
740.2804376994185,-1.8818171554279264,-32.75637654510698,3,0.4
745.4294953398465,-1.895772706762254,-32.93976738595157,3,0.4
750.6143675084376,-1.909883315825558,-33.124093742852764,3,0.4
755.8353033149348,-1.924117686174197,-33.30922995567444,3,0.4
761.0925536017771,-1.9384986147037722,-33.495257865641854,3,0.4
766.3863709561504,-1.9529835083548919,-33.68200881072443,3,0.4
771.717009722123,-1.9676502030399536,-33.869774757785486,3,0.4
777.0847260128666,-1.9824230540605807,-34.05826072270348,3,0.4
782.4897777229608,-1.997336201028608,-34.24759130853722,3,0.4
787.9324245407837,-2.0124355349981853,-34.437935052931294,3,0.4
793.412927960989,-2.027633343779982,-34.62895198300713,3,0.4
798.9315512970695,-2.0430091485219255,-34.820938203513116,3,0.4
804.4885596940084,-2.0584857008362833,-35.01359435989809,3,0.4
810.0842201410177,-2.0741432657650223,-35.20721827943433,3,0.4
815.7188014843666,-2.0899267786364755,-35.40159507732713,3,0.4
821.392574440298,-2.1058832228887114,-35.59689559917434,3,0.4
827.1058116080346,-2.1219684633477924,-35.79294680083994,3,0.4
832.8587874828772,-2.138241494593579,-35.989963781281936,3,0.4
838.6517784693928,-2.1546232268839707,-36.18764277170458,3,0.4
844.4850628946929,-2.171184569607755,-36.38624288125174,3,0.4
850.3589210218082,-2.187915817153807,-36.58572036374775,3,0.4
856.2736350631529,-2.2047836048918965,-36.7859436668667,3,0.4
862.2294891940834,-2.2218011790792405,-36.98695533797908,3,0.4
868.226769566552,-2.2389938757685184,-37.18884223717197,3,0.4
874.2657643228554,-2.2563398721096797,-37.3915160290955,3,0.4
880.3467636094787,-2.2738528269366016,-37.59501990354347,3,0.4
886.4700595910348,-2.2915226271970885,-37.79930910084856,3,0.4
892.635946464303,-2.309375165801166,-38.004471265439406,3,0.4
898.844720472362,-2.3273641061128543,-38.21032877844552,3,0.4
905.096679918825,-2.3455396369532218,-38.417057959360434,3,0.4
911.3921251821704,-2.363867280263578,-38.624525059582034,3,0.4
917.7313587301744,-2.3823733276493635,-38.83281817575515,3,0.4
924.1146851344428,-2.4010598737365294,-39.041936758124514,3,0.4
930.5424110850445,-2.4199166585119096,-39.25183556570737,3,0.4
937.0148454052463,-2.43892079014734,-39.462424339954445,3,0.4
943.5322990663512,-2.458111454921835,-39.67383637908891,3,0.4
950.0950852026382,-2.4774783192608236,-39.88602624555014,3,0.4
956.7035191264079,-2.497036077892179,-40.09903810622592,3,0.4
963.3579183431307,-2.5167363447330575,-40.31269143685282,3,0.4
970.0586025667028,-2.536644372961219,-40.52721014389032,3,0.4
976.8058937348063,-2.556724331794929,-40.742458502722016,3,0.4
983.6001160243768,-2.576965411401457,-40.95839044152179,3,0.4
990.4415958671789,-2.5974210788707985,-41.17518554044123,3,0.4
997.3306619654895,-2.6180550740958535,-41.39270758440855,3,0.4
1004.267645307891,-2.638856494575415,-41.61091034082148,3,0.4
1011.2528791851732,-2.659840370931415,-41.829837974597396,3,0.4
1018.2866992063468,-2.6810088631152027,-42.049489466245596,3,0.4
1025.3694433147675,-2.7023641561488816,-42.26986377305203,3,0.4
1032.5014518043733,-2.7239217067249943,-42.491005177921245,3,0.4
1039.6830673360337,-2.7456307017242567,-42.71273114968611,3,0.4
1046.9146349540124,-2.767573058925624,-42.93531272996124,3,0.4
1054.1965021025467,-2.7896844684633204,-43.15852187004697,3,0.4
1061.5290186425389,-2.8120208180841106,-43.38253893760204,3,0.4
1068.9125368683667,-2.8345035212844443,-43.60709019674737,3,0.4
1076.347411524809,-2.857188628238345,-43.83235597892923,3,0.4
1083.8339998240897,-2.880092175543565,-44.05838037302792,3,0.4
1091.37266146304,-2.903175554305802,-44.285025709455056,3,0.4
1098.9637586403808,-2.926440811583043,-44.51229056100548,3,0.4
1106.607656074124,-2.9499177121346296,-44.74026428661969,3,0.4
1114.3047210190957,-2.9736226184014223,-44.968990716640846,3,0.4
1122.0553232845823,-2.997488323434499,-45.19824129299476,3,0.4
1129.859835252096,-3.021544646260123,-45.42810524804438,3,0.4
1137.7186318932681,-3.045821915463142,-45.65867162372486,3,0.4
1145.6320907878635,-3.070322655846227,-45.88993859292506,3,0.4
1153.600592141922,-3.0950067494524864,-46.12176843085708,3,0.4
1161.6245188060257,-3.119890477967785,-46.35420467942535,3,0.4
1169.704256293693,-3.144976042083296,-46.58724549808999,3,0.4
1177.840192799901,-3.1702656571083248,-46.82088898944901,3,0.4
1186.032719219736,-3.195761552529184,-47.055133195686416,3,0.4
1194.2822291671753,-3.2214950371855338,-47.29006620353934,3,0.4
1202.5891189939975,-3.2473957663722457,-47.52546059804603,3,0.4
1210.9537878088256,-3.273509419121275,-47.761449544460575,3,0.4
1219.3766374963034,-3.299852998486954,-47.99807569899359,3,0.4
1227.8580727364024,-3.326369847380239,-48.23515730769391,3,0.4
1236.3985010238666,-3.3531210940320255,-48.47287157987961,3,0.4
1244.9983326877905,-3.3800645087664325,-48.711081839757426,3,0.4
1253.657980911332,-3.407246961500255,-48.94991978646606,3,0.4
1262.377861751566,-3.4346108241067332,-49.18920452036059,3,0.4
1271.1583941594727,-3.4622031752190114,-49.42906736841238,3,0.4
1280.0000000000673,-3.4900415331779344,-49.669549884021045,3,0.4
1288.9031040726677,-3.5180523050758254,-49.91042769758233,3,0.4
1297.8681341313059,-3.5462676819235472,-50.151787270117744,3,0.4
1306.8955209052763,-3.574720370529983,-50.393714237030665,3,0.4
1315.9856981198345,-3.603366493975108,-50.636073647161034,3,0.4
1325.1391025170333,-3.632254319089499,-50.87899470818904,3,0.4
1334.3561738767062,-3.661355146102956,-51.12238665891563,3,0.4
1343.6373550375972,-3.6906709929781516,-51.36624675056528,3,0.4
1352.9830919186386,-3.7202038824244212,-51.610572161175355,3,0.4
1362.393833540373,-3.749940103341134,-51.85531664958894,3,0.4
1371.8700320465282,-3.7799130992257357,-52.10056405708562,3,0.4
1381.4121427257405,-3.810077499347659,-52.346181701127946,3,0.4
1391.0206240334287,-3.840482746108187,-52.59229609116153,3,0.4
1400.6959376138216,-3.871115077581526,-52.8388608001252,3,0.4
1410.4385483221372,-3.901928368890179,-53.085744582438025,3,0.4
1420.2489242469178,-3.9330208067481127,-53.33320038505127,3,0.4
1430.1275367325184,-3.964281730637243,-53.580926976305406,3,0.4
1440.0748604017533,-3.995777408642777,-53.829091414365436,3,0.4
1450.0913731787002,-4.027509886852282,-54.077690069777766,3,0.4
1460.177556311661,-4.059432097351512,-54.32659367327229,3,0.4
1470.3338943962842,-4.091594821717374,-54.575924970634695,3,0.4
1480.560875398848,-4.1239671110339655,-54.82559707115646,3,0.4
1490.8589906797042,-4.156583751427281,-55.07568969070443,3,0.4
1501.2287350168863,-4.1893969188197175,-55.32607535374094,3,0.4
1511.670606629881,-4.222474827695111,-55.57691533374238,3,0.4
1522.1851072035656,-4.255719223575107,-55.827960303111006,3,0.4
1532.772741912312,-4.289198442277594,-56.079371032181236,3,0.4
1543.4340194442575,-4.322948069607871,-56.3312243735264,3,0.4
1554.1694520257447,-4.356851794776305,-56.583234185217,3,0.4
1564.9795554459333,-4.390995498829116,-56.83559922214643,3,0.4
1575.8648490815792,-4.425381017039973,-57.088315405713765,3,0.4
1586.8258559219898,-4.4600101797761855,-57.341378560936796,3,0.4
1597.863102594151,-4.494816105881509,-57.594627335373985,3,0.4
1608.9771193880288,-4.5298688357354004,-57.848216260664735,3,0.4
1620.1684402820476,-4.565135589887407,-58.10206329575394,3,0.4
1631.4376029687455,-4.600635174407025,-58.35620391050056,3,0.4
1642.7851488806082,-4.636334377470515,-58.610557558811884,3,0.4
1654.2116232160815,-4.672251936399981,-58.86515984081891,3,0.4
1665.7175749657672,-4.708424360515825,-59.12008317482719,3,0.4
1677.303556938798,-4.744800645937858,-59.37520995739998,3,0.4
1688.9701257893985,-4.781417349531192,-59.630612220580446,3,0.4
1700.7178420436294,-4.818240637514312,-59.886211591283455,3,0.4
1712.5472701263188,-4.855289518527251,-60.14204215122812,3,0.4
1724.4589783881795,-4.892511907003209,-60.39799072170279,3,0.4
1736.453539133117,-4.930016012250295,-60.654273717607,3,0.4
1748.531528645724,-4.967731963749789,-60.910741043095875,3,0.4
1760.6935272189705,-5.00566097548532,-61.16738978944018,3,0.4
1772.940119182083,-5.043822315790486,-61.42425242906191,3,0.4
1785.2718929286193,-5.082199240547648,-61.681289974682294,3,0.4
1797.6894409447373,-5.1207747728747215,-61.93846454689425,3,0.4
1810.1933598376636,-5.159622848523916,-62.195912117674176,3,0.4
1822.7842503643546,-5.198635447419425,-62.453421424491786,3,0.4
1835.4627174603627,-5.237904942907864,-62.71116169355712,3,0.4
1848.2293702688994,-5.2773592587778815,-62.968993366632034,3,0.4
1861.0848221701028,-5.3170730228765715,-63.227048303144386,3,0.4
1874.0296908105065,-5.356936701693118,-63.485123332915386,3,0.4
1887.0645981327166,-5.397080689481739,-63.743447673192016,3,0.4
1900.190170405291,-5.437432171794786,-64.00188563695295,3,0.4
1913.4070382528298,-5.4780107838073775,-64.26046678952399,3,0.4
1926.715836686276,-5.518817650126976,-64.51918765195872,3,0.4
1940.1172051334202,-5.559778821108195,-64.77791927278341,3,0.4
1953.611787469627,-5.601007693638288,-65.03684824979877,3,0.4
1967.2002320487684,-5.642449070851682,-65.29587692350142,3,0.4
1980.8831917343723,-5.6841038928788645,-65.55500268266523,3,0.4
1994.661323930994,-5.725916182186018,-65.81413295631013,3,0.4
2008.535290615797,-5.768057598899951,-66.07353487299454,3,0.4
2022.5057583703617,-5.81030112088556,-66.33284814264023,3,0.4
2036.573398412709,-5.852818843134618,-66.5923366509383,3,0.4
2050.7388866295505,-5.895554610884849,-66.85190877231094,3,0.4
2065.0029036087626,-5.938490107673565,-67.11153354874543,3,0.4
2079.366134672083,-5.981626082098476,-67.37120927864386,3,0.4
2093.8292699080407,-6.025001897545602,-67.63098910318747,3,0.4
2108.3930042051093,-6.068560503822978,-67.89078788522967,3,0.4
2123.0580372850936,-6.112341298902281,-68.15065834836795,3,0.4
2137.82507373675,-6.1563256996195515,-68.41057129944693,3,0.4
2152.6948230496346,-6.200533920634478,-68.6705508531282,3,0.4
2167.6679996481957,-6.24496681216875,-68.93059404280353,3,0.4
2182.7453229260964,-6.289605634522508,-69.19067276133364,3,0.4
2197.927517280778,-6.334431465590895,-69.45076046026442,3,0.4
2213.2153121482643,-6.379464542286039,-69.71088079781994,3,0.4
2228.6094420382083,-6.424705558569284,-69.97103191515525,3,0.4
2244.1106465691814,-6.470194708287123,-70.23125893180726,3,0.4
2259.7196705042093,-6.515853746717985,-70.49146514925647,3,0.4
2275.4372637865536,-6.561722772726089,-70.75169646944383,3,0.4
2291.2641815757443,-6.607802458173673,-71.01195096917859,3,0.4
2307.2011842838615,-6.654113384133577,-71.27224854518485,3,0.4
2323.2490376120686,-6.700596466308712,-71.53252172826069,3,0.4
2339.4085125874035,-6.747252125816158,-71.79277108513644,3,0.4
2355.6803855998196,-6.794160908020318,-72.0530794449574,3,0.4
2372.0654384394898,-6.841283549180069,-72.31340197364507,3,0.4
2388.5644583343683,-6.888600582693276,-72.57371695088568,3,0.4
2405.178237988013,-6.9361125321886865,-72.83402364325717,3,0.4
2421.9075756176694,-6.9837997415290145,-73.09430249271249,3,0.4
2438.753274992625,-7.031703048371241,-73.35459084231353,3,0.4
2455.716145472823,-7.079843320880148,-73.61490455550272,3,0.4
2472.797002047752,-7.128140152745401,-73.87517024772691,3,0.4
2489.9966653755996,-7.176675107479168,-74.13545799620242,3,0.4
2507.3159618226828,-7.225347155178413,-74.39568139516345,3,0.4
2524.755723503151,-7.2743195402181025,-74.65597279886235,3,0.4
2542.3167883189644,-7.32338913507091,-74.91616784015245,3,0.4
2560.0000000001537,-7.372699058340957,-75.1763790955835,3,0.4
2577.806208145355,-7.4222090475865325,-75.43657349958882,3,0.4
2595.736268262631,-7.47189909426648,-75.69673595104673,3,0.4
2613.7910418105726,-7.521810661806425,-75.9568946689103,3,0.4
2631.971396239689,-7.571903207189225,-76.2170207145365,3,0.4
2650.2782050340866,-7.622177131636413,-76.47711465593115,3,0.4
2668.7123477534324,-7.672653450846382,-76.73718947018477,3,0.4
2687.274710075215,-7.723353287411154,-76.9972562327584,3,0.4
2705.9661838372976,-7.774215201539672,-77.2572782767033,3,0.4
2724.7876670807664,-7.825301589925178,-77.51729051483046,3,0.4
2743.740064093077,-7.876530140951115,-77.77724863708018,3,0.4
2762.824285451502,-7.927963328843716,-78.03718611213566,3,0.4
2782.0412480668783,-7.979622390514357,-78.29711155273655,3,0.4
2801.391875227664,-8.031445510275125,-78.55699546018232,3,0.4
2820.8770966442953,-8.083495444006257,-78.81686546107336,3,0.4
2840.4978484938565,-8.13571023912711,-79.07669495942888,3,0.4
2860.2550734650586,-8.188111083821967,-79.33649349627947,3,0.4
2880.1497208035285,-8.240677514062465,-79.59625450158312,3,0.4
2900.1827463574223,-8.293493427946503,-79.85600623425866,3,0.4
2920.355112623344,-8.346433964286833,-80.11570826090913,3,0.4
2940.6677887925907,-8.399645833255692,-80.37540454151568,3,0.4
2961.121750797718,-8.452962123400969,-80.63504895601066,3,0.4
2981.717981359431,-8.50650878547783,-80.89467537295715,3,0.4
3002.4574700337953,-8.560223407410124,-81.15426901191368,3,0.4
3023.3412132597846,-8.614169318668985,-81.41384246955913,3,0.4
3044.3702144071544,-8.668242005276078,-81.67337785994118,3,0.4
3065.545483824648,-8.72250480282571,-81.93288775731247,3,0.4
3086.868038888538,-8.776979157926242,-82.19237456109003,3,0.4
3108.338904051513,-8.831644483936472,-82.45183557255199,3,0.4
3129.9591108918903,-8.886501197901381,-82.71127112216604,3,0.4
3151.7296981631816,-8.941486525290077,-82.97068005534713,3,0.4
3173.651711844004,-8.996685090878309,-83.23006719512108,3,0.4
3195.726205188326,-9.05211843343898,-83.48943072646853,3,0.4
3217.954238776082,-9.107660474489682,-83.74877416798343,3,0.4
3240.3368805641194,-9.163438143566037,-84.00809448529299,3,0.4
3262.8752059375156,-9.219367483307277,-84.26739717617117,3,0.4
3285.570297761241,-9.27551222594997,-84.52667768088178,3,0.4
3308.4232464321876,-9.331809459762711,-84.78594402942863,3,0.4
3331.435149931559,-9.388280710723663,-85.04519582427248,3,0.4
3354.607113877621,-9.444989793359618,-85.30442216963421,3,0.4
3377.9402515788224,-9.501810363735363,-85.56364830356134,3,0.4
3401.4356840872842,-9.558869645007363,-85.82284912443681,3,0.4
3425.094540252663,-9.616062397335174,-86.08205034982826,3,0.4
3448.9179567763854,-9.673515895553859,-86.34121893342218,3,0.4
3472.9070782662598,-9.731082599972126,-86.60039786580592,3,0.4
3497.0630572914743,-9.788889805115529,-86.85954929309847,3,0.4
3521.387054437968,-9.846832249707417,-87.11870935630864,3,0.4
3545.880238364193,-9.90493153303289,-87.37787427272059,3,0.4
3570.543785857265,-9.963209259684024,-87.63703811177633,3,0.4
3595.378881889502,-10.021729304358102,-87.89617383728867,3,0.4
3620.3867196753545,-10.080386445296014,-88.15532805327324,3,0.4
3645.5685007287366,-10.139223433560483,-88.41448418813454,3,0.4
3670.9254349207527,-10.198282994042033,-88.67362137901522,3,0.4
3696.458740537827,-10.257481105007768,-88.93278408536021,3,0.4
3722.1696443402334,-10.316860509871947,-89.19195243097067,3,0.4
3748.0593816210417,-10.376442804014218,-89.45111490606506,3,0.4
3774.129196265462,-10.436165170632052,-89.71031063930067,3,0.4
3800.3803408106105,-10.496091421576818,-89.96950269570694,3,0.4
3826.8140765056887,-10.556222034649263,-90.2286905052729,3,0.4
3853.43167337258,-10.616494282513928,-90.48791786762837,3,0.4
3880.2344102668694,-10.676971911434045,-90.74714290853925,3,0.4
3907.223574939284,-10.73763435826435,-91.00638079133826,3,0.4
3934.400464097566,-10.79844007483235,-91.26566517434985,3,0.4
3961.7663834687746,-10.859452723210127,-91.52494923131833,3,0.4
3989.322647862018,-10.92065178568706,-91.78424957857135,3,0.4
4017.070581231624,-10.981995809396041,-92.04360292548144,3,0.4
4045.011516740754,-11.043569328357876,-92.30293894092358,3,0.4
4073.1467968254487,-11.105309906135979,-92.5623122360335,3,0.4
4101.477773259132,-11.167197189870306,-92.82174454854665,3,0.4
4130.005807217556,-11.229294610545125,-93.08117912192039,3,0.4
4158.732269344197,-11.291539941597735,-93.34067679553056,3,0.4
4187.658539816113,-11.353996519117706,-93.60017749830538,3,0.4
4216.78600841025,-11.416685714382567,-93.85965819193942,3,0.4
4246.116074570219,-11.479441172015768,-94.11929407877827,3,0.4
4275.650147473531,-11.542472112750445,-94.37886688889645,3,0.4
4305.389646099301,-11.605674817227843,-94.63848701699833,3,0.4
4335.335999296423,-11.668987571308623,-94.89822767833009,3,0.4
4365.4906458522255,-11.73257730690349,-95.15790009687207,3,0.4
4395.8550345615895,-11.796319901928898,-95.41764734314168,3,0.4
4426.430624296562,-11.86021608114244,-95.67747243355811,3,0.4
4457.21888407645,-11.924266579365323,-95.93737830932669,3,0.4
4488.2212931383965,-11.988534117545992,-96.19728834599083,3,0.4
4519.439341008452,-12.053019206389749,-96.45720060337544,3,0.4
4550.874527573141,-12.117639938781172,-96.7172232565087,3,0.4
4582.528363151522,-12.182500036444202,-96.97722017311993,3,0.4
4614.402368567757,-12.247476646731952,-97.23735917996318,3,0.4
4646.498075224173,-12.312693816028803,-97.49747121748395,3,0.4
4678.817025174842,-12.37804953841314,-97.75770058798483,3,0.4
4711.360771199674,-12.443626507330023,-98.01793056299688,3,0.4
4744.130876879015,-12.50936396802745,-98.27825070688391,3,0.4
4777.128916668773,-12.575303495352117,-98.53860079487362,3,0.4
4810.356475976061,-12.641404987315614,-98.79904318462538,3,0.4
4843.815151235375,-12.707730213225688,-99.059483205352,3,0.4
4877.506549985286,-12.774239107684743,-99.31998356766371,3,0.4
4911.432290945683,-12.840891888071983,-99.58061099997865,3,0.4
4945.594004095541,-12.907750123988697,-99.84126749384093,3,0.4
4979.9933307512365,-12.974814426326567,-100.10195159760283,3,0.4
5014.631923645403,-13.042065268797995,-100.36269653959785,3,0.4
5049.511447006339,-13.109523471800749,-100.62346695763662,3,0.4
5084.633576637967,-13.177129472310904,-100.8843684574343,3,0.4
5120.000000000346,-13.244904254899534,-101.14536750451192,3,0.4
5155.612416290749,-13.312928576291325,-101.40631814218698,3,0.4
5191.4725365253,-13.381123061827505,-101.66736448245766,3,0.4
5227.582083621183,-13.449488569700204,-101.92850745999363,3,0.4
5263.942792479418,-13.518085506487875,-102.18963312859024,3,0.4
5300.556410068212,-13.586835130153002,-102.45089278175527,3,0.4
5337.424695506905,-13.655817477802827,-102.71213155749807,3,0.4
5374.54942015047,-13.724973873649988,-102.97346476652501,3,0.4
5411.932367674636,-13.794305189260022,-103.23489283518359,3,0.4
5449.575334161574,-13.863851541552691,-103.49633467861337,3,0.4
5487.480128186196,-13.933613524679231,-103.75778760913077,3,0.4
5525.648570903045,-14.003533153099749,-104.01937384108064,3,0.4
5564.082496133798,-14.07365040305641,-104.28101053430359,3,0.4
5602.78375045537,-14.14396600820041,-104.54269614980288,3,0.4
5641.754193288633,-14.21448070061083,-104.80442904853247,3,0.4
5680.995696987757,-14.285233860725704,-105.06612037196685,3,0.4
5720.51014693016,-14.356110266043366,-105.32802963730963,3,0.4
5760.2994416071,-14.427245813958855,-105.58984905263208,3,0.4
5800.365492714889,-14.498525746050355,-105.85184213262836,3,0.4
5840.710225246731,-14.570065949739217,-106.11373838214513,3,0.4
5881.335577585225,-14.641771356761357,-106.37576079603447,3,0.4
5922.243501595481,-14.713681018513183,-106.63781710597861,3,0.4
5963.435962718906,-14.78579564650582,-106.89990485554604,3,0.4
6004.914940067636,-14.858097055418238,-107.16206871969474,3,0.4
6046.682426519615,-14.930604955069931,-107.42425969910867,3,0.4
6088.740428814354,-15.003338823725361,-107.68642689870903,3,0.4
6131.090967649341,-15.076243022736742,-107.94871181958877,3,0.4
6173.736077777122,-15.149374576030032,-108.21096711413516,3,0.4
6216.6778081030725,-15.222696789066019,-108.47328727051318,3,0.4
6259.918221783827,-15.296247602621673,-108.7355706653543,3,0.4
6303.4593963264115,-15.369972068917662,-108.99796362581385,3,0.4
6347.303423688055,-15.443889641312449,-109.26041460271179,3,0.4
6391.4524103767,-15.518037881426764,-109.52281906674,3,0.4
6435.9084775522115,-15.59239896529127,-109.78522371994637,3,0.4
6480.673761128287,-15.666973541345698,-110.04762486377838,3,0.4
6525.750411875079,-15.741707752601764,-110.31017589596875,3,0.4
6571.140595522531,-15.816693319967213,-110.57261256485229,3,0.4
6616.846492864425,-15.891930482059882,-110.83492840796603,3,0.4
6662.870299863169,-15.96731164015556,-111.09743860731363,3,0.4
6709.214227755292,-16.042891907953845,-111.35998172588226,3,0.4
6755.880503157695,-16.11874343741445,-111.62233698454479,3,0.4
6802.871368174619,-16.194759599824813,-111.88482525358522,3,0.4
6850.189080505378,-16.270994692616828,-112.14727996422634,3,0.4
6897.835913552822,-16.347449291468056,-112.40969650161723,3,0.4
6945.814156532571,-16.424123961678628,-112.67207015738059,3,0.4
6994.126114583001,-16.500966777229483,-112.93456513721257,3,0.4
7042.774108875988,-16.578083454268157,-113.19683965478501,3,0.4
7091.760476728439,-16.655387130509606,-113.45917075934273,3,0.4
7141.087571714584,-16.732930598251606,-113.7213832387861,3,0.4
7190.757763779057,-16.810662527193955,-113.98364424082985,3,0.4
7240.773439350762,-16.888600987409504,-114.2458924876885,3,0.4
7291.137001457528,-16.966780814495095,-114.5080066339405,3,0.4
7341.850869841561,-17.04515129626651,-114.77015676440695,3,0.4
7392.917481075709,-17.123781005020035,-115.03210255944927,3,0.4
7444.339288680522,-17.202585739690626,-115.29413409581443,3,0.4
7496.118763242139,-17.281616912341015,-115.55606902903281,3,0.4
7548.258392530979,-17.360908333582927,-115.8177810860266,3,0.4
7600.760681621277,-17.440343654862676,-116.07968627236743,3,0.4
7653.628153011434,-17.52004019156183,-116.3413573524375,3,0.4
7706.863346745218,-17.599932023694187,-116.60303110961517,3,0.4
7760.468820533797,-17.680101911585044,-116.86439571928204,3,0.4
7814.447149878626,-17.760451672404535,-117.12581310155346,3,0.4
7868.800928195191,-17.841014808205646,-117.38715548054634,3,0.4
7923.532766937609,-17.921840335344704,-117.64823007110454,3,0.4
7978.645295724095,-18.002831665465568,-117.90940503649479,3,0.4
8034.141162463309,-18.084070008278605,-118.17036225310125,3,0.4
8090.023033481568,-18.16552358478348,-118.43122087168406,3,0.4
8146.293593650958,-18.24720873529271,-118.69191147374443,3,0.4
8202.955546518326,-18.32909420856598,-118.95255508553805,3,0.4
8260.011614435174,-18.411243408760406,-119.21288991747113,3,0.4
8317.464538688457,-18.49359371080897,-119.47316518232245,3,0.4
8375.317079632288,-18.576176821703342,-119.73324616900867,3,0.4
8433.572016820564,-18.65896207588205,-119.99325580104532,3,0.4
8492.232149140504,-18.74196547955369,-120.25312335835082,3,0.4
8551.300294947127,-18.82523321660209,-120.51264606834314,3,0.4
8610.779292198666,-18.90870421346631,-120.77207812583123,3,0.4
8670.671998592914,-18.992394180795152,-121.0313478271905,3,0.4
8730.981291704516,-19.07633349156552,-121.29031622100158,3,0.4
8791.710069123244,-19.16047719499809,-121.54917456873224,3,0.4
8852.86124859319,-19.244855545494737,-121.80778357323258,3,0.4
8914.437768152968,-19.329439072135326,-122.06626957908847,3,0.4
8976.44258627686,-19.41425765874733,-122.32449224794816,3,0.4
9038.878682016972,-19.499311315813294,-122.58244406774216,3,0.4
9101.74905514635,-19.58458553099571,-122.84018501824316,3,0.4
9165.056726303115,-19.670080533061707,-123.09770814159845,3,0.4
9228.804737135582,-19.755810865832395,-123.35493850153632,3,0.4
9292.996150448414,-19.841747970964953,-123.61200468698293,3,0.4
9357.634050349754,-19.92792060284953,-123.86876355130984,3,0.4
9422.721542399418,-20.014342734180318,-124.125138889387,3,0.4
9488.261753758103,-20.100972019754053,-124.38132844203847,3,0.4
9554.257833337617,-20.18780883794633,-124.63732552378855,3,0.4
9620.712951952195,-20.274881179128027,-124.89298535428324,3,0.4
9687.630302470823,-20.362188864829577,-125.14830012484545,3,0.4
9755.013099970645,-20.44973169691907,-125.40326202084162,3,0.4
9822.864581891441,-20.537468797254164,-125.65807169041283,3,0.4
9891.188008191157,-20.625454579069174,-125.91244410210983,3,0.4
9959.98666150255,-20.71367514533456,-126.16644074186246,3,0.4
10029.26384729088,-20.802090346976602,-126.42026352526092,3,0.4
10099.022894012754,-20.890753490889065,-126.6736255991357,3,0.4
10169.26715327601,-20.979637768180428,-126.92665906625179,3,0.4
10240.000000000768,-21.068743108078316,-127.17935644632273,3,0.4
10311.224832581574,-21.158056480861973,-127.43178066785522,3,0.4
10382.945073050678,-21.24764230043876,-127.6835718620324,3,0.4
10455.164167242447,-21.337397272028355,-127.93528637058799,3,0.4
10527.885584958914,-21.4273983588527,-128.18649343714083,3,0.4
10601.112820136505,-21.51763227807997,-128.43725576277157,3,0.4
10674.849391013888,-21.608086079837136,-128.68763647882102,3,0.4
10749.098840301021,-21.698759558910293,-128.93762806538498,3,0.4
10823.864735349352,-21.789640167706477,-129.18729411962812,3,0.4
10899.15066832323,-21.880764632606407,-129.43641377126943,3,0.4
10974.960256372473,-21.97212001546241,-129.6850503184648,3,0.4
11051.297141806172,-22.063645475725334,-129.93355275786809,3,0.4
11128.16499226768,-22.15544950822195,-130.1812717601038,3,0.4
11205.567500910824,-22.247435409758936,-130.42877062246447,3,0.4
11283.508386577352,-22.339662609343335,-130.67568482034773,3,0.4
11361.991393975597,-22.432106808537434,-130.92214973357122,3,0.4
11441.020293860403,-22.524756012798576,-131.16822956453606,3,0.4
11520.598883214287,-22.617633155109583,-131.41377374242677,3,0.4
11600.730985429864,-22.710726116225523,-131.65884646854087,3,0.4
11681.420450493551,-22.804045822496597,-131.9033686861823,3,0.4
11762.671155170538,-22.897569024673952,-132.1474764899599,3,0.4
11844.48700319105,-22.991329064433323,-132.39094738481162,3,0.4
11926.871925437901,-23.085280554814712,-132.63406113781548,3,0.4
12009.82988013536,-23.17946754797621,-132.87652346696638,3,0.4
12093.36485303932,-23.27386716070473,-133.1184707438648,3,0.4
12177.4808576288,-23.36845718756114,-133.36003945004734,3,0.4
12262.181935298773,-23.463302081260025,-133.6007917164309,3,0.4
12347.472155554336,-23.558336264190775,-133.8411513017194,3,0.4
12433.355616206238,-23.653580817222625,-134.08096761802594,3,0.4
12519.836443567749,-23.749024646081143,-134.32030548222002,3,0.4
12606.918792652916,-23.844709001490465,-134.5588709738755,3,0.4
12694.606847376202,-23.94058088417117,-134.79701603572923,3,0.4
12782.904820753494,-24.0366708518007,-135.03451866476593,3,0.4
12871.816955104521,-24.13296783116554,-135.27144387292742,3,0.4
12961.347522256672,-24.22948119978473,-135.50771337364463,3,0.4
13051.500823750257,-24.326200024605875,-135.7433922491823,3,0.4
13142.28119104516,-24.42310380242031,-135.97861700156565,3,0.4
13233.69298572895,-24.520231545965846,-136.2130949494473,3,0.4
13325.740599726436,-24.617582004719452,-136.44681997757033,3,0.4
13418.428455510686,-24.715115347877266,-136.68007151269535,3,0.4
13511.761006315492,-24.812840861023577,-136.91277160912895,3,0.4
13605.74273634934,-24.91080538320192,-137.14455770874412,3,0.4
13700.378161010858,-25.008941365923718,-137.37592257583898,3,0.4
13795.671827105747,-25.107267358248443,-137.60671731784086,3,0.4
13891.628313065248,-25.205819689961455,-137.83665168578665,3,0.4
13988.252229166108,-25.30455104681757,-138.06607504253623,3,0.4
14085.548217752083,-25.40350638848682,-138.29462688307774,3,0.4
14183.520953456982,-25.502630211392137,-138.52272663601167,3,0.4
14282.175143429275,-25.601957976326712,-138.75008520018463,3,0.4
14381.515527558222,-25.701506192340556,-138.97655614990407,3,0.4
14481.546878701633,-25.801220778823865,-139.20255747072335,3,0.4
14582.274002915165,-25.901136190295748,-139.42780144238313,3,0.4
14683.70173968323,-26.0012340940626,-139.65242343637405,3,0.4
14785.834962151528,-26.10153079668345,-139.87627759716358,3,0.4
14888.678577361155,-26.20202511144445,-140.09935904453124,3,0.4
14992.23752648439,-26.30269914998729,-140.32180273448176,3,0.4
15096.516785062071,-26.40356871447327,-140.54346376618673,3,0.4
15201.521363242668,-26.504624400735203,-140.76440716680872,3,0.4
15307.256306022984,-26.605873333572312,-140.98455858033432,3,0.4
15413.726693490553,-26.70729017352496,-141.2041216638825,3,0.4
15520.93764106771,-26.808890293770425,-141.4229524803971,3,0.4
15628.894299757369,-26.910696329415856,-141.6408392031115,3,0.4
15737.6018563905,-27.012659721508506,-141.85819213758214,3,0.4
15847.065533875337,-27.114826516345467,-142.0745928836811,3,0.4
15957.29059144831,-27.217156705083973,-142.29038156666348,3,0.4
16068.282324926739,-27.319664855545724,-142.50541608297192,3,0.4
16180.046066963258,-27.422357420843618,-142.71962395139175,3,0.4
16292.587187302037,-27.52522567964764,-142.9330697300845,3,0.4
16405.911093036775,-27.628268562141965,-143.14574944312582,3,0.4
16520.023228870472,-27.73149957282412,-143.35752355261383,3,0.4
16634.92907737704,-27.834888322215757,-143.5686599086947,3,0.4
16750.634159264704,-27.938448447790115,-143.77901882593358,3,0.4
16867.144033641256,-28.04217885470201,-143.9885966952166,3,0.4
16984.464298281135,-28.14607844253379,-144.19738999970113,3,0.4
17102.600589894384,-28.250159972254107,-144.4052613988963,3,0.4
17221.558584397462,-28.354394459540572,-144.61247575613055,3,0.4
17341.343997185955,-28.458801590275414,-144.81882896568612,3,0.4
17461.962583409164,-28.563380036887175,-145.02431844069042,3,0.4
17583.42013824662,-28.668108503277118,-145.22914035063818,3,0.4
17705.72249718651,-28.77301262327329,-145.4330264995243,3,0.4
17828.875536306066,-28.878071299345848,-145.6361726742658,3,0.4
17952.885172553855,-28.983296505458,-145.83844425322314,3,0.4
18077.75736403408,-29.088680518491007,-146.03990459000323,3,0.4
18203.498110292836,-29.194215880905027,-146.24061634107798,3,0.4
18330.113452606365,-29.299914155165794,-146.44044634320545,3,0.4
18457.609474271307,-29.40576781222959,-146.63945763614294,3,0.4
18585.99230089697,-29.511769583796156,-146.83771253589543,3,0.4
18715.26810069965,-29.61793063145363,-147.0350793743011,3,0.4
18845.44308479898,-29.724249612056894,-147.23155665273953,3,0.4
18976.523507516347,-29.830701463158906,-147.42739893344074,3,0.4
19108.51566667538,-29.937320804476904,-147.62221969392903,3,0.4
19241.425903904536,-30.04408850299056,-147.8162096910577,3,0.4
19375.260604941792,-30.150997664072804,-148.0094305033907,3,0.4
19510.026199941436,-30.25806436136204,-148.2016904343268,3,0.4
19645.729163783028,-30.365258976514006,-148.3933037184794,3,0.4
19782.376016382463,-30.47260869694658,-148.58395347148954,3,0.4
19919.973323005244,-30.58009551029177,-148.7738269738739,3,0.4
20058.527694581913,-30.68773475838975,-148.96273554391504,3,0.4
20198.045788025658,-30.795508794327297,-149.15086529461547,3,0.4
20338.53430655217,-30.90342728510128,-149.33809084936857,3,0.4
20480.00000000169,-31.011473119419737,-149.52459643962356,3,0.4
20622.4496651633,-31.11966110872698,-149.7101957716902,3,0.4
20765.890146101516,-31.227989931379238,-149.8948886350223,3,0.4
20910.32833448505,-31.336448090855708,-150.07879658375938,3,0.4
21055.771169917985,-31.445044679687513,-150.26179696787725,3,0.4
21202.22564027317,-31.5537634555732,-150.44407092901258,3,0.4
21349.698782027936,-31.66262329916236,-150.62537595413045,3,0.4
21498.197680602203,-31.771608140523355,-150.80589263254544,3,0.4
21647.72947069887,-31.880726633092713,-150.98550052839323,3,0.4
21798.301336646622,-31.989977481386322,-151.16420001848502,3,0.4
21949.920512745113,-32.09934528237256,-151.3421690484608,3,0.4
22102.59428361251,-32.20883853279474,-151.51928813071817,3,0.4
22256.32998453553,-32.31846070687484,-151.69549847059938,3,0.4
22411.135001821818,-32.428215073289756,-151.8707423288917,3,0.4
22567.01677315487,-32.53808672152885,-152.04519576022415,3,0.4
22723.98278795137,-32.64807025219705,-152.218916065797,3,0.4
22882.04058772098,-32.758173647698385,-152.3917865586068,3,0.4
23041.197766428744,-32.86840448590513,-152.56369260036072,3,0.4
23201.4619708599,-32.97874848814208,-152.7348075677717,3,0.4
23362.840900987278,-33.08920894996384,-152.90507415376047,3,0.4
23525.342310341253,-33.19979316644065,-153.07437942636108,3,0.4
23688.974006382276,-33.31048317660831,-153.24295116298623,3,0.4
23853.743850875984,-33.42128638234359,-153.41067606246474,3,0.4
24019.6597602709,-33.53220980384792,-153.57744289823668,3,0.4
24186.729706078822,-33.6432400759533,-153.74342094169882,3,0.4
24354.96171525778,-33.75438022763205,-153.90855477606277,3,0.4
24524.363870597732,-33.86562137620749,-154.0729555851901,3,0.4
24694.944311108862,-33.97698592098057,-154.23629320257317,3,0.4
24866.711232412665,-34.08844935092309,-154.39889963457014,3,0.4
25039.672887135683,-34.20001466363942,-154.56071994803818,3,0.4
25213.837585306024,-34.311692136862526,-154.7215919634227,3,0.4
25389.213694752598,-34.423469412535944,-154.88168003615144,3,0.4
25565.809641507185,-34.535349232109446,-155.04093091949227,3,0.4
25743.63391020923,-34.64733056897893,-155.19934583037283,3,0.4
25922.695044513537,-34.75941595749706,-155.35687289677105,3,0.4
26103.00164750071,-34.87159371578515,-155.5136728400791,3,0.4
26284.562382090517,-34.983887385091556,-155.6693771025658,3,0.4
26467.385971458098,-35.0962610400348,-155.8245146078039,3,0.4
26651.481199453076,-35.20874141215571,-155.97866604061804,3,0.4
26836.856911021572,-35.3213037044469,-156.13219816237068,3,0.4
27023.522012631187,-35.4339771844289,-156.28464497947775,3,0.4
27211.485472698885,-35.54673085693484,-156.43647393537282,3,0.4
27400.75632202192,-35.659586820463964,-156.58732584927816,3,0.4
27591.3436542117,-35.772530989978726,-156.737407859708,3,0.4
27783.256626130707,-35.88556881497104,-156.88661952928248,3,0.4
27976.504458332423,-35.99868987477456,-157.03511402334215,3,0.4
28171.096435504372,-36.111902655631184,-157.18274097074735,3,0.4
28367.04190691418,-36.225206074640084,-157.32950236684496,3,0.4
28564.35028685876,-36.338590041664,-157.47554866480945,3,0.4
28763.031055116662,-36.45206860596404,-157.62063255109632,3,0.4
28963.093757403483,-36.56562870667142,-157.76495271044183,3,0.4
29164.548005830547,-36.679269375477816,-157.90850779821136,3,0.4
29367.403479366687,-36.792989533920284,-158.05129515884065,3,0.4
29571.669924303278,-36.906796349089475,-158.19316503869686,3,0.4
29777.35715472254,-37.02067659134634,-158.33430283504535,3,0.4
29984.475052969006,-37.134641235930644,-158.47445210035812,3,0.4
30193.03357012437,-37.24867302260316,-158.6137733667783,3,0.4
30403.042726485564,-37.36276111362411,-158.75210921175773,3,0.4
30614.512612046197,-37.4768358775149,-158.88958737908888,3,0.4
30827.45338698134,-37.59072194015839,-159.02710291732822,3,0.4
31041.875282135654,-37.70514740127747,-159.16782148033948,3,0.4
31257.788599514974,-37.81995266973853,-159.30338475596042,3,0.4
31475.203712781236,-37.934574549825044,-159.43764301747478,3,0.4
31694.13106775091,-38.04919875826113,-159.57135132661935,3,0.4
31914.581182896858,-38.16387638206412,-159.70438429284445,3,0.4
32136.564649853717,-38.27861499333754,-159.8367731229828,3,0.4
32360.09213392676,-38.39342563043241,-159.96835204143775,3,0.4
32585.17437460432,-38.508294959686,-160.09937623105128,3,0.4
32811.8221860738,-38.62323979200911,-160.22952367471498,3,0.4
33040.04645774119,-38.738252589662864,-160.35892593649274,3,0.4
33269.85815475433,-38.85333053903908,-160.48762577063846,3,0.4
33501.26831852966,-38.968475350915135,-160.61557869338733,3,0.4
33734.28806728276,-39.08368857112041,-160.74274201153068,3,0.4
33968.928596562524,-39.19896721470827,-160.8691611086308,3,0.4
34205.20117978902,-39.314312733140795,-160.99479463404685,3,0.4
34443.11716879519,-39.429720038277566,-161.11973084660292,3,0.4
34682.68799437217,-39.54519060032546,-161.24392852003191,3,0.4
34923.92516681859,-39.660723692921756,-161.36738980399988,3,0.4
35166.8402764935,-39.776314468641935,-161.49020104372175,3,0.4
35411.44499437329,-39.89197049869552,-161.61219561395922,3,0.4
35657.7510726124,-40.00768688388832,-161.73346027168105,3,0.4
35905.77034510798,-40.12346289829026,-161.85399701313784,3,0.4
36155.51472806843,-40.23930172770732,-161.97372538876434,3,0.4
36406.99622058595,-40.35519668246736,-162.0927709674686,3,0.4
36660.22690521301,-40.47114516993635,-162.21117468654313,3,0.4
36915.21894854289,-40.587154077717706,-162.32877371044972,3,0.4
37171.98460179422,-40.70321681544105,-162.44568899843435,3,0.4
37430.53620139958,-40.81933429369429,-162.5618768470957,3,0.4
37690.88616959824,-40.935508866199115,-162.67725114063504,3,0.4
37953.04701503298,-41.051731351329124,-162.79195765462632,3,0.4
38217.03133335104,-41.16800200064732,-162.90588898801596,3,0.4
38482.85180780936,-41.284314583003066,-163.0189472980974,3,0.4
38750.521209883875,-41.400643905980246,-163.13099940805256,3,0.4
39020.05239988316,-41.51687076965891,-163.24189637203872,3,0.4
39291.458327566346,-41.63254626322883,-163.35494165969132,3,0.4
39564.752032765224,-41.74969727267139,-163.4717149713254,3,0.4
39839.94664601079,-41.86667625423236,-163.5804536100065,3,0.4
40117.05538916413,-41.98341230650094,-163.68898768486036,3,0.4
40396.09157605162,-42.10013978912627,-163.79714682931524,3,0.4
40677.068613104646,-42.2168970087477,-163.904819338456,3,0.4
40960.00000000368,-42.333692930827766,-164.0119602553499,3,0.4
41244.899330326916,-42.450532416507954,-164.11849507826776,3,0.4
41531.78029220334,-42.567416496895646,-164.22440595027058,3,0.4
41820.65666897041,-42.68434536710493,-164.32968408990612,3,0.4
42111.54233983629,-42.801321810652404,-164.43425320927133,3,0.4
42404.45128054665,-42.918339568437,-164.53825663564288,3,0.4
42699.3975640562,-43.035402645352264,-164.64158612199006,3,0.4
42996.39536120473,-43.15251052725039,-164.74424331383636,3,0.4
43295.458941398065,-43.26965708752081,-164.84637137626973,3,0.4
43596.60267329357,-43.386850274403336,-164.94776031763635,3,0.4
43899.84102549055,-43.504085342024055,-165.04851876836202,3,0.4
44205.18856722535,-43.62136313465811,-165.1486146441338,3,0.4
44512.659969071385,-43.73867779642926,-165.24818872302635,3,0.4
44822.27000364397,-43.85603291377291,-165.34713936743353,3,0.4
45134.033546310086,-43.973431867015584,-165.4453675571814,3,0.4
45447.96557590307,-44.09086763919686,-165.54304679198032,3,0.4
45764.081175442305,-44.20834236181602,-165.64011168820676,3,0.4
46082.39553285784,-44.32585431165325,-165.73659855222567,3,0.4
46402.92394172015,-44.44340796193556,-165.83237728215752,3,0.4
46725.681801974904,-44.56099664895832,-165.92761734011555,3,0.4
47050.68462068286,-44.67862596885294,-166.0221569753264,3,0.4
47377.94801276491,-44.79628707422017,-166.11622863949788,3,0.4
47707.487701752325,-44.9139878308532,-166.2096068139984,3,0.4
48039.319520542165,-45.03172306038969,-166.30242481041174,3,0.4
48373.45941215801,-45.14949462553296,-166.3946212910934,3,0.4
48709.923430515926,-45.267300922683056,-166.4862316403113,3,0.4
49048.72774119583,-45.38513931088882,-166.57732195178224,3,0.4
49389.888622218095,-45.50301379664773,-166.66776888306134,3,0.4
49733.4224648257,-45.62092064596371,-166.7576700389108,3,0.4
50000.0,-45.7118795091484,-166.8265535766746,3,0.4
10.0,-0.298503949514022,-0.5965891845280169,4,0.5
10.069555500567189,-0.2985486091165054,-0.6007279299586719,4,0.5
10.139594797900294,-0.298580529137393,-0.6048937986942027,4,0.5
10.210121257071936,-0.298606497032076,-0.6090876887191986,4,0.5
10.281138266560667,-0.2986400764761685,-0.6133112582028135,4,0.5
10.352649238413779,-0.29868127911853387,-0.6175647194516997,4,0.5
10.424657608411218,-0.2987030124805816,-0.6218452893581465,4,0.5
10.497166836230678,-0.29874594500723173,-0.6261576472892244,4,0.5
10.57018040561381,-0.2987897606111702,-0.6304997620551911,4,0.5
10.643701824533608,-0.2988209195167773,-0.6348703059305103,4,0.5
10.71773462536294,-0.298866538447431,-0.6392725317862106,4,0.5
10.792282365044281,-0.29891307795084937,-0.6437051251052055,4,0.5
10.867348625260592,-0.2989469988269721,-0.6481667299289579,4,0.5
10.942937012607405,-0.2989886422078878,-0.6526598807314125,4,0.5
11.019051158766118,-0.29903124527008385,-0.6571840105980585,4,0.5
11.095694720678463,-0.29906804540096527,-0.6617385321231407,4,0.5
11.172871380722214,-0.29909905619370064,-0.6663236401063098,4,0.5
11.250584846888108,-0.2991513954488923,-0.6709427651573964,4,0.5
11.328838852958,-0.29919797308924223,-0.6755929147219797,4,0.5
11.407637158684253,-0.2992320273177074,-0.680273467498712,4,0.5
11.486983549970367,-0.2992739004617261,-0.6849870832268488,4,0.5
11.566881839052892,-0.299330383031028,-0.6897348287039008,4,0.5
11.647335864684578,-0.2993811618461155,-0.6945144466080512,4,0.5
11.728349492318808,-0.2994194759570675,-0.6993252976479585,4,0.5
11.809926614295325,-0.2994656684097475,-0.7041701159421414,4,0.5
11.892071150027233,-0.2995062026941065,-0.7090474332621359,4,0.5
11.97478704618931,-0.2995614222328607,-0.7139600394336326,4,0.5
12.05807827690763,-0.29961779094257646,-0.7189064634150997,4,0.5
12.141948843950495,-0.2996685489581902,-0.723886060640045,4,0.5
12.226402776920713,-0.2997069366665249,-0.7288981636635211,4,0.5
12.31144413344919,-0.2997600741862905,-0.7339465069741485,4,0.5
12.397076999389895,-0.2998144264150332,-0.7390295773994999,4,0.5
12.48330548901615,-0.29987001030671545,-0.7441476089173821,4,0.5
12.570133745218314,-0.29991329131455524,-0.7492990296308474,4,0.5
12.657565939702833,-0.2999781662268036,-0.7544885885582516,4,0.5
12.745606273192656,-0.3000307733791687,-0.7597119993643201,4,0.5
12.834258975629076,-0.3000779065870545,-0.7649703864932086,4,0.5
12.923528306374958,-0.30013313571729494,-0.7702658302085893,4,0.5
13.013418554419374,-0.3001964791688782,-0.7755985926076377,4,0.5
13.10393403858367,-0.30025440396298875,-0.7809670533273315,4,0.5
13.195079107728983,-0.30030692907149925,-0.7863714386572921,4,0.5
13.286858140965156,-0.3003744011170769,-0.7918148420490982,4,0.5
13.379275547861162,-0.3004297363755023,-0.7972937043976951,4,0.5
13.472335768656947,-0.30048650620012346,-0.8028101734108856,4,0.5
13.566043274476765,-0.30054473061435005,-0.8083645009713127,4,0.5
13.660402567544,-0.3006112056811735,-0.813957922736996,4,0.5
13.755418181397484,-0.30066562470541985,-0.8195877470699031,4,0.5
13.851094681109295,-0.30074188732010154,-0.8252591691128368,4,0.5
13.947436663504105,-0.3007993602236987,-0.8309664919753338,4,0.5
14.044448757380025,-0.30087194355385666,-0.8367149622282829,4,0.5
14.142135623731003,-0.3009393318883055,-0.842501832523688,4,0.5
14.240501955970773,-0.30100832301571273,-0.8483283687087798,4,0.5
14.33955248015833,-0.3010721636254646,-0.8541938041839041,4,0.5
14.439291955225018,-0.30113765210052357,-0.8600994219010256,4,0.5
14.539725173203164,-0.30121836276144187,-0.8660475806786108,4,0.5
14.640856959456315,-0.30128044061970805,-0.872033329147819,4,0.5
14.742692172911074,-0.3013645632366618,-0.8780632337564969,4,0.5
14.845235706290554,-0.3014301007451272,-0.8841312277745668,4,0.5
14.94849248634945,-0.30151095561058044,-0.8902428939806376,4,0.5
15.05246747411074,-0.3015800500194689,-0.8963942228484755,4,0.5
15.15716566510405,-0.301650960204174,-0.9025876269533545,4,0.5
15.26259208960566,-0.3017372626632509,-0.9088255807267956,4,0.5
15.368751812880195,-0.30180510519696613,-0.915102884005505,4,0.5
15.475649935423972,-0.30189516727968885,-0.9214264285123592,4,0.5
15.58329159321007,-0.30198037305480824,-0.9277920846921086,4,0.5
15.69168195793509,-0.302060749355334,-0.9342001151772455,4,0.5
15.800826237267621,-0.30213632337675983,-0.9406507839691655,4,0.5
15.910729675098453,-0.30222744918263383,-0.9471477897870305,4,0.5
16.02139755179252,-0.30231382816924884,-0.9536880139437536,4,0.5
16.13283518444261,-0.30240226415619126,-0.9602728855478702,4,0.5
16.245047927124794,-0.30247923494691337,-0.9669003617832385,4,0.5
16.358041171155712,-0.30257187148605835,-0.9735753966461349,4,0.5
16.471820345351553,-0.3026666523502299,-0.9802959669741338,4,0.5
16.586390916288924,-0.3027500566476832,-0.987059985898619,4,0.5
16.70175838856748,-0.30284921638722045,-0.9938725108108413,4,0.5
16.817928305074386,-0.3029438361046036,-1.0007302649718035,4,0.5
16.93490624725064,-0.3030407224039453,-1.0076347461762367,4,0.5
17.052697835359233,-0.30312635621820955,-1.0145838070934392,4,0.5
17.17130872875518,-0.30323464637815595,-1.0215838815299814,4,0.5
17.290744626157405,-0.3033249733553861,-1.028627892442545,4,0.5
17.411011265922586,-0.30343802206886233,-1.0357235898310406,4,0.5
17.53211442632081,-0.30353317410609043,-1.0428637967561396,4,0.5
17.654059925813208,-0.3036375645741377,-1.050053830455308,4,0.5
17.776853623331515,-0.3037512277910242,-1.057294034208279,4,0.5
17.900501418559564,-0.3038403224043438,-1.0645783131954514,4,0.5
18.02500925221672,-0.3039523104580262,-1.0719159594978624,4,0.5
18.150383106343334,-0.30405335162517133,-1.079300845804554,4,0.5
18.27662900458813,-0.3041773582648754,-1.0867398176000598,4,0.5
18.403753012497624,-0.3042769408879992,-1.0942240122197677,4,0.5
18.53176123780754,-0.30439956309487415,-1.1017629821734,4,0.5
18.660659830736275,-0.3045181620690527,-1.1093517683828271,4,0.5
18.790454984280366,-0.3046327762696877,-1.1169906740982758,4,0.5
18.921152934512047,-0.3047434446819752,-1.1246800040045488,4,0.5
19.05275996087888,-0.30487053205842723,-1.132424178110735,4,0.5
19.18528238650542,-0.30499375314955823,-1.140219447557109,4,0.5
19.31872657849705,-0.30511992363108925,-1.1480675124649695,4,0.5
19.453098948245852,-0.30525585965367275,-1.1559701132411078,4,0.5
19.588405951738682,-0.3053677279633158,-1.1639205712350345,4,0.5
19.72465408986733,-0.3055029958605513,-1.171929051333756,4,0.5
19.861849908740865,-0.3056346062755388,-1.1799902688282975,4,0.5
20.00000000000015,-0.30576260276644146,-1.1881045413566476,4,0.5
20.13911100113453,-0.30589380439782643,-1.1962736378194987,4,0.5
20.279189595800737,-0.3060418056463466,-1.204500829031236,4,0.5
20.42024251414402,-0.3061660025697085,-1.2127777080458404,4,0.5
20.56227653312149,-0.3063070904187288,-1.221113389222487,4,0.5
20.70529847682771,-0.30645834085520807,-1.2295067999387623,4,0.5
20.849315216822593,-0.3065927019082144,-1.2379523250626923,4,0.5
20.994333672461515,-0.3067373207731209,-1.2464562773826724,4,0.5
21.14036081122778,-0.3068922459694667,-1.2550190502900982,4,0.5
21.28740364906737,-0.3070304278008971,-1.2636349079233349,4,0.5
21.43546925072604,-0.3071857899273231,-1.2723118377806124,4,0.5
21.584564730088722,-0.307344833497046,-1.2810471629017657,4,0.5
21.734697250521346,-0.3074940605650133,-1.2898381221784025,4,0.5
21.885874025214974,-0.3076402979598549,-1.2986865974626454,4,0.5
22.038102317532406,-0.30781747158152195,-1.3076008646157529,4,0.5
22.191389441357092,-0.30797821260303937,-1.3165702428483506,4,0.5
22.345742761444598,-0.30814289918281085,-1.3255998373014266,4,0.5
22.501169693776383,-0.3082980373040401,-1.3346867848067376,4,0.5
22.657677705916175,-0.3084707809140069,-1.3438379260390474,4,0.5
22.815274317368676,-0.3086408630109488,-1.3530487805791596,4,0.5
22.973967099940907,-0.30881511548313584,-1.3623213529804614,4,0.5
23.13376367810596,-0.30899359649036673,-1.371656028902354,4,0.5
23.29467172936933,-0.3091763650008703,-1.3810531958831487,4,0.5
23.456698984637793,-0.30934315773043775,-1.3905081733202105,4,0.5
23.619853228590827,-0.3095346815479718,-1.4000314570767687,4,0.5
23.784142300054643,-0.3097103518407517,-1.4096132642941306,4,0.5
23.949574092378796,-0.3099108768440029,-1.4192642365106516,4,0.5
24.11615655381544,-0.31009567401823557,-1.4289744516850822,4,0.5
24.28389768790117,-0.31028513034095667,-1.438749449077923,4,0.5
24.452805553841607,-0.3104793107785806,-1.4485896285822757,4,0.5
24.622888266898567,-0.3106715070419201,-1.4584936173759169,4,0.5
24.794153998779972,-0.3108888825071916,-1.4684689298041913,4,0.5
24.966610978032485,-0.3110908600543515,-1.478505286610684,4,0.5
25.140267490436816,-0.3112910567424851,-1.4886066064676997,4,0.5
25.315131879405854,-0.31148954227035003,-1.4987732602087234,4,0.5
25.4912125463855,-0.3117067093168743,-1.5090111327642441,4,0.5
25.668517951258348,-0.3119155333829809,-1.519313311564682,4,0.5
25.847056612750112,-0.3121431829555498,-1.5296875869970226,4,0.5
26.026837108838944,-0.3123626358066809,-1.540126947180741,4,0.5
26.20786807716754,-0.3125807405926134,-1.5506336209743066,4,0.5
26.390158215458165,-0.31281789452263853,-1.5612136966701649,4,0.5
26.573716281930512,-0.31303353132080963,-1.5718561779267008,4,0.5
26.758551095722524,-0.3132751454450261,-1.582574834396301,4,0.5
26.944671537314093,-0.3135089467964311,-1.5933604959289474,4,0.5
27.13208654895373,-0.31375533655930166,-1.6042193778132907,4,0.5
27.320805135088207,-0.3139940747264392,-1.6151460375262887,4,0.5
27.510836362795175,-0.3142387908866678,-1.6261447907697937,4,0.5
27.7021893622188,-0.31448956833979574,-1.637216068687355,4,0.5
27.89487332700842,-0.3147261709460402,-1.648354267402601,4,0.5
28.088897514760255,-0.31498255215464865,-1.6595698264794718,4,0.5
28.284271247462218,-0.3152384781821581,-1.670857144971029,4,0.5
28.48100391194176,-0.3155008105934969,-1.6822186727562158,4,0.5
28.679104960316874,-0.315769638635893,-1.6936548491912733,4,0.5
28.878583910450253,-0.3160450527919776,-1.7051661153714626,4,0.5
29.079450346406546,-0.316313598214646,-1.7167487171650955,4,0.5
29.28171391891285,-0.3165821414164248,-1.7284051239603668,4,0.5
29.485384345822368,-0.31687109648021355,-1.7401421210516015,4,0.5
29.690471412581335,-0.3171466929046404,-1.7519495301696928,4,0.5
29.896984972699123,-0.3174428936633114,-1.7638384554509121,4,0.5
30.104934948221704,-0.3177327044422889,-1.7758007451559494,4,0.5
30.314331330208326,-0.3180162251489407,-1.787836760130006,4,0.5
30.52518417921155,-0.3183206490819732,-1.799955676917219,4,0.5
30.73750362576062,-0.31861898658532845,-1.8121491656086344,4,0.5
30.951299870848175,-0.31892488760494914,-1.8244220592294538,4,0.5
31.16658318642038,-0.31923845743550955,-1.8367748155251458,4,0.5
31.38336391587042,-0.3195598028254614,-1.8492078938694758,4,0.5
31.60165247453548,-0.3198687136965717,-1.861714908173033,4,0.5
31.82145935019715,-0.3201991638204463,-1.8743076686859586,4,0.5
32.04279510358529,-0.3205241734582314,-1.886977477275929,4,0.5
32.26567036888546,-0.3208641735668706,-1.8997316942866849,4,0.5
32.49009585424984,-0.3211921880516552,-1.912561446301695,4,0.5
32.716082342311665,-0.32153542339271524,-1.9254765079880147,4,0.5
32.94364069070335,-0.3218736795497752,-1.9384702568714836,4,0.5
33.172781832578096,-0.3222273932751908,-1.9515502545173327,4,0.5
33.40351677713521,-0.3225899128470138,-1.9647146090234626,4,0.5
33.63585661014903,-0.32294104378738353,-1.9779565008196964,4,0.5
33.86981249450153,-0.32330799981755415,-1.9912860431775825,4,0.5
34.10539567071872,-0.3236841344530448,-2.0047012977679404,4,0.5
34.34261745751061,-0.3240492588495583,-2.0181952936880045,4,0.5
34.58148925231507,-0.32442381920084706,-2.0317758527429994,4,0.5
34.822022531845434,-0.3247944025753699,-2.045438418345927,4,0.5
35.064228852641875,-0.3251950023310347,-2.0591960421643742,4,0.5
35.30811985162668,-0.32557834914998973,-2.073031492362421,4,0.5
35.55370724666329,-0.32598521175130946,-2.0869604650534046,4,0.5
35.80100283711939,-0.3263886410285633,-2.100973194541328,4,0.5
36.05001850443371,-0.32679554958950613,-2.1150726648638414,4,0.5
36.30076621268694,-0.32721962345898553,-2.1292645595761446,4,0.5
36.55325800917653,-0.3276271485718784,-2.143536198337196,4,0.5
36.80750602499552,-0.32805212998928424,-2.157901163111208,4,0.5
37.06352247561536,-0.32848117285143097,-2.172354635030889,4,0.5
37.32131966147283,-0.32892119925084096,-2.1868997491072206,4,0.5
37.58090996856101,-0.32935881885641116,-2.2015315568607847,4,0.5
37.84230586902438,-0.3298009579907477,-2.2162531754421466,4,0.5
38.105519921758045,-0.3302477735664197,-2.23106504040426,4,0.5
38.37056477301113,-0.3307197383604964,-2.24597592211847,4,0.5
38.63745315699439,-0.33118315720498775,-2.2609724450533113,4,0.5
38.906197896491996,-0.3316449650560198,-2.2760577464022953,4,0.5
39.176811903477656,-0.3321188698977783,-2.2912378791053176,4,0.5
39.449308179734956,-0.3326118104991321,-2.306516198633839,4,0.5
39.72369981748203,-0.3330901022076896,-2.321878876740882,4,0.5
40.000000000000604,-0.3335877724536379,-2.3373406602684574,4,0.5
40.27822200226936,-0.3340914542711336,-2.352896274356139,4,0.5
40.55837919160177,-0.33459455433530233,-2.3685432203229357,4,0.5
40.840485028288356,-0.3351175645760076,-2.3842907562746336,4,0.5
41.124553066243294,-0.3356268140058847,-2.40012454445784,4,0.5
41.410596953655734,-0.3361563405075597,-2.416059846657387,4,0.5
41.6986304336455,-0.3366927900882507,-2.4320911850319433,4,0.5
41.98866734492334,-0.33722958223289384,-2.4482159573144773,4,0.5
42.28072162245588,-0.33777367987661533,-2.4644376076082564,4,0.5
42.57480729813507,-0.3383252780808457,-2.4807565784490997,4,0.5
42.8709385014524,-0.3388913447126376,-2.497176422428359,4,0.5
43.16912946017777,-0.33945176974679214,-2.513688253647147,4,0.5
43.46939450104301,-0.3400338367648803,-2.5303049987390764,4,0.5
43.771748050430276,-0.34061067152871466,-2.5470145301137146,4,0.5
44.07620463506514,-0.3412095625888837,-2.563829952646516,4,0.5
44.38277888271451,-0.3418036419477937,-2.580738960613599,4,0.5
44.69148552288952,-0.34239989416830424,-2.5977451067362134,4,0.5
45.00233938755311,-0.34301207604940936,-2.6148553015326796,4,0.5
45.315355411832684,-0.3436404076320904,-2.6320700592795694,4,0.5
45.63054863473769,-0.344251264615485,-2.649373326159253,4,0.5
45.947934199882155,-0.34488549054458384,-2.666785290931328,4,0.5
46.26752735621227,-0.345536544987748,-2.684303179543351,4,0.5
46.58934345873901,-0.3461911216823762,-2.7019207399347485,4,0.5
46.913397969275934,-0.3468494564575103,-2.719638347266894,4,0.5
47.23970645718201,-0.3475117883185791,-2.7374563761085224,4,0.5
47.56828460010965,-0.34818512847820304,-2.755378658134546,4,0.5
47.89914818475796,-0.34885618436481336,-2.7733986759853964,4,0.5
48.232313107631235,-0.34955228033342434,-2.7915307569548586,4,0.5
48.5677953758027,-0.3502601302829659,-2.8097684339554028,4,0.5
48.90561110768358,-0.35097322082822635,-2.8281085987768027,4,0.5
49.2457765337975,-0.3516782737830094,-2.846544460163108,4,0.5
49.58830799756032,-0.35240939451789066,-2.865094277948606,4,0.5
49.933221956065346,-0.35313977459299273,-2.8837441204848484,4,0.5
50.280534980874016,-0.35388998871716315,-2.902505261644398,4,0.5
50.630263758812085,-0.35464000477727364,-2.9213671731842896,4,0.5
50.982425092771386,-0.3553833316121717,-2.9403264373749427,4,0.5
51.33703590251707,-0.35616762663519763,-2.9594094358620784,4,0.5
51.69411322550061,-0.35694579686171185,-2.9785905843967635,4,0.5
52.05367421767828,-0.35773843443243164,-2.997881470947707,4,0.5
52.41573615433548,-0.3585322952625749,-3.0172749112308708,4,0.5
52.78031643091672,-0.3593479783892033,-3.0367827348353713,4,0.5
53.14743256386143,-0.3601451771153877,-3.056382237252496,4,0.5
53.517102191445446,-0.36098510385167815,-3.0761085716892387,4,0.5
53.8893430746286,-0.3618206926745642,-3.0959350236511503,4,0.5
54.264173097907864,-0.3626725577918479,-3.1158736711708825,4,0.5
54.64161027017682,-0.36352071285554477,-3.13591301658602,4,0.5
55.02167272559077,-0.36439254696531925,-3.1560693199531387,4,0.5
55.40437872443802,-0.36526131531527595,-3.1763269570680004,4,0.5
55.78974665401725,-0.36614764775503783,-3.1966983455560185,4,0.5
56.17779502952094,-0.36704510973766336,-3.2171798478339655,4,0.5
56.56854249492486,-0.367960805054866,-3.237775971306738,4,0.5
56.962007823883944,-0.36887477465371876,-3.258474703913105,4,0.5
57.358209920634174,-0.36980766480274546,-3.2792888154123894,4,0.5
57.75716782090094,-0.3707462924930228,-3.3002103368569955,4,0.5
58.158900692813525,-0.37168424643933906,-3.321235309829983,4,0.5
58.56342783782614,-0.3726557184746982,-3.3423853355582605,4,0.5
58.97076869164518,-0.37362724059969465,-3.3636395189815294,4,0.5
59.38094282516311,-0.3746127145719842,-3.385006745395106,4,0.5
59.79396994539869,-0.37561251400997697,-3.406487402605522,4,0.5
60.209869896443855,-0.3766202513630905,-3.4280774762234407,4,0.5
60.628662660417106,-0.3776160125153472,-3.449763955654811,4,0.5
61.05036835842356,-0.3786678448208853,-3.471591531714126,4,0.5
61.4750072515217,-0.3796949512705699,-3.4935071764313417,4,0.5
61.90259974169682,-0.3807518566680135,-3.5155469677849425,4,0.5
62.33316637284123,-0.38181190163447665,-3.537693241846635,4,0.5
62.766727831741306,-0.3828890260005977,-3.559955402325159,4,0.5
63.20330494907143,-0.3839768780083055,-3.5823292257020194,4,0.5
63.642918700394766,-0.38506911149382606,-3.6048103590150387,4,0.5
64.08559020717105,-0.3861932117878098,-3.6274178065756657,4,0.5
64.5313407377714,-0.38731578241356585,-3.65012853082789,4,0.5
64.98019170850016,-0.3884440240158734,-3.6729474144261283,4,0.5
65.43216468462381,-0.3895986721315374,-3.695889077971254,4,0.5
65.8872813814072,-0.39076664266953987,-3.7189443861114837,4,0.5
66.34556366515669,-0.39193485781794374,-3.742103931674728,4,0.5
66.80703355427093,-0.39311730459937955,-3.7653776495204294,4,0.5
67.27171322029855,-0.3943279750113066,-3.788775759235606,4,0.5
67.73962498900357,-0.3955267503646157,-3.812268964481907,4,0.5
68.21079134143795,-0.3967614567222142,-3.8358922673314866,4,0.5
68.68523491502174,-0.39799198774271694,-3.85961605974844,4,0.5
69.16297850463066,-0.3992458871147983,-3.8834607133049373,4,0.5
69.6440450636914,-0.4005101183275995,-3.907416462064047,4,0.5
70.12845770528428,-0.40179194366470594,-3.931488726991592,4,0.5
70.61623970325388,-0.4030851031710925,-3.9556726927435863,4,0.5
71.10741449332713,-0.4043968710787161,-3.979973867601464,4,0.5
71.60200567423932,-0.4057074721903175,-4.004376833426239,4,0.5
72.10003700886796,-0.40703095708582304,-4.028892268823631,4,0.5
72.60153242537443,-0.40839490932718664,-4.053541859666082,4,0.5
73.10651601835362,-0.4097457544623804,-4.078283281243857,4,0.5
73.61501204999159,-0.41111785246869176,-4.1031435070742095,4,0.5
74.12704495123128,-0.41250498757558407,-4.128117509692449,4,0.5
74.64263932294622,-0.41390771410687743,-4.153205618661752,4,0.5
75.16181993712259,-0.41533335618101014,-4.178413717966221,4,0.5
75.68461173804933,-0.4167621911869076,-4.203725523370668,4,0.5
76.21103984351666,-0.4182083197900491,-4.229152403869997,4,0.5
76.74112954602285,-0.4196655593924479,-4.2546890642109405,4,0.5
77.27490631398935,-0.421134497362914,-4.280335763986975,4,0.5
77.81239579298456,-0.42262249078617614,-4.306098522747492,4,0.5
78.3536238069559,-0.42413690327045894,-4.331983538839208,4,0.5
78.8986163594705,-0.4256445275919949,-4.357962194397082,4,0.5
79.44739963496465,-0.4271797929224337,-4.384063794716174,4,0.5
80.00000000000179,-0.42872979466245675,-4.410277079806444,4,0.5
80.55644400453932,-0.4302883982710562,-4.436596424154345,4,0.5
81.11675838320417,-0.43186976449183095,-4.46303405835604,4,0.5
81.68097005657731,-0.43346100998591297,-4.489578381534882,4,0.5
82.24910613248719,-0.43506954668750125,-4.516235737017092,4,0.5
82.8211939073121,-0.4366960308208535,-4.543006523607594,4,0.5
83.39726086729164,-0.4383276005258147,-4.5698787933401555,4,0.5
83.97733468984731,-0.43997168894650773,-4.5968589380203335,4,0.5
84.56144324491237,-0.44166278644157386,-4.623978638955605,4,0.5
85.14961459627077,-0.4433407148199093,-4.65118204875915,4,0.5
85.74187700290544,-0.4450332163200439,-4.6784944320483834,4,0.5
86.33825892035618,-0.4467545151465858,-4.705928986844038,4,0.5
86.93878900208668,-0.4484917927154863,-4.733473473094371,4,0.5
87.54349610086122,-0.4502390002709713,-4.761121804454778,4,0.5
88.15240927013093,-0.4519900963234813,-4.788867726704543,4,0.5
88.7655577654297,-0.45377285908804266,-4.8167378229917315,4,0.5
89.38297104577971,-0.455560974180983,-4.844706271214878,4,0.5
90.00467877510688,-0.4573687094689758,-4.872786691678424,4,0.5
90.63071082366605,-0.45920357771979115,-4.900986372214149,4,0.5
91.26109726947607,-0.46103928631979463,-4.929278839360372,4,0.5
91.895868399765,-0.46289688771837856,-4.957684783706929,4,0.5
92.53505471242522,-0.4647771541618779,-4.986204829506636,4,0.5
93.17868691747873,-0.46666733991522646,-5.014825735449894,4,0.5
93.82679593855258,-0.4685682316621752,-5.043547882656129,4,0.5
94.47941291436473,-0.47049414890393876,-5.07238578262034,4,0.5
95.13656920022001,-0.47242560475573214,-5.101318877941041,4,0.5
95.79829636951663,-0.47439045912891964,-5.130376104701507,4,0.5
96.4646262152632,-0.4763421877064,-5.159507987205517,4,0.5
97.13559075160614,-0.478349243023773,-5.188787036746093,4,0.5
97.81122221536789,-0.480338062438485,-5.2181343302429735,4,0.5
98.49155306759573,-0.4823568245892542,-5.2476012497841475,4,0.5
99.17661599512138,-0.48438608469776906,-5.277166498655941,4,0.5
99.86644391213144,-0.48644022103842655,-5.306845552549875,4,0.5
100.56106996174877,-0.48849980215732147,-5.336616703932887,4,0.5
101.26052751762494,-0.49059951152223696,-5.3665183251078,4,0.5
101.96485018554354,-0.49269964044924275,-5.396505862746066,4,0.5
102.67407180503491,-0.4948010676274883,-5.4265796625447305,4,0.5
103.388226451002,-0.4969384988549581,-5.456778893636522,4,0.5
104.10734843535732,-0.4990722432737121,-5.487057950070137,4,0.5
104.83147230867174,-0.5012370213097842,-5.517456488339627,4,0.5
105.56063286183424,-0.5034269759920013,-5.547967784586535,4,0.5
106.29486512772365,-0.5056227268700076,-5.5785689554714075,4,0.5
107.03420438289172,-0.5078319575650082,-5.609268653809437,4,0.5
107.778686149258,-0.5100420634341231,-5.640051492677229,4,0.5
108.52834619581655,-0.5123013327041802,-5.670975165671837,4,0.5
109.28322054035448,-0.5145430510951505,-5.701959223424153,4,0.5
110.04334545118235,-0.5168290519461598,-5.733078342215479,4,0.5
110.80875744887686,-0.5191196922393839,-5.764284188527874,4,0.5
111.57949330803534,-0.5214159269483856,-5.7955774862417,4,0.5
112.35559005904271,-0.5237390165187557,-5.826984435787327,4,0.5
113.13708498985058,-0.5260763960308963,-5.858489355516035,4,0.5
113.92401564776874,-0.5284358053992437,-5.890101923857704,4,0.5
114.71641984126921,-0.5308046888045481,-5.921806138412468,4,0.5
115.51433564180275,-0.5331907965972809,-5.953611733641613,4,0.5
116.31780138562794,-0.5355748131088732,-5.985493585753126,4,0.5
117.12685567565316,-0.5379983396268082,-6.017505585728988,4,0.5
117.94153738329126,-0.5404217649336011,-6.0495961570333545,4,0.5
118.76188565032712,-0.5428799348506912,-6.081811114407462,4,0.5
119.58793989079828,-0.5453332420146304,-6.114098025982282,4,0.5
120.41973979288862,-0.547803003685614,-6.146485050996593,4,0.5
121.25732532083512,-0.5502970052266571,-6.178982834698087,4,0.5
122.10073671684803,-0.5528027252403007,-6.211574579722479,4,0.5
122.95001450304433,-0.555314413875722,-6.244252342712943,4,0.5
123.80519948339456,-0.5578534097813755,-6.2770455730400725,4,0.5
124.66633274568338,-0.5603936551457385,-6.309918336160868,4,0.5
125.53345566348355,-0.562956496347959,-6.342900433216513,4,0.5
126.40660989814381,-0.5655294225306389,-6.375974526776314,4,0.5
127.28583740079048,-0.568120242543677,-6.409151835249971,4,0.5
128.17118041434307,-0.570729995432723,-6.4424341837058865,4,0.5
129.0626814755438,-0.5733461726977606,-6.4758038195002,4,0.5
129.9603834170013,-0.5759765893968245,-6.509272187589778,4,0.5
130.86432936924862,-0.578622288405835,-6.542841127428302,4,0.5
131.77456276281538,-0.5812843138972951,-6.576512557533051,4,0.5
132.69112733031437,-0.5839569337612195,-6.610278352637389,4,0.5
133.61406710854286,-0.5866344139846614,-6.6441301673323165,4,0.5
134.5434264405981,-0.5893381328296287,-6.67810053431112,4,0.5
135.47924997800817,-0.5920488007363968,-6.712160869191544,4,0.5
136.42158268287693,-0.5947674597288475,-6.746313038642605,4,0.5
137.3704698300445,-0.5975222745628338,-6.7806010178654095,4,0.5
138.32595700926237,-0.6002668235205082,-6.814953675133588,4,0.5
139.28809012738384,-0.6030292684273864,-6.849415073894708,4,0.5
140.25691541056963,-0.6057970827451955,-6.883966158092626,4,0.5
141.23247940650882,-0.608591651750162,-6.918641438938362,4,0.5
142.2148289866553,-0.6113800890732125,-6.9533892382076425,4,0.5
143.20401134847972,-0.614197346523832,-6.988266206534086,4,0.5
144.200074017737,-0.6170173099422178,-7.023231095091782,4,0.5
145.20306485074994,-0.6198477854882224,-7.05829718271049,4,0.5
146.2130320367083,-0.6227033677798822,-7.093489395713381,4,0.5
147.2300240999843,-0.6255579170741609,-7.128765509161312,4,0.5
148.25408990246365,-0.6284124356193116,-7.1641276493565105,4,0.5
149.28527864589356,-0.6312950872107865,-7.199623970702908,4,0.5
150.32363987424628,-0.6341864972752677,-7.235223066904347,4,0.5
151.3692234760998,-0.6370876541488346,-7.270927568638259,4,0.5
152.42207968703445,-0.6399927445627941,-7.306728444130811,4,0.5
153.48225909204683,-0.642909536092441,-7.342640063184023,4,0.5
154.54981262797986,-0.6458389960874976,-7.378665307001816,4,0.5
155.6247915859703,-0.6487752853738005,-7.414795130201394,4,0.5
156.70724761391295,-0.651712551421273,-7.451020213716531,4,0.5
157.79723271894218,-0.6546789337612036,-7.487391913287499,4,0.5
158.8947992699305,-0.6576413604663595,-7.523852578646303,4,0.5
160.0000000000048,-0.6606211544963891,-7.56044180841417,4,0.5
161.11288800907985,-0.6636056181753336,-7.597138051762959,4,0.5
162.23351676640956,-0.6665820317285223,-7.633919098432314,4,0.5
163.36194011315587,-0.6695785013909876,-7.67083797847398,4,0.5
164.49821226497562,-0.6725822866150238,-7.707872817946415,4,0.5
165.6423878146254,-0.6756078674463534,-7.7450524319718035,4,0.5
166.79452173458452,-0.6786220335690625,-7.782315913839028,4,0.5
167.9546693796959,-0.6816596737593223,-7.819730847079006,4,0.5
169.12288648982604,-0.6846875339741259,-7.857235508925082,4,0.5
170.29922919254284,-0.6877268545022821,-7.894872128525063,4,0.5
171.4837540058122,-0.6907784219243529,-7.932644193202271,4,0.5
172.6765178407137,-0.6938430070697414,-7.970555259035345,4,0.5
173.87757800417467,-0.6969008951522961,-8.008568371217969,4,0.5
175.08699220172375,-0.6999664571320188,-8.04671356732163,4,0.5
176.30481854026317,-0.70304040727958,-8.084994291236338,4,0.5
177.53111553086072,-0.7061234416670841,-8.123414045571842,4,0.5
178.7659420915608,-0.7092162376032145,-8.161976389934,4,0.5
180.00935755021513,-0.7122921218029256,-8.200628792486633,4,0.5
181.26142164733346,-0.7153995517288265,-8.2394726564613,4,0.5
182.52219453895353,-0.7184913044393735,-8.278412915466163,4,0.5
183.7917367995314,-0.7216021463012752,-8.317523825234135,4,0.5
185.07010942485184,-0.7247121340440377,-8.356766134168913,4,0.5
186.35737383495882,-0.7278218063173787,-8.396143048987922,4,0.5
187.65359187710658,-0.7309453703615333,-8.435687156785475,4,0.5
188.95882582873088,-0.734055938344073,-8.475343249670344,4,0.5
190.27313840044144,-0.7371882166485573,-8.515188432808673,4,0.5
191.59659273903472,-0.740322109470133,-8.555182013076607,4,0.5
192.92925243052787,-0.7434511774932012,-8.595312226462172,4,0.5
194.27118150321374,-0.746589519706433,-8.6356125566368,4,0.5
195.62244443073726,-0.7497237851709077,-8.676056045624374,4,0.5
196.98310613519297,-0.7528611651548046,-8.716661199595654,4,0.5
198.35323199024427,-0.7560019671131215,-8.757431419113262,4,0.5
199.73288782426437,-0.7591533389554892,-8.798385790681177,4,0.5
201.12213992349908,-0.7622949228194249,-8.839480676077578,4,0.5
202.5210550352514,-0.7654406708845674,-8.88075060837158,4,0.5
203.9297003710886,-0.7685976500798735,-8.922215012628302,4,0.5
205.3481436100714,-0.7717522658089772,-8.963845326559435,4,0.5
206.77645290200556,-0.7749115194489388,-9.005660831349656,4,0.5
208.21469687071618,-0.7780617311556952,-9.047632096721763,4,0.5
209.66294461734503,-0.7812029432954098,-9.089761721456542,4,0.5
211.12126572367004,-0.7843627385530327,-9.132118791557152,4,0.5
212.5897302554489,-0.7875273368532607,-9.174673785929437,4,0.5
214.06840876578502,-0.7906690966420876,-9.21736241487866,4,0.5
215.5573722985176,-0.7938362276619204,-9.26030537394085,4,0.5
217.05669239163473,-0.7969941135990617,-9.303421274627272,4,0.5
218.5664410807106,-0.8001494968744327,-9.346729686865318,4,0.5
220.08669090236637,-0.8033090972243127,-9.390250618925366,4,0.5
221.6175148977554,-0.8064588568194243,-9.433952001689205,4,0.5
223.15898661607235,-0.8096192605490898,-9.477888843582184,4,0.5
224.71118011808713,-0.8127761707273683,-9.522028799525954,4,0.5
226.27416997970286,-0.8159153798284109,-9.566338408586493,4,0.5
227.8480312955392,-0.8190780809091708,-9.610927272009766,4,0.5
229.43283968254013,-0.8222361431488148,-9.655726478691856,4,0.5
231.02867128360725,-0.8253821571280968,-9.700719781270758,4,0.5
232.63560277125762,-0.8285294952091788,-9.74594555936473,4,0.5
234.25371135130806,-0.8316845716463597,-9.79142459092212,4,0.5
235.88307476658426,-0.8348190001470237,-9.83708461321505,4,0.5
237.523771300656,-0.8379599599650349,-9.883001703556731,4,0.5
239.17587978159838,-0.8411068021683217,-9.929178123019684,4,0.5
240.83947958577906,-0.8442448973908557,-9.975577793497704,4,0.5
242.51465064167206,-0.8473944050355132,-10.02225960978318,4,0.5
244.2014734336979,-0.8505336263355432,-10.069167689017371,4,0.5
245.9000290060905,-0.8536756787671985,-10.116341939621103,4,0.5
247.61039896679097,-0.8567987320257027,-10.16372490517335,4,0.5
249.33266549136863,-0.8599298066451609,-10.211395920524383,4,0.5
251.06691132696898,-0.8630539667290902,-10.259316715962084,4,0.5
252.81321979628953,-0.8661842067508724,-10.307528085984849,4,0.5
254.5716748015829,-0.8693054803691714,-10.355990829639863,4,0.5
256.3423608286881,-0.8724307128720088,-10.40474594937863,4,0.5
258.12536295108947,-0.8755447455754163,-10.453753278442358,4,0.5
259.9207668340045,-0.8786604341999389,-10.503054007417955,4,0.5
261.72865873849923,-0.8817765698386411,-10.55264863749277,4,0.5
263.54912552563275,-0.8848707843587683,-10.602474505829955,4,0.5
265.38225466063074,-0.8879910300136061,-10.652678275996035,4,0.5
267.2281342170877,-0.8910937327435674,-10.703133887276596,4,0.5
269.08685288119824,-0.8941845187535075,-10.753861483788457,4,0.5
270.95849995601833,-0.8972901781806314,-10.804946361654094,4,0.5
272.8431653657559,-0.9003810068668282,-10.856302046311656,4,0.5
274.74093966009104,-0.903483752687738,-10.90801458173879,4,0.5
276.6519140185268,-0.9065685680464443,-10.959995754924028,4,0.5
278.5761802547697,-0.909669248051917,-11.012354566902847,4,0.5
280.51383082114137,-0.9127416297049539,-11.064956740483815,4,0.5
282.4649588130198,-0.9158336657165794,-11.117956923130835,4,0.5
284.42965797331277,-0.9189010392813929,-11.171218860688235,4,0.5
286.40802269696155,-0.9219774961069145,-11.224853640329368,4,0.5
288.40014803547615,-0.9250470148551739,-11.278814123445235,4,0.5
290.4061297015021,-0.9281219936426753,-11.333144337019755,4,0.5
292.42606407341884,-0.9311934295553008,-11.387819264108932,4,0.5
294.4600481999708,-0.9342450987044137,-11.442789409498841,4,0.5
296.50817980492957,-0.9373035916356911,-11.498145760345842,4,0.5
298.5705572917893,-0.9403812548616852,-11.55393395578521,4,0.5
300.64727974849484,-0.9434259299801172,-11.609984460800632,4,0.5
302.73844695220185,-0.9464928526984073,-11.666485595482747,4,0.5
304.84415937407124,-0.9495296880882177,-11.723265322615822,4,0.5
306.964518184096,-0.9525917381526329,-11.780514543507127,4,0.5
309.09962525596205,-0.9556336932417719,-11.838083395589216,4,0.5
311.24958317194296,-0.9586821094078274,-11.896066373393717,4,0.5
313.4144952278283,-0.9617275380859456,-11.954435121121136,4,0.5
315.59446543788675,-0.9647604538689908,-12.013160244011175,4,0.5
317.7895985398634,-0.9678219193508157,-12.072389186099743,4,0.5
320.000000000012,-0.970844467246083,-12.131889439201391,4,0.5
322.22577601816215,-0.9738981310576664,-12.19191136273141,4,0.5
324.4670335328215,-0.9769152247617052,-12.25221907050973,4,0.5
326.7238802263142,-0.979958641164821,-12.3130402074634,4,0.5
328.99642452995374,-0.9829968714068904,-12.374266500710668,4,0.5
331.2847756292533,-0.9860273939551635,-12.435892399903363,4,0.5
333.5890434691715,-0.989047648796567,-12.49791198888991,4,0.5
335.90933875939425,-0.992098931136671,-12.560480197510405,4,0.5
338.2457729796546,-0.9951128581233548,-12.623350223757718,4,0.5
340.5984583850881,-0.9981673652342149,-12.686813041966229,4,0.5
342.96750801162693,-1.0011865277772345,-12.750591450119941,4,0.5
345.3530356814299,-1.004219043883075,-12.814869900636266,4,0.5
347.75515600835195,-1.0072549292485198,-12.879615284860337,4,0.5
350.1739844034501,-1.0102841233886213,-12.944793367274945,4,0.5
352.60963708052907,-1.013326054560867,-13.01048156862933,4,0.5
355.0622310617241,-1.0163558381054156,-13.076588903894738,4,0.5
357.53188418312425,-1.0193929083460675,-13.143193216918036,4,0.5
360.0187151004329,-1.0224122502641382,-13.210201615810695,4,0.5
362.52284329466966,-1.0254630624390209,-13.277808303648223,4,0.5
365.0443890779098,-1.0285128946323587,-13.345891662673203,4,0.5
367.58347359906554,-1.0315365382333659,-13.41435591968308,4,0.5
370.14021884970646,-1.0345908405945052,-13.48342792673149,4,0.5
372.7147476699204,-1.03765065270703,-13.55301298249482,4,0.5
375.30718375421594,-1.0406981508957394,-13.623043598534535,4,0.5
377.9176516574646,-1.0437454412797489,-13.6935710596186,4,0.5
380.5462768008857,-1.0468047109401228,-13.76464791990076,4,0.5
383.1931854780723,-1.0498580661333308,-13.836205612892226,4,0.5
385.85850486105863,-1.0529252593371137,-13.908327617427126,4,0.5
388.5423630064304,-1.0559959113397446,-13.980975479225831,4,0.5
391.2448888614774,-1.0590671516428265,-14.05414079392473,4,0.5
393.96621227038884,-1.0621436884698607,-14.127846250153295,4,0.5
396.7064639804915,-1.0652302697196103,-14.202115038273243,4,0.5
399.4657756485318,-1.0683164318499672,-14.276907134002908,4,0.5
402.24427984700117,-1.0714069200185257,-14.352245482463324,4,0.5
405.04211007050577,-1.074506524122932,-14.428153553386146,4,0.5
407.85940074218024,-1.0776124091034436,-14.504622843901489,4,0.5
410.69628722014585,-1.0807371031675486,-14.581709985270813,4,0.5
413.55290580401413,-1.0838470270827956,-14.65927536574753,4,0.5
416.42939374143555,-1.0869700937096314,-14.737440877752446,4,0.5
419.3258892346932,-1.090103518421897,-14.816198074716196,4,0.5
422.24253144734325,-1.093244508594581,-14.895538211692747,4,0.5
425.179460510901,-1.096413571424901,-14.975553739468623,4,0.5
428.13681753157323,-1.09955354962761,-15.055998958837849,4,0.5
431.11474459703845,-1.1027238511527135,-15.137135791430584,4,0.5
434.11338478327275,-1.1058984019875924,-15.218853519980591,4,0.5
437.13288216142445,-1.1090901077307767,-15.301212107996538,4,0.5
440.173381804736,-1.112288444418558,-15.384168187615682,4,0.5
443.23502979551404,-1.1155064379837483,-15.467782789300209,4,0.5
446.31797323214806,-1.11870990288503,-15.551905998347818,4,0.5
449.4223602361776,-1.121951382946643,-15.636776137514415,4,0.5
452.5483399594091,-1.125196713122388,-15.722243034528939,4,0.5
455.6960625910818,-1.1284432268975417,-15.808297040643728,4,0.5
458.8656793650838,-1.1317201350915242,-15.89507369036243,4,0.5
462.0573425672179,-1.1350090329620124,-15.982492516450002,4,0.5
465.2712055425187,-1.1383073816987792,-16.070544609708815,4,0.5
468.5074227026196,-1.141604618989276,-16.159183785060648,4,0.5
471.76614953317204,-1.1449223041709293,-16.248511917441725,4,0.5
475.04754260131557,-1.1482580398040356,-16.33852092233454,4,0.5
478.3517595632003,-1.151609438230946,-16.429202533458643,4,0.5
481.6789591715617,-1.1549822346830065,-16.520586337827737,4,0.5
485.02930128334776,-1.158365992656429,-16.61262617894663,4,0.5
488.40294686739946,-1.161758356728251,-16.70531328060745,4,0.5
491.8000580121847,-1.165181518396585,-16.7987549969502,4,0.5
495.2207979335857,-1.1686251463963846,-16.89290544725872,4,0.5
498.665330982741,-1.1720706111123183,-16.98767837275141,4,0.5
502.1338226539417,-1.1755403490288594,-17.083182926856146,4,0.5
505.62643959258287,-1.1790322784268106,-17.17941185483965,4,0.5
509.14334960316967,-1.1825360411288663,-17.27631778280078,4,0.5
512.68472165738,-1.186074474743329,-17.374013258823037,4,0.5
516.2507259021829,-1.1896206690184632,-17.47237068892006,4,0.5
519.841533668013,-1.1932060128489639,-17.571544709339836,4,0.5
523.4573174770023,-1.1967867790233948,-17.671324758390053,4,0.5
527.0982510512695,-1.2004029382932588,-17.77190785407387,4,0.5
530.7645093212655,-1.2040527723553456,-17.873288399601517,4,0.5
534.4562684341794,-1.2076922393906606,-17.975251795666253,4,0.5
538.1737057624005,-1.2113872465811906,-18.078124861696928,4,0.5
541.9169999120409,-1.215110819985267,-18.181777262889774,4,0.5
545.6863307315159,-1.2188356932260649,-18.286075523255672,4,0.5
549.4818793201863,-1.222594339811993,-18.39118281723418,4,0.5
553.3038280370578,-1.226385277271275,-18.497094109912926,4,0.5
557.1523605095437,-1.2301984188404438,-18.603761002571403,4,0.5
561.027661642287,-1.234040917068928,-18.711221279703818,4,0.5
564.9299176260438,-1.2379026857175266,-18.81942601478337,4,0.5
568.8593159466297,-1.2417735512842187,-18.928325228406443,4,0.5
572.8160453939274,-1.2457044981151408,-19.03817881808168,4,0.5
576.8002960709567,-1.2496594583988863,-19.148806255812,4,0.5
580.8122594030085,-1.2536371582969996,-19.260202587711078,4,0.5
584.8521281468421,-1.2576628775965917,-19.372498570452546,4,0.5
588.920096399946,-1.2617090676876486,-19.485555277808594,4,0.5
593.0163596098636,-1.2657834541161062,-19.599413658345807,4,0.5
597.1411145835832,-1.2698939213480958,-19.714115803416036,4,0.5
601.2945594969942,-1.2740305805852867,-19.829612340577242,4,0.5
605.4768939044083,-1.2782104508965542,-19.945992632020456,4,0.5
609.688318748147,-1.2824327825055217,-20.063254595544002,4,0.5
613.9290363681965,-1.2866696611713027,-20.18125484393779,4,0.5
618.1992505119288,-1.290956516304698,-20.300178639770213,4,0.5
622.4991663438906,-1.2952928153005354,-20.42002501927104,4,0.5
626.8289904556613,-1.2996322114269956,-20.540553325219918,4,0.5
631.1889308757782,-1.3040289660127002,-20.662048097533056,4,0.5
635.5791970797316,-1.308455047177074,-20.784364002691245,4,0.5
640.0000000000289,-1.3129377053875444,-20.90764527246229,4,0.5
644.4515520363291,-1.317458092387832,-21.03179424005114,4,0.5
648.9340670656479,-1.3220064612158087,-21.15676049734623,4,0.5
653.4477604526332,-1.3266011252333714,-21.282641564672165,4,0.5
657.9928490599125,-1.331232456120301,-21.409387600818057,4,0.5
662.5695512585116,-1.335900181858094,-21.5369979911166,4,0.5
667.178086938348,-1.3406325882827599,-21.665623723499646,4,0.5
671.8186775187937,-1.3454202960564563,-21.795216278568077,4,0.5
676.4915459593144,-1.3502154764822107,-21.925521984531734,4,0.5
681.1969167701814,-1.3550850444083729,-22.056897652623434,4,0.5
685.935016023259,-1.3599907642812656,-22.189140438000774,4,0.5
690.7060713628651,-1.3649617458209706,-22.322406434166773,4,0.5
695.5103120167091,-1.3699691463617383,-22.45654222191369,4,0.5
700.3479688069056,-1.3749934579036682,-22.591443621196373,4,0.5
705.2192741610634,-1.3801230560310265,-22.72758467264073,4,0.5
710.1244621234536,-1.385270106188666,-22.86449514121594,4,0.5
715.0637683662537,-1.3904841687511917,-23.002441290951538,4,0.5
720.0374302008713,-1.3957160629221879,-23.14115916597109,4,0.5
725.0456865893448,-1.4010459139657576,-23.28107999502894,4,0.5
730.0887781558251,-1.4064145393544847,-23.42188575974919,4,0.5
735.1669471981365,-1.411822334470836,-23.563578616996832,4,0.5
740.2804376994185,-1.4173103388133834,-23.70637997825866,4,0.5
745.4294953398465,-1.4228286168496538,-23.850020627027227,4,0.5
750.6143675084376,-1.428428785041857,-23.994779174599852,4,0.5
755.8353033149348,-1.434091415245283,-24.140550834936867,4,0.5
761.0925536017771,-1.439796747527322,-24.287228745575547,4,0.5
766.3863709561504,-1.445545461767979,-24.4348163611052,4,0.5
771.717009722123,-1.4514113720486175,-24.58371274276555,4,0.5
777.0847260128666,-1.4572913941134755,-24.73336011611696,4,0.5
782.4897777229608,-1.4632280697287787,-24.883988254222476,4,0.5
787.9324245407837,-1.4692753983814966,-25.035889088249714,4,0.5
793.412927960989,-1.4753607144353296,-25.1886689479885,4,0.5
798.9315512970695,-1.4815276365740901,-25.342563445345398,4,0.5
804.4885596940084,-1.4877239053920601,-25.4972891870933,4,0.5
810.0842201410177,-1.4940151175443181,-25.653200645076822,4,0.5
815.7188014843666,-1.5003596049136543,-25.810071654836687,4,0.5
821.392574440298,-1.5068022149013174,-25.968144165709784,4,0.5
827.1058116080346,-1.5132899816616339,-26.12713084693015,4,0.5
832.8587874828772,-1.51987916820457,-26.28733514613525,4,0.5
838.6517784693928,-1.526505273770686,-26.448407440502397,4,0.5
844.4850628946929,-1.5332250646765464,-26.610653615140762,4,0.5
850.3589210218082,-1.5400293017190139,-26.774022607595416,4,0.5
856.2736350631529,-1.5468973103104855,-26.938401698030955,4,0.5
862.2294891940834,-1.5538306406328624,-27.103798204781764,4,0.5
868.226769566552,-1.5608650402526316,-27.270403601128788,4,0.5
874.2657643228554,-1.5679683841515335,-27.438043397936344,4,0.5
880.3467636094787,-1.5751538899958015,-27.606787445013154,4,0.5
886.4700595910348,-1.5824235112157525,-27.776644777205068,4,0.5
892.635946464303,-1.5897792589733961,-27.94762464227975,4,0.5
898.844720472362,-1.5971998161271725,-28.119611114221406,4,0.5
905.096679918825,-1.6047221977330621,-28.29280111472959,4,0.5
911.3921251821704,-1.6123133144274946,-28.467015624177105,4,0.5
917.7313587301744,-1.6200106819653246,-28.642453617716807,4,0.5
924.1146851344428,-1.6277928916012447,-28.818998627629067,4,0.5
930.5424110850445,-1.6356741279439746,-28.996724366072524,4,0.5
937.0148454052463,-1.643620546700841,-29.175448557215198,4,0.5
943.5322990663512,-1.6516826480941236,-29.355437979029436,4,0.5
950.0950852026382,-1.659826500657562,-29.536509940758567,4,0.5
956.7035191264079,-1.668066588637365,-29.71873919294962,4,0.5
963.3579183431307,-1.6763929992819726,-29.902070989195412,4,0.5
970.0586025667028,-1.684832909645082,-30.086646600265652,4,0.5
976.8058937348063,-1.693364087494228,-30.272346009660644,4,0.5
983.6001160243768,-1.7019763674920332,-30.459113453041663,4,0.5
990.4415958671789,-1.7107226291651403,-30.647224281996145,4,0.5
997.3306619654895,-1.7195678785928905,-30.83649155522699,4,0.5
1004.267645307891,-1.7285019056644921,-31.026859251113866,4,0.5
1011.2528791851732,-1.7375400182250407,-31.218404795241405,4,0.5
1018.2866992063468,-1.746684927228575,-31.41113937587984,4,0.5
1025.3694433147675,-1.7559394035033071,-31.60507432903615,4,0.5
1032.5014518043733,-1.7652931666294265,-31.800153265205125,4,0.5
1039.6830673360337,-1.7747488733906789,-31.996387083242574,4,0.5
1046.9146349540124,-1.7843490457487747,-32.19399184947583,4,0.5
1054.1965021025467,-1.7940304281873045,-32.39263797170841,4,0.5
1061.5290186425389,-1.8038625228858607,-32.592679378634635,4,0.5
1068.9125368683667,-1.8137678846050411,-32.793715357124206,4,0.5
1076.347411524809,-1.8237895109749802,-32.99596317648903,4,0.5
1083.8339998240897,-1.8339714412466606,-33.19964293364374,4,0.5
1091.37266146304,-1.844248696855664,-33.40441987350741,4,0.5
1098.9637586403808,-1.854637753089376,-33.61037444778568,4,0.5
1106.607656074124,-1.8651554782804636,-33.817588085279375,4,0.5
1114.3047210190957,-1.875819141845421,-34.02614315385025,4,0.5
1122.0553232845823,-1.886590011997853,-34.235840749395855,4,0.5
1129.859835252096,-1.8974567548605283,-34.44662106827461,4,0.5
1137.7186318932681,-1.9084934074998974,-34.658849278147585,4,0.5
1145.6320907878635,-1.919660898730956,-34.87232544791085,4,0.5
1153.600592141922,-1.9309480679252804,-35.08699000264009,4,0.5
1161.6245188060257,-1.9423725475923235,-35.30292570935444,4,0.5
1169.704256293693,-1.9539231139891777,-35.52007272759525,4,0.5
1177.840192799901,-1.9656029671750985,-35.73844241621815,4,0.5
1186.032719219736,-1.9774153642365246,-35.95804618422514,4,0.5
1194.2822291671753,-1.989408370469391,-36.17911219387985,4,0.5
1202.5891189939975,-2.0015111508032852,-36.4012914183664,4,0.5
1210.9537878088256,-2.013741678915734,-36.6246669120082,4,0.5
1219.3766374963034,-2.026148765017503,-36.84946789425306,4,0.5
1227.8580727364024,-2.0386753430640634,-37.075415287166756,4,0.5
1236.3985010238666,-2.051355233444591,-37.30266575570323,4,0.5
1244.9983326877905,-2.0641611167792386,-37.53108444836402,4,0.5
1253.657980911332,-2.0771584983601468,-37.760975299838236,4,0.5
1262.377861751566,-2.090257608055996,-37.99190985453985,4,0.5
1271.1583941594727,-2.103540053235578,-38.22426590403609,4,0.5
1280.0000000000673,-2.117010038532596,-38.45805524634471,4,0.5
1288.9031040726677,-2.1306078557020496,-38.69299422801739,4,0.5
1297.8681341313059,-2.144336612554831,-38.929093054375635,4,0.5
1306.8955209052763,-2.158248066293415,-39.16658413722747,4,0.5
1315.9856981198345,-2.1723137493182,-39.40533029792915,4,0.5
1325.1391025170333,-2.1865700542512916,-39.64549053565007,4,0.5
1334.3561738767062,-2.2009717007618663,-39.88685272836212,4,0.5
1343.6373550375972,-2.2155386787827616,-40.12950137611911,4,0.5
1352.9830919186386,-2.2302747286854503,-40.373446736699826,4,0.5
1362.393833540373,-2.245166811746769,-40.61862437596512,4,0.5
1371.8700320465282,-2.2602692789020544,-40.86526820805565,4,0.5
1381.4121427257405,-2.2754843823652653,-41.112940152016016,4,0.5
1391.0206240334287,-2.2909177302954316,-41.36209817448848,4,0.5
1400.6959376138216,-2.3065221821626807,-41.61252782444579,4,0.5
1410.4385483221372,-2.3222840933064686,-41.86416369779373,4,0.5
1420.2489242469178,-2.338276884549081,-42.117314804788045,4,0.5
1430.1275367325184,-2.3543997770195175,-42.371540920037745,4,0.5
1440.0748604017533,-2.370726516958802,-42.627150882891875,4,0.5
1450.0913731787002,-2.387261383593233,-42.88415376604307,4,0.5
1460.177556311661,-2.4039369367398806,-43.14225838454957,4,0.5
1470.3338943962842,-2.420828424484111,-43.40177345804997,4,0.5
1480.560875398848,-2.4379221106130373,-43.66263251935463,4,0.5
1490.8589906797042,-2.455185562176164,-43.92469391907188,4,0.5
1501.2287350168863,-2.472659087677547,-44.188115901891145,4,0.5
1511.670606629881,-2.490346930305258,-44.452906468302245,4,0.5
1522.1851072035656,-2.5081974663046482,-44.718848639197596,4,0.5
1532.772741912312,-2.5262514931590903,-44.9861001099806,4,0.5
1543.4340194442575,-2.5445507964273144,-45.25481807263497,4,0.5
1554.1694520257447,-2.562986204003928,-45.524560897059445,4,0.5
1564.9795554459333,-2.5816368690895297,-45.79563526263148,4,0.5
1575.8648490815792,-2.600545430909635,-46.068197366607556,4,0.5
1586.8258559219898,-2.6196587660668484,-46.34202978421229,4,0.5
1597.863102594151,-2.638941827063761,-46.61699029992931,4,0.5
1608.9771193880288,-2.658476217972794,-46.893383393122626,4,0.5
1620.1684402820476,-2.6782074993125415,-47.170991996333036,4,0.5
1631.4376029687455,-2.6981790154392393,-47.44997073580079,4,0.5
1642.7851488806082,-2.7183353142131423,-47.73010306251128,4,0.5
1654.2116232160815,-2.738699855978635,-48.01146918910555,4,0.5
1665.7175749657672,-2.7593168406895563,-48.29422230764965,4,0.5
1677.303556938798,-2.7801501622828417,-48.5782199250296,4,0.5
1688.9701257893985,-2.8012445943686624,-48.86361409714295,4,0.5
1700.7178420436294,-2.8225430326599787,-49.15018915415588,4,0.5
1712.5472701263188,-2.8440697438260076,-49.43802340985492,4,0.5
1724.4589783881795,-2.86578703332414,-49.72697567422329,4,0.5
1736.453539133117,-2.8877819832009193,-50.017341960822264,4,0.5
1748.531528645724,-2.9100172198618814,-50.308980149570225,4,0.5
1760.6935272189705,-2.9324968179976847,-50.601893906820884,4,0.5
1772.940119182083,-2.9552035515531867,-50.896014625899724,4,0.5
1785.2718929286193,-2.978184105382718,-51.191489560315034,4,0.5
1797.6894409447373,-3.001356683525262,-51.488034804778444,4,0.5
1810.1933598376636,-3.024832921966429,-51.78601122643205,4,0.5
1822.7842503643546,-3.048486773910919,-52.08499369064356,4,0.5
1835.4627174603627,-3.0724308208208617,-52.38534066394674,4,0.5
1848.2293702688994,-3.0966034559204636,-52.68684169218954,4,0.5
1861.0848221701028,-3.121097125773567,-52.9897799823505,4,0.5
1874.0296908105065,-3.1457381588806332,-53.29359648536675,4,0.5
1887.0645981327166,-3.170685972778205,-53.59878338240886,4,0.5
1900.190170405291,-3.195922750213512,-53.90527074484122,4,0.5
1913.4070382528298,-3.2214074614319266,-54.212920827679525,4,0.5
1926.715836686276,-3.24716665324241,-54.52180347450863,4,0.5
1940.1172051334202,-3.273135471492201,-54.831714728154374,4,0.5
1953.611787469627,-3.2994324407875197,-55.14299584831546,4,0.5
1967.2002320487684,-3.3259927507636187,-55.45544220253654,4,0.5
1980.8831917343723,-3.3527968174526883,-55.76898714361887,4,0.5
1994.661323930994,-3.3798480606661196,-56.08363177375382,4,0.5
2008.535290615797,-3.407244382067065,-56.39964089404166,4,0.5
2022.5057583703617,-3.434848304676646,-56.716616503235976,4,0.5
2036.573398412709,-3.462758017928236,-57.034821862626984,4,0.5
2050.7388866295505,-3.490977769169343,-57.35425414376046,4,0.5
2065.0029036087626,-3.5194635844863114,-57.674781740209994,4,0.5
2079.366134672083,-3.5481947464716783,-57.99634016200313,4,0.5
2093.8292699080407,-3.577247520971283,-58.31911936911051,4,0.5
2108.3930042051093,-3.6066017164617277,-58.64305224557144,4,0.5
2123.0580372850936,-3.6361874278207997,-58.967948946016094,4,0.5
2137.82507373675,-3.666106441398383,-59.29405706756419,4,0.5
2152.6948230496346,-3.6963133644803348,-59.62124875469076,4,0.5
2167.6679996481957,-3.726836776982373,-59.94958173363389,4,0.5
2182.7453229260964,-3.757630444275226,-60.27893118017121,4,0.5
2197.927517280778,-3.788748065444316,-60.609414076977124,4,0.5
2213.2153121482643,-3.8201175898492328,-60.9408483308325,4,0.5
2228.6094420382083,-3.8518183180622194,-61.27340790931818,4,0.5
2244.1106465691814,-3.883854241715581,-61.60708639574678,4,0.5
2259.7196705042093,-3.916152246033829,-61.941705986044035,4,0.5
2275.4372637865536,-3.948741080086039,-62.277321428022255,4,0.5
2291.2641815757443,-3.9817018436830227,-62.614096031488785,4,0.5
2307.2011842838615,-4.014960718411544,-62.951854644568,4,0.5
2323.2490376120686,-4.048494826808654,-63.29053836335169,4,0.5
2339.4085125874035,-4.082307117551663,-63.63014436688681,4,0.5
2355.6803855998196,-4.116506130459349,-63.97088153973344,4,0.5
2372.0654384394898,-4.15101665157522,-64.31258120011837,4,0.5
2388.5644583343683,-4.18584196974991,-64.65523742860445,4,0.5
2405.178237988013,-4.220985371164262,-64.99884395829933,4,0.5
2421.9075756176694,-4.256423296922735,-65.34334407021315,4,0.5
2438.753274992625,-4.292212598065655,-65.6888317447949,4,0.5
2455.716145472823,-4.328329814230646,-66.03524880980024,4,0.5
2472.797002047752,-4.364751044712341,-66.38253976055019,4,0.5
2489.9966653755996,-4.401533767514167,-66.73079294980049,4,0.5
2507.3159618226828,-4.438599421559344,-67.07985890739042,4,0.5
2524.755723503151,-4.476088007624256,-67.42996079557994,4,0.5
2542.3167883189644,-4.513810617441965,-67.78076992510196,4,0.5
2560.0000000001537,-4.55190764486876,-68.13250554529158,4,0.5
2577.806208145355,-4.5903548119702515,-68.4851123835147,4,0.5
2595.736268262631,-4.629099547317802,-68.83849605038405,4,0.5
2613.7910418105726,-4.668228356866461,-69.1927747638424,4,0.5
2631.971396239689,-4.70766047314431,-69.54781394492865,4,0.5
2650.2782050340866,-4.747454787740758,-69.90368647623022,4,0.5
2668.7123477534324,-4.78755790551323,-70.26030356307734,4,0.5
2687.274710075215,-4.828085758570836,-70.61780923627762,4,0.5
2705.9661838372976,-4.868899781276835,-70.97600190080672,4,0.5
2724.7876670807664,-4.910116318644356,-71.33502035666258,4,0.5
2743.740064093077,-4.951566997576102,-71.69463936193921,4,0.5
2762.824285451502,-4.9934257097325645,-72.0550632241543,4,0.5
2782.0412480668783,-5.035695693186071,-72.41627532134144,4,0.5
2801.391875227664,-5.078264706321047,-72.77813048387735,4,0.5
2820.8770966442953,-5.121192823627086,-73.14068499156755,4,0.5
2840.4978484938565,-5.164482705740371,-73.50392691013506,4,0.5
2860.2550734650586,-5.208107894185038,-73.8678149008629,4,0.5
2880.1497208035285,-5.25207077382629,-74.23233938070584,4,0.5
2900.1827463574223,-5.296490677887556,-74.5975987731837,4,0.5
2920.355112623344,-5.341165622327094,-74.96338837890453,4,0.5
2940.6677887925907,-5.386302963457198,-75.32988211088102,4,0.5
2961.121750797718,-5.43169967337679,-75.69688893080583,4,0.5
2981.717981359431,-5.47750499527912,-76.06452189917569,4,0.5
3002.4574700337953,-5.523662411318987,-76.43271966276438,4,0.5
3023.3412132597846,-5.57023342116711,-76.8015123246552,4,0.5
3044.3702144071544,-5.6171017850201,-77.17080256521001,4,0.5
3065.545483824648,-5.6643288296335745,-77.54062207281945,4,0.5
3086.868038888538,-5.712006136010083,-77.9110113291627,4,0.5
3108.338904051513,-5.760016842805733,-78.28188179813544,4,0.5
3129.9591108918903,-5.808392783862867,-78.65323924429909,4,0.5
3151.7296981631816,-5.857076075236488,-79.0250418123757,4,0.5
3173.651711844004,-5.906158490768422,-79.3973223755845,4,0.5
3195.726205188326,-5.9557022821575964,-79.77008814997139,4,0.5
3217.954238776082,-6.005499086014124,-80.14323818753046,4,0.5
3240.3368805641194,-6.055791458618751,-80.51685067986536,4,0.5
3262.8752059375156,-6.106370496188539,-80.89083650369889,4,0.5
3285.570297761241,-6.157358577964671,-81.26522155416426,4,0.5
3308.4232464321876,-6.2086971246966725,-81.63997458207079,4,0.5
3331.435149931559,-6.260418101459572,-82.01508917011616,4,0.5
3354.607113877621,-6.312553567786851,-82.39055409122697,4,0.5
3377.9402515788224,-6.365014290640531,-82.7663412594681,4,0.5
3401.4356840872842,-6.417892877501417,-83.14244730661754,4,0.5
3425.094540252663,-6.471099863416154,-83.51885065770544,4,0.5
3448.9179567763854,-6.524788757873651,-83.89553959121334,4,0.5
3472.9070782662598,-6.578748286395327,-84.27249872030482,4,0.5
3497.0630572914743,-6.633192856445897,-84.64970558299963,4,0.5
3521.387054437968,-6.687971779302946,-85.02715276655096,4,0.5
3545.880238364193,-6.743055928755983,-85.40483543857363,4,0.5
3570.543785857265,-6.798538035310585,-85.78272783822196,4,0.5
3595.378881889502,-6.854480421185442,-86.16079739899358,4,0.5
3620.3867196753545,-6.910762463361796,-86.53905434321055,4,0.5
3645.5685007287366,-6.96741588516044,-86.91747803822427,4,0.5
3670.9254349207527,-7.0245028773263645,-87.29603181469733,4,0.5
3696.458740537827,-7.081933137936879,-87.67473087994891,4,0.5
3722.1696443402334,-7.1397382907309925,-88.0535505529341,4,0.5
3748.0593816210417,-7.197949906544679,-88.43246123410341,4,0.5
3774.129196265462,-7.256508088190835,-88.81147607257982,4,0.5
3800.3803408106105,-7.315444339864939,-89.19056636536739,4,0.5
3826.8140765056887,-7.374850954743627,-89.56966194375283,4,0.5
3853.43167337258,-7.434546210561624,-89.9488534084073,4,0.5
3880.2344102668694,-7.494683165309404,-90.32803257796206,4,0.5
3907.223574939284,-7.555171423164837,-90.70724212131181,4,0.5
3934.400464097566,-7.6160422228821485,-91.08644670944996,4,0.5
3961.7663834687746,-7.6773266691386794,-91.46560613297815,4,0.5
3989.322647862018,-7.738995116207993,-91.84472615560937,4,0.5
4017.070581231624,-7.800957461249497,-92.22387038853392,4,0.5
4045.011516740754,-7.863426269138793,-92.60283868145544,4,0.5
4073.1467968254487,-7.926250760507805,-92.98174527968654,4,0.5
4101.477773259132,-7.989401452891802,-93.36060737775236,4,0.5
4130.005807217556,-8.052939339356094,-93.73935281131205,4,0.5
4158.732269344197,-8.116864909662734,-94.11796490213315,4,0.5
4187.658539816113,-8.181208633570522,-94.49639323445774,4,0.5
4216.78600841025,-8.24600074294359,-94.87458266206126,4,0.5
4246.116074570219,-8.311001885411745,-95.25279720608025,4,0.5
4275.650147473531,-8.376541896337452,-95.63063221798208,4,0.5
4305.389646099301,-8.442411518030404,-96.00832141055795,4,0.5
4335.335999296423,-8.508581544754191,-96.38589407076977,4,0.5
4365.4906458522255,-8.57529028590326,-96.76301871256486,4,0.5
4395.8550345615895,-8.642299863337398,-97.13999483967949,4,0.5
4426.430624296562,-8.709670073322794,-97.51672978701463,4,0.5
4457.21888407645,-8.777371654691137,-97.89325368738554,4,0.5
4488.2212931383965,-8.845463901107731,-98.26946580391225,4,0.5
4519.439341008452,-8.914005519563439,-98.64525639184899,4,0.5
4550.874527573141,-8.982878823148228,-99.02079075930786,4,0.5
4582.528363151522,-9.052201004161844,-99.39586452702513,4,0.5
4614.402368567757,-9.121796586149745,-99.77075089741986,4,0.5
4646.498075224173,-9.191840666100497,-100.14514200301564,4,0.5
4678.817025174842,-9.262187608574987,-100.51927243185042,4,0.5
4711.360771199674,-9.332953445285273,-100.89292350439739,4,0.5
4744.130876879015,-9.40410877481308,-101.26612850520588,4,0.5
4777.128916668773,-9.475624488133318,-101.63892502546378,4,0.5
4810.356475976061,-9.547471789121822,-102.01135489078699,4,0.5
4843.815151235375,-9.619736378340628,-102.3832361830657,4,0.5
4877.506549985286,-9.692360572706471,-102.75466457410478,4,0.5
4911.432290945683,-9.765315748378072,-103.12568500232047,4,0.5
4945.594004095541,-9.838658399437618,-103.49616632528424,4,0.5
4979.9933307512365,-9.91235973758757,-103.86615247021604,4,0.5
5014.631923645403,-9.98647549405391,-104.23550525701096,4,0.5
5049.511447006339,-10.060976689798906,-104.60426774715367,4,0.5
5084.633576637967,-10.135751174903344,-104.97267911987782,4,0.5
5120.000000000346,-10.210882630443706,-105.34053920764158,4,0.5
5155.612416290749,-10.286425804067303,-105.7077021300706,4,0.5
5191.4725365253,-10.362351968200132,-106.07421515054241,4,0.5
5227.582083621183,-10.438577972670767,-106.44026513493951,4,0.5
5263.942792479418,-10.515213046706958,-106.80556880594533,4,0.5
5300.556410068212,-10.592147129219487,-107.1703856308821,4,0.5
5337.424695506905,-10.669515536821464,-107.53435439640896,4,0.5
5374.54942015047,-10.747235651853131,-107.89766783951664,4,0.5
5411.932367674636,-10.825253059027043,-108.26045720754884,4,0.5
5449.575334161574,-10.903647795118289,-108.62249452414237,4,0.5
5487.480128186196,-10.982392088259669,-108.98383786704659,4,0.5
5525.648570903045,-11.061485078252037,-109.3444738895926,4,0.5
5564.082496133798,-11.140899542901915,-109.70446514190814,4,0.5
5602.78375045537,-11.2206873449185,-110.06364762240847,4,0.5
5641.754193288633,-11.300847147241342,-110.42200573054996,4,0.5
5680.995696987757,-11.381351628854304,-110.77960230224664,4,0.5
5720.51014693016,-11.462122327466933,-111.13666166894464,4,0.5
5760.2994416071,-11.54331346833853,-111.49269893272167,4,0.5
5800.365492714889,-11.624795039634584,-111.84809749573989,4,0.5
5840.710225246731,-11.70666838870005,-112.20252375066549,4,0.5
5881.335577585225,-11.78885573364667,-112.5562070660283,4,0.5
5922.243501595481,-11.871381453945489,-112.9090543891107,4,0.5
5963.435962718906,-11.954244352438163,-113.26105341177414,4,0.5
6004.914940067636,-12.037418340535904,-113.61227625468128,4,0.5
6046.682426519615,-12.120927307475437,-113.9626279294789,4,0.5
6088.740428814354,-12.204794556192946,-114.31201074583589,4,0.5
6131.090967649341,-12.288969475174596,-114.66058356518117,4,0.5
6173.736077777122,-12.373499750483173,-115.0081625994132,4,0.5
6216.6778081030725,-12.45833528537888,-115.35490966718577,4,0.5
6259.918221783827,-12.543499133430707,-115.70072692028518,4,0.5
6303.4593963264115,-12.628966020679464,-116.04569197117272,4,0.5
6347.303423688055,-12.714734949208225,-116.38979545928707,4,0.5
6391.4524103767,-12.80082846980293,-116.73293792826776,4,0.5
6435.9084775522115,-12.887291943225973,-117.07492689125138,4,0.5
6480.673761128287,-12.974053154801668,-117.41602203157616,4,0.5
6525.750411875079,-13.061087895374719,-117.75630630270031,4,0.5
6571.140595522531,-13.148487404424923,-118.09540275950388,4,0.5
6616.846492864425,-13.236226383369203,-118.43339073043666,4,0.5
6662.870299863169,-13.324212091561076,-118.77063242405872,4,0.5
6709.214227755292,-13.412489312537916,-119.10693443333653,4,0.5
6755.880503157695,-13.5011239716024,-119.44200479195284,4,0.5
6802.871368174619,-13.59004684777962,-119.7761157239647,4,0.5
6850.189080505378,-13.679234656365404,-120.10935452196894,4,0.5
6897.835913552822,-13.76877426139833,-120.44133079753819,4,0.5
6945.814156532571,-13.858597756165814,-120.7723216050681,4,0.5
6994.126114583001,-13.94868226459333,-121.10241593127654,4,0.5
7042.774108875988,-14.039112755557657,-121.43121840384781,4,0.5
7091.760476728439,-14.129801357439831,-121.75910822218466,4,0.5
7141.087571714584,-14.220831770927028,-122.08568697480113,4,0.5
7190.757763779057,-14.312117327216349,-122.41133749161466,4,0.5
7240.773439350762,-14.403657139464936,-122.73605371288745,4,0.5
7291.137001457528,-14.495533003726589,-123.05943297687188,4,0.5
7341.850869841561,-14.587680585589817,-123.38176361710357,4,0.5
7392.917481075709,-14.68013921672872,-123.70283911649247,4,0.5
7444.339288680522,-14.772825726488126,-124.02305147130085,4,0.5
7496.118763242139,-14.865799783308065,-124.34209457289697,4,0.5
7548.258392530979,-14.959099279187418,-124.65975945108659,4,0.5
7600.760681621277,-15.05260292610916,-124.97664355785457,4,0.5
7653.628153011434,-15.14640859142199,-125.29223651290661,4,0.5
7706.863346745218,-15.240475015031446,-125.60673380796074,4,0.5
7760.468820533797,-15.33485853840121,-125.91982389569942,4,0.5
7814.447149878626,-15.429479800467146,-126.23190718127255,4,0.5
7868.800928195191,-15.52435673081813,-126.5428763955477,4,0.5
7923.532766937609,-15.619544243417838,-126.85241833540078,4,0.5
7978.645295724095,-15.714927507938976,-127.16114226999125,4,0.5
8034.141162463309,-15.810598881162809,-127.46852997216716,4,0.5
8090.023033481568,-15.906500868081459,-127.77488456220799,4,0.5
8146.293593650958,-16.00270514515501,-128.07978829163133,4,0.5
8202.955546518326,-16.09911859598238,-128.3837521591417,4,0.5
8260.011614435174,-16.195847875691967,-128.68615059221452,4,0.5
8317.464538688457,-16.292765476554003,-128.98770363377176,4,0.5
8375.317079632288,-16.389976658677515,-129.28778464936957,4,0.5
8433.572016820564,-16.48740877597394,-129.5868042552094,4,0.5
8492.232149140504,-16.585060701696268,-129.88475860800358,4,0.5
8551.300294947127,-16.683016896171548,-130.18112278712033,4,0.5
8610.779292198666,-16.78118910700851,-130.47641331394001,4,0.5
8670.671998592914,-16.879576189574536,-130.7706266696488,4,0.5
8730.981291704516,-16.97824365685192,-131.0633415532179,4,0.5
8791.710069123244,-17.0771059678206,-131.35507645918773,4,0.5
8852.86124859319,-17.176244244125137,-131.64530547979555,4,0.5
8914.437768152968,-17.27555822160876,-131.93465258841024,4,0.5
8976.44258627686,-17.3751440376503,-132.2224871460071,4,0.5
9038.878682016972,-17.474935051960813,-132.50922451927056,4,0.5
9101.74905514635,-17.574977408155075,-132.79454788803704,4,0.5
9165.056726303115,-17.67522171800311,-133.07876845963375,4,0.5
9228.804737135582,-17.77568227728785,-133.36177895220933,4,0.5
9292.996150448414,-17.87637279420396,-133.64347221757475,4,0.5
9357.634050349754,-17.977276013789922,-133.92395054780778,4,0.5
9422.721542399418,-18.078420400855713,-134.20300254459144,4,0.5
9488.261753758103,-18.179773657845235,-134.48083539254375,4,0.5
9554.257833337617,-18.28130463781596,-134.7576560689214,4,0.5
9620.712951952195,-18.383071039609344,-135.03304469521677,4,0.5
9687.630302470823,-18.48505590659056,-135.30710423960107,4,0.5
9755.013099970645,-18.58724285404398,-135.57993757060444,4,0.5
9822.864581891441,-18.689616062473288,-135.85164737248377,4,0.5
9891.188008191157,-18.792202439343853,-136.12202381067254,4,0.5
9959.98666150255,-18.89501386211083,-136.39096191310625,4,0.5
10029.26384729088,-18.997992763933556,-136.65887666688224,4,0.5
10099.022894012754,-19.10119292336715,-136.925351340279,4,0.5
10169.26715327601,-19.20458489256184,-137.1905929991242,4,0.5
10240.000000000768,-19.30815369029379,-137.45470434891098,4,0.5
10311.224832581574,-19.411911348711552,-137.71758092781113,4,0.5
10382.945073050678,-19.5159086678602,-137.9788092893813,4,0.5
10455.164167242447,-19.620038694204503,-138.23921524182344,4,0.5
10527.885584958914,-19.724378442581568,-138.49817916857793,4,0.5
10601.112820136505,-19.828925525242322,-138.75570178599725,4,0.5
10674.849391013888,-19.933639845069038,-139.01209165789922,4,0.5
10749.098840301021,-20.038545099172005,-139.26714348851397,4,0.5
10823.864735349352,-20.143602374366942,-139.52116447282572,4,0.5
10899.15066832323,-20.24885961577354,-139.77374566935188,4,0.5
10974.960256372473,-20.354302425940656,-140.02499032120565,4,0.5
11051.297141806172,-20.459881127325076,-140.2753057815021,4,0.5
11128.16499226768,-20.56566614169671,-140.5240823868633,4,0.5
11205.567500910824,-20.671608054305167,-140.77172726924343,4,0.5
11283.508386577352,-20.777728809485314,-141.01803857289372,4,0.5
11361.991393975597,-20.884026495105495,-141.2630177444198,4,0.5
11441.020293860403,-20.99046526631691,-141.50696777216237,4,0.5
11520.598883214287,-21.097089096939698,-141.74948725994324,4,0.5
11600.730985429864,-21.20387359312256,-141.99077868358378,4,0.5
11681.420450493551,-21.31081724030123,-142.23084319208303,4,0.5
11762.671155170538,-21.417918530197593,-142.4696820204785,4,0.5
11844.48700319105,-21.525197396398656,-142.70709804276322,4,0.5
11926.871925437901,-21.63259863841499,-142.94358904220195,4,0.5
12009.82988013536,-21.740184726732895,-143.17856197588682,4,0.5
12093.36485303932,-21.84792203202827,-143.41231610861425,4,0.5
12177.4808576288,-21.955788572120852,-143.6450493872086,4,0.5
12262.181935298773,-22.06384442400249,-143.87617474993553,4,0.5
12347.472155554336,-22.172016562576232,-144.10638040843688,4,0.5
12433.355616206238,-22.280344227459032,-144.33527657570266,4,0.5
12519.836443567749,-22.388806025551645,-144.56306006562696,4,0.5
12606.918792652916,-22.4974493551411,-144.78924863890734,4,0.5
12694.606847376202,-22.606194751546155,-145.01461906073305,4,0.5
12782.904820753494,-22.715099003758887,-145.2385934669433,4,0.5
12871.816955104521,-22.824150682822296,-145.46127173945638,4,0.5
12961.347522256672,-22.93332952969066,-145.6828480597045,4,0.5
13051.500823750257,-23.042652806437495,-145.903133650404,4,0.5
13142.28119104516,-23.152100693365224,-146.122321569878,4,0.5
13233.69298572895,-23.2616900498445,-146.34022444297185,4,0.5
13325.740599726436,-23.37142806325258,-146.55675171306376,4,0.5
13418.428455510686,-23.481277744983462,-146.77228334072558,4,0.5
13511.761006315492,-23.591255670913966,-146.9866331119731,4,0.5
13605.74273634934,-23.701377619668875,-147.19961752962985,4,0.5
13700.378161010858,-23.81161629629314,-147.41151993619238,4,0.5
13795.671827105747,-23.92196231902097,-147.6224347183973,4,0.5
13891.628313065248,-24.032456283959718,-147.8319021648856,4,0.5
13988.252229166108,-24.14306335015673,-148.0402955481819,4,0.5
14085.548217752083,-24.25380673749409,-148.24734263655924,4,0.5
14183.520953456982,-24.364652682057223,-148.45341300609536,4,0.5
14282.175143429275,-24.475616250310715,-148.6583263024053,4,0.5
14381.515527558222,-24.586719563692704,-148.8618146791321,4,0.5
14481.546878701633,-24.697922031198235,-149.06433471158923,4,0.5
14582.274002915165,-24.809238185204876,-149.26570831226456,4,0.5
14683.70173968323,-24.920666793760237,-149.465938888146,4,0.5
14785.834962151528,-25.03220663414472,-149.66502989237736,4,0.5
14888.678577361155,-25.143871185625795,-149.86280771371187,4,0.5
14992.23752648439,-25.255629684493886,-150.059630848985,4,0.5
15096.516785062071,-25.367510150727306,-150.25514940724418,4,0.5
15201.521363242668,-25.479489623335503,-150.44963157993828,4,0.5
15307.256306022984,-25.591588194766658,-150.64281870661497,4,0.5
15413.726693490553,-25.703776519955458,-150.8350635385804,4,0.5
15520.93764106771,-25.816067619681608,-151.02619493439678,4,0.5
15628.894299757369,-25.92847385838441,-151.21604478854417,4,0.5
15737.6018563905,-26.040966917623436,-151.40496146577058,4,0.5
15847.065533875337,-26.153572531683935,-151.5926058006499,4,0.5
15957.29059144831,-26.26627607809659,-151.77915358556575,4,0.5
16068.282324926739,-26.3790635828272,-151.96477760735027,4,0.5
16180.046066963258,-26.4919598496235,-152.14914335714118,4,0.5
16292.587187302037,-26.60495076586177,-152.3324244475906,4,0.5
16405.911093036775,-26.71802905215236,-152.51470818164782,4,0.5
16520.023228870472,-26.831218384645304,-152.69566588878942,4,0.5
16634.92907737704,-26.944486761506656,-152.8757176546314,4,0.5
16750.634159264704,-27.057845544304104,-153.05470103392926,4,0.5
16867.144033641256,-27.171293695236315,-153.23262016255225,4,0.5
16984.464298281135,-27.28483018578296,-153.40947920169995,4,0.5
17102.600589894384,-27.398459760156946,-153.5852013785747,4,0.5
17221.558584397462,-27.512169810629388,-153.75995320752855,4,0.5
17341.343997185955,-27.62597641681279,-153.93349721148357,4,0.5
17461.962583409164,-27.739861511241713,-154.1060793551102,4,0.5
17583.42013824662,-27.85382980643948,-154.27762334373912,4,0.5
17705.72249718651,-27.967880331345842,-154.44813347264247,4,0.5
17828.875536306066,-28.082012123997956,-154.61761405618222,4,0.5
17952.885172553855,-28.19622951540748,-154.78599119364316,4,0.5
18077.75736403408,-28.310526146699146,-154.95334824855047,4,0.5
18203.498110292836,-28.42489593165183,-155.119767040925,4,0.5
18330.113452606365,-28.53934831769488,-155.28509665694108,4,0.5
18457.609474271307,-28.65387717164634,-155.44941933741956,4,0.5
18585.99230089697,-28.768476624258,-155.612815777232,4,0.5
18715.26810069965,-28.88316066832452,-155.7750615521079,4,0.5
18845.44308479898,-28.997913525635628,-155.9363899493153,4,0.5
18976.523507516347,-29.112729721218344,-156.09687936423757,4,0.5
19108.51566667538,-29.227637060425668,-156.25608357174775,4,0.5
19241.425903904536,-29.34261066510414,-156.4143833933151,4,0.5
19375.260604941792,-29.45764986151626,-156.57178214267992,4,0.5
19510.026199941436,-29.572767611513594,-156.72806246612504,4,0.5
19645.729163783028,-29.687940303080826,-156.8835970481691,4,0.5
19782.376016382463,-29.803189770736417,-157.03802298468096,4,0.5
19919.973323005244,-29.918506109647854,-157.1914919073204,4,0.5
20058.527694581913,-30.033892829226502,-157.34393632358027,4,0.5
20198.045788025658,-30.14934043697407,-157.49550516664027,4,0.5
20338.53430655217,-30.26485672403104,-157.6460593280991,4,0.5
20480.00000000169,-30.380432433113846,-157.7957462075635,4,0.5
20622.4496651633,-30.496071051990526,-157.94449871755458,4,0.5
20765.890146101516,-30.61177586408988,-158.0922513107721,4,0.5
20910.32833448505,-30.72754195500322,-158.239079385125,4,0.5
21055.771169917985,-30.84336857469859,-158.38498748467623,4,0.5
21202.22564027317,-30.95924718421605,-158.5301180415573,4,0.5
21349.698782027936,-31.075192742717157,-158.67419906848835,4,0.5
21498.197680602203,-31.191196626241705,-158.8173737610345,4,0.5
21647.72947069887,-31.30725811626034,-158.95964666586838,4,0.5
21798.301336646622,-31.423380204751208,-159.10095490160867,4,0.5
21949.920512745113,-31.53955108028928,-159.2415052949794,4,0.5
22102.59428361251,-31.655781155700847,-159.3811001069135,4,0.5
22256.32998453553,-31.772066040296686,-159.51981130541046,4,0.5
22411.135001821818,-31.88841208608503,-159.65751157696562,4,0.5
22567.01677315487,-32.004807935720734,-159.79440435223057,4,0.5
22723.98278795137,-32.121253061029044,-159.93049303981232,4,0.5
22882.04058772098,-32.237750320000366,-160.06571624048598,4,0.5
23041.197766428744,-32.35430240009156,-160.20001403603402,4,0.5
23201.4619708599,-32.47090193762611,-160.33352019108733,4,0.5
23362.840900987278,-32.58755167809432,-160.4661744063883,4,0.5
23525.342310341253,-32.70426062379939,-160.5977911763101,4,0.5
23688.974006382276,-32.82101193302783,-160.72869314288997,4,0.5
23853.743850875984,-32.937808369247854,-160.85881999273983,4,0.5
24019.6597602709,-33.05465870926009,-160.98798838431765,4,0.5
24186.729706078822,-33.17155296900221,-161.11639060734538,4,0.5
24354.96171525778,-33.28849969841054,-161.24384547480133,4,0.5
24524.363870597732,-33.4054802644702,-161.37072656078465,4,0.5
24694.944311108862,-33.522517993314494,-161.49654757753228,4,0.5
24866.711232412665,-33.6395944997941,-161.62167991994758,4,0.5
25039.672887135683,-33.75671515409143,-161.7460056836567,4,0.5
25213.837585306024,-33.87388502943482,-161.86940980369468,4,0.5
25389.213694752598,-33.99109223039928,-161.99213631714008,4,0.5
25565.809641507185,-34.108344661122764,-162.11401039187027,4,0.5
25743.63391020923,-34.22563625626866,-162.23515479769108,4,0.5
25922.695044513537,-34.34297193283501,-162.3554561665237,4,0.5
26103.00164750071,-34.460348418578526,-162.47497784727125,4,0.5
26284.562382090517,-34.577773000074835,-162.5935512348881,4,0.5
26467.385971458098,-34.69522430196784,-162.7116420237904,4,0.5
26651.481199453076,-34.812725139296234,-162.82873678377592,4,0.5
26836.856911021572,-34.93025208653164,-162.94535327099186,4,0.5
27023.522012631187,-35.04782982918791,-163.06092792732017,4,0.5
27211.485472698885,-35.165440324016586,-163.17586144736939,4,0.5
27400.75632202192,-35.28309048763738,-163.2899891278665,4,0.5
27591.3436542117,-35.40077736385789,-163.40337124519172,4,0.5
27783.256626130707,-35.51850046834643,-163.5160117339062,4,0.5
27976.504458332423,-35.636257007306725,-163.62796900005802,4,0.5
28171.096435504372,-35.75404886921588,-163.73919149598285,4,0.5
28367.04190691418,-35.87187781642346,-163.84962882269744,4,0.5
28564.35028685876,-35.98974104274039,-163.95933880560804,4,0.5
28763.031055116662,-36.10764022767894,-164.06827107138866,4,0.5
28963.093757403483,-36.225572579170056,-164.17648185649008,4,0.5
29164.548005830547,-36.34353323038706,-164.28407783814575,4,0.5
29367.403479366687,-36.46152585352231,-164.3909526310793,4,0.5
29571.669924303278,-36.57955159713283,-164.49705209193075,4,0.5
29777.35715472254,-36.69760487795204,-164.6024741229878,4,0.5
29984.475052969006,-36.81569134640731,-164.7069983092787,4,0.5
30193.03357012437,-36.93379716621262,-164.8108014706588,4,0.5
30403.042726485564,-37.05190854573161,-164.9137715967122,4,0.5
30614.512612046197,-37.16996313990308,-165.01595003781023,4,0.5
30827.45338698134,-37.2877778535086,-165.118314268833,4,0.5
31041.875282135654,-37.4060886443872,-165.2239478137687,4,0.5
31257.788599514974,-37.524729779314384,-165.3245806884949,4,0.5
31475.203712781236,-37.64314436286047,-165.42397519094342,4,0.5
31694.13106775091,-37.761517798786116,-165.52288555443968,4,0.5
31914.581182896858,-37.87989550708268,-165.6213312457231,4,0.5
32136.564649853717,-37.9982923051341,-165.71920446312717,4,0.5
32360.09213392676,-38.11671413627784,-165.81642866154667,4,0.5
32585.17437460432,-38.23515554749291,-165.91318150821076,4,0.5
32811.8221860738,-38.353625765922644,-166.00921767272723,4,0.5
33040.04645774119,-38.47212307725604,-166.10458368423832,4,0.5
33269.85815475433,-38.590644009957856,-166.1993737264674,4,0.5
33501.26831852966,-38.70918843867408,-166.2935880725103,4,0.5
33734.28806728276,-38.82776262889494,-166.3870433480111,4,0.5
33968.928596562524,-38.946359754008775,-166.47992785713305,4,0.5
34205.20117978902,-39.06498115822987,-166.5721979078916,4,0.5
34443.11716879519,-39.18362654358656,-166.6638563951824,4,0.5
34682.68799437217,-39.302294080076344,-166.75495126580245,4,0.5
34923.92516681859,-39.420986535424035,-166.8453953955228,4,0.5
35166.8402764935,-39.539699081393856,-166.93532581339036,4,0.5
35411.44499437329,-39.658435926026364,-167.02461155700857,4,0.5
35657.7510726124,-39.77719669593624,-167.1132563942462,4,0.5
35905.77034510798,-39.89597958767754,-167.20130745747124,4,0.5
36155.51472806843,-40.01478709289397,-167.2886807812731,4,0.5
36406.99622058595,-40.13361459287602,-167.37550912374004,4,0.5
36660.22690521301,-40.252460414413065,-167.46183600797636,4,0.5
36915.21894854289,-40.37132832615998,-167.54753339991873,4,0.5
37171.98460179422,-40.49021646803589,-167.6326438822131,4,0.5
37430.53620139958,-40.60912423303509,-167.71716497608733,4,0.5
37690.88616959824,-40.728052035760804,-167.8010489319034,4,0.5
37953.04701503298,-40.846995762651275,-167.88436620266947,4,0.5
38217.03133335104,-40.96595369074904,-167.96704789245666,4,0.5
38482.85180780936,-41.08491822380968,-168.0490356358093,4,0.5
38750.521209883875,-41.20386707272819,-168.13011492326237,4,0.5
39020.05239988316,-41.32268113465635,-168.21018181410145,4,0.5
39291.458327566346,-41.44091256856112,-168.2924983576362,4,0.5
39564.752032765224,-41.56058503502881,-168.37876464637412,4,0.5
39839.94664601079,-41.680054476261915,-168.45709665056899,4,0.5
40117.05538916413,-41.799250561688844,-168.5353696517522,4,0.5
40396.09157605162,-41.9184050077513,-168.61344612975847,4,0.5
40677.068613104646,-42.037559697112755,-168.6911396503041,4,0.5
40960.00000000368,-42.15672324449923,-168.76844622123846,4,0.5
41244.899330326916,-42.27590040052232,-168.84528999179784,4,0.5
41531.78029220334,-42.39509146699924,-168.9216912662338,4,0.5
41820.65666897041,-42.51429914372811,-168.9975652279695,4,0.5
42111.54233983629,-42.63352460940483,-169.07287118776338,4,0.5
42404.45128054665,-42.75276366005845,-169.1477581865849,4,0.5
42699.3975640562,-42.872018333620744,-169.2221509145737,4,0.5
42996.39536120473,-42.991290508789945,-169.29597695177202,4,0.5
43295.458941398065,-43.11057499878028,-169.3694219543106,4,0.5
43596.60267329357,-43.22987859204984,-169.44223194861345,4,0.5
43899.84102549055,-43.349195169912775,-169.5146283048177,4,0.5
44205.18856722535,-43.4685284307788,-169.58646893233959,4,0.5
44512.659969071385,-43.58787342403139,-169.65793566398355,4,0.5
44822.27000364397,-43.70723285376451,-169.72892314112747,4,0.5
45134.033546310086,-43.82660927106375,-169.79932888575033,4,0.5
45447.96557590307,-43.94599697838604,-169.86936696685993,4,0.5
45764.081175442305,-44.0653994543392,-169.9388996533203,4,0.5
46082.39553285784,-44.18481472813436,-170.0079993160264,4,0.5
46402.92394172015,-44.304246111111134,-170.07653147567723,4,0.5
46725.681801974904,-44.42368905673788,-170.14467080296942,4,0.5
47050.68462068286,-44.54314682183967,-170.21228395509058,4,0.5
47377.94801276491,-44.6626150158841,-170.27954266654444,4,0.5
47707.487701752325,-44.78209847761657,-170.3462481652746,4,0.5
48039.319520542165,-44.901593707493525,-170.41253755628412,4,0.5
48373.45941215801,-45.02110216307167,-170.47834738057807,4,0.5
48709.923430515926,-45.140622075027686,-170.54374639932234,4,0.5
49048.72774119583,-45.260153311738016,-170.60873681682426,4,0.5
49389.888622218095,-45.379698799959804,-170.67319208214667,4,0.5
49733.4224648257,-45.49925451649067,-170.7372768291075,4,0.5
50000.0,-45.591469796435206,-170.78634494476208,4,0.5
10.0,-0.30058154466203213,-0.5950237318683635,5,0.6
10.069555500567189,-0.30064664535574953,-0.5991288949135782,5,0.6
10.139594797900294,-0.3007057873775862,-0.6032611744089933,5,0.6
10.210121257071936,-0.30076575663769584,-0.6074214689914567,5,0.6
10.281138266560667,-0.30083333910111687,-0.6116106985637613,5,0.6
10.352649238413779,-0.30090177209527225,-0.6158283142330617,5,0.6
10.424657608411218,-0.3009575189184349,-0.6200729970317881,5,0.6
10.497166836230678,-0.3010276889682391,-0.6243479209493195,5,0.6
10.57018040561381,-0.30110552006671665,-0.628652540261885,5,0.6
10.643701824533608,-0.3011639276751509,-0.6329839906084038,5,0.6
10.71773462536294,-0.30125034399628475,-0.6373478108302152,5,0.6
10.792282365044281,-0.30132413649872064,-0.6417395900032546,5,0.6
10.867348625260592,-0.30139209246857585,-0.6461602657589371,5,0.6
10.942937012607405,-0.30146777331748575,-0.6506115859865503,5,0.6
11.019051158766118,-0.30153764417520124,-0.6550921697275024,5,0.6
11.095694720678463,-0.30161526669903954,-0.659603788638433,5,0.6
11.172871380722214,-0.30168710652568437,-0.6641450416226781,5,0.6
11.250584846888108,-0.30176672556548795,-0.6687177244110833,5,0.6
11.328838852958,-0.3018541378082085,-0.6733220471020964,5,0.6
11.407637158684253,-0.3019222619288448,-0.6779549348644722,5,0.6
11.486983549970367,-0.3019982081168043,-0.6826198403192297,5,0.6
11.566881839052892,-0.30209553859736316,-0.6873186427468052,5,0.6
11.647335864684578,-0.30218039908064326,-0.6920473970237393,5,0.6
11.728349492318808,-0.30226635238011795,-0.6968079556214847,5,0.6
11.809926614295325,-0.3023466401387962,-0.7015996667414939,5,0.6
11.892071150027233,-0.3024280516698633,-0.7064235689315084,5,0.6
11.97478704618931,-0.30252414997865246,-0.7112815879894735,5,0.6
12.05807827690763,-0.30262140365871926,-0.7161722243711315,5,0.6
12.141948843950495,-0.3027062818742519,-0.721093931356851,5,0.6
12.226402776920713,-0.3027923482861103,-0.7260486375107842,5,0.6
12.31144413344919,-0.3028863930271203,-0.7310374341142631,5,0.6
12.397076999389895,-0.3029816594762903,-0.7360596517840494,5,0.6
12.48330548901615,-0.3030849381474155,-0.7411163962152542,5,0.6
12.570133745218314,-0.3031759263443008,-0.74620517619565,5,0.6
12.657565939702833,-0.30328173506903355,-0.7513298102305173,5,0.6
12.745606273192656,-0.3033752890216763,-0.7564868715530082,5,0.6
12.834258975629076,-0.30347692616628186,-0.761679306281733,5,0.6
12.923528306374958,-0.3035798916240631,-0.7669064130701775,5,0.6
13.013418554419374,-0.3036842040507652,-0.7721684035480446,5,0.6
13.10393403858367,-0.30378988236560334,-0.7774654902270646,5,0.6
13.195079107728983,-0.3038901727534086,-0.7827969354101987,5,0.6
13.286858140965156,-0.3040054136766892,-0.7881658066143096,5,0.6
13.379275547861162,-0.30410853295881046,-0.7935685012522977,5,0.6
13.472335768656947,-0.3042198694707115,-0.7990081085508122,5,0.6
13.566043274476765,-0.3043326705533647,-0.8044838876015733,5,0.6
13.660402567544,-0.30444695678781897,-0.8099960560906606,5,0.6
13.755418181397484,-0.3045559763392496,-0.815543840771852,5,0.6
13.851094681109295,-0.30468684114471245,-0.8211314350457604,5,0.6
13.947436663504105,-0.3047989366022031,-0.8267530876146869,5,0.6
14.044448757380025,-0.3049193751366935,-0.8324130074225773,5,0.6
14.142135623731003,-0.3050414061770016,-0.838110417563962,5,0.6
14.240501955970773,-0.3051718245471738,-0.8438465676806644,5,0.6
14.33955248015833,-0.30529033565400493,-0.8496186001195541,5,0.6
14.439291955225018,-0.3054105075001345,-0.8554287786695485,5,0.6
14.539725173203164,-0.30555268025121546,-0.8612804745011615,5,0.6
14.640856959456315,-0.30567624381963504,-0.8671676425810315,5,0.6
14.742692172911074,-0.30582185563619213,-0.8730968243250333,5,0.6
14.845235706290554,-0.30594213492648503,-0.8790608169288047,5,0.6
14.94849248634945,-0.30608451129602154,-0.8850673081791937,5,0.6
15.05246747411074,-0.30621514942561645,-0.8911111641311809,5,0.6
15.15716566510405,-0.3063543908113655,-0.8971958497879963,5,0.6
15.26259208960566,-0.30650903287729614,-0.9033227195465994,5,0.6
15.368751812880195,-0.3066384707168568,-0.9094853958934547,5,0.6
15.475649935423972,-0.3067969053064169,-0.9156929525084121,5,0.6
15.58329159321007,-0.3069437328657879,-0.9219389668384419,5,0.6
15.69168195793509,-0.30709252421360933,-0.9282258899705245,5,0.6
15.800826237267621,-0.3072365354879924,-0.9345528147833002,5,0.6
15.910729675098453,-0.30740288071078725,-0.9409245458284051,5,0.6
16.02139755179252,-0.3075509594646183,-0.9473344501679494,5,0.6
16.13283518444261,-0.30770788642720653,-0.9537873495938473,5,0.6
16.245047927124794,-0.3078601481756956,-0.9602811584101493,5,0.6
16.358041171155712,-0.3080280880911938,-0.9668196321172529,5,0.6
16.471820345351553,-0.30819819364172224,-0.9734006783111047,5,0.6
16.586390916288924,-0.3083569533172389,-0.980022138945777,5,0.6
16.70175838856748,-0.3085314822764951,-0.9866890271180667,5,0.6
16.817928305074386,-0.30870149886489856,-0.9933979877267156,5,0.6
16.93490624725064,-0.308873805935613,-1.0001504578044955,5,0.6
17.052697835359233,-0.30904166506573993,-1.0069454449813877,5,0.6
17.17130872875518,-0.30922542114411233,-1.0137868852113652,5,0.6
17.290744626157405,-0.3093980246902832,-1.020670073721545,5,0.6
17.411011265922586,-0.3095933622431288,-1.0276014896370493,5,0.6
17.53211442632081,-0.30977084488994433,-1.0345738517128333,5,0.6
17.654059925813208,-0.309964359557702,-1.0415937013990768,5,0.6
17.776853623331515,-0.31016040044267534,-1.0486587646287122,5,0.6
17.900501418559564,-0.3103386927867948,-1.0557654021072407,5,0.6
18.02500925221672,-0.31053989381462416,-1.0629215931670792,5,0.6
18.150383106343334,-0.31073018959340937,-1.070121101762653,5,0.6
18.27662900458813,-0.3109434672244451,-1.077370723402121,5,0.6
18.403753012497624,-0.31113237512101505,-1.0846614695465837,5,0.6
18.53176123780754,-0.31134434049338405,-1.092002853148182,5,0.6
18.660659830736275,-0.3115590925059903,-1.0993911538761412,5,0.6
18.790454984280366,-0.3117699010075242,-1.1068252569342318,5,0.6
18.921152934512047,-0.31197680619368123,-1.1143053780829455,5,0.6
19.05275996087888,-0.3122001567949536,-1.121835867970426,5,0.6
19.18528238650542,-0.31241968563079703,-1.1294128649309856,5,0.6
19.31872657849705,-0.3126489728847728,-1.1370393802292658,5,0.6
19.453098948245852,-0.31288129147733,-1.144714280363524,5,0.6
19.588405951738682,-0.3130963775089413,-1.1524335571411868,5,0.6
19.72465408986733,-0.3133348882399273,-1.1602059316772104,5,0.6
19.861849908740865,-0.31356979197634804,-1.1680259877582855,5,0.6
20.00000000000015,-0.31380790234566797,-1.175895387697948,5,0.6
20.13911100113453,-0.3140424961920701,-1.1838129178410912,5,0.6
20.279189595800737,-0.31430069340738226,-1.1917846655834599,5,0.6
20.42024251414402,-0.3145419299671596,-1.1998020952313884,5,0.6
20.56227653312149,-0.3147933268611831,-1.2078713144475293,5,0.6
20.70529847682771,-0.3150549317522499,-1.2159925984425588,5,0.6
20.849315216822593,-0.3152997212011932,-1.2241601809018972,5,0.6
20.994333672461515,-0.3155615847701923,-1.2323818148347139,5,0.6
21.14036081122778,-0.3158338041397608,-1.2406562754751391,5,0.6
21.28740364906737,-0.31609612696129047,-1.2489792098648163,5,0.6
21.43546925072604,-0.3163689079114469,-1.2573554559256241,5,0.6
21.584564730088722,-0.3166454315389334,-1.2657837236560725,5,0.6
21.734697250521346,-0.3169189836197205,-1.274262678773049,5,0.6
21.885874025214974,-0.31719638540902395,-1.2827941156009426,5,0.6
22.038102317532406,-0.3174912254407813,-1.2913814705185584,5,0.6
22.191389441357092,-0.31779002454327143,-1.3000218321967592,5,0.6
22.345742761444598,-0.3180793053817333,-1.3087121984749481,5,0.6
22.501169693776383,-0.31836589224374795,-1.3174543715925364,5,0.6
22.657677705916175,-0.318670142683658,-1.3262534861852782,5,0.6
22.815274317368676,-0.31897181546026976,-1.3351048822445934,5,0.6
22.973967099940907,-0.3192912689950266,-1.3440137628685918,5,0.6
23.13376367810596,-0.31960826452832736,-1.3529753970505216,5,0.6
23.29467172936933,-0.3199296295204983,-1.3619916751439962,5,0.6
23.456698984637793,-0.32022836283768374,-1.3710560189047376,5,0.6
23.619853228590827,-0.32056541986171205,-1.3801839524229305,5,0.6
23.784142300054643,-0.32088673823822184,-1.3893620708403387,5,0.6
23.949574092378796,-0.3212397414643794,-1.3986026720966889,5,0.6
24.11615655381544,-0.32157037178228665,-1.4078921183589594,5,0.6
24.28389768790117,-0.32190575776223135,-1.417237547173015,5,0.6
24.452805553841607,-0.3222527318638033,-1.4266409626258398,5,0.6
24.622888266898567,-0.3225978326369784,-1.436099049402146,5,0.6
24.794153998779972,-0.3229749530393508,-1.4456210058429508,5,0.6
24.966610978032485,-0.32333681060422115,-1.4551945032842222,5,0.6
25.140267490436816,-0.32369700682497643,-1.4648233047573715,5,0.6
25.315131879405854,-0.3240488505854987,-1.4745057510887036,5,0.6
25.4912125463855,-0.32443300021802246,-1.4842531079403267,5,0.6
25.668517951258348,-0.324808945627097,-1.4940545466145358,5,0.6
25.847056612750112,-0.3252038180366306,-1.5039177268542405,5,0.6
26.026837108838944,-0.3255906394154145,-1.5138353672893625,5,0.6
26.20786807716754,-0.3259830152638065,-1.523811415676421,5,0.6
26.390158215458165,-0.32639455083673113,-1.5338499257264435,5,0.6
26.573716281930512,-0.3267847476619684,-1.5439395797108226,5,0.6
26.758551095722524,-0.3272010284783712,-1.5540940613891108,5,0.6
26.944671537314093,-0.327616423874541,-1.564305850698195,5,0.6
27.13208654895373,-0.32804454286832624,-1.5745790632302197,5,0.6
27.320805135088207,-0.32846518318356555,-1.584907971089774,5,0.6
27.510836362795175,-0.32889195609019073,-1.595296699306225,5,0.6
27.7021893622188,-0.32933847262519333,-1.6057494842446949,5,0.6
27.89487332700842,-0.329764250413339,-1.6162544054867791,5,0.6
28.088897514760255,-0.3302099503639899,-1.626823772460384,5,0.6
28.284271247462218,-0.33066214001111616,-1.6374537377029097,5,0.6
28.48100391194176,-0.33112091187137893,-1.6481444901491482,5,0.6
28.679104960316874,-0.33159312065839713,-1.658898309034622,5,0.6
28.878583910450253,-0.3320653396461669,-1.669711208328089,5,0.6
29.079450346406546,-0.33253766602313917,-1.6805833248637982,5,0.6
29.28171391891285,-0.33301695862625125,-1.6915169302388735,5,0.6
29.485384345822368,-0.3335100768866974,-1.7025143541460122,5,0.6
29.690471412581335,-0.33399684151417197,-1.7135693106330065,5,0.6
29.896984972699123,-0.334504394517808,-1.7246906149361112,5,0.6
30.104934948221704,-0.3350125601719608,-1.7358719294098053,5,0.6
30.314331330208326,-0.33551468520733385,-1.7471111569881634,5,0.6
30.52518417921155,-0.33604467249638253,-1.758419523396225,5,0.6
30.73750362576062,-0.3365553172405939,-1.7697815983789906,5,0.6
30.951299870848175,-0.3370940415584989,-1.7812131925527663,5,0.6
31.16658318642038,-0.3376339217685837,-1.7927054849290356,5,0.6
31.38336391587042,-0.3381818296832634,-1.804260873979008,5,0.6
31.60165247453548,-0.33872436440428194,-1.8158748812359096,5,0.6
31.82145935019715,-0.3392954315637933,-1.8275592000072791,5,0.6
32.04279510358529,-0.3398546031032628,-1.8393000428647746,5,0.6
32.26567036888546,-0.34043578636052496,-1.8511092132928522,5,0.6
32.49009585424984,-0.34101207402282996,-1.8629774257941931,5,0.6
32.716082342311665,-0.3415971039829452,-1.8749095041893609,5,0.6
32.94364069070335,-0.34218424493568367,-1.8869031609657034,5,0.6
33.172781832578096,-0.34278713663794824,-1.8989633325540136,5,0.6
33.40351677713521,-0.34339915116465897,-1.9110877418518293,5,0.6
33.63585661014903,-0.34401366347515333,-1.9232740382550075,5,0.6
33.86981249450153,-0.34463756205845,-1.9355247671917064,5,0.6
34.10539567071872,-0.34527098123459116,-1.9478400381302963,5,0.6
34.34261745751061,-0.3459005477428341,-1.9602149138218157,5,0.6
34.58148925231507,-0.346546664904086,-1.9726570063042792,5,0.6
34.822022531845434,-0.3471892094773028,-1.9851587938061646,5,0.6
35.064228852641875,-0.3478620950847916,-1.9977331429904306,5,0.6
35.30811985162668,-0.3485249415552141,-2.010364739233739,5,0.6
35.55370724666329,-0.34920491131180953,-2.023063957100784,5,0.6
35.80100283711939,-0.3498953989089697,-2.0358283022747083,5,0.6
36.05001850443371,-0.3505830493994602,-2.0486525487414284,5,0.6
36.30076621268694,-0.3512882748450348,-2.0615446701595546,5,0.6
36.55325800917653,-0.35199097277344915,-2.0744967217601813,5,0.6
36.80750602499552,-0.35271155793795683,-2.0875167839681548,5,0.6
37.06352247561536,-0.3534299341544051,-2.100596786752893,5,0.6
37.32131966147283,-0.35416651896176155,-2.113744919008331,5,0.6
37.58090996856101,-0.35490797361656223,-2.1269557536112282,5,0.6
37.84230586902438,-0.355654465565548,-2.1402292794707383,5,0.6
38.105519921758045,-0.3564129150309804,-2.1535682910999667,5,0.6
38.37056477301113,-0.3571902434052076,-2.166975659971254,5,0.6
38.63745315699439,-0.357966374371734,-2.1804429293345287,5,0.6
38.906197896491996,-0.3587482355731522,-2.1939728797016684,5,0.6
39.176811903477656,-0.3595427559054135,-2.2075683694874635,5,0.6
39.449308179734956,-0.36035686551802437,-2.221232336628766,5,0.6
39.72369981748203,-0.361163753845089,-2.23495312080368,5,0.6
40.000000000000604,-0.3619838547480247,-2.248739416745357,5,0.6
40.27822200226936,-0.36281735757949785,-2.2625912348351362,5,0.6
40.55837919160177,-0.3636577070283522,-2.2765055807192645,5,0.6
40.840485028288356,-0.36451184596840797,-2.290485413751201,5,0.6
41.124553066243294,-0.3653664786652108,-2.304524642250441,5,0.6
41.410596953655734,-0.3662353003017344,-2.318629261015186,5,0.6
41.6986304336455,-0.36711851418497615,-2.332799259471451,5,0.6
41.98866734492334,-0.36800958092896074,-2.3470315109043267,5,0.6
42.28072162245588,-0.3689019655553101,-2.3613227935045447,5,0.6
42.57480729813507,-0.3698093721261739,-2.3756792634147845,5,0.6
42.8709385014524,-0.37073201582010445,-2.3901008937743216,5,0.6
43.16912946017777,-0.37165662666038823,-2.4045812444668426,5,0.6
43.46939450104301,-0.3725969157195479,-2.4191265971214477,5,0.6
43.771748050430276,-0.37353962081132175,-2.4337304090409195,5,0.6
44.07620463506514,-0.37451194377395464,-2.4484055997007146,5,0.6
44.38277888271451,-0.37547365780902425,-2.463132466237419,5,0.6
44.69148552288952,-0.3764519705096478,-2.477923967537363,5,0.6
45.00233938755311,-0.37744037764529,-2.492776701461961,5,0.6
45.315355411832684,-0.3784526040600677,-2.507697285894766,5,0.6
45.63054863473769,-0.37944844704685554,-2.5226653434887196,5,0.6
45.947934199882155,-0.38046860382539305,-2.5377009801742445,5,0.6
46.26752735621227,-0.3815133244554757,-2.552804205487342,5,0.6
46.58934345873901,-0.38255590356165825,-2.5679611286240323,5,0.6
46.913397969275934,-0.3836168212369259,-2.583181950033999,5,0.6
47.23970645718201,-0.3846761228592072,-2.5984560169077966,5,0.6
47.56828460010965,-0.3857475548955299,-2.6137901240280605,5,0.6
47.89914818475796,-0.38683138810227924,-2.6291841137236176,5,0.6
48.232313107631235,-0.3879346346310255,-2.6446414311984756,5,0.6
48.5677953758027,-0.38905757153765486,-2.6601619939695764,5,0.6
48.90561110768358,-0.39017353287054324,-2.675731081447084,5,0.6
49.2457765337975,-0.39130301762791575,-2.6913593424644624,5,0.6
49.58830799756032,-0.39244631599801855,-2.7070466074648096,5,0.6
49.933221956065346,-0.3936037221968361,-2.722792705303651,5,0.6
50.280534980874016,-0.3947755345167141,-2.738597463496753,5,0.6
50.630263758812085,-0.3959485864448112,-2.7544531134272083,5,0.6
50.982425092771386,-0.3971299213479382,-2.770363136652054,5,0.6
51.33703590251707,-0.39834005211928025,-2.7863388344882267,5,0.6
51.69411322550061,-0.39955909184514465,-2.8023685528663203,5,0.6
52.05367421767828,-0.4007873613928308,-2.8184520290240793,5,0.6
52.41573615433548,-0.40202518602795617,-2.8345889991864333,5,0.6
52.78031643091672,-0.4032796271116445,-2.850783169792614,5,0.6
53.14743256386143,-0.40452409275451845,-2.867018362622348,5,0.6
53.517102191445446,-0.4058060408651338,-2.8833222580748905,5,0.6
53.8893430746286,-0.4070921580053735,-2.899674648581554,5,0.6
54.264173097907864,-0.4083962530779862,-2.916083362934303,5,0.6
54.64161027017682,-0.40969848972403716,-2.9325358653578983,5,0.6
55.02167272559077,-0.41102614325906517,-2.9490483219867,5,0.6
55.40437872443802,-0.41235938838605013,-2.9656081083409283,5,0.6
55.78974665401725,-0.413705321501886,-2.982219090079544,5,0.6
56.17779502952094,-0.41506431471892713,-2.9988810136831052,5,0.6
56.56854249492486,-0.416436745123906,-3.015593628865365,5,0.6
56.962007823883944,-0.4178162686598516,-3.032352377595179,5,0.6
57.358209920634174,-0.4192234510321771,-3.049169951854805,5,0.6
57.75716782090094,-0.4206317809276241,-3.0660288029256675,5,0.6
58.158900692813525,-0.42204165898622437,-3.0829285010398526,5,0.6
58.56342783782614,-0.4234803874676897,-3.099886391032394,5,0.6
58.97076869164518,-0.42492820060073466,-3.1168890217899934,5,0.6
59.38094282516311,-0.4263989594257027,-3.1339450983840713,5,0.6
59.79396994539869,-0.4278729136873567,-3.1510408820298528,5,0.6
60.209869896443855,-0.4293572128113973,-3.1681805466656487,5,0.6
60.628662660417106,-0.43083884536382017,-3.1853545695190757,5,0.6
61.05036835842356,-0.43237201850189855,-3.202599641311862,5,0.6
61.4750072515217,-0.4338832414887589,-3.219864593443885,5,0.6
61.90259974169682,-0.435420009169255,-3.2371816610117428,5,0.6
62.33316637284123,-0.4369693338013656,-3.2545412868635473,5,0.6
62.766727831741306,-0.4385316751466007,-3.2719432213066564,5,0.6
63.20330494907143,-0.44010749879598277,-3.2893872257470926,5,0.6
63.642918700394766,-0.4416905586618196,-3.306868209038855,5,0.6
64.08559020717105,-0.4433014848204623,-3.3244005502006915,5,0.6
64.5313407377714,-0.44491389154477723,-3.3419645165710343,5,0.6
64.98019170850016,-0.44652827161790387,-3.359559696731172,5,0.6
65.43216468462381,-0.44817870047286845,-3.3772107619614475,5,0.6
65.8872813814072,-0.4498321009295578,-3.3948926353012547,5,0.6
66.34556366515669,-0.451488984200175,-3.4126049463684636,5,0.6
66.80703355427093,-0.4531632949295715,-3.430357598455461,5,0.6
67.27171322029855,-0.4548622664534204,-3.4481556539146236,5,0.6
67.73962498900357,-0.4565595738491754,-3.4659783092293264,5,0.6
68.21079134143795,-0.45827589090286924,-3.4838408852081733,5,0.6
68.68523491502174,-0.46000504570211254,-3.501738045409363,5,0.6
69.16297850463066,-0.46174758581729564,-3.519669642817871,5,0.6
69.6440450636914,-0.4634973551715172,-3.537630181690574,5,0.6
70.12845770528428,-0.4652616256767854,-3.555624846207362,5,0.6
70.61623970325388,-0.4670476735087522,-3.573659007827845,5,0.6
71.10741449332713,-0.46884265392159996,-3.5917217461831124,5,0.6
71.60200567423932,-0.4706404413128923,-3.6098073675631137,5,0.6
72.10003700886796,-0.47244833356777727,-3.627921190957489,5,0.6
72.60153242537443,-0.4742937529539414,-3.6460855966564187,5,0.6
73.10651601835362,-0.47612364632220494,-3.6642556990909423,5,0.6
73.61501204999159,-0.4779721573083078,-3.682459470203229,5,0.6
74.12704495123128,-0.4798399002165056,-3.7006970167953464,5,0.6
74.64263932294622,-0.48172079188107597,-3.7189626806039735,5,0.6
75.16181993712259,-0.48361546210198014,-3.7372564999221503,5,0.6
75.68461173804933,-0.4855111413015023,-3.7555667716236774,5,0.6
76.21103984351666,-0.487428584348908,-3.773911124542968,5,0.6
76.74112954602285,-0.4893483341744342,-3.7922718986584694,5,0.6
77.27490631398935,-0.49129115611610796,-3.810667064002163,5,0.6
77.81239579298456,-0.49323090977111606,-3.8290726862786393,5,0.6
78.3536238069559,-0.4952084735112282,-3.847525298658603,5,0.6
78.8986163594705,-0.4971709235234145,-3.865976292384087,5,0.6
79.44739963496465,-0.4991591487921956,-3.884462558778594,5,0.6
80.00000000000179,-0.5011537449177169,-3.9029658270178813,5,0.6
80.55644400453932,-0.5031554153040192,-3.9214862187287856,5,0.6
81.11675838320417,-0.5051782651769768,-3.9400366124232504,5,0.6
81.68097005657731,-0.5072096150955463,-3.9586046931964383,5,0.6
82.24910613248719,-0.5092434935136313,-3.977184254040551,5,0.6
82.8211939073121,-0.5113007208967171,-3.995794960895868,5,0.6
83.39726086729164,-0.5133552523230108,-4.014411225958598,5,0.6
83.97733468984731,-0.5154212261998533,-4.033046350592762,5,0.6
84.56144324491237,-0.5175261715115266,-4.051727410276823,5,0.6
85.14961459627077,-0.519610600849371,-4.0703951086209305,5,0.6
85.74187700290544,-0.5217087540756057,-4.089083025344041,5,0.6
86.33825892035618,-0.5238280977512542,-4.10779856728734,5,0.6
86.93878900208668,-0.5259560279203848,-4.126528800327961,5,0.6
87.54349610086122,-0.5280933344884327,-4.14527426712932,5,0.6
88.15240927013093,-0.5302274329125648,-4.16402161251505,5,0.6
88.7655577654297,-0.5323858909244863,-4.182799288483891,5,0.6
89.38297104577971,-0.5345494471175776,-4.201587076843787,5,0.6
90.00467877510688,-0.5367122315528748,-4.220378443664135,5,0.6
90.63071082366605,-0.5389085148853933,-4.239209869135373,5,0.6
91.26109726947607,-0.5410923070319749,-4.258031983080172,5,0.6
91.895868399765,-0.5432912025269198,-4.276874303354393,5,0.6
92.53505471242522,-0.5455060461075709,-4.295737850598646,5,0.6
93.17868691747873,-0.5477243159889088,-4.314608865935287,5,0.6
93.82679593855258,-0.5499468731520584,-4.333488158568795,5,0.6
94.47941291436473,-0.5521879563291883,-4.352391681663267,5,0.6
95.13656920022001,-0.5544283811341945,-4.371297932964263,5,0.6
95.79829636951663,-0.5566890833398207,-4.390230718444897,5,0.6
96.4646262152632,-0.5589308415061662,-4.4091451699727235,5,0.6
97.13559075160614,-0.561214707825827,-4.428111716515547,5,0.6
97.81122221536789,-0.563481424742861,-4.447061940696057,5,0.6
98.49155306759573,-0.5657586341710308,-4.466028006036169,5,0.6
99.17661599512138,-0.5680472471693983,-4.485011281048605,5,0.6
99.86644391213144,-0.570341498679659,-4.5040051871439895,5,0.6
100.56106996174877,-0.5726356311111784,-4.5230029729866885,5,0.6
101.26052751762494,-0.5749639813539038,-4.542046608443838,5,0.6
101.96485018554354,-0.577280714256898,-4.561080853062579,5,0.6
102.67407180503491,-0.5795867741007148,-4.580106702548601,5,0.6
103.388226451002,-0.5819165104822615,-4.599166935131752,5,0.6
104.10734843535732,-0.5842441537159786,-4.618230039945162,5,0.6
104.83147230867174,-0.5865840209206055,-4.637314382907519,5,0.6
105.56063286183424,-0.5889370733660855,-4.6564218599406155,5,0.6
106.29486512772365,-0.5912909199278782,-4.675537240976131,5,0.6
107.03420438289172,-0.5936398551193927,-4.694653518741178,5,0.6
107.778686149258,-0.5959848571177409,-4.713772238572723,5,0.6
108.52834619581655,-0.5983602967898223,-4.732939074926715,5,0.6
109.28322054035448,-0.6007137371054367,-4.752085740946579,5,0.6
110.04334545118235,-0.6030995881358626,-4.771284995045916,5,0.6
110.80875744887686,-0.6054721021612139,-4.790476640069684,5,0.6
111.57949330803534,-0.6078456319266893,-4.809680402539283,5,0.6
112.35559005904271,-0.6102211787936241,-4.828898338584477,5,0.6
113.13708498985058,-0.6126130996631078,-4.848151054572615,5,0.6
113.92401564776874,-0.6150090490472387,-4.86742260972596,5,0.6
114.71641984126921,-0.6173966860796773,-4.886696578126693,5,0.6
115.51433564180275,-0.6197970517858234,-4.906003285447593,5,0.6
116.31780138562794,-0.6221844597722465,-4.9253073662662,5,0.6
117.12685567565316,-0.6245933055531078,-4.944658739832916,5,0.6
117.94153738329126,-0.6269845575920598,-4.964002509600553,5,0.6
118.76188565032712,-0.6293992890365021,-4.983399046151228,5,0.6
119.58793989079828,-0.6317984732492059,-5.002792736612167,5,0.6
120.41973979288862,-0.6342031603816272,-5.022215340466528,5,0.6
121.25732532083512,-0.6366077016258589,-5.041659714535671,5,0.6
122.10073671684803,-0.6390197985421522,-5.0611386115073405,5,0.6
122.95001450304433,-0.6414204544795976,-5.0806246501253165,5,0.6
123.80519948339456,-0.6438307210290852,-5.1001508803062094,5,0.6
124.66633274568338,-0.6462382764331789,-5.119699925480474,5,0.6
125.53345566348355,-0.6486441478619394,-5.139274612046816,5,0.6
126.40660989814381,-0.6510493617971814,-5.158877856972865,5,0.6
127.28583740079048,-0.653461618506193,-5.178523204870114,5,0.6
128.17118041434307,-0.6558685928367891,-5.19819276411593,5,0.6
129.0626814755438,-0.6582713072772397,-5.217889479491153,5,0.6
129.9603834170013,-0.6606774574109706,-5.237627169137082,5,0.6
130.86432936924862,-0.6630813867442892,-5.257398338021846,5,0.6
131.77456276281538,-0.6654841110462577,-5.277206198754178,5,0.6
132.69112733031437,-0.667886643204022,-5.297054052961847,5,0.6
133.61406710854286,-0.6702699656440485,-5.316911916856949,5,0.6
134.5434264405981,-0.6726751383610672,-5.336849759756368,5,0.6
135.47924997800817,-0.6750631082941165,-5.356804138053925,5,0.6
136.42158268287693,-0.6774482240863733,-5.376800692160234,5,0.6
137.3704698300445,-0.6798515086538536,-5.396877322870046,5,0.6
138.32595700926237,-0.68222721233391,-5.41695744411776,5,0.6
139.28809012738384,-0.6846097006432188,-5.437101899078418,5,0.6
140.25691541056963,-0.6869799172989206,-5.4572794532604965,5,0.6
141.23247940650882,-0.6893588648800226,-5.47752888005985,5,0.6
142.2148289866553,-0.6917207933674749,-5.497806637841609,5,0.6
143.20401134847972,-0.6940866928737376,-5.518151931824086,5,0.6
144.200074017737,-0.696450832987185,-5.538556702898578,5,0.6
145.20306485074994,-0.6988007934642555,-5.5590003911815895,5,0.6
146.2130320367083,-0.7011642256878594,-5.579535566852692,5,0.6
147.2300240999843,-0.7035086498689396,-5.600104820345297,5,0.6
148.25408990246365,-0.7058416567402813,-5.620723863545042,5,0.6
149.28527864589356,-0.7081775120442901,-5.641421446062709,5,0.6
150.32363987424628,-0.7105104271798319,-5.662189100915595,5,0.6
151.3692234760998,-0.7128412843406994,-5.683030825948575,5,0.6
152.42207968703445,-0.7151509013022537,-5.70391203538957,5,0.6
153.48225909204683,-0.7174601871339941,-5.7248749132846495,5,0.6
154.54981262797986,-0.7197699897939398,-5.745923647825242,5,0.6
155.6247915859703,-0.7220677713386792,-5.767036121960671,5,0.6
156.70724761391295,-0.7243476621245137,-5.788202752704,5,0.6
157.79723271894218,-0.7266439068772211,-5.809493927035954,5,0.6
158.8947992699305,-0.7289238596050779,-5.8308472274373635,5,0.6
160.0000000000048,-0.7312016747254824,-5.852293389893444,5,0.6
161.11288800907985,-0.7334647338265853,-5.873809230368562,5,0.6
162.23351676640956,-0.7357137800020274,-5.895398380325907,5,0.6
163.36194011315587,-0.7379562336839005,-5.917078419509334,5,0.6
164.49821226497562,-0.7401995030617281,-5.938867390292578,5,0.6
165.6423878146254,-0.7424375926702699,-5.960755552451199,5,0.6
166.79452173458452,-0.7446577885273297,-5.98271853887053,5,0.6
167.9546693796959,-0.7468741411684443,-6.004788513409572,5,0.6
169.12288648982604,-0.7490805945610688,-6.026955182695947,5,0.6
170.29922919254284,-0.7512777692245074,-6.049222402103677,5,0.6
171.4837540058122,-0.7534662660925684,-6.071594047886501,5,0.6
172.6765178407137,-0.7556533691237911,-6.094088801267594,5,0.6
173.87757800417467,-0.7578262336816957,-6.116681111402843,5,0.6
175.08699220172375,-0.7599853947027164,-6.139374561574603,5,0.6
176.30481854026317,-0.7621447800291927,-6.162202996077755,5,0.6
177.53111553086072,-0.7642914715181917,-6.185140209760101,5,0.6
178.7659420915608,-0.7664326475543605,-6.208205155181246,5,0.6
180.00935755021513,-0.7685419091719231,-6.23133986468032,5,0.6
181.26142164733346,-0.7706666580440089,-6.2546560216537355,5,0.6
182.52219453895353,-0.7727603023918196,-6.278048621025932,5,0.6
183.7917367995314,-0.7748635004020216,-6.301615140991948,5,0.6
185.07010942485184,-0.7769564565095878,-6.325312336961115,5,0.6
186.35737383495882,-0.7790260487445526,-6.349111577462338,5,0.6
187.65359187710658,-0.7810927263034085,-6.373064208280507,5,0.6
188.95882582873088,-0.7831433112571574,-6.397141414925604,5,0.6
190.27313840044144,-0.7851914882363014,-6.421379133571068,5,0.6
191.59659273903472,-0.7872240156775988,-6.4457479856047,5,0.6
192.92925243052787,-0.7892545289860965,-6.470284320365153,5,0.6
194.27118150321374,-0.7912629878898935,-6.494941353324977,5,0.6
195.62244443073726,-0.7932629703767198,-6.51975545544756,5,0.6
196.98310613519297,-0.7952545672184997,-6.54472980831263,5,0.6
198.35323199024427,-0.7972310990900421,-6.569850330952479,5,0.6
199.73288782426437,-0.7992060705110194,-6.5951543534863974,5,0.6
201.12213992349908,-0.8011659971810353,-6.6206103263177924,5,0.6
202.5210550352514,-0.8031108358989705,-6.646220766128891,5,0.6
203.9297003710886,-0.8050472589020088,-6.672005830420809,5,0.6
205.3481436100714,-0.8069751634414655,-6.697968260200662,5,0.6
206.77645290200556,-0.8088944127726665,-6.724110706491945,5,0.6
208.21469687071618,-0.8107980791931204,-6.750417596820009,5,0.6
209.66294461734503,-0.8126724300874835,-6.776854450102606,5,0.6
211.12126572367004,-0.8145577702757428,-6.803532788326592,5,0.6
212.5897302554489,-0.8164335524811888,-6.830400461768091,5,0.6
214.06840876578502,-0.8182791596628833,-6.8574035558855595,5,0.6
215.5573722985176,-0.8201280667418671,-6.884636896384778,5,0.6
217.05669239163473,-0.8219663554507566,-6.912065270121323,5,0.6
218.5664410807106,-0.8237868225483924,-6.939671308348761,5,0.6
220.08669090236637,-0.8256025529343773,-6.9674946581651565,5,0.6
221.6175148977554,-0.8273994864998081,-6.995498421051947,5,0.6
223.15898661607235,-0.8291906425615625,-7.023722516030419,5,0.6
224.71118011808713,-0.8309686587737343,-7.052148835797312,5,0.6
226.27416997970286,-0.8327193269427635,-7.080738707810495,5,0.6
227.8480312955392,-0.8344759437982087,-7.109591891608094,5,0.6
229.43283968254013,-0.8362242369122787,-7.138670104609792,5,0.6
231.02867128360725,-0.8379498652460162,-7.167933704550832,5,0.6
232.63560277125762,-0.8396656446407137,-7.197423329364913,5,0.6
234.25371135130806,-0.8413843780140029,-7.227180624758615,5,0.6
235.88307476658426,-0.8430643421574525,-7.257082497471077,5,0.6
237.523771300656,-0.8447454975287817,-7.287252463918891,5,0.6
239.17587978159838,-0.8464200997877219,-7.317670315909682,5,0.6
240.83947958577906,-0.8480803463956171,-7.348315019344227,5,0.6
242.51465064167206,-0.8497320357366178,-7.3792073758344685,5,0.6
244.2014734336979,-0.8513741047585257,-7.410347089461807,5,0.6
245.9000290060905,-0.8530122852072157,-7.441755288172962,5,0.6
247.61039896679097,-0.8546180686035393,-7.473344428371742,5,0.6
249.33266549136863,-0.8562176094122099,-7.505199958559406,5,0.6
251.06691132696898,-0.8578028298150177,-7.5372989596457955,5,0.6
252.81321979628953,-0.859386157753232,-7.569684506709143,5,0.6
254.5716748015829,-0.8609594311595893,-7.602333330699052,5,0.6
256.3423608286881,-0.8625212903540901,-7.635243871284444,5,0.6
258.12536295108947,-0.8640634607140611,-7.668391502012227,5,0.6
259.9207668340045,-0.8655982278732464,-7.701819528696275,5,0.6
261.72865873849923,-0.8671309913021579,-7.735549179397064,5,0.6
263.54912552563275,-0.868625816482526,-7.769462288966947,5,0.6
265.38225466063074,-0.8701361917442392,-7.803742074252627,5,0.6
267.2281342170877,-0.871626087253392,-7.8382696050027985,5,0.6
269.08685288119824,-0.8731007269556024,-7.873065086565675,5,0.6
270.95849995601833,-0.8745791218854266,-7.908197064991328,5,0.6
272.8431653657559,-0.8760319242543122,-7.943566746709754,5,0.6
274.74093966009104,-0.8774919047355539,-7.9792912297283225,5,0.6
276.6519140185268,-0.8789226761573434,-8.015245690932137,5,0.6
278.5761802547697,-0.8803569749424174,-8.051548327320997,5,0.6
280.51383082114137,-0.8817652016735588,-8.088096743585165,5,0.6
282.4649588130198,-0.8831800780716739,-8.125010772532107,5,0.6
284.42965797331277,-0.8845649408371723,-8.162161207008959,5,0.6
286.40802269696155,-0.8859524822856732,-8.199668984856155,5,0.6
288.40014803547615,-0.8873267651510562,-8.237479163742707,5,0.6
290.4061297015021,-0.8886996174162533,-8.275638102128969,5,0.6
292.42606407341884,-0.8900549902440458,-8.31408940584261,5,0.6
294.4600481999708,-0.8913837175440166,-8.35280097664837,5,0.6
296.50817980492957,-0.8927184685465063,-8.391897647803516,5,0.6
298.5705572917893,-0.8940570480636812,-8.431374982659133,5,0.6
300.64727974849484,-0.8953622305585507,-8.471094553049054,5,0.6
302.73844695220185,-0.8966736636694538,-8.511209809383654,5,0.6
304.84415937407124,-0.8979610017336712,-8.551607321371339,5,0.6
306.964518184096,-0.8992569162996413,-8.592415921392945,5,0.6
309.09962525596205,-0.9005239185247935,-8.633492932791336,5,0.6
311.24958317194296,-0.9017946708932851,-8.674968346938599,5,0.6
313.4144952278283,-0.9030526550724185,-8.716780420736365,5,0.6
315.59446543788675,-0.904295351360918,-8.758921618890557,5,0.6
317.7895985398634,-0.905555484716949,-8.801525488088616,5,0.6
320.000000000012,-0.9067669931064376,-8.844330199252322,5,0.6
322.22577601816215,-0.908004944987444,-8.88764029522397,5,0.6
324.4670335328215,-0.9092031083327312,-8.931190699396362,5,0.6
326.7238802263142,-0.9104154355894538,-8.975203494765779,5,0.6
328.99642452995374,-0.9116109380056767,-9.01955508391185,5,0.6
331.2847756292533,-0.9127939875650257,-9.064265794508596,5,0.6
333.5890434691715,-0.9139689549935105,-9.109356367902429,5,0.6
335.90933875939425,-0.915154458411287,-9.15490787340859,5,0.6
338.2457729796546,-0.9163049975496124,-9.20073202651746,5,0.6
340.5984583850881,-0.9174748046812808,-9.247060317782566,5,0.6
342.96750801162693,-0.9186111107661785,-9.293671759666271,5,0.6
345.3530356814299,-0.9197539372228397,-9.340739455344107,5,0.6
347.75515600835195,-0.9208861430965167,-9.388193057358281,5,0.6
350.1739844034501,-0.9220120194455186,-9.436053806298204,5,0.6
352.60963708052907,-0.923128677819349,-9.48431193402664,5,0.6
355.0622310617241,-0.9242404001677412,-9.53298894754672,5,0.6
357.53188418312425,-0.9253442718331505,-9.582074913520028,5,0.6
360.0187151004329,-0.9264229133088595,-9.631495204693804,5,0.6
362.52284329466966,-0.9275239010091035,-9.681464268316033,5,0.6
365.0443890779098,-0.9286154385344174,-9.731843955215194,5,0.6
367.58347359906554,-0.929672788604329,-9.78252489717821,5,0.6
370.14021884970646,-0.9307436748098891,-9.83372508842816,5,0.6
372.7147476699204,-0.9318179223268198,-9.88540229097431,5,0.6
375.30718375421594,-0.9328707251438494,-9.937445913914258,5,0.6
377.9176516574646,-0.933913596508454,-9.989910930410764,5,0.6
380.5462768008857,-0.9349654258537154,-10.042887778490819,5,0.6
383.1931854780723,-0.9359939958007615,-10.096229750669773,5,0.6
385.85850486105863,-0.9370181931513772,-10.150027211902406,5,0.6
388.5423630064304,-0.9380496869107862,-10.204338298325984,5,0.6
391.2448888614774,-0.9390708105061161,-10.259082898782108,5,0.6
393.96621227038884,-0.9400785177652683,-10.31424897707817,5,0.6
396.7064639804915,-0.9410918843337408,-10.369930432987571,5,0.6
399.4657756485318,-0.9420931645436547,-10.426045315530798,5,0.6
402.24427984700117,-0.9430941170981639,-10.482653071290649,5,0.6
405.04211007050577,-0.9440843390379549,-10.539706223181996,5,0.6
407.85940074218024,-0.9450756573225326,-10.597265242589955,5,0.6
410.69628722014585,-0.946065106606427,-10.655318889179838,5,0.6
413.55290580401413,-0.9470347967608096,-10.713781701778938,5,0.6
416.42939374143555,-0.9480040797263136,-10.772751821861512,5,0.6
419.3258892346932,-0.9489774942117801,-10.832255216382286,5,0.6
422.24253144734325,-0.9499371287711155,-10.892205425443397,5,0.6
425.179460510901,-0.9509175572598888,-10.952779407964439,5,0.6
428.13681753157323,-0.9518557549908231,-11.0136619772881,5,0.6
431.11474459703845,-0.9528089350563111,-11.075145214817296,5,0.6
434.11338478327275,-0.953766747568368,-11.137180460984979,5,0.6
437.13288216142445,-0.9547112077297704,-11.199678688583957,5,0.6
440.173381804736,-0.9556545696670861,-11.262705640565152,5,0.6
443.23502979551404,-0.956601605807045,-11.326289356970578,5,0.6
446.31797323214806,-0.9575342867406644,-11.39033917577574,5,0.6
449.4223602361776,-0.9584726499798042,-11.454962555051772,5,0.6
452.5483399594091,-0.9594063108711499,-11.52010842922961,5,0.6
455.6960625910818,-0.9603248233764645,-11.585724389615844,5,0.6
458.8656793650838,-0.9612638111048943,-11.652002314380189,5,0.6
462.0573425672179,-0.9621898904752696,-11.718768442541007,5,0.6
465.2712055425187,-0.9631157506505116,-11.786093325297543,5,0.6
468.5074227026196,-0.9640310042164317,-11.853924195060973,5,0.6
471.76614953317204,-0.9649484778998694,-11.922333143602577,5,0.6
475.04754260131557,-0.9658655968792038,-11.991309632842345,5,0.6
478.3517595632003,-0.9667720014691593,-12.060800298351792,5,0.6
481.6789591715617,-0.9676885258779004,-12.130922158561802,5,0.6
485.02930128334776,-0.9686049083239052,-12.201622654007872,5,0.6
488.40294686739946,-0.9695108249870571,-12.272847906028904,5,0.6
491.8000580121847,-0.9704195039102983,-12.34467412796212,5,0.6
495.2207979335857,-0.9713443435901241,-12.417179741884732,5,0.6
498.665330982741,-0.9722356232381225,-12.490090212536863,5,0.6
502.1338226539417,-0.9731462729238793,-12.563704816952376,5,0.6
505.62643959258287,-0.9740502806186497,-12.637881088784978,5,0.6
509.14334960316967,-0.9749533002532011,-12.712654061095947,5,0.6
512.68472165738,-0.9758770773789754,-12.788151091878488,5,0.6
516.2507259021829,-0.9767795018907841,-12.864135811218558,5,0.6
519.841533668013,-0.9776984353652622,-12.940827854176957,5,0.6
523.4573174770023,-0.9785915923289132,-13.017987639686115,5,0.6
527.0982510512695,-0.9795051755050626,-13.095884581631141,5,0.6
530.7645093212655,-0.9804211038359522,-13.174418280608778,5,0.6
534.4562684341794,-0.9813130102008693,-13.253438335496918,5,0.6
538.1737057624005,-0.9822357912489013,-13.333268370375253,5,0.6
541.9169999120409,-0.983155091516069,-13.413711723272431,5,0.6
545.6863307315159,-0.9840690019627639,-13.494760332777208,5,0.6
549.4818793201863,-0.9849838617101327,-13.576454870946833,5,0.6
553.3038280370578,-0.9859061328049196,-13.658837298756438,5,0.6
557.1523605095437,-0.9868258558454504,-13.741852106614056,5,0.6
561.027661642287,-0.9877495970034865,-13.825541946645409,5,0.6
564.9299176260438,-0.9886757268659534,-13.909900765186858,5,0.6
568.8593159466297,-0.9895859423248293,-13.99482180007077,5,0.6
572.8160453939274,-0.9905204012462496,-14.080550647093462,5,0.6
576.8002960709567,-0.9914525866031274,-14.166931273685432,5,0.6
580.8122594030085,-0.9923809858298411,-14.253957853697944,5,0.6
584.8521281468421,-0.993337952938459,-14.34183149176122,5,0.6
588.920096399946,-0.9942799329747438,-14.430290314025576,5,0.6
593.0163596098636,-0.9952224521591042,-14.51943252118941,5,0.6
597.1411145835832,-0.9961727494401423,-14.6093063993334,5,0.6
601.2945594969942,-0.9971296387021045,-14.699908642011037,5,0.6
605.4768939044083,-0.9980833651393716,-14.791182646021898,5,0.6
609.688318748147,-0.9990586209168277,-14.883285645487598,5,0.6
613.9290363681965,-1.0000198508186928,-14.976000342379006,5,0.6
618.1992505119288,-1.0010006005436276,-15.069539777609505,5,0.6
622.4991663438906,-1.0019825924610166,-15.16379381619002,5,0.6
626.8289904556613,-1.0029560930450423,-15.258704851665382,5,0.6
631.1889308757782,-1.0039464321147884,-15.354436166612526,5,0.6
635.5791970797316,-1.0049440756851988,-15.450931927877203,5,0.6
640.0000000000289,-1.0059482531950454,-15.548191320816453,5,0.6
644.4515520363291,-1.006967120234709,-15.646270344925675,5,0.6
648.9340670656479,-1.0079733187270636,-15.744998747087925,5,0.6
653.4477604526332,-1.0089928570084503,-15.844546174337877,5,0.6
657.9928490599125,-1.0100162300413211,-15.944856033766051,5,0.6
662.5695512585116,-1.0110428595283125,-16.04592857193606,5,0.6
667.178086938348,-1.0120903300857844,-16.147881160528648,5,0.6
671.8186775187937,-1.0131583588036825,-16.250716743365917,5,0.6
676.4915459593144,-1.014201032972666,-16.354142570270103,5,0.6
681.1969167701814,-1.015272635006415,-16.45851389352847,5,0.6
685.935016023259,-1.0163454939608576,-16.563655740570294,5,0.6
690.7060713628651,-1.017437769858441,-16.66969049738203,5,0.6
695.5103120167091,-1.0185401118929203,-16.776561751919967,5,0.6
700.3479688069056,-1.0196150796083092,-16.884028610090326,5,0.6
705.2192741610634,-1.0207557645788001,-16.992704856837477,5,0.6
710.1244621234536,-1.0218687741263974,-17.10198290906472,5,0.6
715.0637683662537,-1.0230103012049578,-17.212235877045043,5,0.6
720.0374302008713,-1.024123698471968,-17.323094946918637,5,0.6
725.0456865893448,-1.0252943251418132,-17.43512750377645,5,0.6
730.0887781558251,-1.0264559287920252,-17.54790079423736,5,0.6
735.1669471981365,-1.0276276608958792,-17.66154562273307,5,0.6
740.2804376994185,-1.0288194011666572,-17.776132059549532,5,0.6
745.4294953398465,-1.0300024332532978,-17.891473728954278,5,0.6
750.6143675084376,-1.0312157997824867,-18.007834735110187,5,0.6
755.8353033149348,-1.0324503349059526,-18.125158955063814,5,0.6
761.0925536017771,-1.0336869008985181,-18.243323236520762,5,0.6
766.3863709561504,-1.0349159251747417,-18.36226775341112,5,0.6
771.717009722123,-1.0362071753529285,-18.48246414236187,5,0.6
777.0847260128666,-1.0374620809918331,-18.603256765777324,5,0.6
782.4897777229608,-1.038740711295327,-18.725052583813312,5,0.6
787.9324245407837,-1.0400741040866914,-18.84806523010196,5,0.6
793.412927960989,-1.041382500762863,-18.971763195127043,5,0.6
798.9315512970695,-1.042727142303454,-19.0965630666442,5,0.6
804.4885596940084,-1.0440579643112033,-19.222132183770864,5,0.6
810.0842201410177,-1.0454267800179204,-19.348824574132518,5,0.6
815.7188014843666,-1.0468037876630358,-19.476443942149864,5,0.6
821.392574440298,-1.048210565360911,-19.605140832880124,5,0.6
827.1058116080346,-1.049616942150437,-19.73471598127403,5,0.6
832.8587874828772,-1.0510656541360104,-19.865463355262982,5,0.6
838.6517784693928,-1.0524948059445538,-19.996968582455263,5,0.6
844.4850628946929,-1.0539685699512322,-20.129671159121646,5,0.6
850.3589210218082,-1.055467165714252,-20.263441988104415,5,0.6
856.2736350631529,-1.056970415590407,-20.39814899443911,5,0.6
862.2294891940834,-1.0584900898390714,-20.533876805295538,5,0.6
868.226769566552,-1.0600490907551499,-20.670785793903548,5,0.6
874.2657643228554,-1.061605419941704,-20.80859562409695,5,0.6
880.3467636094787,-1.0632039037380647,-20.947615632583187,5,0.6
886.4700595910348,-1.0648021730427994,-21.087562861726415,5,0.6
892.635946464303,-1.0664456538809943,-21.228750862046212,5,0.6
898.844720472362,-1.0680915969702207,-21.370894043406924,5,0.6
905.096679918825,-1.069763606704231,-21.51415772364902,5,0.6
911.3921251821704,-1.0714520053471912,-21.65848107167134,5,0.6
917.7313587301744,-1.0731809608017757,-21.804033220859242,5,0.6
924.1146851344428,-1.0749295648362565,-21.95067704197045,5,0.6
930.5424110850445,-1.0767108877200486,-22.098506236089722,5,0.6
937.0148454052463,-1.0784921209697074,-22.2473030348741,5,0.6
943.5322990663512,-1.0803210414850082,-22.397396705180377,5,0.6
950.0950852026382,-1.0821647536184706,-22.5485689678356,5,0.6
956.7035191264079,-1.0840483964027108,-22.700995259765858,5,0.6
963.3579183431307,-1.085938563937182,-22.854454168390976,5,0.6
970.0586025667028,-1.0878724942370113,-23.00920294434721,5,0.6
976.8058937348063,-1.0898284525118713,-23.165099364274575,5,0.6
983.6001160243768,-1.0918082904295565,-23.322161019364607,5,0.6
990.4415958671789,-1.0938503208920554,-23.48065160059554,5,0.6
997.3306619654895,-1.0958961574021195,-23.640181725049928,5,0.6
1004.267645307891,-1.0979842431725801,-23.801015864534996,5,0.6
1011.2528791851732,-1.100092183931922,-23.963008047794823,5,0.6
1018.2866992063468,-1.102234358917635,-24.126260154086534,5,0.6
1025.3694433147675,-1.1044130033553288,-24.290792105618273,5,0.6
1032.5014518043733,-1.1066178102723838,-24.456539667580653,5,0.6
1039.6830673360337,-1.1088509027739322,-24.62352220632219,5,0.6
1046.9146349540124,-1.111152798852733,-24.79201572248565,5,0.6
1054.1965021025467,-1.1134493447409246,-24.961529144843652,5,0.6
1061.5290186425389,-1.1158327311514076,-25.132683090816943,5,0.6
1068.9125368683667,-1.1182151443377828,-25.30489654773601,5,0.6
1076.347411524809,-1.1206245065735674,-25.478361149836505,5,0.6
1083.8339998240897,-1.1231159332267961,-25.653447623542935,5,0.6
1091.37266146304,-1.1256263202104657,-25.82974163224524,5,0.6
1098.9637586403808,-1.1281711964375936,-26.00735135868174,5,0.6
1106.607656074124,-1.1307530355011506,-26.18629817179075,5,0.6
1114.3047210190957,-1.1334151279487938,-26.366871849679832,5,0.6
1122.0553232845823,-1.1360925574874,-26.548649445066435,5,0.6
1129.859835252096,-1.1387874442807098,-26.731650777928014,5,0.6
1137.7186318932681,-1.1415713258003757,-26.91634926369407,5,0.6
1145.6320907878635,-1.1444060146254105,-27.10249864517115,5,0.6
1153.600592141922,-1.147266293319635,-27.289939340379114,5,0.6
1161.6245188060257,-1.1501687281256243,-27.478784476996132,5,0.6
1169.704256293693,-1.1531303610076589,-27.669149225129903,5,0.6
1177.840192799901,-1.1561399688648764,-27.86096521178927,5,0.6
1186.032719219736,-1.1592004753706355,-28.054255890773636,5,0.6
1194.2822291671753,-1.1623440594575671,-28.249232281135885,5,0.6
1202.5891189939975,-1.1655009681658193,-28.445450754373752,5,0.6
1210.9537878088256,-1.1687178081244212,-28.643215311150364,5,0.6
1219.3766374963034,-1.1720127372700562,-28.8426455091636,5,0.6
1227.8580727364024,-1.1753293132665978,-29.043386414403614,5,0.6
1236.3985010238666,-1.1787304964292658,-29.24584237121486,5,0.6
1244.9983326877905,-1.1821743658761228,-29.449751839145012,5,0.6
1253.657980911332,-1.1856945563166301,-29.655331210615135,5,0.6
1262.377861751566,-1.1892482868762873,-29.86231584123583,5,0.6
1271.1583941594727,-1.1928850730189762,-30.071020394497275,5,0.6
1280.0000000000673,-1.19662449013174,-30.28156917087555,5,0.6
1288.9031040726677,-1.2003757887946551,-30.493401612737465,5,0.6
1297.8681341313059,-1.2042050530942905,-30.706932861989067,5,0.6
1306.8955209052763,-1.2081160471521444,-30.92218906905807,5,0.6
1315.9856981198345,-1.212080200196817,-31.138998107389952,5,0.6
1325.1391025170333,-1.2161333923695434,-31.357583554205007,5,0.6
1334.3561738767062,-1.2202467311182623,-31.577772219505835,5,0.6
1343.6373550375972,-1.2244401865126224,-31.799689264261765,5,0.6
1352.9830919186386,-1.2287176077332367,-32.023360806530995,5,0.6
1362.393833540373,-1.2330492145804444,-32.24861096259988,5,0.6
1371.8700320465282,-1.2375062333633218,-32.47586991746738,5,0.6
1381.4121427257405,-1.241990818229647,-32.7045556394515,5,0.6
1391.0206240334287,-1.2465746472728638,-32.93509942154802,5,0.6
1400.6959376138216,-1.2512620514601416,-33.16752831285281,5,0.6
1410.4385483221372,-1.2559872771982594,-33.401458167716015,5,0.6
1420.2489242469178,-1.260876994500878,-33.637634478722624,5,0.6
1430.1275367325184,-1.2657944694031307,-33.87525974842416,5,0.6
1440.0748604017533,-1.2708142014003911,-34.114771960772096,5,0.6
1450.0913731787002,-1.2759587270322061,-34.356302011054986,5,0.6
1460.177556311661,-1.2811599265955955,-34.59945998057271,5,0.6
1470.3338943962842,-1.2864763493717357,-34.844584307670566,5,0.6
1480.560875398848,-1.2918755827283772,-35.0914920326395,5,0.6
1490.8589906797042,-1.297399000007993,-35.34041921035741,5,0.6
1501.2287350168863,-1.3030137925193819,-35.59118189980606,5,0.6
1511.670606629881,-1.3087621547528159,-35.844017469774904,5,0.6
1522.1851072035656,-1.31457249649533,-36.09852873584043,5,0.6
1532.772741912312,-1.3205062498713085,-36.35505910417917,5,0.6
1543.4340194442575,-1.3265878367193804,-36.61374187245318,5,0.6
1554.1694520257447,-1.3327244118723744,-36.87407004688814,5,0.6
1564.9795554459333,-1.3389786646396553,-37.1363888090272,5,0.6
1575.8648490815792,-1.3453953465152755,-37.400938882749045,5,0.6
1586.8258559219898,-1.3519601519739117,-37.66764007192065,5,0.6
1597.863102594151,-1.3585768894407506,-37.93598022085288,5,0.6
1608.9771193880288,-1.3653716546035621,-38.20663064347279,5,0.6
1620.1684402820476,-1.3722679642716034,-38.47918593254679,5,0.6
1631.4376029687455,-1.3793326561054338,-38.75399588718522,5,0.6
1642.7851488806082,-1.3864875849382612,-39.03065297234141,5,0.6
1654.2116232160815,-1.3937579240608606,-39.30929018555111,5,0.6
1665.7175749657672,-1.4012337956921428,-39.590367531383784,5,0.6
1677.303556938798,-1.408814258454424,-39.87336689378087,5,0.6
1688.9701257893985,-1.416568824289857,-40.15863972899999,5,0.6
1700.7178420436294,-1.4244596750837752,-40.445993094114165,5,0.6
1712.5472701263188,-1.4325139739348571,-40.73556079743293,5,0.6
1724.4589783881795,-1.4406482620566419,-41.026930227478985,5,0.6
1736.453539133117,-1.4490235170735284,-41.32089092583758,5,0.6
1748.531528645724,-1.4575340313234175,-41.61692058930556,5,0.6
1760.6935272189705,-1.466207615289339,-41.91515261635571,5,0.6
1772.940119182083,-1.4750729575853536,-42.2157204554373,5,0.6
1785.2718929286193,-1.4841131421685536,-42.51853829457665,5,0.6
1797.6894409447373,-1.4932871559381407,-42.82341041413889,5,0.6
1810.1933598376636,-1.5026943851858234,-43.1307983667525,5,0.6
1822.7842503643546,-1.5122229312037825,-43.44017728547969,5,0.6
1835.4627174603627,-1.5219734037617438,-43.75200822237564,5,0.6
1848.2293702688994,-1.5318800408589923,-44.065985107914464,5,0.6
1861.0848221701028,-1.5420458947591087,-44.38256802333416,5,0.6
1874.0296908105065,-1.5523062586276666,-44.70101311256792,5,0.6
1887.0645981327166,-1.562813921783622,-45.02199847499856,5,0.6
1900.190170405291,-1.5735763608007927,-45.34554491784389,5,0.6
1913.4070382528298,-1.5845001116648505,-45.67123686575082,5,0.6
1926.715836686276,-1.5956923301243895,-45.999531038005514,5,0.6
1940.1172051334202,-1.6070067519410869,-46.32979489087253,5,0.6
1953.611787469627,-1.618602989618136,-46.662701112594995,5,0.6
1967.2002320487684,-1.6304369457637118,-46.99805149048798,5,0.6
1980.8831917343723,-1.642489276565051,-47.33575691746899,5,0.6
1994.661323930994,-1.6547133542885548,-47.67562097230496,5,0.6
2008.535290615797,-1.6672750416358542,-48.01830897687667,5,0.6
2022.5057583703617,-1.6799947824061299,-48.363085301332234,5,0.6
2036.573398412709,-1.6929862367771211,-48.710397980437044,5,0.6
2050.7388866295505,-1.7062570058983928,-49.06026332166896,5,0.6
2065.0029036087626,-1.7197871751559635,-49.412590705297696,5,0.6
2079.366134672083,-1.733528203463587,-49.767184383711104,5,0.6
2093.8292699080407,-1.7475984072793802,-50.12448408738457,5,0.6
2108.3930042051093,-1.7619216180744168,-50.4841869897382,5,0.6
2123.0580372850936,-1.7765047069490554,-50.846308476609295,5,0.6
2137.82507373675,-1.7913546586881912,-51.21086335850053,5,0.6
2152.6948230496346,-1.8065365452851951,-51.5780732898531,5,0.6
2167.6679996481957,-1.82200051122935,-51.9477423901571,5,0.6
2182.7453229260964,-1.8377538838573688,-52.31988342313294,5,0.6
2197.927517280778,-1.8538041017517397,-52.69450845211669,5,0.6
2213.2153121482643,-1.8701886108145784,-53.07173038524931,5,0.6
2228.6094420382083,-1.8868555040626371,-53.45135603856613,5,0.6
2244.1106465691814,-1.9038725710505608,-53.83359768838206,5,0.6
2259.7196705042093,-1.9211872044773073,-54.218262912810225,5,0.6
2275.4372637865536,-1.9388375077063722,-54.60546076727208,5,0.6
2291.2641815757443,-1.9568315616498761,-54.995198431196876,5,0.6
2307.2011842838615,-1.9752088213891739,-55.38757976588187,5,0.6
2323.2490376120686,-1.993883749002931,-55.78231721755859,5,0.6
2339.4085125874035,-2.012863343753026,-56.17941965824047,5,0.6
2355.6803855998196,-2.0322825486178604,-56.579276366907486,5,0.6
2372.0654384394898,-2.052086921484835,-56.98169588672039,5,0.6
2388.5644583343683,-2.072220274022817,-57.38649221058665,5,0.6
2405.178237988013,-2.092755269462631,-57.79385609424586,5,0.6
2421.9075756176694,-2.113634975968141,-58.20360299959119,5,0.6
2438.753274992625,-2.1349331372489684,-58.615918100018725,5,0.6
2455.716145472823,-2.156658731990397,-59.03079816217855,5,0.6
2472.797002047752,-2.178720138954315,-59.44797207572426,5,0.6
2489.9966653755996,-2.2012595766998535,-59.86779466722641,5,0.6
2507.3159618226828,-2.224150879118328,-60.28990875631856,5,0.6
2524.755723503151,-2.247572427386188,-60.71474429207401,5,0.6
2542.3167883189644,-2.271293697517637,-61.141693054581616,5,0.6
2560.0000000001537,-2.2955287574726624,-61.57126179153594,5,0.6
2577.806208145355,-2.3201829980383377,-62.00318812715683,5,0.6
2595.736268262631,-2.34526455281816,-62.437465649568864,5,0.6
2613.7910418105726,-2.37085225797861,-62.87424644632782,5,0.6
2631.971396239689,-2.3968490088486942,-63.31327849528234,5,0.6
2650.2782050340866,-2.4233339347270406,-63.75471008201305,5,0.6
2668.7123477534324,-2.4502800057421377,-64.19845000670888,5,0.6
2687.274710075215,-2.477767897488527,-64.64463484353637,5,0.6
2705.9661838372976,-2.505661680414274,-65.09294951147835,5,0.6
2724.7876670807664,-2.5341514155038776,-65.54374613562563,5,0.6
2743.740064093077,-2.563026583168036,-65.99657298491003,5,0.6
2762.824285451502,-2.5924417118636334,-66.45170073921972,5,0.6
2782.0412480668783,-2.622442980123279,-66.90917305962213,5,0.6
2801.391875227664,-2.6528904238559283,-67.36869653768909,5,0.6
2820.8770966442953,-2.6839415438897967,-67.83051550738918,5,0.6
2840.4978484938565,-2.7154547924511343,-68.29434595753501,5,0.6
2860.2550734650586,-2.74751327057034,-68.76029467700936,5,0.6
2880.1497208035285,-2.780087158705472,-69.22827576228067,5,0.6
2900.1827463574223,-2.8133374313432986,-69.6984976324327,5,0.6
2920.355112623344,-2.8470429989287234,-70.17057902873745,5,0.6
2940.6677887925907,-2.881403758020418,-70.64477649866122,5,0.6
2961.121750797718,-2.9162347170247367,-71.12078409276563,5,0.6
2981.717981359431,-2.9516594093788404,-71.59873658353777,5,0.6
3002.4574700337953,-2.987685838768358,-72.07859888735783,5,0.6
3023.3412132597846,-3.0243612397201862,-72.56038167516851,5,0.6
3044.3702144071544,-3.0615360467079658,-73.04385978285649,5,0.6
3065.545483824648,-3.0993354848460446,-73.52914103575017,5,0.6
3086.868038888538,-3.137767213413987,-74.01618457118603,5,0.6
3108.338904051513,-3.176838779813511,-74.5049480551912,5,0.6
3129.9591108918903,-3.2164775407733526,-74.99531224199183,5,0.6
3151.7296981631816,-3.2566900080319376,-75.48724372937608,5,0.6
3173.651711844004,-3.297563201326791,-75.98077546073688,5,0.6
3195.726205188326,-3.339185029668635,-76.47592307919952,5,0.6
3217.954238776082,-3.3812793960899903,-76.97241720091583,5,0.6
3240.3368805641194,-3.4241358700810745,-77.47043145005408,5,0.6
3262.8752059375156,-3.4675987370873496,-77.96979928012935,5,0.6
3285.570297761241,-3.51175553573914,-78.4705269316896,5,0.6
3308.4232464321876,-3.556489714982844,-78.97249586206632,5,0.6
3331.435149931559,-3.601888639525668,-79.47570793442473,5,0.6
3354.607113877621,-3.648040258445539,-79.98014686712416,5,0.6
3377.9402515788224,-3.6947445617589225,-80.48567356144295,5,0.6
3401.4356840872842,-3.742212592762612,-80.99231852083525,5,0.6
3425.094540252663,-3.7902845649613095,-81.49997273131224,5,0.6
3448.9179567763854,-3.839172111695528,-82.00863625775922,5,0.6
3472.9070782662598,-3.888631754882818,-82.51819669234793,5,0.6
3497.0630572914743,-3.938875167717489,-83.02863667951682,5,0.6
3521.387054437968,-3.9897407720239855,-83.53987853132331,5,0.6
3545.880238364193,-4.041232482518654,-84.05187711732837,5,0.6
3570.543785857265,-4.093395699918506,-84.56458369663535,5,0.6
3595.378881889502,-4.146400761489206,-85.07792435078987,5,0.6
3620.3867196753545,-4.200043023071804,-85.59185469458582,5,0.6
3645.5685007287366,-4.254325681537515,-86.10632666478813,5,0.6
3670.9254349207527,-4.309418581056973,-86.62124372186935,5,0.6
3696.458740537827,-4.36511609196892,-87.13660041447999,5,0.6
3722.1696443402334,-4.421587652097783,-87.65228758906741,5,0.6
3748.0593816210417,-4.478752258252069,-88.16827192687711,5,0.6
3774.129196265462,-4.536570426243396,-88.684516826141,5,0.6
3800.3803408106105,-4.595085847186902,-89.20094758662485,5,0.6
3826.8140765056887,-4.654466775677408,-89.71740283082622,5,0.6
3853.43167337258,-4.71438165850315,-90.23402015348488,5,0.6
3880.2344102668694,-4.775081509145201,-90.75058613503217,5,0.6
3907.223574939284,-4.836484154435844,-91.26709275535758,5,0.6
3934.400464097566,-4.89859043601432,-91.78348038141992,5,0.6
3961.7663834687746,-4.961400968674457,-92.29968922643467,5,0.6
3989.322647862018,-5.024957452466894,-92.81562003405892,5,0.6
4017.070581231624,-5.089094867481158,-93.33137256030018,5,0.6
4045.011516740754,-5.154101964810417,-93.84660004288133,5,0.6
4073.1467968254487,-5.219772081951023,-94.36144616569325,5,0.6
4101.477773259132,-5.286063946175607,-94.8759061375113,5,0.6
4130.005807217556,-5.35310003236715,-95.38978197558217,5,0.6
4158.732269344197,-5.4207975007902,-95.90311297254217,5,0.6
4187.658539816113,-5.489236826390627,-96.4157365717895,5,0.6
4216.78600841025,-5.558456816802213,-96.92753013317164,5,0.6
4246.116074570219,-5.6281720128008335,-97.43883661714047,5,0.6
4275.650147473531,-5.698704923548208,-97.94913894049242,5,0.6
4305.389646099301,-5.769931778639325,-98.45855039916302,5,0.6
4335.335999296423,-5.841730136969256,-98.96721025917851,5,0.6
4365.4906458522255,-5.914378100777497,-99.47460666808568,5,0.6
4395.8550345615895,-5.987632683523216,-99.98107660607057,5,0.6
4426.430624296562,-6.06153146582788,-100.486504766422,5,0.6
4457.21888407645,-6.1359929177737085,-100.99098946856498,5,0.6
4488.2212931383965,-6.211211627850151,-101.49411511817277,5,0.6
4519.439341008452,-6.287144029532474,-101.9958934102915,5,0.6
4550.874527573141,-6.36363016913982,-102.49658393634355,5,0.6
4582.528363151522,-6.440900371196282,-102.99566178169295,5,0.6
4614.402368567757,-6.5187174933501435,-103.49355904427254,5,0.6
4646.498075224173,-6.597194182553693,-103.98998552686301,5,0.6
4678.817025174842,-6.676287878998064,-104.48497822714491,5,0.6
4711.360771199674,-6.756070668462025,-104.9783151054704,5,0.6
4744.130876879015,-6.836423847164922,-105.4702148478047,5,0.6
4777.128916668773,-6.917456618953138,-105.9603626463459,5,0.6
4810.356475976061,-6.999013789359427,-106.44908408231673,5,0.6
4843.815151235375,-7.081278080500607,-106.935868476753,5,0.6
4877.506549985286,-7.164095068110974,-107.42105194209455,5,0.6
4911.432290945683,-7.24746066881358,-107.90460072539916,5,0.6
4945.594004095541,-7.331480317324507,-108.38617860109865,5,0.6
4979.9933307512365,-7.416075110632865,-108.86594416105484,5,0.6
5014.631923645403,-7.501312161637667,-109.3436529109125,5,0.6
5049.511447006339,-7.587113233025454,-109.81947199785768,5,0.6
5084.633576637967,-7.67340183537293,-110.29358188983414,5,0.6
5120.000000000346,-7.760244809724609,-110.76574086318352,5,0.6
5155.612416290749,-7.847707032954434,-111.23569621633261,5,0.6
5191.4725365253,-7.935711774000649,-111.7036312433909,5,0.6
5227.582083621183,-8.024253465396502,-112.16951567796134,5,0.6
5263.942792479418,-8.113360880462716,-112.63320589777868,5,0.6
5300.556410068212,-8.202925103293698,-113.09501649823056,5,0.6
5337.424695506905,-8.29311141603325,-113.55434331888954,5,0.6
5374.54942015047,-8.383810781407481,-114.01150307505375,5,0.6
5411.932367674636,-8.474950539744265,-114.4667092857084,5,0.6
5449.575334161574,-8.566625750791928,-114.91958304542275,5,0.6
5487.480128186196,-8.658829705786902,-115.37009734819985,5,0.6
5525.648570903045,-8.751490405308983,-115.81847207522956,5,0.6
5564.082496133798,-8.84460262592419,-116.26468908852115,5,0.6
5602.78375045537,-8.938225326650079,-116.70848094997027,5,0.6
5641.754193288633,-9.032383506875005,-117.14969877524531,5,0.6
5680.995696987757,-9.127006367538439,-117.58857199646302,5,0.6
5720.51014693016,-9.221962597438933,-118.02559517561507,5,0.6
5760.2994416071,-9.31749761617857,-118.45973114276771,5,0.6
5800.365492714889,-9.413386717439824,-118.89186206431508,5,0.6
5840.710225246731,-9.509809238272133,-119.32119643682428,5,0.6
5881.335577585225,-9.606605484961982,-119.74837045669302,5,0.6
5922.243501595481,-9.703860878465797,-120.17297868495385,5,0.6
5963.435962718906,-9.80150912941637,-120.59527281145793,5,0.6
6004.914940067636,-9.899574401582715,-121.01510971168267,5,0.6
6046.682426519615,-9.99805063658426,-121.43247871654903,5,0.6
6088.740428814354,-10.096960684418882,-121.84723459182648,5,0.6
6131.090967649341,-10.196240473726581,-122.2596384516096,5,0.6
6173.736077777122,-10.295884815904536,-122.6696840994217,5,0.6
6216.6778081030725,-10.395944713358114,-123.07709131222163,5,0.6
6259.918221783827,-10.496385602559856,-123.48198952416747,5,0.6
6303.4593963264115,-10.597174027057296,-123.88451133051574,5,0.6
6347.303423688055,-10.69830491372743,-124.28465319997717,5,0.6
6391.4524103767,-10.799827242165147,-124.68213317038193,5,0.6
6435.9084775522115,-10.901734404564307,-125.07694598248592,5,0.6
6480.673761128287,-11.003966883569094,-125.46936809508297,5,0.6
6525.750411875079,-11.106467333186243,-125.85968020280842,5,0.6
6571.140595522531,-11.209388133976043,-126.24703670921339,5,0.6
6616.846492864425,-11.312695586234762,-126.6315746283681,5,0.6
6662.870299863169,-11.416230011534804,-127.01414330043036,5,0.6
6709.214227755292,-11.520064493880353,-127.39432011597353,5,0.6
6755.880503157695,-11.624269010005154,-127.77167889732222,5,0.6
6802.871368174619,-11.728762647916577,-128.14664782052898,5,0.6
6850.189080505378,-11.833540798564307,-128.5192295890683,5,0.6
6897.835913552822,-11.938623018710482,-128.88928398169006,5,0.6
6945.814156532571,-12.044027886638794,-129.2566703627756,5,0.6
6994.126114583001,-12.149654981193246,-129.62196659164084,5,0.6
7042.774108875988,-12.255641538431847,-129.98431475308453,5,0.6
7091.760476728439,-12.361841562183562,-130.3445821799679,5,0.6
7141.087571714584,-12.468366508344424,-130.70205416024666,5,0.6
7190.757763779057,-12.575142077068836,-131.05716818936185,5,0.6
7240.773439350762,-12.682119376860419,-131.4102190671965,5,0.6
7291.137001457528,-12.78942837468891,-131.76034719905218,5,0.6
7341.850869841561,-12.896952737997726,-132.1082809375724,5,0.6
7392.917481075709,-13.0047540181779,-132.45359413751456,5,0.6
7444.339288680522,-13.112762666663851,-132.7967275613359,5,0.6
7496.118763242139,-13.221017754664162,-133.13740005730963,5,0.6
7548.258392530979,-13.329535591806893,-133.47547531549023,5,0.6
7600.760681621277,-13.438228319592195,-133.8115393600562,5,0.6
7653.628153011434,-13.547154866419241,-134.14516756600392,5,0.6
7706.863346745218,-13.656310826151628,-134.47636896399575,5,0.6
7760.468820533797,-13.765731765928182,-134.80486472100733,5,0.6
7814.447149878626,-13.875313398714935,-135.1313850834568,5,0.6
7868.800928195191,-13.985112063153345,-135.45550737221362,5,0.6
7923.532766937609,-14.095142868853053,-135.7770980947666,5,0.6
7978.645295724095,-14.20532486280797,-136.09674229881674,5,0.6
8034.141162463309,-14.315712488578693,-136.41401910994537,5,0.6
8090.023033481568,-14.42630176197132,-136.72893941602055,5,0.6
8146.293593650958,-14.537088760735529,-137.04151434473889,5,0.6
8202.955546518326,-14.64803329562937,-137.35204068302224,5,0.6
8260.011614435174,-14.759204655964865,-137.6599586695582,5,0.6
8317.464538688457,-14.870526869892238,-137.9658504220013,5,0.6
8375.317079632288,-14.982032577465212,-138.26944240720397,5,0.6
8433.572016820564,-15.093700836888,-138.5708884064009,5,0.6
8492.232149140504,-15.205511598237546,-138.87034123639998,5,0.6
8551.300294947127,-15.31754708045539,-139.167105940862,5,0.6
8610.779292198666,-15.429701807541408,-139.4620426118604,5,0.6
8670.671998592914,-15.542023687571474,-139.75473965425246,5,0.6
8730.981291704516,-15.654509370207899,-140.0452098473085,5,0.6
8791.710069123244,-15.767139468460469,-140.3336059175832,5,0.6
8852.86124859319,-15.879927233907923,-140.61980038767075,5,0.6
8914.437768152968,-15.99283807538944,-140.90408458523981,5,0.6
8976.44258627686,-16.105901040989167,-141.18619206005232,5,0.6
9038.878682016972,-16.219097726085632,-141.4662744434531,5,0.6
9101.74905514635,-16.33245592864126,-141.74406801842167,5,0.6
9165.056726303115,-16.445927274845754,-142.0200001117381,5,0.6
9228.804737135582,-16.55953947030509,-142.29380751295983,5,0.6
9292.996150448414,-16.673260483517623,-142.56577728290512,5,0.6
9357.634050349754,-16.787117362546873,-142.83564787900627,5,0.6
9422.721542399418,-16.90113574925356,-143.1031611641813,5,0.6
9488.261753758103,-17.015241656147218,-143.36901075965076,5,0.6
9554.257833337617,-17.12946171287211,-143.63293644487254,5,0.6
9620.712951952195,-17.24380748723181,-143.8948160885214,5,0.6
9687.630302470823,-17.35826286598287,-144.15479759923508,5,0.6
9755.013099970645,-17.47285250180415,-144.41262614195873,5,0.6
9822.864581891441,-17.587520674478945,-144.66884965711986,5,0.6
9891.188008191157,-17.702305461299247,-144.92307966782874,5,0.6
9959.98666150255,-17.817230131611396,-145.17506560959177,5,0.6
10029.26384729088,-17.93220254848269,-145.42574634661077,5,0.6
10099.022894012754,-18.04732298527998,-145.67407855723332,5,0.6
10169.26715327601,-18.162525891296383,-145.92073423002634,5,0.6
10240.000000000768,-18.277809969366707,-146.16572423782586,5,0.6
10311.224832581574,-18.393198044314403,-146.40879995362613,5,0.6
10382.945073050678,-18.508711731118247,-146.64971679103675,5,0.6
10455.164167242447,-18.624265777125448,-146.88939250679408,5,0.6
10527.885584958914,-18.739929916305506,-147.12706410104093,5,0.6
10601.112820136505,-18.85570163545748,-147.36274690511442,5,0.6
10674.849391013888,-18.971544580699224,-147.59683760248268,5,0.6
10749.098840301021,-19.087479951930536,-147.82909357146085,5,0.6
10823.864735349352,-19.20348378598304,-148.05978059692305,5,0.6
10899.15066832323,-19.31957675906302,-148.28865809337003,5,0.6
10974.960256372473,-19.435756991097712,-148.5157396755171,5,0.6
11051.297141806172,-19.551990878655864,-148.74141218026418,5,0.6
11128.16499226768,-19.668330099361004,-148.9650648674938,5,0.6
11205.567500910824,-19.784720484643238,-149.1873311214176,5,0.6
11283.508386577352,-19.901192042495325,-149.40785112204753,5,0.6
11361.991393975597,-20.017753103425807,-149.6265160536952,5,0.6
11441.020293860403,-20.1343520054116,-149.84394919530118,5,0.6
11520.598883214287,-20.251037595433864,-150.05955167844672,5,0.6
11600.730985429864,-20.36778854019571,-150.2735794825771,5,0.6
11681.420450493551,-20.484613160809666,-150.48592414254293,5,0.6
11762.671155170538,-20.6014910738517,-150.69683758963407,5,0.6
11844.48700319105,-20.718449346245702,-150.90597300654906,5,0.6
11926.871925437901,-20.835449443116104,-151.11381816449614,5,0.6
12009.82988013536,-20.952536196650996,-151.31979243530043,5,0.6
12093.36485303932,-21.069671732342897,-151.52438062287624,5,0.6
12177.4808576288,-21.186846525783864,-151.72770868035172,5,0.6
12262.181935298773,-21.30411238177387,-151.92908837351908,5,0.6
12347.472155554336,-21.421423994032246,-152.12911457435376,5,0.6
12433.355616206238,-21.5387806995454,-152.3277964782538,5,0.6
12519.836443567749,-21.65618184647976,-152.52514320828647,5,0.6
12606.918792652916,-21.773668015944565,-152.72059545311603,5,0.6
12694.606847376202,-21.891179995943858,-152.91496251163494,5,0.6
12782.904820753494,-22.008757972296443,-153.10768724280524,5,0.6
12871.816955104521,-22.12638454782375,-153.299007564017,5,0.6
12961.347522256672,-22.244058831830674,-153.48893397779693,5,0.6
13051.500823750257,-22.361779950880496,-153.67747691610109,5,0.6
13142.28119104516,-22.479547048456308,-153.8646467402129,5,0.6
13233.69298572895,-22.597359284628446,-154.0504537406705,5,0.6
13325.740599726436,-22.715238068972244,-154.23458098427557,5,0.6
13418.428455510686,-22.833137832057307,-154.41769465788013,5,0.6
13511.761006315492,-22.951080313947493,-154.59947595367186,5,0.6
13605.74273634934,-23.069093216421933,-154.77950560118896,5,0.6
13700.378161010858,-23.187125466494187,-154.95854765376896,5,0.6
13795.671827105747,-23.305191035904933,-155.13639445420694,5,0.6
13891.628313065248,-23.42330998987158,-155.31273729440142,5,0.6
13988.252229166108,-23.541460818911574,-155.48790439815645,5,0.6
14085.548217752083,-23.659669727262454,-155.66148591997805,5,0.6
14183.520953456982,-23.77790238168666,-155.83401595079232,5,0.6
14282.175143429275,-23.896171607077306,-156.00529396485112,5,0.6
14381.515527558222,-24.01448953516414,-156.17512394760698,5,0.6
14481.546878701633,-24.132829769665346,-156.34392731445791,5,0.6
14582.274002915165,-24.25121086569662,-156.51140518170035,5,0.6
14683.70173968323,-24.369619668784146,-156.67777052039398,5,0.6
14785.834962151528,-24.488073998698624,-156.84272943161145,5,0.6
14888.678577361155,-24.606560814274804,-157.0064941731371,5,0.6
14992.23752648439,-24.725073637533868,-157.16917308038524,5,0.6
15096.516785062071,-24.843623775923582,-157.33057589519353,5,0.6
15201.521363242668,-24.96220469343116,-157.4908113807592,5,0.6
15307.256306022984,-25.080821507517154,-157.64979071308764,5,0.6
15413.726693490553,-25.19946227723194,-157.80771846143986,5,0.6
15520.93764106771,-25.31813221779053,-157.96450510588588,5,0.6
15628.894299757369,-25.43684169144839,-158.11996733434853,5,0.6
15737.6018563905,-25.55556292313524,-158.2745940423549,5,0.6
15847.065533875337,-25.674327834769247,-158.42781960552628,5,0.6
15957.29059144831,-25.793114404781594,-158.58003460276097,5,0.6
16068.282324926739,-25.911922371752688,-158.7312457172087,5,0.6
16180.046066963258,-26.030761643835454,-158.88127317440802,5,0.6
16292.587187302037,-26.149636570357025,-159.0300341737759,5,0.6
16405.911093036775,-26.268526509349066,-159.1779085669906,5,0.6
16520.023228870472,-26.387450947644595,-159.324534899668,5,0.6
16634.92907737704,-26.506394615031596,-159.47019751066486,5,0.6
16750.634159264704,-26.62535728794974,-159.61490272330454,5,0.6
16867.144033641256,-26.744348116795376,-159.75847691488966,5,0.6
16984.464298281135,-26.863357259463037,-159.90110834380204,5,0.6
17102.600589894384,-26.982398185339434,-160.0425365364107,5,0.6
17221.558584397462,-27.101461135721763,-160.18294908044496,5,0.6
17341.343997185955,-27.220545730291008,-160.32235360785046,5,0.6
17461.962583409164,-27.339651595868123,-160.46075768980828,5,0.6
17583.42013824662,-27.45877404782999,-160.5982555981459,5,0.6
17705.72249718651,-27.577921422119644,-160.73468073782604,5,0.6
17828.875536306066,-27.69708898852199,-160.87012778750093,5,0.6
17952.885172553855,-27.81627640101474,-161.00460407974876,5,0.6
18077.75736403408,-27.935487409478622,-161.1380322115774,5,0.6
18203.498110292836,-28.054713446380024,-161.27058926873596,5,0.6
18330.113452606365,-28.1739623096785,-161.40211356704782,5,0.6
18457.609474271307,-28.293229591091237,-161.53269687818778,5,0.6
18585.99230089697,-28.412511105306603,-161.66242886651574,5,0.6
18715.26810069965,-28.531814342456457,-161.79115075313783,5,0.6
18845.44308479898,-28.651135075520653,-161.9189525995314,5,0.6
18976.523507516347,-28.77046557457131,-162.04600349858185,5,0.6
19108.51566667538,-28.889824184678638,-162.1719042073769,5,0.6
19241.425903904536,-29.009199318465427,-162.29690632269578,5,0.6
19375.260604941792,-29.128587130261316,-162.421096160015,5,0.6
19510.026199941436,-29.24799453132028,-162.5443206390633,5,0.6
19645.729163783028,-29.367414165392148,-162.66674509466614,5,0.6
19782.376016382463,-29.486852759949052,-162.78821831640607,5,0.6
19919.973323005244,-29.606303159581834,-162.90890356666617,5,0.6
20058.527694581913,-29.725775244790125,-163.0285743201915,5,0.6
20198.045788025658,-29.84525863293088,-163.14746992050874,5,0.6
20338.53430655217,-29.964759699859083,-163.2654428411681,5,0.6
20480.00000000169,-30.084268479290394,-163.38272797899884,5,0.6
20622.4496651633,-30.203794462185883,-163.49910294946565,5,0.6
20765.890146101516,-30.323337286853224,-163.61457536110942,5,0.6
20910.32833448505,-30.442890460488265,-163.72930137187828,5,0.6
21055.771169917985,-30.562459942323812,-163.84313797548324,5,0.6
21202.22564027317,-30.68203643047111,-163.956312717751,5,0.6
21349.698782027936,-30.801634684334015,-164.0684642586083,5,0.6
21498.197680602203,-30.921239601689066,-164.17996492268617,5,0.6
21647.72947069887,-31.040859814088737,-164.2906018732313,5,0.6
21798.301336646622,-31.16049500069923,-164.40038232478568,5,0.6
21949.920512745113,-31.280136481542993,-164.5095266483303,5,0.6
22102.59428361251,-31.399789792330598,-164.61789662352697,5,0.6
22256.32998453553,-31.519457453092457,-164.72542778403133,5,0.6
22411.135001821818,-31.63914183943083,-164.83205740996087,5,0.6
22567.01677315487,-31.758834628437867,-164.93800160749893,5,0.6
22723.98278795137,-31.878533145554155,-165.04333342457568,5,0.6
22882.04058772098,-31.998245131615953,-165.14785054957144,5,0.6
23041.197766428744,-32.117970304812104,-165.25155977632284,5,0.6
23201.4619708599,-32.23770339180613,-165.3546028728361,5,0.6
23362.840900987278,-32.357446791627126,-165.45691683069498,5,0.6
23525.342310341253,-32.477205200035,-165.55837368846628,5,0.6
23688.974006382276,-32.596973458896386,-165.6591137604085,5,0.6
23853.743850875984,-32.716746679906436,-165.75927387285165,5,0.6
24019.6597602709,-32.836534233140725,-165.8585951972545,5,0.6
24186.729706078822,-32.95632886919507,-165.95728027512257,5,0.6
24354.96171525778,-33.07613507172161,-166.0552039040785,5,0.6
24524.363870597732,-33.195943644308656,-166.15262884683568,5,0.6
24694.944311108862,-33.31577017411747,-166.24911053867254,5,0.6
24866.711232412665,-33.43560108524366,-166.34503862095502,5,0.6
25039.672887135683,-33.555440713794226,-166.44028982445118,5,0.6
25213.837585306024,-33.675291039727604,-166.53480659404997,5,0.6
25389.213694752598,-33.79514765955359,-166.62871911840114,5,0.6
25565.809641507185,-33.91501464847019,-166.7219076975165,5,0.6
25743.63391020923,-34.034887723053984,-166.81450080706327,5,0.6
25922.695044513537,-34.15477084845327,-166.90638027430262,5,0.6
26103.00164750071,-34.274659857874845,-166.99767287674882,5,0.6
26284.562382090517,-34.39456446236042,-167.0880817775379,5,0.6
26467.385971458098,-34.514466897379904,-167.1781532466979,5,0.6
26651.481199453076,-34.63438452161766,-167.26735247742533,5,0.6
26836.856911021572,-34.75430192337334,-167.3561596915053,5,0.6
27023.522012631187,-34.87423406486623,-167.44410666493582,5,0.6
27211.485472698885,-34.994167772815004,-167.5316091660581,5,0.6
27400.75632202192,-35.11411213709119,-167.6183793502447,5,0.6
27591.3436542117,-35.2340633468146,-167.70453839176753,5,0.6
27783.256626130707,-35.35402128316162,-167.79009036486434,5,0.6
27976.504458332423,-35.47398410117011,-167.87509582082214,5,0.6
28171.096435504372,-35.59395344624272,-167.9595012034533,5,0.6
28367.04190691418,-35.71393086151946,-168.0432542460079,5,0.6
28564.35028685876,-35.83391282428684,-168.1264703493937,5,0.6
28763.031055116662,-35.95390413117377,-168.20898595963612,5,0.6
28963.093757403483,-36.073901229303175,-168.2909151379905,5,0.6
29164.548005830547,-36.19390068443431,-168.37236815898683,5,0.6
29367.403479366687,-36.313905384371225,-168.45323487979007,5,0.6
29571.669924303278,-36.433916275793564,-168.53345939731986,5,0.6
29777.35715472254,-36.55392917794539,-168.6131430566824,5,0.6
29984.475052969006,-36.673946460250455,-168.6921116056591,5,0.6
30193.03357012437,-36.793959748019,-168.77044229304164,5,0.6
30403.042726485564,-36.91395351665718,-168.84807464015967,5,0.6
30614.512612046197,-37.03386674009903,-168.9250530101074,5,0.6
30827.45338698134,-37.15351461083335,-169.0023484285099,5,0.6
31041.875282135654,-37.273634901531715,-169.08304896877297,5,0.6
31257.788599514974,-37.39406119533958,-169.15888145229948,5,0.6
31475.203712781236,-37.51423739333889,-169.2336095374795,5,0.6
31694.13106775091,-37.63434872300648,-169.30798585641838,5,0.6
31914.581182896858,-37.75444184907136,-169.38203253520032,5,0.6
32136.564649853717,-37.87453140012194,-169.45564011670393,5,0.6
32360.09213392676,-37.99462315034619,-169.5287304994323,5,0.6
32585.17437460432,-38.114713747459355,-169.60148641810014,5,0.6
32811.8221860738,-38.23481042558306,-169.67365565955205,5,0.6
33040.04645774119,-38.35491221960463,-169.74528590459948,5,0.6
33269.85815475433,-38.47501681539481,-169.81647360121957,5,0.6
33501.26831852966,-38.59512434186828,-169.88721866718728,5,0.6
33734.28806728276,-38.71523843551258,-169.95737992853805,5,0.6
33968.928596562524,-38.835356645204854,-170.02705534131215,5,0.6
34205.20117978902,-38.955478943189014,-170.09624730199403,5,0.6
34443.11716879519,-39.07560528946072,-170.16495838417097,5,0.6
34682.68799437217,-39.19573451143937,-170.23323729372584,5,0.6
34923.92516681859,-39.315868818829266,-170.3009943662679,5,0.6
35166.8402764935,-39.436004824926705,-170.36836948752182,5,0.6
35411.44499437329,-39.55614579159689,-170.43522813676083,5,0.6
35657.7510726124,-39.676291603468336,-170.50157378151056,5,0.6
35905.77034510798,-39.79644108984304,-170.5674542283883,5,0.6
36155.51472806843,-39.91659519838247,-170.63282741401,5,0.6
36406.99622058595,-40.03675276274269,-170.69773994162264,5,0.6
36660.22690521301,-40.15691164176944,-170.76228031902454,5,0.6
36915.21894854289,-40.277074727572526,-170.82631727348829,5,0.6
37171.98460179422,-40.39724075482711,-170.88989392589485,5,0.6
37430.53620139958,-40.51740934005216,-170.95300738342254,5,0.6
37690.88616959824,-40.63758077284632,-171.01560862138683,5,0.6
37953.04701503298,-40.75775185386966,-171.07776939337137,5,0.6
38217.03133335104,-40.87792072542441,-171.1394194991822,5,0.6
38482.85180780936,-40.998080004182924,-171.2005001358548,5,0.6
38750.521209883875,-41.11820695415144,-171.26079477463384,5,0.6
39020.05239988316,-41.23818367863477,-171.32020143893763,5,0.6
39291.458327566346,-41.357561011569274,-171.38202093325717,5,0.6
39564.752032765224,-41.47836554301858,-171.44787334630684,5,0.6
39839.94664601079,-41.598951253064804,-171.5059122349279,5,0.6
40117.05538916413,-41.719249265603686,-171.56401535012134,5,0.6
40396.09157605162,-41.839490555803536,-171.62204251965218,5,0.6
40677.068613104646,-41.95971721099856,-171.67980687634937,5,0.6
40960.00000000368,-42.07993944816514,-171.73726618337204,5,0.6
41244.899330326916,-42.20016027617924,-171.79442196574936,5,0.6
41531.78029220334,-42.320381290042945,-171.851255271459,5,0.6
41820.65666897041,-42.44060479150488,-171.90767949406245,5,0.6
42111.54233983629,-42.560831870105176,-171.96365287199666,5,0.6
42404.45128054665,-42.68105963415363,-172.01932644481633,5,0.6
42699.3975640562,-42.80128972793479,-172.07462314243097,5,0.6
42996.39536120473,-42.92152366316338,-172.12946888049484,5,0.6
43295.458941398065,-43.04175778269225,-172.18405172669452,5,0.6
43596.60267329357,-43.161996454285784,-172.23815001600062,5,0.6
43899.84102549055,-43.28223676637974,-172.29191412318784,5,0.6
44205.18856722535,-43.40248081185646,-172.345236311832,5,0.6
44512.659969071385,-43.52272509223714,-172.39830058798887,5,0.6
44822.27000364397,-43.642971692293855,-172.4509994371306,5,0.6
45134.033546310086,-43.76322258153213,-172.50322835196604,5,0.6
45447.96557590307,-43.88347371257861,-172.55520393419795,5,0.6
45764.081175442305,-44.00372772796247,-172.6067859053309,5,0.6
46082.39553285784,-44.12398329532308,-172.65804708996657,5,0.6
46402.92394172015,-44.244242930471785,-172.70885059823618,5,0.6
46725.681801974904,-44.364503421569225,-172.75937293339422,5,0.6
47050.68462068286,-44.48476724135648,-172.80947838633583,5,0.6
47377.94801276491,-44.605031290431654,-172.8593403997845,5,0.6
47707.487701752325,-44.72529919009949,-172.90875702500094,5,0.6
48039.319520542165,-44.84556848778986,-172.9578665911488,5,0.6
48373.45941215801,-44.965840339389935,-173.00660426018533,5,0.6
48709.923430515926,-45.08611355046717,-173.05503909017594,5,0.6
49048.72774119583,-45.206388117770274,-173.10317272729577,5,0.6
49389.888622218095,-45.326665705764825,-173.15090909251464,5,0.6
49733.4224648257,-45.44694459675984,-173.19834887808344,5,0.6
50000.0,-45.53971054028577,-173.23465108215484,5,0.6
10.0,-0.30347606719207376,-0.5916203603033587,6,0.7
10.069555500567189,-0.3035888134259986,-0.595655828416499,6,0.7
10.139594797900294,-0.303682065339104,-0.5997154518428788,6,0.7
10.210121257071936,-0.303789695256947,-0.6038030195247649,6,0.7
10.281138266560667,-0.30389139867891857,-0.6079164825269591,6,0.7
10.352649238413779,-0.3040007315688421,-0.6120574694001827,6,0.7
10.424657608411218,-0.30409739030110805,-0.6162238851390108,6,0.7
10.497166836230678,-0.304208474720385,-0.6204188807747922,6,0.7
10.57018040561381,-0.3043339969130104,-0.6246426374282619,6,0.7
10.643701824533608,-0.30443333917024423,-0.6288907220012954,6,0.7
10.71773462536294,-0.3045606878737305,-0.6331694161725232,6,0.7
10.792282365044281,-0.3046889691087146,-0.6374758151296204,6,0.7
10.867348625260592,-0.30479788173655087,-0.6418077128776246,6,0.7
10.942937012607405,-0.3049212966710962,-0.6461691656288803,6,0.7
11.019051158766118,-0.30503891314122084,-0.6505579675620111,6,0.7
11.095694720678463,-0.30516428761884973,-0.65497585733587,6,0.7
11.172871380722214,-0.30527712034406296,-0.6594205793318975,6,0.7
11.250584846888108,-0.30541128143638013,-0.6638963186454057,6,0.7
11.328838852958,-0.30554647152108155,-0.668400820195198,6,0.7
11.407637158684253,-0.30566239233160347,-0.6729317604600947,6,0.7
11.486983549970367,-0.30579291371507145,-0.6774933934754123,6,0.7
11.566881839052892,-0.3059380502258024,-0.6820859059734764,6,0.7
11.647335864684578,-0.3060775044435103,-0.6867069572531984,6,0.7
11.728349492318808,-0.30621129204876785,-0.6913566816940554,6,0.7
11.809926614295325,-0.3063461994953857,-0.6960360680586465,6,0.7
11.892071150027233,-0.3064822426688053,-0.700745268364236,6,0.7
11.97478704618931,-0.306632978485049,-0.7054861680524948,6,0.7
12.05807827690763,-0.30678488215297,-0.7102572101818749,6,0.7
12.141948843950495,-0.3069312000304979,-0.7150576679964511,6,0.7
12.226402776920713,-0.3070719491884036,-0.7198876750514132,6,0.7
12.31144413344919,-0.30722068705329864,-0.7247491474658466,6,0.7
12.397076999389895,-0.30737743067547313,-0.7296422558775438,6,0.7
12.48330548901615,-0.30753542746307727,-0.7345662669801775,6,0.7
12.570133745218314,-0.30768792543759704,-0.73952042204273,6,0.7
12.657565939702833,-0.3078552520194036,-0.7445076041302112,6,0.7
12.745606273192656,-0.30801034657699855,-0.7495243097803572,6,0.7
12.834258975629076,-0.3081667672668157,-0.7545725110371236,6,0.7
12.923528306374958,-0.30833807178556777,-0.7596542317849779,6,0.7
13.013418554419374,-0.3085039707308359,-0.7647668329180642,6,0.7
13.10393403858367,-0.3086780222394259,-0.7699123446532368,6,0.7
13.195079107728983,-0.3088399383379738,-0.7750880676552756,6,0.7
13.286858140965156,-0.30902358470576247,-0.7802989278672202,6,0.7
13.379275547861162,-0.30919513609177074,-0.7855402852678732,6,0.7
13.472335768656947,-0.30936815129138434,-0.790814202034923,6,0.7
13.566043274476765,-0.30954941987675016,-0.796121810782339,6,0.7
13.660402567544,-0.30973896268613044,-0.8014632806627713,6,0.7
13.755418181397484,-0.30991649534388016,-0.806835786830796,6,0.7
13.851094681109295,-0.31011588224454567,-0.8122444595195238,6,0.7
13.947436663504105,-0.31030330306106935,-0.8176844488738527,6,0.7
14.044448757380025,-0.31049908537746007,-0.8231589164683293,6,0.7
14.142135623731003,-0.31069648352718215,-0.828667003203949,6,0.7
14.240501955970773,-0.31089552056755376,-0.8342088543918396,6,0.7
14.33955248015833,-0.311096219890764,-0.8397846146985819,6,0.7
14.439291955225018,-0.3112918375139919,-0.8453933795213967,6,0.7
14.539725173203164,-0.3115094682519125,-0.8510394939592388,6,0.7
14.640856959456315,-0.31170853060809817,-0.8567167866473714,6,0.7
14.742692172911074,-0.3119364219149642,-0.8624328293820367,6,0.7
14.845235706290554,-0.31213902802573146,-0.8681792245594583,6,0.7
14.94849248634945,-0.31236374564628344,-0.8739636254798305,6,0.7
15.05246747411074,-0.3125767646483243,-0.8797807701363471,6,0.7
15.15716566510405,-0.31279841259525887,-0.8856340561849515,6,0.7
15.26259208960566,-0.31303548246207713,-0.8915247542576431,6,0.7
15.368751812880195,-0.3132541675513689,-0.8974474600087111,6,0.7
15.475649935423972,-0.31349509519844376,-0.9034089913428371,6,0.7
15.58329159321007,-0.31373122673937026,-0.9094050201373932,6,0.7
15.69168195793509,-0.313969356987741,-0.9154367975457481,6,0.7
15.800826237267621,-0.31420274853628594,-0.9215033060595683,6,0.7
15.910729675098453,-0.3144584944761071,-0.9276092844675208,6,0.7
16.02139755179252,-0.31470279421264924,-0.9337491052791547,6,0.7
16.13283518444261,-0.3149559753586254,-0.939926371508425,6,0.7
16.245047927124794,-0.31519777141456595,-0.9461376865787628,6,0.7
16.358041171155712,-0.3154620406854444,-0.9523890833541269,6,0.7
16.471820345351553,-0.31572175237129485,-0.9586759628887331,6,0.7
16.586390916288924,-0.3159837036478514,-0.9649996315440562,6,0.7
16.70175838856748,-0.31625469155468705,-0.9713614283640172,6,0.7
16.817928305074386,-0.31652798354617984,-0.9777602738669031,6,0.7
16.93490624725064,-0.3168036127351415,-0.9841962869781696,6,0.7
17.052697835359233,-0.3170748483196717,-0.990668341492759,6,0.7
17.17130872875518,-0.31736201759483784,-0.9971802835489694,6,0.7
17.290744626157405,-0.3176380978718651,-1.0037272351634188,6,0.7
17.411011265922586,-0.3179437087118497,-1.0103168769067283,6,0.7
17.53211442632081,-0.3182247737856816,-1.0169391920411561,6,0.7
17.654059925813208,-0.31852191268958163,-1.0236019116537272,6,0.7
17.776853623331515,-0.3188351610754698,-1.0303051975012218,6,0.7
17.900501418559564,-0.31911721251934705,-1.0370400595759526,6,0.7
18.02500925221672,-0.31943573794395175,-1.043819626462381,6,0.7
18.150383106343334,-0.31973666998834127,-1.0506335314239619,6,0.7
18.27662900458813,-0.32006738804254176,-1.0574911368456086,6,0.7
18.403753012497624,-0.3203738292493463,-1.0643818925190638,6,0.7
18.53176123780754,-0.32070337216632105,-1.0713152611712304,6,0.7
18.660659830736275,-0.32103576931169764,-1.0782873282914085,6,0.7
18.790454984280366,-0.32137106190650255,-1.085298183800707,6,0.7
18.921152934512047,-0.32169576825731244,-1.0923451466217156,6,0.7
19.05275996087888,-0.3220437398195418,-1.0994352133620702,6,0.7
19.18528238650542,-0.32238797242429645,-1.106562939265151,6,0.7
19.31872657849705,-0.3227420327221126,-1.1137312030464215,6,0.7
19.453098948245852,-0.32310596446274364,-1.1209401126505054,6,0.7
19.588405951738682,-0.32344600824526454,-1.1281825993581236,6,0.7
19.72465408986733,-0.32381629667036615,-1.1354701732987145,6,0.7
19.861849908740865,-0.3241830718661249,-1.1427957499298902,6,0.7
20.00000000000015,-0.3245531416465731,-1.1501608306553932,6,0.7
20.13911100113453,-0.32492655375675167,-1.1575654790658902,6,0.7
20.279189595800737,-0.32531687606801896,-1.1650127306683618,6,0.7
20.42024251414402,-0.3256971184893277,-1.1724967147497294,6,0.7
20.56227653312149,-0.3260876100383131,-1.1800219483670253,6,0.7
20.70529847682771,-0.326488400690716,-1.1875885155858596,6,0.7
20.849315216822593,-0.3268860235341179,-1.1951934358228884,6,0.7
20.994333672461515,-0.32728728999148804,-1.2028382631620191,6,0.7
21.14036081122778,-0.3277057697024204,-1.210526145760217,6,0.7
21.28740364906737,-0.3281077244012105,-1.2182493670215713,6,0.7
21.43546925072604,-0.3285337580124852,-1.226017315185727,6,0.7
21.584564730088722,-0.3289636507966527,-1.2338253623676834,6,0.7
21.734697250521346,-0.3293907015126283,-1.2416719379815846,6,0.7
21.885874025214974,-0.32981496787659687,-1.249557031736745,6,0.7
22.038102317532406,-0.3302702929907244,-1.2574887397069254,6,0.7
22.191389441357092,-0.33072294929312995,-1.2654590503539447,6,0.7
22.345742761444598,-0.3311662407409189,-1.2734662959794105,6,0.7
22.501169693776383,-0.33162049772063634,-1.281515387634288,6,0.7
22.657677705916175,-0.33208578083330187,-1.2896063665969741,6,0.7
22.815274317368676,-0.3325486403624877,-1.2977359066127376,6,0.7
22.973967099940907,-0.3330294063373873,-1.3059090512591118,6,0.7
23.13376367810596,-0.3335146311603568,-1.3141224544304022,6,0.7
23.29467172936933,-0.3340043799414918,-1.3223761055327161,6,0.7
23.456698984637793,-0.3344784552306173,-1.3306647947144108,6,0.7
23.619853228590827,-0.3349842062504548,-1.339000599091038,6,0.7
23.784142300054643,-0.33548117400086475,-1.3473731047856035,6,0.7
23.949574092378796,-0.33600319760788505,-1.3557910565123845,6,0.7
24.11615655381544,-0.336516577743985,-1.3642456236067142,6,0.7
24.28389768790117,-0.33702814040974527,-1.3727384871096657,6,0.7
24.452805553841607,-0.3375582170933954,-1.3812749930065935,6,0.7
24.622888266898567,-0.3380798694009251,-1.389847884667232,6,0.7
24.794153998779972,-0.3386404388548852,-1.3984698809899272,6,0.7
24.966610978032485,-0.3391859814186809,-1.4071263341725324,6,0.7
25.140267490436816,-0.33973683122049325,-1.4158226506754328,6,0.7
25.315131879405854,-0.34027956358484207,-1.4245550120711417,6,0.7
25.4912125463855,-0.34085476500901324,-1.4333346066554582,6,0.7
25.668517951258348,-0.34142200816888923,-1.4421501001704067,6,0.7
25.847056612750112,-0.34200837752610647,-1.4510090013444343,6,0.7
26.026837108838944,-0.3425937038438504,-1.459905512341753,6,0.7
26.20786807716754,-0.3431848215703457,-1.4688414468209827,6,0.7
26.390158215458165,-0.34379531437263294,-1.4778206308773758,6,0.7
26.573716281930512,-0.3443847729124059,-1.486831198107903,6,0.7
26.758551095722524,-0.3450005291855901,-1.4958867976434653,6,0.7
26.944671537314093,-0.3456224243077304,-1.5049814355054065,6,0.7
27.13208654895373,-0.3462572965022118,-1.5141170145475704,6,0.7
27.320805135088207,-0.3468917412741761,-1.5232893886890162,6,0.7
27.510836362795175,-0.3475258527374986,-1.532498385613184,6,0.7
27.7021893622188,-0.3481799669254134,-1.5417500208065076,6,0.7
27.89487332700842,-0.3488271916511946,-1.5510359273372116,6,0.7
28.088897514760255,-0.34948111861738584,-1.5603600597722587,6,0.7
28.284271247462218,-0.3501553380818445,-1.569726490056556,6,0.7
28.48100391194176,-0.35082971197610724,-1.5791287767667446,6,0.7
28.679104960316874,-0.3515245781183845,-1.588573139379134,6,0.7
28.878583910450253,-0.3522198037161964,-1.5980530319147104,6,0.7
29.079450346406546,-0.3529154947582812,-1.6075682348650153,6,0.7
29.28171391891285,-0.3536185026253603,-1.6171207129075469,6,0.7
29.485384345822368,-0.3543424221492739,-1.6267146965202715,6,0.7
29.690471412581335,-0.35506038852490884,-1.6363412016914085,6,0.7
29.896984972699123,-0.35579948584168375,-1.6460088948931542,6,0.7
30.104934948221704,-0.3565395980153817,-1.6557109058302502,6,0.7
30.314331330208326,-0.35727409912248326,-1.665444704993001,6,0.7
30.52518417921155,-0.35803681482378835,-1.675221431944772,6,0.7
30.73750362576062,-0.3587941547348984,-1.6850294843908202,6,0.7
30.951299870848175,-0.3595664628052536,-1.6948755114287093,6,0.7
31.16658318642038,-0.36034711932698815,-1.7047569941630696,6,0.7
31.38336391587042,-0.361142987424695,-1.7146760587050065,6,0.7
31.60165247453548,-0.3619272342663579,-1.7246230078890767,6,0.7
31.82145935019715,-0.36274716239818283,-1.7346142054462237,6,0.7
32.04279510358529,-0.36354898902364374,-1.7446303075152263,6,0.7
32.26567036888546,-0.36438001563665123,-1.7546878632999596,6,0.7
32.49009585424984,-0.3652066840948756,-1.764774525219581,6,0.7
32.716082342311665,-0.36604934296949215,-1.774897321786074,6,0.7
32.94364069070335,-0.3668879184145208,-1.7850485752241838,6,0.7
33.172781832578096,-0.36774949633984955,-1.795237919174504,6,0.7
33.40351677713521,-0.36861400840349945,-1.8054576096818877,6,0.7
33.63585661014903,-0.36948833430889194,-1.8157098460086518,6,0.7
33.86981249450153,-0.37036588482220295,-1.8259917723193835,6,0.7
34.10539567071872,-0.3712670111991718,-1.8363107800321383,6,0.7
34.34261745751061,-0.37215819219233226,-1.8466536735944332,6,0.7
34.58148925231507,-0.37306651660203916,-1.8570304556309554,6,0.7
34.822022531845434,-0.3739786719152861,-1.8674355898785497,6,0.7
35.064228852641875,-0.3749150124483322,-1.8778766842655996,6,0.7
35.30811985162668,-0.37584203596305243,-1.888340129377541,6,0.7
35.55370724666329,-0.376793563638036,-1.8988389279240645,6,0.7
35.80100283711939,-0.37774956421647693,-1.909364704544202,6,0.7
36.05001850443371,-0.37871693525238753,-1.9199198071693033,6,0.7
36.30076621268694,-0.37969584514700083,-1.9305038981282638,6,0.7
36.55325800917653,-0.3806662778483993,-1.9411082799198358,6,0.7
36.80750602499552,-0.38166205380586316,-1.951746449828657,6,0.7
37.06352247561536,-0.38265643414326,-1.9624068744701055,6,0.7
37.32131966147283,-0.38366978276982766,-1.9730976215769964,6,0.7
37.58090996856101,-0.38468882560357964,-1.9838126579266213,6,0.7
37.84230586902438,-0.38571374814194714,-1.9945515597972696,6,0.7
38.105519921758045,-0.38674473859500513,-2.00531389986512,6,0.7
38.37056477301113,-0.38780888851005935,-2.0161109990502633,6,0.7
38.63745315699439,-0.38886603737985687,-2.0269249311727338,6,0.7
38.906197896491996,-0.38992983317190694,-2.0377610916785125,6,0.7
39.176811903477656,-0.3910071987263736,-2.0486220482177786,6,0.7
39.449308179734956,-0.39209833461622995,-2.059507429234117,6,0.7
39.72369981748203,-0.39318999981155744,-2.0704107572644856,6,0.7
40.000000000000604,-0.3942958476142139,-2.0813376698875943,6,0.7
40.27822200226936,-0.3954093663925342,-2.092284692503724,6,0.7
40.55837919160177,-0.39653749088445345,-2.103254501808027,6,0.7
40.840485028288356,-0.3976804366257992,-2.1142467221932946,6,0.7
41.124553066243294,-0.39881154520372064,-2.1252482909516437,6,0.7
41.410596953655734,-0.39997135765924724,-2.1362777181154873,6,0.7
41.6986304336455,-0.4011399411915268,-2.147325112951764,6,0.7
41.98866734492334,-0.4023108084525464,-2.15838678175953,6,0.7
42.28072162245588,-0.40349762825128005,-2.1694687443760516,6,0.7
42.57480729813507,-0.4046872030618658,-2.18056403708688,6,0.7
42.8709385014524,-0.4058932058857028,-2.1916787825540607,6,0.7
43.16912946017777,-0.40710244847966587,-2.2028059187506557,6,0.7
43.46939450104301,-0.4083286081668091,-2.213951674429872,6,0.7
43.771748050430276,-0.40955850618335043,-2.2251088891233426,6,0.7
44.07620463506514,-0.41081253725630923,-2.2362873275375876,6,0.7
44.38277888271451,-0.4120641057398272,-2.247472904421671,6,0.7
44.69148552288952,-0.4133201882980819,-2.2586685109921087,6,0.7
45.00233938755311,-0.4145944736302264,-2.269880655655956,6,0.7
45.315355411832684,-0.4158805178769218,-2.2811054655291394,6,0.7
45.63054863473769,-0.41716517392622876,-2.2923354019880886,6,0.7
45.947934199882155,-0.41846213971948965,-2.303577069196248,6,0.7
46.26752735621227,-0.41978511165750715,-2.3148372991911086,6,0.7
46.58934345873901,-0.4211075388498673,-2.3261012797141394,6,0.7
46.913397969275934,-0.4224431268112028,-2.3373758008082817,6,0.7
47.23970645718201,-0.42377875458930064,-2.348653073550503,6,0.7
47.56828460010965,-0.4251281329292356,-2.359940015516982,6,0.7
47.89914818475796,-0.4264848565457693,-2.3712324990139972,6,0.7
48.232313107631235,-0.42785593532558835,-2.3825338705614345,6,0.7
48.5677953758027,-0.42924838047124214,-2.3938476044319055,6,0.7
48.90561110768358,-0.4306356908564075,-2.4051580501769223,6,0.7
49.2457765337975,-0.4320248910189703,-2.41646849290242,6,0.7
49.58830799756032,-0.4334364095729349,-2.4277901711821444,6,0.7
49.933221956065346,-0.4348504672978648,-2.439111046347013,6,0.7
50.280534980874016,-0.43628749716926535,-2.450442564725638,6,0.7
50.630263758812085,-0.4377210338546214,-2.461768523657305,6,0.7
50.982425092771386,-0.43915142172228416,-2.4730883781995243,6,0.7
51.33703590251707,-0.4406191958498659,-2.4844260053715677,6,0.7
51.69411322550061,-0.4420845147221531,-2.4957568563823846,6,0.7
52.05367421767828,-0.4435611287979852,-2.507088691270721,6,0.7
52.41573615433548,-0.4450427008085287,-2.5184170469306104,6,0.7
52.78031643091672,-0.44654298531997294,-2.529749941249158,6,0.7
53.14743256386143,-0.4480221836782885,-2.541061818390609,6,0.7
53.517102191445446,-0.44954761189870485,-2.552394585124338,6,0.7
53.8893430746286,-0.4510660958015939,-2.5637141243622787,6,0.7
54.264173097907864,-0.452598099287128,-2.575032923221734,6,0.7
54.64161027017682,-0.4541239361248573,-2.586337690576851,6,0.7
55.02167272559077,-0.45567745597266207,-2.5976499595381277,6,0.7
55.40437872443802,-0.45722560347897184,-2.608947606232962,6,0.7
55.78974665401725,-0.45878885322789525,-2.6202436088017755,6,0.7
56.17779502952094,-0.4603542359086793,-2.631528849983842,6,0.7
56.56854249492486,-0.4619355421732505,-2.642812126303636,6,0.7
56.962007823883944,-0.4635198159309849,-2.6540842250236696,6,0.7
57.358209920634174,-0.4651275406961908,-2.6653587510918357,6,0.7
57.75716782090094,-0.4667257167846697,-2.6766125476180416,6,0.7
58.158900692813525,-0.4683281539886218,-2.687854579200426,6,0.7
58.56342783782614,-0.4699486612306061,-2.6990941312561167,6,0.7
58.97076869164518,-0.4715809987975943,-2.710326520584082,6,0.7
59.38094282516311,-0.4732189353957771,-2.7215469428896895,6,0.7
59.79396994539869,-0.47486292923726187,-2.732755312408559,6,0.7
60.209869896443855,-0.4765134439416341,-2.7439515723878816,6,0.7
60.628662660417106,-0.47815758960451926,-2.755125856982884,6,0.7
61.05036835842356,-0.4798359176623924,-2.7663076872795678,6,0.7
61.4750072515217,-0.481502153338472,-2.7774625835753706,6,0.7
61.90259974169682,-0.4831768206661973,-2.7886053719362724,6,0.7
62.33316637284123,-0.48486708718456784,-2.7997412323127486,6,0.7
62.766727831741306,-0.4865534205396633,-2.8108550643203367,6,0.7
63.20330494907143,-0.4882496774340398,-2.821957115220684,6,0.7
63.642918700394766,-0.48995636593561964,-2.8330475919602276,6,0.7
64.08559020717105,-0.49168067305941365,-2.8441319823370455,6,0.7
64.5313407377714,-0.4933964260171006,-2.8551895539285916,6,0.7
64.98019170850016,-0.4951041570138448,-2.86622024897656,6,0.7
65.43216468462381,-0.49684442965214004,-2.877256266516073,6,0.7
65.8872813814072,-0.4985844229368777,-2.888271325749823,6,0.7
66.34556366515669,-0.5003246841450725,-2.8992656109291324,6,0.7
66.80703355427093,-0.5020657663805315,-2.910239345465204,6,0.7
67.27171322029855,-0.5038282321376876,-2.9212094274177964,6,0.7
67.73962498900357,-0.5055793039690448,-2.9321486153021716,6,0.7
68.21079134143795,-0.50734622245481,-2.94307952676213,6,0.7
68.68523491502174,-0.5091095630439281,-2.9539857858061183,6,0.7
69.16297850463066,-0.510883240186583,-2.964879142898779,6,0.7
69.6440450636914,-0.5126545121178351,-2.9757486750062068,6,0.7
70.12845770528428,-0.5144439654135283,-2.9866122235117887,6,0.7
70.61623970325388,-0.5162322085273537,-2.997453050528953,6,0.7
71.10741449332713,-0.5180265119744459,-3.008277550347315,6,0.7
71.60200567423932,-0.5198208272719448,-3.019080436434319,6,0.7
72.10003700886796,-0.5216091149440842,-3.029856280654348,6,0.7
72.60153242537443,-0.523425301486663,-3.0406358399685773,6,0.7
73.10651601835362,-0.5252233995024822,-3.0513776487723936,6,0.7
73.61501204999159,-0.5270306865378367,-3.0621066069465788,6,0.7
74.12704495123128,-0.528841147950882,-3.0728174395338677,6,0.7
74.64263932294622,-0.5306554346235166,-3.083510978979903,6,0.7
75.16181993712259,-0.5324808592928733,-3.0941944134202863,6,0.7
75.68461173804933,-0.534298117439014,-3.104849776370146,6,0.7
76.21103984351666,-0.5361278455068242,-3.1154969702082385,6,0.7
76.74112954602285,-0.5379507553580878,-3.1261178336644355,6,0.7
77.27490631398935,-0.5397741852415786,-3.1367196719111954,6,0.7
77.81239579298456,-0.5416054765585594,-3.14731005260084,6,0.7
78.3536238069559,-0.5434453223408321,-3.157890198500347,6,0.7
78.8986163594705,-0.5452744690602652,-3.168441395773984,6,0.7
79.44739963496465,-0.5471069282899312,-3.178977944364017,6,0.7
80.00000000000179,-0.5489500625448965,-3.1895078573448115,6,0.7
80.55644400453932,-0.5507779935218474,-3.200005288002564,6,0.7
81.11675838320417,-0.552618044723104,-3.2104986349312856,6,0.7
81.68097005657731,-0.5544642974370027,-3.2209825471366442,6,0.7
82.24910613248719,-0.5562975478776689,-3.2314375294435975,6,0.7
82.8211939073121,-0.558145129097909,-3.24189282360523,6,0.7
83.39726086729164,-0.5599745598702638,-3.2523146781466754,6,0.7
83.97733468984731,-0.5618131815291246,-3.2627327379335775,6,0.7
84.56144324491237,-0.5636683981871703,-3.2731559612775007,6,0.7
85.14961459627077,-0.565501111802874,-3.2835426548104785,6,0.7
85.74187700290544,-0.567338675033265,-3.293923165133401,6,0.7
86.33825892035618,-0.569181866656894,-3.30429925212732,6,0.7
86.93878900208668,-0.5710248292498199,-3.31466528744359,6,0.7
87.54349610086122,-0.572868354548628,-3.3250229864723755,6,0.7
88.15240927013093,-0.5746933178858019,-3.3353514048443875,6,0.7
88.7655577654297,-0.5765270873233638,-3.3456823877505277,6,0.7
89.38297104577971,-0.5783571901612233,-3.35600263555443,6,0.7
90.00467877510688,-0.5801844414223352,-3.3663139438628953,6,0.7
90.63071082366605,-0.5820229381730812,-3.376633815940785,6,0.7
91.26109726947607,-0.5838403133288338,-3.386925138597286,6,0.7
91.895868399765,-0.5856639516127323,-3.397221128762598,6,0.7
92.53505471242522,-0.5874946870972466,-3.407524039504821,6,0.7
93.17868691747873,-0.589313449973672,-3.4178119734355397,6,0.7
93.82679593855258,-0.5911277246669384,-3.428094885617144,6,0.7
94.47941291436473,-0.5929449984087483,-3.4383830554106614,6,0.7
95.13656920022001,-0.5947528566989215,-3.4486622848031194,6,0.7
95.79829636951663,-0.5965720654445368,-3.4589595945547282,6,0.7
96.4646262152632,-0.5983636841888524,-3.4692272554660155,6,0.7
97.13559075160614,-0.6001750231859826,-3.4795260972592783,6,0.7
97.81122221536789,-0.6019671549138295,-3.489807929207381,6,0.7
98.49155306759573,-0.6037542276358278,-3.5000918408116837,6,0.7
99.17661599512138,-0.6055437581722837,-3.5103888594222448,6,0.7
99.86644391213144,-0.6073233702785567,-3.5206841325545177,6,0.7
100.56106996174877,-0.6091005892543395,-3.530988757357074,6,0.7
101.26052751762494,-0.6108895738615504,-3.541323059310836,6,0.7
101.96485018554354,-0.6126646992489438,-3.5516542881181556,6,0.7
102.67407180503491,-0.6144136107137623,-3.561966678849567,6,0.7
103.388226451002,-0.6161770002933502,-3.5723167150236503,6,0.7
104.10734843535732,-0.6179226280715284,-3.582661837339468,6,0.7
104.83147230867174,-0.6196712994871587,-3.593032026713023,6,0.7
105.56063286183424,-0.6214239319284182,-3.6034302680074632,6,0.7
106.29486512772365,-0.6231681880087264,-3.613840846316132,6,0.7
107.03420438289172,-0.6248917353765581,-3.6242475258512505,6,0.7
107.778686149258,-0.6266087599766934,-3.6346716819366574,6,0.7
108.52834619581655,-0.628340076538114,-3.64514496566446,6,0.7
109.28322054035448,-0.6300402196089814,-3.655603137352963,6,0.7
110.04334545118235,-0.6317565210227026,-3.6661165832008704,6,0.7
110.80875744887686,-0.6334501501109862,-3.6766299745479434,6,0.7
111.57949330803534,-0.6351353020715599,-3.687165544878728,6,0.7
112.35559005904271,-0.6368195451086471,-3.697736216095425,6,0.7
113.13708498985058,-0.6385038212199488,-3.7083452161065065,6,0.7
113.92401564776874,-0.6401824467438894,-3.7189856879940364,6,0.7
114.71641984126921,-0.6418431126857994,-3.7296402907389714,6,0.7
115.51433564180275,-0.6435066462456623,-3.7403426814320895,6,0.7
116.31780138562794,-0.6451474865074774,-3.7510547772857294,6,0.7
117.12685567565316,-0.6467930884824248,-3.76182108186003,6,0.7
117.94153738329126,-0.6484245193618333,-3.772613551207702,6,0.7
118.76188565032712,-0.6500626074767568,-3.7834670754550275,6,0.7
119.58793989079828,-0.6516685399298447,-3.7943210697160623,6,0.7
120.41973979288862,-0.6532830249874062,-3.8052427273471827,6,0.7
121.25732532083512,-0.6548805023547004,-3.8161923730345793,6,0.7
122.10073671684803,-0.656481798826076,-3.827205900234415,6,0.7
122.95001450304433,-0.6580547247324664,-3.838231761195758,6,0.7
123.80519948339456,-0.6596333587507269,-3.849328271390645,6,0.7
124.66633274568338,-0.6611987619760009,-3.8604656206587937,6,0.7
125.53345566348355,-0.662758501960933,-3.8716583230415944,6,0.7
126.40660989814381,-0.6643068895979283,-3.8828984711249683,6,0.7
127.28583740079048,-0.665844860578576,-3.8941893661229314,6,0.7
128.17118041434307,-0.6673799760013711,-3.905545959183797,6,0.7
129.0626814755438,-0.6688999102409493,-3.9169485654841725,6,0.7
129.9603834170013,-0.6704122181505441,-3.928412157845432,6,0.7
130.86432936924862,-0.6719178233513692,-3.9399402598785045,6,0.7
131.77456276281538,-0.6734176457631262,-3.951536450075705,6,0.7
132.69112733031437,-0.6748993424832385,-3.963180259024831,6,0.7
133.61406710854286,-0.6763704528652004,-3.9748869582437707,6,0.7
134.5434264405981,-0.6778385129059201,-3.9866722413938587,6,0.7
135.47924997800817,-0.6792911635659582,-3.9985152301944824,6,0.7
136.42158268287693,-0.6807359301497615,-4.010431622544659,6,0.7
137.3704698300445,-0.682186965340653,-4.022450069568407,6,0.7
138.32595700926237,-0.6836053647636442,-4.034499072191445,6,0.7
139.28809012738384,-0.6850251620879327,-4.046644756684255,6,0.7
140.25691541056963,-0.6864273312209612,-4.058852705749128,6,0.7
141.23247940650882,-0.687825999787992,-4.071151945188888,6,0.7
142.2148289866553,-0.6892021225346991,-4.0835072580951834,6,0.7
143.20401134847972,-0.6905830813708868,-4.095974076349208,6,0.7
144.200074017737,-0.6919498134162351,-4.108516964427553,6,0.7
145.20306485074994,-0.6933031473364909,-4.121139267942828,6,0.7
146.2130320367083,-0.6946638122023423,-4.133884624446153,6,0.7
147.2300240999843,-0.6959928014740545,-4.146676236965831,6,0.7
148.25408990246365,-0.6973108230194724,-4.159557500219228,6,0.7
149.28527864589356,-0.6986253057673731,-4.17254561752716,6,0.7
150.32363987424628,-0.699930392342868,-4.185630570733053,6,0.7
151.3692234760998,-0.7012334918088463,-4.198829833016903,6,0.7
152.42207968703445,-0.7025087999013889,-4.212091092504128,6,0.7
153.48225909204683,-0.7037769804107032,-4.2254594348474885,6,0.7
154.54981262797986,-0.7050454095004293,-4.2389527264122755,6,0.7
155.6247915859703,-0.7062882357172198,-4.252517434108885,6,0.7
156.70724761391295,-0.7075194476664526,-4.266185184138581,6,0.7
157.79723271894218,-0.7087596734989238,-4.2800030811116505,6,0.7
158.8947992699305,-0.7099763659277738,-4.293901959211348,6,0.7
160.0000000000048,-0.7111901246706422,-4.30792895254559,6,0.7
161.11288800907985,-0.7123883029945912,-4.322057915584307,6,0.7
162.23351676640956,-0.7135648800010242,-4.336276849028415,6,0.7
163.36194011315587,-0.7147337672805926,-4.350618758501739,6,0.7
164.49821226497562,-0.7159022168593808,-4.365102294765952,6,0.7
165.6423878146254,-0.7170575085202074,-4.379700422673462,6,0.7
166.79452173458452,-0.7182002043863583,-4.394416180754557,6,0.7
167.9546693796959,-0.7193375045363805,-4.409268217450295,6,0.7
169.12288648982604,-0.7204499669951947,-4.4242127050709135,6,0.7
170.29922919254284,-0.7215580663057333,-4.439299504933019,6,0.7
171.4837540058122,-0.722655633983781,-4.454515997412928,6,0.7
172.6765178407137,-0.7237497988684548,-4.469881256317376,6,0.7
173.87757800417467,-0.7248276868996385,-4.485366178079769,6,0.7
175.08699220172375,-0.7258963842281974,-4.500989675399274,6,0.7
176.30481854026317,-0.7269496299687818,-4.516738204708639,6,0.7
177.53111553086072,-0.727994469711724,-4.532630865777754,6,0.7
178.7659420915608,-0.7290379327487994,-4.548687220761363,6,0.7
180.00935755021513,-0.7300470090706586,-4.564826306458224,6,0.7
181.26142164733346,-0.7310686979494709,-4.581168105741007,6,0.7
182.52219453895353,-0.7320565876335529,-4.597596902724319,6,0.7
183.7917367995314,-0.7330576519904298,-4.614234358307295,6,0.7
185.07010942485184,-0.7340387605437497,-4.630997568344746,6,0.7
186.35737383495882,-0.7350067967099925,-4.647905831535309,6,0.7
187.65359187710658,-0.735968624822822,-4.664978904495319,6,0.7
188.95882582873088,-0.7369043584598274,-4.682166075002693,6,0.7
190.27313840044144,-0.7378475395442077,-4.699557905239357,6,0.7
191.59659273903472,-0.7387782267922188,-4.717103552530039,6,0.7
192.92925243052787,-0.7396964935945473,-4.734804905571356,6,0.7
194.27118150321374,-0.7406023844900484,-4.752663775282867,6,0.7
195.62244443073726,-0.7414892216851955,-4.770663487942338,6,0.7
196.98310613519297,-0.7423703742311749,-4.788842355117091,6,0.7
198.35323199024427,-0.7432458034218739,-4.807202339119765,6,0.7
199.73288782426437,-0.7441154398810891,-4.825745312774409,6,0.7
201.12213992349908,-0.7449657794871574,-4.844435145248534,6,0.7
202.5210550352514,-0.7458033802117238,-4.863291770035945,6,0.7
203.9297003710886,-0.7466347767553208,-4.882335571409937,6,0.7
205.3481436100714,-0.7474597716134117,-4.9015680101833805,6,0.7
206.77645290200556,-0.7482714227583199,-4.920970912311716,6,0.7
208.21469687071618,-0.7490694583119701,-4.940545075464413,6,0.7
209.66294461734503,-0.7498468555431158,-4.960271357324086,6,0.7
211.12126572367004,-0.7506301413607913,-4.980229684336751,6,0.7
212.5897302554489,-0.751405519461431,-5.000381564223989,6,0.7
214.06840876578502,-0.7521524126017797,-5.0206669409069775,6,0.7
215.5573722985176,-0.7529039912053391,-5.041187038199374,6,0.7
217.05669239163473,-0.75363960510252,-5.061881500319225,6,0.7
218.5664410807106,-0.7543654644992854,-5.082770826346813,6,0.7
220.08669090236637,-0.7550877534523974,-5.1038759565777845,6,0.7
221.6175148977554,-0.7557924141505141,-5.125155253453202,6,0.7
223.15898661607235,-0.7564922931356306,-5.146650327669134,6,0.7
224.71118011808713,-0.7571799883676745,-5.168339895134994,6,0.7
226.27416997970286,-0.7578412987086511,-5.1901803954823675,6,0.7
227.8480312955392,-0.758515965720282,-5.2122998628787975,6,0.7
229.43283968254013,-0.759176225918432,-5.234612033634506,6,0.7
231.02867128360725,-0.7598144966680811,-5.257093760999154,6,0.7
232.63560277125762,-0.7604501844343647,-5.279809480135539,6,0.7
234.25371135130806,-0.7610891665740529,-5.302780801447027,6,0.7
235.88307476658426,-0.7616899198560145,-5.325872750122668,6,0.7
237.523771300656,-0.7622920499941831,-5.349217364967054,6,0.7
239.17587978159838,-0.7628945567661678,-5.37281381891113,6,0.7
240.83947958577906,-0.7634828417154421,-5.396615209157747,6,0.7
242.51465064167206,-0.7640625813466762,-5.420642347888036,6,0.7
244.2014734336979,-0.7646326385870312,-5.4448932084926644,6,0.7
245.9000290060905,-0.7651986233519905,-5.469388944881807,6,0.7
247.61039896679097,-0.7657389439335138,-5.494056733353222,6,0.7
249.33266549136863,-0.7662727034164487,-5.518964068184925,6,0.7
251.06691132696898,-0.7667986042817933,-5.544108396582256,6,0.7
252.81321979628953,-0.7673221113201301,-5.569511013199467,6,0.7
254.5716748015829,-0.7678350428796057,-5.595145048440243,6,0.7
256.3423608286881,-0.7683359711105285,-5.621007120021607,6,0.7
258.12536295108947,-0.7688234242618985,-5.6470935539391105,6,0.7
259.9207668340045,-0.7693027091297062,-5.673425201759459,6,0.7
261.72865873849923,-0.7697791059848729,-5.700023327206922,6,0.7
263.54912552563275,-0.7702305429367398,-5.726808872271681,6,0.7
265.38225466063074,-0.7706895385717236,-5.753903222734899,6,0.7
267.2281342170877,-0.7711270923939705,-5.781201144750893,6,0.7
269.08685288119824,-0.7715620038584063,-5.8087742880074416,6,0.7
270.95849995601833,-0.7719925342890411,-5.836618428279009,6,0.7
272.8431653657559,-0.7723963360352931,-5.864650695021184,6,0.7
274.74093966009104,-0.7728126994067909,-5.8930222780614265,6,0.7
276.6519140185268,-0.773205473969576,-5.9215972247323165,6,0.7
278.5761802547697,-0.7736070673005315,-5.950502189821731,6,0.7
280.51383082114137,-0.773974316614864,-5.979571766229827,6,0.7
282.4649588130198,-0.7743533394108506,-6.00898734429367,6,0.7
284.42965797331277,-0.7747077256601363,-6.0386083209530765,6,0.7
286.40802269696155,-0.7750560468455048,-6.068509429572642,6,0.7
288.40014803547615,-0.7753962058171064,-6.098684437732207,6,0.7
290.4061297015021,-0.7757398682520407,-6.129182428334497,6,0.7
292.42606407341884,-0.7760641618332134,-6.159913479208363,6,0.7
294.4600481999708,-0.7763668460116611,-6.190869621148693,6,0.7
296.50817980492957,-0.776673317362957,-6.222156272858806,6,0.7
298.5705572917893,-0.7769813219909621,-6.253767098015774,6,0.7
300.64727974849484,-0.7772608384140676,-6.2855799535767325,6,0.7
302.73844695220185,-0.7775441494849199,-6.317730567432828,6,0.7
304.84415937407124,-0.7778080667343994,-6.350124233214323,6,0.7
306.964518184096,-0.7780779411640686,-6.3828696963981635,6,0.7
309.09962525596205,-0.7783235301375171,-6.415841129515781,6,0.7
311.24958317194296,-0.7785631937803629,-6.4491182287464195,6,0.7
313.4144952278283,-0.7788013915749702,-6.482722584260985,6,0.7
315.59446543788675,-0.7790216415262047,-6.516585240497265,6,0.7
317.7895985398634,-0.77925625617176,-6.5508489176999145,6,0.7
320.000000000012,-0.7794467707068142,-6.5852603325539825,6,0.7
322.22577601816215,-0.7796604188584061,-6.620116470534516,6,0.7
324.4670335328215,-0.7798315898175151,-6.655129817165813,6,0.7
326.7238802263142,-0.7800205963003974,-6.690570115102966,6,0.7
328.99642452995374,-0.7801967259987465,-6.726303254590887,6,0.7
331.2847756292533,-0.7803572231371083,-6.762318618203538,6,0.7
333.5890434691715,-0.7805063326383854,-6.7986372470115475,6,0.7
335.90933875939425,-0.7806694231076035,-6.835377628200743,6,0.7
338.2457729796546,-0.780794406950686,-6.872303364013635,6,0.7
340.5984583850881,-0.7809418707017134,-6.909695771512591,6,0.7
342.96750801162693,-0.78104547164016,-6.9472497154770405,6,0.7
345.3530356814299,-0.7811588045352005,-6.985216541963909,6,0.7
347.75515600835195,-0.7812648736660006,-7.02351976441319,6,0.7
350.1739844034501,-0.7813607709993603,-7.0621480377497505,6,0.7
352.60963708052907,-0.7814506602313332,-7.10112354579617,6,0.7
355.0622310617241,-0.7815244970833024,-7.140400586855277,6,0.7
357.53188418312425,-0.7815935261845636,-7.1800353978626,6,0.7
360.0187151004329,-0.7816405354963138,-7.21994696223437,6,0.7
362.52284329466966,-0.7816981582723044,-7.260296414607126,6,0.7
365.0443890779098,-0.7817491803551558,-7.301003107497641,6,0.7
367.58347359906554,-0.7817619867728718,-7.341913148256521,6,0.7
370.14021884970646,-0.7817979010789243,-7.383332043714636,6,0.7
372.7147476699204,-0.7818181595101119,-7.425070868072958,6,0.7
375.30718375421594,-0.7818268777079176,-7.467152354036737,6,0.7
377.9176516574646,-0.7818138075949008,-7.509526948818319,6,0.7
380.5462768008857,-0.7818118515436361,-7.552363819127369,6,0.7
383.1931854780723,-0.7817819790287112,-7.595467339219827,6,0.7
385.85850486105863,-0.7817499371909873,-7.638971215245246,6,0.7
388.5423630064304,-0.7817199249579952,-7.682900483881662,6,0.7
391.2448888614774,-0.7816671976648351,-7.727129894112552,6,0.7
393.96621227038884,-0.7816103916625456,-7.771758645245957,6,0.7
396.7064639804915,-0.781546465435822,-7.816773917747259,6,0.7
399.4657756485318,-0.7814796417522965,-7.86220104756917,6,0.7
402.24427984700117,-0.7813923165402166,-7.907949647818827,6,0.7
405.04211007050577,-0.7813032768696992,-7.954122183137571,6,0.7
407.85940074218024,-0.7812021980384793,-8.000666599935435,6,0.7
410.69628722014585,-0.7811006658877824,-8.047648271656119,6,0.7
413.55290580401413,-0.7809663525296209,-8.094894986192408,6,0.7
416.42939374143555,-0.7808401873143176,-8.142631575711645,6,0.7
419.3258892346932,-0.7807045219180343,-8.190765498876175,6,0.7
422.24253144734325,-0.7805489766780392,-8.23924238250874,6,0.7
425.179460510901,-0.780414797345625,-8.288293616381166,6,0.7
428.13681753157323,-0.7802325981016911,-8.337537308644984,6,0.7
431.11474459703845,-0.7800584743495969,-8.387288263450579,6,0.7
434.11338478327275,-0.7798747183805738,-8.437451203586185,6,0.7
437.13288216142445,-0.7796858233384194,-8.48805480662115,6,0.7
440.173381804736,-0.7794814400294859,-8.539043651910003,6,0.7
443.23502979551404,-0.7792810157631973,-8.590531975112532,6,0.7
446.31797323214806,-0.7790443567675982,-8.64229265074366,6,0.7
449.4223602361776,-0.7788283666391176,-8.694656237345315,6,0.7
452.5483399594091,-0.7785853420563787,-8.747351094208547,6,0.7
455.6960625910818,-0.7783273945034398,-8.80044995958547,6,0.7
458.8656793650838,-0.7780742903809388,-8.854072028358896,6,0.7
462.0573425672179,-0.777815785842757,-8.908161537573342,6,0.7
465.2712055425187,-0.7775415864484858,-8.962661271758888,6,0.7
468.5074227026196,-0.7772413453867739,-9.017512547461372,6,0.7
471.76614953317204,-0.7769426369646455,-9.072882870657317,6,0.7
475.04754260131557,-0.7766352415128809,-9.128715312619477,6,0.7
478.3517595632003,-0.776316514967653,-9.18499765924873,6,0.7
481.6789591715617,-0.7759914683922732,-9.241763995548158,6,0.7
485.02930128334776,-0.7756498715403953,-9.298955889849365,6,0.7
488.40294686739946,-0.7752967940893205,-9.356607716732695,6,0.7
491.8000580121847,-0.774945080029793,-9.414802442851634,6,0.7
495.2207979335857,-0.7745923041359398,-9.473529927799575,6,0.7
498.665330982741,-0.7741974172196663,-9.532539312069526,6,0.7
502.1338226539417,-0.7738119858473393,-9.592154387046143,6,0.7
505.62643959258287,-0.7734104505350459,-9.652220275482145,6,0.7
509.14334960316967,-0.7729981834715872,-9.712774470523199,6,0.7
512.68472165738,-0.7725884488844857,-9.773905170167902,6,0.7
516.2507259021829,-0.7721477622022028,-9.83540438972246,6,0.7
519.841533668013,-0.7717207433459434,-9.897560053491885,6,0.7
523.4573174770023,-0.7712503374477887,-9.960011878131086,6,0.7
527.0982510512695,-0.7707892538753311,-10.023101574853674,6,0.7
530.7645093212655,-0.7703275929482299,-10.086771030235344,6,0.7
534.4562684341794,-0.7698237296764244,-10.150754549645898,6,0.7
538.1737057624005,-0.7693388514456143,-10.215453980823229,6,0.7
541.9169999120409,-0.7688393185671494,-10.280655480687932,6,0.7
545.6863307315159,-0.7683151250460767,-10.346297338716195,6,0.7
549.4818793201863,-0.7677962100477083,-10.412581253215285,6,0.7
553.3038280370578,-0.7672567197135423,-10.479341375237974,6,0.7
557.1523605095437,-0.7667027459526233,-10.546622320490018,6,0.7
561.027661642287,-0.7661404936635838,-10.614470190762793,6,0.7
564.9299176260438,-0.765568193987662,-10.682878164961211,6,0.7
568.8593159466297,-0.7649597670689692,-10.751675042571604,6,0.7
572.8160453939274,-0.7643702435367183,-10.821237056155011,6,0.7
576.8002960709567,-0.763757419338884,-10.89128426079954,6,0.7
580.8122594030085,-0.7631277500262479,-10.961864916415202,6,0.7
584.8521281468421,-0.7625042303232142,-11.033141534321862,6,0.7
588.920096399946,-0.7618525500225151,-11.10488435906177,6,0.7
593.0163596098636,-0.7611958370599187,-11.177257269522677,6,0.7
597.1411145835832,-0.7605244175440247,-11.250198962821951,6,0.7
601.2945594969942,-0.7598368559160242,-11.32370459126881,6,0.7
605.4768939044083,-0.7591400817461933,-11.39782771585174,6,0.7
609.688318748147,-0.7584411607888857,-11.472623627466474,6,0.7
613.9290363681965,-0.7577137464803546,-11.54791310926515,6,0.7
618.1992505119288,-0.7569816924268641,-11.623869128544584,6,0.7
622.4991663438906,-0.756243882933647,-11.700490032239767,6,0.7
626.8289904556613,-0.7554738247095554,-11.777593533969737,6,0.7
631.1889308757782,-0.7547042140951093,-11.855417465716098,6,0.7
635.5791970797316,-0.7539170676377267,-11.93383981961139,6,0.7
640.0000000000289,-0.7531198780028596,-12.012920055928925,6,0.7
644.4515520363291,-0.7523117023733141,-12.09265758865963,6,0.7
648.9340670656479,-0.7514743992198949,-12.172927376004152,6,0.7
653.4477604526332,-0.7506415042492074,-12.253977868025578,6,0.7
657.9928490599125,-0.7497776501831404,-12.335558975751933,6,0.7
662.5695512585116,-0.7488992682570182,-12.417795796933945,6,0.7
667.178086938348,-0.7480230748600314,-12.500817100414189,6,0.7
671.8186775187937,-0.7471485324281562,-12.58462642213836,6,0.7
676.4915459593144,-0.7462223035398969,-12.668838125381315,6,0.7
681.1969167701814,-0.7452963762501842,-12.753840627449412,6,0.7
685.935016023259,-0.7443614556277056,-12.839572590856879,6,0.7
690.7060713628651,-0.7434170599585181,-12.926037477847183,6,0.7
695.5103120167091,-0.7424538040301071,-13.013172400109573,6,0.7
700.3479688069056,-0.7414442453663479,-13.100778765075278,6,0.7
705.2192741610634,-0.7404777270953156,-13.189531372745352,6,0.7
710.1244621234536,-0.739455021183824,-13.278694843636739,6,0.7
715.0637683662537,-0.7384298140646773,-13.36867841369409,6,0.7
720.0374302008713,-0.7373654721418832,-13.459213190475484,6,0.7
725.0456865893448,-0.7363255790039678,-13.550786698569695,6,0.7
730.0887781558251,-0.7352460222395498,-13.642921670281833,6,0.7
735.1669471981365,-0.734144804576523,-13.735761201324157,6,0.7
740.2804376994185,-0.7330495538553772,-13.829523271024522,6,0.7
745.4294953398465,-0.7319138685658112,-13.923861741005052,6,0.7
750.6143675084376,-0.7307841739943909,-14.019138851560326,6,0.7
755.8353033149348,-0.7296325486180355,-14.11514897957329,6,0.7
761.0925536017771,-0.7284683868285192,-14.211971987878627,6,0.7
766.3863709561504,-0.7272633536205565,-14.309397349639355,6,0.7
771.717009722123,-0.7260839154069387,-14.407945790421842,6,0.7
777.0847260128666,-0.7248446545758207,-14.50696563563546,6,0.7
782.4897777229608,-0.7236028492282465,-14.606907695357819,6,0.7
787.9324245407837,-0.7223685785982967,-14.707859294269285,6,0.7
793.412927960989,-0.7210939173312337,-14.80945642436192,6,0.7
798.9315512970695,-0.7198080848852307,-14.911934623515076,6,0.7
804.4885596940084,-0.7184919019757925,-15.015152707126814,6,0.7
810.0842201410177,-0.7171652405607974,-15.119274455283836,6,0.7
815.7188014843666,-0.7158187124128267,-15.224235220827493,6,0.7
821.392574440298,-0.7144726113584845,-15.33020323895631,6,0.7
827.1058116080346,-0.7130777182409074,-15.436800688664478,6,0.7
832.8587874828772,-0.7117043832621979,-15.544590047409445,6,0.7
838.6517784693928,-0.7102729964297068,-15.652953336953802,6,0.7
844.4850628946929,-0.7088444045488005,-15.762379438802819,6,0.7
850.3589210218082,-0.7074093494215018,-15.872805064140891,6,0.7
856.2736350631529,-0.7059379093001171,-15.984002829700081,6,0.7
862.2294891940834,-0.7044510980694165,-16.096148460627827,6,0.7
868.226769566552,-0.7029496837168246,-16.209257761645386,6,0.7
874.2657643228554,-0.7014240650078597,-16.323264192728505,6,0.7
880.3467636094787,-0.6998854114512858,-16.438266352782748,6,0.7
886.4700595910348,-0.6983135729424393,-16.554113719297227,6,0.7
892.635946464303,-0.696751521370309,-16.671158757049348,6,0.7
898.844720472362,-0.6951367293692428,-16.788913023042632,6,0.7
905.096679918825,-0.6935230872501913,-16.90781664258891,6,0.7
911.3921251821704,-0.6918688106186548,-17.02754623877134,6,0.7
917.7313587301744,-0.6902178346678817,-17.148463424720255,6,0.7
924.1146851344428,-0.6885388810907953,-17.270328688820786,6,0.7
930.5424110850445,-0.6868547558211,-17.393335246383284,6,0.7
937.0148454052463,-0.6851226992335457,-17.51715132883141,6,0.7
943.5322990663512,-0.6833876570248303,-17.64214786291001,6,0.7
950.0950852026382,-0.6816287556802714,-17.768168565631587,6,0.7
956.7035191264079,-0.6798470846387863,-17.895233225208777,6,0.7
963.3579183431307,-0.6780437837809471,-18.023362164275877,6,0.7
970.0586025667028,-0.6762200445242736,-18.152576243749337,6,0.7
976.8058937348063,-0.6743885385258179,-18.28298860947373,6,0.7
983.6001160243768,-0.6725162810725617,-18.414345981318125,6,0.7
990.4415958671789,-0.6706504789896595,-18.547038986051735,6,0.7
997.3306619654895,-0.6687464009983586,-18.680720229876062,6,0.7
1004.267645307891,-0.6668285087285103,-18.815597952372595,6,0.7
1011.2528791851732,-0.6648865310147439,-18.951601656930144,6,0.7
1018.2866992063468,-0.6629099508718186,-19.088659050982248,6,0.7
1025.3694433147675,-0.66092384148397,-19.226983534224907,6,0.7
1032.5014518043733,-0.6589178744289883,-19.36650450949129,6,0.7
1039.6830673360337,-0.6568693589531285,-19.50705253752985,6,0.7
1046.9146349540124,-0.654840334365031,-19.649137331107063,6,0.7
1054.1965021025467,-0.6527595542334129,-19.7922006631949,6,0.7
1061.5290186425389,-0.6506897499061959,-19.93675756607173,6,0.7
1068.9125368683667,-0.648570998802396,-20.082341357092577,6,0.7
1076.347411524809,-0.6464168903059306,-20.22907405637783,6,0.7
1083.8339998240897,-0.6442792455119174,-20.37738261272258,6,0.7
1091.37266146304,-0.6420970476118383,-20.52679294190387,6,0.7
1098.9637586403808,-0.6398971057634923,-20.677532428231103,6,0.7
1106.607656074124,-0.6376812442396833,-20.829628939879175,6,0.7
1114.3047210190957,-0.6354643290903156,-20.98321402299036,6,0.7
1122.0553232845823,-0.633196329572533,-21.137903637188046,6,0.7
1129.859835252096,-0.6309047520079556,-21.29393048124864,6,0.7
1137.7186318932681,-0.6286046636801155,-21.451427807546935,6,0.7
1145.6320907878635,-0.6262982325800883,-21.610426337455237,6,0.7
1153.600592141922,-0.623960788988494,-21.770744932667444,6,0.7
1161.6245188060257,-0.6215940524024747,-21.932411710821498,6,0.7
1169.704256293693,-0.6192134672934853,-22.095562826346963,6,0.7
1177.840192799901,-0.616807430446573,-22.26012130929881,6,0.7
1186.032719219736,-0.6143917344687576,-22.42622570983406,6,0.7
1194.2822291671753,-0.6119686930896038,-22.59390830686467,6,0.7
1202.5891189939975,-0.60951253102343,-22.762981953717453,6,0.7
1210.9537878088256,-0.607010872297182,-22.93336563855101,6,0.7
1219.3766374963034,-0.6045224979425798,-23.1055327250441,6,0.7
1227.8580727364024,-0.6019926977462965,-23.279072061395432,6,0.7
1236.3985010238666,-0.5994522367074553,-23.454238148798467,6,0.7
1244.9983326877905,-0.5968889209941157,-23.630951606502705,6,0.7
1253.657980911332,-0.5943344818586768,-23.80947253567983,6,0.7
1262.377861751566,-0.5917174564986613,-23.989265492322485,6,0.7
1271.1583941594727,-0.5891141724228051,-24.17093381866989,6,0.7
1280.0000000000673,-0.5865126659094267,-24.354399773527934,6,0.7
1288.9031040726677,-0.5838700574280055,-24.53935086480364,6,0.7
1297.8681341313059,-0.5811882075753687,-24.725818546502584,6,0.7
1306.8955209052763,-0.5785311186324795,-24.9143054822513,6,0.7
1315.9856981198345,-0.575824123158878,-25.10426043167197,6,0.7
1325.1391025170333,-0.5731320518064503,-25.296190388334686,6,0.7
1334.3561738767062,-0.5704105444930384,-25.489776079824285,6,0.7
1343.6373550375972,-0.5676779289664673,-25.685172001163973,6,0.7
1352.9830919186386,-0.5649369803092928,-25.88241490634466,6,0.7
1362.393833540373,-0.562174240096004,-26.08142061271338,6,0.7
1371.8700320465282,-0.5594252072987206,-26.28246934187054,6,0.7
1381.4121427257405,-0.5566102909113069,-26.484987591770054,6,0.7
1391.0206240334287,-0.5538315218686619,-26.689747129567618,6,0.7
1400.6959376138216,-0.5510254071724382,-26.89629515227309,6,0.7
1410.4385483221372,-0.5481944455913279,-27.104667943754176,6,0.7
1420.2489242469178,-0.5454101128923549,-27.31540352188453,6,0.7
1430.1275367325184,-0.5425553285298441,-27.527665371086854,6,0.7
1440.0748604017533,-0.5397366930008322,-27.742245070779173,6,0.7
1450.0913731787002,-0.5369054610756326,-27.958805223969726,6,0.7
1460.177556311661,-0.5340468001114382,-28.17725707356978,6,0.7
1470.3338943962842,-0.5311993939743485,-28.39789515079605,6,0.7
1480.560875398848,-0.528348796419216,-28.62063240080376,6,0.7
1490.8589906797042,-0.5254983732825045,-28.845509470573813,6,0.7
1501.2287350168863,-0.5226330813831274,-29.072437298697167,6,0.7
1511.670606629881,-0.5198121238771826,-29.301848294757892,6,0.7
1522.1851072035656,-0.5169458882976207,-29.533131081604225,6,0.7
1532.772741912312,-0.5140938251739136,-29.766719117024866,6,0.7
1543.4340194442575,-0.5112791740014532,-30.002788277420866,6,0.7
1554.1694520257447,-0.5084289176334256,-30.240851212870677,6,0.7
1564.9795554459333,-0.5055652786206426,-30.48108069602213,6,0.7
1575.8648490815792,-0.502750949018249,-30.723921114625586,6,0.7
1586.8258559219898,-0.49999106287587636,-30.969419406537156,6,0.7
1597.863102594151,-0.4971697818572768,-31.21680989822585,6,0.7
1608.9771193880288,-0.49439098083878225,-31.46681061621891,6,0.7
1620.1684402820476,-0.49161850448985767,-31.719194935824966,6,0.7
1631.4376029687455,-0.48889791545175754,-31.974280926832748,6,0.7
1642.7851488806082,-0.48615057652150306,-32.231565260446125,6,0.7
1654.2116232160815,-0.48342193734525,-32.49136587277246,6,0.7
1665.7175749657672,-0.48075926130133606,-32.75400543307294,6,0.7
1677.303556938798,-0.4781035165734138,-33.01911485134723,6,0.7
1688.9701257893985,-0.47550251740655003,-33.2870181499698,6,0.7
1700.7178420436294,-0.472917703692602,-33.557482734671005,6,0.7
1712.5472701263188,-0.4703535099394409,-33.83055396688215,6,0.7
1724.4589783881795,-0.4677920086144193,-34.106136424068346,6,0.7
1736.453539133117,-0.4653282792038361,-34.38484171075567,6,0.7
1748.531528645724,-0.4628773981992112,-34.666152012303165,6,0.7
1760.6935272189705,-0.4604902235522875,-34.95039815583735,6,0.7
1772.940119182083,-0.45814930841197576,-35.237485800335484,6,0.7
1785.2718929286193,-0.45586014396908037,-35.52746265249138,6,0.7
1797.6894409447373,-0.45360446653144676,-35.82023290407355,6,0.7
1810.1933598376636,-0.451459994222843,-36.11627645549883,6,0.7
1822.7842503643546,-0.4492876317646821,-36.414776532772926,6,0.7
1835.4627174603627,-0.4472635270139357,-36.71679252792487,6,0.7
1848.2293702688994,-0.44524672297691825,-37.02150483528885,6,0.7
1861.0848221701028,-0.44336769036399243,-37.32968815558407,6,0.7
1874.0296908105065,-0.44145654246068583,-37.64037211565177,6,0.7
1887.0645981327166,-0.43969669550342627,-37.95462596709358,6,0.7
1900.190170405291,-0.43804508366222494,-38.27220834450392,6,0.7
1913.4070382528298,-0.43645672761888255,-38.5928756128296,6,0.7
1926.715836686276,-0.43499097577856055,-38.91697058253273,6,0.7
1940.1172051334202,-0.4335485000864592,-39.243954166434825,6,0.7
1953.611787469627,-0.4322699492071874,-39.57461172410826,6,0.7
1967.2002320487684,-0.4311099117049797,-39.90869872264477,6,0.7
1980.8831917343723,-0.430020938842532,-40.24596904010522,6,0.7
1994.661323930994,-0.42900951144472504,-40.58647142680432,6,0.7
2008.535290615797,-0.42825220425250154,-40.931143825079154,6,0.7
2022.5057583703617,-0.42747523950995525,-41.27855446847191,6,0.7
2036.573398412709,-0.4269135295681789,-41.62993797113395,6,0.7
2050.7388866295505,-0.42651974372051304,-41.98504730795575,6,0.7
2065.0029036087626,-0.4262443879629908,-42.343634670495604,6,0.7
2079.366134672083,-0.42609544578580355,-42.705748763902285,6,0.7
2093.8292699080407,-0.4261414946583733,-43.07173500812235,6,0.7
2108.3930042051093,-0.426362474443301,-43.441493255957255,6,0.7
2123.0580372850936,-0.4267065222966141,-43.814774945999545,6,0.7
2137.82507373675,-0.4272440129046074,-44.191924570795074,6,0.7
2152.6948230496346,-0.4280167542138462,-44.57313737500535,6,0.7
2167.6679996481957,-0.4289727771154741,-44.9581639427489,6,0.7
2182.7453229260964,-0.4301220290560438,-45.347050954650705,6,0.7
2197.927517280778,-0.431507233512066,-45.73999197808396,6,0.7
2213.2153121482643,-0.43307431150377107,-46.13673771624723,6,0.7
2228.6094420382083,-0.43486624998888346,-46.53748085046672,6,0.7
2244.1106465691814,-0.43696123998360564,-46.94255861172759,6,0.7
2259.7196705042093,-0.43923737600214,-47.35142826424619,6,0.7
2275.4372637865536,-0.441772780755022,-47.76442617028189,6,0.7
2291.2641815757443,-0.44461413813918077,-48.18173940090027,6,0.7
2307.2011842838615,-0.44774001200713737,-48.60326277253072,6,0.7
2323.2490376120686,-0.45112785993518667,-49.02889197214402,6,0.7
2339.4085125874035,-0.45471834368937764,-49.4583803935513,6,0.7
2355.6803855998196,-0.4587377759947715,-49.89262830114409,6,0.7
2372.0654384394898,-0.46309399399931733,-50.331239584567626,6,0.7
2388.5644583343683,-0.46772752973018994,-50.77396600743726,6,0.7
2405.178237988013,-0.47272485026919375,-51.221126653823724,6,0.7
2421.9075756176694,-0.4780256496565298,-51.67247353379153,6,0.7
2438.753274992625,-0.4837185335868973,-52.128319809868415,6,0.7
2455.716145472823,-0.4898188960688423,-52.58869388760865,6,0.7
2472.797002047752,-0.49622649971544086,-53.053210846978914,6,0.7
2489.9966653755996,-0.5031101164302325,-53.52244858498502,6,0.7
2507.3159618226828,-0.5103295960137548,-53.99588637253034,6,0.7
2524.755723503151,-0.5181369948836352,-54.47435790709178,6,0.7
2542.3167883189644,-0.5261911258492773,-54.95667617634252,6,0.7
2560.0000000001537,-0.5347863821424876,-55.44379899429983,6,0.7
2577.806208145355,-0.5438596462165785,-55.935475518978585,6,0.7
2595.736268262631,-0.5533450274003228,-56.43146252418743,6,0.7
2613.7910418105726,-0.5634241818579813,-56.93229023609778,6,0.7
2631.971396239689,-0.5739062516141404,-57.43732943196144,6,0.7
2650.2782050340866,-0.5849753845611898,-57.94709815935753,6,0.7
2668.7123477534324,-0.5965220289836783,-58.461226957860745,6,0.7
2687.274710075215,-0.6087350913746271,-58.980211512925294,6,0.7
2705.9661838372976,-0.6214171075695346,-59.50344172926523,6,0.7
2724.7876670807664,-0.6348034061613745,-60.03151676559202,6,0.7
2743.740064093077,-0.6486043959574563,-60.56360525833266,6,0.7
2762.824285451502,-0.6631469305796157,-61.10052162913249,6,0.7
2782.0412480668783,-0.6783171479003685,-61.641902545754775,6,0.7
2801.391875227664,-0.6941334287334693,-62.18773468387458,6,0.7
2820.8770966442953,-0.7106143320476119,-62.73800121490811,6,0.7
2840.4978484938565,-0.7277323303700707,-63.29257582182178,6,0.7
2860.2550734650586,-0.7455984231663287,-63.85164831098454,6,0.7
2880.1497208035285,-0.7640917826286588,-64.41487990951207,6,0.7
2900.1827463574223,-0.7834659884521415,-64.98274798493816,6,0.7
2920.355112623344,-0.8034096980773946,-65.55451891512038,6,0.7
2940.6677887925907,-0.8243221248013932,-66.13093543509883,6,0.7
2961.121750797718,-0.8458398368628238,-66.71119051796721,6,0.7
2981.717981359431,-0.8682215478263599,-67.29571181241674,6,0.7
3002.4574700337953,-0.8913895493473288,-67.8842663975462,6,0.7
3023.3412132597846,-0.9155101755898589,-68.4770564743294,6,0.7
3044.3702144071544,-0.9403066478939293,-69.07351927997166,6,0.7
3065.545483824648,-0.9659942243303287,-69.67393494343565,6,0.7
3086.868038888538,-0.9926422495755226,-70.27830869308772,6,0.7
3108.338904051513,-1.0201694286094647,-70.88641307294353,6,0.7
3129.9591108918903,-1.048593641321332,-71.49817800214191,6,0.7
3151.7296981631816,-1.0778303689336326,-72.11339731246079,6,0.7
3173.651711844004,-1.1081010856049953,-72.73226229368157,6,0.7
3195.726205188326,-1.1394763703308879,-73.35473056013348,6,0.7
3217.954238776082,-1.1716122542276346,-73.98029164077221,6,0.7
3240.3368805641194,-1.204887534867164,-74.6092639353157,6,0.7
3262.8752059375156,-1.2390589512381387,-75.24127369311861,6,0.7
3285.570297761241,-1.2743516351123185,-75.87642566950628,6,0.7
3308.4232464321876,-1.3105714193799054,-76.51442431090595,6,0.7
3331.435149931559,-1.3478384282826916,-77.15526046273595,6,0.7
3354.607113877621,-1.3862739943358289,-77.79889291294477,6,0.7
3377.9402515788224,-1.4256268387830564,-78.44502415470994,6,0.7
3401.4356840872842,-1.4661770676759367,-79.09370806541757,6,0.7
3425.094540252663,-1.5076706981423136,-79.74467593567385,6,0.7
3448.9179567763854,-1.5504961396232944,-80.39797959750436,6,0.7
3472.9070782662598,-1.5942896954230965,-81.05332363355758,6,0.7
3497.0630572914743,-1.639332349407635,-81.71067403222175,6,0.7
3521.387054437968,-1.6854192037257834,-82.36983261245057,6,0.7
3545.880238364193,-1.7325601585369486,-83.0306818134627,6,0.7
3570.543785857265,-1.7808732624951022,-83.69310491486519,6,0.7
3595.378881889502,-1.83047652523877,-84.35695156768386,6,0.7
3620.3867196753545,-1.8811065022030513,-85.0220802584556,6,0.7
3645.5685007287366,-1.9329339898511315,-85.68834532609166,6,0.7
3670.9254349207527,-1.9860205228041932,-86.35557986569596,6,0.7
3696.458740537827,-2.0402088497163042,-87.02367092006385,6,0.7
3722.1696443402334,-2.0956134376962936,-87.6924419018375,6,0.7
3748.0593816210417,-2.152184504897808,-88.36176062619016,6,0.7
3774.129196265462,-2.209871591811141,-89.0315094939338,6,0.7
3800.3803408106105,-2.268786887513959,-89.70148446862493,6,0.7
3826.8140765056887,-2.3290414135235045,-90.37144907499867,6,0.7
3853.43167337258,-2.390256407921204,-91.04150944483331,6,0.7
3880.2344102668694,-2.452812992048358,-91.7112437005507,6,0.7
3907.223574939284,-2.516548295556009,-92.38061463724625,6,0.7
3934.400464097566,-2.5814077490212584,-93.04952541666661,6,0.7
3961.7663834687746,-2.647444176752673,-93.71778052541198,6,0.7
3989.322647862018,-2.7147628133953825,-94.38510836002794,6,0.7
4017.070581231624,-2.783092310468005,-95.0516617595424,6,0.7
4045.011516740754,-2.852750559890302,-95.71691510759605,6,0.7
4073.1467968254487,-2.92351899581351,-96.38097763200471,6,0.7
4101.477773259132,-2.995393076050777,-97.04371542655531,6,0.7
4130.005807217556,-3.06842036472191,-97.70491608970848,6,0.7
4158.732269344197,-3.142594389336896,-98.3644376569205,6,0.7
4187.658539816113,-3.2179079922835205,-99.02214010607786,6,0.7
4216.78600841025,-3.2945094682037324,-99.67761361328687,6,0.7
4246.116074570219,-3.3719737605848814,-100.33144421621904,6,0.7
4275.650147473531,-3.4507078025192763,-100.98277024570241,6,0.7
4305.389646099301,-3.530545721183356,-101.63173329120889,6,0.7
4335.335999296423,-3.61127340564591,-102.27862324748887,6,0.7
4365.4906458522255,-3.6933393380506634,-102.92238612844105,6,0.7
4395.8550345615895,-3.776375209097587,-103.56362738750533,6,0.7
4426.430624296562,-3.860370945575725,-104.20224789496089,6,0.7
4457.21888407645,-3.9453657730536373,-104.8380339178827,6,0.7
4488.2212931383965,-4.031397202272535,-105.47076214761161,6,0.7
4519.439341008452,-4.118549960633386,-106.1000771528635,6,0.7
4550.874527573141,-4.206565019588174,-106.72648684495779,6,0.7
4582.528363151522,-4.295721192497197,-107.34914142300028,6,0.7
4614.402368567757,-4.385665355600282,-107.96884030533595,6,0.7
4646.498075224173,-4.476672398796658,-108.58471498399636,6,0.7
4678.817025174842,-4.568489213592844,-109.19734471917197,6,0.7
4711.360771199674,-4.66133771919475,-109.80596709907483,6,0.7
4744.130876879015,-4.755014492726155,-110.41105293837984,6,0.7
4777.128916668773,-4.849643966547329,-111.01210344539189,6,0.7
4810.356475976061,-4.945026656442334,-111.60962453705103,6,0.7
4843.815151235375,-5.04137575004996,-112.20281799385398,6,0.7
4877.506549985286,-5.138493478562795,-112.79220899387279,6,0.7
4911.432290945683,-5.236410151677015,-113.37759262550709,6,0.7
4945.594004095541,-5.33511043376079,-113.9589145759824,6,0.7
4979.9933307512365,-5.434665841320432,-114.53580781348253,6,0.7
5014.631923645403,-5.534972282252851,-115.10853301561036,6,0.7
5049.511447006339,-5.636056856089854,-115.67688443190016,6,0.7
5084.633576637967,-5.7378184256325575,-116.24114347306877,6,0.7
5120.000000000346,-5.840201071643989,-116.80144373858477,6,0.7
5155.612416290749,-5.9434396816488855,-117.35675810238425,6,0.7
5191.4725365253,-6.04730931810503,-117.90787959953744,6,0.7
5227.582083621183,-6.151795928776366,-118.45478523355676,6,0.7
5263.942792479418,-6.2570453995407425,-118.99676725986386,6,0.7
5300.556410068212,-6.362801410474647,-119.53483023158002,6,0.7
5337.424695506905,-6.469326389932187,-120.06774536801218,6,0.7
5374.54942015047,-6.576368218708787,-120.59653598257303,6,0.7
5411.932367674636,-6.683952885183951,-121.12101920129227,6,0.7
5449.575334161574,-6.792180243252829,-121.64065278169497,6,0.7
5487.480128186196,-6.900958450961745,-122.15578034130874,6,0.7
5525.648570903045,-7.010236230611882,-122.66657658799863,6,0.7
5564.082496133798,-7.120037087402845,-123.17285971100425,6,0.7
5602.78375045537,-7.23034695391193,-123.6746284748746,6,0.7
5641.754193288633,-7.3411874986046435,-124.17170065299945,6,0.7
5680.995696987757,-7.452578839603577,-124.66389291306527,6,0.7
5720.51014693016,-7.564262114098183,-125.15249942381236,6,0.7
5760.2994416071,-7.676538778997603,-125.63586909995438,6,0.7
5800.365492714889,-7.789187663101741,-126.11511957465488,6,0.7
5840.710225246731,-7.902332052571149,-126.58951871528379,6,0.7
5881.335577585225,-8.015824874745048,-127.05982485919515,6,0.7
5922.243501595481,-8.129786439421732,-127.52530448462154,6,0.7
5963.435962718906,-8.244073516675236,-127.98672352740057,6,0.7
6004.914940067636,-8.35874006925306,-128.4437247820406,6,0.7
6046.682426519615,-8.473805648175603,-128.89613803575187,6,0.7
6088.740428814354,-8.589226617572919,-129.3441717366372,6,0.7
6131.090967649341,-8.704961220567064,-129.78803694645356,6,0.7
6173.736077777122,-8.821059778452168,-130.2273775695542,6,0.7
6216.6778081030725,-8.937450915898733,-130.66259670488628,6,0.7
6259.918221783827,-9.054154524665847,-131.09352967749928,6,0.7
6303.4593963264115,-9.171131362269907,-131.52039254509174,6,0.7
6347.303423688055,-9.288400968681591,-131.94302209766101,6,0.7
6391.4524103767,-9.405953437742689,-132.36144596435284,6,0.7
6435.9084775522115,-9.523806818726912,-132.77550236271162,6,0.7
6480.673761128287,-9.641895829811997,-133.18560111516283,6,0.7
6525.750411875079,-9.760212383686616,-133.59177208101354,6,0.7
6571.140595522531,-9.878801796350563,-133.99366555744754,6,0.7
6616.846492864425,-9.997680409064477,-134.39112331217936,6,0.7
6662.870299863169,-10.116682260151693,-134.7853164638901,6,0.7
6709.214227755292,-10.23590538854596,-135.17551716750557,6,0.7
6755.880503157695,-10.355391952170194,-135.56137962024053,6,0.7
6802.871368174619,-10.475032687596924,-135.9436945406136,6,0.7
6850.189080505378,-10.594846428471499,-136.3223052112683,6,0.7
6897.835913552822,-10.714899014238293,-136.69667943613416,6,0.7
6945.814156532571,-10.835109754361332,-137.0674175780096,6,0.7
6994.126114583001,-10.955425670703393,-137.43492850663486,6,0.7
7042.774108875988,-11.075981445527411,-137.79811972982537,6,0.7
7091.760476728439,-11.19665347337342,-138.15796414769864,6,0.7
7141.087571714584,-11.317526959983407,-138.51374853356478,6,0.7
7190.757763779057,-11.438505068752738,-138.86625477492012,6,0.7
7240.773439350762,-11.559583514651525,-139.2155154509215,6,0.7
7291.137001457528,-11.680844164677008,-139.5608229102792,6,0.7
7341.850869841561,-11.802215705837305,-139.90276911504805,6,0.7
7392.917481075709,-11.923735158621781,-140.24102003184188,6,0.7
7444.339288680522,-12.045313727947885,-140.57634647992828,6,0.7
7496.118763242139,-12.167009625404052,-140.90823030827391,6,0.7
7548.258392530979,-12.288857641325707,-141.23634230742132,6,0.7
7600.760681621277,-12.410732685754587,-141.56181143052007,6,0.7
7653.628153011434,-12.532749880209051,-141.88357925628128,6,0.7
7706.863346745218,-12.654826157356968,-142.2024063653955,6,0.7
7760.468820533797,-12.777034065511085,-142.5176047658674,6,0.7
7814.447149878626,-12.899293075762424,-142.82992981291716,6,0.7
7868.800928195191,-13.021618812141849,-143.13923382712875,6,0.7
7923.532766937609,-13.144080122268335,-143.44483813463944,6,0.7
7978.645295724095,-13.26652813891764,-143.7482002302738,6,0.7
8034.141162463309,-13.389068082475873,-144.04828543594016,6,0.7
8090.023033481568,-13.511660760670573,-144.3454812526799,6,0.7
8146.293593650958,-13.634337288134901,-144.63946934181388,6,0.7
8202.955546518326,-13.757026161248024,-144.93098249621764,6,0.7
8260.011614435174,-13.879841917613087,-145.21883278811728,6,0.7
8317.464538688457,-14.002647846774153,-145.50444446990045,6,0.7
8375.317079632288,-14.125523892492392,-145.78698131653752,6,0.7
8433.572016820564,-14.248418689581698,-146.0669920141888,6,0.7
8492.232149140504,-14.371346172840589,-146.34433384550164,6,0.7
8551.300294947127,-14.494350174934338,-146.61852740334803,6,0.7
8610.779292198666,-14.617365880862463,-146.8902849636175,6,0.7
8670.671998592914,-14.740421713071337,-147.15929708076823,6,0.7
8730.981291704516,-14.863514989554687,-147.42559504023993,6,0.7
8791.710069123244,-14.986614134050928,-147.68954299580636,6,0.7
8852.86124859319,-15.109760764971815,-147.95066956801952,6,0.7
8914.437768152968,-15.232895534952792,-148.20966745612557,6,0.7
8976.44258627686,-15.356073431509065,-148.46590291524484,6,0.7
9038.878682016972,-15.479264239876318,-148.71973490408573,6,0.7
9101.74905514635,-15.60249330199811,-148.97086548658075,6,0.7
9165.056726303115,-15.725718106416073,-149.21981149469573,6,0.7
9228.804737135582,-15.848950859467552,-149.4664360894707,6,0.7
9292.996150448414,-15.9721901603516,-149.71076546367738,6,0.7
9357.634050349754,-16.09544735830844,-149.9526662761015,6,0.7
9422.721542399418,-16.218733114109586,-150.19200820036068,6,0.7
9488.261753758103,-16.34200812175396,-150.42929419780015,6,0.7
9554.257833337617,-16.465271757363528,-150.6645467501152,6,0.7
9620.712951952195,-16.588571302770017,-150.8971644502277,6,0.7
9687.630302470823,-16.711856925632297,-151.1277994248321,6,0.7
9755.013099970645,-16.835151369298917,-151.35616480026124,6,0.7
9822.864581891441,-16.958430242084805,-151.582593629885,6,0.7
9891.188008191157,-17.08171568427305,-151.80680179394685,6,0.7
9959.98666150255,-17.205017424674665,-152.02866329271302,6,0.7
10029.26384729088,-17.3282788551029,-152.24896037370405,6,0.7
10099.022894012754,-17.45156540082703,-152.46680794231105,6,0.7
10169.26715327601,-17.574842944195666,-152.6826834231619,6,0.7
10240.000000000768,-17.698110760936487,-152.89660884567954,6,0.7
10311.224832581574,-17.821357829639826,-153.1087534625527,6,0.7
10382.945073050678,-17.94463484922848,-153.31840288414787,6,0.7
10455.164167242447,-18.067859148029033,-153.52675499523593,6,0.7
10527.885584958914,-18.191091223465335,-153.73295069848172,6,0.7
10601.112820136505,-18.314319898310238,-153.93715980945808,6,0.7
10674.849391013888,-18.43753461747946,-154.13954852511662,6,0.7
10749.098840301021,-18.56074434639855,-154.33999445302564,6,0.7
10823.864735349352,-18.683920234548946,-154.538944903522,6,0.7
10899.15066832323,-18.80709940806647,-154.73585114655842,6,0.7
10974.960256372473,-18.930280640991953,-154.93073747516462,6,0.7
11051.297141806172,-19.053409222236056,-155.12446295637469,6,0.7
11128.16499226768,-19.176556693568926,-155.31592968660917,6,0.7
11205.567500910824,-19.299669178454895,-155.50599127339325,6,0.7
11283.508386577352,-19.422772737603587,-155.6942509722348,6,0.7
11361.991393975597,-19.545866697135637,-155.88072930891616,6,0.7
11441.020293860403,-19.668925535232493,-156.06585177184897,6,0.7
11520.598883214287,-19.79198241157858,-156.2490940268627,6,0.7
11600.730985429864,-19.915020261832655,-156.43074519786722,6,0.7
11681.420450493551,-20.038038869021474,-156.61082240203947,6,0.7
11762.671155170538,-20.161038032911453,-156.7893425293167,6,0.7
11844.48700319105,-20.284032987595424,-156.9660601929516,6,0.7
11926.871925437901,-20.407000102288603,-157.1413873203062,6,0.7
12009.82988013536,-20.529954538222967,-157.31507887341633,6,0.7
12093.36485303932,-20.65288845659473,-157.48728187292497,6,0.7
12177.4808576288,-20.775787195943177,-157.65826777487692,6,0.7
12262.181935298773,-20.89869428929773,-157.82728512989527,6,0.7
12347.472155554336,-21.021566010041518,-157.99511632611097,6,0.7
12433.355616206238,-21.144416825032494,-158.16152085215933,6,0.7
12519.836443567749,-21.267239805756702,-158.32663836486586,6,0.7
12606.918792652916,-21.390069006172595,-158.48986171073688,6,0.7
12694.606847376202,-21.51285655089287,-158.65207675971178,6,0.7
12782.904820753494,-21.63562955854712,-158.8128014348956,6,0.7
12871.816955104521,-21.758387719805825,-158.97205222928073,6,0.7
12961.347522256672,-21.881124362040545,-159.1299662669405,6,0.7
13051.500823750257,-22.003839486473822,-159.28655734593247,6,0.7
13142.28119104516,-22.126526904005573,-159.4419583998786,6,0.7
13233.69298572895,-22.249205228575043,-159.59582491673416,6,0.7
13325.740599726436,-22.371873954702192,-159.74817467967958,6,0.7
13418.428455510686,-22.494502923522543,-159.89961056471495,6,0.7
13511.761006315492,-22.617110503712205,-160.04978980598983,6,0.7
13605.74273634934,-22.739714039705593,-160.19837842737053,6,0.7
13700.378161010858,-22.86228442332667,-160.34596984199422,6,0.7
13795.671827105747,-22.984827815522117,-160.492457930906,6,0.7
13891.628313065248,-23.10736108976159,-160.6375126343927,6,0.7
13988.252229166108,-23.229867514842578,-160.78148835477802,6,0.7
14085.548217752083,-23.352368864187216,-160.9239471593333,6,0.7
14183.520953456982,-23.47483280600486,-161.06557452187656,6,0.7
14282.175143429275,-23.597280967362302,-161.20593365244352,6,0.7
14381.515527558222,-23.71971835478898,-161.3449283995568,6,0.7
14481.546878701633,-23.84212437364363,-161.48301059696564,6,0.7
14582.274002915165,-23.96451454322357,-161.6198620970535,6,0.7
14683.70173968323,-24.086878918229893,-161.75571135596374,6,0.7
14785.834962151528,-24.209227523810277,-161.8903532511786,6,0.7
14888.678577361155,-24.331560267502198,-162.02380062706112,6,0.7
14992.23752648439,-24.45387235410766,-162.15617174254527,6,0.7
15096.516785062071,-24.57616391111259,-162.28747706673775,6,0.7
15201.521363242668,-24.698435068693996,-162.41772693705022,6,0.7
15307.256306022984,-24.82069047282444,-162.54682803979995,6,0.7
15413.726693490553,-24.942921167685427,-162.6749981740308,6,0.7
15520.93764106771,-25.065127483565828,-162.80224526553897,6,0.7
15628.894299757369,-25.18732703945514,-162.9281711225597,6,0.7
15737.6018563905,-25.309493850753732,-163.05339648374513,6,0.7
15847.065533875337,-25.43165381694251,-163.1773238982017,6,0.7
15957.29059144831,-25.553789977709258,-163.300366845589,6,0.7
16068.282324926739,-25.675902661125964,-163.42253269541172,6,0.7
16180.046066963258,-25.798000239744148,-163.5436322942988,6,0.7
16292.587187302037,-25.920082690772862,-163.66367670860387,6,0.7
16405.911093036775,-26.04214217636782,-163.78287072249296,6,0.7
16520.023228870472,-26.164190584305484,-163.900932443132,6,0.7
16634.92907737704,-26.286216339479992,-164.0181614227193,6,0.7
16750.634159264704,-26.40821976357831,-164.13456442376688,6,0.7
16867.144033641256,-26.530208560809342,-164.24995934634154,6,0.7
16984.464298281135,-26.652175448641984,-164.3645440683071,6,0.7
17102.600589894384,-26.774131509004082,-164.47804565442482,6,0.7
17221.558584397462,-26.896065978807997,-164.59075366160954,6,0.7
17341.343997185955,-27.01798614718158,-164.70249057409006,6,0.7
17461.962583409164,-27.139888587193365,-164.81335759094327,6,0.7
17583.42013824662,-27.261770071087582,-164.92345336775583,6,0.7
17705.72249718651,-27.383640932064033,-165.03251368154983,6,0.7
17828.875536306066,-27.505491161946107,-165.14081839375757,6,0.7
17952.885172553855,-27.62732431338187,-165.2482844900429,6,0.7
18077.75736403408,-27.749143751108186,-165.3548312568067,6,0.7
18203.498110292836,-27.870943187019698,-165.46064339759488,6,0.7
18330.113452606365,-27.99272603131472,-165.56563943102105,6,0.7
18457.609474271307,-28.114495514114427,-165.66974013751062,6,0.7
18585.99230089697,-28.236245615976987,-165.77312644166136,6,0.7
18715.26810069965,-28.35798259279725,-165.87563297685435,6,0.7
18845.44308479898,-28.47970353806994,-165.97735336350763,6,0.7
18976.523507516347,-28.60140281536075,-166.07846310902914,6,0.7
19108.51566667538,-28.723095121576435,-166.17854726392972,6,0.7
19241.425903904536,-28.844771797452367,-166.2778671288694,6,0.7
19375.260604941792,-28.966430226336506,-166.37651202447998,6,0.7
19510.026199941436,-29.088076164374108,-166.47432291021371,6,0.7
19645.729163783028,-29.209701552936988,-166.57155245888256,6,0.7
19782.376016382463,-29.33131742887184,-166.66788020274927,6,0.7
19919.973323005244,-29.45291584776474,-166.76355701687118,6,0.7
20058.527694581913,-29.574504841814523,-166.85834812671578,6,0.7
20198.045788025658,-29.696076693066033,-166.95250098336854,6,0.7
20338.53430655217,-29.817636697840825,-167.045862664739,6,0.7
20480.00000000169,-29.939177464024404,-167.13867565247972,6,0.7
20622.4496651633,-30.060706692503576,-167.23070972573328,6,0.7
20765.890146101516,-30.182224431603764,-167.3219724942534,6,0.7
20910.32833448505,-30.303725977323744,-167.41262482650026,6,0.7
21055.771169917985,-30.425216269791434,-167.50251875008826,6,0.7
21202.22564027317,-30.54668842760765,-167.59188856589518,6,0.7
21349.698782027936,-30.66815190937069,-167.68043644752026,6,0.7
21498.197680602203,-30.789599930344487,-167.768395029749,6,0.7
21647.72947069887,-30.911037163018026,-167.85562019759078,6,0.7
21798.301336646622,-31.032463659843796,-167.9421190399296,6,0.7
21949.920512745113,-31.15387301522134,-168.0281179346081,6,0.7
22102.59428361251,-31.27526980241505,-168.11347410841952,6,0.7
22256.32998453553,-31.396656256971834,-168.19812083391008,6,0.7
22411.135001821818,-31.518034495978302,-168.28199327796673,6,0.7
22567.01677315487,-31.639398382295404,-168.36531312953556,6,0.7
22723.98278795137,-31.76074613754443,-168.44815483792397,6,0.7
22882.04058772098,-31.88208598405026,-168.53023988037702,6,0.7
23041.197766428744,-32.00341399080433,-168.6117156972555,6,0.7
23201.4619708599,-32.12472837218635,-168.6926566022151,6,0.7
23362.840900987278,-32.246031241958846,-168.7729974043866,6,0.7
23525.342310341253,-32.36732647411696,-168.85260642342308,6,0.7
23688.974006382276,-32.48860851339408,-168.93169491945957,6,0.7
23853.743850875984,-32.609877571122865,-169.01026635045335,6,0.7
24019.6597602709,-32.73113923284153,-169.08812332307815,6,0.7
24186.729706078822,-32.85238817499466,-169.16547277429444,6,0.7
24354.96171525778,-32.97362808746971,-169.2421859702151,6,0.7
24524.363870597732,-33.09485215130858,-169.31853124360526,6,0.7
24694.944311108862,-33.21607257120312,-169.39405319616904,6,0.7
24866.711232412665,-33.33727916186583,-169.46914988704484,6,0.7
25039.672887135683,-33.4584754841924,-169.54369464542887,6,0.7
25213.837585306024,-33.57966328533084,-169.61762810167477,6,0.7
25389.213694752598,-33.700839415179686,-169.69108273194527,6,0.7
25565.809641507185,-33.82200722062255,-169.76393567669874,6,0.7
25743.63391020923,-33.94316363956515,-169.8363175773981,6,0.7
25922.695044513537,-34.06431192667363,-169.90810719976233,6,0.7
26103.00164750071,-34.18544910517678,-169.97943337073644,6,0.7
26284.562382090517,-34.306582819086785,-170.04999268000154,6,0.7
26467.385971458098,-34.427699681013635,-170.1203417999229,6,0.7
26651.481199453076,-34.54881317910865,-170.189934679814,6,0.7
26836.856911021572,-34.66991029541769,-170.25932038242658,6,0.7
27023.522012631187,-34.79100555446004,-170.32790060417503,6,0.7
27211.485472698885,-34.91208762943042,-170.39615889787694,6,0.7
27400.75632202192,-35.03316366197807,-170.46380139335923,6,0.7
27591.3436542117,-35.15423092962489,-170.53095096317566,6,0.7
27783.256626130707,-35.27528952886061,-170.5976111624519,6,0.7
27976.504458332423,-35.396338234890464,-170.66384301926482,6,0.7
28171.096435504372,-35.517378484227,-170.72959141311213,6,0.7
28367.04190691418,-35.63841162938178,-170.79480259266978,6,0.7
28564.35028685876,-35.75943515140362,-170.85959336678837,6,0.7
28763.031055116662,-35.88045287111476,-170.92379683268643,6,0.7
28963.093757403483,-36.0014622283336,-170.9875284332052,6,0.7
29164.548005830547,-36.12246073847579,-171.05089967080153,6,0.7
29367.403479366687,-36.243450707913105,-171.1137980262493,6,0.7
29571.669924303278,-36.36443290607956,-171.17616621094658,6,0.7
29777.35715472254,-36.485404079605686,-171.23810674098866,6,0.7
29984.475052969006,-36.60636569461962,-171.29944233251427,6,0.7
30193.03357012437,-36.727310293570255,-171.36025138312363,6,0.7
30403.042726485564,-36.84822253150523,-171.42047286791927,6,0.7
30614.512612046197,-36.969042247938916,-171.48015213058403,6,0.7
30827.45338698134,-37.089583424278814,-171.540256561607,6,0.7
31041.875282135654,-37.21058503829902,-171.6038759781019,6,0.7
31257.788599514974,-37.33188016813506,-171.66273517067054,6,0.7
31475.203712781236,-37.45291322218475,-171.72059799565517,6,0.7
31694.13106775091,-37.5738682481069,-171.7782667577471,6,0.7
31914.581182896858,-37.694794782262974,-171.8356622504427,6,0.7
32136.564649853717,-37.81570625022756,-171.89272502491477,6,0.7
32360.09213392676,-37.936608274923366,-171.94937578019142,6,0.7
32585.17437460432,-38.05749889560148,-172.0057992763952,6,0.7
32811.8221860738,-38.17838395564786,-172.06173952363858,6,0.7
33040.04645774119,-38.29926296387902,-172.11724433734156,6,0.7
33269.85815475433,-38.42013435559005,-172.17241084356982,6,0.7
33501.26831852966,-38.54099839585686,-172.2272383711384,6,0.7
33734.28806728276,-38.66185799708059,-172.2815834424695,6,0.7
33968.928596562524,-38.78271143955055,-172.3355446544677,6,0.7
34205.20117978902,-38.90355883723782,-172.38912385236287,6,0.7
34443.11716879519,-39.024400289909515,-172.44232305901193,6,0.7
34682.68799437217,-39.14523503419333,-172.49519095692344,6,0.7
34923.92516681859,-39.26606486941857,-172.54763626792578,6,0.7
35166.8402764935,-39.38688734642481,-172.59979987760468,6,0.7
35411.44499437329,-39.507705056082145,-172.65154516994494,6,0.7
35657.7510726124,-39.62851802402462,-172.70287509700276,6,0.7
35905.77034510798,-39.74932547238433,-172.7538374245824,6,0.7
36155.51472806843,-39.87012822511009,-172.80438907870908,6,0.7
36406.99622058595,-39.99092549808919,-172.85457660272252,6,0.7
36660.22690521301,-40.11171576122949,-172.90448885357583,6,0.7
36915.21894854289,-40.232501286661204,-172.95399264909238,6,0.7
37171.98460179422,-40.353281176220264,-173.00313102504418,6,0.7
37430.53620139958,-40.47405516472576,-173.05190054892495,6,0.7
37690.88616959824,-40.59482342722016,-173.10025124661354,6,0.7
37953.04701503298,-40.71558334494182,-173.14825516502583,6,0.7
38217.03133335104,-40.83633293932377,-173.19584114860427,6,0.7
38482.85180780936,-40.9570649389409,-173.24294986001945,6,0.7
38750.521209883875,-41.07775627984181,-173.28936348083576,6,0.7
39020.05239988316,-41.198289840399724,-173.33498066138026,6,0.7
39291.458327566346,-41.31821633965483,-173.3831012894394,6,0.7
39564.752032765224,-41.43956333837505,-173.4353044295973,6,0.7
39839.94664601079,-41.56068297143922,-173.47982402695803,6,0.7
40117.05538916413,-41.681507965656394,-173.52449758150684,6,0.7
40396.09157605162,-41.80226877452782,-173.5691833520865,6,0.7
40677.068613104646,-41.92300759361852,-173.61369397021411,6,0.7
40960.00000000368,-42.04373433290818,-173.65802648611148,6,0.7
41244.899330326916,-42.16445352197767,-173.7021030147656,6,0.7
41531.78029220334,-42.28516622486296,-173.74594380731617,6,0.7
41820.65666897041,-42.405874452178864,-173.78946112048655,6,0.7
42111.54233983629,-42.52657920797005,-173.83261240304248,6,0.7
42404.45128054665,-42.64727844354621,-173.87554937578327,6,0.7
42699.3975640562,-42.76797351588792,-173.91819385625047,6,0.7
42996.39536120473,-42.88866566801056,-173.9604706975233,6,0.7
43295.458941398065,-43.00935222892403,-174.00256885414083,6,0.7
43596.60267329357,-43.13003658595775,-174.04426450945218,6,0.7
43899.84102549055,-43.25071662248671,-174.08570862851113,6,0.7
44205.18856722535,-43.37139399990985,-174.12679219216534,6,0.7
44512.659969071385,-43.49206615381394,-174.16769999021662,6,0.7
44822.27000364397,-43.61273473535295,-174.20832323010313,6,0.7
45134.033546310086,-43.7334013064482,-174.24855619069976,6,0.7
45447.96557590307,-43.85406288395886,-174.28861643649577,6,0.7
45764.081175442305,-43.974721535369426,-174.32836223397058,6,0.7
46082.39553285784,-44.09537632549685,-174.36786638523358,6,0.7
46402.92394172015,-44.21602922321473,-174.40699061704257,6,0.7
46725.681801974904,-44.336677872441115,-174.44591207177317,6,0.7
47050.68462068286,-44.45732420723962,-174.4844936837289,6,0.7
47377.94801276491,-44.5779659548798,-174.52290948015983,6,0.7
47707.487701752325,-44.69860591398343,-174.56095577606595,6,0.7
48039.319520542165,-44.81924229825295,-174.59877125986145,6,0.7
48373.45941215801,-44.93987604363389,-174.63629021750444,6,0.7
48709.923430515926,-45.060506311706476,-174.67358163011681,6,0.7
49048.72774119583,-45.18113316204947,-174.7106466629376,6,0.7
49389.888622218095,-45.30175791138605,-174.74738820866514,6,0.7
49733.4224648257,-45.42237932411794,-174.78390705654337,6,0.7
50000.0,-45.51540595606159,-174.8118363238455,6,0.7
10.0,-0.30744859743256214,-0.584537764448543,7,0.8
10.069555500567189,-0.30761596713152767,-0.5884287562441721,7,0.8
10.139594797900294,-0.307763864469553,-0.5923409206286324,7,0.8
10.210121257071936,-0.3079193775328038,-0.5962772717703474,7,0.8
10.281138266560667,-0.30807574948403316,-0.6002371657531292,7,0.8
10.352649238413779,-0.30824652985135936,-0.6042221976404004,7,0.8
10.424657608411218,-0.3083978880871833,-0.6082286917026085,7,0.8
10.497166836230678,-0.3085636797565917,-0.6122605077018942,7,0.8
10.57018040561381,-0.3087439171070845,-0.6163177635940885,7,0.8
10.643701824533608,-0.30890477175203823,-0.6203967000290687,7,0.8
10.71773462536294,-0.30909363429981096,-0.6245028174680524,7,0.8
10.792282365044281,-0.30927667718658614,-0.6286323329394117,7,0.8
10.867348625260592,-0.3094471466263269,-0.6327845195260686,7,0.8
10.942937012607405,-0.3096253602554896,-0.6369618175456832,7,0.8
11.019051158766118,-0.309811331800327,-0.6411643237666561,7,0.8
11.095694720678463,-0.3099915402679268,-0.6453905156247348,7,0.8
11.172871380722214,-0.3101727678416939,-0.6496412684881789,7,0.8
11.250584846888108,-0.31036856366718163,-0.6539183005660364,7,0.8
11.328838852958,-0.3105654077334805,-0.6582200688572982,7,0.8
11.407637158684253,-0.31074978125069874,-0.662544982260722,7,0.8
11.486983549970367,-0.31094876769761287,-0.666896432676689,7,0.8
11.566881839052892,-0.31116238189135426,-0.6712745276964356,7,0.8
11.647335864684578,-0.3113635725689428,-0.6756759711308495,7,0.8
11.728349492318808,-0.3115658894575488,-0.680102509399087,7,0.8
11.809926614295325,-0.3117693488513338,-0.6845542101801554,7,0.8
11.892071150027233,-0.3119739672862564,-0.6890311397162188,7,0.8
11.97478704618931,-0.312193293625424,-0.6935351137051777,7,0.8
12.05807827690763,-0.31242057815645025,-0.6980653514113284,7,0.8
12.141948843950495,-0.3126355404906669,-0.7026192695427987,7,0.8
12.226402776920713,-0.3128517302279848,-0.7071986792727055,7,0.8
12.31144413344919,-0.31307593063640554,-0.7118045401504286,7,0.8
12.397076999389895,-0.313308159345232,-0.7164369285816297,7,0.8
12.48330548901615,-0.31354166907322095,-0.7210950055832618,7,0.8
12.570133745218314,-0.3137629483920421,-0.7257769837989337,7,0.8
12.657565939702833,-0.31401260628200134,-0.7304884385169632,7,0.8
12.745606273192656,-0.31424330710044807,-0.7352229626239487,7,0.8
12.834258975629076,-0.3144821299002569,-0.7399843064792555,7,0.8
12.923528306374958,-0.31472909396092996,-0.7447725365948273,7,0.8
13.013418554419374,-0.31497745460301346,-0.749586763543098,7,0.8
13.10393403858367,-0.31523399623371334,-0.7544279909282301,7,0.8
13.195079107728983,-0.3154784472706832,-0.759293375612818,7,0.8
13.286858140965156,-0.3157446483754971,-0.7641877896021115,7,0.8
13.379275547861162,-0.3160055649982773,-0.7691074036152417,7,0.8
13.472335768656947,-0.3162679826289022,-0.7740532198109258,7,0.8
13.566043274476765,-0.3165319231691802,-0.7790252699692041,7,0.8
13.660402567544,-0.3168041719113923,-0.784024587256497,7,0.8
13.755418181397484,-0.31707122512589136,-0.7890491986853694,7,0.8
13.851094681109295,-0.3173601570724497,-0.7941031803691504,7,0.8
13.947436663504105,-0.317637176758456,-0.7991814925903244,7,0.8
14.044448757380025,-0.3179225958856871,-0.8042872103756332,7,0.8
14.142135623731003,-0.3182164378511505,-0.8094203736238802,7,0.8
14.240501955970773,-0.31850520247776926,-0.814578923517332,7,0.8
14.33955248015833,-0.31880243855084783,-0.8197649613542191,7,0.8
14.439291955225018,-0.31908788579874525,-0.8249753291375275,7,0.8
14.539725173203164,-0.31940890052955284,-0.8302174864305784,7,0.8
14.640856959456315,-0.31970465490296723,-0.8354818422794646,7,0.8
14.742692172911074,-0.32002926539509513,-0.8407769998688964,7,0.8
14.845235706290554,-0.3203354307029955,-0.8460953883182628,7,0.8
14.94849248634945,-0.3206569825360784,-0.8514424461330073,7,0.8
15.05246747411074,-0.320973665952805,-0.8568148812363934,7,0.8
15.15716566510405,-0.321292269552359,-0.8622137780528768,7,0.8
15.26259208960566,-0.321633101445131,-0.867642504716356,7,0.8
15.368751812880195,-0.3219556299391403,-0.8730943057220909,7,0.8
15.475649935423972,-0.3223072027265158,-0.8785770934417519,7,0.8
15.58329159321007,-0.32264729091732164,-0.8840840320143565,7,0.8
15.69168195793509,-0.3229962030499384,-0.8896185267768021,7,0.8
15.800826237267621,-0.3233404511962096,-0.8951782353313349,7,0.8
15.910729675098453,-0.32370034280767934,-0.9007666321599198,7,0.8
16.02139755179252,-0.32405563270784465,-0.9063801734390476,7,0.8
16.13283518444261,-0.32441986975791626,-0.9120211833872215,7,0.8
16.245047927124794,-0.3247795697403078,-0.9176872370362942,7,0.8
16.358041171155712,-0.32515503925857053,-0.9233818988934115,7,0.8
16.471820345351553,-0.3255327953060982,-0.929102728225467,7,0.8
16.586390916288924,-0.3259061145086556,-0.9348484400339001,7,0.8
16.70175838856748,-0.32630205977772353,-0.9406239077334674,7,0.8
16.817928305074386,-0.3266868802180741,-0.9464229070663757,7,0.8
16.93490624725064,-0.3270808820904028,-0.9522490913350895,7,0.8
17.052697835359233,-0.32747058817945685,-0.9580998836831283,7,0.8
17.17130872875518,-0.3278830595209864,-0.9639802890211348,7,0.8
17.290744626157405,-0.32828455241894583,-0.9698838833593785,7,0.8
17.411011265922586,-0.32870888313741997,-0.9758170062852246,7,0.8
17.53211442632081,-0.3291223117351891,-0.9817731315213326,7,0.8
17.654059925813208,-0.3295451432154606,-0.9877560559491048,7,0.8
17.776853623331515,-0.3299841707225186,-0.9937670388255647,7,0.8
17.900501418559564,-0.3303989066361917,-0.9997980333467701,7,0.8
18.02500925221672,-0.3308434272175018,-1.0058595731600366,7,0.8
18.150383106343334,-0.33127724772141426,-1.0119435436289823,7,0.8
18.27662900458813,-0.33174093254815823,-1.0180579594286776,7,0.8
18.403753012497624,-0.33218049521591125,-1.024191828785242,7,0.8
18.53176123780754,-0.3326432525875136,-1.0303546024585162,7,0.8
18.660659830736275,-0.3331089880062352,-1.0365420618588754,7,0.8
18.790454984280366,-0.3335777459200552,-1.0427540770809665,7,0.8
18.921152934512047,-0.3340428194612191,-1.0489890974464784,7,0.8
19.05275996087888,-0.3345312621428298,-1.0552526582605486,7,0.8
19.18528238650542,-0.3350161121933723,-1.0615389618763214,7,0.8
19.31872657849705,-0.3355109199182922,-1.067850723502259,7,0.8
19.453098948245852,-0.3360089815890788,-1.0741863630590853,7,0.8
19.588405951738682,-0.33649684504470984,-1.0805427826155933,7,0.8
19.72465408986733,-0.3370150623216983,-1.0869286373652218,7,0.8
19.861849908740865,-0.3375231810463255,-1.0933349403456527,7,0.8
20.00000000000015,-0.33804150252002113,-1.099765960719719,7,0.8
20.13911100113453,-0.33855657927905985,-1.1062185251248793,7,0.8
20.279189595800737,-0.3391022088139426,-1.1127000447740951,7,0.8
20.42024251414402,-0.33963120133787766,-1.1191997081300629,7,0.8
20.56227653312149,-0.34017060649659936,-1.1257234134135288,7,0.8
20.70529847682771,-0.34072722603132066,-1.1322725572517622,7,0.8
20.849315216822593,-0.34126737673587904,-1.1388391454520639,7,0.8
20.994333672461515,-0.34182485372160015,-1.1454307832326727,7,0.8
21.14036081122778,-0.34239971246809864,-1.1520473278464556,7,0.8
21.28740364906737,-0.342958277684404,-1.1586805920397112,7,0.8
21.43546925072604,-0.3435410877793957,-1.165339964007808,7,0.8
21.584564730088722,-0.3441279629849358,-1.1720204265347787,7,0.8
21.734697250521346,-0.3447122193146137,-1.1787201003306997,7,0.8
21.885874025214974,-0.3453006648982429,-1.1854403656107582,7,0.8
22.038102317532406,-0.3459135962510469,-1.1921859867787103,7,0.8
22.191389441357092,-0.34652409773039156,-1.1989500969317437,7,0.8
22.345742761444598,-0.3471322355784253,-1.2057324027322196,7,0.8
22.501169693776383,-0.34775156362879506,-1.212536021428944,7,0.8
22.657677705916175,-0.3483754049156653,-1.2193590045447378,7,0.8
22.815274317368676,-0.3490105700717021,-1.2262028152903424,7,0.8
22.973967099940907,-0.3496571270695193,-1.233067216899025,7,0.8
23.13376367810596,-0.35030840324617585,-1.2399502071029518,7,0.8
23.29467172936933,-0.35096446991826263,-1.2468514996863593,7,0.8
23.456698984637793,-0.3516051769543949,-1.2537654394519544,7,0.8
23.619853228590827,-0.3522777846669587,-1.2607042179964707,7,0.8
23.784142300054643,-0.3529486626275261,-1.2676586210781833,7,0.8
23.949574092378796,-0.3536381066520533,-1.2746337884375636,7,0.8
24.11615655381544,-0.3543192345443568,-1.281622119071402,7,0.8
24.28389768790117,-0.3550056044647877,-1.288626926908625,7,0.8
24.452805553841607,-0.35570403404376216,-1.2956497618709915,7,0.8
24.622888266898567,-0.3564078646972005,-1.3026884542690573,7,0.8
24.794153998779972,-0.3571373903595057,-1.3097483747969823,7,0.8
24.966610978032485,-0.35785900538653037,-1.316819742829876,7,0.8
25.140267490436816,-0.3585795332837308,-1.3239040602644527,7,0.8
25.315131879405854,-0.3592990610217742,-1.3310009374655647,7,0.8
25.4912125463855,-0.36005135466429866,-1.3381197791031916,7,0.8
25.668517951258348,-0.3607960863905782,-1.3452485616881975,7,0.8
25.847056612750112,-0.3615602870203337,-1.35239479729573,7,0.8
26.026837108838944,-0.3623238422846309,-1.3595521984137273,7,0.8
26.20786807716754,-0.36308684595892565,-1.3667203523114617,7,0.8
26.390158215458165,-0.36387632585557944,-1.3739069890942135,7,0.8
26.573716281930512,-0.3646452441260986,-1.3810975068157956,7,0.8
26.758551095722524,-0.3654408284717436,-1.3883058172540839,7,0.8
26.944671537314093,-0.3662362458455634,-1.3955233430177534,7,0.8
27.13208654895373,-0.36705179083195194,-1.4027559528904165,7,0.8
27.320805135088207,-0.3678606388487757,-1.409994886349995,7,0.8
27.510836362795175,-0.36867635586047265,-1.417243920154121,7,0.8
27.7021893622188,-0.36951250531792884,-1.424506959245604,7,0.8
27.89487332700842,-0.37033554429942056,-1.4317728691412386,7,0.8
28.088897514760255,-0.3711724992045023,-1.439049833063191,7,0.8
28.284271247462218,-0.3720167493810314,-1.4463352958852163,7,0.8
28.48100391194176,-0.3728751329937806,-1.4536310688091774,7,0.8
28.679104960316874,-0.3737477607168838,-1.4609367942838256,7,0.8
28.878583910450253,-0.37462129197248895,-1.4682476067574837,7,0.8
29.079450346406546,-0.37549584406284753,-1.4755630402261752,7,0.8
29.28171391891285,-0.37637826140593456,-1.4828849147803895,7,0.8
29.485384345822368,-0.3772753879974594,-1.4902151198852522,7,0.8
29.690471412581335,-0.3781671703627038,-1.4975463163017269,7,0.8
29.896984972699123,-0.3790806294102173,-1.5048873477772644,7,0.8
30.104934948221704,-0.37999571696912365,-1.5122308184900026,7,0.8
30.314331330208326,-0.38091256119249495,-1.5195762513949123,7,0.8
30.52518417921155,-0.3818514581023582,-1.5269303652634485,7,0.8
30.73750362576062,-0.3827789274373092,-1.5342807606349118,7,0.8
30.951299870848175,-0.38372198990454176,-1.5416365921759383,7,0.8
31.16658318642038,-0.3846807779033132,-1.5489974945249767,7,0.8
31.38336391587042,-0.385641986473536,-1.5563581521567469,7,0.8
31.60165247453548,-0.386599036453339,-1.563715589967901,7,0.8
31.82145935019715,-0.38758566390279553,-1.5710818451733117,7,0.8
32.04279510358529,-0.38856169848834615,-1.578441466362446,7,0.8
32.26567036888546,-0.3895541589667029,-1.5858040769442387,7,0.8
32.49009585424984,-0.39054304002047024,-1.5931615947772648,7,0.8
32.716082342311665,-0.39154864198903233,-1.6005212717933657,7,0.8
32.94364069070335,-0.39255096753149543,-1.607874907901154,7,0.8
33.172781832578096,-0.39357703249469733,-1.6152325199460744,7,0.8
33.40351677713521,-0.39460684579364663,-1.6225858520929617,7,0.8
33.63585661014903,-0.39563385319022804,-1.6299317595069862,7,0.8
33.86981249450153,-0.39667164398012733,-1.637275118151319,7,0.8
34.10539567071872,-0.39772709245030186,-1.6446182559284976,7,0.8
34.34261745751061,-0.39877351452147236,-1.6519498700856767,7,0.8
34.58148925231507,-0.3998312156338636,-1.6592776779011444,7,0.8
34.822022531845434,-0.40088694422243853,-1.6665957215234364,7,0.8
35.064228852641875,-0.401974424204403,-1.6739175465770042,7,0.8
35.30811985162668,-0.40304686041711424,-1.6812231520336098,7,0.8
35.55370724666329,-0.40414468748946786,-1.6885290406848859,7,0.8
35.80100283711939,-0.4052412495688809,-1.6958234771039193,7,0.8
36.05001850443371,-0.40634343920600086,-1.7031088767211482,7,0.8
36.30076621268694,-0.4074581488755935,-1.7103877537301764,7,0.8
36.55325800917653,-0.40856544814015205,-1.7176509274966043,7,0.8
36.80750602499552,-0.4096923525295384,-1.7249097505821853,7,0.8
37.06352247561536,-0.4108189389289342,-1.7321549873119149,7,0.8
37.32131966147283,-0.41195881344997415,-1.7393922272642188,7,0.8
37.58090996856101,-0.41309876750434565,-1.746615081819491,7,0.8
37.84230586902438,-0.4142390053517503,-1.753823115886612,7,0.8
38.105519921758045,-0.4153931373107867,-1.7610220918571653,7,0.8
38.37056477301113,-0.41656807006775015,-1.7682148615032995,7,0.8
38.63745315699439,-0.41773050896703456,-1.7753855214012961,7,0.8
38.906197896491996,-0.41890747197015943,-1.78254620434516,7,0.8
39.176811903477656,-0.420085775795483,-1.7896902867448465,7,0.8
39.449308179734956,-0.4212790382273025,-1.7968238379756343,7,0.8
39.72369981748203,-0.42246738729007577,-1.8039369090658002,7,0.8
40.000000000000604,-0.4236644460577411,-1.8110356197577624,7,0.8
40.27822200226936,-0.4248704429848673,-1.8181197120188743,7,0.8
40.55837919160177,-0.4260789143049216,-1.8251856147200975,7,0.8
40.840485028288356,-0.42730348592720285,-1.8322397262893295,7,0.8
41.124553066243294,-0.42851761804943517,-1.8392683877932483,7,0.8
41.410596953655734,-0.429748330593009,-1.8462847897825656,7,0.8
41.6986304336455,-0.430982480699056,-1.8532819580449627,7,0.8
41.98866734492334,-0.4322270095693389,-1.8602631069055353,7,0.8
42.28072162245588,-0.4334687859031877,-1.8672211010170936,7,0.8
42.57480729813507,-0.4347147581931227,-1.8741591591386815,7,0.8
42.8709385014524,-0.4359718753564511,-1.8810806301858412,7,0.8
43.16912946017777,-0.4372337092128137,-1.887981838725716,7,0.8
43.46939450104301,-0.43850052593254396,-1.8948626201460654,7,0.8
43.771748050430276,-0.4397659078169128,-1.9017191911641909,7,0.8
44.07620463506514,-0.441050189799987,-1.9085623367186,7,0.8
44.38277888271451,-0.4423269007246011,-1.9153773410146335,7,0.8
44.69148552288952,-0.4436096952391133,-1.9221713908875746,7,0.8
45.00233938755311,-0.4448988569595894,-1.9289444194224357,7,0.8
45.315355411832684,-0.44619467308379623,-1.9356963810402283,7,0.8
45.63054863473769,-0.4474840687154591,-1.9424196141531094,7,0.8
45.947934199882155,-0.4487807069927038,-1.9491216306900605,7,0.8
46.26752735621227,-0.45009824880488947,-1.9558102140237998,7,0.8
46.58934345873901,-0.45141026902828574,-1.9624699449830059,7,0.8
46.913397969275934,-0.45273043747900366,-1.9691085917060154,7,0.8
47.23970645718201,-0.45404570527149196,-1.9757182917192972,7,0.8
47.56828460010965,-0.4553630684302787,-1.982302977730212,7,0.8
47.89914818475796,-0.4566828462007127,-1.9888626933212852,7,0.8
48.232313107631235,-0.45801871548044415,-1.9954056585478603,7,0.8
48.5677953758027,-0.45935764651262423,-2.001923948534288,7,0.8
48.90561110768358,-0.4606932948600953,-2.0084135414599733,7,0.8
49.2457765337975,-0.4620259976740743,-2.0148744829927128,7,0.8
49.58830799756032,-0.4633694438869107,-2.0213152658058515,7,0.8
49.933221956065346,-0.4647106278857591,-2.0277277025438214,7,0.8
50.280534980874016,-0.4660699160953632,-2.0341247580928217,7,0.8
50.630263758812085,-0.4674142968327965,-2.0404853234250533,7,0.8
50.982425092771386,-0.46875080288039855,-2.0468137183162805,7,0.8
51.33703590251707,-0.4701198190659003,-2.0531363597901824,7,0.8
51.69411322550061,-0.4714750139713296,-2.0594230673926397,7,0.8
52.05367421767828,-0.4728434367284961,-2.065691724785415,7,0.8
52.41573615433548,-0.4741987853127613,-2.0719248680303686,7,0.8
52.78031643091672,-0.4755681113927324,-2.078140729697682,7,0.8
53.14743256386143,-0.4769184609694769,-2.0843170456442435,7,0.8
53.517102191445446,-0.4782968877979359,-2.0904861098934022,7,0.8
53.8893430746286,-0.4796637845170501,-2.096620930418051,7,0.8
54.264173097907864,-0.48103954408410166,-2.102735777352448,7,0.8
54.64161027017682,-0.4824045739498967,-2.108817089451549,7,0.8
55.02167272559077,-0.4837792714972401,-2.114879428438132,7,0.8
55.40437872443802,-0.48514405746409134,-2.1209090676703903,7,0.8
55.78974665401725,-0.48651933381589707,-2.1269208661373042,7,0.8
56.17779502952094,-0.48789219527728017,-2.1329058063753794,7,0.8
56.56854249492486,-0.4892697265871246,-2.138869337430478,7,0.8
56.962007823883944,-0.49064569583341344,-2.144807189680318,7,0.8
57.358209920634174,-0.49202719549339924,-2.150724961248122,7,0.8
57.75716782090094,-0.49340134659749646,-2.15661333449762,7,0.8
58.158900692813525,-0.4947685945848814,-2.1624728572218577,7,0.8
58.56342783782614,-0.49614935853763636,-2.1683194721726102,7,0.8
58.97076869164518,-0.49752412005140045,-2.174138683648588,7,0.8
59.38094282516311,-0.498906648504214,-2.1799415528059587,7,0.8
59.79396994539869,-0.5002840955544039,-2.1857185273028112,7,0.8
60.209869896443855,-0.5016569302790161,-2.1914703309532344,7,0.8
60.628662660417106,-0.5030123208646635,-2.1971870569740615,7,0.8
61.05036835842356,-0.5044039673309432,-2.202912251942322,7,0.8
61.4750072515217,-0.5057658262203555,-2.20859333067392,7,0.8
61.90259974169682,-0.5071382988563535,-2.2142634228092213,7,0.8
62.33316637284123,-0.5085085742655812,-2.2199126827697615,7,0.8
62.766727831741306,-0.5098771506920241,-2.2255420556423204,7,0.8
63.20330494907143,-0.5112378825457878,-2.2311469252290004,7,0.8
63.642918700394766,-0.5125979280823312,-2.236733821049155,7,0.8
64.08559020717105,-0.5139710953667571,-2.2423151838490023,7,0.8
64.5313407377714,-0.5153313113959814,-2.2478694413793745,7,0.8
64.98019170850016,-0.516679103268698,-2.253397453751284,7,0.8
65.43216468462381,-0.5180415851814641,-2.258923439760259,7,0.8
65.8872813814072,-0.5193993519572219,-2.2644312652988106,7,0.8
66.34556366515669,-0.5207462996818206,-2.269916120250209,7,0.8
66.80703355427093,-0.5220896192898117,-2.27538498895008,7,0.8
67.27171322029855,-0.5234431473412516,-2.2808511091848875,7,0.8
67.73962498900357,-0.5247742238262171,-2.2862856501716378,7,0.8
68.21079134143795,-0.5261166240351471,-2.2917200463381397,7,0.8
68.68523491502174,-0.527450986763519,-2.297137396887623,7,0.8
69.16297850463066,-0.5287845256076756,-2.3025451269587935,7,0.8
69.6440450636914,-0.5301111769627795,-2.307938361175541,7,0.8
70.12845770528428,-0.5314381636396533,-2.3133247050351575,7,0.8
70.61623970325388,-0.5327660724987113,-2.318705635840283,7,0.8
71.10741449332713,-0.5340888573819781,-2.32407624946912,7,0.8
71.60200567423932,-0.5354004796691986,-2.329431476972812,7,0.8
72.10003700886796,-0.5367015453645912,-2.334772608850325,7,0.8
72.60153242537443,-0.5380192121644736,-2.3401272962386055,7,0.8
73.10651601835362,-0.5393142736063355,-2.345457742790861,7,0.8
73.61501204999159,-0.5406072613111657,-2.3507851011224976,7,0.8
74.12704495123128,-0.541898800723351,-2.35611098250135,7,0.8
74.64263932294622,-0.543189522597977,-2.3614370406706415,7,0.8
75.16181993712259,-0.5444800630079745,-2.3667649722121027,7,0.8
75.68461173804933,-0.5457511629139095,-2.3720758027843294,7,0.8
76.21103984351666,-0.5470300054711826,-2.3773986574323835,7,0.8
76.74112954602285,-0.548297343735966,-2.3827144793671398,7,0.8
77.27490631398935,-0.5495604700023193,-2.388031872559554,7,0.8
77.81239579298456,-0.5508134168323694,-2.3933454495359117,7,0.8
78.3536238069559,-0.5520767483204087,-2.3986783813293586,7,0.8
78.8986163594705,-0.5533179832633744,-2.403996620988807,7,0.8
79.44739963496465,-0.5545643265188844,-2.4093307248937386,7,0.8
80.00000000000179,-0.5558032025737365,-2.4146680600957424,7,0.8
80.55644400453932,-0.5570220446875194,-2.4199955701038816,7,0.8
81.11675838320417,-0.5582546971377073,-2.4253521116636265,7,0.8
81.68097005657731,-0.5594753445814202,-2.430709934099855,7,0.8
82.24910613248719,-0.5606846959152253,-2.4360707663682706,7,0.8
82.8211939073121,-0.561896720654395,-2.4414516940199493,7,0.8
83.39726086729164,-0.5630856263792096,-2.446824017173497,7,0.8
83.97733468984731,-0.5642786476568032,-2.452220343281449,7,0.8
84.56144324491237,-0.5654831384777477,-2.4576507787462725,7,0.8
85.14961459627077,-0.5666534465317378,-2.4630624910712684,7,0.8
85.74187700290544,-0.5678234454328145,-2.468496547967745,7,0.8
86.33825892035618,-0.5690005046844862,-2.473963191313699,7,0.8
86.93878900208668,-0.5701654964886829,-2.479440587846335,7,0.8
87.54349610086122,-0.5713258018249683,-2.484938816536617,7,0.8
88.15240927013093,-0.572462306733281,-2.4904353661002516,7,0.8
88.7655577654297,-0.5736089008053942,-2.4959732894240165,7,0.8
89.38297104577971,-0.5747398558482392,-2.501521809223573,7,0.8
90.00467877510688,-0.5758559483625042,-2.507082819819743,7,0.8
90.63071082366605,-0.5769910776620071,-2.512700681448437,7,0.8
91.26109726947607,-0.5780930392116477,-2.518309956476539,7,0.8
91.895868399765,-0.5792023647510655,-2.5239637782758764,7,0.8
92.53505471242522,-0.5803066018886825,-2.5296474438211196,7,0.8
93.17868691747873,-0.5813999274101551,-2.535354509961497,7,0.8
93.82679593855258,-0.5824831460211803,-2.5410871280037286,7,0.8
94.47941291436473,-0.5835570669298781,-2.5468474922121085,7,0.8
95.13656920022001,-0.5846291259571519,-2.5526468031832494,7,0.8
95.79829636951663,-0.5857001406794152,-2.5584875530260542,7,0.8
96.4646262152632,-0.5867378238310292,-2.5643267622946007,7,0.8
97.13559075160614,-0.5878025992363257,-2.5702485251173854,7,0.8
97.81122221536789,-0.5888290799058877,-2.5761638634061548,7,0.8
98.49155306759573,-0.5898644530305367,-2.5821393923848603,7,0.8
99.17661599512138,-0.5908830714835164,-2.588140487294113,7,0.8
99.86644391213144,-0.591899021487514,-2.5941881931578887,7,0.8
100.56106996174877,-0.5928999074915358,-2.600266032332654,7,0.8
101.26052751762494,-0.5939196865694808,-2.6064242690231145,7,0.8
101.96485018554354,-0.5949128647675554,-2.6125984569267806,7,0.8
102.67407180503491,-0.5958869218077161,-2.6188002011191154,7,0.8
103.388226451002,-0.59686258278264,-2.6250611228151897,7,0.8
104.10734843535732,-0.5978274705142751,-2.6313642265189174,7,0.8
104.83147230867174,-0.5987890744405497,-2.6377219264182132,7,0.8
105.56063286183424,-0.5997482660693441,-2.644136921829055,7,0.8
106.29486512772365,-0.6006992988099643,-2.650601813700995,7,0.8
107.03420438289172,-0.601629807606752,-2.6570987132110795,7,0.8
107.778686149258,-0.6025472934995837,-2.663640057185947,7,0.8
108.52834619581655,-0.6034791245234028,-2.6702697900421746,7,0.8
109.28322054035448,-0.6043732148609583,-2.676907620608384,7,0.8
110.04334545118235,-0.6052900449596856,-2.6836499821787676,7,0.8
110.80875744887686,-0.6061841539831149,-2.690426259878109,7,0.8
111.57949330803534,-0.6070630545569424,-2.6972492666417187,7,0.8
112.35559005904271,-0.6079408836746799,-2.704142971865217,7,0.8
113.13708498985058,-0.6088185369409113,-2.7111103062802866,7,0.8
113.92401564776874,-0.6096836668125779,-2.718132339965115,7,0.8
114.71641984126921,-0.6105371708260471,-2.725211599523195,7,0.8
115.51433564180275,-0.6113865704920891,-2.7323617785917547,7,0.8
116.31780138562794,-0.612219520055997,-2.7395633292916592,7,0.8
117.12685567565316,-0.6130567892258539,-2.746852537442701,7,0.8
117.94153738329126,-0.613872786350248,-2.754187101495702,7,0.8
118.76188565032712,-0.614694906825103,-2.761615121201067,7,0.8
119.58793989079828,-0.6154909333355179,-2.7690821406129245,7,0.8
120.41973979288862,-0.6162882628926387,-2.7766367810706223,7,0.8
121.25732532083512,-0.6170811732591011,-2.784270460082867,7,0.8
122.10073671684803,-0.6178639405086495,-2.791974288119212,7,0.8
122.95001450304433,-0.6186242130793644,-2.7997271524625176,7,0.8
123.80519948339456,-0.6193960170640698,-2.807591266122944,7,0.8
124.66633274568338,-0.6201471217283793,-2.815509779920416,7,0.8
125.53345566348355,-0.6208916742974961,-2.8235093510795752,7,0.8
126.40660989814381,-0.6216305692569242,-2.831592859695779,7,0.8
127.28583740079048,-0.6223580715414044,-2.839750860964824,7,0.8
128.17118041434307,-0.6230816984080566,-2.847998504605398,7,0.8
129.0626814755438,-0.6237957092870486,-2.8563262443777586,7,0.8
129.9603834170013,-0.624500988103111,-2.864736850342481,7,0.8
130.86432936924862,-0.625198415770805,-2.873233133012805,7,0.8
131.77456276281538,-0.6258888699175412,-2.8818179433598567,7,0.8
132.69112733031437,-0.6265732245996001,-2.890494172787357,7,0.8
133.61406710854286,-0.6272390871284388,-2.899238679103848,7,0.8
134.5434264405981,-0.6279072160390249,-2.9080932512226934,7,0.8
135.47924997800817,-0.6285585766265099,-2.917021492299329,7,0.8
136.42158268287693,-0.6292072884209885,-2.9260525226847185,7,0.8
137.3704698300445,-0.629860836988049,-2.9352028617353194,7,0.8
138.32595700926237,-0.6304802623355387,-2.9443947338246566,7,0.8
139.28809012738384,-0.6311062067554192,-2.9537115970389567,7,0.8
140.25691541056963,-0.6317195981048572,-2.9631157413474765,7,0.8
141.23247940650882,-0.6323345334420928,-2.9726374672711433,7,0.8
142.2148289866553,-0.6329252829196458,-2.9822242709240436,7,0.8
143.20401134847972,-0.6335192046852983,-2.991934402548966,7,0.8
144.200074017737,-0.6341038261997777,-3.001742894451485,7,0.8
145.20306485074994,-0.6346733005076759,-3.011638229476144,7,0.8
146.2130320367083,-0.6352549737719353,-3.0216803162201433,7,0.8
147.2300240999843,-0.635809778423895,-3.0317860818793676,7,0.8
148.25408990246365,-0.6363517586619506,-3.041986542301163,7,0.8
149.28527864589356,-0.6368949561072724,-3.0523135935728996,7,0.8
150.32363987424628,-0.6374401204717861,-3.0627704315529227,7,0.8
151.3692234760998,-0.6379680541876765,-3.0733155595080737,7,0.8
152.42207968703445,-0.6384861236285662,-3.083966250419857,7,0.8
153.48225909204683,-0.6389950400310541,-3.094725106796297,7,0.8
154.54981262797986,-0.6395021515352933,-3.1056099885250097,7,0.8
155.6247915859703,-0.6399948488978704,-3.1165931600311345,7,0.8
156.70724761391295,-0.6404738033477597,-3.127676930143087,7,0.8
157.79723271894218,-0.6409662809355653,-3.1389259443498516,7,0.8
158.8947992699305,-0.6414330206041761,-3.1502497240992935,7,0.8
160.0000000000048,-0.6419079173484163,-3.1617289777907738,7,0.8
161.11288800907985,-0.6423649753190098,-3.17330337218898,7,0.8
162.23351676640956,-0.6428047914849768,-3.184974899852602,7,0.8
163.36194011315587,-0.6432412630833794,-3.1967778806976965,7,0.8
164.49821226497562,-0.6436749627815159,-3.2087150110855904,7,0.8
165.6423878146254,-0.6441064468581198,-3.2207889885906367,7,0.8
166.79452173458452,-0.6445229308962392,-3.232969458460486,7,0.8
167.9546693796959,-0.6449382553689371,-3.2452916804424046,7,0.8
169.12288648982604,-0.6453395950306879,-3.2577247997289898,7,0.8
170.29922919254284,-0.6457274271372062,-3.270270754966952,7,0.8
171.4837540058122,-0.6461155447898452,-3.2829654998332813,7,0.8
172.6765178407137,-0.6465043952047967,-3.2958116817234804,7,0.8
173.87757800417467,-0.6468743943463305,-3.308760131412507,7,0.8
175.08699220172375,-0.647239279496296,-3.321847115390898,7,0.8
176.30481854026317,-0.6475994318867472,-3.3350748420651244,7,0.8
177.53111553086072,-0.6479485360593678,-3.348427843246933,7,0.8
178.7659420915608,-0.6483002782641861,-3.3619434414365372,7,0.8
180.00935755021513,-0.6486149079914094,-3.375516689940012,7,0.8
181.26142164733346,-0.6489594926967743,-3.3893281078967936,7,0.8
182.52219453895353,-0.6492675079765473,-3.4031999880395003,7,0.8
183.7917367995314,-0.6495859564502271,-3.4172604739844297,7,0.8
185.07010942485184,-0.6498950117779065,-3.4314569988374646,7,0.8
186.35737383495882,-0.6501881753305129,-3.4457724891170973,7,0.8
187.65359187710658,-0.6504856708884106,-3.460264102747867,7,0.8
188.95882582873088,-0.6507608824133213,-3.4748586594641613,7,0.8
190.27313840044144,-0.6510406783937588,-3.4896325783340334,7,0.8
191.59659273903472,-0.6513117625440821,-3.504549693668962,7,0.8
192.92925243052787,-0.6515741883586411,-3.5196111823175076,7,0.8
194.27118150321374,-0.6518279807262789,-3.5348181444563394,7,0.8
195.62244443073726,-0.6520731354016839,-3.55017159942844,7,0.8
196.98310613519297,-0.6523096184783295,-3.5656724814757403,7,0.8
198.35323199024427,-0.6525440706980751,-3.581341459139691,7,0.8
199.73288782426437,-0.6527764036993855,-3.597179714615417,7,0.8
201.12213992349908,-0.6529930797937438,-3.6131481128185357,7,0.8
202.5210550352514,-0.6532006461494582,-3.629267029515643,7,0.8
203.9297003710886,-0.6534056264886396,-3.6455573135230472,7,0.8
205.3481436100714,-0.6536010890775895,-3.6619991866585684,7,0.8
206.77645290200556,-0.6538002146151558,-3.678634267569306,7,0.8
208.21469687071618,-0.6539758451533322,-3.695380144211599,7,0.8
209.66294461734503,-0.6541343656044091,-3.7122568848426054,7,0.8
211.12126572367004,-0.6543090375639361,-3.7293696330954273,7,0.8
212.5897302554489,-0.6544793129069868,-3.7466559931085937,7,0.8
214.06840876578502,-0.6546178478135576,-3.7640301436543577,7,0.8
215.5573722985176,-0.6547712856476072,-3.7816414058365067,7,0.8
217.05669239163473,-0.6549122125112359,-3.7994038126047953,7,0.8
218.5664410807106,-0.6550400894474937,-3.817316460332875,7,0.8
220.08669090236637,-0.6551678221495298,-3.8354224494449753,7,0.8
221.6175148977554,-0.6552813248556724,-3.853677000080144,7,0.8
223.15898661607235,-0.6553934381510373,-3.87212350446592,7,0.8
224.71118011808713,-0.6554967379855254,-3.8907387601245653,7,0.8
226.27416997970286,-0.6555837500319093,-3.9094987361107574,7,0.8
227.8480312955392,-0.6556739700408537,-3.9284701242147113,7,0.8
229.43283968254013,-0.6557598562652569,-3.947629159182384,7,0.8
231.02867128360725,-0.6558338152381172,-3.966951221538874,7,0.8
232.63560277125762,-0.6558949653023025,-3.9864342090057847,7,0.8
234.25371135130806,-0.6559626863431323,-4.006146472320587,7,0.8
235.88307476658426,-0.6560021897238597,-4.0259683570227125,7,0.8
237.523771300656,-0.6560463204831122,-4.046015556634245,7,0.8
239.17587978159838,-0.656087283617286,-4.066262533230313,7,0.8
240.83947958577906,-0.6561172294989188,-4.086682833852549,7,0.8
242.51465064167206,-0.6561418207505592,-4.107297899945557,7,0.8
244.2014734336979,-0.6561599038974919,-4.12810503078665,7,0.8
245.9000290060905,-0.6561770737071695,-4.149126037654839,7,0.8
247.61039896679097,-0.6561717193050052,-4.170283412318417,7,0.8
249.33266549136863,-0.6561629311989319,-4.191647968538776,7,0.8
251.06691132696898,-0.6561425937878431,-4.213191186044088,7,0.8
252.81321979628953,-0.6561297543162905,-4.234985471362619,7,0.8
254.5716748015829,-0.6561026078668688,-4.256951147105549,7,0.8
256.3423608286881,-0.6560733247357596,-4.279135294765097,7,0.8
258.12536295108947,-0.6560267958082843,-4.301482043419593,7,0.8
259.9207668340045,-0.6559751192546198,-4.324038607409134,7,0.8
261.72865873849923,-0.6559235563785262,-4.346826974792237,7,0.8
263.54912552563275,-0.6558431982755596,-4.369736612151938,7,0.8
265.38225466063074,-0.6557733535518983,-4.3929214642959735,7,0.8
267.2281342170877,-0.6556918544955935,-4.4162969491559005,7,0.8
269.08685288119824,-0.6556038041099963,-4.439884529689551,7,0.8
270.95849995601833,-0.6555142786624885,-4.463706101881691,7,0.8
272.8431653657559,-0.6554009294552189,-4.48767378338686,7,0.8
274.74093966009104,-0.6553029987478416,-4.511946750967158,7,0.8
276.6519140185268,-0.6551774887122318,-4.536353174462994,7,0.8
278.5761802547697,-0.6550636084094834,-4.561053882254502,7,0.8
280.51383082114137,-0.6549182199253977,-4.585873955439242,7,0.8
282.4649588130198,-0.6547805009186201,-4.610975876714921,7,0.8
284.42965797331277,-0.6546278038052201,-4.636267831994923,7,0.8
286.40802269696155,-0.6544649098136326,-4.661771019682509,7,0.8
288.40014803547615,-0.6542965770779596,-4.687507069369345,7,0.8
290.4061297015021,-0.6541344334853496,-4.713527417897565,7,0.8
292.42606407341884,-0.6539556205261293,-4.739736891508745,7,0.8
294.4600481999708,-0.653750981995943,-4.7660969924503815,7,0.8
296.50817980492957,-0.6535527435152733,-4.792747961640449,7,0.8
298.5705572917893,-0.6533655437483366,-4.8197130208030075,7,0.8
300.64727974849484,-0.653138659175278,-4.846772443635241,7,0.8
302.73844695220185,-0.6529250273179921,-4.874159709935932,7,0.8
304.84415937407124,-0.6526807147590484,-4.901682757263734,7,0.8
306.964518184096,-0.6524517656964891,-4.92954790177875,7,0.8
309.09962525596205,-0.6522010599129178,-4.957591586283725,7,0.8
311.24958317194296,-0.6519468936892931,-4.985897587099871,7,0.8
313.4144952278283,-0.6516797872846781,-5.014424935477461,7,0.8
315.59446543788675,-0.6514041160553683,-5.043195273881297,7,0.8
317.7895985398634,-0.6511381701921279,-5.072295098343826,7,0.8
320.000000000012,-0.6508375474445198,-5.101521391855295,7,0.8
322.22577601816215,-0.6505483528138221,-5.1310896976983065,7,0.8
324.4670335328215,-0.6502260585569566,-5.160794061259835,7,0.8
326.7238802263142,-0.6499168060121312,-5.190853038990711,7,0.8
328.99642452995374,-0.6495969290237988,-5.221157758756244,7,0.8
331.2847756292533,-0.6492566551197569,-5.2516632723284795,7,0.8
333.5890434691715,-0.6489071783718148,-5.282424700109622,7,0.8
335.90933875939425,-0.6485667297169594,-5.313532670297284,7,0.8
338.2457729796546,-0.6481974138607833,-5.34480581754858,7,0.8
340.5984583850881,-0.6478384883586146,-5.376437506838512,7,0.8
342.96750801162693,-0.6474519505713936,-5.408243788159073,7,0.8
345.3530356814299,-0.6470630180519842,-5.4403506917419735,7,0.8
347.75515600835195,-0.646661741722204,-5.472711310174236,7,0.8
350.1739844034501,-0.6462592905509745,-5.505383891435788,7,0.8
352.60963708052907,-0.6458386045190336,-5.538285100455328,7,0.8
355.0622310617241,-0.6454108305300376,-5.5714732819152895,7,0.8
357.53188418312425,-0.6449729898118012,-5.604935770115764,7,0.8
360.0187151004329,-0.644514991166315,-5.638622906299075,7,0.8
362.52284329466966,-0.6440692680548479,-5.672704368580019,7,0.8
365.0443890779098,-0.6436115543892929,-5.707058059999493,7,0.8
367.58347359906554,-0.6431174668594724,-5.7415583357902245,7,0.8
370.14021884970646,-0.6426337128358411,-5.776451813846053,7,0.8
372.7147476699204,-0.6421501766481519,-5.811689232433638,7,0.8
375.30718375421594,-0.6416424157641807,-5.847143618441976,7,0.8
377.9176516574646,-0.6411073069913855,-5.882799515749284,7,0.8
380.5462768008857,-0.6405917966244086,-5.918911610818235,7,0.8
383.1931854780723,-0.6400427615732132,-5.95519674632148,7,0.8
385.85850486105863,-0.6394857208627627,-5.9917949456021224,7,0.8
388.5423630064304,-0.6389319581881105,-6.028771228810632,7,0.8
391.2448888614774,-0.6383568593937805,-6.065993638586532,7,0.8
393.96621227038884,-0.6377716924382032,-6.10352665041832,7,0.8
396.7064639804915,-0.637173367406575,-6.141355928495406,7,0.8
399.4657756485318,-0.6365660043063146,-6.17950733353383,7,0.8
402.24427984700117,-0.6359465221734253,-6.217966575950821,7,0.8
405.04211007050577,-0.6353190717824828,-6.256760147683458,7,0.8
407.85940074218024,-0.6346733355124465,-6.295832377609483,7,0.8
410.69628722014585,-0.6340352516770525,-6.335334826192026,7,0.8
413.55290580401413,-0.6333509358719378,-6.374960820065435,7,0.8
416.42939374143555,-0.6326754306338417,-6.41503023615453,7,0.8
419.3258892346932,-0.6319838962851642,-6.455402985541048,7,0.8
422.24253144734325,-0.6312805751684725,-6.496106823838129,7,0.8
425.179460510901,-0.630577065200001,-6.537213594158881,7,0.8
428.13681753157323,-0.6298337734610415,-6.578492396691565,7,0.8
431.11474459703845,-0.6290915869569744,-6.620188270482102,7,0.8
434.11338478327275,-0.6283402267348477,-6.662244142077417,7,0.8
437.13288216142445,-0.6275767302035502,-6.704645865580107,7,0.8
440.173381804736,-0.6267981372744845,-6.747378982799769,7,0.8
443.23502979551404,-0.6260088748787918,-6.790473822153965,7,0.8
446.31797323214806,-0.6251986297443604,-6.833870846434404,7,0.8
449.4223602361776,-0.6243792698884519,-6.8776461466914265,7,0.8
452.5483399594091,-0.6235479257836042,-6.921785976700758,7,0.8
455.6960625910818,-0.6226943008844802,-6.966229945983588,7,0.8
458.8656793650838,-0.6218378417011796,-7.011102895317732,7,0.8
462.0573425672179,-0.6209683188706057,-7.0563452107805835,7,0.8
465.2712055425187,-0.6200829334953375,-7.101943085446522,7,0.8
468.5074227026196,-0.6191714095775869,-7.14783478426817,7,0.8
471.76614953317204,-0.6182459277943351,-7.19410106622404,7,0.8
475.04754260131557,-0.6173112748016619,-7.240776778110619,7,0.8
478.3517595632003,-0.6163572486346512,-7.287800514177281,7,0.8
481.6789591715617,-0.615396231862472,-7.3352564255436725,7,0.8
485.02930128334776,-0.6144180638875394,-7.38308306239153,7,0.8
488.40294686739946,-0.6134125406236803,-7.431217422662462,7,0.8
491.8000580121847,-0.6123997602802327,-7.47979523547863,7,0.8
495.2207979335857,-0.6113848120973611,-7.528855396628525,7,0.8
498.665330982741,-0.6103271598690525,-7.578133402453574,7,0.8
502.1338226539417,-0.6092699377650559,-7.627919999739594,7,0.8
505.62643959258287,-0.608187832872562,-7.678050909764645,7,0.8
509.14334960316967,-0.6070936850709187,-7.728616700073029,7,0.8
512.68472165738,-0.6059928004566624,-7.77965849525973,7,0.8
516.2507259021829,-0.6048597807359822,-7.831008468200476,7,0.8
519.841533668013,-0.6037153347299938,-7.882811991812179,7,0.8
523.4573174770023,-0.6025417358619033,-7.934952182693178,7,0.8
527.0982510512695,-0.6013676335660239,-7.987631257639415,7,0.8
530.7645093212655,-0.6001753797115719,-8.040732961822457,7,0.8
534.4562684341794,-0.598939425784126,-8.094083560305906,7,0.8
538.1737057624005,-0.5977120486560052,-8.148052949597274,7,0.8
541.9169999120409,-0.5964678531660885,-8.202469605779388,7,0.8
545.6863307315159,-0.5951812508488428,-8.257157415904029,7,0.8
549.4818793201863,-0.5938971695714648,-8.312439427860477,7,0.8
553.3038280370578,-0.5925822489650149,-8.368084316530505,7,0.8
557.1523605095437,-0.5912502241719868,-8.424195107769451,7,0.8
561.027661642287,-0.5898991793033677,-8.48076367845937,7,0.8
564.9299176260438,-0.5885272248976359,-8.537781947865977,7,0.8
568.8593159466297,-0.5871165865150233,-8.595125961685621,7,0.8
572.8160453939274,-0.5857051858142627,-8.65307714985416,7,0.8
576.8002960709567,-0.5842754042706688,-8.71151370456003,7,0.8
580.8122594030085,-0.5828094863809232,-8.77031065990064,7,0.8
584.8521281468421,-0.5813458108268557,-8.829757016510136,7,0.8
588.920096399946,-0.5798426023004479,-8.889550040084625,7,0.8
593.0163596098636,-0.5783223456268209,-8.949862230615237,7,0.8
597.1411145835832,-0.5767835013817004,-9.010688674132616,7,0.8
601.2945594969942,-0.5752083034340563,-9.071902049475996,7,0.8
605.4768939044083,-0.5736195893328744,-9.133680282878812,7,0.8
609.688318748147,-0.5720159786738136,-9.196020186895417,7,0.8
613.9290363681965,-0.5703797260411823,-9.25879362780236,7,0.8
618.1992505119288,-0.568725816669715,-9.322121181862896,7,0.8
622.4991663438906,-0.5670529650003586,-9.386000220275083,7,0.8
626.8289904556613,-0.565326829963639,-9.450172796389047,7,0.8
631.1889308757782,-0.563595671394526,-9.515017325440093,7,0.8
635.5791970797316,-0.5618418040695242,-9.58040492821846,7,0.8
640.0000000000289,-0.5600640693257857,-9.646333836178414,7,0.8
644.4515520363291,-0.558269715524941,-9.712868198482472,7,0.8
648.9340670656479,-0.5564241224794587,-9.77974356086705,7,0.8
653.4477604526332,-0.5545681284122307,-9.84728774263238,7,0.8
657.9928490599125,-0.5526754976937138,-9.915301561714118,7,0.8
662.5695512585116,-0.5507536326771812,-9.983850648698894,7,0.8
667.178086938348,-0.548818590550501,-10.053070766165849,7,0.8
671.8186775187937,-0.5468696083843096,-10.122964807687076,7,0.8
676.4915459593144,-0.5448545403832551,-10.19312233917437,7,0.8
681.1969167701814,-0.5428409620413125,-10.264093680758265,7,0.8
685.935016023259,-0.5407852462131292,-10.335536056722926,7,0.8
690.7060713628651,-0.538721139189004,-10.407730885822012,7,0.8
695.5103120167091,-0.536613383778374,-10.480400680346495,7,0.8
700.3479688069056,-0.5344524279009648,-10.553474582300971,7,0.8
705.2192741610634,-0.5323074076159469,-10.627526868651193,7,0.8
710.1244621234536,-0.530099150861893,-10.701917874782568,7,0.8
715.0637683662537,-0.5278796413663976,-10.777083342915887,7,0.8
720.0374302008713,-0.5255954558535406,-10.85259097537336,7,0.8
725.0456865893448,-0.5233168073428067,-10.929031032682243,7,0.8
730.0887781558251,-0.5209901426994709,-11.005968968821655,7,0.8
735.1669471981365,-0.5186238075128238,-11.083482713857912,7,0.8
740.2804376994185,-0.5162442983450692,-11.161803502123533,7,0.8
745.4294953398465,-0.5138063634752148,-11.240561626126233,7,0.8
750.6143675084376,-0.5113546920354892,-11.320142099445015,7,0.8
755.8353033149348,-0.5088710401993278,-11.400401848313235,7,0.8
761.0925536017771,-0.5063460436718061,-11.481271557380277,7,0.8
766.3863709561504,-0.5037702218955917,-11.562680212585056,7,0.8
771.717009722123,-0.5011984677137956,-11.645105395023736,7,0.8
777.0847260128666,-0.4985571045026432,-11.727929900912377,7,0.8
782.4897777229608,-0.4958827441826958,-11.811476068238365,7,0.8
787.9324245407837,-0.4931940009979885,-11.895914924216735,7,0.8
793.412927960989,-0.4904536106377572,-11.980937530956645,7,0.8
798.9315512970695,-0.48768018068151253,-12.066714789783619,7,0.8
804.4885596940084,-0.4848548557666002,-12.153094813867602,7,0.8
810.0842201410177,-0.48199647763600695,-12.240251699385206,7,0.8
815.7188014843666,-0.47909563437203845,-12.328115356685283,7,0.8
821.392574440298,-0.47618112866491363,-12.416948498871081,7,0.8
827.1058116080346,-0.47319563891378436,-12.506263281284372,7,0.8
832.8587874828772,-0.4701969411385597,-12.596576119349807,7,0.8
838.6517784693928,-0.46712724667670263,-12.687393275844851,7,0.8
844.4850628946929,-0.4640351779062395,-12.779153207242741,7,0.8
850.3589210218082,-0.4609114177539394,-12.871787278130142,7,0.8
856.2736350631529,-0.457726766126783,-12.965050729159028,7,0.8
862.2294891940834,-0.45450105937381957,-13.059130986555026,7,0.8
868.226769566552,-0.45124459505981973,-13.154132448495979,7,0.8
874.2657643228554,-0.4479278431173036,-13.24980660672018,7,0.8
880.3467636094787,-0.44458111188249905,-13.34643572238408,7,0.8
886.4700595910348,-0.4411746419382235,-13.44376876020168,7,0.8
892.635946464303,-0.43774929898218395,-13.542183606573884,7,0.8
898.844720472362,-0.43424456638351977,-13.641154215278977,7,0.8
905.096679918825,-0.4307117709480515,-13.741152921477712,7,0.8
911.3921251821704,-0.42712067121657254,-13.84192356485246,7,0.8
917.7313587301744,-0.42349236733879947,-13.94366969121589,7,0.8
924.1146851344428,-0.41981709789528504,-14.046318593117025,7,0.8
930.5424110850445,-0.41609542328953575,-14.149890235298502,7,0.8
937.0148454052463,-0.4123068087857576,-14.254214647445899,7,0.8
943.5322990663512,-0.408483421047613,-14.359596870767149,7,0.8
950.0950852026382,-0.4046047448018034,-14.465867495857806,7,0.8
956.7035191264079,-0.40068207065236894,-14.57314420023698,7,0.8
963.3579183431307,-0.3966837268157535,-14.681156316976322,7,0.8
970.0586025667028,-0.39265345906314186,-14.790315796492388,7,0.8
976.8058937348063,-0.38857042877944176,-14.900450461297995,7,0.8
983.6001160243768,-0.38441332560445096,-15.0113834010402,7,0.8
990.4415958671789,-0.3802378632094806,-15.123637099975017,7,0.8
997.3306619654895,-0.376000869417628,-15.236836764175635,7,0.8
1004.267645307891,-0.3716917654464025,-15.350903225507983,7,0.8
1011.2528791851732,-0.3673335726037187,-15.466063175871595,7,0.8
1018.2866992063468,-0.3629045104841282,-15.582136042343627,7,0.8
1025.3694433147675,-0.3584279625079096,-15.699352574658871,7,0.8
1032.5014518043733,-0.35390494173668596,-15.817740252850275,7,0.8
1039.6830673360337,-0.3492902305036809,-15.936905314216379,7,0.8
1046.9146349540124,-0.344653915722164,-16.057505222680042,7,0.8
1054.1965021025467,-0.3399272784810614,-16.178932306251603,7,0.8
1061.5290186425389,-0.33518140773069166,-16.30185395403101,7,0.8
1068.9125368683667,-0.3303348826443041,-16.42554687815492,7,0.8
1076.347411524809,-0.32542370728056985,-16.550359042171316,7,0.8
1083.8339998240897,-0.3204848887270342,-16.676647835267275,7,0.8
1091.37266146304,-0.3154594777912096,-16.803895643320626,7,0.8
1098.9637586403808,-0.310372375987536,-16.932349940828352,7,0.8
1106.607656074124,-0.3052246147472654,-17.062040709716225,7,0.8
1114.3047210190957,-0.30002965949194127,-17.193111450109715,7,0.8
1122.0553232845823,-0.29475150198180416,-17.325255120758996,7,0.8
1129.859835252096,-0.28939080072553736,-17.458499289875093,7,0.8
1137.7186318932681,-0.2839735575538847,-17.593102391035515,7,0.8
1145.6320907878635,-0.27851381405222153,-17.729213828643893,7,0.8
1153.600592141922,-0.27297469703913285,-17.866520293656134,7,0.8
1161.6245188060257,-0.2673441254902864,-18.004934753574346,7,0.8
1169.704256293693,-0.2616618022720445,-18.144840532996817,7,0.8
1177.840192799901,-0.25588987552062353,-18.285917191568192,7,0.8
1186.032719219736,-0.25006874210367136,-18.428554199885316,7,0.8
1194.2822291671753,-0.24418673691448597,-18.57266900327481,7,0.8
1202.5891189939975,-0.23821841902865556,-18.718055283380707,7,0.8
1210.9537878088256,-0.23215111419510082,-18.86462323914527,7,0.8
1219.3766374963034,-0.2260536628430289,-19.013018369037805,7,0.8
1227.8580727364024,-0.2198457895901297,-19.162541542919296,7,0.8
1236.3985010238666,-0.21356947563273526,-19.313596243815073,7,0.8
1244.9983326877905,-0.20722614435885228,-19.466220247557047,7,0.8
1253.657980911332,-0.2008172892497709,-19.620452110365125,7,0.8
1262.377861751566,-0.19428763246822023,-19.775822974936606,7,0.8
1271.1583941594727,-0.18770904513120026,-19.93300243614487,7,0.8
1280.0000000000673,-0.18108358461502205,-20.09203388902378,7,0.8
1288.9031040726677,-0.1743405468476865,-20.252313828478414,7,0.8
1297.8681341313059,-0.16752440465457258,-20.41426589026166,7,0.8
1306.8955209052763,-0.16063671916571814,-20.577930877800867,7,0.8
1315.9856981198345,-0.15364923241745915,-20.743086257444936,7,0.8
1325.1391025170333,-0.1466081219058158,-20.910168137860072,7,0.8
1334.3561738767062,-0.1394699443999173,-21.078820988154675,7,0.8
1343.6373550375972,-0.13225112727625862,-21.249218389321943,7,0.8
1352.9830919186386,-0.12495322760828624,-21.421402670344317,7,0.8
1362.393833540373,-0.11754664142507336,-21.595144282523094,7,0.8
1371.8700320465282,-0.11009529619573395,-21.77103090829043,7,0.8
1381.4121427257405,-0.10252232097480465,-21.948422144476538,7,0.8
1391.0206240334287,-0.09489251686307926,-22.127911681079816,7,0.8
1400.6959376138216,-0.0871759079410494,-22.309269005639806,7,0.8
1410.4385483221372,-0.07934142568157469,-22.492257480420392,7,0.8
1420.2489242469178,-0.07147239994369375,-22.677625404395126,7,0.8
1430.1275367325184,-0.06347206935017596,-22.86457239224388,7,0.8
1440.0748604017533,-0.055408208259878564,-23.053711284755153,7,0.8
1450.0913731787002,-0.04724933812474818,-23.24480451616514,7,0.8
1460.177556311661,-0.03899708036724912,-23.43789857136313,7,0.8
1470.3338943962842,-0.030670461865326265,-23.633186833228073,7,0.8
1480.560875398848,-0.022236840729690156,-23.830426433603396,7,0.8
1490.8589906797042,-0.01373293071135502,-24.029959457038107,7,0.8
1501.2287350168863,-0.005125620214241687,-24.23154128414777,7,0.8
1511.670606629881,0.00352946180621485,-24.435668974895883,7,0.8
1522.1851072035656,0.012319923811415789,-24.64164743156946,7,0.8
1532.772741912312,0.021208290868562504,-24.84982418710554,7,0.8
1543.4340194442575,0.030118396337798732,-25.060859414854477,7,0.8
1554.1694520257447,0.039195927148174436,-25.27359057536978,7,0.8
1564.9795554459333,0.04836523636850948,-25.488676140749405,7,0.8
1575.8648490815792,0.05756662047310467,-25.70663493667926,7,0.8
1586.8258559219898,0.06685389885007341,-25.92706235481047,7,0.8
1597.863102594151,0.0762635960967658,-26.149700751036686,7,0.8
1608.9771193880288,0.08575473883666651,-26.374916887044936,7,0.8
1620.1684402820476,0.09534445759721788,-26.602610037502167,7,0.8
1631.4376029687455,0.10496987067394409,-26.83331463076009,7,0.8
1642.7851488806082,0.11474892066324399,-27.06613385016394,7,0.8
1654.2116232160815,0.12461908932280831,-27.30160144438771,7,0.8
1665.7175749657672,0.13451506940126046,-27.54026284894245,7,0.8
1677.303556938798,0.14453723999931206,-27.78137123932946,7,0.8
1688.9701257893985,0.15461995201699333,-28.025474061677457,7,0.8
1700.7178420436294,0.16480231116702504,-28.272306638133287,7,0.8
1712.5472701263188,0.17503800690097332,-28.52226075813476,7,0.8
1724.4589783881795,0.18543282734233785,-28.774570840648085,7,0.8
1736.453539133117,0.19585223970304697,-29.030295814629774,7,0.8
1748.531528645724,0.20635833684356758,-29.28900253012865,7,0.8
1760.6935272189705,0.21694766934621637,-29.550755729180253,7,0.8
1772.940119182083,0.22759354078403315,-29.815791111255532,7,0.8
1785.2718929286193,0.23831463309915446,-30.08400730554887,7,0.8
1797.6894409447373,0.24913047917402245,-30.35530062323982,7,0.8
1810.1933598376636,0.25996601767110267,-30.63025471786593,7,0.8
1822.7842503643546,0.27095998040778213,-30.907905206945713,7,0.8
1835.4627174603627,0.28196441938556777,-31.18935752187042,7,0.8
1848.2293702688994,0.29307155852460764,-31.473989306511797,7,0.8
1861.0848221701028,0.3041778552576478,-31.762571369516127,7,0.8
1874.0296908105065,0.3154533028030896,-32.05394786251959,7,0.8
1887.0645981327166,0.3267173210404857,-32.349422475712245,7,0.8
1900.190170405291,0.33801394682878894,-32.64872020888413,7,0.8
1913.4070382528298,0.34938938151463894,-32.951560964786694,7,0.8
1926.715836686276,0.3607857887191763,-33.258377270806015,7,0.8
1940.1172051334202,0.37230386416907124,-33.56852796781388,7,0.8
1953.611787469627,0.3838041954108178,-33.882988664821205,7,0.8
1967.2002320487684,0.39536096068578874,-34.20129818448103,7,0.8
1980.8831917343723,0.4069404164672642,-34.52371663996296,7,0.8
1994.661323930994,0.41862015553112836,-34.849776704640504,7,0.8
2008.535290615797,0.43019555046710933,-35.18083836623769,7,0.8
2022.5057583703617,0.4419151845100068,-35.51533585795073,7,0.8
2036.573398412709,0.4536002335620554,-35.85445143207388,7,0.8
2050.7388866295505,0.4652707030534887,-36.19808629380879,7,0.8
2065.0029036087626,0.4769777506365924,-36.54595444428956,7,0.8
2079.366134672083,0.48871424593609486,-36.89813888003034,7,0.8
2093.8292699080407,0.500380132659416,-37.25528361907976,7,0.8
2108.3930042051093,0.5120577416722869,-37.616916289222885,7,0.8
2123.0580372850936,0.5237387639965542,-37.983122447942215,7,0.8
2137.82507373675,0.5354144867794413,-38.35398849432676,7,0.8
2152.6948230496346,0.5470108345444871,-38.729978328396335,7,0.8
2167.6679996481957,0.558548614779409,-39.11099323612003,7,0.8
2182.7453229260964,0.5700498138671791,-39.496933561694,7,0.8
2197.927517280778,0.5815376439073736,-39.887698969880645,7,0.8
2213.2153121482643,0.5929340241502772,-40.283757223747116,7,0.8
2228.6094420382083,0.6042607546735932,-40.685009256382635,7,0.8
2244.1106465691814,0.6154356333253298,-41.09192506962904,7,0.8
2259.7196705042093,0.6266210651769553,-41.5036461408333,7,0.8
2275.4372637865536,0.6376640508510647,-41.92102249438374,7,0.8
2291.2641815757443,0.648549523003999,-42.34414522004609,7,0.8
2307.2011842838615,0.6593357046963859,-42.7727250581758,7,0.8
2323.2490376120686,0.6699717352708358,-43.207042763982585,7,0.8
2339.4085125874035,0.6805559304087289,-43.64661931756771,7,0.8
2355.6803855998196,0.6908845355866527,-44.092494634490244,7,0.8
2372.0654384394898,0.7009767735722782,-44.544567912148565,7,0.8
2388.5644583343683,0.7109320310657606,-45.002359895728596,7,0.8
2405.178237988013,0.7206953568366132,-45.46614942460063,7,0.8
2421.9075756176694,0.730249564914191,-45.936025026626766,7,0.8
2438.753274992625,0.739576794987661,-46.4120744068468,7,0.8
2455.716145472823,0.7485754417515335,-46.89475896719631,7,0.8
2472.797002047752,0.7573912857285257,-47.38341363930193,7,0.8
2489.9966653755996,0.7658371457823766,-47.87887046146037,7,0.8
2507.3159618226828,0.7740616550336032,-48.38046629511037,7,0.8
2524.755723503151,0.7818281002078343,-48.88920880058906,7,0.8
2542.3167883189644,0.7893748680169757,-49.40406722041664,7,0.8
2560.0000000001537,0.7965495165476653,-49.925673956069744,7,0.8
2577.806208145355,0.8032828983734368,-50.45428451555286,7,0.8
2595.736268262631,0.8096866920396256,-50.98942564612878,7,0.8
2613.7910418105726,0.8155528220967994,-51.53188915312821,7,0.8
2631.971396239689,0.8210873665576275,-52.080843377137064,7,0.8
2650.2782050340866,0.8260777999008391,-52.63706750932413,7,0.8
2668.7123477534324,0.8306395859573014,-53.2000904828957,7,0.8
2687.274710075215,0.8345522017071563,-53.77066821700636,7,0.8
2705.9661838372976,0.838030252330818,-54.3479825288296,7,0.8
2724.7876670807664,0.8407986204587771,-54.93294206139195,7,0.8
2743.740064093077,0.8431776288137323,-55.524400980008856,7,0.8
2762.824285451502,0.844785720086874,-56.123583110195526,7,0.8
2782.0412480668783,0.8457425736873159,-56.73001424313378,7,0.8
2801.391875227664,0.8460168964332621,-57.343723498288746,7,0.8
2820.8770966442953,0.8455766783928267,-57.964734045219714,7,0.8
2840.4978484938565,0.8443892132284682,-58.59306274949882,7,0.8
2860.2550734650586,0.842475379361032,-59.22856600936495,7,0.8
2880.1497208035285,0.8398029324736196,-59.871255178972795,7,0.8
2900.1827463574223,0.8360617932892145,-60.52187613988483,7,0.8
2920.355112623344,0.8317139318083676,-61.17907466022125,7,0.8
2940.6677887925907,0.8262228644570933,-61.8441559056215,7,0.8
2961.121750797718,0.820002870029548,-62.51594225109883,7,0.8
2981.717981359431,0.8127353321895379,-63.19511420401377,7,0.8
3002.4574700337953,0.8044397310261588,-63.88148392147056,7,0.8
3023.3412132597846,0.7950785931818937,-64.5749962719207,7,0.8
3044.3702144071544,0.7847330398038612,-65.27533672236511,7,0.8
3065.545483824648,0.7733083758315678,-65.98257437962769,7,0.8
3086.868038888538,0.7606469967684516,-66.69687058935398,7,0.8
3108.338904051513,0.746770088268789,-67.41800536055386,7,0.8
3129.9591108918903,0.7317624981112791,-68.14565540297308,7,0.8
3151.7296981631816,0.7156511092030066,-68.87962552819204,7,0.8
3173.651711844004,0.6980895402328968,-69.62032748214298,7,0.8
3195.726205188326,0.6791630274272477,-70.36740539263728,7,0.8
3217.954238776082,0.6590879326057453,-71.1203473331334,7,0.8
3240.3368805641194,0.637385096998339,-71.87964899654186,7,0.8
3262.8752059375156,0.6144643307791662,-72.64452926752966,7,0.8
3285.570297761241,0.5899708447084618,-73.41524224471554,7,0.8
3308.4232464321876,0.5640634666744903,-74.19136631828258,7,0.8
3331.435149931559,0.5367099003303631,-74.97272645733602,7,0.8
3354.607113877621,0.5076809499723692,-75.75931653536689,7,0.8
3377.9402515788224,0.4772076385063883,-76.55067505711911,7,0.8
3401.4356840872842,0.44506165237424644,-77.3467585918944,7,0.8
3425.094540252663,0.4114128773170466,-78.14718884435815,7,0.8
3448.9179567763854,0.37583212826469126,-78.95198077864889,7,0.8
3472.9070782662598,0.3388277797510702,-79.76056181218259,7,0.8
3497.0630572914743,0.2999717656351431,-80.57289352468928,7,0.8
3521.387054437968,0.2594417834915143,-81.38861180293854,7,0.8
3545.880238364193,0.21735154324127298,-82.20742927410777,7,0.8
3570.543785857265,0.17347723351584404,-83.02913649263375,7,0.8
3595.378881889502,0.12766305436295242,-83.85344278894725,7,0.8
3620.3867196753545,0.0800955119501538,-84.68002615878997,7,0.8
3645.5685007287366,0.03082745631497812,-85.50861021194933,7,0.8
3670.9254349207527,-0.020359718208922444,-86.3388686931966,7,0.8
3696.458740537827,-0.07327294557604536,-87.17053767906482,7,0.8
3722.1696443402334,-0.1281271901408088,-88.00324490742416,7,0.8
3748.0593816210417,-0.18479367615745146,-88.83672049282269,7,0.8
3774.129196265462,-0.24314194672259007,-89.67074202434327,7,0.8
3800.3803408106105,-0.3033809613178356,-90.50489208446801,7,0.8
3826.8140765056887,-0.36571649111462884,-91.33867734821219,7,0.8
3853.43167337258,-0.4296041548395227,-92.17220118108395,7,0.8
3880.2344102668694,-0.49544984727466884,-93.00482463995095,7,0.8
3907.223574939284,-0.5631136010203024,-93.83634854167599,7,0.8
3934.400464097566,-0.6325894590939972,-94.66646589566064,7,0.8
3961.7663834687746,-0.7038695268439771,-95.49487227194463,7,0.8
3989.322647862018,-0.7770106541037419,-96.32117524909248,7,0.8
4017.070581231624,-0.8517348754858854,-97.14544843884319,7,0.8
4045.011516740754,-0.9284936712896645,-97.96673122707406,7,0.8
4073.1467968254487,-1.0069393771537658,-98.78521024759081,7,0.8
4101.477773259132,-1.0869907608240363,-99.60073542900861,7,0.8
4130.005807217556,-1.1688261065997243,-100.4127057789494,7,0.8
4158.732269344197,-1.2522951202016372,-101.22108669141406,7,0.8
4187.658539816113,-1.337569335761052,-102.02524189698656,7,0.8
4216.78600841025,-1.4245593137897792,-102.82502248736155,7,0.8
4246.116074570219,-1.5128608723883525,-103.62101303410395,7,0.8
4275.650147473531,-1.6030183107554197,-104.41174160934263,7,0.8
4305.389646099301,-1.6946885470641406,-105.19767449551809,7,0.8
4335.335999296423,-1.7877221396565584,-105.97891887432698,7,0.8
4365.4906458522255,-1.8825821494746275,-106.75402927664804,7,0.8
4395.8550345615895,-1.978747496181885,-107.52405333249635,7,0.8
4426.430624296562,-2.0763119598343667,-108.28850496753891,7,0.8
4457.21888407645,-2.175186596885483,-109.04739058197384,7,0.8
4488.2212931383965,-2.2755184729686855,-109.80003472055989,7,0.8
4519.439341008452,-2.3773309425246194,-110.54608492940024,7,0.8
4550.874527573141,-2.4803005223510373,-111.28629189567113,7,0.8
4582.528363151522,-2.584682536184533,-112.01960907874412,7,0.8
4614.402368567757,-2.690159111072403,-112.74684436572377,7,0.8
4646.498075224173,-2.7969233232708657,-113.46712909574717,7,0.8
4678.817025174842,-2.9047747598918034,-114.18093836029513,7,0.8
4711.360771199674,-3.013899092875347,-114.88738523821107,7,0.8
4744.130876879015,-3.124044399096883,-115.58717815075437,7,0.8
4777.128916668773,-3.235285667357342,-116.27983869859905,7,0.8
4810.356475976061,-3.3474845659065218,-116.96571392010256,7,0.8
4843.815151235375,-3.4607650303825395,-117.64411823112799,7,0.8
4877.506549985286,-3.574989803018158,-118.31541820393312,7,0.8
4911.432290945683,-3.6900773184710776,-118.97979087320502,7,0.8
4945.594004095541,-3.8061462161838806,-119.63655219985893,7,0.8
4979.9933307512365,-3.9230642872545225,-120.28610668010926,7,0.8
5014.631923645403,-4.040848955198185,-120.92821277539734,7,0.8
5049.511447006339,-4.159468118803779,-121.56285339714543,7,0.8
5084.633576637967,-4.278750469061102,-122.1906986862539,7,0.8
5120.000000000346,-4.398716872649105,-122.8115311229294,7,0.8
5155.612416290749,-4.519521636865872,-123.42444244243715,7,0.8
5191.4725365253,-4.641041610059927,-124.02989433628613,7,0.8
5227.582083621183,-4.763115721393297,-124.62859791037836,7,0.8
5263.942792479418,-4.885893962357172,-125.21964901969069,7,0.8
5300.556410068212,-5.009175881359828,-125.80400656692372,7,0.8
5337.424695506905,-5.133149286148493,-126.38053085678098,7,0.8
5374.54942015047,-5.257618265416532,-126.9501950490625,7,0.8
5411.932367674636,-5.38256036577031,-127.51304160805385,7,0.8
5449.575334161574,-5.508033692425679,-128.06864062846074,7,0.8
5487.480128186196,-5.634052557100238,-128.61679874389907,7,0.8
5525.648570903045,-5.760435808398096,-129.1585181009689,7,0.8
5564.082496133798,-5.887203433730467,-129.6936153463788,7,0.8
5602.78375045537,-6.014411033264496,-130.22166801814495,7,0.8
5641.754193288633,-6.142036172757641,-130.74273314006948,7,0.8
5680.995696987757,-6.270057083860868,-131.25687043980653,7,0.8
5720.51014693016,-6.398274101625109,-131.7653423024979,7,0.8
5760.2994416071,-6.526956543251119,-132.2662931626202,7,0.8
5800.365492714889,-6.655837440774799,-132.76146915273787,7,0.8
5840.710225246731,-6.7851423124505414,-133.2492574625577,7,0.8
5881.335577585225,-6.914613463014234,-133.7314071069196,7,0.8
5922.243501595481,-7.044371053018601,-134.2070282057981,7,0.8
5963.435962718906,-7.17433297167409,-134.67667115954782,7,0.8
6004.914940067636,-7.304517390239818,-135.14016797311493,7,0.8
6046.682426519615,-7.434909596968779,-135.59759122871847,7,0.8
6088.740428814354,-7.565526158747113,-136.0487758967989,7,0.8
6131.090967649341,-7.696291416235094,-136.4942726741361,7,0.8
6173.736077777122,-7.827223489408253,-136.93391703675715,7,0.8
6216.6778081030725,-7.958309729596826,-137.36778342374598,7,0.8
6259.918221783827,-8.089566709767297,-137.79571033538105,7,0.8
6303.4593963264115,-8.22089652941768,-138.21848093183976,7,0.8
6347.303423688055,-8.352318610888915,-138.6359312504644,7,0.8
6391.4524103767,-8.483878172190284,-139.04766549348395,7,0.8
6435.9084775522115,-8.615563438844433,-139.45376022462108,7,0.8
6480.673761128287,-8.747310309825151,-139.85475729016088,7,0.8
6525.750411875079,-8.879084654346116,-140.250960228681,7,0.8
6571.140595522531,-9.010982015097731,-140.6415136611058,7,0.8
6616.846492864425,-9.142991009196136,-141.02649581695982,7,0.8
6662.870299863169,-9.274952761615891,-141.40736053498338,7,0.8
6709.214227755292,-9.406937023534809,-141.78348432288345,7,0.8
6755.880503157695,-9.539032643786838,-142.15402623196755,7,0.8
6802.871368174619,-9.671134888675914,-142.51997189786798,7,0.8
6850.189080505378,-9.803214911550732,-142.88161460278673,7,0.8
6897.835913552822,-9.935336277809238,-143.23834469025678,7,0.8
6945.814156532571,-10.067469140581549,-143.5904578951245,7,0.8
6994.126114583001,-10.19954171893292,-143.93869034558998,7,0.8
7042.774108875988,-10.331680605779818,-144.28177154569394,7,0.8
7091.760476728439,-10.46377114607739,-144.62088012648024,7,0.8
7141.087571714584,-10.595872580469091,-144.95541788329228,7,0.8
7190.757763779057,-10.727937889245986,-145.28589011837792,7,0.8
7240.773439350762,-10.859943194339632,-145.61257548706095,7,0.8
7291.137001457528,-10.991964999933206,-145.9346668549084,7,0.8
7341.850869841561,-11.123919187831884,-146.25309388213674,7,0.8
7392.917481075709,-11.255880009692047,-146.56705663381996,7,0.8
7444.339288680522,-11.387747653829592,-146.87768697121263,7,0.8
7496.118763242139,-11.519576653592512,-147.18440046792978,7,0.8
7548.258392530979,-11.651417928344337,-147.48662548556294,7,0.8
7600.760681621277,-11.783122496390018,-147.78610566772034,7,0.8
7653.628153011434,-11.91479705099913,-148.081632903959,7,0.8
7706.863346745218,-12.046403128950754,-148.37368181982492,7,0.8
7760.468820533797,-12.177989669036748,-148.6616878532255,7,0.8
7814.447149878626,-12.309485472528996,-148.94653210364277,7,0.8
7868.800928195191,-12.440906096732098,-149.2280587715116,7,0.8
7923.532766937609,-12.57229839205934,-149.50571135323028,7,0.8
7978.645295724095,-12.703563202424622,-149.78075655787333,7,0.8
8034.141162463309,-12.834779653948429,-150.05223285361066,7,0.8
8090.023033481568,-12.965914225023006,-150.32059265306276,7,0.8
8146.293593650958,-13.096995994503658,-150.58548791912975,7,0.8
8202.955546518326,-13.227963018785013,-150.8477574280945,7,0.8
8260.011614435174,-13.358903509534752,-151.1062685148689,7,0.8
8317.464538688457,-13.489727516270127,-151.3622439585669,7,0.8
8375.317079632288,-13.620492270277913,-151.61494936890213,7,0.8
8433.572016820564,-13.751154014384863,-151.86500979707387,7,0.8
8492.232149140504,-13.881726542769805,-152.1122736388472,7,0.8
8551.300294947127,-14.012263149517752,-152.3560256050576,7,0.8
8610.779292198666,-14.142681386439167,-152.59744906858307,7,0.8
8670.671998592914,-14.273008254226163,-152.83620336659874,7,0.8
8730.981291704516,-14.403269072564811,-153.071956586159,7,0.8
8791.710069123244,-14.533424587145152,-153.30530806665553,7,0.8
8852.86124859319,-14.663512431442618,-153.53574234101893,7,0.8
8914.437768152968,-14.793482543930539,-153.76403246471978,7,0.8
8976.44258627686,-14.923384037533706,-153.98948415876242,7,0.8
9038.878682016972,-15.053192149390702,-154.21250013245702,7,0.8
9101.74905514635,-15.182918544824918,-154.43293712167315,7,0.8
9165.056726303115,-15.312551345892064,-154.65101087575735,7,0.8
9228.804737135582,-15.44209070514017,-154.86675552978926,7,0.8
9292.996150448414,-15.571536813262474,-155.0802046081016,7,0.8
9357.634050349754,-15.700900773538763,-155.29121697933306,7,0.8
9422.721542399418,-15.830193025886414,-155.4996554917086,7,0.8
9488.261753758103,-15.959381252226354,-155.70607404273596,7,0.8
9554.257833337617,-16.088466308223396,-155.9105003820528,7,0.8
9620.712951952195,-16.217479651321412,-156.11245318708617,7,0.8
9687.630302470823,-16.346400625419655,-156.3123060531479,7,0.8
9755.013099970645,-16.475239535875378,-156.50992121535742,7,0.8
9822.864581891441,-16.60397693017977,-156.7056633103738,7,0.8
9891.188008191157,-16.732632882677734,-156.89922736189592,7,0.8
9959.98666150255,-16.8612168477723,-157.09048069181517,7,0.8
10029.26384729088,-16.98968214011275,-157.2802715675323,7,0.8
10099.022894012754,-17.11809445250036,-157.46748479938904,7,0.8
10169.26715327601,-17.246407745386932,-157.65296326329505,7,0.8
10240.000000000768,-17.374623039850448,-157.8367296713149,7,0.8
10311.224832581574,-17.50275004943993,-158.0186478026874,7,0.8
10382.945073050678,-17.6308236086591,-158.1981129958831,7,0.8
10455.164167242447,-17.758775353948064,-158.37641363721949,7,0.8
10527.885584958914,-17.88665727003837,-158.55262928595286,7,0.8
10601.112820136505,-18.01446106295532,-158.72694430430582,7,0.8
10674.849391013888,-18.142178985022195,-158.89953837614615,7,0.8
10749.098840301021,-18.269819626416748,-159.07028224198643,7,0.8
10823.864735349352,-18.39735995503725,-159.2396549014257,7,0.8
10899.15066832323,-18.524832053939242,-159.40707187595544,7,0.8
10974.960256372473,-18.652228362139333,-159.57271013458111,7,0.8
11051.297141806172,-18.779519535575254,-159.73718628071418,7,0.8
11128.16499226768,-18.90675851977231,-159.89948286499288,7,0.8
11205.567500910824,-19.03390147694973,-160.0605088089089,7,0.8
11283.508386577352,-19.160971076744527,-160.21984322471138,7,0.8
11361.991393975597,-19.287967722153315,-160.3775090004936,7,0.8
11441.020293860403,-19.414871218104977,-160.53395778680652,7,0.8
11520.598883214287,-19.541710004981084,-160.68863462391758,7,0.8
11600.730985429864,-19.6684708746906,-160.84184644857046,7,0.8
11681.420450493551,-19.795154576300156,-160.99361180579075,7,0.8
11762.671155170538,-19.921761859418112,-161.1439489267998,7,0.8
11844.48700319105,-20.04830619159162,-161.29259935711977,7,0.8
11926.871925437901,-20.174762692088745,-161.44013538219005,7,0.8
12009.82988013536,-20.301157357327785,-161.58602345608892,7,0.8
12093.36485303932,-20.42747822691823,-161.73055695865676,7,0.8
12177.4808576288,-20.553714098210122,-161.87402142948477,7,0.8
12262.181935298773,-20.67990160109773,-162.01562684460504,7,0.8
12347.472155554336,-20.806005611945054,-162.15619583643237,7,0.8
12433.355616206238,-20.932038839110668,-162.2954754848294,7,0.8
12519.836443567749,-21.057996405841266,-162.43361215741058,7,0.8
12606.918792652916,-21.183907005916744,-162.56996941098197,7,0.8
12694.606847376202,-21.309732186021645,-162.7054756479615,7,0.8
12782.904820753494,-21.435494928614823,-162.8396255442592,7,0.8
12871.816955104521,-21.561195724827172,-162.9724364097714,7,0.8
12961.347522256672,-21.686829858600202,-163.10405153956413,7,0.8
13051.500823750257,-21.812403197750236,-163.23435969571173,7,0.8
13142.28119104516,-21.937901074020623,-163.3637509318422,7,0.8
13233.69298572895,-22.06333961271758,-163.49186280113415,7,0.8
13325.740599726436,-22.188729117460994,-163.61846580464058,7,0.8
13418.428455510686,-22.314040655361826,-163.7443124682838,7,0.8
13511.761006315492,-22.43928987812302,-163.8690449120508,7,0.8
13605.74273634934,-22.5644915563935,-163.9923152601828,7,0.8
13700.378161010858,-22.689622674256423,-164.11474070341183,7,0.8
13795.671827105747,-22.814688902115968,-164.2362100783971,7,0.8
13891.628313065248,-22.939704581458994,-164.35637990269248,7,0.8
13988.252229166108,-23.064656757357362,-164.47561793953568,7,0.8
14085.548217752083,-23.189563707721916,-164.5934691360549,7,0.8
14183.520953456982,-23.314399829987067,-164.71064427394478,7,0.8
14282.175143429275,-23.439183259574335,-164.82668956772056,7,0.8
14381.515527558222,-23.563918634168473,-164.9415050293675,7,0.8
14481.546878701633,-23.688589868690535,-165.0555581907058,7,0.8
14582.274002915165,-23.813210097441,-165.16851889025315,7,0.8
14683.70173968323,-23.937771846248662,-165.28062295723493,7,0.8
14785.834962151528,-24.062283775231915,-165.39165755109644,7,0.8
14888.678577361155,-24.186746353766363,-165.5016354620738,7,0.8
14992.23752648439,-24.311152448777207,-165.61078735275171,7,0.8
15096.516785062071,-24.435510355201462,-165.7189045392097,7,0.8
15201.521363242668,-24.559816845781327,-165.8261068036614,7,0.8
15307.256306022984,-24.68407618065907,-165.93229722036972,7,0.8
15413.726693490553,-24.808281654339694,-166.03769975855954,7,0.8
15520.93764106771,-24.93243404014299,-166.14232173722448,7,0.8
15628.894299757369,-25.05654800956568,-166.24575218131093,7,0.8
15737.6018563905,-25.18060314395,-166.34862984975618,7,0.8
15847.065533875337,-25.30462075097523,-166.45033878004435,7,0.8
15957.29059144831,-25.42858766569598,-166.5513039667001,7,0.8
16068.282324926739,-25.55250462159055,-166.65153211980083,7,0.8
16180.046066963258,-25.676378801102718,-166.75082795251248,7,0.8
16292.587187302037,-25.800210633255077,-166.84920220963733,7,0.8
16405.911093036775,-25.92399427346407,-166.9468645774257,7,0.8
16520.023228870472,-26.047739692957144,-167.04352477745007,7,0.8
16634.92907737704,-26.171438040796858,-167.13948969236273,7,0.8
16750.634159264704,-26.295090003420395,-167.23476538115625,7,0.8
16867.144033641256,-26.41870217130289,-167.32916422442517,7,0.8
16984.464298281135,-26.542269124636462,-167.4228884100224,7,0.8
17102.600589894384,-26.66580013875539,-167.51565736756575,7,0.8
17221.558584397462,-26.789286999329796,-167.60776715019156,7,0.8
17341.343997185955,-26.9127359307905,-167.69903509493778,7,0.8
17461.962583409164,-27.03614457940272,-167.7895641183704,7,0.8
17583.42013824662,-27.159510748825944,-167.8794543996512,7,0.8
17705.72249718651,-27.28284040134763,-167.9685269257568,7,0.8
17828.875536306066,-27.4061312892876,-168.05688233065058,7,0.8
17952.885172553855,-27.529383907519502,-168.14452768512837,7,0.8
18077.75736403408,-27.65260130012202,-168.2313797135751,7,0.8
18203.498110292836,-27.77577880406628,-168.31762643349032,7,0.8
18330.113452606365,-27.898919489760846,-168.40318375158185,7,0.8
18457.609474271307,-28.022026275417975,-168.48796999451275,7,0.8
18585.99230089697,-28.145094701391116,-168.572169147371,7,0.8
18715.26810069965,-28.26813008643316,-168.65561159362548,7,0.8
18845.44308479898,-28.39113044262108,-168.73839214116492,7,0.8
18976.523507516347,-28.514091607031315,-168.82068901182,7,0.8
19108.51566667538,-28.63702559818094,-168.90207818756525,7,0.8
19241.425903904536,-28.759925835220717,-168.9828254626615,7,0.8
19375.260604941792,-28.882790546631412,-169.0630210826488,7,0.8
19510.026199941436,-29.005624615881803,-169.14250217348322,7,0.8
19645.729163783028,-29.128421935897705,-169.22152538242807,7,0.8
19782.376016382463,-29.251191576540847,-169.29976348744847,7,0.8
19919.973323005244,-29.373927514409313,-169.37747123901235,7,0.8
20058.527694581913,-29.496636417648684,-169.45440886681288,7,0.8
20198.045788025658,-29.619312437693374,-169.53082750633789,7,0.8
20338.53430655217,-29.741960059104233,-169.60657077447718,7,0.8
20480.00000000169,-29.864573688496808,-169.6818845698088,7,0.8
20622.4496651633,-29.987159709260652,-169.75653394121176,7,0.8
20765.890146101516,-30.109718424659413,-169.83052592522387,7,0.8
20910.32833448505,-30.232246365475305,-169.90402330931465,7,0.8
21055.771169917985,-30.354747708353642,-169.9768749416787,7,0.8
21202.22564027317,-30.477217252362173,-170.04931813258938,7,0.8
21349.698782027936,-30.59966274652199,-170.1210495644192,7,0.8
21498.197680602203,-30.72207906031579,-170.19230480605097,7,0.8
21647.72947069887,-30.844470139622224,-170.26293677014328,7,0.8
21798.301336646622,-30.966836264844545,-170.33295196336627,7,0.8
21949.920512745113,-31.089172599921525,-170.40257940839277,7,0.8
22102.59428361251,-31.211483000171416,-170.47167343623315,7,0.8
22256.32998453553,-31.33376946433838,-170.5401656385107,7,0.8
22411.135001821818,-31.45603389263705,-170.60798958865897,7,0.8
22567.01677315487,-31.578273260968885,-170.67529726836608,7,0.8
22723.98278795137,-31.700483141051436,-170.74230819463037,7,0.8
22882.04058772098,-31.822670321557574,-170.808737777214,7,0.8
23041.197766428744,-31.944835056973965,-170.87459199031093,7,0.8
23201.4619708599,-32.06697455914738,-170.94001706602694,7,0.8
23362.840900987278,-32.1890907064308,-171.0049462259795,7,0.8
23525.342310341253,-32.31118676367184,-171.0692454091664,7,0.8
23688.974006382276,-32.43325854173452,-171.13312791019735,7,0.8
23853.743850875984,-32.55530640643937,-171.19659649820983,7,0.8
24019.6597602709,-32.677334964472855,-171.25945064037796,7,0.8
24186.729706078822,-32.79934020346815,-171.32189915100594,7,0.8
24354.96171525778,-32.921325226441624,-171.38381104806254,7,0.8
24524.363870597732,-33.04328483749363,-171.44545716102948,7,0.8
24694.944311108862,-33.16522885364678,-171.5063760574848,7,0.8
24866.711232412665,-33.28714941737564,-171.5669697855527,7,0.8
25039.672887135683,-33.40904951768578,-171.62710951956853,7,0.8
25213.837585306024,-33.53093070857849,-171.6867345677801,7,0.8
25389.213694752598,-33.65279067868245,-171.74597822028738,7,0.8
25565.809641507185,-33.77463223838853,-171.8047156082884,7,0.8
25743.63391020923,-33.89645314145542,-171.8630781335218,7,0.8
25922.695044513537,-34.01825611971314,-171.9209426152264,7,0.8
26103.00164750071,-34.14003898998614,-171.97843858952513,7,0.8
26284.562382090517,-34.261807937114376,-172.03525889236468,7,0.8
26467.385971458098,-34.38355257004138,-172.0919652406703,7,0.8
26651.481199453076,-34.50528367280594,-172.14800542277519,7,0.8
26836.856911021572,-34.626991143660234,-172.20393332011346,7,0.8
27023.522012631187,-34.74868657476813,-172.2591441310418,7,0.8
27211.485472698885,-34.87036119368319,-172.31412548593278,7,0.8
27400.75632202192,-34.99202077081789,-172.3685800794523,7,0.8
27591.3436542117,-35.113663305901824,-172.42263134659828,7,0.8
27783.256626130707,-35.23528901593179,-172.4762822629963,7,0.8
27976.504458332423,-35.356897075089584,-172.52959379549804,7,0.8
28171.096435504372,-35.47848874890867,-172.58250971311696,7,0.8
28367.04190691418,-35.60006523232416,-172.63497520022483,7,0.8
28564.35028685876,-35.72162466917415,-172.6871074971281,7,0.8
28763.031055116662,-35.843170184476655,-172.73873768431804,7,0.8
28963.093757403483,-35.96469987346752,-172.7899816304181,7,0.8
29164.548005830547,-36.0862118765144,-172.84095118711835,7,0.8
29367.403479366687,-36.2077080757254,-172.89153233196393,7,0.8
29571.669924303278,-36.32918909420217,-172.94166678810998,7,0.8
29777.35715472254,-36.45065228852631,-172.99145740269591,7,0.8
29984.475052969006,-36.572098482402964,-173.04072506457223,7,0.8
30193.03357012437,-36.69352082147877,-173.08954849815785,7,0.8
30403.042726485564,-36.814904059506965,-173.1378661368561,7,0.8
30614.512612046197,-36.93618860317265,-173.18572357047955,7,0.8
30827.45338698134,-37.05718758340436,-173.23408606790642,7,0.8
31041.875282135654,-37.17864077735253,-173.28604409130455,7,0.8
31257.788599514974,-37.300380895642164,-173.3333211411719,7,0.8
31475.203712781236,-37.421852669996326,-173.37968093143482,7,0.8
31694.13106775091,-37.54324023823111,-173.4259252430968,7,0.8
31914.581182896858,-37.664593225519184,-173.47197434896643,7,0.8
32136.564649853717,-37.78592514492172,-173.5177682825256,7,0.8
32360.09213392676,-37.90724149481784,-173.56322689622152,7,0.8
32585.17437460432,-38.028541239411524,-173.60853575912626,7,0.8
32811.8221860738,-38.14982925498394,-173.65343672023425,7,0.8
33040.04645774119,-38.271105351917235,-173.69797744130193,7,0.8
33269.85815475433,-38.39236845397974,-173.74225517544673,7,0.8
33501.26831852966,-38.51361889799186,-173.78626873231997,7,0.8
33734.28806728276,-38.634859084627315,-173.82987324078493,7,0.8
33968.928596562524,-38.75608777076416,-173.8731674139339,7,0.8
34205.20117978902,-38.87730514673464,-173.91615260568975,7,0.8
34443.11716879519,-38.998511387538606,-173.958830350556,7,0.8
34682.68799437217,-39.1197059877719,-174.00124911486412,7,0.8
34923.92516681859,-39.24089044960461,-174.04331659394015,7,0.8
35166.8402764935,-39.36206293998253,-174.0851739851506,7,0.8
35411.44499437329,-39.48322557671183,-174.1266834052211,7,0.8
35657.7510726124,-39.60437846265843,-174.16784734885778,7,0.8
35905.77034510798,-39.72552106766463,-174.20871336924694,7,0.8
36155.51472806843,-39.84665411412013,-174.24923768699782,7,0.8
36406.99622058595,-39.96777705869682,-174.28946662771855,7,0.8
36660.22690521301,-40.0888887666362,-174.32948904142853,7,0.8
36915.21894854289,-40.20999107373707,-174.3691705889032,7,0.8
37171.98460179422,-40.33108331282118,-174.40855408203942,7,0.8
37430.53620139958,-40.45216528169115,-174.44763563471602,7,0.8
37690.88616959824,-40.573237061437375,-174.48636461251778,7,0.8
37953.04701503298,-40.69429640860535,-174.5248130377432,7,0.8
38217.03133335104,-40.815341246725396,-174.56290909574562,7,0.8
38482.85180780936,-40.93636436375614,-174.60059300683417,7,0.8
38750.521209883875,-41.05734245887419,-174.6376461275603,7,0.8
39020.05239988316,-41.17815891723454,-174.67396726154715,7,0.8
39291.458327566346,-41.298364364889515,-174.71285566550583,7,0.8
39564.752032765224,-41.41998590581515,-174.75593100438064,7,0.8
39839.94664601079,-41.54137662272193,-174.79134426908684,7,0.8
40117.05538916413,-41.66246919624797,-174.82697438360626,7,0.8
40396.09157605162,-41.78349371396052,-174.8626786515664,7,0.8
40677.068613104646,-41.904492429804954,-174.89826929459306,7,0.8
40960.00000000368,-42.02547557592999,-174.93374328144156,7,0.8
41244.899330326916,-42.14644759710821,-174.96902214178397,7,0.8
41531.78029220334,-42.267409736628785,-175.0041258705715,7,0.8
41820.65666897041,-42.38836379556786,-175.0389659984997,7,0.8
42111.54233983629,-42.50931070699082,-175.0734994266798,7,0.8
42404.45128054665,-42.63024897507477,-175.10787807753405,7,0.8
42699.3975640562,-42.7511797504032,-175.1420230601498,7,0.8
42996.39536120473,-42.87210408248459,-175.17585854627868,7,0.8
43295.458941398065,-42.99301994935483,-175.20957380113595,7,0.8
43596.60267329357,-43.11393006745006,-175.24294377673291,7,0.8
43899.84102549055,-43.23483284099702,-175.27611960119603,7,0.8
44205.18856722535,-43.35572962945071,-175.308991468679,7,0.8
44512.659969071385,-43.47661848251927,-175.34174443310022,7,0.8
44822.27000364397,-43.59750074827904,-175.37426892061032,7,0.8
45134.033546310086,-43.71837770347106,-175.40645846308212,7,0.8
45447.96557590307,-43.839247066416675,-175.4385309841737,7,0.8
45764.081175442305,-43.960110507441456,-175.47034388382173,7,0.8
46082.39553285784,-44.080967345897186,-175.50196982600855,7,0.8
46402.92394172015,-44.20181917292268,-175.53326971033607,7,0.8
46725.681801974904,-44.32266419430619,-175.56442087939632,7,0.8
47050.68462068286,-44.4435039722812,-175.59528545671742,7,0.8
47377.94801276491,-44.564336776511134,-175.62603764457768,7,0.8
47707.487701752325,-44.68516484412659,-175.65647275744087,7,0.8
48039.319520542165,-44.80598682403797,-175.68672954706588,7,0.8
48373.45941215801,-44.926803494460486,-175.716741737722,7,0.8
48709.923430515926,-45.04761424468542,-175.74657815516815,7,0.8
49048.72774119583,-45.16841916595797,-175.77623960570696,7,0.8
49389.888622218095,-45.28921933232727,-175.80562834699944,7,0.8
49733.4224648257,-45.410013820493575,-175.83484510468875,7,0.8
50000.0,-45.50317212304094,-175.85717690734432,7,0.8
10.0,-0.3127228571727899,-0.5704054593484805,8,0.9
10.069555500567189,-0.31295201962462793,-0.57401580874891,8,0.9
10.139594797900294,-0.31316851095523723,-0.577642632291339,8,0.9
10.210121257071936,-0.31339263826741615,-0.5812881530861397,8,0.9
10.281138266560667,-0.3136176496024076,-0.5849516189418092,8,0.9
10.352649238413779,-0.31385032220550335,-0.5886337839992246,8,0.9
10.424657608411218,-0.31407037674241917,-0.5923323390240592,8,0.9
10.497166836230678,-0.31431164700864106,-0.5960511172212719,8,0.9
10.57018040561381,-0.31455385405883707,-0.599787804968544,8,0.9
10.643701824533608,-0.31479024821363394,-0.6035415941122989,8,0.9
10.71773462536294,-0.3150478975436583,-0.607315619760047,8,0.9
10.792282365044281,-0.31529976200059495,-0.6111067107997291,8,0.9
10.867348625260592,-0.3155458566135446,-0.6149148222832624,8,0.9
10.942937012607405,-0.3157997223279616,-0.6187415292508295,8,0.9
11.019051158766118,-0.31605461090409126,-0.6225859995044992,8,0.9
11.095694720678463,-0.31631053752642846,-0.6264481978095763,8,0.9
11.172871380722214,-0.3165675176124611,-0.6303280862492321,8,0.9
11.250584846888108,-0.3168390910929948,-0.6342272953995032,8,0.9
11.328838852958,-0.3171117488550563,-0.6381441353162968,8,0.9
11.407637158684253,-0.3173719835108627,-0.64207686408164,8,0.9
11.486983549970367,-0.31764685886954797,-0.6460288123772162,8,0.9
11.566881839052892,-0.3179431518075947,-0.6500008267481042,8,0.9
11.647335864684578,-0.3182270715440228,-0.6539885751311547,8,0.9
11.728349492318808,-0.3185053973913845,-0.6579928352534876,8,0.9
11.809926614295325,-0.318791668928522,-0.6620152869577139,8,0.9
11.892071150027233,-0.3190791426596675,-0.6660549997702964,8,0.9
11.97478704618931,-0.3193813573197102,-0.6701136930123288,8,0.9
12.05807827690763,-0.31969156972173424,-0.6741904371148478,8,0.9
12.141948843950495,-0.3199895178613576,-0.678282460632627,8,0.9
12.226402776920713,-0.32028874129581564,-0.6823914734701962,8,0.9
12.31144413344919,-0.3206027782144406,-0.6865192359920526,8,0.9
12.397076999389895,-0.32091812805897335,-0.6906638533223146,8,0.9
12.48330548901615,-0.32123481051205116,-0.6948252398170879,8,0.9
12.570133745218314,-0.3215528455612579,-0.6990033064363936,8,0.9
12.657565939702833,-0.32188577083828807,-0.7031998558825338,8,0.9
12.745606273192656,-0.3222065718475471,-0.7074110160089073,8,0.9
12.834258975629076,-0.3225355455124254,-0.7116395302861463,8,0.9
12.923528306374958,-0.32287271241089976,-0.7158853172855729,8,0.9
13.013418554419374,-0.32321133568074195,-0.7201473160677672,8,0.9
13.10393403858367,-0.32355819475697184,-0.7244264003228116,8,0.9
13.195079107728983,-0.3238997966303764,-0.7287204966873457,8,0.9
13.286858140965156,-0.3242564357372487,-0.7330324609730823,8,0.9
13.379275547861162,-0.32460786319796037,-0.7373591994492249,8,0.9
13.472335768656947,-0.32496761615246234,-0.7417025919490737,8,0.9
13.566043274476765,-0.3253289612346521,-0.7460615118348667,8,0.9
13.660402567544,-0.32569867853455525,-0.7504368558224996,8,0.9
13.755418181397484,-0.32606328011943436,-0.754826438131188,8,0.9
13.851094681109295,-0.326449813701308,-0.7592342730935069,8,0.9
13.947436663504105,-0.326824525750778,-0.763655026617231,8,0.9
14.044448757380025,-0.3272144634507302,-0.7680927446109961,8,0.9
14.142135623731003,-0.3275993869519223,-0.772544118945445,8,0.9
14.240501955970773,-0.3279928323787361,-0.7770111227597231,8,0.9
14.33955248015833,-0.32838807150400184,-0.781492536591252,8,0.9
14.439291955225018,-0.3287783775934652,-0.7859871044198489,8,0.9
14.539725173203164,-0.32920430103860965,-0.790501239724674,8,0.9
14.640856959456315,-0.32959833197955646,-0.795023802864092,8,0.9
14.742692172911074,-0.3300280340140279,-0.7995656700563395,8,0.9
14.845235706290554,-0.3304326565994015,-0.8041166523978348,8,0.9
14.94849248634945,-0.33086625267127806,-0.8086855424275476,8,0.9
15.05246747411074,-0.3312815830493522,-0.8132642512534848,8,0.9
15.15716566510405,-0.3317124403189467,-0.8178582697425524,8,0.9
15.26259208960566,-0.3321588534991187,-0.8224674541146254,8,0.9
15.368751812880195,-0.3325870954085252,-0.8270858079190391,8,0.9
15.475649935423972,-0.3330444577023958,-0.8317212981498469,8,0.9
15.58329159321007,-0.3334972153698002,-0.8363678848081723,8,0.9
15.69168195793509,-0.33395215249242505,-0.8410265250662049,8,0.9
15.800826237267621,-0.33440255224077464,-0.8456957958552808,8,0.9
15.910729675098453,-0.3348754484471114,-0.8503803095771701,8,0.9
16.02139755179252,-0.33534387473975624,-0.8550750257143609,8,0.9
16.13283518444261,-0.3358213651834102,-0.8597821548901421,8,0.9
16.245047927124794,-0.33628770778228645,-0.8644977609605063,8,0.9
16.358041171155712,-0.33677668282579765,-0.8692278144335172,8,0.9
16.471820345351553,-0.3372680794103111,-0.8739683711189828,8,0.9
16.586390916288924,-0.337755186797418,-0.8787179123115656,8,0.9
16.70175838856748,-0.3382582860540945,-0.8834800053295498,8,0.9
16.817928305074386,-0.3387639191214081,-0.8882518701775669,8,0.9
16.93490624725064,-0.3392721248289333,-0.8930332483106113,8,0.9
17.052697835359233,-0.3397761961819862,-0.897822564628164,8,0.9
17.17130872875518,-0.3403031586031727,-0.9026248119122197,8,0.9
17.290744626157405,-0.3408125752463176,-0.9074318143963898,8,0.9
17.411011265922586,-0.34135845355496963,-0.9122539495429473,8,0.9
17.53211442632081,-0.34188012506016324,-0.9170789122092751,8,0.9
17.654059925813208,-0.3424248491713422,-0.9219158426771947,8,0.9
17.776853623331515,-0.3429791773158183,-0.9267617998330121,8,0.9
17.900501418559564,-0.3435094328746044,-0.9316095983202446,8,0.9
18.02500925221672,-0.34406286956058707,-0.9364685881522486,8,0.9
18.150383106343334,-0.34461929990216067,-0.9413343470627119,8,0.9
18.27662900458813,-0.3451989981936767,-0.9462108275007917,8,0.9
18.403753012497624,-0.34575481111718037,-0.9510878191392346,8,0.9
18.53176123780754,-0.3463339846441811,-0.955974962025142,8,0.9
18.660659830736275,-0.34691633869563,-0.9608676893996664,8,0.9
18.790454984280366,-0.3475019222126788,-0.9657656853077685,8,0.9
18.921152934512047,-0.3480840441026753,-0.9706671557697791,8,0.9
19.05275996087888,-0.34868971760577766,-0.9755776876454652,8,0.9
19.18528238650542,-0.34929203039786383,-0.9804910683790734,8,0.9
19.31872657849705,-0.3498977753146456,-0.9854084433549255,8,0.9
19.453098948245852,-0.35052048350609905,-0.9903325231848925,8,0.9
19.588405951738682,-0.35111977373056075,-0.9952538436627538,8,0.9
19.72465408986733,-0.35174961203238986,-1.0001842863174484,8,0.9
19.861849908740865,-0.3523830971092485,-1.0051174246239132,8,0.9
20.00000000000015,-0.3530135476773142,-1.0100513450780741,8,0.9
20.13911100113453,-0.3536477590990008,-1.0149872468000039,8,0.9
20.279189595800737,-0.35429926250194277,-1.019927970825732,8,0.9
20.42024251414402,-0.3549411694386648,-1.0248668108752579,8,0.9
20.56227653312149,-0.3556004851380198,-1.0298098189524332,8,0.9
20.70529847682771,-0.3562637970235214,-1.0347534496562318,8,0.9
20.849315216822593,-0.35692443182456574,-1.0396956992961153,8,0.9
20.994333672461515,-0.3575891877603449,-1.0446378285487745,8,0.9
21.14036081122778,-0.3582783300593625,-1.0495844935193133,8,0.9
21.28740364906737,-0.35895151825753474,-1.0545253356323834,8,0.9
21.43546925072604,-0.359642486891232,-1.059468366789766,8,0.9
21.584564730088722,-0.3603378345131196,-1.0644098764477816,8,0.9
21.734697250521346,-0.3610308964633926,-1.0693477713887984,8,0.9
21.885874025214974,-0.3617284741742707,-1.074283382840204,8,0.9
22.038102317532406,-0.3624508304819288,-1.0792216046569767,8,0.9
22.191389441357092,-0.3631643784092339,-1.0841533518922015,8,0.9
22.345742761444598,-0.3638826527296452,-1.0890817353481084,8,0.9
22.501169693776383,-0.3645989964403158,-1.0940045879377627,8,0.9
22.657677705916175,-0.3653336723201328,-1.0989269295486237,8,0.9
22.815274317368676,-0.3660665662312097,-1.103842999299018,8,0.9
22.973967099940907,-0.3668112120427537,-1.1087560641047391,8,0.9
23.13376367810596,-0.3675609577047631,-1.1136639431945137,8,0.9
23.29467172936933,-0.3683158815076575,-1.1185662675963608,8,0.9
23.456698984637793,-0.369055882853776,-1.1234570133405117,8,0.9
23.619853228590827,-0.36982813022546224,-1.1283489796744488,8,0.9
23.784142300054643,-0.37059234534947144,-1.1332304886431015,8,0.9
23.949574092378796,-0.3713755149849931,-1.138108808393153,8,0.9
24.11615655381544,-0.3721508218120604,-1.1429758817339506,8,0.9
24.28389768790117,-0.3729250786099664,-1.1478332162247564,8,0.9
24.452805553841607,-0.37371182095658295,-1.1526843619721145,8,0.9
24.622888266898567,-0.3745044123339305,-1.1575270151414614,8,0.9
24.794153998779972,-0.37531638721046207,-1.162364842853608,8,0.9
24.966610978032485,-0.37612094513307714,-1.167189483290732,8,0.9
25.140267490436816,-0.3769249028264454,-1.172002533658371,8,0.9
25.315131879405854,-0.3777283553101244,-1.1768035990682764,8,0.9
25.4912125463855,-0.37855156013149205,-1.181598517948857,8,0.9
25.668517951258348,-0.37936773086265596,-1.1863786781537453,8,0.9
25.847056612750112,-0.38021056477525844,-1.1911541979617684,8,0.9
26.026837108838944,-0.3810398435108319,-1.1959121341485435,8,0.9
26.20786807716754,-0.3818758269883581,-1.2006584426829816,8,0.9
26.390158215458165,-0.3827320523202372,-1.2053971289005634,8,0.9
26.573716281930512,-0.3835616001094142,-1.2101127200571336,8,0.9
26.758551095722524,-0.38442503206666206,-1.2148244251423788,8,0.9
26.944671537314093,-0.38528215219711587,-1.2195188568159705,8,0.9
27.13208654895373,-0.3861532178532054,-1.2242023122770547,8,0.9
27.320805135088207,-0.38701147760191795,-1.228865543786941,8,0.9
27.510836362795175,-0.3878839044280688,-1.2335171851912377,8,0.9
27.7021893622188,-0.3887638955458144,-1.2381547234109085,8,0.9
27.89487332700842,-0.3896314259403732,-1.2427709615274132,8,0.9
28.088897514760255,-0.39051346654817953,-1.247374775079634,8,0.9
28.284271247462218,-0.39139670926362363,-1.2519612708606855,8,0.9
28.48100391194176,-0.39229469758350954,-1.2565348739497053,8,0.9
28.679104960316874,-0.3932008397778189,-1.261093016653098,8,0.9
28.878583910450253,-0.39410854816600144,-1.2656330627029726,8,0.9
29.079450346406546,-0.39500452961772853,-1.2701498812768994,8,0.9
29.28171391891285,-0.3959090422416951,-1.2746504131622933,8,0.9
29.485384345822368,-0.39682892209431,-1.2791369178808314,8,0.9
29.690471412581335,-0.39774417355535174,-1.2836018063291614,8,0.9
29.896984972699123,-0.3986683457952072,-1.2880497823998724,8,0.9
30.104934948221704,-0.399594865327125,-1.2924781455127723,8,0.9
30.314331330208326,-0.40051716291318795,-1.2968841228311394,8,0.9
30.52518417921155,-0.40145549500221933,-1.3012751394087838,8,0.9
30.73750362576062,-0.40238317944913915,-1.305640760398434,8,0.9
30.951299870848175,-0.40332047467883775,-1.3099884953777627,8,0.9
31.16658318642038,-0.40426752316846204,-1.3143182255432446,8,0.9
31.38336391587042,-0.40521776640888285,-1.3186271909844167,8,0.9
31.60165247453548,-0.4061646503100724,-1.3229125570790778,8,0.9
31.82145935019715,-0.4071284319637497,-1.3271822040594,8,0.9
32.04279510358529,-0.4080757545544162,-1.3314225304755225,8,0.9
32.26567036888546,-0.409040280112564,-1.3356469258515955,8,0.9
32.49009585424984,-0.4100020617349656,-1.3398471210095486,8,0.9
32.716082342311665,-0.41096795885470827,-1.3440257405159237,8,0.9
32.94364069070335,-0.41193143334651594,-1.3481798913921885,8,0.9
33.172781832578096,-0.412906045589135,-1.3523151050438424,8,0.9
33.40351677713521,-0.4138852610890823,-1.3564285399612541,8,0.9
33.63585661014903,-0.4148558532975032,-1.3605143942463125,8,0.9
33.86981249450153,-0.41583138720800217,-1.3645783118877581,8,0.9
34.10539567071872,-0.41681872956616617,-1.3686232127329352,8,0.9
34.34261745751061,-0.4177979674738866,-1.3726403140994698,8,0.9
34.58148925231507,-0.41878266887320076,-1.3766354480470044,8,0.9
34.822022531845434,-0.41975962461369704,-1.380602645990798,8,0.9
35.064228852641875,-0.42076248361399193,-1.3845569515311265,8,0.9
35.30811985162668,-0.4217445765238157,-1.388477289309633,8,0.9
35.55370724666329,-0.42274624611723355,-1.3923819132143747,8,0.9
35.80100283711939,-0.4237476027497884,-1.3962617680896898,8,0.9
36.05001850443371,-0.424742147626539,-1.400113769157332,8,0.9
36.30076621268694,-0.42574345632082367,-1.4039442106780051,8,0.9
36.55325800917653,-0.42673834507449043,-1.407746885527079,8,0.9
36.80750602499552,-0.42774039185023494,-1.4115282257406823,8,0.9
37.06352247561536,-0.428743108283843,-1.4152851886202515,8,0.9
37.32131966147283,-0.4297466983383718,-1.4190179045239344,8,0.9
37.58090996856101,-0.43075136851352475,-1.4227265217215284,8,0.9
37.84230586902438,-0.4317506418202858,-1.4264078910321167,8,0.9
38.105519921758045,-0.4327581026333871,-1.430068801046604,8,0.9
38.37056477301113,-0.4337739633293767,-1.433709537685546,8,0.9
38.63745315699439,-0.4347850705841843,-1.4373236096814186,8,0.9
38.906197896491996,-0.43579164583637203,-1.440911174770089,8,0.9
39.176811903477656,-0.4368005961198368,-1.4444758639264224,8,0.9
39.449308179734956,-0.437818828682581,-1.4480214407906398,8,0.9
39.72369981748203,-0.43882652434191066,-1.451537753352656,8,0.9
40.000000000000604,-0.43983727938531275,-1.4550320310314666,8,0.9
40.27822200226936,-0.440851327062307,-1.4585046129913213,8,0.9
40.55837919160177,-0.44185554382309583,-1.4619486575414735,8,0.9
40.840485028288356,-0.44287688905387806,-1.4653788880247571,8,0.9
41.124553066243294,-0.4438755293856529,-1.4687739215043696,8,0.9
41.410596953655734,-0.4448917846497857,-1.4721559614589192,8,0.9
41.6986304336455,-0.44590586671835825,-1.4755144678129457,8,0.9
41.98866734492334,-0.44691135125761705,-1.478846059844448,8,0.9
42.28072162245588,-0.44792184772189403,-1.482158602030043,8,0.9
42.57480729813507,-0.4489309371388851,-1.485448784950454,8,0.9
42.8709385014524,-0.4499388809140883,-1.4887170409742325,8,0.9
43.16912946017777,-0.4509459435113181,-1.491963823175465,8,0.9
43.46939450104301,-0.45195239248142555,-1.495189605499378,8,0.9
43.771748050430276,-0.45295182538216455,-1.4983909412125769,8,0.9
44.07620463506514,-0.45396453535145215,-1.5015801716224793,8,0.9
44.38277888271451,-0.4549641081355365,-1.5047420021597688,8,0.9
44.69148552288952,-0.4559641701315169,-1.507884874501978,8,0.9
45.00233938755311,-0.45696500475664925,-1.5110093685565185,8,0.9
45.315355411832684,-0.45796689869030566,-1.5141160860263059,8,0.9
45.63054863473769,-0.45895680278870676,-1.5171973694925256,8,0.9
45.947934199882155,-0.45994835179645205,-1.5202620095736592,8,0.9
46.26752735621227,-0.4609485107572462,-1.5233148815536828,8,0.9
46.58934345873901,-0.46194424231404824,-1.526348290963104,8,0.9
46.913397969275934,-0.4629358516423116,-1.5293628453279773,8,0.9
47.23970645718201,-0.4639169806712701,-1.5323548597983014,8,0.9
47.56828460010965,-0.46490127538565407,-1.535333575522883,8,0.9
47.89914818475796,-0.46587571854797755,-1.5382910007445145,8,0.9
48.232313107631235,-0.46686062590126204,-1.5412409811714298,8,0.9
48.5677953758027,-0.46784965229617226,-1.5441799904739186,8,0.9
48.90561110768358,-0.4688231306961776,-1.547095395356193,8,0.9
49.2457765337975,-0.46978805760578163,-1.549992264038883,8,0.9
49.58830799756032,-0.47076475652214067,-1.5528849649708283,8,0.9
49.933221956065346,-0.4717269124329037,-1.555756105881549,8,0.9
50.280534980874016,-0.47270151630337603,-1.5586248520570016,8,0.9
50.630263758812085,-0.47365560378560523,-1.561468877571782,8,0.9
50.982425092771386,-0.47460284939370734,-1.564298143080256,8,0.9
51.33703590251707,-0.4755635873248442,-1.5671276902702198,8,0.9
51.69411322550061,-0.4765181917950323,-1.569944277120489,8,0.9
52.05367421767828,-0.47747368346506003,-1.5727535551506917,8,0.9
52.41573615433548,-0.47841710918549163,-1.5755467346128338,8,0.9
52.78031643091672,-0.4793621560104595,-1.5783343830784733,8,0.9
53.14743256386143,-0.4802825656705237,-1.5810976907057495,8,0.9
53.517102191445446,-0.48122531937047885,-1.5838721494846761,8,0.9
53.8893430746286,-0.4821575098482827,-1.5866340008364532,8,0.9
54.264173097907864,-0.483086180182645,-1.5893891442295627,8,0.9
54.64161027017682,-0.48400506445157554,-1.5921334330135581,8,0.9
55.02167272559077,-0.48492786805979327,-1.5948780467799037,8,0.9
55.40437872443802,-0.48583502370441756,-1.5976085273505396,8,0.9
55.78974665401725,-0.4867468988194557,-1.600341378465729,8,0.9
56.17779502952094,-0.4876505910664736,-1.6030672171226161,8,0.9
56.56854249492486,-0.4885598189720203,-1.6057976446577935,8,0.9
56.962007823883944,-0.48945503791328226,-1.6085177858481854,8,0.9
57.358209920634174,-0.490356626910339,-1.6112447395918021,8,0.9
57.75716782090094,-0.49124505280704384,-1.6139634170436312,8,0.9
58.158900692813525,-0.49212074644654624,-1.6166747243679116,8,0.9
58.56342783782614,-0.49300409604320006,-1.619396216121336,8,0.9
58.97076869164518,-0.49387558574230983,-1.622112475732519,8,0.9
59.38094282516311,-0.49475561016927516,-1.624841368061044,8,0.9
59.79396994539869,-0.49562466511863823,-1.627567255123639,8,0.9
60.209869896443855,-0.4964898532096099,-1.6302968708894372,8,0.9
60.628662660417106,-0.4973250354966452,-1.633008309485112,8,0.9
61.05036835842356,-0.4981971631501926,-1.6357603567253542,8,0.9
61.4750072515217,-0.49903356578088504,-1.6384905851080942,8,0.9
61.90259974169682,-0.49988125402554195,-1.6412408879991511,8,0.9
62.33316637284123,-0.5007141116461794,-1.6439889846695825,8,0.9
62.766727831741306,-0.5015459150735316,-1.6467478780672697,8,0.9
63.20330494907143,-0.5023705027372404,-1.649512821912945,8,0.9
63.642918700394766,-0.5031950118520628,-1.6522910982614751,8,0.9
64.08559020717105,-0.5040199371730748,-1.6550840581351163,8,0.9
64.5313407377714,-0.5048324873247615,-1.657880685456699,8,0.9
64.98019170850016,-0.5056265238204299,-1.6606758405032853,8,0.9
65.43216468462381,-0.5064357835478588,-1.6635019727070304,8,0.9
65.8872813814072,-0.5072342009962504,-1.6663354492165552,8,0.9
66.34556366515669,-0.5080156535685997,-1.669171047098235,8,0.9
66.80703355427093,-0.508800600470083,-1.6720291427458682,8,0.9
67.27171322029855,-0.5095829278983609,-1.674904759654448,8,0.9
67.73962498900357,-0.5103498851347164,-1.677786195631076,8,0.9
68.21079134143795,-0.5111219438650959,-1.6806943540152217,8,0.9
68.68523491502174,-0.5118797212488617,-1.68361087817499,8,0.9
69.16297850463066,-0.5126436975350733,-1.6865570293823453,8,0.9
69.6440450636914,-0.5133878598611182,-1.6895074322980792,8,0.9
70.12845770528428,-0.5141326980329493,-1.6924835526645354,8,0.9
70.61623970325388,-0.5148787790643233,-1.6954869305052453,8,0.9
71.10741449332713,-0.5156200339118128,-1.6985122166088007,8,0.9
71.60200567423932,-0.5163437587494037,-1.7015469020876708,8,0.9
72.10003700886796,-0.5170571795793575,-1.7045991414825867,8,0.9
72.60153242537443,-0.5177874487049712,-1.707698569729154,8,0.9
73.10651601835362,-0.5184886754868573,-1.7107972449553857,8,0.9
73.61501204999159,-0.5191880231487039,-1.713924797833844,8,0.9
74.12704495123128,-0.5198927368364972,-1.7170900337783113,8,0.9
74.64263932294622,-0.5205835070645088,-1.7202727983451231,8,0.9
75.16181993712259,-0.5212808698658711,-1.7234964463233746,8,0.9
75.68461173804933,-0.5219588883819718,-1.7267331213779367,8,0.9
76.21103984351666,-0.5226381089193596,-1.7300064017741876,8,0.9
76.74112954602285,-0.5232992465637726,-1.7332953860901197,8,0.9
77.27490631398935,-0.523962857443324,-1.7366240509399598,8,0.9
77.81239579298456,-0.52462294611037,-1.7399865008915072,8,0.9
78.3536238069559,-0.5252868005095898,-1.7433920538711953,8,0.9
78.8986163594705,-0.5259218824871654,-1.7468036802214861,8,0.9
79.44739963496465,-0.5265620458099582,-1.750261474386677,8,0.9
80.00000000000179,-0.5272013176086296,-1.753759422065448,8,0.9
80.55644400453932,-0.5278204546850805,-1.7572753975859348,8,0.9
81.11675838320417,-0.5284466870155762,-1.7608426547085252,8,0.9
81.68097005657731,-0.5290674206436063,-1.7644470173305717,8,0.9
82.24910613248719,-0.5296767057487907,-1.7680819832944425,8,0.9
82.8211939073121,-0.5302818739107016,-1.771757227583113,8,0.9
83.39726086729164,-0.5308703486091396,-1.7754579220919542,8,0.9
83.97733468984731,-0.531462747726839,-1.779210386826831,8,0.9
84.56144324491237,-0.5320664186241812,-1.7830249581954034,8,0.9
85.14961459627077,-0.5326356131361877,-1.7868446433990608,8,0.9
85.74187700290544,-0.5332042404194514,-1.7907128866444666,8,0.9
86.33825892035618,-0.5337796641643534,-1.7946401260026246,8,0.9
86.93878900208668,-0.5343427031975343,-1.798602504225362,8,0.9
87.54349610086122,-0.5349073695693305,-1.8026189813951197,8,0.9
88.15240927013093,-0.5354478553148563,-1.8066563964513958,8,0.9
88.7655577654297,-0.535998095699627,-1.8107601833212394,8,0.9
89.38297104577971,-0.5365322932164172,-1.8148969156375,8,0.9
90.00467877510688,-0.5370578433130482,-1.8190770372114489,8,0.9
90.63071082366605,-0.5375954221005061,-1.8233293984582635,8,0.9
91.26109726947607,-0.5381059717875218,-1.8276016304157923,8,0.9
91.895868399765,-0.5386234541562722,-1.8319408266438393,8,0.9
92.53505471242522,-0.5391353721760215,-1.8363306904634862,8,0.9
93.17868691747873,-0.539642509189978,-1.8407730641526947,8,0.9
93.82679593855258,-0.5401390154364359,-1.8452604278308862,8,0.9
94.47941291436473,-0.5406323219706517,-1.8498039566798963,8,0.9
95.13656920022001,-0.5411165885424333,-1.8543960636915122,8,0.9
95.79829636951663,-0.5416058944120886,-1.859057756157842,8,0.9
96.4646262152632,-0.5420612162928049,-1.8637331641844705,8,0.9
97.13559075160614,-0.5425497511140427,-1.8685208676936536,8,0.9
97.81122221536789,-0.5429992906730129,-1.8733159123695091,8,0.9
98.49155306759573,-0.5434571264463245,-1.878188478841457,8,0.9
99.17661599512138,-0.543904167121481,-1.8831110397816468,8,0.9
99.86644391213144,-0.5443478810938759,-1.888095442813268,8,0.9
100.56106996174877,-0.5447891021750776,-1.8931437439227918,8,0.9
101.26052751762494,-0.5452353081291809,-1.8982682503032133,8,0.9
101.96485018554354,-0.5456674216829508,-1.9034404779078071,8,0.9
102.67407180503491,-0.5460730070974139,-1.9086414273022025,8,0.9
103.388226451002,-0.546492754255622,-1.9139350358307676,8,0.9
104.10734843535732,-0.546894314635021,-1.9192714508266402,8,0.9
104.83147230867174,-0.5473051072364007,-1.9246946691405775,8,0.9
105.56063286183424,-0.5477127112004408,-1.9301859369869079,8,0.9
106.29486512772365,-0.5481113484897179,-1.9357366695015141,8,0.9
107.03420438289172,-0.548495243173017,-1.941338006243701,8,0.9
107.778686149258,-0.5488652633290497,-1.9469917229366214,8,0.9
108.52834619581655,-0.5492554924425246,-1.9527546248709904,8,0.9
109.28322054035448,-0.5496136666551529,-1.9585411592406161,8,0.9
110.04334545118235,-0.5499871616822213,-1.964430625974361,8,0.9
110.80875744887686,-0.5503436431142762,-1.970369739135541,8,0.9
111.57949330803534,-0.5506972791254968,-1.9763828989258347,8,0.9
112.35559005904271,-0.5510423102014024,-1.9824609801887674,8,0.9
113.13708498985058,-0.551392911431292,-1.9886290588923723,8,0.9
113.92401564776874,-0.5517366826482268,-1.9948666069509853,8,0.9
114.71641984126921,-0.5520678677136232,-2.001164130554495,8,0.9
115.51433564180275,-0.5523940021858633,-2.00753534593921,8,0.9
116.31780138562794,-0.5527093319017924,-2.0139706766491328,8,0.9
117.12685567565316,-0.5530346894649054,-2.0205079604962846,8,0.9
117.94153738329126,-0.5533377354295734,-2.027089997173971,8,0.9
118.76188565032712,-0.5536592475356563,-2.0337910353529125,8,0.9
119.58793989079828,-0.5539535878154843,-2.0405289635979234,8,0.9
120.41973979288862,-0.554248241622488,-2.0473543524960967,8,0.9
121.25732532083512,-0.5545374558473035,-2.054257376442362,8,0.9
122.10073671684803,-0.5548287749503624,-2.0612528296534585,8,0.9
122.95001450304433,-0.5550964930685686,-2.0682931258203823,8,0.9
123.80519948339456,-0.5553747538243553,-2.075443113104143,8,0.9
124.66633274568338,-0.5556444986972054,-2.082667581942382,8,0.9
125.53345566348355,-0.5559066176898537,-2.089968768526536,8,0.9
126.40660989814381,-0.5561619994151722,-2.097348953647766,8,0.9
127.28583740079048,-0.5564115308425235,-2.1048104629735964,8,0.9
128.17118041434307,-0.556662751098984,-2.112368789909347,8,0.9
129.0626814755438,-0.5569098903220128,-2.120013420324702,8,0.9
129.9603834170013,-0.5571405182413272,-2.1277201866290865,8,0.9
130.86432936924862,-0.5573754767128926,-2.1355312525065746,8,0.9
131.77456276281538,-0.5576023289633943,-2.143422441133148,8,0.9
132.69112733031437,-0.5578286017261301,-2.151409665226892,8,0.9
133.61406710854286,-0.5580351881197841,-2.159454439425632,8,0.9
134.5434264405981,-0.5582562400436906,-2.1676275997070706,8,0.9
135.47924997800817,-0.5584526632291333,-2.1758490173301355,8,0.9
136.42158268287693,-0.5586586058419489,-2.1841903130499203,8,0.9
137.3704698300445,-0.558868258920946,-2.192640495894358,8,0.9
138.32595700926237,-0.5590491567980009,-2.20113134547656,8,0.9
139.28809012738384,-0.5592354409471095,-2.2097358209009736,8,0.9
140.25691541056963,-0.5594146169708157,-2.2184280173821582,8,0.9
141.23247940650882,-0.5595941712355705,-2.2272248246900936,8,0.9
142.2148289866553,-0.559761590299057,-2.236099685150432,8,0.9
143.20401134847972,-0.559931012109593,-2.2450841974012548,8,0.9
144.200074017737,-0.5600965723283593,-2.2541663010877855,8,0.9
145.20306485074994,-0.5602457268488559,-2.2633185868471792,8,0.9
146.2130320367083,-0.5604126000113085,-2.2726182684676783,8,0.9
147.2300240999843,-0.5605579548595511,-2.281977849339968,8,0.9
148.25408990246365,-0.5606892200271616,-2.291414230855938,8,0.9
149.28527864589356,-0.5608271626137653,-2.300975567249459,8,0.9
150.32363987424628,-0.5609658591988299,-2.3106493454352157,8,0.9
151.3692234760998,-0.5610926977930693,-2.3204070187772143,8,0.9
152.42207968703445,-0.5612083977120901,-2.3302506304097896,8,0.9
153.48225909204683,-0.5613270195468342,-2.340213935128262,8,0.9
154.54981262797986,-0.5614425885218198,-2.3502837402937073,8,0.9
155.6247915859703,-0.561549113346586,-2.3604464180483036,8,0.9
156.70724761391295,-0.5616405855646446,-2.3706878962693194,8,0.9
157.79723271894218,-0.5617443831709117,-2.381075195665088,8,0.9
158.8947992699305,-0.5618344329972197,-2.391545812961757,8,0.9
160.0000000000048,-0.5619314115644765,-2.40215119272114,8,0.9
161.11288800907985,-0.5620158886388267,-2.4128442275298583,8,0.9
162.23351676640956,-0.5620817756766812,-2.423609956112126,8,0.9
163.36194011315587,-0.5621497112227837,-2.434500558693991,8,0.9
164.49821226497562,-0.5622202682675296,-2.4455185886366726,8,0.9
165.6423878146254,-0.5622873138681426,-2.4566494565547883,8,0.9
166.79452173458452,-0.5623446929065289,-2.4678780850807156,8,0.9
167.9546693796959,-0.5623996118153529,-2.4792236946638284,8,0.9
169.12288648982604,-0.5624458771934253,-2.490670951350793,8,0.9
170.29922919254284,-0.5624839665433055,-2.502221660823302,8,0.9
171.4837540058122,-0.5625210346369888,-2.513895391764668,8,0.9
172.6765178407137,-0.5625575244968829,-2.5256943043479705,8,0.9
173.87757800417467,-0.562587159773775,-2.5376025134658087,8,0.9
175.08699220172375,-0.5626103384169482,-2.549621762553893,8,0.9
176.30481854026317,-0.5626274371504502,-2.561753771592597,8,0.9
177.53111553086072,-0.562645514826657,-2.5740186576541486,8,0.9
178.7659420915608,-0.5626582033936466,-2.586399926065796,8,0.9
180.00935755021513,-0.5626456917061924,-2.5988431462281563,8,0.9
181.26142164733346,-0.5626552124171376,-2.6114804695203997,8,0.9
182.52219453895353,-0.5626400756709664,-2.6241823657583607,8,0.9
183.7917367995314,-0.5626340647140785,-2.637044600241227,8,0.9
185.07010942485184,-0.5626239756361935,-2.6500310017884563,8,0.9
186.35737383495882,-0.5625898502035563,-2.6630848932420377,8,0.9
187.65359187710658,-0.5625721374194053,-2.6763234354909544,8,0.9
188.95882582873088,-0.5625306748920514,-2.689631319112612,8,0.9
190.27313840044144,-0.562499158290874,-2.7031074655511946,8,0.9
191.59659273903472,-0.5624575113520123,-2.7166941247220757,8,0.9
192.92925243052787,-0.562412505348959,-2.730412060202789,8,0.9
194.27118150321374,-0.5623641639482667,-2.7442623178033445,8,0.9
195.62244443073726,-0.5622990251165657,-2.7582051519261146,8,0.9
196.98310613519297,-0.562237232439658,-2.772302087109692,8,0.9
198.35323199024427,-0.5621719939510904,-2.7865337101086243,8,0.9
199.73288782426437,-0.5621032132138409,-2.80090073066744,8,0.9
201.12213992349908,-0.5620240262422189,-2.81538281900838,8,0.9
202.5210550352514,-0.5619342672318792,-2.8299800424121666,8,0.9
203.9297003710886,-0.561853959135753,-2.8447560909974214,8,0.9
205.3481436100714,-0.5617559195778203,-2.8596265846813553,8,0.9
206.77645290200556,-0.5616668563788343,-2.8746769886755117,8,0.9
208.21469687071618,-0.5615595028452423,-2.8898214769371027,8,0.9
209.66294461734503,-0.561433519235218,-2.9050590633151168,8,0.9
211.12126572367004,-0.5613290393982043,-2.9205206903313656,8,0.9
212.5897302554489,-0.5612119253297126,-2.936097055811048,8,0.9
214.06840876578502,-0.561074981687931,-2.9517648920280397,8,0.9
215.5573722985176,-0.5609515181658203,-2.9676350531475055,8,0.9
217.05669239163473,-0.5608140073732271,-2.9836176181581493,8,0.9
218.5664410807106,-0.5606686630360187,-2.9997339807129157,8,0.9
220.08669090236637,-0.5605284368806727,-3.016028978807149,8,0.9
221.6175148977554,-0.5603656524935074,-3.0324097947232556,8,0.9
223.15898661607235,-0.5602067220384508,-3.0489671835669916,8,0.9
224.71118011808713,-0.5600441922250359,-3.065677042775678,8,0.9
226.27416997970286,-0.5598637841750365,-3.082490797351948,8,0.9
227.8480312955392,-0.5596918314261706,-3.099501114526271,8,0.9
229.43283968254013,-0.5595139811304507,-3.116659363824498,8,0.9
231.02867128360725,-0.5593226030116046,-3.133939498467691,8,0.9
232.63560277125762,-0.5591303765496454,-3.1513874940817463,8,0.9
234.25371135130806,-0.5589363828118911,-3.1690015233544315,8,0.9
235.88307476658426,-0.5587192831826178,-3.186705583993519,8,0.9
237.523771300656,-0.5585052334315944,-3.20459514085696,8,0.9
239.17587978159838,-0.5582864004941773,-3.2226432056891925,8,0.9
240.83947958577906,-0.55806169943061,-3.24084702962514,8,0.9
242.51465064167206,-0.5578368080265517,-3.2592289763103333,8,0.9
244.2014734336979,-0.5576037580632152,-3.2777607969318465,8,0.9
245.9000290060905,-0.5573749597531246,-3.2964904240776742,8,0.9
247.61039896679097,-0.5571151055619438,-3.3152856665369104,8,0.9
249.33266549136863,-0.5568569563804651,-3.3342712557017333,8,0.9
251.06691132696898,-0.5565923694650572,-3.353417691007086,8,0.9
252.81321979628953,-0.5563267942076104,-3.3727473638960737,8,0.9
254.5716748015829,-0.5560519948918284,-3.3922298368726067,8,0.9
256.3423608286881,-0.5557733409009595,-3.4118872908480165,8,0.9
258.12536295108947,-0.5554825027520262,-3.4316883158998834,8,0.9
259.9207668340045,-0.5551916075790383,-3.451682070004898,8,0.9
261.72865873849923,-0.5548922422343904,-3.4718367123476344,8,0.9
263.54912552563275,-0.5545759355786255,-3.49211931262254,8,0.9
265.38225466063074,-0.5542684031381622,-3.5126348034258412,8,0.9
267.2281342170877,-0.55394055391556,-3.533266986497617,8,0.9
269.08685288119824,-0.5536111893775436,-3.5540935001784395,8,0.9
270.95849995601833,-0.5532785317151656,-3.575108847449791,8,0.9
272.8431653657559,-0.5529338954989382,-3.596278597538373,8,0.9
274.74093966009104,-0.552596009722844,-3.617682324000786,8,0.9
276.6519140185268,-0.5522286289971204,-3.63916971626126,8,0.9
278.5761802547697,-0.5518779017850163,-3.660936409800722,8,0.9
280.51383082114137,-0.551493719495705,-3.682771733938569,8,0.9
282.4649588130198,-0.5511222023766391,-3.7048734423737946,8,0.9
284.42965797331277,-0.5507268766401309,-3.727086856211026,8,0.9
286.40802269696155,-0.5503331820112574,-3.7495230205038994,8,0.9
288.40014803547615,-0.549932096258401,-3.7721447315714194,8,0.9
290.4061297015021,-0.5495283428052915,-3.7949744621811328,8,0.9
292.42606407341884,-0.5491197149041359,-3.8180044676271474,8,0.9
294.4600481999708,-0.5486763190831554,-3.8411030391776873,8,0.9
296.50817980492957,-0.5482442243359401,-3.864476764639351,8,0.9
298.5705572917893,-0.5478211440083787,-3.888118629484091,8,0.9
300.64727974849484,-0.5473562729073702,-3.911800378370869,8,0.9
302.73844695220185,-0.5469095196847634,-3.935795468915007,8,0.9
304.84415937407124,-0.5464299619380701,-3.9598730176885777,8,0.9
306.964518184096,-0.5459636668036937,-3.984246527250702,8,0.9
309.09962525596205,-0.5454734571607878,-4.008746005248553,8,0.9
311.24958317194296,-0.5449845730030674,-4.033490572104504,8,0.9
313.4144952278283,-0.5444805641270046,-4.0584051199472295,8,0.9
315.59446543788675,-0.5439657856920923,-4.083511672323559,8,0.9
317.7895985398634,-0.5434654778218917,-4.108932851278326,8,0.9
320.000000000012,-0.5429212672015902,-4.134391273524352,8,0.9
322.22577601816215,-0.5424001674417943,-4.1602107879444326,8,0.9
324.4670335328215,-0.5418366984154254,-4.1860766627845845,8,0.9
326.7238802263142,-0.5412909445744051,-4.212282960300188,8,0.9
328.99642452995374,-0.5407252369280342,-4.238647999576334,8,0.9
331.2847756292533,-0.5401507630071494,-4.265228479749956,8,0.9
333.5890434691715,-0.5395577059292453,-4.2919774127073795,8,0.9
335.90933875939425,-0.5389782693075605,-4.3190581780008115,8,0.9
338.2457729796546,-0.5383605239266017,-4.346212021744189,8,0.9
340.5984583850881,-0.5377647375828238,-4.373745587556244,8,0.9
342.96750801162693,-0.5371318434341867,-4.4013611515213755,8,0.9
345.3530356814299,-0.5365010710854714,-4.429260767539708,8,0.9
347.75515600835195,-0.5358554238205716,-4.457359598270314,8,0.9
350.1739844034501,-0.5352060295741439,-4.485717584972698,8,0.9
352.60963708052907,-0.5345428717670702,-4.514285021453959,8,0.9
355.0622310617241,-0.5338629466812639,-4.54304804119063,8,0.9
357.53188418312425,-0.533177368363555,-4.572067517084621,8,0.9
360.0187151004329,-0.5324689713446782,-4.601254479313656,8,0.9
362.52284329466966,-0.5317701067755541,-4.630784332519146,8,0.9
365.0443890779098,-0.5310565095836118,-4.660530116755685,8,0.9
367.58347359906554,-0.5303109082481537,-4.690399873321777,8,0.9
370.14021884970646,-0.5295728066838653,-4.720610594472611,8,0.9
372.7147476699204,-0.5288320679095697,-4.75111079650262,8,0.9
375.30718375421594,-0.5280642648327851,-4.781768465269769,8,0.9
377.9176516574646,-0.5272733801454572,-4.812606922804048,8,0.9
380.5462768008857,-0.526491959803836,-4.843810369934251,8,0.9
383.1931854780723,-0.5256812392728089,-4.875164778003511,8,0.9
385.85850486105863,-0.5248595077339351,-4.906775025775205,8,0.9
388.5423630064304,-0.5240379758339822,-4.938708045679699,8,0.9
391.2448888614774,-0.5231992292579752,-4.9708678452201465,8,0.9
393.96621227038884,-0.5223401327200394,-5.0032386785416065,8,0.9
396.7064639804915,-0.5214719132812712,-5.035887926689666,8,0.9
399.4657756485318,-0.5205986615000722,-5.068842813228564,8,0.9
402.24427984700117,-0.5197028827138318,-5.102004220555913,8,0.9
405.04211007050577,-0.518795855975456,-5.135440925391438,8,0.9
407.85940074218024,-0.5178744808833442,-5.169137743705952,8,0.9
410.69628722014585,-0.5169501135529239,-5.203165639546617,8,0.9
413.55290580401413,-0.5159907373742577,-5.237336151203345,8,0.9
416.42939374143555,-0.5150221802777224,-5.271806613032225,8,0.9
419.3258892346932,-0.5140486396414904,-5.306606301981552,8,0.9
422.24253144734325,-0.513045274145733,-5.341587352046234,8,0.9
425.179460510901,-0.5120599122085907,-5.377045965804626,8,0.9
428.13681753157323,-0.5110167504875901,-5.41251951591917,8,0.9
431.11474459703845,-0.5099782638599458,-5.448395947424896,8,0.9
434.11338478327275,-0.5089268924937738,-5.484570810950409,8,0.9
437.13288216142445,-0.5078669565405971,-5.521075055998719,8,0.9
440.173381804736,-0.5067808316460214,-5.5578013453241795,8,0.9
443.23502979551404,-0.5056801757586562,-5.594826396469814,8,0.9
446.31797323214806,-0.504554682381989,-5.6320879988897525,8,0.9
449.4223602361776,-0.5034308200655537,-5.669759341455285,8,0.9
452.5483399594091,-0.5022836248407885,-5.7076844557880655,8,0.9
455.6960625910818,-0.5011027767034936,-5.745799234348675,8,0.9
458.8656793650838,-0.49992969361266937,-5.784376824987406,8,0.9
462.0573425672179,-0.49873199687957703,-5.823210691215525,8,0.9
465.2712055425187,-0.49752165261391146,-5.862383182807297,8,0.9
468.5074227026196,-0.4962735715102276,-5.901731919456634,8,0.9
471.76614953317204,-0.49501464071720064,-5.941438660053509,8,0.9
475.04754260131557,-0.49374212736307244,-5.981489921876209,8,0.9
478.3517595632003,-0.49244584303200867,-6.0218215115271985,8,0.9
481.6789591715617,-0.4911380086521532,-6.062520165652756,8,0.9
485.02930128334776,-0.4898084769793931,-6.103521633610533,8,0.9
488.40294686739946,-0.4884545723458019,-6.144811611752154,8,0.9
491.8000580121847,-0.48708867690876756,-6.186479476476737,8,0.9
495.2207979335857,-0.4857157612824308,-6.2285650425510495,8,0.9
498.665330982741,-0.48429557763164927,-6.270793424583123,8,0.9
502.1338226539417,-0.4828632440743011,-6.313412602857389,8,0.9
505.62643959258287,-0.48141629165947786,-6.356410753940783,8,0.9
509.14334960316967,-0.47993708982236194,-6.399668352387112,8,0.9
512.68472165738,-0.47846114933266404,-6.443441928929146,8,0.9
516.2507259021829,-0.4769404729551602,-6.487395427597583,8,0.9
519.841533668013,-0.4754107140816517,-6.5317878300020915,8,0.9
523.4573174770023,-0.47384664518166264,-6.576443121069934,8,0.9
527.0982510512695,-0.4722688707241983,-6.621514844149436,8,0.9
530.7645093212655,-0.47067515888029443,-6.666992836511774,8,0.9
534.4562684341794,-0.46903251415401503,-6.712640880741771,8,0.9
538.1737057624005,-0.4673925507452987,-6.758842278137076,8,0.9
541.9169999120409,-0.4657300651260564,-6.8054184361362475,8,0.9
545.6863307315159,-0.4640274297064563,-6.852243653367968,8,0.9
549.4818793201863,-0.4623134824764888,-6.899537650577994,8,0.9
553.3038280370578,-0.46057067775092253,-6.9471755195941745,8,0.9
557.1523605095437,-0.45880474971959306,-6.9952059007136285,8,0.9
561.027661642287,-0.4570058984038184,-7.043560400586578,8,0.9
564.9299176260438,-0.4551877753071045,-7.092348303366365,8,0.9
568.8593159466297,-0.4533249496442582,-7.141381320520874,8,0.9
572.8160453939274,-0.45145474695055454,-7.190951087942962,8,0.9
576.8002960709567,-0.44955967732164515,-7.240930489796074,8,0.9
580.8122594030085,-0.44762213088732794,-7.291189082303147,8,0.9
584.8521281468421,-0.445687773514683,-7.34208833882982,8,0.9
588.920096399946,-0.4436994820044362,-7.393189742843615,8,0.9
593.0163596098636,-0.4416872228512928,-7.4447333179490895,8,0.9
597.1411145835832,-0.4396573520461475,-7.496776540815817,8,0.9
601.2945594969942,-0.43758431757897576,-7.549124096182559,8,0.9
605.4768939044083,-0.43548247720234584,-7.60189608636022,8,0.9
609.688318748147,-0.4333663813953995,-7.655216356099771,8,0.9
613.9290363681965,-0.43120237535946376,-7.7088223308176085,8,0.9
618.1992505119288,-0.42902120344959044,-7.762968282456563,8,0.9
622.4991663438906,-0.4268134310706098,-7.817586222277839,8,0.9
626.8289904556613,-0.42455330163087884,-7.87247366952041,8,0.9
631.1889308757782,-0.42227190708980733,-7.927891004465076,8,0.9
635.5791970797316,-0.4199598380293884,-7.983769487293632,8,0.9
640.0000000000289,-0.41762402767830153,-8.04017441783168,8,0.9
644.4515520363291,-0.41525508367196345,-8.097036602299205,8,0.9
648.9340670656479,-0.4128353014339789,-8.154216373861365,8,0.9
653.4477604526332,-0.41038817844065223,-8.211916908022447,8,0.9
657.9928490599125,-0.40790434197900927,-8.270068339922204,8,0.9
662.5695512585116,-0.4053826742414438,-8.32866940271007,8,0.9
667.178086938348,-0.4028304353015566,-8.38778988704142,8,0.9
671.8186775187937,-0.4002633917116004,-8.447573153272739,8,0.9
676.4915459593144,-0.3976303506732936,-8.50759265288413,8,0.9
681.1969167701814,-0.3949722113058488,-8.568205211552193,8,0.9
685.935016023259,-0.392279712477375,-8.62934132093643,8,0.9
690.7060713628651,-0.38955199851937905,-8.691003092822719,8,0.9
695.5103120167091,-0.3867797366954783,-8.753119151825507,8,0.9
700.3479688069056,-0.3839535130419491,-8.81561638873164,8,0.9
705.2192741610634,-0.38112378522772694,-8.878944141215346,8,0.9
710.1244621234536,-0.37823000718675087,-8.942584378889372,8,0.9
715.0637683662537,-0.37530571143049163,-9.00684005533697,8,0.9
720.0374302008713,-0.3723070487407992,-9.071334644923622,8,0.9
725.0456865893448,-0.36931117364816946,-9.136759655759663,8,0.9
730.0887781558251,-0.36625693185830743,-9.202585309432516,8,0.9
735.1669471981365,-0.36315230745545096,-9.268891989139698,8,0.9
740.2804376994185,-0.360014215014418,-9.335841351741955,8,0.9
745.4294953398465,-0.35681580397082346,-9.403203721561393,8,0.9
750.6143675084376,-0.35359176580457535,-9.4713017609138,8,0.9
755.8353033149348,-0.3503240914517209,-9.539985374348229,8,0.9
761.0925536017771,-0.3470034488428697,-9.609181347883558,8,0.9
766.3863709561504,-0.34362039986418336,-9.678814632779293,8,0.9
771.717009722123,-0.3402282493041878,-9.749382958076092,8,0.9
777.0847260128666,-0.3367549718822224,-9.820241017783847,8,0.9
782.4897777229608,-0.33323604294623843,-9.891724454007301,8,0.9
787.9324245407837,-0.32969845233598033,-9.964094909599336,8,0.9
793.412927960989,-0.32608755055952554,-10.036861637704758,8,0.9
798.9315512970695,-0.32243944268162883,-10.11037056980654,8,0.9
804.4885596940084,-0.3187080690187776,-10.18420687185788,8,0.9
810.0842201410177,-0.31494825269526827,-10.258892965905625,8,0.9
815.7188014843666,-0.3111322793381235,-10.334184547136646,8,0.9
821.392574440298,-0.30727858320323664,-10.410267957749127,8,0.9
827.1058116080346,-0.30334044384245273,-10.48671824274164,8,0.9
832.8587874828772,-0.2993831476443896,-10.564163390982916,8,0.9
838.6517784693928,-0.295340991075561,-10.641998317684006,8,0.9
844.4850628946929,-0.2912514486080278,-10.720590878889512,8,0.9
850.3589210218082,-0.2871241222125608,-10.800047707030744,8,0.9
856.2736350631529,-0.2829305393354139,-10.88011343709645,8,0.9
862.2294891940834,-0.27866096250221956,-10.960709423386568,8,0.9
868.226769566552,-0.2743538041470661,-11.042217937563231,8,0.9
874.2657643228554,-0.26997058021452996,-11.124286286776686,8,0.9
880.3467636094787,-0.2655403743782261,-11.207209246447222,8,0.9
886.4700595910348,-0.2610340568938595,-11.290722637571225,8,0.9
892.635946464303,-0.25649090078615816,-11.375221672779007,8,0.9
898.844720472362,-0.2518520049696248,-11.460153585731133,8,0.9
905.096679918825,-0.24717669173068407,-11.546109378742715,8,0.9
911.3921251821704,-0.24240553062785772,-11.632529356534738,8,0.9
917.7313587301744,-0.23759849979321873,-11.720013952339881,8,0.9
924.1146851344428,-0.23271582625861417,-11.808193862907908,8,0.9
930.5424110850445,-0.22776770920580075,-11.897186291238672,8,0.9
937.0148454052463,-0.2227441723905979,-11.986911657540785,8,0.9
943.5322990663512,-0.21765557962357018,-12.077489838308802,8,0.9
950.0950852026382,-0.21249190687677422,-12.168841120259025,8,0.9
956.7035191264079,-0.20727406380684485,-12.261190380316917,8,0.9
963.3579183431307,-0.20196085187312154,-12.354150969548007,8,0.9
970.0586025667028,-0.19658361734476648,-12.448051356774606,8,0.9
976.8058937348063,-0.19113223564643467,-12.542811588048545,8,0.9
983.6001160243768,-0.1856069886789038,-12.638454655557105,8,0.9
990.4415958671789,-0.18001886186569144,-12.735110206570921,8,0.9
997.3306619654895,-0.17434692107389693,-12.832591420314339,8,0.9
1004.267645307891,-0.1685913603786107,-12.930921097191346,8,0.9
1011.2528791851732,-0.16275240254427417,-13.030122715032952,8,0.9
1018.2866992063468,-0.15683029986950375,-13.130220438274911,8,0.9
1025.3694433147675,-0.15084732030592768,-13.231458742570378,8,0.9
1032.5014518043733,-0.14477100232448364,-13.333536122163203,8,0.9
1039.6830673360337,-0.1385903650544731,-13.436365141859586,8,0.9
1046.9146349540124,-0.1323613649043746,-13.540528932128694,8,0.9
1054.1965021025467,-0.12601743655473188,-13.645384560530562,8,0.9
1061.5290186425389,-0.11962643531654815,-13.751635983810463,8,0.9
1068.9125368683667,-0.11310960523435243,-13.858517562300745,8,0.9
1076.347411524809,-0.10650105258281944,-13.966395752206237,8,0.9
1083.8339998240897,-0.09983580097852579,-14.07564753286682,8,0.9
1091.37266146304,-0.09305670316663237,-14.185724049241232,8,0.9
1098.9637586403808,-0.08618713994109203,-14.296885919685716,8,0.9
1106.607656074124,-0.0792275516357612,-14.409163704492038,8,0.9
1114.3047210190957,-0.07219029556568841,-14.522708336080061,8,0.9
1122.0553232845823,-0.06504025157876388,-14.63719316762962,8,0.9
1129.859835252096,-0.05777748109883928,-14.752645990927954,8,0.9
1137.7186318932681,-0.050438460577363634,-14.869461852000086,8,0.9
1145.6320907878635,-0.04301186535972023,-14.987554835186828,8,0.9
1153.600592141922,-0.03546146628040636,-15.10658854279832,8,0.9
1161.6245188060257,-0.027811976607645495,-15.226840839438392,8,0.9
1169.704256293693,-0.020063890685297136,-15.34834606758549,8,0.9
1177.840192799901,-0.012205168860124798,-15.471012809735074,8,0.9
1186.032719219736,-0.004248780773768393,-15.595001870195226,8,0.9
1194.2822291671753,0.00379188494123301,-15.720478505916503,8,0.9
1202.5891189939975,0.011980181566250475,-15.846836594329423,8,0.9
1210.9537878088256,0.020277682909016784,-15.974494416472158,8,0.9
1219.3766374963034,0.028657806515276774,-16.1037509611098,8,0.9
1227.8580727364024,0.03717209649173278,-16.2341209472245,8,0.9
1236.3985010238666,0.045794080448107774,-16.365903253174434,8,0.9
1244.9983326877905,0.05454991098679054,-16.498869192855768,8,0.9
1253.657980911332,0.06338565564633009,-16.6335930111496,8,0.9
1262.377861751566,0.07238151926594383,-16.76930613245451,8,0.9
1271.1583941594727,0.0814695630479281,-16.90672334842767,8,0.9
1280.0000000000673,0.09066246977772194,-17.045752649840573,8,0.9
1288.9031040726677,0.10000117636040226,-17.18602147311842,8,0.9
1297.8681341313059,0.10947176447268137,-17.327705619416122,8,0.9
1306.8955209052763,0.11905980727017769,-17.470985727441764,8,0.9
1315.9856981198345,0.12877892923374737,-17.61576376521382,8,0.9
1325.1391025170333,0.13859994388222424,-17.762367053927488,8,0.9
1334.3561738767062,0.14857985442109067,-17.910269101232853,8,0.9
1343.6373550375972,0.15867494900780696,-18.05994196621439,8,0.9
1352.9830919186386,0.1688991210609586,-18.211287499077205,8,0.9
1362.393833540373,0.17928165596977397,-18.36405758686969,8,0.9
1371.8700320465282,0.18976244794886699,-18.51888433669129,8,0.9
1381.4121427257405,0.20041600747376762,-18.675076862247458,8,0.9
1391.0206240334287,0.2111967787005672,-18.83312448171203,8,0.9
1400.6959376138216,0.22210393325759814,-18.993076936422877,8,0.9
1410.4385483221372,0.23319910538167035,-19.15437654309846,8,0.9
1420.2489242469178,0.24435682512208043,-19.318287950940345,8,0.9
1430.1275367325184,0.2557176480687525,-19.483488591084136,8,0.9
1440.0748604017533,0.2672183713778797,-19.650637805508815,8,0.9
1450.0913731787002,0.27884201243682466,-19.819943978121564,8,0.9
1460.177556311661,0.29065288385689425,-19.99083335586356,8,0.9
1470.3338943962842,0.30258527511352673,-20.16398479298723,8,0.9
1480.560875398848,0.3146879056228029,-20.338977762283598,8,0.9
1490.8589906797042,0.32692691361378745,-20.516183830474453,8,0.9
1501.2287350168863,0.3393352818245537,-20.69533679824091,8,0.9
1511.670606629881,0.35186107000168754,-20.876978099176412,8,0.9
1522.1851072035656,0.3646069241996319,-21.06018602235201,8,0.9
1532.772741912312,0.3774860812412961,-21.245831669771896,8,0.9
1543.4340194442575,0.3904970037798553,-21.433977642652778,8,0.9
1554.1694520257447,0.40370992632526215,-21.624017360825174,8,0.9
1564.9795554459333,0.41710718795823354,-21.816171016821126,8,0.9
1575.8648490815792,0.43061521668495284,-22.011174398312253,8,0.9
1586.8258559219898,0.4442870978845138,-22.208585528914107,8,0.9
1597.863102594151,0.4581594130674016,-22.408122122465823,8,0.9
1608.9771193880288,0.4721944121886302,-22.610187528130517,8,0.9
1620.1684402820476,0.4863909492948384,-22.814846611683972,8,0.9
1631.4376029687455,0.5007477553122945,-23.022165618678653,8,0.9
1642.7851488806082,0.5153026521761879,-23.231858319764374,8,0.9
1654.2116232160815,0.5300554387956131,-23.443986680612227,8,0.9
1665.7175749657672,0.5449456417729991,-23.65915200309695,8,0.9
1677.303556938798,0.5600113689500699,-23.877068797972555,8,0.9
1688.9701257893985,0.5752513742773648,-24.097806924820762,8,0.9
1700.7178420436294,0.5906642710673444,-24.3214377364389,8,0.9
1712.5472701263188,0.6062695356102459,-24.547850011714033,8,0.9
1724.4589783881795,0.622087485666639,-24.77692926312605,8,0.9
1736.453539133117,0.6380532581780984,-25.009303724443384,8,0.9
1748.531528645724,0.654207637265799,-25.244679151145544,8,0.9
1760.6935272189705,0.6705271912848355,-25.48331998924549,8,0.9
1772.940119182083,0.6870318659409489,-25.72511691007438,8,0.9
1785.2718929286193,0.7037199195257748,-25.97014873090873,8,0.9
1797.6894409447373,0.7206122931714564,-26.218303416346018,8,0.9
1810.1933598376636,0.7376382783592339,-26.4702407334844,8,0.9
1822.7842503643546,0.7549110346841449,-26.725077138749608,8,0.9
1835.4627174603627,0.7723357326900289,-26.9836720115783,8,0.9
1848.2293702688994,0.7899808686458215,-27.245524357637624,8,0.9
1861.0848221701028,0.8077235646820033,-27.51170890702939,8,0.9
1874.0296908105065,0.8257797952590844,-27.78052981847813,8,0.9
1887.0645981327166,0.8439519352136557,-28.053665913250192,8,0.9
1900.190170405291,0.8622596640573087,-28.33101695863021,8,0.9
1913.4070382528298,0.8808005837951328,-28.611869895767743,8,0.9
1926.715836686276,0.8994954672909038,-28.896926030460182,8,0.9
1940.1172051334202,0.9184187513397988,-29.185668835031137,8,0.9
1953.611787469627,0.9374886279921623,-29.478810596692103,8,0.9
1967.2002320487684,0.9567269459694221,-29.776247665192223,8,0.9
1980.8831917343723,0.9761566610745475,-30.077873743731836,8,0.9
1994.661323930994,0.9958018911493843,-30.38357999194994,8,0.9
2008.535290615797,1.0155188584413133,-30.694523345435275,8,0.9
2022.5057583703617,1.0355271714700647,-31.009122920231796,8,0.9
2036.573398412709,1.0556240291678978,-31.328968114041498,8,0.9
2050.7388866295505,1.07588888471323,-31.653534520729682,8,0.9
2065.0029036087626,1.0963162426513011,-31.9829339454514,8,0.9
2079.366134672083,1.116960642497016,-32.31684675572658,8,0.9
2093.8292699080407,1.13766505984461,-32.6564718419883,8,0.9
2108.3930042051093,1.1585742653999527,-33.00084247618609,8,0.9
2123.0580372850936,1.179652111014505,-33.35029271624252,8,0.9
2137.82507373675,1.2008602193695204,-33.70516285204029,8,0.9
2152.6948230496346,1.2221578720675395,-34.06579917833654,8,0.9
2167.6679996481957,1.2436007353087613,-34.43188578239545,8,0.9
2182.7453229260964,1.2651808608545834,-34.803548563408555,8,0.9
2197.927517280778,1.2868897505288268,-35.18091558046144,8,0.9
2213.2153121482643,1.3086838961709626,-35.56434225390481,8,0.9
2228.6094420382083,1.330621967925779,-35.95351121668736,8,0.9
2244.1106465691814,1.3525887786676005,-36.34923478316815,8,0.9
2259.7196705042093,1.3747141649727501,-36.75074361498608,8,0.9
2275.4372637865536,1.3968800039713276,-37.158856245231384,8,0.9
2291.2641815757443,1.4191093297507051,-37.57348593715973,8,0.9
2307.2011842838615,1.441388942006475,-37.99477452448738,8,0.9
2323.2490376120686,1.4637430894288377,-38.42263556342197,8,0.9
2339.4085125874035,1.48619753352252,-38.856982206160836,8,0.9
2355.6803855998196,1.5085824721918317,-39.298882195281955,8,0.9
2372.0654384394898,1.5309578263795114,-39.74802368217836,8,0.9
2388.5644583343683,1.553387393269778,-40.20409270657872,8,0.9
2405.178237988013,1.5757738831313315,-40.66770180279179,8,0.9
2421.9075756176694,1.598139770521083,-41.138770458776264,8,0.9
2438.753274992625,1.620466498210559,-41.61745054622019,8,0.9
2455.716145472823,1.6426912340094157,-42.10412712406539,8,0.9
2472.797002047752,1.6648791175949749,-42.59848905823817,8,0.9
2489.9966653755996,1.6869211890071658,-43.10115468346921,8,0.9
2507.3159618226828,1.7088830086628377,-43.61181361759281,8,0.9
2524.755723503151,1.730558518668858,-44.13154741278908,8,0.9
2542.3167883189644,1.7522429104092976,-44.6588870375377,8,0.9
2560.0000000001537,1.7736809290270326,-45.19514475111207,8,0.9
2577.806208145355,1.794890590103888,-45.74024093120653,8,0.9
2595.736268262631,1.8158914811488016,-46.29409661997568,8,0.9
2613.7910418105726,1.836506046290593,-46.8575498304172,8,0.9
2631.971396239689,1.8569498330969103,-47.42960221204369,8,0.9
2650.2782050340866,1.877042430986603,-48.01108761266095,8,0.9
2668.7123477534324,1.8968007578963697,-48.601921823604535,8,0.9
2687.274710075215,1.9160848855792245,-49.20269590694958,8,0.9
2705.9661838372976,1.9350151053378974,-49.81287022441018,8,0.9
2724.7876670807664,1.9533386627383913,-50.43346978299675,8,0.9
2743.740064093077,1.971396159278112,-51.06306893598349,8,0.9
2762.824285451502,1.988820318207595,-51.703121741265036,8,0.9
2782.0412480668783,2.0056209373725804,-52.353519148363844,8,0.9
2801.391875227664,2.0218672725512383,-53.01393828710307,8,0.9
2820.8770966442953,2.037399149496336,-53.68491352502379,8,0.9
2840.4978484938565,2.0522264332674083,-54.366324702546294,8,0.9
2860.2550734650586,2.066360761364819,-55.058052555056875,8,0.9
2880.1497208035285,2.079754384377872,-55.76018340403292,8,0.9
2900.1827463574223,2.0921096709839166,-56.473597174182046,8,0.9
2920.355112623344,2.1038059077626077,-57.19693988818726,8,0.9
2940.6677887925907,2.1143518093648175,-57.93165463897617,8,0.9
2961.121750797718,2.124071054669055,-58.67659920243979,8,0.9
2981.717981359431,2.132651323253846,-59.43257188348265,8,0.9
3002.4574700337953,2.1400970652506306,-60.19938248293698,8,0.9
3023.3412132597846,2.1463476365607987,-60.97701920951075,8,0.9
3044.3702144071544,2.151545434248348,-61.764931979372726,8,0.9
3065.545483824648,2.1554283053990666,-62.563624702907155,8,0.9
3086.868038888538,2.1578624970070885,-63.37319950213528,8,0.9
3108.338904051513,2.158921820759771,-64.19324113175439,8,0.9
3129.9591108918903,2.1585431421480155,-65.02366345174853,8,0.9
3151.7296981631816,2.1568070187996877,-65.86406413685945,8,0.9
3173.651711844004,2.153289132899268,-66.71506479971399,8,0.9
3195.726205188326,2.1480653741312343,-67.57619281854124,8,0.9
3217.954238776082,2.141366624252281,-68.44673917573809,8,0.9
3240.3368805641194,2.132683854949883,-69.32731341717138,8,0.9
3262.8752059375156,2.1223256111573567,-70.2170570849731,8,0.9
3285.570297761241,2.1099260373237376,-71.11621556997318,8,0.9
3308.4232464321876,2.095726720652338,-72.02407407898363,8,0.9
3331.435149931559,2.0795136679612125,-72.94058445254178,8,0.9
3354.607113877621,2.0610690349582588,-73.86561764729679,8,0.9
3377.9402515788224,2.040645504294259,-74.79847482442791,8,0.9
3401.4356840872842,2.0179500689781276,-75.73906834382913,8,0.9
3425.094540252663,1.9931649715959798,-76.6868037785453,8,0.9
3448.9179567763854,1.9658372835357052,-77.6416158945317,8,0.9
3472.9070782662598,1.936396419547083,-78.60271993605626,8,0.9
3497.0630572914743,1.9043914768082206,-79.56995080330293,8,0.9
3521.387054437968,1.8701004112277697,-80.54267141127099,8,0.9
3545.880238364193,1.833482387776658,-81.52045445547988,8,0.9
3570.543785857265,1.7943354830954197,-82.50288387553816,8,0.9
3595.378881889502,1.7524592928709546,-83.48945700483574,8,0.9
3620.3867196753545,1.7080676174158136,-84.47960468061191,8,0.9
3645.5685007287366,1.6612151355472757,-85.47282593735241,8,0.9
3670.9254349207527,1.6116307203890254,-86.4685560380087,8,0.9
3696.458740537827,1.559541699611258,-87.4662993462593,8,0.9
3722.1696443402334,1.5047674163380984,-88.46545941568121,8,0.9
3748.0593816210417,1.447296505961252,-89.46545993724818,8,0.9
3774.129196265462,1.3873686936190777,-90.46589650315947,8,0.9
3800.3803408106105,1.3247340233925322,-91.46606507536612,8,0.9
3826.8140765056887,1.259230871976876,-92.46522935522843,8,0.9
3853.43167337258,1.1913562674777085,-93.46326880241516,8,0.9
3880.2344102668694,1.1207118114733527,-94.45924067257782,8,0.9
3907.223574939284,1.0474753775784043,-95.45275380324685,8,0.9
3934.400464097566,0.9716654362797019,-96.44327089315283,8,0.9
3961.7663834687746,0.8933044690033111,-97.43026371987831,8,0.9
3989.322647862018,0.8123394677632679,-98.4130860599772,8,0.9
4017.070581231624,0.7291174937162538,-99.391756108184,8,0.9
4045.011516740754,0.6431193777478851,-100.36484037623809,8,0.9
4073.1467968254487,0.5548551713043429,-101.33268477964928,8,0.9
4101.477773259132,0.4642844610039524,-102.29471649023093,8,0.9
4130.005807217556,0.3712959155108436,-103.25018009765182,8,0.9
4158.732269344197,0.27608875886058193,-104.19898071724216,8,0.9
4187.658539816113,0.17855977222953573,-105.14037124725704,8,0.9
4216.78600841025,0.07868816789807158,-106.07375808098699,8,0.9
4246.116074570219,-0.022955817460077542,-107.00011004075694,8,0.9
4275.650147473531,-0.1269808700084163,-107.9173634282817,8,0.9
4305.389646099301,-0.2329629009079071,-108.82616499962573,8,0.9
4335.335999296423,-0.3407053419375228,-109.7266645116875,8,0.9
4365.4906458522255,-0.4507150013418507,-110.61687828623668,8,0.9
4395.8550345615895,-0.5623678628886551,-111.49827251623773,8,0.9
4426.430624296562,-0.6757472568935591,-112.3702029383477,8,0.9
4457.21888407645,-0.7907279056801357,-113.23270954124203,8,0.9
4488.2212931383965,-0.9074520644697579,-114.08491018863872,8,0.9
4519.439341008452,-1.0258553605955492,-114.92662120717581,8,0.9
4550.874527573141,-1.1456812343924316,-115.7584275210626,8,0.9
4582.528363151522,-1.2671266310879237,-116.57921299730324,8,0.9
4614.402368567757,-1.389814290502561,-117.39012773783907,8,0.9
4646.498075224173,-1.5139372384250378,-118.19007216363127,8,0.9
4678.817025174842,-1.6392524535392006,-118.97975213347293,8,0.9
4711.360771199674,-1.7658844792205821,-119.7583295514455,8,0.9
4744.130876879015,-1.8936560566610074,-120.52629303689383,8,0.9
4777.128916668773,-2.0225703837135622,-121.28335306567938,8,0.9
4810.356475976061,-2.152459141169995,-122.03004773564172,8,0.9
4843.815151235375,-2.2834392372196723,-122.76556298207288,8,0.9
4877.506549985286,-2.4153457030341765,-123.49046558154382,8,0.9
4911.432290945683,-2.5480759029530726,-124.20507021295484,8,0.9
4945.594004095541,-2.6817418445602708,-124.90857883294902,8,0.9
4979.9933307512365,-2.816188299114979,-125.6016042447625,8,0.9
5014.631923645403,-2.9514204976966907,-126.28392508441274,8,0.9
5049.511447006339,-3.0873917733873806,-126.95561030700193,8,0.9
5084.633576637967,-3.223910907383414,-127.61760060596073,8,0.9
5120.000000000346,-3.3609900540185436,-128.26970118349612,8,0.9
5155.612416290749,-3.498779692194457,-128.9108510735722,8,0.9
5191.4725365253,-3.637095587231223,-129.54201410419122,8,0.9
5227.582083621183,-3.7758557820633074,-130.16358679137045,8,0.9
5263.942792479418,-3.915160195360607,-130.77480888024138,8,0.9
5300.556410068212,-4.054795942421766,-131.37695763643887,8,0.9
5337.424695506905,-4.194948262264254,-131.96869766200064,8,0.9
5374.54942015047,-4.335411231682073,-132.5513150968253,8,0.9
5411.932367674636,-4.476157216095516,-133.1249353068985,8,0.9
5449.575334161574,-4.6172401234529294,-133.68910398870108,8,0.9
5487.480128186196,-4.758629997826998,-134.24395160369264,8,0.9
5525.648570903045,-4.9002209102907015,-134.7901909059236,8,0.9
5564.082496133798,-5.0419899666770505,-135.32795353705066,8,0.9
5602.78375045537,-5.183989620442,-135.8567936813566,8,0.9
5641.754193288633,-5.3261947244278876,-136.37684759743712,8,0.9
5680.995696987757,-5.4685812913911915,-136.888252455973,8,0.9
5720.51014693016,-5.610951434789088,-137.39258021433974,8,0.9
5760.2994416071,-5.753568220534291,-137.8876683481181,8,0.9
5800.365492714889,-5.8961691556930695,-138.37565787851386,8,0.9
5840.710225246731,-6.03897329289664,-138.85468618229686,8,0.9
5881.335577585225,-6.181729484604367,-139.3268808058277,8,0.9
5922.243501595481,-6.324554292761862,-139.79123760085625,8,0.9
5963.435962718906,-6.467368438931564,-140.24845383532846,8,0.9
6004.914940067636,-6.610189833532144,-140.69837750790154,8,0.9
6046.682426519615,-6.753004825959021,-141.14113850922655,8,0.9
6088.740428814354,-6.895829811396697,-141.57658818748678,8,0.9
6131.090967649341,-7.038593441790363,-142.00540953875455,8,0.9
6173.736077777122,-7.181314104900125,-142.42744979676618,8,0.9
6216.6778081030725,-7.3239809681918855,-142.84283314522725,8,0.9
6259.918221783827,-7.466583831853329,-143.25168215243838,8,0.9
6303.4593963264115,-7.609086551525732,-143.65438821713647,8,0.9
6347.303423688055,-7.751481659091298,-144.05106621759393,8,0.9
6391.4524103767,-7.893813234564916,-144.44129389403807,8,0.9
6435.9084775522115,-8.036071799889989,-144.8251911622435,8,0.9
6480.673761128287,-8.178199343107062,-145.20340553388473,8,0.9
6525.750411875079,-8.320166263248897,-145.5763075458183,8,0.9
6571.140595522531,-8.462063286271297,-145.94295163747515,8,0.9
6616.846492864425,-8.603881557423719,-146.30345514464938,8,0.9
6662.870299863169,-8.745476456730279,-146.65948470118974,8,0.9
6709.214227755292,-8.886914848599247,-147.0103551591607,8,0.9
6755.880503157695,-9.028280504678692,-147.35514279630974,8,0.9
6802.871368174619,-9.16945788243756,-147.69523130765202,8,0.9
6850.189080505378,-9.310466292050116,-148.0304577133496,8,0.9
6897.835913552822,-9.45134430501131,-148.36041291318176,8,0.9
6945.814156532571,-9.59206690215515,-148.68544569734544,8,0.9
6994.126114583001,-9.732571219414977,-149.00639134229647,8,0.9
7042.774108875988,-9.872974544388113,-149.32185219794698,8,0.9
7091.760476728439,-10.013175177126474,-149.6331530329089,8,0.9
7141.087571714584,-10.153229078918534,-149.93964439398388,8,0.9
7190.757763779057,-10.29309609547166,-150.24189897063633,8,0.9
7240.773439350762,-10.43275716263621,-150.54023549409328,8,0.9
7291.137001457528,-10.572283394717681,-150.8337762249078,8,0.9
7341.850869841561,-10.71160154107565,-151.12355596247008,8,0.9
7392.917481075709,-10.850780431510273,-151.40870658140935,8,0.9
7444.339288680522,-10.989733066350318,-151.69047946873698,8,0.9
7496.118763242139,-11.128510530966597,-151.96824256139809,8,0.9
7548.258392530979,-11.26716033413534,-152.24138156272508,8,0.9
7600.760681621277,-11.405552147454296,-152.51180775847618,8,0.9
7653.628153011434,-11.543783141607744,-152.7782101992297,8,0.9
7706.863346745218,-11.68182135576852,-153.04111321371934,8,0.9
7760.468820533797,-11.819712259586135,-153.29991087824055,8,0.9
7814.447149878626,-11.957395003847058,-153.55556625287667,8,0.9
7868.800928195191,-12.094885534941195,-153.8079154338977,8,0.9
7923.532766937609,-12.232227219073726,-154.05636253197662,8,0.9
7978.645295724095,-12.369334857493197,-154.3022813508924,8,0.9
8034.141162463309,-12.50628014911537,-154.54463797153392,8,0.9
8090.023033481568,-12.643035660912812,-154.78392500264476,8,0.9
8146.293593650958,-12.77962887032476,-155.0197723289353,8,0.9
8202.955546518326,-12.916007537994629,-155.25308530854826,8,0.9
8260.011614435174,-13.052250734352588,-155.4826515419745,8,0.9
8317.464538688457,-13.188281795421704,-155.70978627722906,8,0.9
8375.317079632288,-13.324152564048195,-155.93370542632078,8,0.9
8433.572016820564,-13.459826787024099,-156.1550806607258,8,0.9
8492.232149140504,-13.595318350390622,-156.37375183680865,8,0.9
8551.300294947127,-13.730663649613957,-156.58916036747104,8,0.9
8610.779292198666,-13.865816420299897,-156.80216589744703,8,0.9
8670.671998592914,-14.000790014265041,-157.01260968061231,8,0.9
8730.981291704516,-14.135608067891184,-157.2201405949306,8,0.9
8791.710069123244,-14.270238325252949,-157.42539738410267,8,0.9
8852.86124859319,-14.404714979382105,-157.62783405570153,8,0.9
8914.437768152968,-14.538996482530395,-157.82827174756525,8,0.9
8976.44258627686,-14.67312681763618,-158.0259754550933,8,0.9
9038.878682016972,-14.807086231115425,-158.221372853544,8,0.9
9101.74905514635,-14.940886326718916,-158.41431323799526,8,0.9
9165.056726303115,-15.074518434213575,-158.60502534428173,8,0.9
9228.804737135582,-15.207984213022328,-158.79354555983105,8,0.9
9292.996150448414,-15.341285328482698,-158.97990949421467,8,0.9
9357.634050349754,-15.474432759477438,-159.16396877849635,8,0.9
9422.721542399418,-15.607436857716735,-159.34557972484706,8,0.9
9488.261753758103,-15.7402713888281,-159.52532532138193,8,0.9
9554.257833337617,-15.872938509743726,-159.70323415641926,8,0.9
9620.712951952195,-16.005466449031832,-159.87880062313786,8,0.9
9687.630302470823,-16.137838911785728,-160.05241699698496,8,0.9
9755.013099970645,-16.270066001732605,-160.2239386328439,8,0.9
9822.864581891441,-16.402132454953772,-160.39374723667615,8,0.9
9891.188008191157,-16.534056639069313,-160.5615229516529,8,0.9
9959.98666150255,-16.665847824758963,-160.7271269681578,8,0.9
10029.26384729088,-16.79746758948908,-160.891445474934,8,0.9
10099.022894012754,-16.92896518576765,-161.05348158431107,8,0.9
10169.26715327601,-17.060318312387672,-161.2137762885422,8,0.9
10240.000000000768,-17.191521163937683,-161.37252227831826,8,0.9
10311.224832581574,-17.322583129441227,-161.52957655939045,8,0.9
10382.945073050678,-17.453534796958934,-161.68430889782945,8,0.9
10455.164167242447,-17.584319448379308,-161.8380600528612,8,0.9
10527.885584958914,-17.7149821347351,-161.98987095160066,8,0.9
10601.112820136505,-17.84551690032894,-162.1399328594398,8,0.9
10674.849391013888,-17.975918251551462,-162.28843171335447,8,0.9
10749.098840301021,-18.10619446353673,-162.4352324022828,8,0.9
10823.864735349352,-18.236327141934044,-162.58083100716496,8,0.9
10899.15066832323,-18.366344315318305,-162.72462011794292,8,0.9
10974.960256372473,-18.496240579750665,-162.86678257243247,8,0.9
11051.297141806172,-18.625992218398462,-163.00795599431999,8,0.9
11128.16499226768,-18.7556446955521,-163.1470856626679,8,0.9
11205.567500910824,-18.885162086382607,-163.28511155292878,8,0.9
11283.508386577352,-19.014564350165976,-163.42159698594037,8,0.9
11361.991393975597,-19.1438527113715,-163.55656472694153,8,0.9
11441.020293860403,-19.27301111244531,-163.6904802700593,8,0.9
11520.598883214287,-19.40206426561122,-163.82276922445402,8,0.9
11600.730985429864,-19.531001942168665,-163.95374752451193,8,0.9
11681.420450493551,-19.659825604246496,-164.08343312694166,8,0.9
11762.671155170538,-19.788536699255484,-164.21184364987334,8,0.9
11844.48700319105,-19.917147292562262,-164.33871166813782,8,0.9
11926.871925437901,-20.04563736856959,-164.46462566568516,8,0.9
12009.82988013536,-20.174029433757337,-164.58903492835287,8,0.9
12093.36485303932,-20.302314252219148,-164.71224046023372,8,0.9
12177.4808576288,-20.430483227317172,-164.8345346831179,8,0.9
12262.181935298773,-20.558567661045018,-164.95510400084743,8,0.9
12347.472155554336,-20.68653896993608,-165.07479311628012,8,0.9
12433.355616206238,-20.814408469216627,-165.19334072758167,8,0.9
12519.836443567749,-20.94217279667618,-165.31089589259182,8,0.9
12606.918792652916,-21.069856533951018,-165.42680415140907,8,0.9
12694.606847376202,-21.197428332799092,-165.5420172657581,8,0.9
12782.904820753494,-21.324907991927887,-165.65601542155537,8,0.9
12871.816955104521,-21.45229656603828,-165.76881531959353,8,0.9
12961.347522256672,-21.57959077099099,-165.88056273183355,8,0.9
13051.500823750257,-21.70679611167763,-165.99114253328048,8,0.9
13142.28119104516,-21.833901020797036,-166.1009530251694,8,0.9
13233.69298572895,-21.960919502881243,-166.20962179088508,8,0.9
13325.740599726436,-22.087860700816996,-166.31691298529162,8,0.9
13418.428455510686,-22.214701188612462,-166.4235954744088,8,0.9
13511.761006315492,-22.341454535965163,-166.52930179527127,8,0.9
13605.74273634934,-22.468133553512804,-166.63367523240635,8,0.9
13700.378161010858,-22.59471971583232,-166.73734559303998,8,0.9
13795.671827105747,-22.721218276639455,-166.84019793497174,8,0.9
13891.628313065248,-22.847641653693497,-166.94188027331222,8,0.9
13988.252229166108,-22.97397964606047,-167.04276708974092,8,0.9
14085.548217752083,-23.100247902256918,-167.14239278260536,8,0.9
14183.520953456982,-23.22642574611734,-167.24148163321146,8,0.9
14282.175143429275,-23.35252868789396,-167.33956941400038,8,0.9
14381.515527558222,-23.478561052639463,-167.43655317365608,8,0.9
14481.546878701633,-23.60451002835401,-167.53290852344364,8,0.9
14582.274002915165,-23.7303869503651,-167.62829774475864,8,0.9
14683.70173968323,-23.85618611341958,-167.72296006587618,8,0.9
14785.834962151528,-23.981915132873738,-167.81667755243944,8,0.9
14888.678577361155,-24.107574847942168,-167.90946223805105,8,0.9
14992.23752648439,-24.23315981747468,-168.00154791081346,8,0.9
15096.516785062071,-24.358677326335734,-168.092721066888,8,0.9
15201.521363242668,-24.484125142993424,-168.18310258639266,8,0.9
15307.256306022984,-24.6095072048964,-168.27259283965134,8,0.9
15413.726693490553,-24.734818401281945,-168.3614185900021,8,0.9
15520.93764106771,-24.86005978317976,-168.44958615843709,8,0.9
15628.894299757369,-24.985243842964493,-168.53667677289016,8,0.9
15737.6018563905,-25.11035415631686,-168.62333864631643,8,0.9
15847.065533875337,-25.235408664178813,-168.70894484527233,8,0.9
15957.29059144831,-25.36039690880966,-168.79392619482715,8,0.9
16068.282324926739,-25.485319874542576,-168.87828843683442,8,0.9
16180.046066963258,-25.610183844742934,-168.96183227573482,8,0.9
16292.587187302037,-25.734989536558608,-169.04456770472405,8,0.9
16405.911093036775,-25.859732502419526,-169.12670657712795,8,0.9
16520.023228870472,-25.984421296095714,-169.20795339036266,8,0.9
16634.92907737704,-26.109048987965508,-169.28861856369912,8,0.9
16750.634159264704,-26.23361648694553,-169.36870722684117,8,0.9
16867.144033641256,-26.358129546595674,-169.44802816616678,8,0.9
16984.464298281135,-26.48258404560636,-169.52678544780053,8,0.9
17102.600589894384,-26.60698792899874,-169.60469375566095,8,0.9
17221.558584397462,-26.731334770986667,-169.6820522506877,8,0.9
17341.343997185955,-26.855629998575587,-169.758674925491,8,0.9
17461.962583409164,-26.979871989815074,-169.8346651686173,8,0.9
17583.42013824662,-27.104059248773936,-169.91012352960348,8,0.9
17705.72249718651,-27.22819696916025,-169.98486782720943,8,0.9
17828.875536306066,-27.35228360256059,-170.05899910229874,8,0.9
17952.885172553855,-27.47631984648262,-170.13252363923496,8,0.9
18077.75736403408,-27.600308483695247,-170.2053563062573,8,0.9
18203.498110292836,-27.724245973167424,-170.27768651863082,8,0.9
18330.113452606365,-27.84813511044797,-170.34942831416984,8,0.9
18457.609474271307,-27.97197856029515,-170.42049824753298,8,0.9
18585.99230089697,-28.095772937253688,-170.49108158083448,8,0.9
18715.26810069965,-28.2195228640359,-170.56100594980705,8,0.9
18845.44308479898,-28.343226972349353,-170.63036641996848,8,0.9
18976.523507516347,-28.466882110186,-170.69934231629736,8,0.9
19108.51566667538,-28.59049837153098,-170.76750424399373,8,0.9
19241.425903904536,-28.714070615430956,-170.83512009445047,8,0.9
19375.260604941792,-28.837597636855115,-170.90228024985632,8,0.9
19510.026199941436,-28.961083673723774,-170.96881936293528,8,0.9
19645.729163783028,-29.08452396581053,-171.03499590556441,8,0.9
19782.376016382463,-29.20792616763975,-171.10047859172667,8,0.9
19919.973323005244,-29.33128558083654,-171.1655239530811,8,0.9
20058.527694581913,-29.45460788547412,-171.22988913575773,8,0.9
20198.045788025658,-29.57788852064397,-171.29382696106092,8,0.9
20338.53430655217,-29.701131372653027,-171.3571788168624,8,0.9
20480.00000000169,-29.824332084528876,-171.42019214920634,8,0.9
20622.4496651633,-29.94749608732868,-171.48262909413947,8,0.9
20765.890146101516,-30.070623837391214,-171.54449606008353,8,0.9
20910.32833448505,-30.193712705456196,-171.605956575455,8,0.9
21055.771169917985,-30.316766307128738,-171.66685744312065,8,0.9
21202.22564027317,-30.43978059309574,-171.72743731962072,8,0.9
21349.698782027936,-30.562762090102247,-171.78738958842465,8,0.9
21498.197680602203,-30.685706800791856,-171.84695113247716,8,0.9
21647.72947069887,-30.808618138263842,-171.90597295373874,8,0.9
21798.301336646622,-30.931496518576658,-171.96446095984888,8,0.9
21949.920512745113,-31.054338178234534,-172.02264534064085,8,0.9
22102.59428361251,-31.177146447075664,-172.0803785725497,8,0.9
22256.32998453553,-31.29992313550209,-172.13759106142228,8,0.9
22411.135001821818,-31.42266997010388,-172.19421524762515,8,0.9
22567.01677315487,-31.545383342789233,-172.25047634098132,8,0.9
22723.98278795137,-31.668062457763654,-172.3064489321869,8,0.9
22882.04058772098,-31.790711690135893,-172.36191886878282,8,0.9
23041.197766428744,-31.913331412994125,-172.416891559615,8,0.9
23201.4619708599,-32.03591951547727,-172.4715136651427,8,0.9
23362.840900987278,-32.15847769071012,-172.52571730100877,8,0.9
23525.342310341253,-32.281008759306275,-172.57936687293326,8,0.9
23688.974006382276,-32.40350946125907,-172.6326765492166,8,0.9
23853.743850875984,-32.52598024895346,-172.68564849332788,8,0.9
24019.6597602709,-32.64842502923167,-172.73808023772202,8,0.9
24186.729706078822,-32.77084068029238,-172.79018139426725,8,0.9
24354.96171525778,-32.89322987824726,-172.84181953826686,8,0.9
24524.363870597732,-33.0155885334034,-172.89326663888428,8,0.9
24694.944311108862,-33.137924788208856,-172.94405777096165,8,0.9
24866.711232412665,-33.26023238000783,-172.99459693925323,8,0.9
25039.672887135683,-33.38251388266989,-173.0447539397056,8,0.9
25213.837585306024,-33.50477069820335,-173.09446715813465,8,0.9
25389.213694752598,-33.627001077796535,-173.14387012473236,8,0.9
25565.809641507185,-33.74920744267424,-173.19283668139855,8,0.9
25743.63391020923,-33.87138809337941,-173.24149844637458,8,0.9
25922.695044513537,-33.993545382767344,-173.28973098983178,8,0.9
26103.00164750071,-34.11567765912361,-173.33766404202274,8,0.9
26284.562382090517,-34.23779008229869,-173.3849882162552,8,0.9
26467.385971458098,-34.359874314376476,-173.43226777864734,8,0.9
26651.481199453076,-34.481939255336314,-173.47894699601747,8,0.9
26836.856911021572,-34.603976800313184,-173.5255821805352,8,0.9
27023.522012631187,-34.7259965016984,-173.5715648331281,8,0.9
27211.485472698885,-34.84799133370318,-173.61738461764577,8,0.9
27400.75632202192,-34.96996610529425,-173.66274219605393,8,0.9
27591.3436542117,-35.091919298925426,-173.70776113777308,8,0.9
27783.256626130707,-35.21385119944917,-173.75244393687106,8,0.9
27976.504458332423,-35.3357612408725,-173.79685136135706,8,0.9
28171.096435504372,-35.457650556074654,-173.84092641600935,8,0.9
28367.04190691418,-35.579520216974856,-173.88461354844108,8,0.9
28564.35028685876,-35.701368809298856,-173.92803007329152,8,0.9
28763.031055116662,-35.82319896507489,-173.97100582385076,8,0.9
28963.093757403483,-35.9450092166295,-174.01365674428374,8,0.9
29164.548005830547,-36.06679812022015,-174.0560947221758,8,0.9
29367.403479366687,-36.18856725243701,-174.09820477193492,8,0.9
29571.669924303278,-36.310317122415995,-174.13992793415974,8,0.9
29777.35715472254,-36.43204549268007,-174.18136708806796,8,0.9
29984.475052969006,-36.55375273252169,-174.22234199085545,8,0.9
30193.03357012437,-36.67543238915361,-174.26293140059263,8,0.9
30403.042726485564,-36.797069271379826,-174.3030733171275,8,0.9
30614.512612046197,-36.918604162597035,-174.3428133237569,8,0.9
30827.45338698134,-37.039849597597275,-174.38311540682395,8,0.9
31041.875282135654,-37.161545889916155,-174.42707024092317,8,0.9
31257.788599514974,-37.28352548600014,-174.46640049651396,8,0.9
31475.203712781236,-37.40523332750372,-174.50486967846453,8,0.9
31694.13106775091,-37.526853602340104,-174.54327915471353,8,0.9
31914.581182896858,-37.64843598500216,-174.58154878831309,8,0.9
32136.564649853717,-37.76999403710744,-174.61961820626684,8,0.9
32360.09213392676,-37.89153316049009,-174.6574066789078,8,0.9
32585.17437460432,-38.01305294183767,-174.69510008710066,8,0.9
32811.8221860738,-38.134557584033,-174.73243899240998,8,0.9
33040.04645774119,-38.25604709331062,-174.76947085277197,8,0.9
33269.85815475433,-38.377520717220484,-174.80629287012061,8,0.9
33501.26831852966,-38.49897883110414,-174.842903456178,8,0.9
33734.28806728276,-38.620423475115345,-174.8791568724668,8,0.9
33968.928596562524,-38.74185372208703,-174.9151517794061,8,0.9
34205.20117978902,-38.863269804509464,-174.95088915242607,8,0.9
34443.11716879519,-38.984671938896575,-174.9863701505358,8,0.9
34682.68799437217,-39.106059786404245,-175.02164301246066,8,0.9
34923.92516681859,-39.22743463637294,-175.05661477109652,8,0.9
35166.8402764935,-39.34879506731571,-175.09142668303755,8,0.9
35411.44499437329,-39.470142864300726,-175.12594007572247,8,0.9
35657.7510726124,-39.591478173758375,-175.16015709180766,8,0.9
35905.77034510798,-39.712800625641826,-175.19412506535122,8,0.9
36155.51472806843,-39.834110863978154,-175.22779973396297,8,0.9
36406.99622058595,-39.95540850100522,-175.2612272038304,8,0.9
36660.22690521301,-40.0766926630608,-175.29449622006766,8,0.9
36915.21894854289,-40.197964879380436,-175.32747172122558,8,0.9
37171.98460179422,-40.319224631940365,-175.36019630002997,8,0.9
37430.53620139958,-40.440471753105655,-175.39266572879248,8,0.9
37690.88616959824,-40.56170625157998,-175.42482892158023,8,0.9
37953.04701503298,-40.68292613176319,-175.45675779200124,8,0.9
38217.03133335104,-40.804129242299666,-175.48838007676122,8,0.9
38482.85180780936,-40.9253084036812,-175.51963566512094,8,0.9
38750.521209883875,-41.04644014574839,-175.55030537805854,8,0.9
39020.05239988316,-41.167408191452765,-175.58028801036056,8,0.9
39291.458327566346,-41.28776309578874,-175.61288238945653,8,0.9
39564.752032765224,-41.409532089898285,-175.64970795649438,8,0.9
39839.94664601079,-41.53106799683801,-175.67891509214155,8,0.9
40117.05538916413,-41.652303910640455,-175.70838278924063,8,0.9
40396.09157605162,-41.773469662316685,-175.73796775212375,8,0.9
40677.068613104646,-41.8946075384858,-175.76748189699515,8,0.9
40960.00000000368,-42.01572798368655,-175.79692206446603,8,0.9
41244.899330326916,-42.13683537798033,-175.82620938645124,8,0.9
41531.78029220334,-42.25793107985021,-175.8553636377753,8,0.9
41820.65666897041,-42.379016740967934,-175.88429587770096,8,0.9
42111.54233983629,-42.500093239476875,-175.91296263259508,8,0.9
42404.45128054665,-42.62115944929006,-175.94151585315578,8,0.9
42699.3975640562,-42.74221637402142,-175.96987618914275,8,0.9
42996.39536120473,-42.86326492515158,-175.99796736844633,8,0.9
43295.458941398065,-42.98430351598715,-176.0259787455661,8,0.9
43596.60267329357,-43.10533440034868,-176.05368453522044,8,0.9
43899.84102549055,-43.22635633065653,-176.08123587724987,8,0.9
44205.18856722535,-43.34737045497625,-176.10852246876516,8,0.9
44512.659969071385,-43.468375234678575,-176.13572943114468,8,0.9
44822.27000364397,-43.58937180584011,-176.16274669798335,8,0.9
45134.033546310086,-43.71036124555333,-176.1894673278223,8,0.9
45447.96557590307,-43.83134174329214,-176.216109365022,8,0.9
45764.081175442305,-43.95231469375539,-176.24252967358956,8,0.9
46082.39553285784,-44.07327958373684,-176.26880077297437,8,0.9
46402.92394172015,-44.19423774220935,-176.2947830495072,8,0.9
46725.681801974904,-44.315187751370246,-176.32065388410857,8,0.9
47050.68462068286,-44.43613091547927,-176.34627489727288,8,0.9
47377.94801276491,-44.55706586742395,-176.37182031747062,8,0.9
47707.487701752325,-44.677994457720004,-176.39708485582943,8,0.9
48039.319520542165,-44.79891562579616,-176.42220723178968,8,0.9
48373.45941215801,-44.919830037695775,-176.44712080291822,8,0.9
48709.923430515926,-45.040737232376344,-176.47189424673343,8,0.9
49048.72774119583,-45.161637317661445,-176.49652811283087,8,0.9
49389.888622218095,-45.28253119799928,-176.52092425485273,8,0.9
49733.4224648257,-45.40341815735226,-176.54518330130875,8,0.9
50000.0,-45.49664678120395,-176.5637150752343,8,0.9
10.0,-0.31929118710023513,-0.5437147002266792,9,1.0
10.069555500567189,-0.31958286596210417,-0.5468250466758837,9,1.0
10.139594797900294,-0.31987544584213534,-0.5499447566352214,9,1.0
10.210121257071936,-0.32016218131996854,-0.5530729259925896,9,1.0
10.281138266560667,-0.3204566049356473,-0.5562109683174645,9,1.0
10.352649238413779,-0.3207654890034676,-0.559359554083156,9,1.0
10.424657608411218,-0.3210550539617247,-0.5625146142216293,9,1.0
10.497166836230678,-0.3213658663277574,-0.5656807506555659,9,1.0
10.57018040561381,-0.3216844227981053,-0.5688562628822551,9,1.0
10.643701824533608,-0.3219904641945684,-0.5720385869368669,9,1.0
10.71773462536294,-0.3223177954349733,-0.5752316257856797,9,1.0
10.792282365044281,-0.3226461578018536,-0.5784328094217668,9,1.0
10.867348625260592,-0.3229620527754853,-0.5816403202713484,9,1.0
10.942937012607405,-0.323292525601922,-0.5848573088666351,9,1.0
11.019051158766118,-0.3236240777931636,-0.5880819638858623,9,1.0
11.095694720678463,-0.3239567259379432,-0.5913141194803966,9,1.0
11.172871380722214,-0.32428373065317656,-0.5945527499970138,9,1.0
11.250584846888108,-0.32463213374474753,-0.597801116055285,9,1.0
11.328838852958,-0.3249816831648944,-0.6010564923943617,9,1.0
11.407637158684253,-0.32531888558603983,-0.6043169474031839,9,1.0
11.486983549970367,-0.32567078141319933,-0.6075857922107447,9,1.0
11.566881839052892,-0.3260373873577914,-0.6108628826484519,9,1.0
11.647335864684578,-0.3263984561921941,-0.6141453806372104,9,1.0
11.728349492318808,-0.3267540074842371,-0.6174330742974515,9,1.0
11.809926614295325,-0.32711756952542903,-0.620727570415223,9,1.0
11.892071150027233,-0.3274824069791108,-0.6240277742749568,9,1.0
11.97478704618931,-0.3278620469207908,-0.6273353358176613,9,1.0
12.05807827690763,-0.3282497543248605,-0.6306491617729432,9,1.0
12.141948843950495,-0.3286252892832403,-0.6339662476683662,9,1.0
12.226402776920713,-0.32900217979423746,-0.637288234120465,9,1.0
12.31144413344919,-0.3293871994249004,-0.6406158624831014,9,1.0
12.397076999389895,-0.32978712096287727,-0.643949900867919,9,1.0
12.48330548901615,-0.33018170825174264,-0.6472872664499898,9,1.0
12.570133745218314,-0.33057773585450057,-0.6506286917002098,9,1.0
12.657565939702833,-0.3309887290088431,-0.6539759211764227,9,1.0
12.745606273192656,-0.33138770396558165,-0.6573248027438031,9,1.0
12.834258975629076,-0.33179493812122546,-0.6606780600293387,9,1.0
12.923528306374958,-0.3322104539880102,-0.6640354825501462,9,1.0
13.013418554419374,-0.3326275241352847,-0.6673958411173737,9,1.0
13.10393403858367,-0.3330529226730128,-0.6707599204850808,9,1.0
13.195079107728983,-0.3334731738159712,-0.6741254380014818,9,1.0
13.286858140965156,-0.33390855150718235,-0.6774952457009331,9,1.0
13.379275547861162,-0.3343388319500963,-0.6808659990726081,9,1.0
13.472335768656947,-0.33477079049722436,-0.6842384801160301,9,1.0
13.566043274476765,-0.33521120167401286,-0.687613501239026,9,1.0
13.660402567544,-0.3356600910136276,-0.6909908322479803,9,1.0
13.755418181397484,-0.3360972409801528,-0.6943669939103542,9,1.0
13.851094681109295,-0.33656316581413354,-0.6977482200493154,9,1.0
13.947436663504105,-0.33701740630596666,-0.7011277542585063,9,1.0
14.044448757380025,-0.3374802331122168,-0.7045086046696137,9,1.0
14.142135623731003,-0.3379449273307712,-0.7078894134805792,9,1.0
14.240501955970773,-0.3384115180045713,-0.7112699115961815,9,1.0
14.33955248015833,-0.33888003462872673,-0.7146498277858967,9,1.0
14.439291955225018,-0.3393505071571695,-0.718028888758911,9,1.0
14.539725173203164,-0.33984320154848097,-0.7214102790596846,9,1.0
14.640856959456315,-0.3403176766103641,-0.7247868295710492,9,1.0
14.742692172911074,-0.34082117821337343,-0.7281663809178942,9,1.0
14.845235706290554,-0.341299780947255,-0.7315393154802025,9,1.0
14.94849248634945,-0.3418007278497289,-0.7349135729388581,9,1.0
15.05246747411074,-0.34229707486604144,-0.7382841544753709,9,1.0
15.15716566510405,-0.3427955994851223,-0.7416519564484217,9,1.0
15.26259208960566,-0.34330982102153046,-0.745019131919911,9,1.0
15.368751812880195,-0.34381280225307054,-0.748380534586077,9,1.0
15.475649935423972,-0.3443382902545912,-0.7517420137242805,9,1.0
15.58329159321007,-0.34485935066208717,-0.7550983722827412,9,1.0
15.69168195793509,-0.34538276182661176,-0.7584505497124159,9,1.0
15.800826237267621,-0.34590181940226383,-0.761796985596088,9,1.0
15.910729675098453,-0.34644352365884756,-0.7651424771820389,9,1.0
16.02139755179252,-0.34697420821208613,-0.7684803741600498,9,1.0
16.13283518444261,-0.34751413282785015,-0.7718142239636036,9,1.0
16.245047927124794,-0.3480431170703565,-0.7751398316881959,9,1.0
16.358041171155712,-0.34859489761170737,-0.7784634501965442,9,1.0
16.471820345351553,-0.3491492951817371,-0.781780884903271,9,1.0
16.586390916288924,-0.3496928739713126,-0.7850891565002017,9,1.0
16.70175838856748,-0.35025936667049035,-0.7883946791371478,9,1.0
16.817928305074386,-0.3508218618877728,-0.7916917980127803,9,1.0
16.93490624725064,-0.3513871403264822,-0.7949815652626795,9,1.0
17.052697835359233,-0.3519485084882331,-0.7982623024641967,9,1.0
17.17130872875518,-0.3525262200360341,-0.8015378830181541,9,1.0
17.290744626157405,-0.353093373700347,-0.8048024442324943,9,1.0
17.411011265922586,-0.3536904295067218,-0.8080641616410313,9,1.0
17.53211442632081,-0.3542635483068335,-0.8113114186379752,9,1.0
17.654059925813208,-0.3548531890262335,-0.8145524626043187,9,1.0
17.776853623331515,-0.35545939633514434,-0.8177870807120519,9,1.0
17.900501418559564,-0.3560350793188468,-0.8210047788841726,9,1.0
18.02500925221672,-0.3566341594972581,-0.82421694728199,9,1.0
18.150383106343334,-0.35722975072484064,-0.8274174433204371,9,1.0
18.27662900458813,-0.35784883428079783,-0.8306119776184773,9,1.0
18.403753012497624,-0.35845106468388616,-0.8337912802194672,9,1.0
18.53176123780754,-0.3590701554815779,-0.8369626218276044,9,1.0
18.660659830736275,-0.3596859627457489,-0.8401211809310404,9,1.0
18.790454984280366,-0.360305271581162,-0.8432682111207155,9,1.0
18.921152934512047,-0.3609214054666201,-0.8464018824461548,9,1.0
19.05275996087888,-0.36155461002252753,-0.8495266428797017,9,1.0
19.18528238650542,-0.362184749637312,-0.8526375320090372,9,1.0
19.31872657849705,-0.3628186108607898,-0.8557358677154683,9,1.0
19.453098948245852,-0.36346297929042004,-0.8588230241946704,9,1.0
19.588405951738682,-0.36408427082372474,-0.8618906264359956,9,1.0
19.72465408986733,-0.36473637095425665,-0.8649514580238732,9,1.0
19.861849908740865,-0.3653856976932027,-0.8679971392571917,9,1.0
20.00000000000015,-0.36603231280214743,-0.8710273997837676,9,1.0
20.13911100113453,-0.3666762789123801,-0.87404197336413,9,1.0
20.279189595800737,-0.3673445630256891,-0.8770474111620097,9,1.0
20.42024251414402,-0.3679968716238092,-0.8800333208358567,9,1.0
20.56227653312149,-0.3686534476286108,-0.8830045605518005,9,1.0
20.70529847682771,-0.3693278048919841,-0.8859644183162123,9,1.0
20.849315216822593,-0.36998638630602126,-0.8889039803174293,9,1.0
20.994333672461515,-0.3706494334460759,-0.8918282489009853,9,1.0
21.14036081122778,-0.3713304601973333,-0.894740617487247,9,1.0
21.28740364906737,-0.3719959192365131,-0.8976319714805279,9,1.0
21.43546925072604,-0.3726794951935852,-0.9005111021392412,9,1.0
21.584564730088722,-0.37336109075922613,-0.9033724285306091,9,1.0
21.734697250521346,-0.3740407789260273,-0.9062157456330484,9,1.0
21.885874025214974,-0.3747186336919033,-0.9090408548178247,9,1.0
22.038102317532406,-0.3754148909031786,-0.9118532075356738,9,1.0
22.191389441357092,-0.37610946294066605,-0.9146470690733117,9,1.0
22.345742761444598,-0.3768024269065442,-0.9174222623321054,9,1.0
22.501169693776383,-0.37748714211925116,-0.9201766887588158,9,1.0
22.657677705916175,-0.3781838443116276,-0.9229159715257766,9,1.0
22.815274317368676,-0.37888589303422565,-0.9256380915443173,9,1.0
22.973967099940907,-0.37958665084458243,-0.928340973629242,9,1.0
23.13376367810596,-0.3802996340612421,-0.9310284666295582,9,1.0
23.29467172936933,-0.381004774134212,-0.9336945085010148,9,1.0
23.456698984637793,-0.38169544132694716,-0.9363369000959986,9,1.0
23.619853228590827,-0.38241201717235435,-0.9389676911135878,9,1.0
23.784142300054643,-0.3831210080493287,-0.9415766744856808,9,1.0
23.949574092378796,-0.3838426470736599,-0.9441699384959793,9,1.0
24.11615655381544,-0.38455016477336945,-0.9467391172092035,9,1.0
24.28389768790117,-0.38526379516952153,-0.9492903685829162,9,1.0
24.452805553841607,-0.385976915595735,-0.951821546055487,9,1.0
24.622888266898567,-0.386689619081281,-0.9543325909205743,9,1.0
24.794153998779972,-0.3874288480110041,-0.956832121141797,9,1.0
24.966610978032485,-0.38815442277928724,-0.9593072053630053,9,1.0
25.140267490436816,-0.3888664431390618,-0.9617577062905088,9,1.0
25.315131879405854,-0.38957843117462176,-0.9641879379575974,9,1.0
25.4912125463855,-0.3903106164303296,-0.9666046115251242,9,1.0
25.668517951258348,-0.3910362568578052,-0.9689988610264616,9,1.0
25.847056612750112,-0.39176887405734223,-0.971375198218418,9,1.0
26.026837108838944,-0.3925018612813145,-0.9737314064240766,9,1.0
26.20786807716754,-0.3932286151180169,-0.976065203850365,9,1.0
26.390158215458165,-0.3939693658169907,-0.9783835836483136,9,1.0
26.573716281930512,-0.3946839753089004,-0.9806725891617218,9,1.0
26.758551095722524,-0.395419504468824,-0.9829486740056462,9,1.0
26.944671537314093,-0.39615594076298166,-0.9852049105121827,9,1.0
27.13208654895373,-0.3968933958290103,-0.9874413885238787,9,1.0
27.320805135088207,-0.39762527764219546,-0.9896557747476828,9,1.0
27.510836362795175,-0.3983517022188671,-0.9918481210761887,9,1.0
27.7021893622188,-0.39909289941590087,-0.9940259165026304,9,1.0
27.89487332700842,-0.3998154656278751,-0.9961769397762593,9,1.0
28.088897514760255,-0.40054633684259733,-0.99831121955951,9,1.0
28.284271247462218,-0.40127892946886345,-1.0004264396797466,9,1.0
28.48100391194176,-0.40201336557604744,-1.0025227715116196,9,1.0
28.679104960316874,-0.4027564704566472,-1.0046029791344826,9,1.0
28.878583910450253,-0.4034949654802899,-1.0066621188014369,9,1.0
29.079450346406546,-0.40422227823103835,-1.0086977103179886,9,1.0
29.28171391891285,-0.40495194042967764,-1.0107151342555463,9,1.0
29.485384345822368,-0.4056907818146241,-1.0127172902941584,9,1.0
29.690471412581335,-0.4064188349202579,-1.014696419921533,9,1.0
29.896984972699123,-0.407156332211521,-1.0166607833583543,9,1.0
30.104934948221704,-0.40789001073789366,-1.0186052478695027,9,1.0
30.314331330208326,-0.4086133108989397,-1.020527270102986,9,1.0
30.52518417921155,-0.4093531631667294,-1.0224381296687906,9,1.0
30.73750362576062,-0.4100762207964965,-1.0243242532932866,9,1.0
30.951299870848175,-0.4108027190102813,-1.0261942329212947,9,1.0
31.16658318642038,-0.41153949735417306,-1.0280512509869957,9,1.0
31.38336391587042,-0.4122666137888782,-1.0298871007985992,9,1.0
31.60165247453548,-0.4129842184915317,-1.0317019976561828,9,1.0
31.82145935019715,-0.41372593553498993,-1.0335107782408939,9,1.0
32.04279510358529,-0.4144383601417809,-1.0352904722946372,9,1.0
32.26567036888546,-0.4151685065537837,-1.0370619060359458,9,1.0
32.49009585424984,-0.41588975473783374,-1.0388136531312457,9,1.0
32.716082342311665,-0.4166089567425678,-1.0405490067697658,9,1.0
32.94364069070335,-0.41731958054815366,-1.0422652806499917,9,1.0
33.172781832578096,-0.4180418643481356,-1.0439719813008677,9,1.0
33.40351677713521,-0.41876258706452835,-1.045663451935823,9,1.0
33.63585661014903,-0.41947522401680226,-1.0473369668992487,9,1.0
33.86981249450153,-0.42018663480666657,-1.0489960037642072,9,1.0
34.10539567071872,-0.42090367924038796,-1.0506441549129923,9,1.0
34.34261745751061,-0.4216064601831782,-1.0522723324371697,9,1.0
34.58148925231507,-0.42230853226237874,-1.0538872734615987,9,1.0
34.822022531845434,-0.4230100718083046,-1.0554894329672335,9,1.0
35.064228852641875,-0.42372463319246995,-1.057085836019493,9,1.0
35.30811985162668,-0.42441226935130494,-1.0586572878174536,9,1.0
35.55370724666329,-0.4251199778715086,-1.0602272867443243,9,1.0
35.80100283711939,-0.425821193326528,-1.0617831392291788,9,1.0
36.05001850443371,-0.4265094181537731,-1.0633218904217026,9,1.0
36.30076621268694,-0.42721158747760785,-1.0648575647563199,9,1.0
36.55325800917653,-0.4278944639989547,-1.0663736489421773,9,1.0
36.80750602499552,-0.4285783003749042,-1.0678808571457723,9,1.0
37.06352247561536,-0.4292566086408131,-1.069376250624304,9,1.0
37.32131966147283,-0.4299429569797578,-1.0708673758149696,9,1.0
37.58090996856101,-0.43062417816273946,-1.0723477884211168,9,1.0
37.84230586902438,-0.43129379395007394,-1.0738144120921547,9,1.0
38.105519921758045,-0.4319653784987544,-1.0752749133977413,9,1.0
38.37056477301113,-0.43264582275382724,-1.0767335584198074,9,1.0
38.63745315699439,-0.4333152907633383,-1.0781800415510554,9,1.0
38.906197896491996,-0.43397399863232994,-1.079614828070595,9,1.0
39.176811903477656,-0.43463552724178256,-1.0810458641298968,9,1.0
39.449308179734956,-0.4353067760939564,-1.082477582167938,9,1.0
39.72369981748203,-0.4359545637957976,-1.0838917688393106,9,1.0
40.000000000000604,-0.43661251879994784,-1.085307883018974,9,1.0
40.27822200226936,-0.43726082805878136,-1.0867151426219281,9,1.0
40.55837919160177,-0.43790640250809765,-1.088117963096632,9,1.0
40.840485028288356,-0.4385561542501688,-1.089520895254015,9,1.0
41.124553066243294,-0.43918360474113893,-1.0909088622260807,9,1.0
41.410596953655734,-0.4398290642891,-1.0923061381919303,9,1.0
41.6986304336455,-0.4404593831004416,-1.0936935871286846,9,1.0
41.98866734492334,-0.4410948397507476,-1.0950838366158557,9,1.0
42.28072162245588,-0.4417156499482883,-1.0964654203993112,9,1.0
42.57480729813507,-0.44234209582346057,-1.097851180810829,9,1.0
42.8709385014524,-0.4429610773033322,-1.0992336242533143,9,1.0
43.16912946017777,-0.4435795275810925,-1.1006175475072397,9,1.0
43.46939450104301,-0.4441910305442182,-1.1019994607651231,9,1.0
43.771748050430276,-0.44479584962847035,-1.1033799989238249,9,1.0
44.07620463506514,-0.4454142755825017,-1.1047726559260433,9,1.0
44.38277888271451,-0.4460132029057637,-1.1061568073794028,9,1.0
44.69148552288952,-0.446606254533028,-1.1075416159261853,9,1.0
45.00233938755311,-0.4472003801177008,-1.108932142627229,9,1.0
45.315355411832684,-0.4477958577947127,-1.1103291766388306,9,1.0
45.63054863473769,-0.4483729497381628,-1.1117201468312232,9,1.0
45.947934199882155,-0.44895196180610353,-1.113119023388339,9,1.0
46.26752735621227,-0.4495465268757182,-1.1145356845608507,9,1.0
46.58934345873901,-0.450123573822273,-1.115948356292619,9,1.0
46.913397969275934,-0.45069674386805725,-1.117366759540867,9,1.0
47.23970645718201,-0.4512596646496983,-1.1187870025199171,9,1.0
47.56828460010965,-0.4518193108591618,-1.1202144050915994,9,1.0
47.89914818475796,-0.4523759885729476,-1.1216497329603354,9,1.0
48.232313107631235,-0.45293667801073334,-1.1230985110902978,9,1.0
48.5677953758027,-0.4534950211586981,-1.1245568528835197,9,1.0
48.90561110768358,-0.4540446647887235,-1.126020732699171,9,1.0
49.2457765337975,-0.45457926044242736,-1.1274859833508166,9,1.0
49.58830799756032,-0.4551258117888293,-1.128972796865848,9,1.0
49.933221956065346,-0.45565796820598303,-1.1304624772591056,9,1.0
50.280534980874016,-0.4561960697024996,-1.1319705679843675,9,1.0
50.630263758812085,-0.4567204448607085,-1.1334829865834304,9,1.0
50.982425092771386,-0.45723143445378694,-1.135000360992538,9,1.0
51.33703590251707,-0.4577560557372518,-1.1365437142101726,9,1.0
51.69411322550061,-0.4582746504501528,-1.1380987617632259,9,1.0
52.05367421767828,-0.4587875702886782,-1.1396662820323693,9,1.0
52.41573615433548,-0.45929517091747185,-1.1412470641722412,9,1.0
52.78031643091672,-0.45980447919322287,-1.1428471665944162,9,1.0
53.14743256386143,-0.46028252336594544,-1.1444410268915859,9,1.0
53.517102191445446,-0.46078967455887415,-1.146077039128465,9,1.0
53.8893430746286,-0.4612796357641608,-1.1477189827804293,9,1.0
54.264173097907864,-0.4617661170089737,-1.149378302804233,9,1.0
54.64161027017682,-0.4622428325276029,-1.1510503906512193,9,1.0
55.02167272559077,-0.4627234992506062,-1.1527470077440698,9,1.0
55.40437872443802,-0.46319517406429633,-1.1544580605524344,9,1.0
55.78974665401725,-0.4636649162130032,-1.1561899108393385,9,1.0
56.17779502952094,-0.4641264579467957,-1.1579378280490549,9,1.0
56.56854249492486,-0.4645935319550037,-1.1597139673354053,9,1.0
56.962007823883944,-0.4650465493310517,-1.1615022157734267,9,1.0
57.358209920634174,-0.46550591620905085,-1.163320568829306,9,1.0
57.75716782090094,-0.46595205377197796,-1.1651526759102222,9,1.0
58.158900692813525,-0.46638538297574383,-1.1669992445875526,9,1.0
58.56342783782614,-0.4668263220155055,-1.1688787102852047,9,1.0
58.97076869164518,-0.4672619714213575,-1.1707803111285728,9,1.0
59.38094282516311,-0.46769942941693377,-1.172710926641183,9,1.0
59.79396994539869,-0.4681324707834427,-1.1746655489194227,9,1.0
60.209869896443855,-0.4685548756485556,-1.1766390005133527,9,1.0
60.628662660417106,-0.46895376595364924,-1.1786197952773123,9,1.0
61.05036835842356,-0.4693895664349815,-1.180664101255149,9,1.0
61.4750072515217,-0.4697894373745681,-1.182705186462954,9,1.0
61.90259974169682,-0.4701938223400981,-1.1847809817569124,9,1.0
62.33316637284123,-0.4705965259335509,-1.1868862916607579,9,1.0
62.766727831741306,-0.470991358185952,-1.189015745798858,9,1.0
63.20330494907143,-0.4713854601056428,-1.1911766436153046,9,1.0
63.642918700394766,-0.47177265194446694,-1.1933635507189873,9,1.0
64.08559020717105,-0.47216674715457263,-1.1955904197964504,9,1.0
64.5313407377714,-0.47254825107931264,-1.1978387581845058,9,1.0
64.98019170850016,-0.4729110000606909,-1.2001027374872462,9,1.0
65.43216468462381,-0.4732888098588963,-1.2024163771086456,9,1.0
65.8872813814072,-0.47366220180854784,-1.2047609402179613,9,1.0
66.34556366515669,-0.47401836556390015,-1.207123875772088,9,1.0
66.80703355427093,-0.47437780716425093,-1.2095263678657282,9,1.0
67.27171322029855,-0.4747410509652026,-1.211969604929699,9,1.0
67.73962498900357,-0.4750819785639877,-1.2144270796857326,9,1.0
68.21079134143795,-0.4754344354745119,-1.2169343045601244,9,1.0
68.68523491502174,-0.4757789761592941,-1.2194715853588423,9,1.0
69.16297850463066,-0.47611614668054864,-1.222039878964549,9,1.0
69.6440450636914,-0.47644649849242793,-1.224640161979669,9,1.0
70.12845770528428,-0.47678391220044497,-1.2272878217138075,9,1.0
70.61623970325388,-0.47711562634448706,-1.2299697023511023,9,1.0
71.10741449332713,-0.4774422087694175,-1.2326868450936317,9,1.0
71.60200567423932,-0.4777575709974586,-1.2354329540403437,9,1.0
72.10003700886796,-0.4780622918879104,-1.2382089487636818,9,1.0
72.60153242537443,-0.4783902650217389,-1.2410531202067336,9,1.0
73.10651601835362,-0.47868878571483076,-1.2439070620866133,9,1.0
73.61501204999159,-0.4789850968338957,-1.2468015862908468,9,1.0
74.12704495123128,-0.4792864614602588,-1.2497455116015435,9,1.0
74.64263932294622,-0.47958682456473123,-1.2527325177095339,9,1.0
75.16181993712259,-0.47988013665871027,-1.2557560822879272,9,1.0
75.68461173804933,-0.4801670157618355,-1.2588172901339643,9,1.0
76.21103984351666,-0.48045474760021645,-1.2619251218552932,9,1.0
76.74112954602285,-0.4807306374417818,-1.2650650303928823,9,1.0
77.27490631398935,-0.4810019822980245,-1.2682459900610983,9,1.0
77.81239579298456,-0.48126942286071905,-1.2714691898747483,9,1.0
78.3536238069559,-0.4815535925004352,-1.2747601712652699,9,1.0
78.8986163594705,-0.48180850719790724,-1.2780635424310873,9,1.0
79.44739963496465,-0.4820747987235105,-1.2814292281269137,9,1.0
80.00000000000179,-0.4823331433830357,-1.284834026441864,9,1.0
80.55644400453932,-0.4825775474465571,-1.2882707359970949,9,1.0
81.11675838320417,-0.4828286736299641,-1.291765592846858,9,1.0
81.68097005657731,-0.4830738770987231,-1.2953032259765436,9,1.0
82.24910613248719,-0.48331384388012977,-1.2988848756571083,9,1.0
82.8211939073121,-0.48356259200384777,-1.302529018502967,9,1.0
83.39726086729164,-0.48378750317037034,-1.3061940071081468,9,1.0
83.97733468984731,-0.4840092694904561,-1.3099067935596098,9,1.0
84.56144324491237,-0.48425525400539654,-1.3137039251637301,9,1.0
85.14961459627077,-0.48447286293779507,-1.3175167012022722,9,1.0
85.74187700290544,-0.4846894699821114,-1.3213814789976015,9,1.0
86.33825892035618,-0.48490580069141803,-1.325299728851093,9,1.0
86.93878900208668,-0.4851225862070818,-1.3292729571220696,9,1.0
87.54349610086122,-0.48534056323478075,-1.3333027070015837,9,1.0
88.15240927013093,-0.48553381556479946,-1.3373537925982213,9,1.0
88.7655577654297,-0.4857364126863433,-1.34147331803397,9,1.0
89.38297104577971,-0.4859291133311467,-1.3456351583193147,9,1.0
90.00467877510688,-0.486119340131746,-1.3498499925174072,9,1.0
90.63071082366605,-0.48632118740466107,-1.3541382762351375,9,1.0
91.26109726947607,-0.48650209681904416,-1.3584543178170965,9,1.0
91.895868399765,-0.486682838113355,-1.3628279079441008,9,1.0
92.53505471242522,-0.48687085673991276,-1.36727036459884,9,1.0
93.17868691747873,-0.4870536051195962,-1.3717640929465968,9,1.0
93.82679593855258,-0.4872252055147907,-1.37630078932161,9,1.0
94.47941291436473,-0.48739311805179975,-1.380891680877127,9,1.0
95.13656920022001,-0.4875581417140124,-1.3855383606109317,9,1.0
95.79829636951663,-0.48773441540287443,-1.390262531800433,9,1.0
96.4646262152632,-0.4878760752892131,-1.3949955578089077,9,1.0
97.13559075160614,-0.48805061130784066,-1.3998398694137955,9,1.0
97.81122221536789,-0.4881988310248403,-1.404706038933129,9,1.0
98.49155306759573,-0.4883482285748362,-1.4096363031845855,9,1.0
99.17661599512138,-0.4884862936137025,-1.4146117020259767,9,1.0
99.86644391213144,-0.48863386436879164,-1.419665124156401,9,1.0
100.56106996174877,-0.48876509974499793,-1.4247565084194984,9,1.0
101.26052751762494,-0.48892085772130256,-1.4299509653772402,9,1.0
101.96485018554354,-0.4890552940370536,-1.4351762409166355,9,1.0
102.67407180503491,-0.48917592449072816,-1.4404442812798863,9,1.0
103.388226451002,-0.4893036124221384,-1.4457891218349674,9,1.0
104.10734843535732,-0.48941920064030875,-1.451180101037309,9,1.0
104.83147230867174,-0.4895368905193001,-1.4566407915898258,9,1.0
105.56063286183424,-0.4896642179334368,-1.4621843425093126,9,1.0
106.29486512772365,-0.48978203321804226,-1.4677795242004523,9,1.0
107.03420438289172,-0.4898912045323612,-1.4734279950695788,9,1.0
107.778686149258,-0.4899859297160456,-1.4791201083154748,9,1.0
108.52834619581655,-0.4901004517103951,-1.484914531543106,9,1.0
109.28322054035448,-0.49018893239128214,-1.4907334438587245,9,1.0
110.04334545118235,-0.4902989719628935,-1.4966591374776006,9,1.0
110.80875744887686,-0.4903847316004385,-1.5026127317245472,9,1.0
111.57949330803534,-0.49047379569519245,-1.5086424840898636,9,1.0
112.35559005904271,-0.4905603771616127,-1.5147387901388931,9,1.0
113.13708498985058,-0.49064536595571173,-1.520903694656194,9,1.0
113.92401564776874,-0.4907363313210281,-1.5271513175422633,9,1.0
114.71641984126921,-0.4908074574850324,-1.5334356223240944,9,1.0
115.51433564180275,-0.4908863484839518,-1.5398068173086894,9,1.0
116.31780138562794,-0.490947187471653,-1.5462182695539206,9,1.0
117.12685567565316,-0.49102426472092353,-1.552733360380147,9,1.0
117.94153738329126,-0.4910850831087502,-1.5592926565521108,9,1.0
118.76188565032712,-0.49115725977646063,-1.565947975998621,9,1.0
119.58793989079828,-0.49120829188297566,-1.572638828598706,9,1.0
120.41973979288862,-0.4912658003716858,-1.5794175807565547,9,1.0
121.25732532083512,-0.49132400444947166,-1.5862739716860141,9,1.0
122.10073671684803,-0.49137712093474817,-1.5931974282020245,9,1.0
122.95001450304433,-0.49141268043607067,-1.6001640469995262,9,1.0
123.80519948339456,-0.49145831265270634,-1.607227859433515,9,1.0
124.66633274568338,-0.49149486331296977,-1.6143520484959848,9,1.0
125.53345566348355,-0.49152991104559257,-1.621551895641954,9,1.0
126.40660989814381,-0.49156434969042256,-1.628829721274578,9,1.0
127.28583740079048,-0.49159238476205713,-1.6361744111188294,9,1.0
128.17118041434307,-0.4916282795365079,-1.6436152632633851,9,1.0
129.0626814755438,-0.49164617182100034,-1.6511003227475753,9,1.0
129.9603834170013,-0.4916670077396902,-1.6586725678874166,9,1.0
130.86432936924862,-0.49168498087881696,-1.666320694700112,9,1.0
131.77456276281538,-0.4917009692347646,-1.6740470299529735,9,1.0
132.69112733031437,-0.49171584746505836,-1.6818539486388073,9,1.0
133.61406710854286,-0.4917171028909096,-1.689715520146153,9,1.0
134.5434264405981,-0.49172567577730575,-1.6976764425087345,9,1.0
135.47924997800817,-0.49172235094899547,-1.7056963961858405,9,1.0
136.42158268287693,-0.4917213701626585,-1.7138062967002776,9,1.0
137.3704698300445,-0.4917302815751161,-1.7220233404952223,9,1.0
138.32595700926237,-0.49170976032484837,-1.7302623512047066,9,1.0
139.28809012738384,-0.49170081628380125,-1.7386132380153285,9,1.0
140.25691541056963,-0.49168419540422714,-1.7470343566726483,9,1.0
141.23247940650882,-0.4916741191495033,-1.7555578781032535,9,1.0
142.2148289866553,-0.4916446132057247,-1.76412617687902,9,1.0
143.20401134847972,-0.4916232836623555,-1.7728017327774248,9,1.0
144.200074017737,-0.49159753655529426,-1.7815568012407683,9,1.0
145.20306485074994,-0.49156816681533033,-1.7903936903554707,9,1.0
146.2130320367083,-0.4915426640073034,-1.7993302950440353,9,1.0
147.2300240999843,-0.49150169678068123,-1.80832234123144,9,1.0
148.25408990246365,-0.4914527328220883,-1.8173873484722025,9,1.0
149.28527864589356,-0.49140993997236926,-1.8265591960474559,9,1.0
150.32363987424628,-0.49136736309244783,-1.8358246994563776,9,1.0
151.3692234760998,-0.4913257405830542,-1.8451863678247584,9,1.0
152.42207968703445,-0.49126567285754774,-1.8545980585935964,9,1.0
153.48225909204683,-0.4912079968961194,-1.8641103311754907,9,1.0
154.54981262797986,-0.4911467058367033,-1.8737093175486894,9,1.0
155.6247915859703,-0.4910824885113888,-1.8833972851483083,9,1.0
156.70724761391295,-0.4910025942407095,-1.8931431343497402,9,1.0
157.79723271894218,-0.49094125165185365,-1.90303252619676,9,1.0
158.8947992699305,-0.4908655418737126,-1.9129841966273715,9,1.0
160.0000000000048,-0.4907962434473736,-1.923050928438796,9,1.0
161.11288800907985,-0.49071382631655697,-1.9331839208575357,9,1.0
162.23351676640956,-0.49062560778721426,-1.943402111168407,9,1.0
163.36194011315587,-0.49053217382365755,-1.9537075112431395,9,1.0
164.49821226497562,-0.4904408158397247,-1.9641196802233638,9,1.0
165.6423878146254,-0.4903453678054551,-1.9746233448978332,9,1.0
166.79452173458452,-0.4902463656934614,-1.985220528851011,9,1.0
167.9546693796959,-0.4901443277923834,-1.9959132545717264,9,1.0
169.12288648982604,-0.490039754199634,-2.0067035412282097,9,1.0
170.29922919254284,-0.4899263982155622,-2.017575229015051,9,1.0
171.4837540058122,-0.4898114474116099,-2.0285482390890057,9,1.0
172.6765178407137,-0.4896953441739202,-2.0396245637746713,9,1.0
173.87757800417467,-0.4895785106321551,-2.050806182251295,9,1.0
175.08699220172375,-0.4894478808850349,-2.062057669734701,9,1.0
176.30481854026317,-0.4893240315587421,-2.0734366559600215,9,1.0
177.53111553086072,-0.48919385207262084,-2.084907539094443,9,1.0
178.7659420915608,-0.48906441177768384,-2.096490906596854,9,1.0
180.00935755021513,-0.48890232601578243,-2.108092477749781,9,1.0
181.26142164733346,-0.48877527157293965,-2.1199057003705715,9,1.0
182.52219453895353,-0.4886161110414542,-2.131739392282537,9,1.0
183.7917367995314,-0.4884722708047052,-2.1437307309185454,9,1.0
185.07010942485184,-0.4883169930551896,-2.1558031407910567,9,1.0
186.35737383495882,-0.488150458229378,-2.1679574523400773,9,1.0
187.65359187710658,-0.48799306733222036,-2.1802546172403305,9,1.0
188.95882582873088,-0.4878179598392121,-2.1926158105499436,9,1.0
190.27313840044144,-0.48764548755858994,-2.2051022870237325,9,1.0
191.59659273903472,-0.48747573253832327,-2.2177154831386345,9,1.0
192.92925243052787,-0.4872952369837755,-2.2304155038396005,9,1.0
194.27118150321374,-0.487110772883756,-2.243223557751927,9,1.0
195.62244443073726,-0.4869155710671177,-2.2561195033403068,9,1.0
196.98310613519297,-0.4867231086087229,-2.2691457471701026,9,1.0
198.35323199024427,-0.48652655761318725,-2.282282123468052,9,1.0
199.73288782426437,-0.4863325815867646,-2.295550526475715,9,1.0
201.12213992349908,-0.4861207529366026,-2.3088872608608733,9,1.0
202.5210550352514,-0.4859112012941076,-2.3223567671495644,9,1.0
203.9297003710886,-0.485696964164379,-2.335937886273806,9,1.0
205.3481436100714,-0.48547781083900376,-2.3496307195868074,9,1.0
206.77645290200556,-0.4852602516679848,-2.3634573888538415,9,1.0
208.21469687071618,-0.4850304409752499,-2.3773736338347717,9,1.0
209.66294461734503,-0.48478126086819284,-2.3913562650815012,9,1.0
211.12126572367004,-0.48454623505916644,-2.4055169807976853,9,1.0
212.5897302554489,-0.4843114129304398,-2.4198111270288347,9,1.0
214.06840876578502,-0.4840492207520908,-2.434146777415094,9,1.0
215.5573722985176,-0.48380667443234215,-2.448683287861835,9,1.0
217.05669239163473,-0.4835493395781784,-2.4633053341190285,9,1.0
218.5664410807106,-0.4832834511376014,-2.4780346900287005,9,1.0
220.08669090236637,-0.48302200935483425,-2.4929171971537185,9,1.0
221.6175148977554,-0.48274401248196497,-2.507881097312221,9,1.0
223.15898661607235,-0.4824691851720952,-2.522995962171448,9,1.0
224.71118011808713,-0.4821900366328041,-2.5382368430625903,9,1.0
226.27416997970286,-0.4818854200052567,-2.553529416562425,9,1.0
227.8480312955392,-0.4816021803597648,-2.5690413867365254,9,1.0
229.43283968254013,-0.48130548871443757,-2.5846498573592473,9,1.0
231.02867128360725,-0.48099448161710473,-2.600352149139652,9,1.0
232.63560277125762,-0.4806818820938098,-2.6161952539284195,9,1.0
234.25371135130806,-0.48038039274715116,-2.6322273386590944,9,1.0
235.88307476658426,-0.48004814441331584,-2.648295358955864,9,1.0
237.523771300656,-0.47971137902455413,-2.6644965631032504,9,1.0
239.17587978159838,-0.47938269065721545,-2.6808794871671817,9,1.0
240.83947958577906,-0.47904734484045575,-2.697390511377507,9,1.0
242.51465064167206,-0.4787110326822116,-2.714052384893487,9,1.0
244.2014734336979,-0.47835891573670714,-2.7308097167121654,9,1.0
245.9000290060905,-0.4780171039295882,-2.7477637115249864,9,1.0
247.61039896679097,-0.47764332481644933,-2.7647525181239603,9,1.0
249.33266549136863,-0.47727044937208024,-2.7819039126264276,9,1.0
251.06691132696898,-0.47689714175962594,-2.7992143746558305,9,1.0
252.81321979628953,-0.4765220230482548,-2.8166801003578583,9,1.0
254.5716748015829,-0.47613682035763266,-2.8342696637297258,9,1.0
256.3423608286881,-0.47574691259018465,-2.8520056171361827,9,1.0
258.12536295108947,-0.4753439335576918,-2.8698555387980167,9,1.0
259.9207668340045,-0.47493318110141763,-2.887841736451113,9,1.0
261.72865873849923,-0.47452678578367957,-2.9060150819308177,9,1.0
263.54912552563275,-0.4740956597703843,-2.9242578591393893,9,1.0
265.38225466063074,-0.47367245029834354,-2.942705395742799,9,1.0
267.2281342170877,-0.47324171293384976,-2.961295722695982,9,1.0
269.08685288119824,-0.47279480967326765,-2.979993833846284,9,1.0
270.95849995601833,-0.47235744822521175,-2.9989091157536496,9,1.0
272.8431653657559,-0.47189339152283716,-3.0178900091853746,9,1.0
274.74093966009104,-0.4714420539385936,-3.037105240927663,9,1.0
276.6519140185268,-0.4709670871853501,-3.0564010863922633,9,1.0
278.5761802547697,-0.47050097894692305,-3.0759186885583167,9,1.0
280.51383082114137,-0.4700072586369599,-3.095501491032245,9,1.0
282.4649588130198,-0.4695252687344637,-3.115322322311978,9,1.0
284.42965797331277,-0.46901842744833266,-3.1352223742462217,9,1.0
286.40802269696155,-0.4685122292632822,-3.1553152903748325,9,1.0
288.40014803547615,-0.4679976165398684,-3.1755627114649623,9,1.0
290.4061297015021,-0.4674793118498383,-3.195987461731131,9,1.0
292.42606407341884,-0.4669550901552868,-3.2165813833247143,9,1.0
294.4600481999708,-0.46639497760298176,-3.2372092341629597,9,1.0
296.50817980492957,-0.46585206770014326,-3.2581144755872744,9,1.0
298.5705572917893,-0.46531019404676105,-3.279226132878198,9,1.0
300.64727974849484,-0.464739237194577,-3.300406344097623,9,1.0
302.73844695220185,-0.46417146752712213,-3.321806300946405,9,1.0
304.84415937407124,-0.4635766655868929,-3.3432861290581477,9,1.0
306.964518184096,-0.4629940354652141,-3.365032119995787,9,1.0
309.09962525596205,-0.462386315037985,-3.3868697976263173,9,1.0
311.24958317194296,-0.4617857394033993,-3.40895453397825,9,1.0
313.4144952278283,-0.46116886142846064,-3.431176090341245,9,1.0
315.59446543788675,-0.4605330577245117,-3.4535228490320886,9,1.0
317.7895985398634,-0.4599105545441583,-3.4761537566729244,9,1.0
320.000000000012,-0.4592498565914233,-3.498818720982817,9,1.0
322.22577601816215,-0.4586110886454815,-3.5218154733729303,9,1.0
324.4670335328215,-0.4579286637261907,-3.54482120221967,9,1.0
326.7238802263142,-0.45726273039400234,-3.5681370656191276,9,1.0
328.99642452995374,-0.45657555473825934,-3.5915766201264905,9,1.0
331.2847756292533,-0.45587832200458644,-3.6151977401116384,9,1.0
333.5890434691715,-0.45516118884376905,-3.6389520294926236,9,1.0
335.90933875939425,-0.4544633913762952,-3.663042870974656,9,1.0
338.2457729796546,-0.4537189033703726,-3.6871327259758537,9,1.0
340.5984583850881,-0.4530020688735217,-3.711608235415118,9,1.0
342.96750801162693,-0.4522397030370311,-3.736090903772365,9,1.0
345.3530356814299,-0.4514780700690022,-3.7608239912937282,9,1.0
347.75515600835195,-0.4507142382498669,-3.7857952475524077,9,1.0
350.1739844034501,-0.44993114439350157,-3.810916485089905,9,1.0
352.60963708052907,-0.4491398902885377,-3.8362489318746933,9,1.0
355.0622310617241,-0.44833040570008253,-3.861740652709067,9,1.0
357.53188418312425,-0.4475137878199993,-3.887453776432843,9,1.0
360.0187151004329,-0.4466728493815074,-3.9132968696373984,9,1.0
362.52284329466966,-0.44583992198413425,-3.9394494287443598,9,1.0
365.0443890779098,-0.44499780902350267,-3.9658204426911308,9,1.0
367.58347359906554,-0.44411504809824576,-3.992236968036402,9,1.0
370.14021884970646,-0.44324530190902744,-4.019000111889987,9,1.0
372.7147476699204,-0.44236420906466345,-4.045977295894699,9,1.0
375.30718375421594,-0.4414615465638378,-4.073113077773089,9,1.0
377.9176516574646,-0.4405341724453851,-4.10039117540575,9,1.0
380.5462768008857,-0.43960745657311373,-4.127959036783507,9,1.0
383.1931854780723,-0.4386568948441818,-4.1556788679382,9,1.0
385.85850486105863,-0.4377007619722676,-4.183658742564314,9,1.0
388.5423630064304,-0.4367287930367631,-4.211842079340781,9,1.0
391.2448888614774,-0.43574500497859747,-4.2402551230822905,9,1.0
393.96621227038884,-0.4347462656553436,-4.268882341229918,9,1.0
396.7064639804915,-0.43372943360758154,-4.297707764582548,9,1.0
399.4657756485318,-0.432705727487552,-4.326801228048409,9,1.0
402.24427984700117,-0.4316576521588201,-4.356060862379826,9,1.0
405.04211007050577,-0.43060364393885103,-4.385600591263078,9,1.0
407.85940074218024,-0.4295261877632979,-4.415317405133279,9,1.0
410.69628722014585,-0.428443782398703,-4.445327160465804,9,1.0
413.55290580401413,-0.4273316713931965,-4.47548106829388,9,1.0
416.42939374143555,-0.4262083964864797,-4.505896041183533,9,1.0
419.3258892346932,-0.42507087248806874,-4.536556492159844,9,1.0
422.24253144734325,-0.4239087623309703,-4.567400838859708,9,1.0
425.179460510901,-0.4227625136967447,-4.5986873857569694,9,1.0
428.13681753157323,-0.42155648519607103,-4.62994165943716,9,1.0
431.11474459703845,-0.42035296084007584,-4.661560970540767,9,1.0
434.11338478327275,-0.4191343938543674,-4.693437951016465,9,1.0
437.13288216142445,-0.4178977613879789,-4.725556761182236,9,1.0
440.173381804736,-0.41664004494596346,-4.757901219931177,9,1.0
443.23502979551404,-0.4153728634177694,-4.790550640042423,9,1.0
446.31797323214806,-0.4140712894233992,-4.823345431470641,9,1.0
449.4223602361776,-0.4127689719747064,-4.856510374785888,9,1.0
452.5483399594091,-0.41144099860571576,-4.8898852603780005,9,1.0
455.6960625910818,-0.41008441334972556,-4.923453315687659,9,1.0
458.8656793650838,-0.408725736146498,-4.957395990437911,9,1.0
462.0573425672179,-0.40734739988670005,-4.991600139769257,9,1.0
465.2712055425187,-0.40594654081210524,-5.026050225485306,9,1.0
468.5074227026196,-0.40450550825940834,-5.060629057505886,9,1.0
471.76614953317204,-0.40305844622021936,-5.095573671453014,9,1.0
475.04754260131557,-0.401595204777904,-5.130819561997754,9,1.0
478.3517595632003,-0.4001056039508435,-5.166300561936086,9,1.0
481.6789591715617,-0.39859432107680454,-5.202053104393369,9,1.0
485.02930128334776,-0.3970660945443909,-5.238114868874759,9,1.0
488.40294686739946,-0.39551078998737915,-5.274419048674561,9,1.0
491.8000580121847,-0.39393320165035933,-5.311003665781658,9,1.0
495.2207979335857,-0.3923531732770536,-5.3480153184899795,9,1.0
498.665330982741,-0.39072317347455915,-5.385118869358513,9,1.0
502.1338226539417,-0.38907807896211766,-5.422568229537146,9,1.0
505.62643959258287,-0.387415386774993,-5.4603508973828605,9,1.0
509.14334960316967,-0.3857175284759129,-5.49834390832158,9,1.0
512.68472165738,-0.3840197439105883,-5.536809967166631,9,1.0
516.2507259021829,-0.38227429434629234,-5.575404021456653,9,1.0
519.841533668013,-0.38052413679133473,-5.614447640576021,9,1.0
523.4573174770023,-0.3787214146561682,-5.653590840458934,9,1.0
527.0982510512695,-0.37691690098233754,-5.693216905127538,9,1.0
530.7645093212655,-0.3750855342763204,-5.733144760147241,9,1.0
534.4562684341794,-0.37320974654832917,-5.773246386765101,9,1.0
538.1737057624005,-0.37132545296742675,-5.813799051206639,9,1.0
541.9169999120409,-0.3694152047976051,-5.854676686586033,9,1.0
545.6863307315159,-0.3674691439194308,-5.89580910675489,9,1.0
549.4818793201863,-0.3655004724173711,-5.937303309158448,9,1.0
553.3038280370578,-0.36349939635057565,-5.9790894958066305,9,1.0
557.1523605095437,-0.3614792750421328,-6.0212776097661775,9,1.0
561.027661642287,-0.359422636112376,-6.063737406128536,9,1.0
564.9299176260438,-0.35733519164013877,-6.106519245471265,9,1.0
568.8593159466297,-0.35519940847450515,-6.149489922445034,9,1.0
572.8160453939274,-0.3530678024187257,-6.193072697492438,9,1.0
576.8002960709567,-0.3508918290770125,-6.236888684735869,9,1.0
580.8122594030085,-0.34867737014931044,-6.280990180625086,9,1.0
584.8521281468421,-0.34645394088667647,-6.325621979814096,9,1.0
588.920096399946,-0.3441805870276031,-6.370460149968288,9,1.0
593.0163596098636,-0.3418790848333433,-6.415687486036434,9,1.0
597.1411145835832,-0.33955565217095185,-6.4613625220957,9,1.0
601.2945594969942,-0.3371849343788138,-6.5072842560266855,9,1.0
605.4768939044083,-0.3347810697028274,-6.553575495003264,9,1.0
609.688318748147,-0.33235837364267506,-6.60036291166845,9,1.0
613.9290363681965,-0.32988348961802183,-6.647376391732457,9,1.0
618.1992505119288,-0.3273867424989291,-6.694876528420815,9,1.0
622.4991663438906,-0.324858723495215,-6.742793004561164,9,1.0
626.8289904556613,-0.3222739036677646,-6.790917344037996,9,1.0
631.1889308757782,-0.3196629295474254,-6.83951644080667,9,1.0
635.5791970797316,-0.31701642059432,-6.888519171949006,9,1.0
640.0000000000289,-0.3143411387353268,-6.937992087668039,9,1.0
644.4515520363291,-0.3116277222275267,-6.987863575762397,9,1.0
648.9340670656479,-0.30885861223311567,-7.037989590612875,9,1.0
653.4477604526332,-0.3060650808651906,-7.08864951663177,9,1.0
657.9928490599125,-0.3032214848375613,-7.139629118397181,9,1.0
662.5695512585116,-0.300334773523423,-7.190997222177805,9,1.0
667.178086938348,-0.29741201495512665,-7.242824977845821,9,1.0
671.8186775187937,-0.2944686539258258,-7.2952591667883855,9,1.0
676.4915459593144,-0.2914541266591041,-7.347860796589043,9,1.0
681.1969167701814,-0.2884169572915247,-7.4010703422822415,9,1.0
685.935016023259,-0.28533133375200315,-7.45466767556272,9,1.0
690.7060713628651,-0.2822129404178102,-7.5088035392393495,9,1.0
695.5103120167091,-0.2790441810033527,-7.563329635355376,9,1.0
700.3479688069056,-0.2757988821870007,-7.618017229862822,9,1.0
705.2192741610634,-0.2725601657148077,-7.673632556708141,9,1.0
710.1244621234536,-0.2692431159824986,-7.729412865997869,9,1.0
715.0637683662537,-0.26589750833745834,-7.785823674008644,9,1.0
720.0374302008713,-0.2624716724825027,-7.842400023792593,9,1.0
725.0456865893448,-0.25903283417977774,-7.899773361906979,9,1.0
730.0887781558251,-0.255529216491919,-7.957476179575577,9,1.0
735.1669471981365,-0.2519771505602732,-8.015670874761247,9,1.0
740.2804376994185,-0.24838459925984432,-8.074443874051871,9,1.0
745.4294953398465,-0.24471640708849593,-8.133476596363035,9,1.0
750.6143675084376,-0.2410237985578152,-8.193262959141022,9,1.0
755.8353033149348,-0.23728032846535382,-8.25356684724042,9,1.0
761.0925536017771,-0.23346796163725014,-8.314228867381592,9,1.0
766.3863709561504,-0.2295947662419134,-8.375337080892514,9,1.0
771.717009722123,-0.22570418852481036,-8.437320530607144,9,1.0
777.0847260128666,-0.22171659246307002,-8.499428896294658,9,1.0
782.4897777229608,-0.21768428546775093,-8.562176723130566,9,1.0
787.9324245407837,-0.21362476466784502,-8.625748267207376,9,1.0
793.412927960989,-0.20947537276864098,-8.689550308452601,9,1.0
798.9315512970695,-0.20528918821892392,-8.754111815551008,9,1.0
804.4885596940084,-0.20102104481813976,-8.81900648555327,9,1.0
810.0842201410177,-0.19669745618165338,-8.88450705231782,9,1.0
815.7188014843666,-0.19231814497108882,-8.95062579564777,9,1.0
821.392574440298,-0.18788286176467242,-9.01737555109311,9,1.0
827.1058116080346,-0.18337307670311467,-9.08458803014883,9,1.0
832.8587874828772,-0.1788251379754613,-9.152639268280799,9,1.0
838.6517784693928,-0.17417449459399773,-9.220902612663886,9,1.0
844.4850628946929,-0.16948531114967538,-9.290033023747025,9,1.0
850.3589210218082,-0.1647297814711094,-9.359769692591946,9,1.0
856.2736350631529,-0.15990770060911935,-9.430126895791728,9,1.0
862.2294891940834,-0.15500010865733227,-9.500929759264757,9,1.0
868.226769566552,-0.15004432902857934,-9.572571841086125,9,1.0
874.2657643228554,-0.14500258709496502,-9.644688330782639,9,1.0
880.3467636094787,-0.13990307355647189,-9.717582565872014,9,1.0
886.4700595910348,-0.1347171579424277,-9.79098095953932,9,1.0
892.635946464303,-0.1294829415907247,-9.865290639267938,9,1.0
898.844720472362,-0.12414276786252373,-9.939939923270504,9,1.0
905.096679918825,-0.11875426288511447,-10.015538199014753,9,1.0
911.3921251821704,-0.11325927622816064,-10.091506433481326,9,1.0
917.7313587301744,-0.10771602942350755,-10.168463939968305,9,1.0
924.1146851344428,-0.10208553591984917,-10.246028247842213,9,1.0
930.5424110850445,-0.09638738170320885,-10.324422233931696,9,1.0
937.0148454052463,-0.09058195743688173,-10.403254402637534,9,1.0
943.5322990663512,-0.0847187490732911,-10.483060181582116,9,1.0
950.0950852026382,-0.07875794559473678,-10.563445644716758,9,1.0
956.7035191264079,-0.07272956201385078,-10.644745854228422,9,1.0
963.3579183431307,-0.0665932721284486,-10.726559859565612,9,1.0
970.0586025667028,-0.06037929109050226,-10.80922637240281,9,1.0
976.8058937348063,-0.054087751417007605,-10.892769769373382,9,1.0
983.6001160243768,-0.04768789715044321,-10.976888394022827,9,1.0
990.4415958671789,-0.041231221857974204,-11.06214951725541,9,1.0
997.3306619654895,-0.03466618455618892,-11.14803189186052,9,1.0
1004.267645307891,-0.028002987340141994,-11.234666909659978,9,1.0
1011.2528791851732,-0.021252084301896172,-11.32218989676443,9,1.0
1018.2866992063468,-0.014392398760883867,-11.410401245824827,9,1.0
1025.3694433147675,-0.007455686225554388,-11.499664521544348,9,1.0
1032.5014518043733,-0.0004101384908687662,-11.589666134878355,9,1.0
1039.6830673360337,0.006755208270359156,-11.6803141748393,9,1.0
1046.9146349540124,0.01397561276888205,-11.772328460428472,9,1.0
1054.1965021025467,0.021337556676086826,-11.864809234337718,9,1.0
1061.5290186425389,0.028764879091548144,-11.958601032418507,9,1.0
1068.9125368683667,0.036323163041768226,-12.05302720252602,9,1.0
1076.347411524809,0.04400176932977351,-12.14822966035254,9,1.0
1083.8339998240897,0.05174501540266019,-12.24483736652875,9,1.0
1091.37266146304,0.05963089582990736,-12.342038717484876,9,1.0
1098.9637586403808,0.06762605823339266,-12.44022284304068,9,1.0
1106.607656074124,0.07571907409949916,-12.539543628785847,9,1.0
1114.3047210190957,0.08392115128987743,-12.63991080184954,9,1.0
1122.0553232845823,0.09225532612794599,-12.74110604246615,9,1.0
1129.859835252096,0.10072195627567718,-12.843156779499896,9,1.0
1137.7186318932681,0.10927452571986464,-12.946599626103474,9,1.0
1145.6320907878635,0.11794778325340771,-13.05109074666857,9,1.0
1153.600592141922,0.12675365604566766,-13.156533864751804,9,1.0
1161.6245188060257,0.13568045711073767,-13.263089636592058,9,1.0
1169.704256293693,0.14474023229449692,-13.37066156074583,9,1.0
1177.840192799901,0.15393321183655434,-13.479282018578209,9,1.0
1186.032719219736,0.16323516553720344,-13.589250000811974,9,1.0
1194.2822291671753,0.1726580519801256,-13.70047167302383,9,1.0
1202.5891189939975,0.1822389500411638,-13.81258045247187,9,1.0
1210.9537878088256,0.1919660439029301,-13.925742118016073,9,1.0
1219.3766374963034,0.20178937300905064,-14.040537975967375,9,1.0
1227.8580727364024,0.21178424851507138,-14.156187479400778,9,1.0
1236.3985010238666,0.22191324115535205,-14.273136889303494,9,1.0
1244.9983326877905,0.23218924563532792,-14.391285830782902,9,1.0
1253.657980911332,0.24257360352700538,-14.511094807762907,9,1.0
1262.377861751566,0.25315723191032297,-14.631617145817222,9,1.0
1271.1583941594727,0.26386247060668355,-14.753738339662148,9,1.0
1280.0000000000673,0.27468888462033497,-14.877505101801356,9,1.0
1288.9031040726677,0.28568960074901956,-15.00238406594866,9,1.0
1297.8681341313059,0.29686539987267124,-15.128411085915317,9,1.0
1306.8955209052763,0.30817616703196155,-15.256065376935103,9,1.0
1315.9856981198345,0.3196628509370223,-15.38494885958483,9,1.0
1325.1391025170333,0.3312707328384844,-15.515699095826985,9,1.0
1334.3561738767062,0.34306897892099564,-15.64761519147205,9,1.0
1343.6373550375972,0.35503040861115764,-15.781038507979055,9,1.0
1352.9830919186386,0.36715529100929833,-15.916014308765495,9,1.0
1362.393833540373,0.3794438569395874,-16.052588950041336,9,1.0
1371.8700320465282,0.3918962961943985,-16.190809901499623,9,1.0
1381.4121427257405,0.4045565818736906,-16.33025604348537,9,1.0
1391.0206240334287,0.4173670429839713,-16.471597551082517,9,1.0
1400.6959376138216,0.4303570999478576,-16.6145709650532,9,1.0
1410.4385483221372,0.44354219530332056,-16.75906465171045,9,1.0
1420.2489242469178,0.4568625076909637,-16.905770026367268,9,1.0
1430.1275367325184,0.47042420156175735,-17.053610977427656,9,1.0
1440.0748604017533,0.4841520742316593,-17.203443846079566,9,1.0
1450.0913731787002,0.4980615354774928,-17.355160588941832,9,1.0
1460.177556311661,0.5121685327484717,-17.50864951681535,9,1.0
1470.3338943962842,0.5264736719652224,-17.663962730682186,9,1.0
1480.560875398848,0.5409775152976825,-17.821153593755966,9,1.0
1490.8589906797042,0.5556805776048156,-17.98027675812374,9,1.0
1501.2287350168863,0.5705833226700535,-18.141388191897025,9,1.0
1511.670606629881,0.5856696032289517,-18.30471780840107,9,1.0
1522.1851072035656,0.6009894367284034,-18.46980648663311,9,1.0
1532.772741912312,0.6165272438109127,-18.636881701043635,9,1.0
1543.4340194442575,0.6322325480702593,-18.8065305606979,9,1.0
1554.1694520257447,0.6482079908827556,-18.977756840225204,9,1.0
1564.9795554459333,0.6644035215519379,-19.151146535177105,9,1.0
1575.8648490815792,0.6807844643130685,-19.327122554292377,9,1.0
1586.8258559219898,0.697350191226223,-19.50575636329222,9,1.0
1597.863102594151,0.7142080995866416,-19.686021579498586,9,1.0
1608.9771193880288,0.731269807768009,-19.868891388950978,9,1.0
1620.1684402820476,0.7485718591983794,-20.05406597082936,9,1.0
1631.4376029687455,0.7660778044210361,-20.24198564355799,9,1.0
1642.7851488806082,0.7838625251825446,-20.43197077692464,9,1.0
1654.2116232160815,0.8018898466577801,-20.62446217599479,9,1.0
1665.7175749657672,0.8201025013325729,-20.82010519634893,9,1.0
1677.303556938798,0.8385965499776178,-21.018019659209997,9,1.0
1688.9701257893985,0.8573145170351704,-21.21885446828066,9,1.0
1700.7178420436294,0.8762959708255122,-21.422297928635988,9,1.0
1712.5472701263188,0.8955215945988635,-21.628620759799347,9,1.0
1724.4589783881795,0.9150528871899142,-21.837306019742687,9,1.0
1736.453539133117,0.9347884561445412,-22.049423511846022,9,1.0
1748.531528645724,0.9547685951549438,-22.264661931341895,9,1.0
1760.6935272189705,0.9750354892304607,-22.482700223345198,9,1.0
1772.940119182083,0.995547275338588,-22.704026477004525,9,1.0
1785.2718929286193,1.0163251589264215,-22.92852403683877,9,1.0
1797.6894409447373,1.037413354418545,-23.155864637598793,9,1.0
1810.1933598376636,1.058701775491853,-23.387174908012256,9,1.0
1822.7842503643546,1.0803460982647493,-23.621084627848504,9,1.0
1835.4627174603627,1.102211868825418,-23.858943188866128,9,1.0
1848.2293702688994,1.1243664818284032,-24.10021439146401,9,1.0
1861.0848221701028,1.1467630276009984,-24.345422848730873,9,1.0
1874.0296908105065,1.169542860054307,-24.593372708536695,9,1.0
1887.0645981327166,1.1925403189537866,-24.84567324976099,9,1.0
1900.190170405291,1.2158011827025186,-25.101999593847438,9,1.0
1913.4070382528298,1.2393736118070888,-25.362017083567657,9,1.0
1926.715836686276,1.2632074204265997,-25.626273572867756,9,1.0
1940.1172051334202,1.2874028153374488,-25.89398421195057,9,1.0
1953.611787469627,1.311832119180143,-26.166377626035217,9,1.0
1967.2002320487684,1.336517936977518,-26.443349862742494,9,1.0
1980.8831917343723,1.3615373723366138,-26.724335011222507,9,1.0
1994.661323930994,1.3869176870535584,-27.00921307366082,9,1.0
2008.535290615797,1.4124677830012866,-27.299719883006585,9,1.0
2022.5057583703617,1.4384309714600838,-27.59389469137541,9,1.0
2036.573398412709,1.4646406180794265,-27.89325628701697,9,1.0
2050.7388866295505,1.491120775676444,-28.197704499788948,9,1.0
2065.0029036087626,1.5178967644115462,-28.507136133086256,9,1.0
2079.366134672083,1.545024828598571,-28.821204999562756,9,1.0
2093.8292699080407,1.5723842011058096,-29.141005599481797,9,1.0
2108.3930042051093,1.6000294103767712,-29.4662014026793,9,1.0
2123.0580372850936,1.628018199290768,-29.79644716726738,9,1.0
2137.82507373675,1.6562858564694367,-30.13237351964043,9,1.0
2152.6948230496346,1.6848272366565795,-30.474131386555555,9,1.0
2167.6679996481957,1.7136366494575483,-30.821875214111365,9,1.0
2182.7453229260964,1.742740811714998,-31.175512561100636,9,1.0
2197.927517280778,1.7721344332562248,-31.535200760004678,9,1.0
2213.2153121482643,1.8018116450285249,-31.901100877717738,9,1.0
2228.6094420382083,1.8317659625870353,-32.27337775266863,9,1.0
2244.1106465691814,1.8619198774017496,-32.652711980865064,9,1.0
2259.7196705042093,1.8924051345078832,-33.038254760503484,9,1.0
2275.4372637865536,1.9231439309916936,-33.43069165269852,9,1.0
2291.2641815757443,1.9540529762668317,-33.83072249129752,9,1.0
2307.2011842838615,1.9852311344677145,-34.237755406360755,9,1.0
2323.2490376120686,2.0166691741185785,-34.651974449024266,9,1.0
2339.4085125874035,2.048434777558672,-35.073040931589844,9,1.0
2355.6803855998196,2.080283700525711,-35.50272723308838,9,1.0
2372.0654384394898,2.1123166247518044,-35.94044571254102,9,1.0
2388.5644583343683,2.144600290857231,-36.38586605979397,9,1.0
2405.178237988013,2.1770394465571092,-36.83972380116393,9,1.0
2421.9075756176694,2.209701424646235,-37.30169231240877,9,1.0
2438.753274992625,2.242485815332757,-37.77251834144686,9,1.0
2455.716145472823,2.2753726989008047,-38.25241880331099,9,1.0
2472.797002047752,2.3084300016466672,-38.74107250577334,9,1.0
2489.9966653755996,2.3415487905377557,-39.23924090020421,9,1.0
2507.3159618226828,2.3748434636257736,-39.74633476506292,9,1.0
2524.755723503151,2.408013156192567,-40.264210846236736,9,1.0
2542.3167883189644,2.4413580757872912,-40.79119614035822,9,1.0
2560.0000000001537,2.4747127870749965,-41.328337513373214,9,1.0
2577.806208145355,2.508048771917423,-41.8758687969593,9,1.0
2595.736268262631,2.5413861773814093,-42.43375262377412,9,1.0
2613.7910418105726,2.5745925251593005,-43.00277112919714,9,1.0
2631.971396239689,2.60778782313558,-43.58234393239016,9,1.0
2650.2782050340866,2.6408346311886532,-44.17325461898484,9,1.0
2668.7123477534324,2.67374863735021,-44.77546934160662,9,1.0
2687.274710075215,2.7063813855761727,-45.38976842133174,9,1.0
2705.9661838372976,2.7388554342602616,-46.015574616295844,9,1.0
2724.7876670807664,2.770959341203433,-46.65393332525703,9,1.0
2743.740064093077,2.802933319397158,-47.30373159429239,9,1.0
2762.824285451502,2.834442370049002,-47.96654350784457,9,1.0
2782.0412480668783,2.8654903571581842,-48.64232172023808,9,1.0
2801.391875227664,2.8961440520546473,-49.33075512584702,9,1.0
2820.8770966442953,2.9262258563350168,-50.03258621683115,9,1.0
2840.4978484938565,2.9558012742972544,-50.74749745130352,9,1.0
2860.2550734650586,2.9847474523682505,-51.475950996271386,9,1.0
2880.1497208035285,3.0130000942022916,-52.21813596577559,9,1.0
2900.1827463574223,3.04035788645479,-52.974732962772656,9,1.0
2920.355112623344,3.0671528120276466,-53.744399487021646,9,1.0
2940.6677887925907,3.0928401394067344,-54.52903943488976,9,1.0
2961.121750797718,3.117756234068745,-55.32731018568655,9,1.0
2981.717981359431,3.1415458194255077,-56.14031314820645,9,1.0
3002.4574700337953,3.1642690135677793,-56.967670333499434,9,1.0
3023.3412132597846,3.1856964765837157,-57.80993081165744,9,1.0
3044.3702144071544,3.206037659064603,-58.666242861254695,9,1.0
3065.545483824648,3.2249838042648724,-59.53733914051968,9,1.0
3086.868038888538,3.2423645939888286,-60.42343979906918,9,1.0
3108.338904051513,3.2582385939432363,-61.32409224159194,9,1.0
3129.9591108918903,3.27251185730288,-62.23926233806869,9,1.0
3151.7296981631816,3.2852501899610025,-63.168497140842916,9,1.0
3173.651711844004,3.2960345400781286,-64.1124906326522,9,1.0
3195.726205188326,3.304758987877659,-65.07107095732171,9,1.0
3217.954238776082,3.3117374115260425,-66.04316360347323,9,1.0
3240.3368805641194,3.316366793838052,-67.02962212813493,9,1.0
3262.8752059375156,3.3189670964249514,-68.0293491273632,9,1.0
3285.570297761241,3.3190935863730004,-69.04270308989184,9,1.0
3308.4232464321876,3.316991441134552,-70.06875189678928,9,1.0
3331.435149931559,3.3123872486503103,-71.10744310710362,9,1.0
3354.607113877621,3.3050013819129953,-72.1586086634179,9,1.0
3377.9402515788224,3.2951846411996897,-73.22118849814558,9,1.0
3401.4356840872842,3.282299296601731,-74.29537717652173,9,1.0
3425.094540252663,3.2667991978672677,-75.38000917754121,9,1.0
3448.9179567763854,3.2480434204612085,-76.4750710688799,9,1.0
3472.9070782662598,3.2265016680235736,-77.5794401307196,9,1.0
3497.0630572914743,3.2016273699677154,-78.69283589941183,9,1.0
3521.387054437968,3.1737192040487585,-79.81431341166918,9,1.0
3545.880238364193,3.142708837745127,-80.94320718419308,9,1.0
3570.543785857265,3.108342389448189,-82.0788613547367,9,1.0
3595.378881889502,3.0703692866442855,-83.22049399494844,9,1.0
3620.3867196753545,3.029119143504902,-84.36721824616444,9,1.0
3645.5685007287366,2.984451985570537,-85.51823845893041,9,1.0
3670.9254349207527,2.9361382444643396,-86.67266101871662,9,1.0
3696.458740537827,2.8844359728568154,-87.8296784174918,9,1.0
3722.1696443402334,2.8291310444952886,-88.98835369042517,9,1.0
3748.0593816210417,2.7702095450228104,-90.1477719760419,9,1.0
3774.129196265462,2.707952491894684,-91.30724598682536,9,1.0
3800.3803408106105,2.6420743072648696,-92.465695824998,9,1.0
3826.8140765056887,2.572395979292064,-93.62199988865754,9,1.0
3853.43167337258,2.49950530400896,-94.77585960151976,9,1.0
3880.2344102668694,2.4229543315703634,-95.92589147645208,9,1.0
3907.223574939284,2.342965926911203,-97.07145269466574,9,1.0
3934.400464097566,2.2596731500807503,-98.21186433810396,9,1.0
3961.7663834687746,2.1729376914212164,-99.34603507308503,9,1.0
3989.322647862018,2.0828158787785,-100.4731520981874,9,1.0
4017.070581231624,1.9897312392121702,-101.59315837642528,9,1.0
4045.011516740754,1.8931172232384332,-102.70408679382928,9,1.0
4073.1467968254487,1.7935862489036916,-103.80634006618342,9,1.0
4101.477773259132,1.69112166155416,-104.89911720548426,9,1.0
4130.005807217556,1.5856286188332414,-105.9813928207888,9,1.0
4158.732269344197,1.4773651405713943,-107.05302481748156,9,1.0
4187.658539816113,1.366247831915236,-108.11302916928506,9,1.0
4216.78600841025,1.2522881019406853,-109.16064074332185,9,1.0
4246.116074570219,1.1361576303974152,-110.19713975511638,9,1.0
4275.650147473531,1.0172096856264883,-111.21987407346391,9,1.0
4305.389646099301,0.8959511421543522,-112.22972839161244,9,1.0
4335.335999296423,0.7726313089278601,-113.2269443180556,9,1.0
4365.4906458522255,0.6468002814621385,-114.2093152320782,9,1.0
4395.8550345615895,0.5189478320487783,-115.17795235776286,9,1.0
4426.430624296562,0.3892415955283046,-116.13295151014526,9,1.0
4457.21888407645,0.2577705567248925,-117.07416472010004,9,1.0
4488.2212931383965,0.12440862687291714,-118.00056429720485,9,1.0
4519.439341008452,-0.010745636969145635,-118.91202103473569,9,1.0
4550.874527573141,-0.14738910255743065,-119.80937545621589,9,1.0
4582.528363151522,-0.28570788787347706,-120.69133504588984,9,1.0
4614.402368567757,-0.42527443798001585,-121.55944957431846,9,1.0
4646.498075224173,-0.5662723601145038,-122.41246013907973,9,1.0
4678.817025174842,-0.708422450989133,-123.25135872208467,9,1.0
4711.360771199674,-0.8518364401652536,-124.07522527883062,9,1.0
4744.130876879015,-0.9963086835617868,-124.88478145466482,9,1.0
4777.128916668773,-1.1418251974840206,-125.67978952862684,9,1.0
4810.356475976061,-1.2881944616800451,-126.46102340194929,9,1.0
4843.815151235375,-1.4355232325061773,-127.2276075627002,9,1.0
4877.506549985286,-1.5836265810863188,-127.98034761933744,9,1.0
4911.432290945683,-1.7323867392396126,-128.71973457253483,9,1.0
4945.594004095541,-1.8818539190743244,-129.44525718761093,9,1.0
4979.9933307512365,-2.0319667650648228,-130.1570863014994,9,1.0
5014.631923645403,-2.182666608091063,-130.85540233983852,9,1.0
5049.511447006339,-2.3338974292923984,-131.5403941145776,9,1.0
5084.633576637967,-2.4854587743521086,-132.21327825290587,9,1.0
5120.000000000346,-2.6373574499942714,-132.87391611919895,9,1.0
5155.612416290749,-2.789738751717719,-133.52115283172824,9,1.0
5191.4725365253,-2.9424126963675152,-134.15621871722558,9,1.0
5227.582083621183,-3.0952937654151027,-134.7796651233488,9,1.0
5263.942792479418,-3.2484778526156832,-135.3906895987511,9,1.0
5300.556410068212,-3.4017512352805754,-135.99086216100648,9,1.0
5337.424695506905,-3.5552946846188007,-136.5787112024901,9,1.0
5374.54942015047,-3.708903448582138,-137.1558044376015,9,1.0
5411.932367674636,-3.8625497726516116,-137.72235546497186,9,1.0
5449.575334161574,-4.016285845471397,-138.2779099612349,9,1.0
5487.480128186196,-4.170081934654146,-138.8226862015401,9,1.0
5525.648570903045,-4.32383525409869,-139.35756270440592,9,1.0
5564.082496133798,-4.477524532243126,-139.88274668339778,9,1.0
5602.78375045537,-4.631201402956907,-140.39778743661284,9,1.0
5641.754193288633,-4.784842523142217,-140.9028963091626,9,1.0
5680.995696987757,-4.938426029698358,-141.3982824363814,9,1.0
5720.51014693016,-5.0917643174825145,-141.8857663493731,9,1.0
5760.2994416071,-5.245110902633993,-142.362957698325,9,1.0
5800.365492714889,-5.39821741180612,-142.83230776014133,9,1.0
5840.710225246731,-5.5512631683431835,-143.29208801923323,9,1.0
5881.335577585225,-5.704075406027245,-143.74408180397606,9,1.0
5922.243501595481,-5.856735324052788,-144.18752247257837,9,1.0
5963.435962718906,-6.00917076685935,-144.6232213137411,9,1.0
6004.914940067636,-6.161401520611768,-145.05104133764357,9,1.0
6046.682426519615,-6.313417648237129,-145.47115757876537,9,1.0
6088.740428814354,-6.4652374009123434,-145.88343575517277,9,1.0
6131.090967649341,-6.6167970541109895,-146.28865735889156,9,1.0
6173.736077777122,-6.768116948309926,-146.68667898261933,9,1.0
6216.6778081030725,-6.91919011421252,-147.0776614442974,9,1.0
6259.918221783827,-7.070010223606368,-147.46176202867235,9,1.0
6303.4593963264115,-7.220546991554237,-147.8394300004221,9,1.0
6347.303423688055,-7.37079683365509,-148.21080938980575,9,1.0
6391.4524103767,-7.52080367936958,-148.57545812645228,9,1.0
6435.9084775522115,-7.670561847384051,-148.93352593000233,9,1.0
6480.673761128287,-7.820021119361478,-149.2857333991772,9,1.0
6525.750411875079,-7.969157655979313,-149.63249599237085,9,1.0
6571.140595522531,-8.1180578571263,-149.97280302960266,9,1.0
6616.846492864425,-8.2667165406258,-150.3067974735702,9,1.0
6662.870299863169,-8.415004722580905,-150.63629118220558,9,1.0
6709.214227755292,-8.56298679222486,-150.96055327994802,9,1.0
6755.880503157695,-8.710742056958837,-151.27860062984502,9,1.0
6802.871368174619,-8.858168383723722,-151.59193212197002,9,1.0
6850.189080505378,-9.00528645534571,-151.90038010984222,9,1.0
6897.835913552822,-9.152134223836049,-152.20351427651195,9,1.0
6945.814156532571,-9.298691918692969,-152.50171659199873,9,1.0
6994.126114583001,-9.444905697656798,-152.79588617072437,9,1.0
7042.774108875988,-9.590884329379696,-153.0845365445797,9,1.0
7091.760476728439,-9.736538870339537,-153.36908773305055,9,1.0
7141.087571714584,-9.881922522045262,-153.64885274988976,9,1.0
7190.757763779057,-10.027001894693555,-153.92444616965375,9,1.0
7240.773439350762,-10.17176264084375,-154.19621006347703,9,1.0
7291.137001457528,-10.316271189039545,-154.4632166894012,9,1.0
7341.850869841561,-10.460464500816508,-154.7265673019371,9,1.0
7392.917481075709,-10.604406716423945,-154.98534565273474,9,1.0
7444.339288680522,-10.748022607131034,-155.24087860569267,9,1.0
7496.118763242139,-10.891360314280082,-155.492499587385,9,1.0
7548.258392530979,-11.034450158940617,-155.73980555003362,9,1.0
7600.760681621277,-11.177221617540042,-155.98408782608095,9,1.0
7653.628153011434,-11.31972042035777,-156.22469153596205,9,1.0
7706.863346745218,-11.461934820777294,-156.46192823422362,9,1.0
7760.468820533797,-11.60390740462659,-156.69516232439722,9,1.0
7814.447149878626,-11.745586398814323,-156.9254068898655,9,1.0
7868.800928195191,-11.886988144478215,-157.15248981977257,9,1.0
7923.532766937609,-12.028153119685278,-157.37578712866673,9,1.0
7978.645295724095,-12.169008088835731,-157.59673842507027,9,1.0
8034.141162463309,-12.309618475816745,-157.81426064665035,9,1.0
8090.023033481568,-12.449962053686605,-158.02886936461238,9,1.0
8146.293593650958,-12.590065001545167,-158.2401777574843,9,1.0
8202.955546518326,-12.729883233606818,-158.4491308239485,9,1.0
8260.011614435174,-12.869488225956005,-158.65446305571766,9,1.0
8317.464538688457,-13.00881438350251,-158.85754569176459,9,1.0
8375.317079632288,-13.147909090670616,-159.057560746675,9,1.0
8433.572016820564,-13.286742287503587,-159.25520682328315,9,1.0
8492.232149140504,-13.425327919481806,-159.45031596378695,9,1.0
8551.300294947127,-13.563699570663815,-159.64230686510965,9,1.0
8610.779292198666,-13.701818368269606,-159.83207191660588,9,1.0
8670.671998592914,-13.839697655346834,-160.01944475996132,9,1.0
8730.981291704516,-13.977359694819835,-160.20406009592074,9,1.0
8791.710069123244,-14.11477785925197,-160.3865790515555,9,1.0
8852.86124859319,-14.25198354887269,-160.56643453222796,9,1.0
8914.437768152968,-14.388942011494583,-160.74447543342427,9,1.0
8976.44258627686,-14.525693091622504,-160.9199394649875,9,1.0
9038.878682016972,-14.66222100298286,-161.09326777981016,9,1.0
9101.74905514635,-14.798537265307324,-161.2643031333526,9,1.0
9165.056726303115,-14.934635713926143,-161.43328036908954,9,1.0
9228.804737135582,-15.070519155044714,-161.60023538752327,9,1.0
9292.996150448414,-15.20619037074572,-161.76520324860385,9,1.0
9357.634050349754,-15.341660199790379,-161.92802936290494,9,1.0
9422.721542399418,-15.476938890128203,-162.08856432211033,9,1.0
9488.261753758103,-15.612004921016284,-162.24740721802573,9,1.0
9554.257833337617,-15.746861405122738,-162.40458545444963,9,1.0
9620.712951952195,-15.881534010046796,-162.55957697864227,9,1.0
9687.630302470823,-16.016009783723206,-162.71278387326436,9,1.0
9755.013099970645,-16.150298624278825,-162.86405575196642,9,1.0
9822.864581891441,-16.284388452276232,-163.0137831683851,9,1.0
9891.188008191157,-16.418296264535243,-163.1616357393253,9,1.0
9959.98666150255,-16.55203114623802,-163.30746950478374,9,1.0
10029.26384729088,-16.685560963445425,-163.45219218088212,9,1.0
10099.022894012754,-16.81892929964484,-163.59477920790334,9,1.0
10169.26715327601,-16.95211790894798,-163.7357839579663,9,1.0
10240.000000000768,-17.08512278769963,-163.87540208551414,9,1.0
10311.224832581574,-17.217953019320092,-164.01348520716348,9,1.0
10382.945073050678,-17.350635918168585,-164.14938645315743,9,1.0
10455.164167242447,-17.483123551443462,-164.284476827965,9,1.0
10527.885584958914,-17.615455655290532,-164.41777283120828,9,1.0
10601.112820136505,-17.747627995516073,-164.5494687014384,9,1.0
10674.849391013888,-17.87963672814176,-164.67975296886627,9,1.0
10749.098840301021,-18.011489838415372,-164.80848589128254,9,1.0
10823.864735349352,-18.143172365594484,-164.93617265163897,9,1.0
10899.15066832323,-18.274709237789743,-165.0621910576599,9,1.0
10974.960256372473,-18.406096621961627,-165.18672640629802,9,1.0
11051.297141806172,-18.53731495847448,-165.31042781083133,9,1.0
11128.16499226768,-18.66840406586857,-165.43221734230198,9,1.0
11205.567500910824,-18.799333879469298,-165.55305247720727,9,1.0
11283.508386577352,-18.930122283576807,-165.67248617714327,9,1.0
11361.991393975597,-19.060771066249913,-165.790540197879,9,1.0
11441.020293860403,-19.191267193160954,-165.9076873224812,9,1.0
11520.598883214287,-19.321632557833862,-166.02334073550733,9,1.0
11600.730985429864,-19.451859093743863,-166.13782082659063,9,1.0
11681.420450493551,-19.58194874126668,-166.25114434114147,9,1.0
11762.671155170538,-19.71190341463634,-166.36332769084655,9,1.0
11844.48700319105,-19.84173409793188,-166.4740973299693,9,1.0
11926.871925437901,-19.97142431594608,-166.58405050056552,9,1.0
12009.82988013536,-20.100993956468315,-166.69262556921788,9,1.0
12093.36485303932,-20.230435743886673,-166.80012726847028,9,1.0
12177.4808576288,-20.35974294765152,-166.9068513141647,9,1.0
12262.181935298773,-20.488942915229586,-167.0119694999725,9,1.0
12347.472155554336,-20.618011815624413,-167.11633879375353,9,1.0
12433.355616206238,-20.746959896429846,-167.21969225497503,9,1.0
12519.836443567749,-20.87578485809584,-167.32217982796638,9,1.0
12606.918792652916,-21.004508236666325,-167.42313580695446,9,1.0
12694.606847376202,-21.13310382873394,-167.5235249956202,9,1.0
12782.904820753494,-21.261589066462157,-167.6228184339817,9,1.0
12871.816955104521,-21.389965375109274,-167.72103183567316,9,1.0
12961.347522256672,-21.518230472134157,-167.81831180369505,9,1.0
13051.500823750257,-21.646385924718196,-167.9146705220105,9,1.0
13142.28119104516,-21.774429701303355,-168.01024916072942,9,1.0
13233.69298572895,-21.902370534854754,-168.10480007010688,9,1.0
13325.740599726436,-22.030216690783448,-168.19808313516828,9,1.0
13418.428455510686,-22.157948693431532,-168.29087620016023,9,1.0
13511.761006315492,-22.285578565045917,-168.3828056617762,9,1.0
13605.74273634934,-22.413117663665002,-168.4735091206246,9,1.0
13700.378161010858,-22.54055067169361,-168.56362321157795,9,1.0
13795.671827105747,-22.667882503269766,-168.65303027504936,9,1.0
13891.628313065248,-22.795124153349462,-168.74137287682896,9,1.0
13988.252229166108,-22.9222673708289,-168.82902891516576,9,1.0
14085.548217752083,-23.049325877161625,-168.91552617613598,9,1.0
14183.520953456982,-23.176282506151516,-169.00159631195513,9,1.0
14282.175143429275,-23.303150845474573,-169.08676856622435,9,1.0
14381.515527558222,-23.429934963894002,-169.17093781717324,9,1.0
14481.546878701633,-23.556624365902064,-169.25458391863415,9,1.0
14582.274002915165,-23.683229063311234,-169.33736433363046,9,1.0
14683.70173968323,-23.809744586765493,-169.41951983355892,9,1.0
14785.834962151528,-23.936177771746785,-169.50082911504927,9,1.0
14888.678577361155,-24.062529692129967,-169.58130336522902,9,1.0
14992.23752648439,-24.188796086305203,-169.66117777903824,9,1.0
15096.516785062071,-24.31498348698925,-169.7402356703915,9,1.0
15201.521363242668,-24.441090344651247,-169.81859816859068,9,1.0
15307.256306022984,-24.567120337565605,-169.8961637030571,9,1.0
15413.726693490553,-24.693069463762676,-169.97316027977294,9,1.0
15520.93764106771,-24.818938943023852,-170.04959327782817,9,1.0
15628.894299757369,-24.944739688057027,-170.12503906867246,9,1.0
15737.6018563905,-25.07045809111093,-170.20015096952915,9,1.0
15847.065533875337,-25.196109670256387,-170.27429537593002,9,1.0
15957.29059144831,-25.321685867114123,-170.3479061382129,9,1.0
16068.282324926739,-25.447187817299803,-170.42098810838633,9,1.0
16180.046066963258,-25.57262113965737,-170.49333935715828,9,1.0
16292.587187302037,-25.6979867311055,-170.5649691275152,9,1.0
16405.911093036775,-25.823281110240508,-170.63609020769502,9,1.0
16520.023228870472,-25.948511801233547,-170.7064037829451,9,1.0
16634.92907737704,-26.07367321223984,-170.7762220062268,9,1.0
16750.634159264704,-26.198766385221596,-170.8455491766533,9,1.0
16867.144033641256,-26.323796457602793,-170.9141917247936,9,1.0
16984.464298281135,-26.448760203794492,-170.98235451138365,9,1.0
17102.600589894384,-26.573664605293708,-171.04974921547637,9,1.0
17221.558584397462,-26.698504478532946,-171.11667650849594,9,1.0
17341.343997185955,-26.82328466488244,-171.1829481939766,9,1.0
17461.962583409164,-26.948004037681244,-171.2486676671028,9,1.0
17583.42013824662,-27.07266157373479,-171.3139354297552,9,1.0
17705.72249718651,-27.19726190328914,-171.37856722878297,9,1.0
17828.875536306066,-27.321803950548503,-171.44266408803514,9,1.0
17952.885172553855,-27.44628853538552,-171.5062315950328,9,1.0
18077.75736403408,-27.57071823647506,-171.56918331308205,9,1.0
18203.498110292836,-27.69509028321917,-171.63170922044483,9,1.0
18330.113452606365,-27.81940725789262,-171.69372205119177,9,1.0
18457.609474271307,-27.943671627835258,-171.75513711659872,9,1.0
18585.99230089697,-28.06788074430882,-171.81614018420035,9,1.0
18715.26810069965,-28.192038721924384,-171.87655709632764,9,1.0
18845.44308479898,-28.316144609744875,-171.93648284841686,9,1.0
18976.523507516347,-28.440195947626513,-171.99609718183333,9,1.0
19108.51566667538,-28.564201460233186,-172.0549674182541,9,1.0
19241.425903904536,-28.688157000505974,-172.1133624414082,9,1.0
19375.260604941792,-28.8120617435589,-172.1713725081202,9,1.0
19510.026199941436,-28.935919457429357,-172.228830658652,9,1.0
19645.729163783028,-29.059726309557774,-172.28599621015218,9,1.0
19782.376016382463,-29.18348894578527,-172.3425353633375,9,1.0
19919.973323005244,-29.307203580247304,-172.39870547667888,9,1.0
20058.527694581913,-29.43087518499091,-172.45426175010203,9,1.0
20198.045788025658,-29.55450008528284,-172.50945778301354,9,1.0
20338.53430655217,-29.678081733121985,-172.56413351120042,9,1.0
20480.00000000169,-29.8016166214638,-172.61853708513507,9,1.0
20622.4496651633,-29.92510949997548,-172.67242880522917,9,1.0
20765.890146101516,-30.04856091752373,-172.72581455007622,9,1.0
20910.32833448505,-30.171968817571113,-172.77885810097425,9,1.0
21055.771169917985,-30.295336409261147,-172.83140492891414,9,1.0
21202.22564027317,-30.41866043374538,-172.8836942931748,9,1.0
21349.698782027936,-30.541946550102686,-172.93541753723017,9,1.0
21498.197680602203,-30.66519153871134,-172.98681213349505,9,1.0
21647.72947069887,-30.788398427272597,-173.03772783996757,9,1.0
21798.301336646622,-30.911567713456098,-173.08817006969738,9,1.0
21949.920512745113,-31.034696368949938,-173.13836952506932,9,1.0
22102.59428361251,-31.157787344030737,-173.1881774781269,9,1.0
22256.32998453553,-31.28084230520461,-173.2375235135336,9,1.0
22411.135001821818,-31.40386284581855,-173.2863392829985,9,1.0
22567.01677315487,-31.526846060507957,-173.33485046494778,9,1.0
22723.98278795137,-31.64979141287617,-173.38313144340293,9,1.0
22882.04058772098,-31.772702722362027,-173.4309666649607,9,1.0
23041.197766428744,-31.895580433079914,-173.47836108139157,9,1.0
23201.4619708599,-32.018422894149374,-173.52546146258882,9,1.0
23362.840900987278,-32.14123165833611,-173.57219916394217,9,1.0
23525.342310341253,-32.26400922608391,-173.61843759051155,9,1.0
23688.974006382276,-32.38675297280165,-173.66439127875438,9,1.0
23853.743850875984,-32.50946340008978,-173.710061921977,9,1.0
24019.6597602709,-32.63214391752785,-173.75524583010315,9,1.0
24186.729706078822,-32.75479201195695,-173.8001529452641,9,1.0
24354.96171525778,-32.87741005240362,-173.84464990335042,9,1.0
24524.363870597732,-32.9999947075192,-173.8890092011312,9,1.0
24694.944311108862,-33.12255294638742,-173.93276381475522,9,1.0
24866.711232412665,-33.24507960430713,-173.9763187434046,9,1.0
25039.672887135683,-33.36757695700028,-174.01954288726157,9,1.0
25213.837585306024,-33.49004629139261,-174.06237399682308,9,1.0
25389.213694752598,-33.61248623969745,-174.1049456277201,9,1.0
25565.809641507185,-33.73489894373845,-174.14713078180154,9,1.0
25743.63391020923,-33.85728307426271,-174.18906109243045,9,1.0
25922.695044513537,-33.979640712181,-174.23061131576463,9,1.0
26103.00164750071,-34.10197056548026,-174.2719111874448,9,1.0
26284.562382090517,-34.22427707459317,-174.3126499583599,9,1.0
26467.385971458098,-34.346553316382504,-174.35339323703454,9,1.0
26651.481199453076,-34.46880687627084,-174.3935831950965,9,1.0
26836.856911021572,-34.59103102491782,-174.4337774224351,9,1.0
27023.522012631187,-34.71323389303502,-174.4733652284218,9,1.0
27211.485472698885,-34.8354096568682,-174.51283733210178,9,1.0
27400.75632202192,-34.957562451351585,-174.55189314951502,9,1.0
27591.3436542117,-35.07969108543123,-174.59065623249037,9,1.0
27783.256626130707,-35.201795883164706,-174.62912871001242,9,1.0
27976.504458332423,-35.32387645074502,-174.66737114625226,9,1.0
28171.096435504372,-35.44593382164433,-174.70532602340745,9,1.0
28367.04190691418,-35.56796897523856,-174.7429372833461,9,1.0
28564.35028685876,-35.68998079570884,-174.7803221950541,9,1.0
28763.031055116662,-35.811971566806506,-174.81730979970234,9,1.0
28963.093757403483,-35.933940116171755,-174.85401599878995,9,1.0
29164.548005830547,-36.055885280653904,-174.8905526158234,9,1.0
29367.403479366687,-36.17780841860286,-174.92680403721468,9,1.0
29571.669924303278,-36.29970995358193,-174.9627108354213,9,1.0
29777.35715472254,-36.42158792206584,-174.9983758266658,9,1.0
29984.475052969006,-36.54344237265959,-175.03361804824652,9,1.0
30193.03357012437,-36.665267123667206,-175.0685161982034,9,1.0
30403.042726485564,-36.78704701552815,-175.10300795321217,9,1.0
30614.512612046197,-36.908723085572944,-175.13713881573648,9,1.0
30827.45338698134,-37.03010745052532,-175.17187197112327,9,1.0
31041.875282135654,-37.151940788336695,-175.2102981388218,9,1.0
31257.788599514974,-37.27405535695369,-175.24413944599215,9,1.0
31475.203712781236,-37.39589623708004,-175.27715920603538,9,1.0
31694.13106775091,-37.517647645359766,-175.3101584810616,9,1.0
31914.581182896858,-37.63935928456202,-175.34305683106842,9,1.0
32136.564649853717,-37.761044744133905,-175.37579358274667,9,1.0
32360.09213392676,-37.88270935368211,-175.40828760780116,9,1.0
32585.17437460432,-38.004353123944284,-175.44072489415643,9,1.0
32811.8221860738,-38.12597978764924,-175.4728452081365,9,1.0
33040.04645774119,-38.24758948085651,-175.50469582525346,9,1.0
33269.85815475433,-38.36918166921068,-175.53637385197658,9,1.0
33501.26831852966,-38.49075674938619,-175.56787740956202,9,1.0
33734.28806728276,-38.61231650775177,-175.59906020488364,9,1.0
33968.928596562524,-38.733860230020255,-175.63002080440955,9,1.0
34205.20117978902,-38.855388172770155,-175.66075990643694,9,1.0
34443.11716879519,-38.9769005762292,-175.6912783952891,9,1.0
34682.68799437217,-39.09839721153481,-175.72162431920682,9,1.0
34923.92516681859,-39.21987921653898,-175.75170427594185,9,1.0
35166.8402764935,-39.34134544873865,-175.78165949490827,9,1.0
35411.44499437329,-39.462797459224326,-175.81135079826151,9,1.0
35657.7510726124,-39.584235419912034,-175.84078007081652,9,1.0
35905.77034510798,-39.705659066601974,-175.86999446446112,9,1.0
36155.51472806843,-39.82706898490657,-175.898949386438,9,1.0
36406.99622058595,-39.94846488988598,-175.92769076192832,9,1.0
36660.22690521301,-40.06984608341915,-175.95630722026806,9,1.0
36915.21894854289,-40.19121387931828,-175.9846632366679,9,1.0
37171.98460179422,-40.312567858122904,-176.01280122490854,9,1.0
37430.53620139958,-40.43390787188151,-176.0407167099405,9,1.0
37690.88616959824,-40.55523387539865,-176.06835829708282,9,1.0
37953.04701503298,-40.676544039740335,-176.0957977851292,9,1.0
38217.03133335104,-40.797836158036944,-176.1229626048549,9,1.0
38482.85180780936,-40.91910306929141,-176.14979240649723,9,1.0
38750.521209883875,-41.04032118295969,-176.1760676572812,9,1.0
39020.05239988316,-41.16137445074674,-176.20168709578778,9,1.0
39291.458327566346,-41.28181337500842,-176.22994925674806,9,1.0
39564.752032765224,-41.403665270730514,-176.26247340501035,9,1.0
39839.94664601079,-41.52528277867465,-176.28740952764358,9,1.0
40117.05538916413,-41.646599273776836,-176.31263660724062,9,1.0
40396.09157605162,-41.76784440700043,-176.33801096178345,9,1.0
40677.068613104646,-41.889060483998136,-176.36334428730513,9,1.0
40960.00000000368,-42.01025809201382,-176.38863330466785,9,1.0
41244.899330326916,-42.13144156322369,-176.41379887458626,9,1.0
41531.78029220334,-42.25261233202766,-176.43886060129225,9,1.0
41820.65666897041,-42.373771944069034,-176.46372923232994,9,1.0
42111.54233983629,-42.494921236517186,-176.48836103733055,9,1.0
42404.45128054665,-42.61605933438395,-176.51290793782417,9,1.0
42699.3975640562,-42.737187137076845,-176.53729028011438,9,1.0
42996.39536120473,-42.858305458094165,-176.56143149782952,9,1.0
43295.458941398065,-42.979413006977786,-176.5855209520448,9,1.0
43596.60267329357,-43.100511716491724,-176.6093323988104,9,1.0
43899.84102549055,-43.221600575490825,-176.63301694172972,9,1.0
44205.18856722535,-43.342680583817625,-176.65646395549726,9,1.0
44512.659969071385,-43.46375048294231,-176.679858557512,9,1.0
44822.27000364397,-43.58481126038035,-176.70309036234153,9,1.0
45134.033546310086,-43.70586385323097,-176.72605212076684,9,1.0
45447.96557590307,-43.82690677202654,-176.74896190440552,9,1.0
45764.081175442305,-43.94794121933067,-176.77167623506995,9,1.0
46082.39553285784,-44.06896679433025,-176.79426751087667,9,1.0
46402.92394172015,-44.189984643229224,-176.81659578954446,9,1.0
46725.681801974904,-44.310993604265775,-176.83883843443817,9,1.0
47050.68462068286,-44.43199480189725,-176.86085674399303,9,1.0
47377.94801276491,-44.55298711602956,-176.8828249230479,9,1.0
47707.487701752325,-44.673972129093556,-176.904537304956,9,1.0
48039.319520542165,-44.79494897764634,-176.9261325533231,9,1.0
48373.45941215801,-44.91591824826333,-176.9475437819464,9,1.0
48709.923430515926,-45.036879580322704,-176.96883954795624,9,1.0
49048.72774119583,-45.15783309068042,-176.99002021983893,9,1.0
49389.888622218095,-45.27877956499148,-177.0109873875384,9,1.0
49733.4224648257,-45.39971842728146,-177.03184158901135,9,1.0
50000.0,-45.49298650619397,-177.04776371639107,9,1.0
