frequency_Hz,mag_dB,phase_deg,step_index,step_k
10.0,-0.28060650069125986,-0.566786673382263,0,0.1
10.069555500567189,-0.280600551586513,-0.5707319873927134,0,0.1
10.139594797900294,-0.2805694974851953,-0.5747022611383378,0,0.1
10.210121257071936,-0.2805650126416136,-0.578702926947677,0,0.1
10.281138266560667,-0.28054190103967946,-0.5827295742069218,0,0.1
10.352649238413779,-0.2805260053059679,-0.5867850423746158,0,0.1
10.424657608411218,-0.2805044197754176,-0.5908681943166424,0,0.1
10.497166836230678,-0.2804836132413122,-0.5949798971343756,0,0.1
10.57018040561381,-0.2804700547811761,-0.5991210381365036,0,0.1
10.643701824533608,-0.2804508389737821,-0.6032904565606717,0,0.1
10.71773462536294,-0.2804259768686241,-0.6074883436584577,0,0.1
10.792282365044281,-0.2804148546617431,-0.6117169894912029,0,0.1
10.867348625260592,-0.28039810892826567,-0.6159745196511249,0,0.1
10.942937012607405,-0.2803692927896352,-0.6202604207738093,0,0.1
11.019051158766118,-0.28036070999365786,-0.624578444227983,0,0.1
11.095694720678463,-0.2803336219830061,-0.6289245348771363,0,0.1
11.172871380722214,-0.28030741606183635,-0.6333010341304598,0,0.1
11.250584846888108,-0.28030148016044804,-0.6377103447748131,0,0.1
11.328838852958,-0.28026415838381363,-0.6421468589731615,0,0.1
11.407637158684253,-0.2802471317814287,-0.6466166321121712,0,0.1
11.486983549970367,-0.2802245788388048,-0.6511169547238119,0,0.1
11.566881839052892,-0.2802029711235081,-0.655648783494815,0,0.1
11.647335864684578,-0.2801758630427071,-0.6602115883189249,0,0.1
11.728349492318808,-0.28016264418573966,-0.6648078589413416,0,0.1
11.809926614295325,-0.2801310341664893,-0.6694340293958743,0,0.1
11.892071150027233,-0.28011334068990706,-0.674094133395113,0,0.1
11.97478704618931,-0.28009020116079425,-0.6787861068468872,0,0.1
12.05807827690763,-0.28005517058067164,-0.6835093853974143,0,0.1
12.141948843950495,-0.2800470170156341,-0.6882688905335387,0,0.1
12.226402776920713,-0.28001408308456666,-0.6930585876708424,0,0.1
12.31144413344919,-0.2799886784084344,-0.6978826368753809,0,0.1
12.397076999389895,-0.2799578997329671,-0.7027396883115322,0,0.1
12.48330548901615,-0.2799411395890814,-0.7076323929331101,0,0.1
12.570133745218314,-0.27991257661727276,-0.7125577706076786,0,0.1
12.657565939702833,-0.27988514462114095,-0.7175176727382329,0,0.1
12.745606273192656,-0.27985885933514126,-0.7225123463838413,0,0.1
12.834258975629076,-0.2798401960898888,-0.7275428718885563,0,0.1
12.923528306374958,-0.27980333349085323,-0.732606168641377,0,0.1
13.013418554419374,-0.2797805848848362,-0.7377066521734077,0,0.1
13.10393403858367,-0.27974612906904534,-0.7428412165520487,0,0.1
13.195079107728983,-0.27971936134501485,-0.7480126472900653,0,0.1
13.286858140965156,-0.27968737967660245,-0.7532194990675217,0,0.1
13.379275547861162,-0.27965020122235695,-0.7584620143209565,0,0.1
13.472335768656947,-0.27962722264292195,-0.7637430554396208,0,0.1
13.566043274476765,-0.27959908264621525,-0.7690602865556894,0,0.1
13.660402567544,-0.27956579912286833,-0.774413955752502,0,0.1
13.755418181397484,-0.27954031004064317,-0.779806095036721,0,0.1
13.851094681109295,-0.2795161741457194,-0.7852360959924422,0,0.1
13.947436663504105,-0.27946757013578966,-0.7907006170834793,0,0.1
14.044448757380025,-0.2794397370077592,-0.796206225978112,0,0.1
14.142135623731003,-0.279413314172859,-0.8017505074361715,0,0.1
14.240501955970773,-0.27937540081568824,-0.8073318951842682,0,0.1
14.33955248015833,-0.27933247670801437,-0.8129515604684809,0,0.1
14.439291955225018,-0.2793104031691876,-0.8186135080716933,0,0.1
14.539725173203164,-0.27927043877937263,-0.8243124301855562,0,0.1
14.640856959456315,-0.279238445533537,-0.8300523489077574,0,0.1
14.742692172911074,-0.27920798408711633,-0.8358326182608979,0,0.1
14.845235706290554,-0.27915969394457446,-0.8416506449576214,0,0.1
14.94849248634945,-0.27912589939207577,-0.8475115043450814,0,0.1
15.05246747411074,-0.27908724051369244,-0.8534126074195351,0,0.1
15.15716566510405,-0.2790502000829408,-0.8593552140449587,0,0.1
15.26259208960566,-0.2790018788336752,-0.8653376474497738,0,0.1
15.368751812880195,-0.2789746038622276,-0.8713651469957922,0,0.1
15.475649935423972,-0.2789360938307698,-0.8774330676791199,0,0.1
15.58329159321007,-0.27889283282696103,-0.883542684943904,0,0.1
15.69168195793509,-0.27885130553830134,-0.8896953041461104,0,0.1
15.800826237267621,-0.2788179972737282,-0.8958922610593153,0,0.1
15.910729675098453,-0.2787735487396844,-0.9021307998696765,0,0.1
16.02139755179252,-0.27872444560597615,-0.9084122327398926,0,0.1
16.13283518444261,-0.27869009712273196,-0.9147399926305745,0,0.1
16.245047927124794,-0.27863175991582384,-0.9211081314413523,0,0.1
16.358041171155712,-0.278601151827094,-0.9275253629342696,0,0.1
16.471820345351553,-0.2785466062879968,-0.9339835666384836,0,0.1
16.586390916288924,-0.2785069195600642,-0.9404894298073025,0,0.1
16.70175838856748,-0.2784627333742238,-0.9470400837499696,0,0.1
16.817928305074386,-0.2784076127500763,-0.9536347515320076,0,0.1
16.93490624725064,-0.2783609709168277,-0.9602770160516526,0,0.1
17.052697835359233,-0.27831637398223896,-0.9669661355340107,0,0.1
17.17130872875518,-0.27826738809234186,-0.9737013405372914,0,0.1
17.290744626157405,-0.27820757942076324,-0.9804818334486805,0,0.1
17.411011265922586,-0.2781757510137678,-0.9873146823193256,0,0.1
17.53211442632081,-0.2781137710547725,-0.9941901114816386,0,0.1
17.654059925813208,-0.2780539810504593,-1.001114074165802,0,0.1
17.776853623331515,-0.27801579944592514,-1.0080903809343928,0,0.1
17.900501418559564,-0.27796048118532224,-1.015112506226574,0,0.1
18.02500925221672,-0.2779009823740268,-1.0221830750554295,0,0.1
18.150383106343334,-0.2778567232927651,-1.0293059549364874,0,0.1
18.27662900458813,-0.27779542122382805,-1.036475643703901,0,0.1
18.403753012497624,-0.27774296049141267,-1.0436972065505035,0,0.1
18.53176123780754,-0.27768644779838714,-1.0509686413800363,0,0.1
18.660659830736275,-0.2776194528570464,-1.0582890914168082,0,0.1
18.790454984280366,-0.2775678628862652,-1.0656637543338652,0,0.1
18.921152934512047,-0.2775123220485561,-1.0730893869540226,0,0.1
19.05275996087888,-0.2774528648323888,-1.0805663498603761,0,0.1
19.18528238650542,-0.2773895261930495,-1.0880950064767336,0,0.1
19.31872657849705,-0.27732880549297434,-1.0956769743502752,0,0.1
19.453098948245852,-0.2772707389861611,-1.103312648767397,0,0.1
19.588405951738682,-0.27720243510920606,-1.1109998908928638,0,0.1
19.72465408986733,-0.2771368589714731,-1.1187416047726813,0,0.1
19.861849908740865,-0.27708051272994283,-1.126539481712483,0,0.1
20.00000000000015,-0.27700757697059714,-1.1343887754431812,0,0.1
20.13911100113453,-0.27693748331446705,-1.1422937298920348,0,0.1
20.279189595800737,-0.2768702710967518,-1.150254759874477,0,0.1
20.42024251414402,-0.2767930504084865,-1.1582696386091287,0,0.1
20.56227653312149,-0.2767252559629938,-1.1663427280113006,0,0.1
20.70529847682771,-0.27666046396130134,-1.1744731398926753,0,0.1
20.849315216822593,-0.2765857853821342,-1.1826586024643626,0,0.1
20.994333672461515,-0.276514192351496,-1.1909022113091803,0,0.1
21.14036081122778,-0.27643926199516633,-1.1992030330665822,0,0.1
21.28740364906737,-0.27636103715837784,-1.2075614787045712,0,0.1
21.43546925072604,-0.27629249290683605,-1.215980739057339,0,0.1
21.584564730088722,-0.2762078102656052,-1.2244556981745978,0,0.1
21.734697250521346,-0.2761328974113429,-1.2329923497996351,0,0.1
21.885874025214974,-0.27605486793925127,-1.2415883425100283,0,0.1
22.038102317532406,-0.27597376769705034,-1.250244104903034,0,0.1
22.191389441357092,-0.27588964315314357,-1.2589600691373755,0,0.1
22.345742761444598,-0.27580900809668135,-1.26773811812402,0,0.1
22.501169693776383,-0.27572544388012554,-1.276577264228009,0,0.1
22.657677705916175,-0.27563899889492155,-1.2854779507428535,0,0.1
22.815274317368676,-0.27555618934080417,-1.294442102217806,0,0.1
22.973967099940907,-0.2754641307829906,-1.3034672246458405,0,0.1
23.13376367810596,-0.2753887430138474,-1.3125597343643818,0,0.1
23.29467172936933,-0.27529127277348553,-1.3217111322427486,0,0.1
23.456698984637793,-0.2751976415384646,-1.3309278630446022,0,0.1
23.619853228590827,-0.275101434306318,-1.3402088951426352,0,0.1
23.784142300054643,-0.2750156405327448,-1.3495577794612093,0,0.1
23.949574092378796,-0.27491444190091924,-1.3589688510815747,0,0.1
24.11615655381544,-0.27481082896552134,-1.3684456477843896,0,0.1
24.28389768790117,-0.2747242630964716,-1.3779933699505151,0,0.1
24.452805553841607,-0.27462245778641725,-1.387604685480462,0,0.1
24.622888266898567,-0.27453134493864817,-1.397286398078198,0,0.1
24.794153998779972,-0.27441863725736804,-1.4070310421183638,0,0.1
24.966610978032485,-0.2743167384776438,-1.4168471011698638,0,0.1
25.140267490436816,-0.27420630017236497,-1.4267302629415575,0,0.1
25.315131879405854,-0.2741132609164112,-1.4366875595283894,0,0.1
25.4912125463855,-0.27400533339006045,-1.446711353515527,0,0.1
25.668517951258348,-0.2738955184184461,-1.456805418835187,0,0.1
25.847056612750112,-0.2737774080988297,-1.466968604484013,0,0.1
26.026837108838944,-0.27366400629760745,-1.4772047734408444,0,0.1
26.20786807716754,-0.2735553777980848,-1.4875144925972061,0,0.1
26.390158215458165,-0.27343864626278025,-1.4978949165363553,0,0.1
26.573716281930512,-0.27332034818127743,-1.508348272134981,0,0.1
26.758551095722524,-0.27320702177348394,-1.5188768384724272,0,0.1
26.944671537314093,-0.2730793204514357,-1.5294759691655089,0,0.1
27.13208654895373,-0.2729696708266589,-1.5401549319534602,0,0.1
27.320805135088207,-0.27283283980103096,-1.5509020151906177,0,0.1
27.510836362795175,-0.27271420134500185,-1.5617301072778804,0,0.1
27.7021893622188,-0.2725879387169869,-1.57263271639202,0,0.1
27.89487332700842,-0.2724605963686697,-1.583612188563791,0,0.1
28.088897514760255,-0.27231930158242484,-1.5946654689405617,0,0.1
28.284271247462218,-0.27219649354858794,-1.6058022257987976,0,0.1
28.48100391194176,-0.27205988220667826,-1.6170139464580946,0,0.1
28.679104960316874,-0.2719224899091211,-1.62830486667997,0,0.1
28.878583910450253,-0.2717843939830369,-1.639675590576765,0,0.1
29.079450346406546,-0.27164567278954804,-1.6511267279310415,0,0.1
29.28171391891285,-0.271493456691388,-1.6626551027888459,0,0.1
29.485384345822368,-0.27136019851478504,-1.6742708020303272,0,0.1
29.690471412581335,-0.2712200819630171,-1.6859668830028869,0,0.1
29.896984972699123,-0.27106671356883116,-1.697742003640598,0,0.1
30.104934948221704,-0.27091960219287586,-1.7096025694003336,0,0.1
30.314331330208326,-0.2707594058993121,-1.7215433782580831,0,0.1
30.52518417921155,-0.27061211356794246,-1.7335729042075456,0,0.1
30.73750362576062,-0.2704583847020853,-1.7456859171085717,0,0.1
30.951299870848175,-0.2702918299974736,-1.7578810358301136,0,0.1
31.16658318642038,-0.27014492219910136,-1.770168934849622,0,0.1
31.38336391587042,-0.2699659361192309,-1.7825341637767451,0,0.1
31.60165247453548,-0.2698003023564042,-1.7949915143615198,0,0.1
31.82145935019715,-0.2696286819999697,-1.8075355810319391,0,0.1
32.04279510358529,-0.26947708130185,-1.8201753138627563,0,0.1
32.26567036888546,-0.26930672734288696,-1.8328990137858596,0,0.1
32.49009585424984,-0.2691241929402398,-1.845709364111645,0,0.1
32.716082342311665,-0.2689554909166925,-1.85861546487099,0,0.1
32.94364069070335,-0.268768325046482,-1.871607465836996,0,0.1
33.172781832578096,-0.26858223251486885,-1.884692406699417,0,0.1
33.40351677713521,-0.26839731528686034,-1.8978710252789865,0,0.1
33.63585661014903,-0.26822015718445796,-1.9111462439648494,0,0.1
33.86981249450153,-0.26802494047751496,-1.9245100921037637,0,0.1
34.10539567071872,-0.2678312117105209,-1.9379698158909668,0,0.1
34.34261745751061,-0.26763907831141487,-1.9515261830283888,0,0.1
34.58148925231507,-0.267435685266035,-1.9651754927473573,0,0.1
34.822022531845434,-0.2672405875411848,-1.978925196579714,0,0.1
35.064228852641875,-0.26704093261540246,-1.9927715938004544,0,0.1
35.30811985162668,-0.26682386646699147,-2.0067108665638265,0,0.1
35.55370724666329,-0.26662191743321756,-2.020755184593907,0,0.1
35.80100283711939,-0.2664157525175737,-2.0348985080005626,0,0.1
36.05001850443371,-0.2661925198261916,-2.0491369468706835,0,0.1
36.30076621268694,-0.2659847579616041,-2.063482934192666,0,0.1
36.55325800917653,-0.2657536800642848,-2.077923215297066,0,0.1
36.80750602499552,-0.26553183059725866,-2.092470352917319,0,0.1
37.06352247561536,-0.2652998771961646,-2.107118059160585,0,0.1
37.32131966147283,-0.2650774015774016,-2.121874346816633,0,0.1
37.58090996856101,-0.26483209876458647,-2.1367279829834676,0,0.1
37.84230586902438,-0.26460950208841627,-2.151696792018398,0,0.1
38.105519921758045,-0.26436433308793295,-2.166764560961555,0,0.1
38.37056477301113,-0.2641161825333704,-2.1819394377870447,0,0.1
38.63745315699439,-0.26387815974465045,-2.1972272841776688,0,0.1
38.906197896491996,-0.2636244460352463,-2.212619005638108,0,0.1
39.176811903477656,-0.2633681532452201,-2.2281204481487644,0,0.1
39.449308179734956,-0.26310941899024964,-2.2437325016711362,0,0.1
39.72369981748203,-0.26284189234238675,-2.259453495777286,0,0.1
40.000000000000604,-0.2625851853935719,-2.275292050401097,0,0.1
40.27822200226936,-0.26232646146474653,-2.291243980669284,0,0.1
40.55837919160177,-0.26204639007124264,-2.307302344858322,0,0.1
40.840485028288356,-0.261777574728718,-2.3234811304831764,0,0.1
41.124553066243294,-0.26149419583930655,-2.339770755424205,0,0.1
41.410596953655734,-0.261209387320404,-2.3561774281238317,0,0.1
41.6986304336455,-0.26092330146372744,-2.3727021199197513,0,0.1
41.98866734492334,-0.26063609249622094,-2.389345813130624,0,0.1
42.28072162245588,-0.26033492680194603,-2.406104031151511,0,0.1
42.57480729813507,-0.26003944561700965,-2.422985927013689,0,0.1
42.8709385014524,-0.25973681872618737,-2.439987027324605,0,0.1
43.16912946017777,-0.2594272066236649,-2.457108302000913,0,0.1
43.46939450104301,-0.2591237660830589,-2.47435635536849,0,0.1
43.771748050430276,-0.2587941765193842,-2.49171814078597,0,0.1
44.07620463506514,-0.25847109079242775,-2.509208740019511,0,0.1
44.38277888271451,-0.258154681107466,-2.5268292864831188,0,0.1
44.69148552288952,-0.257825623331712,-2.5445722556808303,0,0.1
45.00233938755311,-0.25748408856940236,-2.5624386277914923,0,0.1
45.315355411832684,-0.25714975223633374,-2.5804381862762544,0,0.1
45.63054863473769,-0.2568032911977253,-2.5985632641494187,0,0.1
45.947934199882155,-0.2564513849878616,-2.6168178488950553,0,0.1
46.26752735621227,-0.2561072205525551,-2.635209014283528,0,0.1
46.58934345873901,-0.2557449724481058,-2.6537259366369237,0,0.1
46.913397969275934,-0.25537783082253446,-2.672375674751308,0,0.1
47.23970645718201,-0.25501899340649437,-2.691165467258256,0,0.1
47.56828460010965,-0.25464263368902346,-2.7100842811567354,0,0.1
47.89914818475796,-0.2542619526955086,-2.7291393405561646,0,0.1
48.232313107631235,-0.2538771458602378,-2.7483318164962887,0,0.1
48.5677953758027,-0.25349491845406424,-2.7676660344537862,0,0.1
48.90561110768358,-0.2530894401875632,-2.7871306121657273,0,0.1
49.2457765337975,-0.2526934517014455,-2.8067424865208763,0,0.1
49.58830799756032,-0.2522941432273451,-2.826496607068836,0,0.1
49.933221956065346,-0.25188521198678854,-2.8463909908893736,0,0.1
50.280534980874016,-0.2514538434796101,-2.8664203308680754,0,0.1
50.630263758812085,-0.2510328031269053,-2.8866020646983666,0,0.1
50.982425092771386,-0.25060928530011467,-2.906931027958986,0,0.1
51.33703590251707,-0.2501835077772569,-2.9274085285463536,0,0.1
51.69411322550061,-0.24973614793665322,-2.948025867121103,0,0.1
52.05367421767828,-0.24928045176215513,-2.9687909057424995,0,0.1
52.41573615433548,-0.2488296743922313,-2.9897117070771775,0,0.1
52.78031643091672,-0.24837752979904493,-3.0107863043835104,0,0.1
53.14743256386143,-0.24790469592595982,-3.0320057857059606,0,0.1
53.517102191445446,-0.24743747304876895,-3.053385181490328,0,0.1
53.8893430746286,-0.24696306138001523,-3.074919025801016,0,0.1
54.264173097907864,-0.24646865687727992,-3.096601679579031,0,0.1
54.64161027017682,-0.24597405725802624,-3.1184449815764306,0,0.1
55.02167272559077,-0.24548602956595608,-3.1404539694724916,0,0.1
55.40437872443802,-0.24497220884649684,-3.1626123200785097,0,0.1
55.78974665401725,-0.2444589306614782,-3.184935676943715,0,0.1
56.17779502952094,-0.24393992351018398,-3.2074219512122184,0,0.1
56.56854249492486,-0.24341544095074408,-3.2300726287692396,0,0.1
56.962007823883944,-0.24287268553448804,-3.252881855680432,0,0.1
57.358209920634174,-0.24233149457379616,-3.275862121136436,0,0.1
57.75716782090094,-0.2417790754611375,-3.299007585664855,0,0.1
58.158900692813525,-0.24123528047097556,-3.3223310088918967,0,0.1
58.56342783782614,-0.2406677289555394,-3.3458152210004126,0,0.1
58.97076869164518,-0.24008321496123664,-3.369465405863541,0,0.1
59.38094282516311,-0.23950813916521352,-3.393298376799383,0,0.1
59.79396994539869,-0.23891011418648866,-3.4172966367887545,0,0.1
60.209869896443855,-0.23831555220815537,-3.4414771748191004,0,0.1
60.628662660417106,-0.2377182037430317,-3.4658378537416517,0,0.1
61.05036835842356,-0.23709220519319937,-3.4903646262725263,0,0.1
61.4750072515217,-0.23649014298361154,-3.515090666585348,0,0.1
61.90259974169682,-0.23586000476178978,-3.539986096525257,0,0.1
62.33316637284123,-0.23520207291552117,-3.565052379528393,0,0.1
62.766727831741306,-0.23456242890229348,-3.5903193653105876,0,0.1
63.20330494907143,-0.23390212524857884,-3.615764665384028,0,0.1
63.642918700394766,-0.233241091394091,-3.6414022200662624,0,0.1
64.08559020717105,-0.2325534527342999,-3.667217375957993,0,0.1
64.5313407377714,-0.23188533786130233,-3.6932408678329414,0,0.1
64.98019170850016,-0.2311715886951503,-3.7194329597689557,0,0.1
65.43216468462381,-0.23047144632661465,-3.7458330258288672,0,0.1
65.8872813814072,-0.22976558779594547,-3.772430483966213,0,0.1
66.34556366515669,-0.22904123029045056,-3.7992187127759545,0,0.1
66.80703355427093,-0.22829869129952246,-3.8261995046407224,0,0.1
67.27171322029855,-0.2275579573414341,-3.8533877002087116,0,0.1
67.73962498900357,-0.22680625152482733,-3.880776672943031,0,0.1
68.21079134143795,-0.22604390537925156,-3.908368387556234,0,0.1
68.68523491502174,-0.22527125379124627,-3.9361648376699496,0,0.1
69.16297850463066,-0.2244755130292866,-3.964159123092232,0,0.1
69.6440450636914,-0.22368982825921604,-3.992375574151919,0,0.1
70.12845770528428,-0.22287517406182208,-4.020789411731192,0,0.1
70.61623970325388,-0.2220647128029143,-4.049425242858239,0,0.1
71.10741449332713,-0.2212325373884547,-4.078267057109208,0,0.1
71.60200567423932,-0.22037242520579467,-4.107312225630422,0,0.1
72.10003700886796,-0.21953071216122716,-4.136595216500126,0,0.1
72.60153242537443,-0.21866177691951982,-4.166085885869183,0,0.1
73.10651601835362,-0.2177856909640742,-4.19580036137746,0,0.1
73.61501204999159,-0.2168962483403973,-4.225736206781061,0,0.1
74.12704495123128,-0.21600039348413475,-4.255900447376004,0,0.1
74.64263932294622,-0.21506561009113218,-4.286271405409591,0,0.1
75.16181993712259,-0.21414489377212395,-4.316889756901022,0,0.1
75.68461173804933,-0.2132057333455478,-4.347733861610652,0,0.1
76.21103984351666,-0.2122485048934521,-4.378806007136455,0,0.1
76.74112954602285,-0.21128017335829524,-4.410113461754425,0,0.1
77.27490631398935,-0.21030112690679265,-4.441658686578011,0,0.1
77.81239579298456,-0.20931834641376051,-4.473449194265271,0,0.1
78.3536238069559,-0.20830586807607884,-4.505467434431248,0,0.1
78.8986163594705,-0.20729044552371428,-4.537736003390529,0,0.1
79.44739963496465,-0.2062592964765928,-4.570247386930023,0,0.1
80.00000000000179,-0.2052062235338712,-4.602998984509858,0,0.1
80.55644400453932,-0.20414482143381313,-4.636003658332942,0,0.1
81.11675838320417,-0.20305569944555169,-4.6692484765406075,0,0.1
81.68097005657731,-0.20195906375532705,-4.702751677194108,0,0.1
82.24910613248719,-0.20084872811180807,-4.736510788337201,0,0.1
82.8211939073121,-0.19973832288978632,-4.77053923305276,0,0.1
83.39726086729164,-0.19859523351314012,-4.804813190771427,0,0.1
83.97733468984731,-0.1974330862015167,-4.839345989640113,0,0.1
84.56144324491237,-0.1962655275064687,-4.8741512952377235,0,0.1
85.14961459627077,-0.19508637708843746,-4.909226676854462,0,0.1
85.74187700290544,-0.19387621261043464,-4.944558567178005,0,0.1
86.33825892035618,-0.19264868988835435,-4.9801607685367255,0,0.1
86.93878900208668,-0.19143073167275765,-5.016058618134709,0,0.1
87.54349610086122,-0.19016317408973996,-5.0522049041000345,0,0.1
88.15240927013093,-0.1888994396960918,-5.0886474723346735,0,0.1
88.7655577654297,-0.18760021060078969,-5.1253555280746905,0,0.1
89.38297104577971,-0.18629243809543272,-5.162354873419398,0,0.1
90.00467877510688,-0.1849699408740811,-5.199643049699006,0,0.1
90.63071082366605,-0.18363316810137684,-5.237223320298008,0,0.1
91.26109726947607,-0.18226929162997366,-5.275087267939536,0,0.1
91.895868399765,-0.18089203606576096,-5.313249835681622,0,0.1
92.53505471242522,-0.17950185884783143,-5.351714446577055,0,0.1
93.17868691747873,-0.17807262808005472,-5.390460627717444,0,0.1
93.82679593855258,-0.1766380277759106,-5.429521567273208,0,0.1
94.47941291436473,-0.17518522435996198,-5.468888838148362,0,0.1
95.13656920022001,-0.17369470840168666,-5.508547630253267,0,0.1
95.79829636951663,-0.1722002120235827,-5.548531915643608,0,0.1
96.4646262152632,-0.17068223022895418,-5.5888269989410455,0,0.1
97.13559075160614,-0.16914122059834386,-5.629436452678316,0,0.1
97.81122221536789,-0.1675843106162917,-5.670370188258566,0,0.1
98.49155306759573,-0.16600529980305884,-5.7116257028257325,0,0.1
99.17661599512138,-0.1643979775669932,-5.753200383785375,0,0.1
99.86644391213144,-0.1627761540057513,-5.795110734529342,0,0.1
100.56106996174877,-0.16113362506008017,-5.837354310454534,0,0.1
101.26052751762494,-0.15945749240537085,-5.879922060200626,0,0.1
101.96485018554354,-0.15776826672415556,-5.922837348492603,0,0.1
102.67407180503491,-0.15603966938368938,-5.966078038546877,0,0.1
103.388226451002,-0.1543056096625436,-6.0096810180284495,0,0.1
104.10734843535732,-0.15253979496069014,-6.053624061285782,0,0.1
104.83147230867174,-0.15075608016434897,-6.097924613691002,0,0.1
105.56063286183424,-0.14894153431518212,-6.14257348746504,0,0.1
106.29486512772365,-0.14709661346527306,-6.187574823308239,0,0.1
107.03420438289172,-0.1452486166359967,-6.232960265024005,0,0.1
107.778686149258,-0.1433644726241766,-6.278700125869434,0,0.1
108.52834619581655,-0.14144462783190095,-6.324798620311612,0,0.1
109.28322054035448,-0.13950969341469047,-6.3712810303633765,0,0.1
110.04334545118235,-0.137526521767513,-6.418116907853387,0,0.1
110.80875744887686,-0.13554264071073774,-6.46536005786732,0,0.1
111.57949330803534,-0.1335181540250598,-6.512972852870428,0,0.1
112.35559005904271,-0.13146696885508455,-6.560974113582916,0,0.1
113.13708498985058,-0.12938954078459852,-6.609368646230772,0,0.1
113.92401564776874,-0.12729306991617195,-6.658168624556049,0,0.1
114.71641984126921,-0.1251577744295103,-6.707357150863097,0,0.1
115.51433564180275,-0.12299758945645509,-6.756953750727626,0,0.1
116.31780138562794,-0.12079945091198517,-6.806948681304946,0,0.1
117.12685567565316,-0.11859083173928071,-6.8573768038564715,0,0.1
117.94153738329126,-0.11633160746306306,-6.908198495930025,0,0.1
118.76188565032712,-0.11404248478391,-6.959441299707886,0,0.1
119.58793989079828,-0.11173744565229,-7.011125812087226,0,0.1
120.41973979288862,-0.10937626587573614,-7.063211603543837,0,0.1
121.25732532083512,-0.10700680900501067,-7.115757746637377,0,0.1
122.10073671684803,-0.10460917210877613,-7.168746909310957,0,0.1
122.95001450304433,-0.10216339327822208,-7.222161228151455,0,0.1
123.80519948339456,-0.09969024331705045,-7.276029697195537,0,0.1
124.66633274568338,-0.09717652782647447,-7.330342272167341,0,0.1
125.53345566348355,-0.09464305345546534,-7.385128606767059,0,0.1
126.40660989814381,-0.09205617124303675,-7.44035461502177,0,0.1
127.28583740079048,-0.08945713604175282,-7.496074479936223,0,0.1
128.17118041434307,-0.08679178145053519,-7.552229429706955,0,0.1
129.0626814755438,-0.08412187145385948,-7.608898830818922,0,0.1
129.9603834170013,-0.08139316139017477,-7.6660234021137335,0,0.1
130.86432936924862,-0.07864699454433066,-7.723658860669566,0,0.1
131.77456276281538,-0.07584953402219209,-7.781770081387445,0,0.1
132.69112733031437,-0.07302163814404347,-7.840388482678719,0,0.1
133.61406710854286,-0.07015679696428757,-7.899512255534842,0,0.1
134.5434264405981,-0.06724847101696782,-7.959139471399062,0,0.1
135.47924997800817,-0.06429695902780952,-8.019276694353225,0,0.1
136.42158268287693,-0.061316301264635574,-8.07994793696746,0,0.1
137.3704698300445,-0.05828617381796876,-8.141134134718397,0,0.1
138.32595700926237,-0.05520683255269145,-8.202842001100372,0,0.1
139.28809012738384,-0.05209920329729368,-8.265104893235025,0,0.1
140.25691541056963,-0.04896357928859781,-8.327930269306748,0,0.1
141.23247940650882,-0.04575881015475042,-8.391271927605922,0,0.1
142.2148289866553,-0.04252652900152306,-8.455190626598707,0,0.1
143.20401134847972,-0.03923932513317296,-8.519657846327986,0,0.1
144.200074017737,-0.03593200193819097,-8.584726503349925,0,0.1
145.20306485074994,-0.03257016226697283,-8.650358815258722,0,0.1
146.2130320367083,-0.029133140274849742,-8.716534438345713,0,0.1
147.2300240999843,-0.025690474832008908,-8.783353620082467,0,0.1
148.25408990246365,-0.02218681263301053,-8.850750246389765,0,0.1
149.28527864589356,-0.01864312688193812,-8.91876027602951,0,0.1
150.32363987424628,-0.015031688533125752,-8.987353972539095,0,0.1
151.3692234760998,-0.011387414112114958,-9.05658686595312,0,0.1
152.42207968703445,-0.007696474620409177,-9.12644842665346,0,0.1
153.48225909204683,-0.003944966466101575,-9.19692775354507,0,0.1
154.54981262797986,-0.00014690158252396505,-9.268052607248984,0,0.1
155.6247915859703,0.0036906682927406063,-9.339841561619647,0,0.1
156.70724761391295,0.00758873187568445,-9.412274030324285,0,0.1
157.79723271894218,0.011526258054414942,-9.485388500890764,0,0.1
158.8947992699305,0.015531348241273224,-9.559154255265666,0,0.1
160.0000000000048,0.019582983079291245,-9.633610243242092,0,0.1
161.11288800907985,0.023688250627061962,-9.708755745535429,0,0.1
162.23351676640956,0.027840180225488315,-9.784610345037642,0,0.1
163.36194011315587,0.03206004428099324,-9.861152916544194,0,0.1
164.49821226497562,0.036319727130318405,-9.938434093303144,0,0.1
165.6423878146254,0.04065473331420288,-10.016412015540844,0,0.1
166.79452173458452,0.0450440373518508,-10.095127456432472,0,0.1
167.9546693796959,0.04948782930323223,-10.174590501751053,0,0.1
169.12288648982604,0.053972101157329894,-10.254832610909695,0,0.1
170.29922919254284,0.05853974989555702,-10.335800491643287,0,0.1
171.4837540058122,0.06315550253188532,-10.417557606805863,0,0.1
172.6765178407137,0.0678338922182074,-10.500093214182316,0,0.1
173.87757800417467,0.07255380910673573,-10.58345060847096,0,0.1
175.08699220172375,0.07736564273564507,-10.667564516066497,0,0.1
176.30481854026317,0.08222688767797852,-10.752511202397494,0,0.1
177.53111553086072,0.08715944095955781,-10.83826890766518,0,0.1
178.7659420915608,0.09214939870030009,-10.924871017954036,0,0.1
180.00935755021513,0.09719000202875372,-11.012340407449186,0,0.1
181.26142164733346,0.10231053966765252,-11.100643870898956,0,0.1
182.52219453895353,0.10751161112133284,-11.189792743215197,0,0.1
183.7917367995314,0.1127432032974275,-11.27987865726571,0,0.1
185.07010942485184,0.1180854521799386,-11.370788068999238,0,0.1
186.35737383495882,0.12345935376615205,-11.462659457022012,0,0.1
187.65359187710658,0.1289162818831557,-11.555424699880042,0,0.1
188.95882582873088,0.13444243669091904,-11.649119452878473,0,0.1
190.27313840044144,0.14004583927188186,-11.743744702879086,0,0.1
191.59659273903472,0.14571267536711002,-11.839336967433022,0,0.1
192.92925243052787,0.15144370469436047,-11.935909621774174,0,0.1
194.27118150321374,0.15727638050127923,-12.033416091503355,0,0.1
195.62244443073726,0.16316031405661122,-12.131953727010696,0,0.1
196.98310613519297,0.1691257269615773,-12.231488209225802,0,0.1
198.35323199024427,0.17515886168903205,-12.332057721285413,0,0.1
199.73288782426437,0.18127543126041842,-12.433651941792338,0,0.1
201.12213992349908,0.18746170304886467,-12.536309740291856,0,0.1
202.5210550352514,0.19372611154747835,-12.64003336577699,0,0.1
203.9297003710886,0.20007718766722557,-12.744824970760451,0,0.1
205.3481436100714,0.20650867951115912,-12.85071185558821,0,0.1
206.77645290200556,0.2130143203954296,-12.95772182780661,0,0.1
208.21469687071618,0.2196027684970947,-13.065857662038631,0,0.1
209.66294461734503,0.22628278489750192,-13.175122044981935,0,0.1
211.12126572367004,0.23302573165680698,-13.285582195476849,0,0.1
212.5897302554489,0.23985538452442276,-13.397215767963203,0,0.1
214.06840876578502,0.2467806859864317,-13.510025881732917,0,0.1
215.5573722985176,0.2537804959345309,-13.624068184542924,0,0.1
217.05669239163473,0.2608713513285416,-13.739333329029815,0,0.1
218.5664410807106,0.26804722307288925,-13.855851504759604,0,0.1
220.08669090236637,0.2753096619948117,-13.97364006400598,0,0.1
221.6175148977554,0.282660267189921,-14.092716601155225,0,0.1
223.15898661607235,0.2900930541964596,-14.213112490122306,0,0.1
224.71118011808713,0.2976326183736166,-14.33480522175345,0,0.1
226.27416997970286,0.3052501422047511,-14.457867428278874,0,0.1
227.8480312955392,0.312955002923419,-14.582304411004483,0,0.1
229.43283968254013,0.32076440469694256,-14.708107589521878,0,0.1
231.02867128360725,0.32865713518440415,-14.835337620362441,0,0.1
232.63560277125762,0.33664277836571443,-14.964000381856886,0,0.1
234.25371135130806,0.3447310458534124,-15.094101725363425,0,0.1
235.88307476658426,0.35290843600034116,-15.22568991715651,0,0.1
237.523771300656,0.3611769455125951,-15.358785680909326,0,0.1
239.17587978159838,0.3695386231078848,-15.493410035473522,0,0.1
240.83947958577906,0.37801125473838215,-15.629555553686712,0,0.1
242.51465064167206,0.38656566724510577,-15.767301205473974,0,0.1
244.2014734336979,0.3952354811495661,-15.906611286635608,0,0.1
245.9000290060905,0.40399146368643857,-16.04756600759137,0,0.1
247.61039896679097,0.41284373012544695,-16.190173733850315,0,0.1
249.33266549136863,0.4218025358314358,-16.334442863120127,0,0.1
251.06691132696898,0.43085436133788857,-16.480426310133975,0,0.1
252.81321979628953,0.4400255388946108,-16.628103437884064,0,0.1
254.5716748015829,0.4492705595848817,-16.77758783461198,0,0.1
256.3423608286881,0.458631877113062,-16.928829709473064,0,0.1
258.12536295108947,0.46810407049875463,-17.081868891506502,0,0.1
259.9207668340045,0.477665495200966,-17.236776269998334,0,0.1
261.72865873849923,0.487342962247841,-17.393532404949845,0,0.1
263.54912552563275,0.49711478431925354,-17.552209406215542,0,0.1
265.38225466063074,0.5069835240272382,-17.712834426723674,0,0.1
267.2281342170877,0.5169681794263771,-17.875404075745447,0,0.1
269.08685288119824,0.5270469097342508,-18.03999256403228,0,0.1
270.95849995601833,0.5372470854973028,-18.206581672212216,0,0.1
272.8431653657559,0.5475302585294821,-18.375278281695635,0,0.1
274.74093966009104,0.5579321953771521,-18.5460493150697,0,0.1
276.6519140185268,0.5684391738440318,-18.718955997432076,0,0.1
278.5761802547697,0.5790456517309166,-18.894044681096688,0,0.1
280.51383082114137,0.5897544029564202,-19.071346515254213,0,0.1
282.4649588130198,0.6005766602118239,-19.250877128573485,0,0.1
284.42965797331277,0.6115069227011065,-19.432684562036524,0,0.1
286.40802269696155,0.6225226554294332,-19.616849914515253,0,0.1
288.40014803547615,0.6336605522862176,-19.80334214111288,0,0.1
290.4061297015021,0.6448809793163115,-19.992276122908873,0,0.1
292.42606407341884,0.6562122811106597,-20.18363792502518,0,0.1
294.4600481999708,0.667657403006487,-20.377462607969413,0,0.1
296.50817980492957,0.6792020483582917,-20.573818687704975,0,0.1
298.5705572917893,0.6908490262330548,-20.77274274649503,0,0.1
300.64727974849484,0.7025750552803535,-20.974321593088796,0,0.1
302.73844695220185,0.7144088987262808,-21.17854372286586,0,0.1
304.84415937407124,0.7263709771179776,-21.38541428567766,0,0.1
306.964518184096,0.7384027252487825,-21.595088907635017,0,0.1
309.09962525596205,0.7505242048379214,-21.807574582231393,0,0.1
311.24958317194296,0.7627646524330023,-22.02286180642917,0,0.1
313.4144952278283,0.7750913144668286,-22.241058999273978,0,0.1
315.59446543788675,0.7875156321153973,-22.46219164301177,0,0.1
317.7895985398634,0.8000132097210971,-22.686353367404372,0,0.1
320.000000000012,0.8126043550629457,-22.913554283992465,0,0.1
322.22577601816215,0.8252915245316982,-23.14383888404412,0,0.1
324.4670335328215,0.8380407003238542,-23.377320411648327,0,0.1
326.7238802263142,0.8509087514602259,-23.613943060498038,0,0.1
328.99642452995374,0.8638339421776839,-23.853872833006754,0,0.1
331.2847756292533,0.8768364947623599,-24.097123532264405,0,0.1
333.5890434691715,0.8899183614726811,-24.343743742777832,0,0.1
335.90933875939425,0.9030721251990166,-24.59379996192351,0,0.1
338.2457729796546,0.9162901444029055,-24.847359560371046,0,0.1
340.5984583850881,0.9295739553432304,-25.10447363226775,0,0.1
342.96750801162693,0.9429344864402396,-25.365176945322908,0,0.1
345.3530356814299,0.9563257521079929,-25.62960796039264,0,0.1
347.75515600835195,0.9697962717461526,-25.897734549877693,0,0.1
350.1739844034501,0.9832898321357277,-26.169713994340054,0,0.1
352.60963708052907,0.9968357990421463,-26.44555009060943,0,0.1
355.0622310617241,1.0104349221166302,-26.72529892077222,0,0.1
357.53188418312425,1.0240878411385592,-27.00901742978508,0,0.1
360.0187151004329,1.0377265285071349,-27.29688300082328,0,0.1
362.52284329466966,1.0514093839093321,-27.588851471096838,0,0.1
365.0443890779098,1.0651266124804126,-27.88499928519358,0,0.1
367.58347359906554,1.078848176080255,-28.185437597579156,0,0.1
370.14021884970646,1.0925632486116468,-28.490244037031573,0,0.1
372.7147476699204,1.1062706668449638,-28.799479919119737,0,0.1
375.30718375421594,1.1199993951101286,-29.113156764753253,0,0.1
377.9176516574646,1.133687411783399,-29.431438615141673,0,0.1
380.5462768008857,1.147383543872922,-29.754304865323324,0,0.1
383.1931854780723,1.1610347940643295,-30.081903461790223,0,0.1
385.85850486105863,1.174638453563119,-30.414298740378364,0,0.1
388.5423630064304,1.1881811789461003,-30.751572128086504,0,0.1
391.2448888614774,1.2016804623227144,-31.09375607590064,0,0.1
393.96621227038884,1.2151119845095582,-31.440949548681346,0,0.1
396.7064639804915,1.2284717949106603,-31.79321886681117,0,0.1
399.4657756485318,1.2417450256752414,-32.15064691189173,0,0.1
402.24427984700117,1.2548842195072103,-32.51336441673619,0,0.1
405.04211007050577,1.2679480257002587,-32.88134209481157,0,0.1
407.85940074218024,1.2808773956039725,-33.254726736436616,0,0.1
410.69628722014585,1.2936551542463102,-33.633600406838696,0,0.1
413.55290580401413,1.3062962841484735,-34.01799845881169,0,0.1
416.42939374143555,1.3187719276520924,-34.408018452168825,0,0.1
419.3258892346932,1.3310744317368766,-34.80372647403745,0,0.1
422.24253144734325,1.3431623812579585,-35.20523307325723,0,0.1
425.179460510901,1.355037889534221,-35.61258754289903,0,0.1
428.13681753157323,1.3667028858131112,-36.025839508234874,0,0.1
431.11474459703845,1.378113861756318,-36.44509597333983,0,0.1
434.11338478327275,1.3892715679616672,-36.870404566722975,0,0.1
437.13288216142445,1.4001650959832252,-37.301826823750154,0,0.1
440.173381804736,1.4107485205799295,-37.739464041972,0,0.1
443.23502979551404,1.420997770832437,-38.18338683313461,0,0.1
446.31797323214806,1.4309462085015627,-38.63359832379233,0,0.1
449.4223602361776,1.4405106472467146,-39.09023195126027,0,0.1
452.5483399594091,1.4496882001137616,-39.55332561895076,0,0.1
455.6960625910818,1.4584875523947969,-40.022904370812405,0,0.1
458.8656793650838,1.4668578279231859,-40.49905276625195,0,0.1
462.0573425672179,1.4747707510416999,-40.98182633340527,0,0.1
465.2712055425187,1.4822333585408471,-41.47124338680973,0,0.1
468.5074227026196,1.4891799973639477,-41.967386887682906,0,0.1
471.76614953317204,1.495592102851993,-42.47028950433511,0,0.1
475.04754260131557,1.501487290775045,-42.97995068316856,0,0.1
478.3517595632003,1.5067726267138024,-43.49645734935411,0,0.1
481.6789591715617,1.5114644340196985,-44.01980054543113,0,0.1
485.02930128334776,1.5155295235640498,-44.55000718644466,0,0.1
488.40294686739946,1.5189464243758513,-45.0870899709865,0,0.1
491.8000580121847,1.5216554444509427,-45.63108047848194,0,0.1
495.2207979335857,1.5236587923862381,-46.181963289862495,0,0.1
498.665330982741,1.5248952335997057,-46.73975577188779,0,0.1
502.1338226539417,1.5253533559264452,-47.30443871952179,0,0.1
505.62643959258287,1.5249831195548105,-47.87600653972152,0,0.1
509.14334960316967,1.5237722293521925,-48.45442774126115,0,0.1
512.68472165738,1.5216823958323158,-49.039676041037545,0,0.1
516.2507259021829,1.5186877531763154,-49.63171231980137,0,0.1
519.841533668013,1.5147490970373116,-50.23049415176873,0,0.1
523.4573174770023,1.5098267511252512,-50.83596968127503,0,0.1
527.0982510512695,1.50386747689977,-51.448079491003796,0,0.1
530.7645093212655,1.4968702711476445,-52.06674510384355,0,0.1
534.4562684341794,1.4887682060875376,-52.69189001727942,0,0.1
538.1737057624005,1.4795734927102169,-53.3234201927917,0,0.1
541.9169999120409,1.4692188965284958,-53.961238930653344,0,0.1
545.6863307315159,1.457676867811427,-54.605236304652884,0,0.1
549.4818793201863,1.4448797662510093,-55.25528828419968,0,0.1
553.3038280370578,1.4308538937870308,-55.91127146328287,0,0.1
557.1523605095437,1.415545512672862,-56.57304546484861,0,0.1
561.027661642287,1.3988874526006525,-57.240451135277695,0,0.1
564.9299176260438,1.3808803694474352,-57.9133354975938,0,0.1
568.8593159466297,1.361484970791803,-58.591525947830476,0,0.1
572.8160453939274,1.3406352840033162,-59.274825103676065,0,0.1
576.8002960709567,1.3183338676697685,-59.963053276518465,0,0.1
580.8122594030085,1.2945978703861207,-60.656036490479146,0,0.1
584.8521281468421,1.2692953730882555,-61.353504822843426,0,0.1
588.920096399946,1.2424315644466952,-62.055250431996654,0,0.1
593.0163596098636,1.214040122929179,-62.761084901123176,0,0.1
597.1411145835832,1.1840056196065947,-63.4707005643589,0,0.1
601.2945594969942,1.15239140402399,-64.18391719225664,0,0.1
605.4768939044083,1.1190708512024794,-64.9003850616308,0,0.1
609.688318748147,1.0841100002668649,-65.61991505760837,0,0.1
613.9290363681965,1.0474533866179088,-66.3421993993684,0,0.1
618.1992505119288,1.0090880616747526,-67.06696104708699,0,0.1
622.4991663438906,0.9689890526984068,-67.79390114908246,0,0.1
626.8289904556613,0.927146691915655,-68.52272998412322,0,0.1
631.1889308757782,0.8835665650074848,-69.25317184997601,0,0.1
635.5791970797316,0.8381747264923324,-69.9848365188555,0,0.1
640.0000000000289,0.7910210763135095,-70.71749297366208,0,0.1
644.4515520363291,0.7420895314879878,-71.45081775757839,0,0.1
648.9340670656479,0.6913525837687111,-72.18446080381545,0,0.1
653.4477604526332,0.6388116690312401,-72.91810931918828,0,0.1
657.9928490599125,0.5844834368758057,-73.65147363284325,0,0.1
662.5695512585116,0.5283331792329287,-74.38417154000356,0,0.1
667.178086938348,0.4703815498472095,-75.11591191708602,0,0.1
671.8186775187937,0.41065087275618145,-75.84640890461087,0,0.1
676.4915459593144,0.3490996850096594,-76.57525005647058,0,0.1
681.1969167701814,0.2857804961986481,-77.30220465719917,0,0.1
685.935016023259,0.22070799791513152,-78.02697132025784,0,0.1
690.7060713628651,0.15387289270588717,-78.74919578637453,0,0.1
695.5103120167091,0.08528098315137556,-79.46855271221717,0,0.1
700.3479688069056,0.01494006352522273,-80.18471992693718,0,0.1
705.2192741610634,-0.057089600042403196,-80.89750279972796,0,0.1
710.1244621234536,-0.1308475460332268,-81.60646945639309,0,0.1
715.0637683662537,-0.20625800459139648,-82.3114725484852,0,0.1
720.0374302008713,-0.28330703668890383,-83.01221902737501,0,0.1
725.0456865893448,-0.3619913063369606,-83.70838827169985,0,0.1
730.0887781558251,-0.4422689545924021,-84.39976612811225,0,0.1
735.1669471981365,-0.5241456724687148,-85.08601141519802,0,0.1
740.2804376994185,-0.6075530055032787,-85.76699749127079,0,0.1
745.4294953398465,-0.692482118463016,-86.4424353848521,0,0.1
750.6143675084376,-0.7788753617019477,-87.11218740047963,0,0.1
755.8353033149348,-0.8667568565668547,-87.77587239168558,0,0.1
761.0925536017771,-0.9560437862573885,-88.43344589448192,0,0.1
766.3863709561504,-1.0467346643193938,-89.08461729954661,0,0.1
771.717009722123,-1.1387580524158865,-89.72933065994414,0,0.1
777.0847260128666,-1.232122131886271,-90.36727541985161,0,0.1
782.4897777229608,-1.3267772986302773,-90.99834038457513,0,0.1
787.9324245407837,-1.4226851573703982,-91.62238734388518,0,0.1
793.412927960989,-1.5198071408046259,-92.23928874178067,0,0.1
798.9315512970695,-1.6180937791422036,-92.84896763069165,0,0.1
804.4885596940084,-1.7175388435112224,-93.45119695443262,0,0.1
810.0842201410177,-1.8180818835549264,-94.04595969923884,0,0.1
815.7188014843666,-1.9196949122778109,-94.63312819901826,0,0.1
821.392574440298,-2.0223393332016917,-95.21262464202161,0,0.1
827.1058116080346,-2.1259973356943878,-95.78429774939048,0,0.1
832.8587874828772,-2.2306201075374013,-96.34812876602876,0,0.1
838.6517784693928,-2.336169703066306,-96.9040669416541,0,0.1
844.4850628946929,-2.4425887569863813,-97.45215430715888,0,0.1
850.3589210218082,-2.5498801829995315,-97.99218921685119,0,0.1
856.2736350631529,-2.6579777021971145,-98.52427204939791,0,0.1
862.2294891940834,-2.7668745295121635,-99.04825766295119,0,0.1
868.226769566552,-2.876534707370541,-99.56413460500816,0,0.1
874.2657643228554,-2.986885364223827,-100.07206930790065,0,0.1
880.3467636094787,-3.0979488429797564,-100.5718086722668,0,0.1
886.4700595910348,-3.209653854158373,-101.06353239664267,0,0.1
892.635946464303,-3.3219950409703385,-101.54712716822529,0,0.1
898.844720472362,-3.434921674552862,-102.02269935428353,0,0.1
905.096679918825,-3.5484023494370303,-102.49027514846827,0,0.1
911.3921251821704,-3.662423972723174,-102.9497999193928,0,0.1
917.7313587301744,-3.7769474101070273,-103.40135251042206,0,0.1
924.1146851344428,-3.8919347139001808,-103.84501620070617,0,0.1
930.5424110850445,-4.007374556917474,-104.28074970636466,0,0.1
937.0148454052463,-4.123230481917545,-104.70864428988035,0,0.1
943.5322990663512,-4.23949208397601,-105.12866633263013,0,0.1
950.0950852026382,-4.356099819001499,-105.54104214211982,0,0.1
956.7035191264079,-4.4730612670089345,-105.94565900453028,0,0.1
963.3579183431307,-4.590343250161628,-106.34262082764319,0,0.1
970.0586025667028,-4.707929595253555,-106.73194885991533,0,0.1
976.8058937348063,-4.825757511024499,-107.11392104918842,0,0.1
983.6001160243768,-4.943867515868334,-107.48826634658421,0,0.1
990.4415958671789,-5.062183089761357,-107.85535069932209,0,0.1
997.3306619654895,-5.180699105442079,-108.21516054099766,0,0.1
1004.267645307891,-5.299425498515813,-108.56760099843767,0,0.1
1011.2528791851732,-5.418304807089566,-108.91295595533101,0,0.1
1018.2866992063468,-5.53734064562962,-109.25117511643988,0,0.1
1025.3694433147675,-5.656500032830186,-109.5824178447999,0,0.1
1032.5014518043733,-5.775780047631166,-109.90667805210417,0,0.1
1039.6830673360337,-5.895142242992649,-110.22415689499161,0,0.1
1046.9146349540124,-6.01458492110778,-110.53484946048856,0,0.1
1054.1965021025467,-6.134106418541245,-110.8387525026874,0,0.1
1061.5290186425389,-6.253663728988642,-111.13610770228749,0,0.1
1068.9125368683667,-6.373263375930521,-111.42687139495295,0,0.1
1076.347411524809,-6.492864310980916,-111.71128333311196,0,0.1
1083.8339998240897,-6.612487366716579,-111.98922026279881,0,0.1
1091.37266146304,-6.732099575107729,-112.26088087095422,0,0.1
1098.9637586403808,-6.851695541528903,-112.52630285978955,0,0.1
1106.607656074124,-6.97124414056371,-112.7856819029182,0,0.1
1114.3047210190957,-7.090766979976559,-113.03889732952759,0,0.1
1122.0553232845823,-7.210214801675116,-113.28626078891197,0,0.1
1129.859835252096,-7.329609727199743,-113.52765195826728,0,0.1
1137.7186318932681,-7.448923096072441,-113.76326251246259,0,0.1
1145.6320907878635,-7.568152181575752,-113.99312755902963,0,0.1
1153.600592141922,-7.687282169186389,-114.21735859162118,0,0.1
1161.6245188060257,-7.806304963305103,-114.43602757905015,0,0.1
1169.704256293693,-7.925218890692399,-114.64916801134062,0,0.1
1177.840192799901,-8.043992561522797,-114.8570007720039,0,0.1
1186.032719219736,-8.16265503893529,-115.05936991290005,0,0.1
1194.2822291671753,-8.281169889627833,-115.25653118895538,0,0.1
1202.5891189939975,-8.399542806013875,-115.44847742608589,0,0.1
1210.9537878088256,-8.517756313338017,-115.63534863454548,0,0.1
1219.3766374963034,-8.63580509432136,-115.81720941462268,0,0.1
1227.8580727364024,-8.753689807898276,-115.99408731447438,0,0.1
1236.3985010238666,-8.871411215975504,-116.16600985278605,0,0.1
1244.9983326877905,-8.98894784133671,-116.33314721061828,0,0.1
1253.657980911332,-9.106290104283246,-116.4955950252984,0,0.1
1262.377861751566,-9.223445346246347,-116.6533414297263,0,0.1
1271.1583941594727,-9.34040444442041,-116.80648041441825,0,0.1
1280.0000000000673,-9.457164099557085,-116.95506936649434,0,0.1
1288.9031040726677,-9.573721242554349,-117.09916474853247,0,0.1
1297.8681341313059,-9.690057034723324,-117.23892505201617,0,0.1
1306.8955209052763,-9.806190364758562,-117.37426652292031,0,0.1
1315.9856981198345,-9.922097675907889,-117.50537903471391,0,0.1
1325.1391025170333,-10.037787511209267,-117.63224613373154,0,0.1
1334.3561738767062,-10.153237233596181,-117.7550527843855,0,0.1
1343.6373550375972,-10.268466098967089,-117.87371397512061,0,0.1
1352.9830919186386,-10.383452111834428,-117.98841117885704,0,0.1
1362.393833540373,-10.498214568736682,-118.09905950444602,0,0.1
1371.8700320465282,-10.61271697533541,-118.20593457496007,0,0.1
1381.4121427257405,-10.726988965927664,-118.30888507356853,0,0.1
1391.0206240334287,-10.841009822065963,-118.40808504536592,0,0.1
1400.6959376138216,-10.954784173295636,-118.50354493578644,0,0.1
1410.4385483221372,-11.068306840329331,-118.59533862346993,0,0.1
1420.2489242469178,-11.181572895691868,-118.6835383969137,0,0.1
1430.1275367325184,-11.29458249700532,-118.76818376884465,0,0.1
1440.0748604017533,-11.407321474145569,-118.84940656916052,0,0.1
1450.0913731787002,-11.519814391225534,-118.9270891366953,0,0.1
1460.177556311661,-11.632037779064117,-119.00142315157038,0,0.1
1470.3338943962842,-11.743997205302051,-119.07241327205742,0,0.1
1480.560875398848,-11.855684117983367,-119.14015485615433,0,0.1
1490.8589906797042,-11.967118308905151,-119.20456139158082,0,0.1
1501.2287350168863,-12.078258826385039,-119.2659356250866,0,0.1
1511.670606629881,-12.189153531599208,-119.32401139761306,0,0.1
1522.1851072035656,-12.299748243571198,-119.37917523701162,0,0.1
1532.772741912312,-12.410076897199305,-119.43125023648483,0,0.1
1543.4340194442575,-12.520140977361994,-119.48026711169689,0,0.1
1554.1694520257447,-12.629919434636783,-119.52639963382168,0,0.1
1564.9795554459333,-12.73941424929439,-119.56967460491697,0,0.1
1575.8648490815792,-12.84863640525845,-119.61006184281206,0,0.1
1586.8258559219898,-12.957587854684672,-119.64758859215658,0,0.1
1597.863102594151,-13.066239599735944,-119.68247705683767,0,0.1
1608.9771193880288,-13.174620610885675,-119.71458339633936,0,0.1
1620.1684402820476,-13.282715518174353,-119.7440432928933,0,0.1
1631.4376029687455,-13.39051806955329,-119.77093437859051,0,0.1
1642.7851488806082,-13.498056976872794,-119.79511546960681,0,0.1
1654.2116232160815,-13.605291308068523,-119.81688069233282,0,0.1
1665.7175749657672,-13.71224984902222,-119.83608838708432,0,0.1
1677.303556938798,-13.818926660625696,-119.85281369382145,0,0.1
1688.9701257893985,-13.92531172763399,-119.86715641258476,0,0.1
1700.7178420436294,-14.031412282236529,-119.8791091952295,0,0.1
1712.5472701263188,-14.137218591896389,-119.8887692811671,0,0.1
1724.4589783881795,-14.242746434777198,-119.89607667306957,0,0.1
1736.453539133117,-14.347977849573494,-119.90117852102793,0,0.1
1748.531528645724,-14.452924481612392,-119.90404006990013,0,0.1
1760.6935272189705,-14.557585378952815,-119.90470375185221,0,0.1
1772.940119182083,-14.661959676526894,-119.90321121279287,0,0.1
1785.2718929286193,-14.766042466791689,-119.89962825529005,0,0.1
1797.6894409447373,-14.869837206605492,-119.89396975187594,0,0.1
1810.1933598376636,-14.973355552978663,-119.88620142059862,0,0.1
1822.7842503643546,-15.076568265422598,-119.87653433238238,0,0.1
1835.4627174603627,-15.179491302522226,-119.86490757305971,0,0.1
1848.2293702688994,-15.282140444975049,-119.85126232776209,0,0.1
1861.0848221701028,-15.384499034827037,-119.83573294900764,0,0.1
1874.0296908105065,-15.486562771715843,-119.81837930616499,0,0.1
1887.0645981327166,-15.588339487170302,-119.79918935036123,0,0.1
1900.190170405291,-15.689832966341557,-119.7781751753056,0,0.1
1913.4070382528298,-15.791039041379678,-119.75539541723182,0,0.1
1926.715836686276,-15.891953653704622,-119.73090751129921,0,0.1
1940.1172051334202,-15.992584701920938,-119.70469901793068,0,0.1
1953.611787469627,-16.092936091211048,-119.67678101738716,0,0.1
1967.2002320487684,-16.192984247570564,-119.64732280567074,0,0.1
1980.8831917343723,-16.292760723389385,-119.61617545474176,0,0.1
1994.661323930994,-16.39224990979312,-119.58346183656187,0,0.1
2008.535290615797,-16.49145587906564,-119.54919129953142,0,0.1
2022.5057583703617,-16.59037106480532,-119.51343926094282,0,0.1
2036.573398412709,-16.689007356815164,-119.4761704570022,0,0.1
2050.7388866295505,-16.78735727315673,-119.43745933206507,0,0.1
2065.0029036087626,-16.885428826588157,-119.39729270339843,0,0.1
2079.366134672083,-16.98320698411697,-119.35578635501795,0,0.1
2093.8292699080407,-17.080718943956523,-119.31282002338882,0,0.1
2108.3930042051093,-17.17793829205197,-119.26857210656146,0,0.1
2123.0580372850936,-17.27488073273762,-119.22298646297283,0,0.1
2137.82507373675,-17.371542881435197,-119.17611282046485,0,0.1
2152.6948230496346,-17.467928976506638,-119.12795874823209,0,0.1
2167.6679996481957,-17.564039468924985,-119.07855256561673,0,0.1
2182.7453229260964,-17.659863552133416,-119.02798333407034,0,0.1
2197.927517280778,-17.755413053167153,-118.97621689488096,0,0.1
2213.2153121482643,-17.85069221977174,-118.92326062926607,0,0.1
2228.6094420382083,-17.94569035388276,-118.8692019259973,0,0.1
2244.1106465691814,-18.04040804846181,-118.814066878171,0,0.1
2259.7196705042093,-18.13486076028268,-118.75780269110453,0,0.1
2275.4372637865536,-18.22904158885662,-118.70047564532307,0,0.1
2291.2641815757443,-18.32294001899041,-118.642170099661,0,0.1
2307.2011842838615,-18.41657145668624,-118.58283376163159,0,0.1
2323.2490376120686,-18.509932784490502,-118.5225118853358,0,0.1
2339.4085125874035,-18.603020924486128,-118.46124898229847,0,0.1
2355.6803855998196,-18.695851148385977,-118.39899447278957,0,0.1
2372.0654384394898,-18.78840936606412,-118.33584958594007,0,0.1
2388.5644583343683,-18.880696203845034,-118.27183883237257,0,0.1
2405.178237988013,-18.97271592688385,-118.20696804321865,0,0.1
2421.9075756176694,-19.06447640014555,-118.1412249981297,0,0.1
2438.753274992625,-19.155967306432462,-118.07468950913854,0,0.1
2455.716145472823,-19.247196498657882,-118.00734911512544,0,0.1
2472.797002047752,-19.338164547778863,-117.93922816284699,0,0.1
2489.9966653755996,-19.42887201985893,-117.87035082462909,0,0.1
2507.3159618226828,-19.51931587928162,-117.80075886352985,0,0.1
2524.755723503151,-19.609503876913188,-117.73044047405858,0,0.1
2542.3167883189644,-19.699440118732078,-117.6594021591236,0,0.1
2560.0000000001537,-19.789107222928685,-117.5877551726734,0,0.1
2577.806208145355,-19.878520048935616,-117.51545265285078,0,0.1
2595.736268262631,-19.96768621518717,-117.44248379218017,0,0.1
2613.7910418105726,-20.056595496736808,-117.36892385761163,0,0.1
2631.971396239689,-20.145255481288476,-117.29476183904787,0,0.1
2650.2782050340866,-20.23365242979182,-117.2200885121709,0,0.1
2668.7123477534324,-20.321811601638476,-117.14480870655686,0,0.1
2687.274710075215,-20.409715689415933,-117.0690296239704,0,0.1
2705.9661838372976,-20.497375696730636,-116.99272403911179,0,0.1
2724.7876670807664,-20.584784938034023,-116.9159478916034,0,0.1
2743.740064093077,-20.671954329313525,-116.83867463807294,0,0.1
2762.824285451502,-20.758880663515676,-116.76094361934827,0,0.1
2782.0412480668783,-20.845557232871418,-116.68280967799933,0,0.1
2801.391875227664,-20.931994844614643,-116.60424678157688,0,0.1
2820.8770966442953,-21.01818675489013,-116.52530936998586,0,0.1
2840.4978484938565,-21.10415065586496,-116.44594051104673,0,0.1
2860.2550734650586,-21.189869286108095,-116.36624185354577,0,0.1
2880.1497208035285,-21.275353285977708,-116.28618831488225,0,0.1
2900.1827463574223,-21.3606027934197,-116.2058022736212,0,0.1
2920.355112623344,-21.44561792268762,-116.12510594961576,0,0.1
2940.6677887925907,-21.530398763651437,-116.044121404212,0,0.1
2961.121750797718,-21.61495229789893,-115.96284019933368,0,0.1
2981.717981359431,-21.69927508286034,-115.88129973549863,0,0.1
3002.4574700337953,-21.783367118015416,-115.79952188276263,0,0.1
3023.3412132597846,-21.86722493174935,-115.71754322949432,0,0.1
3044.3702144071544,-21.950872564442268,-115.635281525725,0,0.1
3065.545483824648,-22.034278933341728,-115.55289208116953,0,0.1
3086.868038888538,-22.117471420112395,-115.47027846109832,0,0.1
3108.338904051513,-22.200442968477606,-115.38749211177273,0,0.1
3129.9591108918903,-22.283193374483652,-115.30455472674362,0,0.1
3151.7296981631816,-22.365718986805987,-115.22150214607743,0,0.1
3173.651711844004,-22.44802980074641,-115.13831272870594,0,0.1
3195.726205188326,-22.530125501359677,-115.0550081680312,0,0.1
3217.954238776082,-22.61200574462618,-114.97160996843255,0,0.1
3240.3368805641194,-22.693676963056536,-114.88811150485654,0,0.1
3262.8752059375156,-22.77513533114417,-114.804548307736,0,0.1
3285.570297761241,-22.85637361348336,-114.72096916051208,0,0.1
3308.4232464321876,-22.937411707749632,-114.63731227746635,0,0.1
3331.435149931559,-23.01823551214522,-114.55365398680047,0,0.1
3354.607113877621,-23.09885802851248,-114.46996071945716,0,0.1
3377.9402515788224,-23.179275266254024,-114.3862673400963,0,0.1
3401.4356840872842,-23.259493350795534,-114.30256804064844,0,0.1
3425.094540252663,-23.33950147948269,-114.21892393253682,0,0.1
3448.9179567763854,-23.419309083380707,-114.13531565552523,0,0.1
3472.9070782662598,-23.498922154690373,-114.05173774397166,0,0.1
3497.0630572914743,-23.57833317276464,-113.96823736554339,0,0.1
3521.387054437968,-23.657551415855277,-113.88479596052464,0,0.1
3545.880238364193,-23.736572662763628,-113.80144727510213,0,0.1
3570.543785857265,-23.815399383044614,-113.71819888026654,0,0.1
3595.378881889502,-23.894040705289655,-113.63503295010017,0,0.1
3620.3867196753545,-23.972478905527474,-113.55203365890893,0,0.1
3645.5685007287366,-24.050743121612825,-113.46910719168527,0,0.1
3670.9254349207527,-24.12880887868852,-113.38636242598326,0,0.1
3696.458740537827,-24.206698503495318,-113.30373176052392,0,0.1
3722.1696443402334,-24.28439417515287,-113.22129781026274,0,0.1
3748.0593816210417,-24.361911434806455,-113.13901855887264,0,0.1
3774.129196265462,-24.4392457529485,-113.05692652114247,0,0.1
3800.3803408106105,-24.51639590954034,-112.97504152572499,0,0.1
3826.8140765056887,-24.593373955215547,-112.89333485195915,0,0.1
3853.43167337258,-24.670168610891277,-112.81186269883105,0,0.1
3880.2344102668694,-24.746795158531828,-112.73058468568249,0,0.1
3907.223574939284,-24.823245578357152,-112.64954463151935,0,0.1
3934.400464097566,-24.89951515751535,-112.56877374351082,0,0.1
3961.7663834687746,-24.97561903646678,-112.48823232935312,0,0.1
3989.322647862018,-25.05155572919801,-112.4079401022307,0,0.1
4017.070581231624,-25.127320414998056,-112.32792810172337,0,0.1
4045.011516740754,-25.2029181688318,-112.24819225359758,0,0.1
4073.1467968254487,-25.278354018541812,-112.16872874956803,0,0.1
4101.477773259132,-25.353623046489908,-112.08956822652667,0,0.1
4130.005807217556,-25.42873350707754,-112.01069546463997,0,0.1
4158.732269344197,-25.50367053478514,-111.93217462127666,0,0.1
4187.658539816113,-25.578458787425294,-111.85393411323433,0,0.1
4216.78600841025,-25.653086628459096,-111.77602666709,0,0.1
4246.116074570219,-25.7275588641734,-111.6984485830853,0,0.1
4275.650147473531,-25.801873685596743,-111.62121841947632,0,0.1
4305.389646099301,-25.876032542572013,-111.54434350349678,0,0.1
4335.335999296423,-25.950040133191475,-111.46782023710323,0,0.1
4365.4906458522255,-26.023897834462066,-111.391656065026,0,0.1
4395.8550345615895,-26.09761026850322,-111.31584761718744,0,0.1
4426.430624296562,-26.171162364584074,-111.24045601823359,0,0.1
4457.21888407645,-26.24458161565964,-111.16540261819844,0,0.1
4488.2212931383965,-26.317846347764565,-111.0907695923263,0,0.1
4519.439341008452,-26.39096106784345,-111.01655310313474,0,0.1
4550.874527573141,-26.463943314191706,-110.9427075538109,0,0.1
4582.528363151522,-26.536784432362946,-110.86927186561893,0,0.1
4614.402368567757,-26.609485552883637,-110.79625310298762,0,0.1
4646.498075224173,-26.682037992443853,-110.72368922945779,0,0.1
4678.817025174842,-26.75446566015768,-110.65151485105297,0,0.1
4711.360771199674,-26.82675003143528,-110.57979876921584,0,0.1
4744.130876879015,-26.89889864789786,-110.50852717177695,0,0.1
4777.128916668773,-26.97091900958194,-110.43768661410145,0,0.1
4810.356475976061,-27.042812070661952,-110.36728410828727,0,0.1
4843.815151235375,-27.11456575626924,-110.29736658646408,0,0.1
4877.506549985286,-27.186193986718024,-110.22790050777114,0,0.1
4911.432290945683,-27.257694392655353,-110.15890256393924,0,0.1
4945.594004095541,-27.32906458710708,-110.09038916806469,0,0.1
4979.9933307512365,-27.400321629680263,-110.02231769145004,0,0.1
5014.631923645403,-27.471443615047754,-109.9547633656391,0,0.1
5049.511447006339,-27.542444308681336,-109.88769330539532,0,0.1
5084.633576637967,-27.613330948868665,-109.82109463154913,0,0.1
5120.000000000346,-27.684088076590342,-109.75502196234798,0,0.1
5155.612416290749,-27.75473583766635,-109.68942381489926,0,0.1
5191.4725365253,-27.82525874117959,-109.62435430984375,0,0.1
5227.582083621183,-27.895663935952392,-109.55980034464771,0,0.1
5263.942792479418,-27.965965000285436,-109.49573029125717,0,0.1
5300.556410068212,-28.03614640075287,-109.43219745695362,0,0.1
5337.424695506905,-28.10621521214509,-109.36918891393604,0,0.1
5374.54942015047,-28.176175251309914,-109.30670129021725,0,0.1
5411.932367674636,-28.246020634750522,-109.24475899793516,0,0.1
5449.575334161574,-28.3157615913335,-109.1833400815502,0,0.1
5487.480128186196,-28.385395425239825,-109.12245959722419,0,0.1
5525.648570903045,-28.4549258708614,-109.0621141419643,0,0.1
5564.082496133798,-28.524346981398594,-109.00232756802677,0,0.1
5602.78375045537,-28.593668895221107,-108.94307823064796,0,0.1
5641.754193288633,-28.662885634150786,-108.8843897677802,0,0.1
5680.995696987757,-28.73200086133139,-108.82625860385308,0,0.1
5720.51014693016,-28.80101821899233,-108.76868124366547,0,0.1
5760.2994416071,-28.86993811631763,-108.71166311865426,0,0.1
5800.365492714889,-28.938754525319705,-108.65522719326333,0,0.1
5840.710225246731,-29.007477464282164,-108.59935217685639,0,0.1
5881.335577585225,-29.076107295772168,-108.54404336207345,0,0.1
5922.243501595481,-29.144641161580708,-108.48931464698846,0,0.1
5963.435962718906,-29.21308260775559,-108.4351623815599,0,0.1
6004.914940067636,-29.28142875286114,-108.38160021737798,0,0.1
6046.682426519615,-29.349689522308765,-108.32860725558072,0,0.1
6088.740428814354,-29.417852398407454,-108.27622275518375,0,0.1
6131.090967649341,-29.48594008320635,-108.22439174186842,0,0.1
6173.736077777122,-29.553927235736953,-108.17318721800396,0,0.1
6216.6778081030725,-29.621836522101077,-108.12255444539224,0,0.1
6259.918221783827,-29.68966178729227,-108.07251518814648,0,0.1
6303.4593963264115,-29.757396875830008,-108.02309084328617,0,0.1
6347.303423688055,-29.825051606606753,-107.97426080616853,0,0.1
6391.4524103767,-29.892626193235724,-107.92602969024432,0,0.1
6435.9084775522115,-29.960117647489454,-107.87841028856006,0,0.1
6480.673761128287,-30.027526168264007,-107.83140695318755,0,0.1
6525.750411875079,-30.094855135966014,-107.78501576508876,0,0.1
6571.140595522531,-30.16211110702276,-107.73922469793432,0,0.1
6616.846492864425,-30.22929105679399,-107.69404629675265,0,0.1
6662.870299863169,-30.296395144277742,-107.64948480186071,0,0.1
6709.214227755292,-30.363423520991088,-107.60554437796839,0,0.1
6755.880503157695,-30.43037633124515,-107.56222911560906,0,0.1
6802.871368174619,-30.49726644597785,-107.51951100986197,0,0.1
6850.189080505378,-30.564071706587686,-107.47745019770733,0,0.1
6897.835913552822,-30.63081133442641,-107.43600260873212,0,0.1
6945.814156532571,-30.697479077621594,-107.3951881472658,0,0.1
6994.126114583001,-30.76408140314506,-107.35499486231963,0,0.1
7042.774108875988,-30.830612052156678,-107.31544239928174,0,0.1
7091.760476728439,-30.89708700666923,-107.27649529307438,0,0.1
7141.087571714584,-30.96348728929387,-107.23820440073294,0,0.1
7190.757763779057,-31.02982251532903,-107.20054986841349,0,0.1
7240.773439350762,-31.096089588359852,-107.16354310061756,0,0.1
7291.137001457528,-31.16230761918611,-107.12714128068372,0,0.1
7341.850869841561,-31.228454460636076,-107.09140219903509,0,0.1
7392.917481075709,-31.294533354217876,-107.0563214935581,0,0.1
7444.339288680522,-31.360560210610092,-107.02186427549233,0,0.1
7496.118763242139,-31.42653190653863,-106.98804181389372,0,0.1
7548.258392530979,-31.492438985406572,-106.9548803991561,0,0.1
7600.760681621277,-31.55829416310514,-106.92235298435439,0,0.1
7653.628153011434,-31.624084815294307,-106.89049321198874,0,0.1
7706.863346745218,-31.68982048002047,-106.85928163745555,0,0.1
7760.468820533797,-31.755513843408497,-106.82869154942185,0,0.1
7814.447149878626,-31.82113962923081,-106.79878624120342,0,0.1
7868.800928195191,-31.886716845401978,-106.76952389499675,0,0.1
7923.532766937609,-31.95224551379492,-106.74090776079296,0,0.1
7978.645295724095,-32.01771617808137,-106.7129632546945,0,0.1
8034.141162463309,-32.083144655473426,-106.68565639548794,0,0.1
8090.023033481568,-32.14851833011283,-106.65901985966055,0,0.1
8146.293593650958,-32.21384038035307,-106.63304921755912,0,0.1
8202.955546518326,-32.27911082474517,-106.6077473996432,0,0.1
8260.011614435174,-32.34434544964401,-106.58308077937069,0,0.1
8317.464538688457,-32.409534798753135,-106.55907434359642,0,0.1
8375.317079632288,-32.474669427666186,-106.53575279126697,0,0.1
8433.572016820564,-32.53976195843572,-106.51308984051091,0,0.1
8492.232149140504,-32.60481239812982,-106.49108837278811,0,0.1
8551.300294947127,-32.66981445667,-106.46976563745123,0,0.1
8610.779292198666,-32.73478073768239,-106.44909556794909,0,0.1
8670.671998592914,-32.799701802979854,-106.42910253649735,0,0.1
8730.981291704516,-32.86458710014647,-106.4097677459495,0,0.1
8791.710069123244,-32.929424053735104,-106.39112251600035,0,0.1
8852.86124859319,-32.994228396436355,-106.37313378957997,0,0.1
8914.437768152968,-33.05899384434693,-106.35581852170527,0,0.1
8976.44258627686,-33.12371726417938,-106.33918641174617,0,0.1
9038.878682016972,-33.18840808924265,-106.32321878131835,0,0.1
9101.74905514635,-33.25306318446915,-106.30792532396697,0,0.1
9165.056726303115,-33.317679420304025,-106.29331563615563,0,0.1
9228.804737135582,-33.38225681005822,-106.27939219771251,0,0.1
9292.996150448414,-33.44681104950031,-106.2661224105026,0,0.1
9357.634050349754,-33.511326463993434,-106.25354388688262,0,0.1
9422.721542399418,-33.575809340169485,-106.2416450536396,0,0.1
9488.261753758103,-33.640269091209916,-106.23040745241718,0,0.1
9554.257833337617,-33.704680668176216,-106.2198892572181,0,0.1
9620.712951952195,-33.76907228334942,-106.2100301851259,0,0.1
9687.630302470823,-33.83343142530816,-106.2008604700315,0,0.1
9755.013099970645,-33.897770632085724,-106.19235478171439,0,0.1
9822.864581891441,-33.96207115019598,-106.18455700712231,0,0.1
9891.188008191157,-34.02634864716856,-106.17743489767842,0,0.1
9959.98666150255,-34.09060001850044,-106.1709977057211,0,0.1
10029.26384729088,-34.15481904231931,-106.16526148473743,0,0.1
10099.022894012754,-34.21902137172904,-106.16019415840887,0,0.1
10169.26715327601,-34.28319766292374,-106.1558186390701,0,0.1
10240.000000000768,-34.34734483055906,-106.15214401258241,0,0.1
10311.224832581574,-34.41147539701235,-106.14914515647251,0,0.1
10382.945073050678,-34.475576918746334,-106.14685164747392,0,0.1
10455.164167242447,-34.53966191573379,-106.14523840206228,0,0.1
10527.885584958914,-34.603721076671576,-106.14432808177797,0,0.1
10601.112820136505,-34.66776068491931,-106.1441092549607,0,0.1
10674.849391013888,-34.731780789508406,-106.14458411326407,0,0.1
10749.098840301021,-34.79578455631234,-106.14574805361885,0,0.1
10823.864735349352,-34.85976270187362,-106.14762356898768,0,0.1
10899.15066832323,-34.92373084787772,-106.15017894367286,0,0.1
10974.960256372473,-34.98768282818933,-106.15342988408055,0,0.1
11051.297141806172,-35.05160938127684,-106.15739877414131,0,0.1
11128.16499226768,-35.11552612304054,-106.16205396332101,0,0.1
11205.567500910824,-35.17942690620176,-106.16741107373764,0,0.1
11283.508386577352,-35.243311807131875,-106.1734722033517,0,0.1
11361.991393975597,-35.3071809063909,-106.18023943899911,0,0.1
11441.020293860403,-35.371037391398026,-106.18770813673213,0,0.1
11520.598883214287,-35.43488444901226,-106.1958736626724,0,0.1
11600.730985429864,-35.49871906524828,-106.20474481299102,0,0.1
11681.420450493551,-35.56253823547812,-106.2143303553704,0,0.1
11762.671155170538,-35.626348257500965,-106.22461892437988,0,0.1
11844.48700319105,-35.69015232727529,-106.23560587696934,0,0.1
11926.871925437901,-35.753941259862316,-106.24731335753819,0,0.1
12009.82988013536,-35.817721359401176,-106.25973000016117,0,0.1
12093.36485303932,-35.881502017056405,-106.27283776751136,0,0.1
12177.4808576288,-35.94526479218366,-106.28667883138948,0,0.1
12262.181935298773,-36.00902217939299,-106.30122844805393,0,0.1
12347.472155554336,-36.07277430290447,-106.31648863707608,0,0.1
12433.355616206238,-36.13652437911017,-106.33245472998995,0,0.1
12519.836443567749,-36.20026636633622,-106.34914209842916,0,0.1
12606.918792652916,-36.26400657690263,-106.36653938210597,0,0.1
12694.606847376202,-36.32773898472513,-106.38466193746383,0,0.1
12782.904820753494,-36.3914729887688,-106.40349172200764,0,0.1
12871.816955104521,-36.45519949432555,-106.42305075999103,0,0.1
12961.347522256672,-36.518921744624826,-106.44333435943068,0,0.1
13051.500823750257,-36.58264913774665,-106.46432446996916,0,0.1
13142.28119104516,-36.64637567946428,-106.48603642566283,0,0.1
13233.69298572895,-36.71009846707342,-106.50847888205129,0,0.1
13325.740599726436,-36.77382382878389,-106.53164045424496,0,0.1
13418.428455510686,-36.837545799768,-106.55553647506333,0,0.1
13511.761006315492,-36.901276853995036,-106.58014218280249,0,0.1
13605.74273634934,-36.965007966080485,-106.60547958789199,0,0.1
13700.378161010858,-37.028742403144804,-106.63154396857134,0,0.1
13795.671827105747,-37.09247423497282,-106.65835066654599,0,0.1
13891.628313065248,-37.15621593419109,-106.68587487989342,0,0.1
13988.252229166108,-37.21996157909984,-106.71413194281301,0,0.1
14085.548217752083,-37.283711388275385,-106.74312381153258,0,0.1
14183.520953456982,-37.34746864560488,-106.77284573744757,0,0.1
14282.175143429275,-37.41123357676273,-106.80329966476998,0,0.1
14381.515527558222,-37.47500641338044,-106.8344875366058,0,0.1
14481.546878701633,-37.538784338617376,-106.86641801284917,0,0.1
14582.274002915165,-37.60257675964408,-106.89907288268273,0,0.1
14683.70173968323,-37.66636866055565,-106.93248769555608,0,0.1
14785.834962151528,-37.730175559826804,-106.96663077643225,0,0.1
14888.678577361155,-37.79399770953578,-107.001504035213,0,0.1
14992.23752648439,-37.857826229836604,-107.03712961271522,0,0.1
15096.516785062071,-37.9216674892732,-107.0734959682848,0,0.1
15201.521363242668,-37.98552176378913,-107.11060502658906,0,0.1
15307.256306022984,-38.04938629498231,-107.14846547590987,0,0.1
15413.726693490553,-38.11326745474155,-107.18706571971707,0,0.1
15520.93764106771,-38.17716249573492,-107.2264144395497,0,0.1
15628.894299757369,-38.24107171962156,-107.2665135600299,0,0.1
15737.6018563905,-38.30499543462337,-107.30736500618669,0,0.1
15847.065533875337,-38.368936987045856,-107.34896390200407,0,0.1
15957.29059144831,-38.432899722242354,-107.39130533881813,0,0.1
16068.282324926739,-38.49687184628875,-107.43441846530239,0,0.1
16180.046066963258,-38.56086883412857,-107.47827112329853,0,0.1
16292.587187302037,-38.62487286750669,-107.5229061776088,0,0.1
16405.911093036775,-38.688905464914676,-107.56827771833268,0,0.1
16520.023228870472,-38.752963938096705,-107.61439441539169,0,0.1
16634.92907737704,-38.81703656033566,-107.66128556923742,0,0.1
16750.634159264704,-38.881129738228616,-107.70893938604208,0,0.1
16867.144033641256,-38.945246855420315,-107.75735087730213,0,0.1
16984.464298281135,-39.00938527126001,-107.80652880456448,0,0.1
17102.600589894384,-39.07355439781449,-107.85645434107514,0,0.1
17221.558584397462,-39.13773656389947,-107.90717079339989,0,0.1
17341.343997185955,-39.20195021723552,-107.95863857622368,0,0.1
17461.962583409164,-39.266192740823215,-108.01086642019976,0,0.1
17583.42013824662,-39.33045553220185,-108.06387700569846,0,0.1
17705.72249718651,-39.39474801290586,-108.11765136038281,0,0.1
17828.875536306066,-39.459067600455654,-108.17219827639647,0,0.1
17952.885172553855,-39.52341472243311,-108.22751960159324,0,0.1
18077.75736403408,-39.587789813722964,-108.28361718112902,0,0.1
18203.498110292836,-39.65219630565936,-108.3404858403522,0,0.1
18330.113452606365,-39.71663762747243,-108.3981203480061,0,0.1
18457.609474271307,-39.78110228445993,-108.45655063354758,0,0.1
18585.99230089697,-39.84560566498102,-108.5157433214186,0,0.1
18715.26810069965,-39.91013332176535,-108.57573547279985,0,0.1
18845.44308479898,-39.97470361078351,-108.63648647808276,0,0.1
18976.523507516347,-40.03929616794639,-108.69804768840673,0,0.1
19108.51566667538,-40.10393231389524,-108.76037123927078,0,0.1
19241.425903904536,-40.168606581577876,-108.82347302153934,0,0.1
19375.260604941792,-40.23330463158815,-108.88739047646288,0,0.1
19510.026199941436,-40.29805368200938,-108.95206108422559,0,0.1
19645.729163783028,-40.36282755754472,-109.01755095047093,0,0.1
19782.376016382463,-40.4276475266488,-109.08381164708804,0,0.1
19919.973323005244,-40.49250818574475,-109.15085917681627,0,0.1
20058.527694581913,-40.55740120717488,-109.21871688817573,0,0.1
20198.045788025658,-40.62234190841697,-109.28735037742916,0,0.1
20338.53430655217,-40.6873219773025,-109.35678297475384,0,0.1
20480.00000000169,-40.75234492256216,-109.42700909521726,0,0.1
20622.4496651633,-40.81740836537559,-109.49803766345774,0,0.1
20765.890146101516,-40.882515824491534,-109.56986303950805,0,0.1
20910.32833448505,-40.94767081490237,-109.64247950183349,0,0.1
21055.771169917985,-41.01286804802782,-109.71590328758145,0,0.1
21202.22564027317,-41.07811398767203,-109.79012130237015,0,0.1
21349.698782027936,-41.143397518656066,-109.86516459826221,0,0.1
21498.197680602203,-41.20873974729837,-109.94098307837545,0,0.1
21647.72947069887,-41.274126650110496,-110.01761516915093,0,0.1
21798.301336646622,-41.339564698236245,-110.09504757252249,0,0.1
21949.920512745113,-41.40505451636148,-110.17328174257332,0,0.1
22102.59428361251,-41.470585091362686,-110.25234903503502,0,0.1
22256.32998453553,-41.536174551539695,-110.33220610952199,0,0.1
22411.135001821818,-41.60181481120589,-110.41287680816465,0,0.1
22567.01677315487,-41.66751233974263,-110.49434749623954,0,0.1
22723.98278795137,-41.73326199501776,-110.57663459705249,0,0.1
22882.04058772098,-41.79906445935727,-110.65973951628717,0,0.1
23041.197766428744,-41.86492331460036,-110.74365603923061,0,0.1
23201.4619708599,-41.93083636110411,-110.82839309079648,0,0.1
23362.840900987278,-41.9968158430867,-110.91392144409255,0,0.1
23525.342310341253,-42.06284514796153,-111.00028815075143,0,0.1
23688.974006382276,-42.12893652887221,-111.08746389518065,0,0.1
23853.743850875984,-42.19508494798554,-111.17546523728903,0,0.1
24019.6597602709,-42.26130549409427,-111.26425478254109,0,0.1
24186.729706078822,-42.327575929157824,-111.35389543350456,0,0.1
24354.96171525778,-42.39391135428519,-111.4443497206003,0,0.1
24524.363870597732,-42.46031536901689,-111.53561088526683,0,0.1
24694.944311108862,-42.5267830007604,-111.62769550266773,0,0.1
24866.711232412665,-42.593309315398486,-111.72062029729715,0,0.1
25039.672887135683,-42.65990934750248,-111.81434710060961,0,0.1
25213.837585306024,-42.72657247304677,-111.90890823191953,0,0.1
25389.213694752598,-42.79330801286294,-112.00428097654277,0,0.1
25565.809641507185,-42.8601167422451,-112.10046610444746,0,0.1
25743.63391020923,-42.9269852890249,-112.19750412960174,0,0.1
25922.695044513537,-42.993931466089265,-112.29534821561265,0,0.1
26103.00164750071,-43.06094194546249,-112.39403896105796,0,0.1
26284.562382090517,-43.12803449322927,-112.49352908899394,0,0.1
26467.385971458098,-43.19519582539566,-112.59385927291746,0,0.1
26651.481199453076,-43.26243803927782,-112.69499793009778,0,0.1
26836.856911021572,-43.32975072609163,-112.79697784071497,0,0.1
27023.522012631187,-43.397137559255405,-112.89979148858272,0,0.1
27211.485472698885,-43.46460220149566,-113.00343119324833,0,0.1
27400.75632202192,-43.53215388830169,-113.10787275000045,0,0.1
27591.3436542117,-43.599782293016425,-113.2131489663046,0,0.1
27783.256626130707,-43.66748551546447,-113.31926827062706,0,0.1
27976.504458332423,-43.735275569875405,-113.42619781765013,0,0.1
28171.096435504372,-43.80314775585891,-113.53395385597325,0,0.1
28367.04190691418,-43.8711001784846,-113.642544335909,0,0.1
28564.35028685876,-43.93914201345461,-113.75194373843225,0,0.1
28763.031055116662,-44.00726856947894,-113.86216763032424,0,0.1
28963.093757403483,-44.07547792265468,-113.97322287532488,0,0.1
29164.548005830547,-44.14377636797305,-114.08509042990156,0,0.1
29367.403479366687,-44.21216732011169,-114.19775820679142,0,0.1
29571.669924303278,-44.280640280865725,-114.31125417543697,0,0.1
29777.35715472254,-44.349206285707375,-114.42553510376356,0,0.1
29984.475052969006,-44.417856171945644,-114.54060976759598,0,0.1
30193.03357012437,-44.48659712774182,-114.6564132319874,0,0.1
30403.042726485564,-44.555402564724595,-114.77292984220156,0,0.1
30614.512612046197,-44.62422930648871,-114.89007680498246,0,0.1
30827.45338698134,-44.69290673110883,-115.00891382121463,0,0.1
31041.875282135654,-44.762110320831226,-115.13205919623978,0,0.1
31257.788599514974,-44.831677037802926,-115.25218122156976,0,0.1
31475.203712781236,-44.90111653262261,-115.37259743158208,0,0.1
31694.13106775091,-44.97058489086105,-115.49406135447678,0,0.1
31914.581182896858,-45.0401357597011,-115.61647183139961,0,0.1
32136.564649853717,-45.109784835865455,-115.73976284915773,0,0.1
32360.09213392676,-45.1795318791119,-115.8639217498175,0,0.1
32585.17437460432,-45.24939025761882,-115.98889663715316,0,0.1
32811.8221860738,-45.31934577859091,-116.11473041377775,0,0.1
33040.04645774119,-45.38941053384188,-116.24138126445412,0,0.1
33269.85815475433,-45.45958311705778,-116.3688534018463,0,0.1
33501.26831852966,-45.529862058622435,-116.4971522435543,0,0.1
33734.28806728276,-45.60025376955422,-116.62625706942329,0,0.1
33968.928596562524,-45.670748820730836,-116.756201288979,0,0.1
34205.20117978902,-45.741366707185946,-116.88691976148137,0,0.1
34443.11716879519,-45.812097973691365,-117.01844623813949,0,0.1
34682.68799437217,-45.88294108876495,-117.15078775264574,0,0.1
34923.92516681859,-45.95390235432227,-117.2839241674526,0,0.1
35166.8402764935,-46.02498023251748,-117.41786250860132,0,0.1
35411.44499437329,-46.0961680320295,-117.55262819554035,0,0.1
35657.7510726124,-46.16748497768696,-117.68815508896611,0,0.1
35905.77034510798,-46.2389191888974,-117.82448675787101,0,0.1
36155.51472806843,-46.31047691128618,-117.96160257245329,0,0.1
36406.99622058595,-46.382156647973446,-118.09950939408604,0,0.1
36660.22690521301,-46.453959487407175,-118.23820479909256,0,0.1
36915.21894854289,-46.52588651932048,-118.37768624769237,0,0.1
37171.98460179422,-46.59794137765316,-118.51794171873183,0,0.1
37430.53620139958,-46.67012513203828,-118.65896829962452,0,0.1
37690.88616959824,-46.742436320761826,-118.8007722909605,0,0.1
37953.04701503298,-46.81487350665634,-118.94335986992692,0,0.1
38217.03133335104,-46.887447852878,-119.08668975154836,0,0.1
38482.85180780936,-46.96015033094589,-119.23079568945622,0,0.1
38750.521209883875,-47.03298451508091,-119.37566379105324,0,0.1
39020.05239988316,-47.105956414615775,-119.52126975631015,0,0.1
39291.458327566346,-47.179061979654115,-119.66762616470878,0,0.1
39564.752032765224,-47.252302077139625,-119.81472478455788,0,0.1
39839.94664601079,-47.32567984762963,-119.96254462480533,0,0.1
40117.05538916413,-47.39919304453657,-120.1110781113294,0,0.1
40396.09157605162,-47.47285069942925,-120.26025791213145,0,0.1
40677.068613104646,-47.54663184194632,-120.41009724623889,0,0.1
40960.00000000368,-47.62052968085149,-120.56044847903202,0,0.1
41244.899330326916,-47.69448719810764,-120.71099405516146,0,0.1
41531.78029220334,-47.76805744185517,-120.86253697546863,0,0.1
41820.65666897041,-47.84253377860294,-121.02401958195804,0,0.1
42111.54233983629,-47.91764521521632,-121.17667068691821,0,0.1
42404.45128054665,-47.99243921953476,-121.33015126081413,0,0.1
42699.3975640562,-48.06729941512501,-121.48484347894806,0,0.1
42996.39536120473,-48.14229123353446,-121.64045495514976,0,0.1
43295.458941398065,-48.21742227547429,-121.7969008775113,0,0.1
43596.60267329357,-48.29270752624165,-121.9540882940478,0,0.1
43899.84102549055,-48.36814029545211,-122.11202797113353,0,0.1
44205.18856722535,-48.44372955928419,-122.27067197235382,0,0.1
44512.659969071385,-48.51947207409063,-122.4300275483932,0,0.1
44822.27000364397,-48.595369152717694,-122.5900849158773,0,0.1
45134.033546310086,-48.67142667013546,-122.75081576540437,0,0.1
45447.96557590307,-48.747645739182126,-122.91221272808833,0,0.1
45764.081175442305,-48.82402281591294,-123.07428923576448,0,0.1
46082.39553285784,-48.900559009089676,-123.23703897060184,0,0.1
46402.92394172015,-48.977264589659306,-123.4004151659465,0,0.1
46725.681801974904,-49.05413139166157,-123.56445228420414,0,0.1
47050.68462068286,-49.13116048599663,-123.72914437526204,0,0.1
47377.94801276491,-49.20835293491278,-123.89448550109377,0,0.1
47707.487701752325,-49.28571882956933,-124.06042869806468,0,0.1
48039.319520542165,-49.363247858017175,-124.22701908533647,0,0.1
48373.45941215801,-49.440943327084184,-124.39424039512646,0,0.1
48709.923430515926,-49.518817429423365,-124.56203494275421,0,0.1
49048.72774119583,-49.596855490215965,-124.730468614594,0,0.1
49389.888622218095,-49.67506743584495,-124.89949386250595,0,0.1
49733.4224648257,-49.75344980931944,-125.06912500720254,0,0.1
50000.0,-49.81402184210686,-125.2003440758845,0,0.1
10.0,-0.28110387040512913,-0.5667844916523388,1,0.2
10.069555500567189,-0.2811043840220883,-0.570729710711121,1,0.2
10.139594797900294,-0.28107979427201363,-0.5746998781347546,1,0.2
10.210121257071936,-0.2810817723946908,-0.5787004255875843,1,0.2
10.281138266560667,-0.2810715827440058,-0.5827276083492343,1,0.2
10.352649238413779,-0.2810621510360776,-0.5867829379372861,1,0.2
10.424657608411218,-0.28104703007182436,-0.5908659383120944,1,0.2
10.497166836230678,-0.281032688252408,-0.5949774761258109,1,0.2
10.57018040561381,-0.2810255942440562,-0.5991184382251658,1,0.2
10.643701824533608,-0.28101930128822333,-0.6032883529957578,1,0.2
10.71773462536294,-0.28100090480563616,-0.607486037055313,1,0.2
10.792282365044281,-0.28099624752186686,-0.6117144646149372,1,0.2
10.867348625260592,-0.28098596729648034,-0.6159717609373363,1,0.2
10.942937012607405,-0.2809636177093427,-0.6202574122329636,1,0.2
11.019051158766118,-0.2809615003057283,-0.6245751691550103,1,0.2
11.095694720678463,-0.28094733721599185,-0.6289216951156202,1,0.2
11.172871380722214,-0.28092759841852327,-0.6332978983443935,1,0.2
11.250584846888108,-0.2809281284306245,-0.6377068947586473,1,0.2
11.328838852958,-0.28090373320184536,-0.642143810251896,1,0.2
11.407637158684253,-0.2808931738441163,-0.646613236638329,1,0.2
11.486983549970367,-0.28087708881667944,-0.6511131928914259,1,0.2
11.566881839052892,-0.28086840743007285,-0.6556453843520462,1,0.2
11.647335864684578,-0.2808477681969452,-0.6602077870382279,1,0.2
11.728349492318808,-0.28084747567133206,-0.6648043937653538,1,0.2
11.809926614295325,-0.28082233547130286,-0.6694301240539087,1,0.2
11.892071150027233,-0.2808175693562227,-0.6740905355230393,1,0.2
11.97478704618931,-0.28080089961040255,-0.6787820283004052,1,0.2
12.05807827690763,-0.28077879853672205,-0.683505583538138,1,0.2
12.141948843950495,-0.28078357262314896,-0.6882653514540251,1,0.2
12.226402776920713,-0.28076356883405196,-0.693055297392471,1,0.2
12.31144413344919,-0.28074463554155155,-0.6978787830238987,1,0.2
12.397076999389895,-0.2807203290643024,-0.7027352444350837,1,0.2
12.48330548901615,-0.28071649884888666,-0.7076281402561523,1,0.2
12.570133745218314,-0.2807008672888192,-0.7125536924987391,1,0.2
12.657565939702833,-0.2806863670566575,-0.7175137517749818,1,0.2
12.745606273192656,-0.28067301388983146,-0.7225085644704411,1,0.2
12.834258975629076,-0.2806608237433832,-0.7275383788258284,1,0.2
12.923528306374958,-0.28063689517568824,-0.7326017707198776,1,0.2
13.013418554419374,-0.2806270797458623,-0.7377023289804733,1,0.2
13.10393403858367,-0.28060555875335463,-0.74283694724123,1,0.2
13.195079107728983,-0.28058526667406475,-0.7480075553147911,1,0.2
13.286858140965156,-0.2805662205995776,-0.7532144107150099,1,0.2
13.379275547861162,-0.2805484378576348,-0.7584577729067553,1,0.2
13.472335768656947,-0.28053193601535786,-0.7637379033228773,1,0.2
13.566043274476765,-0.28051673288250956,-0.7690550653813479,1,0.2
13.660402567544,-0.28049638734699367,-0.7744086396788311,1,0.2
13.755418181397484,-0.28048383600661847,-0.7798006571533809,1,0.2
13.851094681109295,-0.280472638294753,-0.7852305085669706,1,0.2
13.947436663504105,-0.28043697579783633,-0.7906948518357422,1,0.2
14.044448757380025,-0.2804285418794638,-0.7962011626901958,1,0.2
14.142135623731003,-0.2804086000097446,-0.8017442961361799,1,0.2
14.240501955970773,-0.28038362895887653,-0.8073254141564975,1,0.2
14.33955248015833,-0.28036010796142447,-0.812945705979698,1,0.2
14.439291955225018,-0.2803509763009995,-0.818607323786485,1,0.2
14.539725173203164,-0.28032395663867044,-0.8243058817031175,1,0.2
14.640856959456315,-0.28030490788970913,-0.8300454002914485,1,0.2
14.742692172911074,-0.2802873914900388,-0.8358252325463923,1,0.2
14.845235706290554,-0.2802585091729288,-0.8416437458869834,1,0.2
14.94849248634945,-0.2802376616937719,-0.8475040975365603,1,0.2
15.05246747411074,-0.28021841120922336,-0.853405627441256,1,0.2
15.15716566510405,-0.28020077990139314,-0.859348632714612,1,0.2
15.26259208960566,-0.28016541023958186,-0.865330447163628,1,0.2
15.368751812880195,-0.2801510849001173,-0.8713572831416666,1,0.2
15.475649935423972,-0.2801319870153448,-0.8774254972665785,1,0.2
15.58329159321007,-0.2801081398465766,-0.883535375095082,1,0.2
15.69168195793509,-0.280086027213171,-0.8896882205898707,1,0.2
15.800826237267621,-0.2800656731979056,-0.8958843447147408,1,0.2
15.910729675098453,-0.28004064185083066,-0.9021230303808964,1,0.2
16.02139755179252,-0.28000449729698484,-0.9084035343019067,1,0.2
16.13283518444261,-0.27998956673928155,-0.9147313556820139,1,0.2
16.245047927124794,-0.2799506522430013,-0.9210995153998858,1,0.2
16.358041171155712,-0.2799394638678784,-0.9275167245324807,1,0.2
16.471820345351553,-0.2799043429610345,-0.9339748623403855,1,0.2
16.586390916288924,-0.279884079820189,-0.9404806135884975,1,0.2
16.70175838856748,-0.279859319216118,-0.9470311084804693,1,0.2
16.817928305074386,-0.27982362727543875,-0.9536255686366605,1,0.2
16.93490624725064,-0.2797899531372044,-0.9602664780196527,1,0.2
17.052697835359233,-0.27976478585666814,-0.9669552792248546,1,0.2
17.17130872875518,-0.2797416928990051,-0.9736912241048717,1,0.2
17.290744626157405,-0.27970131942558796,-0.9804712970489031,1,0.2
17.411011265922586,-0.2796889228815154,-0.9873036675481667,1,0.2
17.53211442632081,-0.2796463815513161,-0.9941785597335787,1,0.2
17.654059925813208,-0.2796124928397754,-1.0011030672832604,1,0.2
17.776853623331515,-0.27959374888555955,-1.0080787195187173,1,0.2
17.900501418559564,-0.27956433459355384,-1.0151012846995198,1,0.2
18.02500925221672,-0.27953074238829195,-1.0221722422465234,1,0.2
18.150383106343334,-0.2795059271804861,-1.02929428166927,1,0.2
18.27662900458813,-0.2794705358094267,-1.036464242514852,1,0.2
18.403753012497624,-0.2794375241361692,-1.0436848279525355,1,0.2
18.53176123780754,-0.27940046313247463,-1.0509552094516281,1,0.2
18.660659830736275,-0.2793593859621771,-1.0582757365629167,1,0.2
18.790454984280366,-0.2793337127995569,-1.0656504120075372,1,0.2
18.921152934512047,-0.2792976294388213,-1.07307476574245,1,0.2
19.05275996087888,-0.2792705572468679,-1.0805528318528577,1,0.2
19.18528238650542,-0.2792331444498656,-1.0880812955460275,1,0.2
19.31872657849705,-0.2791918888200625,-1.0956617459447446,1,0.2
19.453098948245852,-0.27915975162411283,-1.103297069109028,1,0.2
19.588405951738682,-0.2791173817171844,-1.110983881787156,1,0.2
19.72465408986733,-0.27907774145569003,-1.118725084857392,1,0.2
19.861849908740865,-0.2790537944780323,-1.12652365275149,1,0.2
20.00000000000015,-0.27900680152241447,-1.1343722742211995,1,0.2
20.13911100113453,-0.2789626527164197,-1.1422764667650742,1,0.2
20.279189595800737,-0.2789278506523784,-1.150237955391255,1,0.2
20.42024251414402,-0.27887658218047606,-1.1582518938092268,1,0.2
20.56227653312149,-0.27884120402302326,-1.1663252754550388,1,0.2
20.70529847682771,-0.27880883069531015,-1.1744558963557399,1,0.2
20.849315216822593,-0.2787601127885711,-1.1826401323473792,1,0.2
20.994333672461515,-0.27872094650866774,-1.1908837658793425,1,0.2
21.14036081122778,-0.2786784471247642,-1.1991845200594835,1,0.2
21.28740364906737,-0.2786261935860119,-1.2075414242816542,1,0.2
21.43546925072604,-0.2785965496099538,-1.2159618003014763,1,0.2
21.584564730088722,-0.27853784692652467,-1.2244349976489204,1,0.2
21.734697250521346,-0.27850184357226776,-1.2329725760605885,1,0.2
21.885874025214974,-0.2784497995432669,-1.2415665716003776,1,0.2
22.038102317532406,-0.278401153809918,-1.2502216309088912,1,0.2
22.191389441357092,-0.278355953312575,-1.258938211896291,1,0.2
22.345742761444598,-0.2783077808014436,-1.267715329637492,1,0.2
22.501169693776383,-0.27825668412896987,-1.2765534197733,1,0.2
22.657677705916175,-0.2782091768809776,-1.2854543884477394,1,0.2
22.815274317368676,-0.2781588433921214,-1.2944172319700507,1,0.2
22.973967099940907,-0.2781057334935009,-1.3034423970668771,1,0.2
23.13376367810596,-0.2780692941183653,-1.3125348272484945,1,0.2
23.29467172936933,-0.27801078401796264,-1.3216860217478748,1,0.2
23.456698984637793,-0.27795611684043015,-1.330902419185644,1,0.2
23.619853228590827,-0.2778988797059103,-1.3401829838892245,1,0.2
23.784142300054643,-0.27785205797459667,-1.349531261214099,1,0.2
23.949574092378796,-0.2777833756746039,-1.3589400330107497,1,0.2
24.11615655381544,-0.2777252178508096,-1.368417482550059,1,0.2
24.28389768790117,-0.27767764088447267,-1.3779641524409292,1,0.2
24.452805553841607,-0.2776213020723166,-1.387575841396436,1,0.2
24.622888266898567,-0.2775691915168909,-1.397256190934739,1,0.2
24.794153998779972,-0.2775019667249463,-1.4070009097906624,1,0.2
24.966610978032485,-0.2774390865489292,-1.4168152745089218,1,0.2
25.140267490436816,-0.2773741435873964,-1.4266981901385496,1,0.2
25.315131879405854,-0.2773201327902479,-1.4366534372983955,1,0.2
25.4912125463855,-0.27725771343713934,-1.446676641737151,1,0.2
25.668517951258348,-0.2771934145638818,-1.4567699430828513,1,0.2
25.847056612750112,-0.27712083091812284,-1.4669321850060688,1,0.2
26.026837108838944,-0.2770594296401182,-1.4771689078227994,1,0.2
26.20786807716754,-0.27699633962855624,-1.4874773145320352,1,0.2
26.390158215458165,-0.2769316260914371,-1.497857935747124,1,0.2
26.573716281930512,-0.27686535511402993,-1.508311306746494,1,0.2
26.758551095722524,-0.27679759367032286,-1.5188379675292847,1,0.2
26.944671537314093,-0.276721940702483,-1.529436718936607,1,0.2
27.13208654895373,-0.27665787179360096,-1.540113342385055,1,0.2
27.320805135088207,-0.27657311124940154,-1.5508596241147208,1,0.2
27.510836362795175,-0.27651301447338994,-1.5616884768908639,1,0.2
27.7021893622188,-0.2764388372357208,-1.5725898558075153,1,0.2
27.89487332700842,-0.27636359070005195,-1.5835678668642574,1,0.2
28.088897514760255,-0.27627440824266847,-1.5946194490778471,1,0.2
28.284271247462218,-0.2762101848340511,-1.6057560893045544,1,0.2
28.48100391194176,-0.2761257050544686,-1.6169656225557736,1,0.2
28.679104960316874,-0.2760469263260985,-1.6282559484600172,1,0.2
28.878583910450253,-0.2759609850305796,-1.6396239636161551,1,0.2
29.079450346406546,-0.2758873724317695,-1.6510758757940807,1,0.2
29.28171391891285,-0.27579381285149274,-1.662602895713239,1,0.2
29.485384345822368,-0.2757192142591427,-1.674216965696595,1,0.2
29.690471412581335,-0.2756377733692339,-1.6859111375529092,1,0.2
29.896984972699123,-0.2755560443714796,-1.6976879299824188,1,0.2
30.104934948221704,-0.2754676390461266,-1.7095460246879894,1,0.2
30.314331330208326,-0.275372641799452,-1.7214860166888468,1,0.2
30.52518417921155,-0.2752905561394036,-1.7335144316875808,1,0.2
30.73750362576062,-0.2752020521486347,-1.7456260325086885,1,0.2
30.951299870848175,-0.27510074452158306,-1.7578194288614832,1,0.2
31.16658318642038,-0.27501908839816047,-1.7701052793837113,1,0.2
31.38336391587042,-0.27491186151939334,-1.7824701619967553,1,0.2
31.60165247453548,-0.2748115223703772,-1.794924802948337,1,0.2
31.82145935019715,-0.2747116908955104,-1.807467863841902,1,0.2
32.04279510358529,-0.2746318848011346,-1.8201062482901484,1,0.2
32.26567036888546,-0.2745333543733808,-1.8328282525879318,1,0.2
32.49009585424984,-0.2744226692703631,-1.845636547106338,1,0.2
32.716082342311665,-0.274332302096577,-1.858542331205387,1,0.2
32.94364069070335,-0.27421702686667915,-1.8715315301884614,1,0.2
33.172781832578096,-0.2741028441261688,-1.884613269051768,1,0.2
33.40351677713521,-0.2740028081741756,-1.8977925939661573,1,0.2
33.63585661014903,-0.2738975955016549,-1.9110637993725084,1,0.2
33.86981249450153,-0.27378731028808423,-1.9244275796611006,1,0.2
34.10539567071872,-0.2736720580709846,-1.93788463593627,1,0.2
34.34261745751061,-0.2735649000633868,-1.9514401187148727,1,0.2
34.58148925231507,-0.2734400365825027,-1.965085888402243,1,0.2
34.822022531845434,-0.27332996431505946,-1.9788338354448145,1,0.2
35.064228852641875,-0.27322184105682557,-1.9926802936141965,1,0.2
35.30811985162668,-0.27308338856315795,-2.0066146295012923,1,0.2
35.55370724666329,-0.2729730253153339,-2.0206580920981176,1,0.2
35.80100283711939,-0.27285847664056007,-2.0348000947725295,1,0.2
36.05001850443371,-0.2727204217036332,-2.049034403495718,1,0.2
36.30076621268694,-0.2726043337657793,-2.0633780728572746,1,0.2
36.55325800917653,-0.2724649770578829,-2.0778155260905775,1,0.2
36.80750602499552,-0.272341352258551,-2.0923616800621825,1,0.2
37.06352247561536,-0.2722076630650639,-2.1070078871287836,1,0.2
37.32131966147283,-0.2720769954053144,-2.121759723434637,1,0.2
37.58090996856101,-0.27193651413055475,-2.136613186603769,1,0.2
37.84230586902438,-0.271812273262644,-2.151578829217293,1,0.2
38.105519921758045,-0.2716655133584809,-2.166642845573904,1,0.2
38.37056477301113,-0.271522292474476,-2.18181583887774,1,0.2
38.63745315699439,-0.27138274492798997,-2.1970987019558446,1,0.2
38.906197896491996,-0.27124052356914724,-2.2124898218689317,1,0.2
39.176811903477656,-0.2710827978924599,-2.227984992964567,1,0.2
39.449308179734956,-0.27094212390441497,-2.243597729865937,1,0.2
39.72369981748203,-0.27077973907384717,-2.2593136614690135,1,0.2
40.000000000000604,-0.27063469049081745,-2.275149029331652,1,0.2
40.27822200226936,-0.2704876700427409,-2.291097079891441,1,0.2
40.55837919160177,-0.2703258522489866,-2.3071534767117026,1,0.2
40.840485028288356,-0.27016884017166654,-2.3233269465265423,1,0.2
41.124553066243294,-0.2700102980510981,-2.3396158117559347,1,0.2
41.410596953655734,-0.269843890359399,-2.3560183320216135,1,0.2
41.6986304336455,-0.2696762563328638,-2.372538092858149,1,0.2
41.98866734492334,-0.26950755115787267,-2.389176050417177,1,0.2
42.28072162245588,-0.2693379319939736,-2.405933171340168,1,0.2
42.57480729813507,-0.2691675579964383,-2.422810432915893,1,0.2
42.8709385014524,-0.2689901012549294,-2.4398060529677976,1,0.2
43.16912946017777,-0.2688122131422359,-2.45692376250968,1,0.2
43.46939450104301,-0.26864054894311495,-2.474167380087649,1,0.2
43.771748050430276,-0.268449315449644,-2.4915266724585745,1,0.2
44.07620463506514,-0.26825815073086273,-2.5090110397269205,1,0.2
44.38277888271451,-0.2680802093203535,-2.5266272601793935,1,0.2
44.69148552288952,-0.2678897000169789,-2.544364959056154,1,0.2
45.00233938755311,-0.2676932882240643,-2.5622279918600794,1,0.2
45.315355411832684,-0.26749764351965416,-2.580220305051029,1,0.2
45.63054863473769,-0.2673029462376849,-2.5983429900404427,1,0.2
45.947934199882155,-0.2670963908826017,-2.6165912149461237,1,0.2
46.26752735621227,-0.26689764286253426,-2.634974938727096,1,0.2
46.58934345873901,-0.26668740558144144,-2.6534863248909155,1,0.2
46.913397969275934,-0.2664788565851155,-2.672132450848444,1,0.2
47.23970645718201,-0.26627218768855226,-2.690914471498503,1,0.2
47.56828460010965,-0.2660545995080197,-2.7098274114705867,1,0.2
47.89914818475796,-0.265832782584236,-2.7288754187640594,1,0.2
48.232313107631235,-0.2656134321300132,-2.7480627390978705,1,0.2
48.5677953758027,-0.26539674958868287,-2.7673905815375552,1,0.2
48.90561110768358,-0.2651569423583255,-2.786847538840977,1,0.2
49.2457765337975,-0.26493320807477183,-2.8064536643388753,1,0.2
49.58830799756032,-0.2647062582471477,-2.826200736609324,1,0.2
49.933221956065346,-0.2644698015542961,-2.846086732941875,1,0.2
50.280534980874016,-0.26421754668516506,-2.8661095560108794,1,0.2
50.630263758812085,-0.2639757135505613,-2.886283373677839,1,0.2
50.982425092771386,-0.2637315175344685,-2.9066029831692184,1,0.2
51.33703590251707,-0.2634916821643867,-2.927072957417727,1,0.2
51.69411322550061,-0.263230415159717,-2.947681294428166,1,0.2
52.05367421767828,-0.26296745046307785,-2.9684391560088073,1,0.2
52.41573615433548,-0.26270952163169525,-2.989351230078909,1,0.2
52.78031643091672,-0.2624503551471922,-3.0104155022135157,1,0.2
53.14743256386143,-0.2621836774886122,-3.0316298813356584,1,0.2
53.517102191445446,-0.26190972277399716,-3.0529956514378354,1,0.2
53.8893430746286,-0.2616417447555326,-3.074521066168553,1,0.2
54.264173097907864,-0.2613539508057953,-3.096193582215206,1,0.2
54.64161027017682,-0.2610726186629434,-3.1180284882280866,1,0.2
55.02167272559077,-0.26079799816929566,-3.140027279397314,1,0.2
55.40437872443802,-0.2604977849286175,-3.162173601266658,1,0.2
55.78974665401725,-0.26020478424218463,-3.1844866096897113,1,0.2
56.17779502952094,-0.2599062288212185,-3.2069606089713543,1,0.2
56.56854249492486,-0.25960888949735633,-3.229600667979336,1,0.2
56.962007823883944,-0.2592934848033917,-3.252397281281668,1,0.2
57.358209920634174,-0.2589863346340312,-3.2753665492692967,1,0.2
57.75716782090094,-0.2586681611054615,-3.298498928420442,1,0.2
58.158900692813525,-0.25835878218725666,-3.3218070867470195,1,0.2
58.56342783782614,-0.2580389211893573,-3.3452813674802804,1,0.2
58.97076869164518,-0.2576958131012609,-3.368915625299135,1,0.2
59.38094282516311,-0.25737536663085553,-3.39273797352019,1,0.2
59.79396994539869,-0.2570257088487715,-3.416719470287048,1,0.2
60.209869896443855,-0.2566927645391977,-3.44088855796653,1,0.2
60.628662660417106,-0.25635073996919067,-3.465231463857635,1,0.2
61.05036835842356,-0.2559868767673478,-3.4897418781018192,1,0.2
61.4750072515217,-0.25565365569314097,-3.514452906711019,1,0.2
61.90259974169682,-0.2552926609991023,-3.539330743489443,1,0.2
62.33316637284123,-0.2549107084606298,-3.564380781249652,1,0.2
62.766727831741306,-0.25454725716935767,-3.589628758893685,1,0.2
63.20330494907143,-0.25416998239073685,-3.6150563188475062,1,0.2
63.642918700394766,-0.25379877703286485,-3.6406773645929316,1,0.2
64.08559020717105,-0.2534013071015859,-3.6664731404817847,1,0.2
64.5313407377714,-0.25302359756022735,-3.6924742180184524,1,0.2
64.98019170850016,-0.25262025231786495,-3.718653408533408,1,0.2
65.43216468462381,-0.2522177173802089,-3.74502909046846,1,0.2
65.8872813814072,-0.25182285560984957,-3.7716074003937847,1,0.2
66.34556366515669,-0.25140985945050914,-3.7983732622221247,1,0.2
66.80703355427093,-0.250985591104289,-3.825332660317042,1,0.2
67.27171322029855,-0.25056345856982093,-3.8524960503883223,1,0.2
67.73962498900357,-0.25013726524907165,-3.8798610721016393,1,0.2
68.21079134143795,-0.2497073537808048,-3.907429662809023,1,0.2
68.68523491502174,-0.2492740703860191,-3.9352037869486574,1,0.2
69.16297850463066,-0.24881813702625666,-3.963172086881524,1,0.2
69.6440450636914,-0.2483726154205486,-3.9913587099511214,1,0.2
70.12845770528428,-0.2479116896275454,-4.0197478426674795,1,0.2
70.61623970325388,-0.24745535184989645,-4.048355002319532,1,0.2
71.10741449332713,-0.2469843274386882,-4.077168667864184,1,0.2
71.60200567423932,-0.24649242787954295,-4.106186182373781,1,0.2
72.10003700886796,-0.2460193142614645,-4.135437242457478,1,0.2
72.60153242537443,-0.24552606473954197,-4.1648963211102545,1,0.2
73.10651601835362,-0.24503270503113816,-4.194579456582407,1,0.2
73.61501204999159,-0.24453306378961756,-4.224484173886381,1,0.2
74.12704495123128,-0.24402752354807156,-4.254612665129525,1,0.2
74.64263932294622,-0.24349679960072299,-4.2849527637991285,1,0.2
75.16181993712259,-0.24297406116846856,-4.31553057841894,1,0.2
75.68461173804933,-0.24244659073135344,-4.346338868621987,1,0.2
76.21103984351666,-0.2419082243927767,-4.377375059818789,1,0.2
76.74112954602285,-0.2413593588898444,-4.408641406659948,1,0.2
77.27490631398935,-0.24081352318409047,-4.440150122675867,1,0.2
77.81239579298456,-0.24025799885139199,-4.471893738806099,1,0.2
78.3536238069559,-0.23969319375816228,-4.503874611750519,1,0.2
78.8986163594705,-0.23911951945442256,-4.5360951329043475,1,0.2
79.44739963496465,-0.23854396166926672,-4.5685628287443345,1,0.2
80.00000000000179,-0.23794722788212794,-4.601264862341103,1,0.2
80.55644400453932,-0.23736259965055773,-4.634229371301356,1,0.2
81.11675838320417,-0.23674449049467838,-4.667422774126916,1,0.2
81.68097005657731,-0.23612619577217409,-4.700873421751714,1,0.2
82.24910613248719,-0.2355081542461917,-4.734584031766882,1,0.2
82.8211939073121,-0.23488422803606301,-4.76855205000823,1,0.2
83.39726086729164,-0.23424827613657398,-4.8027748185298496,1,0.2
83.97733468984731,-0.23359415417064827,-4.837249573895596,1,0.2
84.56144324491237,-0.23294205736118515,-4.8719951301336994,1,0.2
85.14961459627077,-0.23228585570785676,-4.9070089501361185,1,0.2
85.74187700290544,-0.23161282620638718,-4.9422828966719194,1,0.2
86.33825892035618,-0.23092341726033058,-4.977819641405462,1,0.2
86.93878900208668,-0.23025104694170312,-5.013649746987029,1,0.2
87.54349610086122,-0.2295434378881364,-5.0497316707946815,1,0.2
88.15240927013093,-0.22884061425295557,-5.086101744909563,1,0.2
88.7655577654297,-0.22811665944323095,-5.122740415964358,1,0.2
89.38297104577971,-0.22739183643930827,-5.159667621354741,1,0.2
90.00467877510688,-0.2266600231515063,-5.19688075977207,1,0.2
90.63071082366605,-0.2259150928539637,-5.234377121167485,1,0.2
91.26109726947607,-0.22515752121682067,-5.272159725066865,1,0.2
91.895868399765,-0.22440100608775448,-5.310243396244416,1,0.2
92.53505471242522,-0.22363281930962503,-5.348619646783155,1,0.2
93.17868691747873,-0.2228336050042259,-5.387273759134378,1,0.2
93.82679593855258,-0.22204352804732796,-5.426244578637164,1,0.2
94.47941291436473,-0.22124986369470018,-5.465523645291751,1,0.2
95.13656920022001,-0.22042001099022726,-5.505083982836974,1,0.2
95.79829636951663,-0.21959417750052757,-5.544965190935469,1,0.2
96.4646262152632,-0.21875962766464063,-5.585158596885188,1,0.2
97.13559075160614,-0.21791023787238373,-5.62566145532852,1,0.2
97.81122221536789,-0.21705313784579097,-5.6664834004092794,1,0.2
98.49155306759573,-0.21618883735701322,-5.707627997247391,1,0.2
99.17661599512138,-0.2153045791899384,-5.749086201595124,1,0.2
99.86644391213144,-0.2144141386365535,-5.790874180417602,1,0.2
100.56106996174877,-0.21351803375654954,-5.832995661939502,1,0.2
101.26052751762494,-0.2125968575816884,-5.875435049225246,1,0.2
101.96485018554354,-0.21167769082292376,-5.918221809053786,1,0.2
102.67407180503491,-0.21072782786727431,-5.961327231458124,1,0.2
103.388226451002,-0.20978101765645865,-6.004787704395624,1,0.2
104.10734843535732,-0.20881783897376674,-6.048587466204275,1,0.2
104.83147230867174,-0.20784546432522666,-6.092737005086394,1,0.2
105.56063286183424,-0.20686442048106612,-6.137240321105847,1,0.2
106.29486512772365,-0.20585525101535732,-6.182081163134529,1,0.2
107.03420438289172,-0.20485844863778285,-6.227304140051754,1,0.2
107.778686149258,-0.20383456664666144,-6.27287267459906,1,0.2
108.52834619581655,-0.2027907834335646,-6.318797507562386,1,0.2
109.28322054035448,-0.2017476376323085,-6.365103530728557,1,0.2
110.04334545118235,-0.20066561598136418,-6.4117532528738375,1,0.2
110.80875744887686,-0.19959864906714583,-6.458806785388752,1,0.2
111.57949330803534,-0.19850720778667558,-6.5062264861036105,1,0.2
112.35559005904271,-0.197398491267742,-6.554023638673747,1,0.2
113.13708498985058,-0.19627971208698222,-6.602209779967989,1,0.2
113.92401564776874,-0.19515140398926126,-6.650789466734983,1,0.2
114.71641984126921,-0.1940141015279981,-6.699767323435522,1,0.2
115.51433564180275,-0.1928482419753822,-6.749126042034669,1,0.2
116.31780138562794,-0.19166773585769484,-6.7988847108074975,1,0.2
117.12685567565316,-0.19049322735106938,-6.84907030713737,1,0.2
117.94153738329126,-0.18927830538477525,-6.899635660954369,1,0.2
118.76188565032712,-0.188063732948773,-6.950630184407575,1,0.2
119.58793989079828,-0.18682990599685548,-7.002036327687993,1,0.2
120.41973979288862,-0.18557061789173634,-7.053851274759696,1,0.2
121.25732532083512,-0.18431326812225846,-7.106110484544912,1,0.2
122.10073671684803,-0.18304494650529635,-7.158803906236279,1,0.2
122.95001450304433,-0.18174598008299697,-7.211913374491116,1,0.2
123.80519948339456,-0.18043706348800587,-7.265467189512199,1,0.2
124.66633274568338,-0.179111977361415,-7.319462796969454,1,0.2
125.53345566348355,-0.17777122889694136,-7.373905449192196,1,0.2
126.40660989814381,-0.17640857566345958,-7.4287924832050045,1,0.2
127.28583740079048,-0.17504476475613584,-7.484153274669187,1,0.2
128.17118041434307,-0.1736397855187843,-7.539945043838344,1,0.2
129.0626814755438,-0.17224140912660596,-7.59622975674677,1,0.2
129.9603834170013,-0.17080958222753292,-7.652964311581349,1,0.2
130.86432936924862,-0.16937860473450267,-7.710195222816758,1,0.2
131.77456276281538,-0.16791512645474574,-7.767887053832212,1,0.2
132.69112733031437,-0.16643992867938007,-7.826070285133428,1,0.2
133.61406710854286,-0.16495349540115312,-7.884750869809112,1,0.2
134.5434264405981,-0.16344273301277026,-7.94391789305632,1,0.2
135.47924997800817,-0.16190809031349657,-8.0035771403558,1,0.2
136.42158268287693,-0.16037040079626544,-8.063760233880034,1,0.2
137.3704698300445,-0.158809743043335,-8.124447696878185,1,0.2
138.32595700926237,-0.15720613322735025,-8.185619464244171,1,0.2
139.28809012738384,-0.15561444472081468,-8.247351172150715,1,0.2
140.25691541056963,-0.15400791117803936,-8.309614616956628,1,0.2
141.23247940650882,-0.15236650236339105,-8.372389641130543,1,0.2
142.2148289866553,-0.15070425206591315,-8.43570011146178,1,0.2
143.20401134847972,-0.14902839703867632,-8.499561453004853,1,0.2
144.200074017737,-0.1473461885301516,-8.563989406941698,1,0.2
145.20306485074994,-0.1456375238555051,-8.628963635086556,1,0.2
146.2130320367083,-0.14388907626493305,-8.694472342900069,1,0.2
147.2300240999843,-0.1421491456435038,-8.760586303689601,1,0.2
148.25408990246365,-0.14037701507673422,-8.82725743490603,1,0.2
149.28527864589356,-0.1385936054722561,-8.894520343254001,1,0.2
150.32363987424628,-0.13677180572440914,-8.962344665628432,1,0.2
151.3692234760998,-0.13494628797666625,-9.030784269347555,1,0.2
152.42207968703445,-0.13309677614109736,-9.099818181289999,1,0.2
153.48225909204683,-0.13121668975814527,-9.169443945266437,1,0.2
154.54981262797986,-0.1293269905245371,-9.239697499520148,1,0.2
155.6247915859703,-0.1274211019866406,-9.310576805213627,1,0.2
156.70724761391295,-0.12548550621399537,-9.382069906535756,1,0.2
157.79723271894218,-0.1235481017866539,-9.45422337811653,1,0.2
158.8947992699305,-0.12156076457831683,-9.526976140220231,1,0.2
160.0000000000048,-0.11957214102595869,-9.600404720479148,1,0.2
161.11288800907985,-0.11755479006988487,-9.674477372248152,1,0.2
162.23351676640956,-0.1155297277438052,-9.749231945290825,1,0.2
163.36194011315587,-0.11345552278026702,-9.824615906685706,1,0.2
164.49821226497562,-0.11138790950195072,-9.900718089220684,1,0.2
165.6423878146254,-0.10928538890254504,-9.977485755247235,1,0.2
166.79452173458452,-0.10715505043296275,-10.054937018397572,1,0.2
167.9546693796959,-0.105010971473767,-10.133100726698784,1,0.2
169.12288648982604,-0.10285330907822232,-10.211985417039262,1,0.2
170.29922919254284,-0.10066123806714074,-10.291568148513468,1,0.2
171.4837540058122,-0.09845580889107211,-10.371888810656941,1,0.2
172.6765178407137,-0.0962231243996074,-10.45293489789324,1,0.2
173.87757800417467,-0.0939842709119546,-10.53474706024424,1,0.2
175.08699220172375,-0.09170425137353276,-10.617280546746619,1,0.2
176.30481854026317,-0.08940411792781716,-10.700576177969623,1,0.2
177.53111553086072,-0.08708389203538641,-10.784642901202707,1,0.2
178.7659420915608,-0.08474357741797081,-10.869489748858316,1,0.2
180.00935755021513,-0.08239021230197383,-10.955136889450346,1,0.2
181.26142164733346,-0.08000966690552297,-11.041571488629897,1,0.2
182.52219453895353,-0.07759479445106615,-11.128791443180198,1,0.2
183.7917367995314,-0.07518086318743318,-11.216861984482128,1,0.2
185.07010942485184,-0.07271116392343686,-11.305702597423561,1,0.2
186.35737383495882,-0.07024931630872096,-11.395424303560022,1,0.2
187.65359187710658,-0.06775977054535468,-11.4859802413226,1,0.2
188.95882582873088,-0.06524946087723398,-11.577391425589994,1,0.2
190.27313840044144,-0.06270396607009786,-11.669644436352122,1,0.2
191.59659273903472,-0.06014443249940756,-11.762783706098238,1,0.2
192.92925243052787,-0.05757067002973665,-11.856819370451376,1,0.2
194.27118150321374,-0.05495385785525799,-11.951714426845271,1,0.2
195.62244443073726,-0.05233661636475471,-12.047549572688451,1,0.2
196.98310613519297,-0.04969005906685551,-12.14428781741506,1,0.2
198.35323199024427,-0.047021027218221864,-12.241951195441311,1,0.2
199.73288782426437,-0.04433637813875792,-12.340562093908787,1,0.2
201.12213992349908,-0.04162858058225237,-12.4401189447039,1,0.2
202.5210550352514,-0.038904463826483396,-12.54064441882668,1,0.2
203.9297003710886,-0.036149202436204675,-12.6421246529153,1,0.2
205.3481436100714,-0.033376799093436146,-12.74459475144925,1,0.2
206.77645290200556,-0.03058682568138191,-12.848065578164361,1,0.2
208.21469687071618,-0.027771571501459116,-12.952535554755348,1,0.2
209.66294461734503,-0.02493779151485222,-13.058028042467479,1,0.2
211.12126572367004,-0.02209953923434503,-13.164579401946938,1,0.2
212.5897302554489,-0.0192344772587146,-13.272163014992248,1,0.2
214.06840876578502,-0.01634201156350333,-13.380789848913127,1,0.2
215.5573722985176,-0.013436150318188471,-13.490496660870603,1,0.2
217.05669239163473,-0.010508988122134083,-13.601282026612857,1,0.2
218.5664410807106,-0.007567222776878492,-13.71317030948164,1,0.2
220.08669090236637,-0.0046028695920300395,-13.82616005247319,1,0.2
221.6175148977554,-0.0016299599997447465,-13.940289022629505,1,0.2
223.15898661607235,0.0013595334210627955,-14.055555938895816,1,0.2
224.71118011808713,0.004373716952953776,-14.171959282102296,1,0.2
226.27416997970286,0.007398566849299629,-14.28953739873858,1,0.2
227.8480312955392,0.010442233171948714,-14.408288934860183,1,0.2
229.43283968254013,0.013498086708283156,-14.528239317632488,1,0.2
231.02867128360725,0.01656691659064229,-14.649400719440008,1,0.2
232.63560277125762,0.01964954000761713,-14.771785352565756,1,0.2
234.25371135130806,0.022746802386333025,-14.895405467177273,1,0.2
235.88307476658426,0.025859577564886424,-15.020273349295085,1,0.2
237.523771300656,0.02896626499480701,-15.1464429328281,1,0.2
239.17587978159838,0.03209772634065482,-15.273871441700406,1,0.2
240.83947958577906,0.03523990332236895,-15.402599070615267,1,0.2
242.51465064167206,0.038386192792698504,-15.532652527291646,1,0.2
244.2014734336979,0.04155264097487045,-15.664016358578413,1,0.2
245.9000290060905,0.044717562724245,-15.796745703422244,1,0.2
247.61039896679097,0.04788188993740692,-15.930853676170074,1,0.2
249.33266549136863,0.05106179592294227,-16.066324668871456,1,0.2
251.06691132696898,0.05424311189595292,-16.203200281459484,1,0.2
252.81321979628953,0.05743448765803418,-16.34147915993381,1,0.2
254.5716748015829,0.06061403646194965,-16.48121799660908,1,0.2
256.3423608286881,0.06380573951289761,-16.622386432817386,1,0.2
258.12536295108947,0.06701073208068922,-16.764997433076683,1,0.2
259.9207668340045,0.07019934360954388,-16.909123113287116,1,0.2
261.72865873849923,0.07338800335616927,-17.054747553273586,1,0.2
263.54912552563275,0.07657781623329943,-17.201884124631793,1,0.2
265.38225466063074,0.07974662689598504,-17.350591165681223,1,0.2
267.2281342170877,0.08292653972164357,-17.500822398232543,1,0.2
269.08685288119824,0.0860953881234728,-17.652636334051287,1,0.2
270.95849995601833,0.08926207071067918,-17.806031498742538,1,0.2
272.8431653657559,0.09241207516739339,-17.96105190526927,1,0.2
274.74093966009104,0.09554646489791296,-18.117711417812313,1,0.2
276.6519140185268,0.09867419373063686,-18.276008477944444,1,0.2
278.5761802547697,0.10178063053813383,-18.435987593572992,1,0.2
280.51383082114137,0.10487474198664942,-18.597647195041976,1,0.2
282.4649588130198,0.10794972260607237,-18.761016574561395,1,0.2
284.42965797331277,0.11100665387311712,-18.92610958583558,1,0.2
286.40802269696155,0.11403865577351063,-19.092955734469744,1,0.2
288.40014803547615,0.11704677198995106,-19.2615689488641,1,0.2
290.4061297015021,0.12000800737316143,-19.43201057125035,1,0.2
292.42606407341884,0.12295538275902075,-19.604231394102786,1,0.2
294.4600481999708,0.12588197283955774,-19.778260906098925,1,0.2
296.50817980492957,0.12877269268020083,-19.954144759764606,1,0.2
298.5705572917893,0.1316284936498041,-20.131896868838588,1,0.2
300.64727974849484,0.13441782628540785,-20.311595512800267,1,0.2
302.73844695220185,0.13718211759612525,-20.49317423218187,1,0.2
304.84415937407124,0.13993056274381163,-20.67663025881327,1,0.2
306.964518184096,0.1426068919753422,-20.862090722915596,1,0.2
309.09962525596205,0.14521992685264876,-21.049553489022852,1,0.2
311.24958317194296,0.14781154400537622,-21.2389505628086,1,0.2
313.4144952278283,0.15034142781712465,-21.43037709425005,1,0.2
315.59446543788675,0.15281851819088477,-21.623830231513693,1,0.2
317.7895985398634,0.15521026409191457,-21.819389395777975,1,0.2
320.000000000012,0.15755042881262785,-22.017002042568976,1,0.2
322.22577601816215,0.1598229656322894,-22.21671440728614,1,0.2
324.4670335328215,0.16201161030222164,-22.41857290789079,1,0.2
326.7238802263142,0.16415879412214954,-22.622507236708362,1,0.2
328.99642452995374,0.16620612879398494,-22.828646918548593,1,0.2
331.2847756292533,0.16816222900633118,-23.036988188729627,1,0.2
333.5890434691715,0.17005277992321904,-23.24749327732419,1,0.2
335.90933875939425,0.17183557622623594,-23.460258528522296,1,0.2
338.2457729796546,0.17353624690220948,-23.675245707232783,1,0.2
340.5984583850881,0.1751378270908109,-23.89250048527209,1,0.2
342.96750801162693,0.17664031035441688,-24.11203464679031,1,0.2
345.3530356814299,0.17802638734645915,-24.333893638896466,1,0.2
347.75515600835195,0.17930447132486257,-24.558071852677337,1,0.2
350.1739844034501,0.18045697635852734,-24.78461432464638,1,0.2
352.60963708052907,0.18149220265124513,-25.013514838118624,1,0.2
355.0622310617241,0.1824097721820274,-25.244783814452596,1,0.2
357.53188418312425,0.18321803916102455,-25.478414259347513,1,0.2
360.0187151004329,0.18385496654832423,-25.714535504079677,1,0.2
362.52284329466966,0.18436368464405564,-25.953071642128563,1,0.2
365.0443890779098,0.1847346603887018,-26.19404879673459,1,0.2
367.58347359906554,0.18494928701427055,-26.437509856418156,1,0.2
370.14021884970646,0.18499758483836176,-26.683480210495244,1,0.2
372.7147476699204,0.18488731014099372,-26.931950539640013,1,0.2
375.30718375421594,0.18461728928651003,-27.182928171289824,1,0.2
377.9176516574646,0.18415921634300098,-27.436471344360633,1,0.2
380.5462768008857,0.1835386688377203,-27.692534991945315,1,0.2
383.1931854780723,0.18271793072400438,-27.951193410994478,1,0.2
385.85850486105863,0.18171341777742517,-28.21241756684805,1,0.2
388.5423630064304,0.18048682324748602,-28.47628049671132,1,0.2
391.2448888614774,0.17907271908831704,-28.74271777477737,1,0.2
393.96621227038884,0.17744160660509575,-29.011784027321017,1,0.2
396.7064639804915,0.17559126688012394,-29.283481895002666,1,0.2
399.4657756485318,0.1735194030760694,-29.557813339518184,1,0.2
402.24427984700117,0.17118637237082907,-29.83484754735005,1,0.2
405.04211007050577,0.16865476995691492,-30.11446605271428,1,0.2
407.85940074218024,0.165856673659853,-30.3967873475007,1,0.2
410.69628722014585,0.16277964234409087,-30.681826906715017,1,0.2
413.55290580401413,0.1594677295821319,-30.9694982161844,1,0.2
416.42939374143555,0.15588020841658976,-31.25986585059529,1,0.2
419.3258892346932,0.15201380554838137,-31.552925859325892,1,0.2
422.24253144734325,0.14784605210301344,-31.84870674952895,1,0.2
425.179460510901,0.14338289053925085,-32.147185788373385,1,0.2
428.13681753157323,0.13862069323053838,-32.448356067094664,1,0.2
431.11474459703845,0.13354608969780893,-32.75222619291056,1,0.2
434.11338478327275,0.1281551835024199,-33.058787075844776,1,0.2
437.13288216142445,0.12244399743097233,-33.36802858786307,1,0.2
440.173381804736,0.11638894318525722,-33.679972088612,1,0.2
443.23502979551404,0.10997587379970461,-33.99462101776011,1,0.2
446.31797323214806,0.1032297696745342,-34.3119129101709,1,0.2
449.4223602361776,0.09610685870972017,-34.63189729472579,1,0.2
452.5483399594091,0.0886023593234498,-34.95455738025637,1,0.2
455.6960625910818,0.08074124616668356,-35.27982766417852,1,0.2
458.8656793650838,0.07247900812926826,-35.60775263590096,1,0.2
462.0573425672179,0.06381055610911861,-35.938311417405274,1,0.2
465.2712055425187,0.05475083564528856,-36.27145080781373,1,0.2
468.5074227026196,0.045254518737976104,-36.60720947787114,1,0.2
471.76614953317204,0.03532625196789467,-36.94554655614972,1,0.2
475.04754260131557,0.024991078393307404,-37.286389979026076,1,0.2
478.3517595632003,0.014182726315245153,-37.629802856840456,1,0.2
481.6789591715617,0.002915827040983992,-37.97572477098561,1,0.2
485.02930128334776,-0.008784488823128232,-38.32408016975079,1,0.2
488.40294686739946,-0.02097503553633525,-38.674910422145764,1,0.2
491.8000580121847,-0.03365138753603162,-39.0281659059399,1,0.2
495.2207979335857,-0.04680900038810906,-39.38379606215195,1,0.2
498.665330982741,-0.06047438446791974,-39.74179180081369,1,0.2
502.1338226539417,-0.07464304739273064,-40.10209934337891,1,0.2
505.62643959258287,-0.08935219839073022,-40.46471917875306,1,0.2
509.14334960316967,-0.10456599212549483,-40.82955285844469,1,0.2
512.68472165738,-0.1203322385163337,-41.196610672255,1,0.2
516.2507259021829,-0.13663590638157788,-41.565818936819554,1,0.2
519.841533668013,-0.1534828538504366,-41.93712998880468,1,0.2
523.4573174770023,-0.17090014255298047,-42.31052037197883,1,0.2
527.0982510512695,-0.18889373850705393,-42.68593814713776,1,0.2
530.7645093212655,-0.20746955278836787,-43.063329784647976,1,0.2
534.4562684341794,-0.2266441450161289,-43.442652458095964,1,0.2
538.1737057624005,-0.24640190037502993,-43.823824730597096,1,0.2
541.9169999120409,-0.26676996959585964,-44.20681273417657,1,0.2
545.6863307315159,-0.2877432533494727,-44.59154444378591,1,0.2
549.4818793201863,-0.30934892307140405,-44.97798144983687,1,0.2
553.3038280370578,-0.3315708509527664,-45.36603729666624,1,0.2
557.1523605095437,-0.3544143391048463,-45.75564779910782,1,0.2
561.027661642287,-0.37791729555766473,-46.14677953448953,1,0.2
564.9299176260438,-0.4020631434952552,-46.5393424044051,1,0.2
568.8593159466297,-0.42685687761369195,-46.93326732499368,1,0.2
572.8160453939274,-0.4523253145772995,-47.32850388092798,1,0.2
576.8002960709567,-0.47847329423604473,-47.72497887653195,1,0.2
580.8122594030085,-0.5052503339695927,-48.122570361943666,1,0.2
584.8521281468421,-0.5327379635181473,-48.521271139078266,1,0.2
588.920096399946,-0.560918484925877,-48.92098484638661,1,0.2
593.0163596098636,-0.5897405432660712,-49.321589922380475,1,0.2
597.1411145835832,-0.6193078098931436,-49.723087316610396,1,0.2
601.2945594969942,-0.6495351649996761,-50.12532834054703,1,0.2
605.4768939044083,-0.6805039805351626,-50.52829056570774,1,0.2
609.688318748147,-0.7121395134600089,-50.93183622728627,1,0.2
613.9290363681965,-0.744500581839823,-51.335922679203996,1,0.2
618.1992505119288,-0.7775564701707994,-51.740444405109734,1,0.2
622.4991663438906,-0.8113433687528588,-52.14533930419239,1,0.2
626.8289904556613,-0.8458299951347868,-52.550502245494336,1,0.2
631.1889308757782,-0.8810296537893312,-52.95585584607929,1,0.2
635.5791970797316,-0.9169667270821482,-53.36132704670085,1,0.2
640.0000000000289,-0.9536090699607512,-53.766811887634795,1,0.2
644.4515520363291,-0.9909692898716204,-54.17223096347799,1,0.2
648.9340670656479,-1.0290484914857176,-54.577498415042704,1,0.2
653.4477604526332,-1.067858831606199,-54.98253298224195,1,0.2
657.9928490599125,-1.1073669836958264,-55.387234284519415,1,0.2
662.5695512585116,-1.1476072036486962,-55.79153049248866,1,0.2
667.178086938348,-1.188579591416752,-56.19533468374417,1,0.2
671.8186775187937,-1.2302273037029816,-56.59854221179844,1,0.2
676.4915459593144,-1.2726292208197065,-57.001093929780374,1,0.2
681.1969167701814,-1.315727962816082,-57.40288691829316,1,0.2
685.935016023259,-1.3595225514428342,-57.80383800208636,1,0.2
690.7060713628651,-1.4040231126537668,-58.20386684999033,1,0.2
695.5103120167091,-1.4492168302764976,-58.60288830206831,1,0.2
700.3479688069056,-1.49514739972599,-59.00082794315668,1,0.2
705.2192741610634,-1.5417334003073557,-59.397590866495754,1,0.2
710.1244621234536,-1.589040746503094,-59.7931067805427,1,0.2
715.0637683662537,-1.6370102509339644,-60.187289185450474,1,0.2
720.0374302008713,-1.6856506138174643,-60.580062015475576,1,0.2
725.0456865893448,-1.734970304922936,-60.97134897364108,1,0.2
730.0887781558251,-1.7849435484236604,-61.36107352092681,1,0.2
735.1669471981365,-1.8356123853844855,-61.749160944339735,1,0.2
740.2804376994185,-1.8869166279863263,-62.13553797806004,1,0.2
745.4294953398465,-1.9388639240723786,-62.52013328211988,1,0.2
750.6143675084376,-1.9914390842615144,-62.90287782980079,1,0.2
755.8353033149348,-2.0446719747417683,-63.28369940786786,1,0.2
761.0925536017771,-2.0985244233139437,-63.66253382473382,1,0.2
766.3863709561504,-2.15299204423093,-64.03931575035237,1,0.2
771.717009722123,-2.2080477498996474,-64.41398571011575,1,0.2
777.0847260128666,-2.2637319438193075,-64.78647285640731,1,0.2
782.4897777229608,-2.32000596762145,-65.15672285748906,1,0.2
787.9324245407837,-2.3768648703196273,-65.524677024825,1,0.2
793.412927960989,-2.4343035708605107,-65.8902782028767,1,0.2
798.9315512970695,-2.492294456207205,-66.25347790884233,1,0.2
804.4885596940084,-2.550843486420888,-66.61421986882354,1,0.2
810.0842201410177,-2.6099341099477424,-66.97245650187635,1,0.2
815.7188014843666,-2.6695720564419507,-67.3281342146501,1,0.2
821.392574440298,-2.72971833995284,-67.68121829088548,1,0.2
827.1058116080346,-2.7904119572600927,-68.03164495081167,1,0.2
832.8587874828772,-2.8516027141160527,-68.3793885428102,1,0.2
838.6517784693928,-2.9132960685470066,-68.72440248953272,1,0.2
844.4850628946929,-2.975453082915866,-69.06666296241767,1,0.2
850.3589210218082,-3.038112329731713,-69.40611033424612,1,0.2
856.2736350631529,-3.1012127871784645,-69.74273667428065,1,0.2
862.2294891940834,-3.1647928546407704,-70.07648446021099,1,0.2
868.226769566552,-3.228835650675706,-70.40732629015521,1,0.2
874.2657643228554,-3.2932695411066963,-70.73527037367619,1,0.2
880.3467636094787,-3.358165630147222,-71.06024280121268,1,0.2
886.4700595910348,-3.423452460648196,-71.38225684508362,1,0.2
892.635946464303,-3.4891680678373755,-71.70125989336525,1,0.2
898.844720472362,-3.5552740205336137,-72.0172497039607,1,0.2
905.096679918825,-3.6217430243303856,-72.33022030814931,1,0.2
911.3921251821704,-3.688602117986586,-72.64012965603465,1,0.2
917.7313587301744,-3.755834872557176,-72.94696691573421,1,0.2
924.1146851344428,-3.8234034273296946,-73.25073984335502,1,0.2
930.5424110850445,-3.891324007812637,-73.55141795757514,1,0.2
937.0148454052463,-3.9595697703672834,-73.84900489740835,1,0.2
943.5322990663512,-4.028156920184157,-74.14347221949636,1,0.2
950.0950852026382,-4.0970374443638695,-74.4348447186762,1,0.2
956.7035191264079,-4.1662170411738,-74.72310595410688,1,0.2
963.3579183431307,-4.235711985859127,-75.00823089527829,1,0.2
970.0586025667028,-4.3054960029389395,-75.29023190939776,1,0.2
976.8058937348063,-4.375521933522543,-75.56914282597558,1,0.2
983.6001160243768,-4.445838026755238,-75.84491421246548,1,0.2
990.4415958671789,-4.516386857869238,-76.11759273624105,1,0.2
997.3306619654895,-4.587185059047932,-76.38715953318659,1,0.2
1004.267645307891,-4.658238651244803,-76.65360575690738,1,0.2
1011.2528791851732,-4.729511850113827,-76.91696386261597,1,0.2
1018.2866992063468,-4.801000507513174,-77.17723793569849,1,0.2
1025.3694433147675,-4.872700548164661,-77.43443302967266,1,0.2
1032.5014518043733,-4.944597608454951,-77.6885657064177,1,0.2
1039.6830673360337,-5.0166775063587306,-77.9396539161902,1,0.2
1046.9146349540124,-5.088946859881559,-78.18769535276762,1,0.2
1054.1965021025467,-5.161412256294412,-78.43268810476242,1,0.2
1061.5290186425389,-5.234028976090769,-78.67468571178675,1,0.2
1068.9125368683667,-5.306803947111238,-78.91368862835485,1,0.2
1076.347411524809,-5.379713461587769,-79.14973126921005,1,0.2
1083.8339998240897,-5.452795153338305,-79.3827816980294,1,0.2
1091.37266146304,-5.526005117714602,-79.61289835488598,1,0.2
1098.9637586403808,-5.599360684682916,-79.84007289423448,1,0.2
1106.607656074124,-5.672798283315148,-80.06438950747828,1,0.2
1114.3047210190957,-5.746396021299095,-80.2857717894302,1,0.2
1122.0553232845823,-5.820050465304908,-80.50435258777932,1,0.2
1129.859835252096,-5.8938396070389025,-80.72005576269491,1,0.2
1137.7186318932681,-5.967710795695006,-80.93295781776574,1,0.2
1145.6320907878635,-6.041681726493943,-81.14305349705671,1,0.2
1153.600592141922,-6.115720264971561,-81.35039760330139,1,0.2
1161.6245188060257,-6.189834307987418,-81.55499780091354,1,0.2
1169.704256293693,-6.264021830396213,-81.75687405769477,1,0.2
1177.840192799901,-6.338251290168988,-81.9560834017524,1,0.2
1186.032719219736,-6.41256036914907,-82.15259797284192,1,0.2
1194.2822291671753,-6.486927543066355,-82.34646335059037,1,0.2
1202.5891189939975,-6.561331554043436,-82.53772589633087,1,0.2
1210.9537878088256,-6.635761167223021,-82.72642024797644,1,0.2
1219.3766374963034,-6.710224778165411,-82.91255652881975,1,0.2
1227.8580727364024,-6.784740452287252,-83.09613238463335,1,0.2
1236.3985010238666,-6.859277682869145,-83.27720823349202,1,0.2
1244.9983326877905,-6.933835300064865,-83.45580738666833,1,0.2
1253.657980911332,-7.00838327343662,-83.63199132193621,1,0.2
1262.377861751566,-7.082968825782336,-83.8057205962061,1,0.2
1271.1583941594727,-7.1575428487212065,-83.97708248607145,1,0.2
1280.0000000000673,-7.232133291949944,-84.14606301869772,1,0.2
1288.9031040726677,-7.306720153247341,-84.3127119213459,1,0.2
1297.8681341313059,-7.381283664149833,-84.47707928677485,1,0.2
1306.8955209052763,-7.4558612658575765,-84.63913843719672,1,0.2
1315.9856981198345,-7.530414282489226,-84.79896534272355,1,0.2
1325.1391025170333,-7.604961152627528,-84.95655907030984,1,0.2
1334.3561738767062,-7.679463600830503,-85.11199606864328,1,0.2
1343.6373550375972,-7.753958998848268,-85.26524966158466,1,0.2
1352.9830919186386,-7.8284093240333865,-85.41639653844331,1,0.2
1362.393833540373,-7.902861202152385,-85.56539694015915,1,0.2
1371.8700320465282,-7.977239428150982,-85.71237964114523,1,0.2
1381.4121427257405,-8.051609307194894,-85.8572788592735,1,0.2
1391.0206240334287,-8.125924000076656,-86.00018458747083,1,0.2
1400.6959376138216,-8.200202058589856,-86.14109586706384,1,0.2
1410.4385483221372,-8.274443381216399,-86.2800376869426,1,0.2
1420.2489242469178,-8.348629423452941,-86.41706108395248,1,0.2
1430.1275367325184,-8.4227694737855,-86.55217796060128,1,0.2
1440.0748604017533,-8.496835985697448,-86.68545234847893,1,0.2
1450.0913731787002,-8.57087506765575,-86.81684380214368,1,0.2
1460.177556311661,-8.644840908158011,-86.94644233584224,1,0.2
1470.3338943962842,-8.718761186921952,-87.07423343682704,1,0.2
1480.560875398848,-8.79259044810842,-87.20030699176331,1,0.2
1490.8589906797042,-8.866401880608313,-87.32458297144204,1,0.2
1501.2287350168863,-8.940104701512725,-87.4472163831086,1,0.2
1511.670606629881,-9.0137809939217,-87.56811392884987,1,0.2
1522.1851072035656,-9.087349480981954,-87.68741730109818,1,0.2
1532.772741912312,-9.16085585086454,-87.80508521623767,1,0.2
1543.4340194442575,-9.234318426525741,-87.92111548556302,1,0.2
1554.1694520257447,-9.307683529260851,-88.0356101699931,1,0.2
1564.9795554459333,-9.380969648909804,-88.14856677502137,1,0.2
1575.8648490815792,-9.454186191047645,-88.25999574133078,1,0.2
1586.8258559219898,-9.527351428525924,-88.36989438008027,1,0.2
1597.863102594151,-9.600403286970232,-88.47837700900028,1,0.2
1608.9771193880288,-9.673395826705896,-88.58538854721529,1,0.2
1620.1684402820476,-9.746302792655804,-88.69099088956152,1,0.2
1631.4376029687455,-9.819115862288449,-88.79521969335012,1,0.2
1642.7851488806082,-9.891871009362976,-88.89804558098494,1,0.2
1654.2116232160815,-9.964515657294859,-88.99956872918865,1,0.2
1665.7175749657672,-10.037094564158798,-89.09974651239858,1,0.2
1677.303556938798,-10.109599385596518,-89.19861395204161,1,0.2
1688.9701257893985,-10.181995501924012,-89.29624458227424,1,0.2
1700.7178420436294,-10.254327431979142,-89.3925954625712,1,0.2
1712.5472701263188,-10.326543136456545,-89.487765468993,1,0.2
1724.4589783881795,-10.398695756876307,-89.58169854202885,1,0.2
1736.453539133117,-10.470742156620636,-89.67448016777273,1,0.2
1748.531528645724,-10.542717836952935,-89.76607982945552,1,0.2
1760.6935272189705,-10.614588543674966,-89.85656962537367,1,0.2
1772.940119182083,-10.68638097905884,-89.94593160493292,1,0.2
1785.2718929286193,-10.758087026240887,-90.03419896733922,1,0.2
1797.6894409447373,-10.829698623560411,-90.1214046578274,1,0.2
1810.1933598376636,-10.901242289757093,-90.20753038140357,1,0.2
1822.7842503643546,-10.972658193310538,-90.29268514835114,1,0.2
1835.4627174603627,-11.043990135530404,-90.37682476107912,1,0.2
1848.2293702688994,-11.115255865104427,-90.45994327576598,1,0.2
1861.0848221701028,-11.186421557157999,-90.54211073646447,1,0.2
1874.0296908105065,-11.257487851888667,-90.62334608897652,1,0.2
1887.0645981327166,-11.328463933504466,-90.7036554585596,1,0.2
1900.190170405291,-11.399358927654275,-90.78304486033288,1,0.2
1913.4070382528298,-11.470164853584654,-90.8615453834957,1,0.2
1926.715836686276,-11.540873776328858,-90.93918784950702,1,0.2
1940.1172051334202,-11.611494803808753,-91.0159777094868,1,0.2
1953.611787469627,-11.682036987321267,-91.0919203078999,1,0.2
1967.2002320487684,-11.752458474529355,-91.16709594283803,1,0.2
1980.8831917343723,-11.822819201272562,-91.2414344439319,1,0.2
1994.661323930994,-11.89308580123932,-91.3150031853911,1,0.2
2008.535290615797,-11.963258848719867,-91.38781923407495,1,0.2
2022.5057583703617,-12.033338910602037,-91.45989947149474,1,0.2
2036.573398412709,-12.103334961994376,-91.53124818825323,1,0.2
2050.7388866295505,-12.17323911643617,-91.60189434544931,1,0.2
2065.0029036087626,-12.243060311836746,-91.67184190867142,1,0.2
2079.366134672083,-12.312782288471809,-91.74113177647453,1,0.2
2093.8292699080407,-12.382439093127031,-91.809730561161,1,0.2
2108.3930042051093,-12.451989350331834,-91.87771574868628,1,0.2
2123.0580372850936,-12.521458688354965,-91.94506597769205,1,0.2
2137.82507373675,-12.590847583124088,-92.01179674039697,1,0.2
2152.6948230496346,-12.660139847463261,-92.077947832738,1,0.2
2167.6679996481957,-12.729369277311145,-92.14348539103273,1,0.2
2182.7453229260964,-12.798494728345702,-92.2084854997767,1,0.2
2197.927517280778,-12.867533335641802,-92.2729384080111,1,0.2
2213.2153121482643,-12.93651043298016,-92.33682219710579,1,0.2
2228.6094420382083,-13.005376729917682,-92.40022426801886,1,0.2
2244.1106465691814,-13.074165843457187,-92.46311018295356,1,0.2
2259.7196705042093,-13.142878194229937,-92.52549405188573,1,0.2
2275.4372637865536,-13.211522445044617,-92.58737773845101,1,0.2
2291.2641815757443,-13.28006601842034,-92.6488233166238,1,0.2
2307.2011842838615,-13.348534089626545,-92.70980810317141,1,0.2
2323.2490376120686,-13.416918832339968,-92.77035756943553,1,0.2
2339.4085125874035,-13.485220662002405,-92.83048494712165,1,0.2
2355.6803855998196,-13.553464595183653,-92.890167360061,1,0.2
2372.0654384394898,-13.621634566273295,-92.94944182058966,1,0.2
2388.5644583343683,-13.689706390259522,-93.00835697916013,1,0.2
2405.178237988013,-13.757696861706314,-93.06690147417386,1,0.2
2421.9075756176694,-13.82563086651758,-93.12505202935417,1,0.2
2438.753274992625,-13.893467908759948,-93.18288056359144,1,0.2
2455.716145472823,-13.96124101305076,-93.24035162539512,1,0.2
2472.797002047752,-14.028934208837242,-93.29750103542169,1,0.2
2489.9966653755996,-14.096564123480352,-93.35431697137652,1,0.2
2507.3159618226828,-14.164106682397161,-93.41084671371694,1,0.2
2524.755723503151,-14.23158661158185,-93.46706636367769,1,0.2
2542.3167883189644,-14.299004204735265,-93.52298744800127,1,0.2
2560.0000000001537,-14.366335443639413,-93.57865667036822,1,0.2
2577.806208145355,-14.433588777238581,-93.63407337490521,1,0.2
2595.736268262631,-14.500796878852334,-93.68920160989478,1,0.2
2613.7910418105726,-14.567927659634911,-93.7440993447446,1,0.2
2631.971396239689,-14.63498950711369,-93.79876561377456,1,0.2
2650.2782050340866,-14.701958515920332,-93.85324616550201,1,0.2
2668.7123477534324,-14.768891435869612,-93.9074696264271,1,0.2
2687.274710075215,-14.835748208649498,-93.9615049089389,1,0.2
2705.9661838372976,-14.902545216209544,-94.01533893774696,1,0.2
2724.7876670807664,-14.96926663640808,-94.06900518398201,1,0.2
2743.740064093077,-15.035928814000892,-94.12249038017869,1,0.2
2762.824285451502,-15.102531990300385,-94.17580447108658,1,0.2
2782.0412480668783,-15.16906838833415,-94.22896888150531,1,0.2
2801.391875227664,-15.235546270832875,-94.28198168936486,1,0.2
2820.8770966442953,-15.301941864988493,-94.33488721298001,1,0.2
2840.4978484938565,-15.368303425617322,-94.38762542586392,1,0.2
2860.2550734650586,-15.434591177440408,-94.44026356024698,1,0.2
2880.1497208035285,-15.500829325241305,-94.49277616490306,1,0.2
2900.1827463574223,-15.567002117806151,-94.54519547223066,1,0.2
2920.355112623344,-15.633117758257187,-94.59751895441637,1,0.2
2940.6677887925907,-15.699176459043823,-94.64975553049904,1,0.2
2961.121750797718,-15.765178429967463,-94.70191401395145,1,0.2
2981.717981359431,-15.83113977758038,-94.75398012720605,1,0.2
3002.4574700337953,-15.897028895757163,-94.80600846988916,1,0.2
3023.3412132597846,-15.962846023906224,-94.8580074961199,1,0.2
3044.3702144071544,-16.028646917883027,-94.90990528845495,1,0.2
3065.545483824648,-16.094360357365353,-94.96181342068695,1,0.2
3086.868038888538,-16.160049965372888,-95.01364839277898,1,0.2
3108.338904051513,-16.225676297497802,-95.06547564286267,1,0.2
3129.9591108918903,-16.29126328695942,-95.11726886020315,1,0.2
3151.7296981631816,-16.35677948209773,-95.16908175333293,1,0.2
3173.651711844004,-16.422256691374855,-95.22087642531424,1,0.2
3195.726205188326,-16.487687177651736,-95.27267209375474,1,0.2
3217.954238776082,-16.55306322539927,-95.32448786606868,1,0.2
3240.3368805641194,-16.618408657572445,-95.37629709656015,1,0.2
3262.8752059375156,-16.683699986730993,-95.42814155593625,1,0.2
3285.570297761241,-16.74892952751522,-95.48004007275848,1,0.2
3308.4232464321876,-16.814128929457773,-95.53195438091812,1,0.2
3331.435149931559,-16.879274752275585,-95.58392597015639,1,0.2
3354.607113877621,-16.944382880297432,-95.63593924204773,1,0.2
3377.9402515788224,-17.009453460938527,-95.68800132710236,1,0.2
3401.4356840872842,-17.07448664136016,-95.740119278517,1,0.2
3425.094540252663,-17.139459059768097,-95.79233424031105,1,0.2
3448.9179567763854,-17.204402234123148,-95.84460755452984,1,0.2
3472.9070782662598,-17.26930064368119,-95.89696883135937,1,0.2
3497.0630572914743,-17.334154450546162,-95.94942483134724,1,0.2
3521.387054437968,-17.39898726388687,-96.00194808632956,1,0.2
3545.880238364193,-17.46376014701031,-96.05460215665804,1,0.2
3570.543785857265,-17.528496709395853,-96.10735944128402,1,0.2
3595.378881889502,-17.593220500538244,-96.1601922638997,1,0.2
3620.3867196753545,-17.657869258123604,-96.21319817376165,1,0.2
3645.5685007287366,-17.722521112678564,-96.26626962567408,1,0.2
3670.9254349207527,-17.787113852524406,-96.31950406334535,1,0.2
3696.458740537827,-17.851694357741714,-96.37283935626841,1,0.2
3722.1696443402334,-17.916216078134102,-96.42635008153908,1,0.2
3748.0593816210417,-17.980718065626306,-96.47998536277993,1,0.2
3774.129196265462,-18.04518491060891,-96.5337740714464,1,0.2
3800.3803408106105,-18.109609004653755,-96.58773364106023,1,0.2
3826.8140765056887,-18.17401378794755,-96.64183578389672,1,0.2
3853.43167337258,-18.238383882938976,-96.69610923389908,1,0.2
3880.2344102668694,-18.302734942140198,-96.75053698160235,1,0.2
3907.223574939284,-18.367051609568087,-96.80514767818005,1,0.2
3934.400464097566,-18.431326306427756,-96.85995852970228,1,0.2
3961.7663834687746,-18.4955824093349,-96.91494090379923,1,0.2
3989.322647862018,-18.55982005329771,-96.97010041932042,1,0.2
4017.070581231624,-18.624016200958394,-97.02547705995954,1,0.2
4045.011516740754,-18.688194192484275,-97.08104198358733,1,0.2
4073.1467968254487,-18.752354168306105,-97.13680066626709,1,0.2
4101.477773259132,-18.816480848631063,-97.19278153629745,1,0.2
4130.005807217556,-18.880589818152473,-97.24896701930223,1,0.2
4158.732269344197,-18.944658117030514,-97.30539701802851,1,0.2
4187.658539816113,-19.00872442234447,-97.36201927431978,1,0.2
4216.78600841025,-19.072758085394113,-97.41888515077406,1,0.2
4246.116074570219,-19.1367746634261,-97.47597682614233,1,0.2
4275.650147473531,-19.200766627554675,-97.5333110466005,1,0.2
4305.389646099301,-19.26473414885859,-97.59089299056184,1,0.2
4335.335999296423,-19.328685076244806,-97.64871620755618,1,0.2
4365.4906458522255,-19.392627243451447,-97.70677415747642,1,0.2
4395.8550345615895,-19.456545469363633,-97.7650950713464,1,0.2
4426.430624296562,-19.520432272938578,-97.82369562361716,1,0.2
4457.21888407645,-19.584326140287452,-97.88252260998125,1,0.2
4488.2212931383965,-19.648181284713367,-97.9416508219779,1,0.2
4519.439341008452,-19.71201321998098,-98.00106193235065,1,0.2
4550.874527573141,-19.77585271712102,-98.0607140588769,1,0.2
4582.528363151522,-19.83966935751894,-98.12065875201924,1,0.2
4614.402368567757,-19.903486247227203,-98.18086566520849,1,0.2
4646.498075224173,-19.96725775860622,-98.24140997818604,1,0.2
4678.817025174842,-20.031045153124218,-98.30220249337073,1,0.2
4711.360771199674,-20.094802835608988,-98.36331844262104,1,0.2
4744.130876879015,-20.158538648381526,-98.42475082408268,1,0.2
4777.128916668773,-20.222283262106743,-98.48645705135101,1,0.2
4810.356475976061,-20.286021622222506,-98.54846528354486,1,0.2
4843.815151235375,-20.34973871249686,-98.61080381292966,1,0.2
4877.506549985286,-20.41344235825848,-98.6734654034225,1,0.2
4911.432290945683,-20.47714796756393,-98.73643080013666,1,0.2
4945.594004095541,-20.540832955550258,-98.79974022083803,1,0.2
4979.9933307512365,-20.604527908924688,-98.86335042892446,1,0.2
5014.631923645403,-20.66820267974151,-98.92731364097237,1,0.2
5049.511447006339,-20.73187266877833,-98.99161040045523,1,0.2
5084.633576637967,-20.795545670712144,-99.0562330698414,1,0.2
5120.000000000346,-20.85919161495946,-99.12123415235362,1,0.2
5155.612416290749,-20.92285616419239,-99.18654575685032,1,0.2
5191.4725365253,-20.986509264484127,-99.25222039441815,1,0.2
5227.582083621183,-21.050143607814608,-99.31827457736364,1,0.2
5263.942792479418,-21.113797223221816,-99.38465197909034,1,0.2
5300.556410068212,-21.177432574107176,-99.45141753863882,1,0.2
5337.424695506905,-21.241080109547745,-99.51852683522863,1,0.2
5374.54942015047,-21.304709898539855,-99.58603288480596,1,0.2
5411.932367674636,-21.368344828216284,-99.65390327863254,1,0.2
5449.575334161574,-21.43198514582769,-99.72214213329917,1,0.2
5487.480128186196,-21.49562357744063,-99.79076586953481,1,0.2
5525.648570903045,-21.559267913527318,-99.8597663034362,1,0.2
5564.082496133798,-21.622910898086857,-99.92915988091384,1,0.2
5602.78375045537,-21.686560321397224,-99.99893832638942,1,0.2
5641.754193288633,-21.750201438588913,-100.0691305590701,1,0.2
5680.995696987757,-21.813849556259775,-100.13971583028813,1,0.2
5720.51014693016,-21.877504952984694,-100.21069814064829,1,0.2
5760.2994416071,-21.9411754050808,-100.28206893447832,1,0.2
5800.365492714889,-22.00483123279251,-100.353882376791,1,0.2
5840.710225246731,-22.06850270593593,-100.42609229380993,1,0.2
5881.335577585225,-22.13218262896445,-100.49871516762734,1,0.2
5922.243501595481,-22.19587130428288,-100.5717549254908,1,0.2
5963.435962718906,-22.25956903920393,-100.64521548072244,1,0.2
6004.914940067636,-22.32326121706108,-100.71912622450951,1,0.2
6046.682426519615,-22.38697056314293,-100.79345291355376,1,0.2
6088.740428814354,-22.45067502112139,-100.86823776893179,1,0.2
6131.090967649341,-22.514427096730692,-100.9433948901115,1,0.2
6173.736077777122,-22.578152600064733,-101.01905649064915,1,0.2
6216.6778081030725,-22.64191146251106,-101.09512353154095,1,0.2
6259.918221783827,-22.70568167779186,-101.17163840085003,1,0.2
6303.4593963264115,-22.76945616456758,-101.24861791721214,1,0.2
6347.303423688055,-22.833242716660052,-101.32605295264749,1,0.2
6391.4524103767,-22.897056532709925,-101.40392112654577,1,0.2
6435.9084775522115,-22.960868288814282,-101.4822784796982,1,0.2
6480.673761128287,-23.024700614166814,-101.56108952228034,1,0.2
6525.750411875079,-23.088539060983866,-101.6403843026755,1,0.2
6571.140595522531,-23.152406223092946,-101.7201269439925,1,0.2
6616.846492864425,-23.216295062595673,-101.80033422061545,1,0.2
6662.870299863169,-23.280198568223526,-101.88102306056022,1,0.2
6709.214227755292,-23.34410975578047,-101.96221055023454,1,0.2
6755.880503157695,-23.408043800822878,-102.04387368063787,1,0.2
6802.871368174619,-23.472015841446602,-102.12598908430495,1,0.2
6850.189080505378,-23.53598204580382,-102.20864108787603,1,0.2
6897.835913552822,-23.599979690393557,-102.29176599671652,1,0.2
6945.814156532571,-23.663994459546387,-102.37539439359783,1,0.2
6994.126114583001,-23.728034137360225,-102.45951628076335,1,0.2
7042.774108875988,-23.79209180334472,-102.54414884492567,1,0.2
7091.760476728439,-23.85619725747833,-102.62924076454004,1,0.2
7141.087571714584,-23.92030688820811,-102.7148777887898,1,0.2
7190.757763779057,-23.984443169403047,-102.80102230782488,1,0.2
7240.773439350762,-24.048591907178924,-102.88770552592197,1,0.2
7291.137001457528,-24.112790165840607,-102.97486152922596,1,0.2
7341.850869841561,-24.177009116256638,-103.06254920570662,1,0.2
7392.917481075709,-24.24122733388029,-103.15081418622098,1,0.2
7444.339288680522,-24.305503739614636,-103.23954785593621,1,0.2
7496.118763242139,-24.36980957660863,-103.32880950025394,1,0.2
7548.258392530979,-24.434130761182807,-103.41863083843765,1,0.2
7600.760681621277,-24.49849693623139,-103.50895861750296,1,0.2
7653.628153011434,-24.562879474467742,-103.59985298670689,1,0.2
7706.863346745218,-24.62729345045898,-103.69128891881637,1,0.2
7760.468820533797,-24.691768413527576,-103.7832121886032,1,0.2
7814.447149878626,-24.756239528770084,-103.87575539319067,1,0.2
7868.800928195191,-24.820758143055947,-103.96882117645026,1,0.2
7923.532766937609,-24.885324749059322,-104.06241248415019,1,0.2
7978.645295724095,-24.949903679801416,-104.15660523594879,1,0.2
8034.141162463309,-25.0145388992172,-104.25131523585989,1,0.2
8090.023033481568,-25.07919480049473,-104.34661875242651,1,0.2
8146.293593650958,-25.143886409028305,-104.44248979179795,1,0.2
8202.955546518326,-25.208614290884714,-104.5389315415324,1,0.2
8260.011614435174,-25.273393417092713,-104.63591741863767,1,0.2
8317.464538688457,-25.3382243255494,-104.73345023579202,1,0.2
8375.317079632288,-25.403064451325115,-104.83162272991237,1,0.2
8433.572016820564,-25.467964717650837,-104.93033336584475,1,0.2
8492.232149140504,-25.532896979024265,-105.02964514929747,1,0.2
8551.300294947127,-25.597869028486876,-105.12954616933543,1,0.2
8610.779292198666,-25.662895793019118,-105.2300090381564,1,0.2
8670.671998592914,-25.72796355395579,-105.33106700966052,1,0.2
8730.981291704516,-25.79308008165809,-105.43270776029544,1,0.2
8791.710069123244,-25.858224590594887,-105.53498032173418,1,0.2
8852.86124859319,-25.923433398539654,-105.63781071312914,1,0.2
8914.437768152968,-25.988678616486638,-105.74126344812744,1,0.2
8976.44258627686,-26.05397514651361,-105.84531047203865,1,0.2
9038.878682016972,-26.119323631284324,-105.94995451401223,1,0.2
9101.74905514635,-26.18472472049788,-106.05519827853435,1,0.2
9165.056726303115,-26.25016489885074,-106.16107599223214,1,0.2
9228.804737135582,-26.31565195691755,-106.26757484999236,1,0.2
9292.996150448414,-26.381207799848845,-106.37464997158739,1,0.2
9357.634050349754,-26.446804811148702,-106.48236743380482,1,0.2
9422.721542399418,-26.512457832602237,-106.59069814026597,1,0.2
9488.261753758103,-26.578181646399642,-106.69961245549038,1,0.2
9554.257833337617,-26.64392061388866,-106.80924176843335,1,0.2
9620.712951952195,-26.70974587086636,-106.91942751874228,1,0.2
9687.630302470823,-26.775615916866894,-107.03026911396303,1,0.2
9755.013099970645,-26.841566575711493,-107.14168761237227,1,0.2
9822.864581891441,-26.907549490992466,-107.25379976209453,1,0.2
9891.188008191157,-26.97360745816752,-107.36650981105952,1,0.2
9959.98666150255,-27.039713236230966,-107.47988591355606,1,0.2
10029.26384729088,-27.105874605235677,-107.59391415890673,1,0.2
10099.022894012754,-27.172127173909292,-107.70851358177927,1,0.2
10169.26715327601,-27.238429866864074,-107.8237861486524,1,0.2
10240.000000000768,-27.304783513876416,-107.93973447271293,1,0.2
10311.224832581574,-27.371216696924904,-108.05629356180069,1,0.2
10382.945073050678,-27.4377024416796,-108.17353298802529,1,0.2
10455.164167242447,-27.504262351744494,-108.29140416914322,1,0.2
10527.885584958914,-27.570890294252326,-108.40992605935334,1,0.2
10601.112820136505,-27.63757328608839,-108.52913502314932,1,0.2
10674.849391013888,-27.70433975200957,-108.64896450007569,1,0.2
10749.098840301021,-27.77117670358177,-108.76945063617175,1,0.2
10823.864735349352,-27.838078106741236,-108.89061271679769,1,0.2
10899.15066832323,-27.90505854393256,-109.01241791011603,1,0.2
10974.960256372473,-27.972111985347627,-109.13488534734029,1,0.2
11051.297141806172,-28.039232450042945,-109.2580344011754,1,0.2
11128.16499226768,-28.106427655457868,-109.38184935212962,1,0.2
11205.567500910824,-28.173705283761826,-109.50631414952599,1,0.2
11283.508386577352,-28.241052572986728,-109.63146584451133,1,0.2
11361.991393975597,-28.308484021990267,-109.75727048214067,1,0.2
11441.020293860403,-28.375986926596276,-109.88376530934214,1,0.2
11520.598883214287,-28.443575755894056,-110.01091598603533,1,0.2
11600.730985429864,-28.51124462221329,-110.13874184980251,1,0.2
11681.420450493551,-28.578994436498753,-110.26724430389169,1,0.2
11762.671155170538,-28.646819381685038,-110.39644295166616,1,0.2
11844.48700319105,-28.71474058758755,-110.52628434230971,1,0.2
11926.871925437901,-28.782732069443178,-110.65684287530225,1,0.2
12009.82988013536,-28.85081493582777,-110.78806477267216,1,0.2
12093.36485303932,-28.918996784126684,-110.91993240595168,1,0.2
12177.4808576288,-28.987251791603995,-111.05252090111294,1,0.2
12262.181935298773,-29.055600979711702,-111.18577564636824,1,0.2
12347.472155554336,-29.124038625905627,-111.31971616178784,1,0.2
12433.355616206238,-29.192565701870148,-111.45434336238637,1,0.2
12519.836443567749,-29.261189811657577,-111.589639182689,1,0.2
12606.918792652916,-29.3299052886066,-111.72562319016907,1,0.2
12694.606847376202,-29.398713123363407,-111.8622961201872,1,0.2
12782.904820753494,-29.467620900203208,-111.99963949845822,1,0.2
12871.816955104521,-29.53661643454542,-112.13769215647291,1,0.2
12961.347522256672,-29.605700774954347,-112.27645486893329,1,0.2
13051.500823750257,-29.674901167622,-112.41585084494514,1,0.2
13142.28119104516,-29.744205444638816,-112.5559187214709,1,0.2
13233.69298572895,-29.81358850912869,-112.69673673052014,1,0.2
13325.740599726436,-29.883090558039207,-112.83818821928858,1,0.2
13418.428455510686,-29.952680040048392,-112.98037111587897,1,0.2
13511.761006315492,-30.02239047780972,-113.12318724379374,1,0.2
13605.74273634934,-30.09219693376696,-113.26671532074575,1,0.2
13700.378161010858,-30.16210695508996,-113.41093567115318,1,0.2
13795.671827105747,-30.232115164672177,-113.55586821161386,1,0.2
13891.628313065248,-30.302248358351612,-113.7014327857956,1,0.2
13988.252229166108,-30.372488252477766,-113.84768890349426,1,0.2
14085.548217752083,-30.44282313555979,-113.99467670147192,1,0.2
14183.520953456982,-30.513279686257814,-114.14231511152737,1,0.2
14282.175143429275,-30.58385889846364,-114.29060323268645,1,0.2
14381.515527558222,-30.654542726343767,-114.43960141354299,1,0.2
14481.546878701633,-30.725338639345473,-114.58928876435918,1,0.2
14582.274002915165,-30.7962540503231,-114.73964401099877,1,0.2
14683.70173968323,-30.867277410126345,-114.89070750638105,1,0.2
14785.834962151528,-30.93842872638424,-115.04241639711256,1,0.2
14888.678577361155,-31.009702742295822,-115.19479012622077,1,0.2
14992.23752648439,-31.08108801308042,-115.34786925564298,1,0.2
15096.516785062071,-31.15259817642441,-115.5016109737533,1,0.2
15201.521363242668,-31.224234301297045,-115.65601387759439,1,0.2
15307.256306022984,-31.29598504870216,-115.81111872827749,1,0.2
15413.726693490553,-31.367876345837896,-115.96683960362789,1,0.2
15520.93764106771,-31.439878309121557,-116.12328076602589,1,0.2
15628.894299757369,-31.51201678792084,-116.2803557420905,1,0.2
15737.6018563905,-31.584280535114985,-116.43810531861357,1,0.2
15847.065533875337,-31.656670683208247,-116.59652779264736,1,0.2
15957.29059144831,-31.729200574988393,-116.75557822384172,1,0.2
16068.282324926739,-31.80185298274366,-116.91531922423808,1,0.2
16180.046066963258,-31.874641234880848,-117.07570559645515,1,0.2
16292.587187302037,-31.947548262892276,-117.23680043372818,1,0.2
16405.911093036775,-32.020605483219086,-117.39849267173436,1,0.2
16520.023228870472,-32.09381387712129,-117.56077939298396,1,0.2
16634.92907737704,-32.16713843606407,-117.72378967402106,1,0.2
16750.634159264704,-32.24060438429209,-117.8874333752911,1,0.2
16867.144033641256,-32.31421877150711,-118.05168557626727,1,0.2
16984.464298281135,-32.38796480053407,-118.21660989629575,1,0.2
17102.600589894384,-32.46186736738108,-118.38211460389645,1,0.2
17221.558584397462,-32.53589201082894,-118.54833046231005,1,0.2
17341.343997185955,-32.610075363063686,-118.715120511094,1,0.2
17461.962583409164,-32.684406658322295,-118.88252611051466,1,0.2
17583.42013824662,-32.758881129355075,-119.05056650364182,1,0.2
17705.72249718651,-32.83350574320026,-119.21921580511595,1,0.2
17828.875536306066,-32.90826995731222,-119.38851592338872,1,0.2
17952.885172553855,-32.98319233625793,-119.55839525510586,1,0.2
18077.75736403408,-33.058262352541036,-119.72889557772284,1,0.2
18203.498110292836,-33.13349263802205,-119.89996739878114,1,0.2
18330.113452606365,-33.208872737738574,-120.07165257060241,1,0.2
18457.609474271307,-33.28440377537052,-120.2439472572222,1,0.2
18585.99230089697,-33.36009825346259,-120.41680125875854,1,0.2
18715.26810069965,-33.43593448530808,-120.59030292323557,1,0.2
18845.44308479898,-33.51194760744737,-120.76430892855467,1,0.2
18976.523507516347,-33.588093447413534,-120.9390008635313,1,0.2
19108.51566667538,-33.664423837113304,-121.1141646297038,1,0.2
19241.425903904536,-33.74091162646029,-121.28991209014247,1,0.2
19375.260604941792,-33.817546777561375,-121.46628573130214,1,0.2
19510.026199941436,-33.89436378179988,-121.64313978181359,1,0.2
19645.729163783028,-33.971330324329436,-121.82061059756434,1,0.2
19782.376016382463,-34.04846962486821,-121.99859886447301,1,0.2
19919.973323005244,-34.12577714749885,-122.17712301600723,1,0.2
20058.527694581913,-34.20324843549048,-122.35620163105969,1,0.2
20198.045788025658,-34.280889988153,-122.5358056534478,1,0.2
20338.53430655217,-34.358702794608085,-122.71592963353737,1,0.2
20480.00000000169,-34.4366878364317,-122.89656802254808,1,0.2
20622.4496651633,-34.51484071557195,-123.07773923540422,1,0.2
20765.890146101516,-34.59316781405237,-123.25941357772021,1,0.2
20910.32833448505,-34.67167008949411,-123.44158520339127,1,0.2
21055.771169917985,-34.7503431862714,-123.6242724003134,1,0.2
21202.22564027317,-34.82919867617396,-123.80742071951339,1,0.2
21349.698782027936,-34.90821638538476,-123.99112122158927,1,0.2
21498.197680602203,-34.98742885873593,-124.175221789633,1,0.2
21647.72947069887,-35.06680552207483,-124.35986229467169,1,0.2
21798.301336646622,-35.146373435579385,-124.54491428737538,1,0.2
21949.920512745113,-35.22612301804144,-124.73042003633103,1,0.2
22102.59428361251,-35.30603457580048,-124.91647132815308,1,0.2
22256.32998453553,-35.38614510101449,-125.10288950552474,1,0.2
22411.135001821818,-35.466434855217116,-125.28976611573118,1,0.2
22567.01677315487,-35.54691490267115,-125.47704492020623,1,0.2
22723.98278795137,-35.627575909770115,-125.66476838046486,1,0.2
22882.04058772098,-35.70841374653213,-125.85295440379295,1,0.2
23041.197766428744,-35.789449373668084,-126.04149656558377,1,0.2
23201.4619708599,-35.87066353757135,-126.23048705989473,1,0.2
23362.840900987278,-35.952076981721895,-126.4198189272869,1,0.2
23525.342310341253,-36.033670619201686,-126.60958454471655,1,0.2
23688.974006382276,-36.11545516483064,-126.7997265475884,1,0.2
23853.743850875984,-36.19742648545841,-126.99026244077089,1,0.2
24019.6597602709,-36.27960480906655,-127.18108412641655,1,0.2
24186.729706078822,-36.361961648572965,-127.37233454682244,1,0.2
24354.96171525778,-36.44451234833178,-127.56393057681478,1,0.2
24524.363870597732,-36.52726237943731,-127.75583905207543,1,0.2
24694.944311108862,-36.610202829753014,-127.94810244272915,1,0.2
24866.711232412665,-36.69333443392103,-128.140712787509,1,0.2
25039.672887135683,-36.77667203016042,-128.3335859829102,1,0.2
25213.837585306024,-36.86019269165753,-128.52684054360265,1,0.2
25389.213694752598,-36.943920537133856,-128.72034137613446,1,0.2
25565.809641507185,-37.027851381635074,-128.91410537557266,1,0.2
25743.63391020923,-37.11196730924469,-129.10822593324806,1,0.2
25922.695044513537,-37.1962920109033,-129.30256726754874,1,0.2
26103.00164750071,-37.28080311046475,-129.4972483061893,1,0.2
26284.562382090517,-37.36552853932859,-129.69210727191526,1,0.2
26467.385971458098,-37.45044606548523,-129.8872631450154,1,0.2
26651.481199453076,-37.53557424678189,-130.08260483735896,1,0.2
26836.856911021572,-37.620891149004024,-130.27825151622213,1,0.2
27023.522012631187,-37.7064107398973,-130.4741174735805,1,0.2
27211.485472698885,-37.79213345980837,-130.67019368338123,1,0.2
27400.75632202192,-37.87806847719837,-130.86641963700188,1,0.2
27591.3436542117,-37.96420299396664,-131.0628631673587,1,0.2
27783.256626130707,-38.0505374680789,-131.2595150218861,1,0.2
27976.504458332423,-38.137076631235146,-131.45634006378992,1,0.2
28171.096435504372,-38.22382081741089,-131.65332870160842,1,0.2
28367.04190691418,-38.31077033375597,-131.85047114939738,1,0.2
28564.35028685876,-38.39792967319021,-132.04773156821733,1,0.2
28763.031055116662,-38.485286421534674,-132.2451769440383,1,0.2
28963.093757403483,-38.57284925076644,-132.44274479337525,1,0.2
29164.548005830547,-38.66061827054616,-132.64042341463943,1,0.2
29367.403479366687,-38.74860169174762,-132.83814818594894,1,0.2
29571.669924303278,-38.83678277989988,-133.03600739904195,1,0.2
29777.35715472254,-38.92516912839302,-133.23393061916218,1,0.2
29984.475052969006,-39.01375901619775,-133.43189196691944,1,0.2
30193.03357012437,-39.10255192255355,-133.62982545252677,1,0.2
30403.042726485564,-39.1915220520855,-133.8277412165687,1,0.2
30614.512612046197,-39.28062131232632,-134.02554704060327,1,0.2
30827.45338698134,-39.369686148238976,-134.2242418362719,1,0.2
31041.875282135654,-39.4593895649663,-134.4264263109484,1,0.2
31257.788599514974,-39.549566648096615,-134.62480288292033,1,0.2
31475.203712781236,-39.639725769836886,-134.82265437668835,1,0.2
31694.13106775091,-39.73001362398963,-135.02081995788345,1,0.2
31914.581182896858,-39.820494059296,-135.21908636429256,1,0.2
32136.564649853717,-39.91118276399596,-135.4173617932143,1,0.2
32360.09213392676,-40.00206868200728,-135.61571078582608,1,0.2
32585.17437460432,-40.093168455650996,-135.8140047238347,1,0.2
32811.8221860738,-40.18446788084047,-136.01232841720255,1,0.2
33040.04645774119,-40.27598207274909,-136.21056360157027,1,0.2
33269.85815475433,-40.36770007545036,-136.40877474329756,1,0.2
33501.26831852966,-40.45962196586386,-136.6069499960961,1,0.2
33734.28806728276,-40.55175133333943,-136.80505247561007,1,0.2
33968.928596562524,-40.64408450009622,-137.00309733405138,1,0.2
34205.20117978902,-40.73663197623112,-137.20099704827103,1,0.2
34443.11716879519,-40.82938640693164,-137.3987931116546,1,0.2
34682.68799437217,-40.92234409865231,-137.59650134879342,1,0.2
34923.92516681859,-41.015511791727945,-137.79406060338093,1,0.2
35166.8402764935,-41.108882294380706,-137.99151259787763,1,0.2
35411.44499437329,-41.20245200147498,-138.1888733267221,1,0.2
35657.7510726124,-41.29623425361803,-138.38603071122466,1,0.2
35905.77034510798,-41.39022522072529,-138.58300102018933,1,0.2
36155.51472806843,-41.48441783689727,-138.77982602779755,1,0.2
36406.99622058595,-41.57881510744596,-138.9764707434461,1,0.2
36660.22690521301,-41.673413376816804,-139.17295130400427,1,0.2
36915.21894854289,-41.76821555783203,-139.36923279712389,1,0.2
37171.98460179422,-41.863224439176825,-139.56528042046824,1,0.2
37430.53620139958,-41.958436303903,-139.76111028741684,1,0.2
37690.88616959824,-42.05385068165667,-139.95671295705654,1,0.2
37953.04701503298,-42.149457660834614,-140.1521549147149,1,0.2
38217.03133335104,-42.245278749031016,-140.34724901561054,1,0.2
38482.85180780936,-42.341297649406606,-140.54211209346866,1,0.2
38750.521209883875,-42.43751385338048,-140.73673371520974,1,0.2
39020.05239988316,-42.53392984039121,-140.931077629898,1,0.2
39291.458327566346,-42.63054490414567,-141.12513188549724,1,0.2
39564.752032765224,-42.72735822051972,-141.3188828346179,1,0.2
39839.94664601079,-42.82436874970158,-141.51231383979254,1,0.2
40117.05538916413,-42.92157500675891,-141.70540265964843,1,0.2
40396.09157605162,-43.01898027652101,-141.8980657138222,1,0.2
40677.068613104646,-43.11656448606569,-142.09036886935607,1,0.2
40960.00000000368,-43.2143176250669,-142.2821385972153,1,0.2
41244.899330326916,-43.31218540930049,-142.47296747688182,1,0.2
41531.78029220334,-43.40971375355666,-142.66377007956856,1,0.2
41820.65666897041,-43.50819585938321,-142.8634242150098,1,0.2
42111.54233983629,-43.60736093512726,-143.0531601033628,1,0.2
42404.45128054665,-43.7062525389082,-143.242629980152,1,0.2
42699.3975640562,-43.80524906004959,-143.43226678415846,1,0.2
42996.39536120473,-43.90442019522352,-143.62169598832125,1,0.2
43295.458941398065,-44.00376804123372,-143.8108982156003,1,0.2
43596.60267329357,-44.10330689958108,-143.99971906990822,1,0.2
43899.84102549055,-44.203027085572685,-144.18822463830386,1,0.2
44205.18856722535,-44.30293909854267,-144.37629653685352,1,0.2
44512.659969071385,-44.40303209091753,-144.56401703399325,1,0.2
44822.27000364397,-44.50331068229853,-144.751325231542,1,0.2
45134.033546310086,-44.603774152305455,-144.93821080481598,1,0.2
45447.96557590307,-44.70442671905181,-145.12461636391976,1,0.2
45764.081175442305,-44.805259990158596,-145.31060594798444,1,0.2
46082.39553285784,-44.90627318490925,-145.4961714713816,1,0.2
46402.92394172015,-45.007472792074026,-145.68123348966995,1,0.2
46725.681801974904,-45.10885296832167,-145.8658328723064,1,0.2
47050.68462068286,-45.21040803902721,-146.05001023437384,1,0.2
47377.94801276491,-45.312141946728524,-146.2337109828899,1,0.2
47707.487701752325,-45.41406077965169,-146.41685755455916,1,0.2
48039.319520542165,-45.516149490250015,-146.59958567730064,1,0.2
48373.45941215801,-45.61841421282356,-146.7818178953809,1,0.2
48709.923430515926,-45.720860803271464,-146.9634776823303,1,0.2
49048.72774119583,-45.82347458719993,-147.1446999797008,1,0.2
49389.888622218095,-45.92626592627457,-147.32536166197696,1,0.2
49733.4224648257,-46.029224872771344,-147.50555037759167,1,0.2
50000.0,-46.108747273277324,-147.64416411482566,1,0.2
10.0,-0.2818145170495245,-0.5667085593399265,2,0.3
10.069555500567189,-0.2818214992279241,-0.5706518340493304,2,0.3
10.139594797900294,-0.2818098375742143,-0.5746206615263982,2,0.3
10.210121257071936,-0.2818182848276327,-0.5786191630815276,2,0.3
10.281138266560667,-0.2818210228364979,-0.5826449110355822,2,0.3
10.352649238413779,-0.2818180619675857,-0.5866980882045715,2,0.3
10.424657608411218,-0.28181586990748597,-0.5907795539493543,2,0.3
10.497166836230678,-0.2818144573652108,-0.5948895076450289,2,0.3
10.57018040561381,-0.28181383519844905,-0.5990281501122163,2,0.3
10.643701824533608,-0.28182047165932833,-0.603196373128392,2,0.3
10.71773462536294,-0.2818150061777191,-0.6073923119391786,2,0.3
10.792282365044281,-0.2818232790836227,-0.6116189393917271,2,0.3
10.867348625260592,-0.2818259300599618,-0.6158743793204183,2,0.3
10.942937012607405,-0.28181651335705826,-0.620158116484941,2,0.3
11.019051158766118,-0.2818273273659436,-0.6244739000795639,2,0.3
11.095694720678463,-0.2818196400397307,-0.6288176732117639,2,0.3
11.172871380722214,-0.2818128354643911,-0.6331917751073521,2,0.3
11.250584846888108,-0.281826298179157,-0.6375986063137967,2,0.3
11.328838852958,-0.2818148387987225,-0.6420332910682502,2,0.3
11.407637158684253,-0.2818172144359862,-0.6465004195585693,2,0.3
11.486983549970367,-0.2818140655921093,-0.6509980090476511,2,0.3
11.566881839052892,-0.28181832020294695,-0.6555277631535187,2,0.3
11.647335864684578,-0.2818106189102736,-0.6600876561048037,2,0.3
11.728349492318808,-0.28182326270720376,-0.6646816789320937,2,0.3
11.809926614295325,-0.2818110622830355,-0.6693047492608755,2,0.3
11.892071150027233,-0.2818192343083228,-0.6739624228559153,2,0.3
11.97478704618931,-0.28182196239504315,-0.6786518735708252,2,0.3
12.05807827690763,-0.2818128029230507,-0.683372534582983,2,0.3
12.141948843950495,-0.2818305161294028,-0.6881293244525141,2,0.3
12.226402776920713,-0.281823455181549,-0.6929162064016633,2,0.3
12.31144413344919,-0.28182392312175497,-0.6977373374992583,2,0.3
12.397076999389895,-0.2818125616567143,-0.7025905622143425,2,0.3
12.48330548901615,-0.28182167468961655,-0.707480128974907,2,0.3
12.570133745218314,-0.2818189886992192,-0.7124022574932192,2,0.3
12.657565939702833,-0.28182389259256724,-0.7173596159834875,2,0.3
12.745606273192656,-0.28182348646002264,-0.7223508143518724,2,0.3
12.834258975629076,-0.281824244087237,-0.7273769126618659,2,0.3
12.923528306374958,-0.281819723734005,-0.7324373214241585,2,0.3
13.013418554419374,-0.28182931560891344,-0.7375348014828566,2,0.3
13.10393403858367,-0.28182074658369094,-0.7426653951663591,2,0.3
13.195079107728983,-0.28181986534007,-0.7478327214898717,2,0.3
13.286858140965156,-0.2818202310265908,-0.7530361924402466,2,0.3
13.379275547861162,-0.2818154028985998,-0.7582751982076017,2,0.3
13.472335768656947,-0.281818314687479,-0.7635517247653371,2,0.3
13.566043274476765,-0.28182252616216596,-0.7688651721172333,2,0.3
13.660402567544,-0.28181513902758476,-0.7742140331897557,2,0.3
13.755418181397484,-0.28182846250309945,-0.7796029905499896,2,0.3
13.851094681109295,-0.2818302242091473,-0.785027880314533,2,0.3
13.947436663504105,-0.28181398449519024,-0.7904880302845858,2,0.3
14.044448757380025,-0.2818249703923281,-0.7959900221966608,2,0.3
14.142135623731003,-0.2818309098904901,-0.8015296238480363,2,0.3
14.240501955970773,-0.2818189057436273,-0.807105245937687,2,0.3
14.33955248015833,-0.28181481122652774,-0.8127208224528415,2,0.3
14.439291955225018,-0.28182510510000214,-0.8183775861946867,2,0.3
14.539725173203164,-0.28182397402241754,-0.8240720895273078,2,0.3
14.640856959456315,-0.28182435559013824,-0.829806472549954,2,0.3
14.742692172911074,-0.28183272940124227,-0.835581974779609,2,0.3
14.845235706290554,-0.28182328243150156,-0.8413950567569158,2,0.3
14.94849248634945,-0.2818218705508991,-0.8472498202586716,2,0.3
15.05246747411074,-0.2818220570935036,-0.853145601351158,2,0.3
15.15716566510405,-0.281830323005495,-0.859083674917784,2,0.3
15.26259208960566,-0.2818143970341015,-0.8650594140512329,2,0.3
15.368751812880195,-0.28182597208556587,-0.8710809974210907,2,0.3
15.475649935423972,-0.2818263186152053,-0.8771427934370531,2,0.3
15.58329159321007,-0.28182837764956353,-0.8832470811900942,2,0.3
15.69168195793509,-0.281825714029139,-0.88939314863659,2,0.3
15.800826237267621,-0.2818377287082951,-0.8955843513360829,2,0.3
15.910729675098453,-0.28183215123782757,-0.9018158882439571,2,0.3
16.02139755179252,-0.281828383231162,-0.9080911193048544,2,0.3
16.13283518444261,-0.28183290894483864,-0.9144114027440935,2,0.3
16.245047927124794,-0.28181991729632944,-0.920772867534429,2,0.3
16.358041171155712,-0.28183464824721693,-0.927183182324964,2,0.3
16.471820345351553,-0.28182545438951234,-0.9336342212370401,2,0.3
16.586390916288924,-0.28183111759820184,-0.9401326640182813,2,0.3
16.70175838856748,-0.28183228697445917,-0.9466756355854499,2,0.3
16.817928305074386,-0.28182898965330055,-0.9532634413993446,2,0.3
16.93490624725064,-0.28182125313542467,-0.9598963891264742,2,0.3
17.052697835359233,-0.2818284838758845,-0.9665781018871515,2,0.3
17.17130872875518,-0.2818313318829897,-0.973305624651843,2,0.3
17.290744626157405,-0.2818233661942969,-0.9800781524962513,2,0.3
17.411011265922586,-0.2818369140995632,-0.9869016172205336,2,0.3
17.53211442632081,-0.2818267875720681,-0.9937684841738036,2,0.3
17.654059925813208,-0.28181885511966426,-1.0006835779246295,2,0.3
17.776853623331515,-0.28183252673107245,-1.007650700286186,2,0.3
17.900501418559564,-0.28183553424436614,-1.0146644776246114,2,0.3
18.02500925221672,-0.2818279086112421,-1.0217252155382623,2,0.3
18.150383106343334,-0.2818355212562247,-1.0288379234502174,2,0.3
18.27662900458813,-0.2818325643803672,-1.035998274748148,2,0.3
18.403753012497624,-0.2818384506171711,-1.0432101575029944,2,0.3
18.53176123780754,-0.28183383260675093,-1.0504703606523438,2,0.3
18.660659830736275,-0.28183166398154974,-1.0577816185066244,2,0.3
18.790454984280366,-0.28183197869412296,-1.0651443010491943,2,0.3
18.921152934512047,-0.281834811162454,-1.0725587811677602,2,0.3
19.05275996087888,-0.2818401962761874,-1.0800254346815177,2,0.3
19.18528238650542,-0.281841708899508,-1.0875433979804119,2,0.3
19.31872657849705,-0.2818393846951997,-1.0951130269345286,2,0.3
19.453098948245852,-0.28183972045185224,-1.1027359397849363,2,0.3
19.588405951738682,-0.28183629230759183,-1.1104112555295171,2,0.3
19.72465408986733,-0.28183559818813303,-1.118140615545928,2,0.3
19.861849908740865,-0.28184413680556264,-1.1259256994431046,2,0.3
20.00000000000015,-0.2818425640033726,-1.1337630453314282,2,0.3
20.13911100113453,-0.28183737925515495,-1.1416543032350188,2,0.3
20.279189595800737,-0.2818415439139495,-1.1496024750137308,2,0.3
20.42024251414402,-0.2818357147729298,-1.1576040269784547,2,0.3
20.56227653312149,-0.2818393155572536,-1.1656633075978384,2,0.3
20.70529847682771,-0.28184592628852084,-1.1737794160082606,2,0.3
20.849315216822593,-0.28183620453181296,-1.1819487177321055,2,0.3
20.994333672461515,-0.28184249902112823,-1.1901783443258167,2,0.3
21.14036081122778,-0.28184546845900493,-1.1984646676350021,2,0.3
21.28740364906737,-0.2818386943956463,-1.206806706299888,2,0.3
21.43546925072604,-0.28184806705160376,-1.215210383370137,2,0.3
21.584564730088722,-0.28183486091035337,-1.223667803084354,2,0.3
21.734697250521346,-0.2818443531081272,-1.2321891356743186,2,0.3
21.885874025214974,-0.28184428053434996,-1.2407678222975773,2,0.3
22.038102317532406,-0.2818411511343883,-1.2494056734535575,2,0.3
22.191389441357092,-0.2818414738213766,-1.2581045420788852,2,0.3
22.345742761444598,-0.281845296304088,-1.2668648774666895,2,0.3
22.501169693776383,-0.2818462046601651,-1.2756856757427706,2,0.3
22.657677705916175,-0.2818442476419336,-1.2845673632351162,2,0.3
22.815274317368676,-0.28184593713065914,-1.2935118467553355,2,0.3
22.973967099940907,-0.28184486093373023,-1.3025181026944932,2,0.3
23.13376367810596,-0.28185399512865106,-1.311589563172687,2,0.3
23.29467172936933,-0.2818475407625953,-1.3207206980986101,2,0.3
23.456698984637793,-0.28185140080042836,-1.3299179630714344,2,0.3
23.619853228590827,-0.28184623987248636,-1.3391772809226261,2,0.3
23.784142300054643,-0.28185796345101094,-1.348505229957716,2,0.3
23.949574092378796,-0.2818478479022502,-1.3578930579340582,2,0.3
24.11615655381544,-0.2818418003521302,-1.3673473715897597,2,0.3
24.28389768790117,-0.2818528036403249,-1.3768718092896508,2,0.3
24.452805553841607,-0.2818550614354077,-1.3864606028303013,2,0.3
24.622888266898567,-0.2818615578947917,-1.3961173772115083,2,0.3
24.794153998779972,-0.28185296045342234,-1.4058378239766738,2,0.3
24.966610978032485,-0.2818551824852581,-1.4156288186658683,2,0.3
25.140267490436816,-0.28184889267592617,-1.4254860272798477,2,0.3
25.315131879405854,-0.28186000724300253,-1.4354164561781884,2,0.3
25.4912125463855,-0.281856267932106,-1.4454124462326605,2,0.3
25.668517951258348,-0.2818571289393922,-1.4554794071187462,2,0.3
25.847056612750112,-0.2818497249090961,-1.4656145244980245,2,0.3
26.026837108838944,-0.2818535127882084,-1.4758233192556085,2,0.3
26.20786807716754,-0.2818620934217357,-1.4861046705857885,2,0.3
26.390158215458165,-0.28186260334424534,-1.4964557075085096,2,0.3
26.573716281930512,-0.28186157352788127,-1.5068786290225036,2,0.3
26.758551095722524,-0.2818655363351414,-1.5173756856454375,2,0.3
26.944671537314093,-0.2818616302537915,-1.527943948236968,2,0.3
27.13208654895373,-0.28186931980841645,-1.5385891762522927,2,0.3
27.320805135088207,-0.28185634913885205,-1.549303132824453,2,0.3
27.510836362795175,-0.28186804662888126,-1.560098708083726,2,0.3
27.7021893622188,-0.2818656921647445,-1.570965832885438,2,0.3
27.89487332700842,-0.28186875527667876,-1.5819103945125774,2,0.3
28.088897514760255,-0.28185791267430027,-1.5929275266519825,2,0.3
28.284271247462218,-0.28187203483998563,-1.6040286915909319,2,0.3
28.48100391194176,-0.28187240234303507,-1.6152035412542995,2,0.3
28.679104960316874,-0.2818720240559382,-1.6264562756864505,2,0.3
28.878583910450253,-0.2818645115789407,-1.6377855949751603,2,0.3
29.079450346406546,-0.2818693435099408,-1.6491976797260686,2,0.3
29.28171391891285,-0.28186720058599135,-1.6606875019641656,2,0.3
29.485384345822368,-0.28187756445120177,-1.6722613305294105,2,0.3
29.690471412581335,-0.28188111711609726,-1.6839140696285742,2,0.3
29.896984972699123,-0.281877941596077,-1.6956462736669444,2,0.3
30.104934948221704,-0.28188105682450587,-1.7074623978096255,2,0.3
30.314331330208326,-0.2818776138645867,-1.7193591635952679,2,0.3
30.52518417921155,-0.28188063457354967,-1.731341090352056,2,0.3
30.73750362576062,-0.28189020747820376,-1.74340883396615,2,0.3
30.951299870848175,-0.28188055001819046,-1.7555550454382889,2,0.3
31.16658318642038,-0.2818905605221116,-1.7677923255410595,2,0.3
31.38336391587042,-0.2818815216509147,-1.7801092474579556,2,0.3
31.60165247453548,-0.28187939903724657,-1.792514500423024,2,0.3
31.82145935019715,-0.2818842872874311,-1.8050087690544871,2,0.3
32.04279510358529,-0.2818962822602138,-1.8175927442575983,2,0.3
32.26567036888546,-0.28190254283240357,-1.8302629482730883,2,0.3
32.49009585424984,-0.2818966970323412,-1.843017895975423,2,0.3
32.716082342311665,-0.2819047209486592,-1.8558666321182395,2,0.3
32.94364069070335,-0.2819008374296038,-1.868801391083409,2,0.3
33.172781832578096,-0.28189161704187127,-1.8818249082099843,2,0.3
33.40351677713521,-0.2818965726736604,-1.8949443051318713,2,0.3
33.63585661014903,-0.2819028694760064,-1.9081560093783492,2,0.3
33.86981249450153,-0.2819041429046152,-1.921458526297967,2,0.3
34.10539567071872,-0.28190697040247525,-1.9348547192008898,2,0.3
34.34261745751061,-0.2819114607398098,-1.9483452969262818,2,0.3
34.58148925231507,-0.28190478188984447,-1.9619265010905482,2,0.3
34.822022531845434,-0.2819129295752271,-1.9756079701515137,2,0.3
35.064228852641875,-0.28192307511761017,-1.9893859898163189,2,0.3
35.30811985162668,-0.28190944609576024,-2.003252160659905,2,0.3
35.55370724666329,-0.2819174599317086,-2.0172231318393252,2,0.3
35.80100283711939,-0.2819278196517223,-2.031292848271081,2,0.3
36.05001850443371,-0.28191475471022026,-2.045452739765225,2,0.3
36.30076621268694,-0.2819301645574449,-2.059722157008158,2,0.3
36.55325800917653,-0.2819223910563357,-2.074083152472609,2,0.3
36.80750602499552,-0.28193039427035854,-2.0885505892035328,2,0.3
37.06352247561536,-0.28192840766590554,-2.103115762420493,2,0.3
37.32131966147283,-0.2819359779633104,-2.1177866045803193,2,0.3
37.58090996856101,-0.28192733926367014,-2.1325542438334812,2,0.3
37.84230586902438,-0.2819414647816884,-2.147434017362813,2,0.3
38.105519921758045,-0.281939642721341,-2.1624121073978797,2,0.3
38.37056477301113,-0.28194142878909484,-2.177496625723349,2,0.3
38.63745315699439,-0.28194695877379183,-2.1926884015873966,2,0.3
38.906197896491996,-0.28194989505101103,-2.207985756792259,2,0.3
39.176811903477656,-0.28194390070942954,-2.2233869516237426,2,0.3
39.449308179734956,-0.2819485424757762,-2.2389003857103784,2,0.3
39.72369981748203,-0.28194453612770737,-2.2545192686858817,2,0.3
40.000000000000604,-0.2819579300265535,-2.2702547075504316,2,0.3
40.27822200226936,-0.28196296627575157,-2.2860972722067876,2,0.3
40.55837919160177,-0.2819597917980788,-2.302047741779494,2,0.3
40.840485028288356,-0.28196798688348457,-2.3181148228210806,2,0.3
41.124553066243294,-0.28197474999355854,-2.3342941571672275,2,0.3
41.410596953655734,-0.2819737569466084,-2.35058392596039,2,0.3
41.6986304336455,-0.28197811851058974,-2.366990330358972,2,0.3
41.98866734492334,-0.2819815147786029,-2.3835115868953043,2,0.3
42.28072162245588,-0.281984105326067,-2.4001485790722996,2,0.3
42.57480729813507,-0.2819860517751633,-2.4169021991819934,2,0.3
42.8709385014524,-0.28198751781900366,-2.4337733484269086,2,0.3
43.16912946017777,-0.2819951489130646,-2.450765726848756,2,0.3
43.46939450104301,-0.28200911395559075,-2.4678803117488113,2,0.3
43.771748050430276,-0.2819971823689938,-2.485103947809238,2,0.3
44.07620463506514,-0.2819984063433322,-2.502454427759877,2,0.3
44.38277888271451,-0.28201296236024037,-2.5199328166760377,2,0.3
44.69148552288952,-0.2820151036563777,-2.537528640284245,2,0.3
45.00233938755311,-0.28201797047087745,-2.5552485619592833,2,0.3
45.315355411832684,-0.2820217439579781,-2.5730935588009225,2,0.3
45.63054863473769,-0.28202660756909337,-2.5910646180036507,2,0.3
45.947934199882155,-0.2820262642454916,-2.6091597686229058,2,0.3
46.26752735621227,-0.2820338674038121,-2.6273859347006545,2,0.3
46.58934345873901,-0.28203664148976976,-2.6457381770200863,2,0.3
46.913397969275934,-0.2820412622275972,-2.66422049255746,2,0.3
47.23970645718201,-0.2820544093081474,-2.682836972061683,2,0.3
47.56828460010965,-0.2820568273969803,-2.701579511972509,2,0.3
47.89914818475796,-0.2820551995218388,-2.7204521404999036,2,0.3
48.232313107631235,-0.28206269838458375,-2.739462095981164,2,0.3
48.5677953758027,-0.2820795305074604,-2.758610526419792,2,0.3
48.90561110768358,-0.2820734729432939,-2.777882801170329,2,0.3
49.2457765337975,-0.282083652117649,-2.7972988464105173,2,0.3
49.58830799756032,-0.2820908218366609,-2.816850305785162,2,0.3
49.933221956065346,-0.2821016842302701,-2.8365414679894863,2,0.3
50.280534980874016,-0.2820905050555149,-2.856360490130241,2,0.3
50.630263758812085,-0.28210292029965744,-2.8763311402433036,2,0.3
50.982425092771386,-0.2821067124968885,-2.8964383304940613,2,0.3
51.33703590251707,-0.2821215740774044,-2.916693047211393,2,0.3
51.69411322550061,-0.2821282658068135,-2.9370865403364244,2,0.3
52.05367421767828,-0.28212701704471677,-2.9576198776748575,2,0.3
52.41573615433548,-0.28213104185708615,-2.9783009050672473,2,0.3
52.78031643091672,-0.2821470695943443,-2.9991342602714175,2,0.3
53.14743256386143,-0.28214937475280544,-3.020107538244812,2,0.3
53.517102191445446,-0.28215767394874297,-3.0412321467086922,2,0.3
53.8893430746286,-0.28217221388586156,-3.0625093577817903,2,0.3
54.264173097907864,-0.2821672703574206,-3.0839264514930362,2,0.3
54.64161027017682,-0.28218205387406403,-3.1055055937252316,2,0.3
55.02167272559077,-0.2821973397547123,-3.127237594043617,2,0.3
55.40437872443802,-0.2822003951379411,-3.149116559783385,2,0.3
55.78974665401725,-0.282204468363999,-3.171150812224194,2,0.3
56.17779502952094,-0.28220982289316554,-3.193341635551999,2,0.3
56.56854249492486,-0.2822232220877089,-3.215693977659068,2,0.3
56.962007823883944,-0.2822254455108025,-3.2381982051565403,2,0.3
57.358209920634174,-0.28223625642141165,-3.260866594011349,2,0.3
57.75716782090094,-0.2822429358592473,-3.2836931143373462,2,0.3
58.158900692813525,-0.2822652588183991,-3.3066903009368733,2,0.3
58.56342783782614,-0.28227751304272625,-3.3298445777616914,2,0.3
58.97076869164518,-0.2822734808190203,-3.3531533782666845,2,0.3
59.38094282516311,-0.2822924515699219,-3.376640846483642,2,0.3
59.79396994539869,-0.28228921308663507,-3.4002816562085094,2,0.3
60.209869896443855,-0.2823095693615355,-3.4241041011148763,2,0.3
60.628662660417106,-0.28232781468981444,-3.4480942436502726,2,0.3
61.05036835842356,-0.28232474005909397,-3.4722416715722417,2,0.3
61.4750072515217,-0.28235267746717096,-3.496579250220686,2,0.3
61.90259974169682,-0.28236641164973786,-3.521080886196246,2,0.3
62.33316637284123,-0.28235974502069877,-3.545743842473339,2,0.3
62.766727831741306,-0.282378530152035,-3.57059764444924,2,0.3
63.20330494907143,-0.28239056006528584,-3.5956237398564497,2,0.3
63.642918700394766,-0.28241567820538543,-3.620835843091711,2,0.3
64.08559020717105,-0.28241516543925554,-3.6462108647669607,2,0.3
64.5313407377714,-0.2824414155582769,-3.671783255142275,2,0.3
64.98019170850016,-0.28244269295803026,-3.69752142094649,2,0.3
65.43216468462381,-0.2824583895498784,-3.7234518750386814,2,0.3
65.8872813814072,-0.28248233996426286,-3.7495721354852107,2,0.3
66.34556366515669,-0.2825018676183796,-3.7758753527940963,2,0.3
66.80703355427093,-0.2825042935995744,-3.802354463535351,2,0.3
67.27171322029855,-0.2825290456522623,-3.829036839167648,2,0.3
67.73962498900357,-0.28254391556313024,-3.8559026074857745,2,0.3
68.21079134143795,-0.2825622898410724,-3.882962060310043,2,0.3
68.68523491502174,-0.2825845332607714,-3.910216906360672,2,0.3
69.16297850463066,-0.28259798074490905,-3.9376599720979777,2,0.3
69.6440450636914,-0.282622553363407,-3.965306272620666,2,0.3
70.12845770528428,-0.282632555953144,-3.993139620136316,2,0.3
70.61623970325388,-0.2826609591982677,-4.021184251053768,2,0.3
71.10741449332713,-0.2826755513774226,-4.049419292101147,2,0.3
71.60200567423932,-0.2826832349080566,-4.077850907187746,2,0.3
72.10003700886796,-0.28271700870806515,-4.106503958627052,2,0.3
72.60153242537443,-0.28273813966885086,-4.1353525962325275,2,0.3
73.10651601835362,-0.28276006930490266,-4.16440784495115,2,0.3
73.61501204999159,-0.28278320071120344,-4.193671539545975,2,0.3
74.12704495123128,-0.2828079412035919,-4.223145538070657,2,0.3
74.64263932294622,-0.28281512145996307,-4.2528173244969025,2,0.3
75.16181993712259,-0.28284431612915656,-4.282717501372337,2,0.3
75.68461173804933,-0.2828698384242294,-4.312828833742479,2,0.3
76.21103984351666,-0.28289210975719714,-4.3431531764427005,2,0.3
76.74112954602285,-0.2829180868075555,-4.373697340062952,2,0.3
77.27490631398935,-0.28294167062263925,-4.404458362761047,2,0.3
77.81239579298456,-0.28297636173678703,-4.435448171784662,2,0.3
78.3536238069559,-0.2830030026928291,-4.466653823200914,2,0.3
78.8986163594705,-0.2830351038536455,-4.498087329594498,2,0.3
79.44739963496465,-0.2830731159431558,-4.5297507989716514,2,0.3
80.00000000000179,-0.2830913442316658,-4.561625815409442,2,0.3
80.55644400453932,-0.2831294665602769,-4.593745158253792,2,0.3
81.11675838320417,-0.28314871524912966,-4.62607997838045,2,0.3
81.68097005657731,-0.28318224971606837,-4.6586582863493895,2,0.3
82.24910613248719,-0.28321092020684285,-4.691466595067284,2,0.3
82.8211939073121,-0.283254827218034,-4.72452290960283,2,0.3
83.39726086729164,-0.28328827844008897,-4.757808233744246,2,0.3
83.97733468984731,-0.28331829543504,-4.791329960786752,2,0.3
84.56144324491237,-0.2833584561113469,-4.825101082359229,2,0.3
85.14961459627077,-0.28340270808169565,-4.85911852759605,2,0.3
85.74187700290544,-0.28343189935912166,-4.893368109403648,2,0.3
86.33825892035618,-0.2834661721216641,-4.927868442257637,2,0.3
86.93878900208668,-0.2835256886506309,-4.962638619498421,2,0.3
87.54349610086122,-0.2835585430668578,-4.997636483816092,2,0.3
88.15240927013093,-0.28360455937556117,-5.032897800884034,2,0.3
88.7655577654297,-0.2836380360700626,-5.068402392484638,2,0.3
89.38297104577971,-0.2836857152725932,-5.104175317690026,2,0.3
90.00467877510688,-0.28372845253623424,-5.1402019196430775,2,0.3
90.63071082366605,-0.2837798934551567,-5.176496135718514,2,0.3
91.26109726947607,-0.283827451831963,-5.213048867819778,2,0.3
91.895868399765,-0.2838847880051205,-5.249874274854533,2,0.3
92.53505471242522,-0.2839393189961715,-5.286963166487955,2,0.3
93.17868691747873,-0.2839784543673129,-5.324306065576025,2,0.3
93.82679593855258,-0.2840421394237283,-5.361941249924067,2,0.3
94.47941291436473,-0.28409809630109584,-5.3998414926298715,2,0.3
95.13656920022001,-0.28414030483705655,-5.438003136350055,2,0.3
95.79829636951663,-0.2842021788095469,-5.4764591636792925,2,0.3
96.4646262152632,-0.28426457404049466,-5.515194055709728,2,0.3
97.13559075160614,-0.28432148327851076,-5.554204255465296,2,0.3
97.81122221536789,-0.28438662976439755,-5.593504835242779,2,0.3
98.49155306759573,-0.28445401651279445,-5.633092349928454,2,0.3
99.17661599512138,-0.28451764412884223,-5.672963221276578,2,0.3
99.86644391213144,-0.2845846760288348,-5.713126499722254,2,0.3
100.56106996174877,-0.2846622867628172,-5.753591443159615,2,0.3
101.26052751762494,-0.2847247308616648,-5.794335177002776,2,0.3
101.96485018554354,-0.2848055310342221,-5.83539277732989,2,0.3
102.67407180503491,-0.2848657613097852,-5.876728113278814,2,0.3
103.388226451002,-0.284945556847716,-5.918383239981947,2,0.3
104.10734843535732,-0.2850257586113727,-5.960341507482351,2,0.3
104.83147230867174,-0.2851069757508276,-6.002605840098061,2,0.3
105.56063286183424,-0.28518982131323245,-6.045179199842153,2,0.3
106.29486512772365,-0.2852683127522007,-6.088057806438502,2,0.3
107.03420438289172,-0.2853694705848783,-6.1312718656276175,2,0.3
107.778686149258,-0.2854543166542372,-6.174783635630033,2,0.3
108.52834619581655,-0.2855432774579681,-6.218616573378127,2,0.3
109.28322054035448,-0.28564359239094805,-6.262780799064261,2,0.3
110.04334545118235,-0.285722854933225,-6.307244590744804,2,0.3
110.80875744887686,-0.28582796120440424,-6.3520600305335195,2,0.3
111.57949330803534,-0.2859331171594268,-6.397202394589096,2,0.3
112.35559005904271,-0.2860323461843942,-6.442667703649571,2,0.3
113.13708498985058,-0.2861395210571057,-6.488473431435291,2,0.3
113.92401564776874,-0.2862486737546336,-6.534615726012773,2,0.3
114.71641984126921,-0.2863670761574443,-6.581105180476876,2,0.3
115.51433564180275,-0.2864755117553664,-6.627923234004925,2,0.3
116.31780138562794,-0.28658787664000485,-6.675087761812812,2,0.3
117.12685567565316,-0.286724718251368,-6.7226245188550084,2,0.3
117.94153738329126,-0.28683366065526283,-6.770477443235131,2,0.3
118.76188565032712,-0.28696177394118083,-6.818702108509281,2,0.3
119.58793989079828,-0.28709646438270947,-6.867287164048829,2,0.3
120.41973979288862,-0.2872184815159617,-6.916213252355907,2,0.3
121.25732532083512,-0.287361684662799,-6.965522032056075,2,0.3
122.10073671684803,-0.28750682800459476,-7.015194229187774,2,0.3
122.95001450304433,-0.2876545793526156,-7.065233400474546,2,0.3
123.80519948339456,-0.28779895847069403,-7.115635290918144,2,0.3
124.66633274568338,-0.28795393440305406,-7.16641919416665,2,0.3
125.53345566348355,-0.28811353319469923,-7.217580990487876,2,0.3
126.40660989814381,-0.28826511361178964,-7.269108381574354,2,0.3
127.28583740079048,-0.2884426403220097,-7.3210451337618005,2,0.3
128.17118041434307,-0.2885935063935841,-7.37333059400125,2,0.3
129.0626814755438,-0.28877834811117864,-7.426041348082821,2,0.3
129.9603834170013,-0.2889445240736231,-7.479116129896854,2,0.3
130.86432936924862,-0.2891327154980305,-7.532607900653414,2,0.3
131.77456276281538,-0.28931692049865626,-7.58648762319284,2,0.3
132.69112733031437,-0.2895111610240155,-7.640775764586162,2,0.3
133.61406710854286,-0.28970943905625746,-7.695467937935588,2,0.3
134.5434264405981,-0.289912429329153,-7.750568077005592,2,0.3
135.47924997800817,-0.2901141189141466,-7.806071598870482,2,0.3
136.42158268287693,-0.29032855502687305,-7.861999576548092,2,0.3
137.3704698300445,-0.2905497276723695,-7.918347564193833,2,0.3
138.32595700926237,-0.2907515212420795,-7.97508474731155,2,0.3
139.28809012738384,-0.2909881761279846,-8.032284852602622,2,0.3
140.25691541056963,-0.29123358862860027,-8.089917374144887,2,0.3
141.23247940650882,-0.29146830836912946,-8.147959825553547,2,0.3
142.2148289866553,-0.29171310863529787,-8.206442814305086,2,0.3
143.20401134847972,-0.29196194462440983,-8.26536161455968,2,0.3
144.200074017737,-0.2922289101875669,-8.324738534365139,2,0.3
145.20306485074994,-0.2925012394467495,-8.38455984831388,2,0.3
146.2130320367083,-0.292752685346835,-8.444793001428936,2,0.3
147.2300240999843,-0.29304441650536195,-8.505524844537883,2,0.3
148.25408990246365,-0.2933367415426352,-8.56670468161022,2,0.3
149.28527864589356,-0.2936302961759624,-8.628336668492416,2,0.3
150.32363987424628,-0.2939189726224698,-8.690415555460062,2,0.3
151.3692234760998,-0.29423710978806716,-8.752992878976464,2,0.3
152.42207968703445,-0.2945516395260768,-8.816025824014202,2,0.3
153.48225909204683,-0.2948699244706651,-8.879528115603227,2,0.3
154.54981262797986,-0.2952060954253818,-8.94352344356003,2,0.3
155.6247915859703,-0.295554030716064,-9.00800678306562,2,0.3
156.70724761391295,-0.2959008237177938,-9.07296307821722,2,0.3
157.79723271894218,-0.2962741421753513,-9.13843604985513,2,0.3
158.8947992699305,-0.29663398683710496,-9.20437107156426,2,0.3
160.0000000000048,-0.297008023801984,-9.27081204634077,2,0.3
161.11288800907985,-0.2973968560392746,-9.337763657132866,2,0.3
162.23351676640956,-0.2978078673765613,-9.405240747357956,2,0.3
163.36194011315587,-0.2982009194315004,-9.473187061201953,2,0.3
164.49821226497562,-0.2986308921427652,-9.541688488711193,2,0.3
165.6423878146254,-0.2990508077037217,-9.610678099806252,2,0.3
166.79452173458452,-0.2994815973470498,-9.680191097351871,2,0.3
167.9546693796959,-0.2999306226778899,-9.75024257279643,2,0.3
169.12288648982604,-0.30040525734118295,-9.820847904578125,2,0.3
170.29922919254284,-0.3008719735512909,-9.891959181858276,2,0.3
171.4837540058122,-0.3013585530259475,-9.963623139264621,2,0.3
172.6765178407137,-0.3018587037939571,-10.035833948175028,2,0.3
173.87757800417467,-0.30237977368356767,-10.108607123733318,2,0.3
175.08699220172375,-0.30289492697836534,-10.181904124574933,2,0.3
176.30481854026317,-0.3034319907828201,-10.255772821776015,2,0.3
177.53111553086072,-0.3039777687117506,-10.330196156830198,2,0.3
178.7659420915608,-0.30453957744105276,-10.405189754904422,2,0.3
180.00935755021513,-0.30512474518270544,-10.480769526112043,2,0.3
181.26142164733346,-0.3057200146673165,-10.55691801625082,2,0.3
182.52219453895353,-0.3063120743936985,-10.633617211660505,2,0.3
183.7917367995314,-0.3069494497304318,-10.710950758730673,2,0.3
185.07010942485184,-0.3075706905268174,-10.788821415332865,2,0.3
186.35737383495882,-0.3082381216202463,-10.867336395946088,2,0.3
187.65359187710658,-0.30890395588539427,-10.946420314742033,2,0.3
188.95882582873088,-0.3095961328637797,-11.026123869377416,2,0.3
190.27313840044144,-0.31029433117613475,-11.106416875989636,2,0.3
191.59659273903472,-0.3110196183992004,-11.187339017559486,2,0.3
192.92925243052787,-0.31175853018998234,-11.268871516372908,2,0.3
194.27118150321374,-0.3125044645583686,-11.351006932409824,2,0.3
195.62244443073726,-0.3132854355278669,-11.433797575769528,2,0.3
196.98310613519297,-0.3140809832273337,-11.517212314100563,2,0.3
198.35323199024427,-0.3148913888179814,-11.601255588045518,2,0.3
199.73288782426437,-0.31572386927595425,-11.685944050390676,2,0.3
201.12213992349908,-0.3165856532418418,-11.771294628175575,2,0.3
202.5210550352514,-0.31747005393872396,-11.857299747946286,2,0.3
203.9297003710886,-0.31835640160432843,-11.943926577006154,2,0.3
205.3481436100714,-0.31927974851359664,-12.031241654458766,2,0.3
206.77645290200556,-0.32021939346457917,-12.119212077912824,2,0.3
208.21469687071618,-0.32117551024010693,-12.207842068451738,2,0.3
209.66294461734503,-0.3221622534534232,-12.297161346238717,2,0.3
211.12126572367004,-0.32317980671913266,-12.387174510111217,2,0.3
212.5897302554489,-0.32422132403213555,-12.47787318861429,2,0.3
214.06840876578502,-0.32527991311216586,-12.569248650728545,2,0.3
215.5573722985176,-0.3263697193182638,-12.661331047965794,2,0.3
217.05669239163473,-0.3274838228675606,-12.754111621082949,2,0.3
218.5664410807106,-0.32862229947552535,-12.84759447933941,2,0.3
220.08669090236637,-0.3297852066862408,-12.941783671405055,2,0.3
221.6175148977554,-0.3309867026294288,-13.036709981330166,2,0.3
223.15898661607235,-0.3322197883172783,-13.132364327635317,2,0.3
224.71118011808713,-0.33346326315834307,-13.228710122493345,2,0.3
226.27416997970286,-0.334752480331238,-13.325818861743466,2,0.3
227.8480312955392,-0.33606620111905733,-13.423653810201712,2,0.3
229.43283968254013,-0.33741147034027386,-13.522232393537557,2,0.3
231.02867128360725,-0.3387882377754514,-13.621558396937708,2,0.3
232.63560277125762,-0.3401964335963311,-13.721635521448857,2,0.3
234.25371135130806,-0.3416430947414522,-13.822481427409834,2,0.3
235.88307476658426,-0.3431138671164827,-13.924071626338954,2,0.3
237.523771300656,-0.3446371718671312,-14.02646614555064,2,0.3
239.17587978159838,-0.3461914796082069,-14.129626178442978,2,0.3
240.83947958577906,-0.3477694573754758,-14.233540581105418,2,0.3
242.51465064167206,-0.349399574112435,-14.338270071996833,2,0.3
244.2014734336979,-0.35105297621445686,-14.443760248812763,2,0.3
245.9000290060905,-0.3527581659797649,-14.550072279190712,2,0.3
247.61039896679097,-0.3545005742254854,-14.65718029253492,2,0.3
249.33266549136863,-0.35627995481019925,-14.765087221430896,2,0.3
251.06691132696898,-0.35810326068567344,-14.87381075741808,2,0.3
252.81321979628953,-0.3599557727402434,-14.983323916500126,2,0.3
254.5716748015829,-0.36188059311424997,-15.093719296099524,2,0.3
256.3423608286881,-0.3638267894499225,-15.204894671379032,2,0.3
258.12536295108947,-0.36580846986861176,-15.316882269604374,2,0.3
259.9207668340045,-0.36785434598311345,-15.429745467605265,2,0.3
261.72865873849923,-0.3699423026284071,-15.543441147884206,2,0.3
263.54912552563275,-0.37207924792806346,-15.65798692355179,2,0.3
265.38225466063074,-0.37427211198015337,-15.773400604950547,2,0.3
267.2281342170877,-0.376498589355474,-15.88963761333841,2,0.3
269.08685288119824,-0.37878017580739953,-16.00674657950242,2,0.3
270.95849995601833,-0.3811164684596201,-16.124729557119814,2,0.3
272.8431653657559,-0.38350704418449666,-16.243588442547853,2,0.3
274.74093966009104,-0.3859514595585982,-16.36332497156097,2,0.3
276.6519140185268,-0.38844925082320736,-16.483940716128213,2,0.3
278.5761802547697,-0.3909999338496318,-16.605437081233568,2,0.3
280.51383082114137,-0.3936103994207242,-16.72783155385009,2,0.3
282.4649588130198,-0.39628015876948175,-16.851125456855446,2,0.3
284.42965797331277,-0.3990012839658198,-16.975303511288203,2,0.3
286.40802269696155,-0.4017955057408937,-17.100415964839918,2,0.3
288.40014803547615,-0.40464001786259335,-17.226414325952042,2,0.3
290.4061297015021,-0.4075715007418428,-17.35338237691621,2,0.3
292.42606407341884,-0.4105521721249834,-17.481237704752168,2,0.3
294.4600481999708,-0.41358887155789054,-17.609997137113886,2,0.3
296.50817980492957,-0.4166884704377388,-17.739677659025393,2,0.3
298.5705572917893,-0.4198653824280091,-17.870313449435262,2,0.3
300.64727974849484,-0.4231265872057178,-18.001922065149497,2,0.3
302.73844695220185,-0.4264414232720597,-18.13443514621618,2,0.3
304.84415937407124,-0.4298167420267713,-18.267869234840905,2,0.3
306.964518184096,-0.43328212025560536,-18.40229318648548,2,0.3
309.09962525596205,-0.43682945429932835,-18.537689669837295,2,0.3
311.24958317194296,-0.44043538752758177,-18.674005666275086,2,0.3
313.4144952278283,-0.4441144041395404,-18.811275154163265,2,0.3
315.59446543788675,-0.44787346592628957,-18.94951486106345,2,0.3
317.7895985398634,-0.4517348456827472,-19.08877730406128,2,0.3
320.000000000012,-0.45565978576376537,-19.2289725193702,2,0.3
322.22577601816215,-0.45966286669206047,-19.370134588132935,2,0.3
324.4670335328215,-0.4637664516749621,-19.512316160008275,2,0.3
326.7238802263142,-0.4679392133588161,-19.655443478214472,2,0.3
328.99642452995374,-0.4722035335323346,-19.799569010376185,2,0.3
331.2847756292533,-0.4765665152569018,-19.944709345033406,2,0.3
333.5890434691715,-0.48100435029279304,-20.0908074455803,2,0.3
335.90933875939425,-0.48554732434179115,-20.237934671557202,2,0.3
338.2457729796546,-0.49017155917798905,-20.386033272076453,2,0.3
340.5984583850881,-0.49489970433149927,-20.535156406944168,2,0.3
342.96750801162693,-0.4997077644774388,-20.685245348649254,2,0.3
345.3530356814299,-0.5046341075729232,-20.836391051969542,2,0.3
347.75515600835195,-0.5096547198528998,-20.988534327214893,2,0.3
350.1739844034501,-0.5147767981593105,-21.141690881235633,2,0.3
352.60963708052907,-0.5200075980128817,-21.29587653071759,2,0.3
355.0622310617241,-0.5253386580843658,-21.451068781180872,2,0.3
357.53188418312425,-0.5307456291496246,-21.60720597764293,2,0.3
360.0187151004329,-0.5363069501157532,-21.764477139529326,2,0.3
362.52284329466966,-0.5419588149618642,-21.92272409918017,2,0.3
365.0443890779098,-0.5477164372190783,-22.081981226987114,2,0.3
367.58347359906554,-0.5535871894940537,-22.242263702932892,2,0.3
370.14021884970646,-0.5595785114294158,-22.4035868082659,2,0.3
372.7147476699204,-0.5656898983147773,-22.565946127376325,2,0.3
375.30718375421594,-0.5719047788523937,-22.729297255523804,2,0.3
377.9176516574646,-0.5782547324277931,-22.89371465867369,2,0.3
380.5462768008857,-0.5847070808635331,-23.059113550489435,2,0.3
383.1931854780723,-0.5912935479182966,-23.225568591844592,2,0.3
385.85850486105863,-0.5980056227378419,-23.393054495799742,2,0.3
388.5423630064304,-0.604859097623561,-23.56160627304777,2,0.3
391.2448888614774,-0.611829189008952,-23.731157528949026,2,0.3
393.96621227038884,-0.618931708616389,-23.901742898753454,2,0.3
396.7064639804915,-0.6261662542109315,-24.07335638493263,2,0.3
399.4657756485318,-0.6335242188454687,-24.2459711662293,2,0.3
402.24427984700117,-0.6410462721831046,-24.419683951526416,2,0.3
405.04211007050577,-0.6486745351802808,-24.594343724780238,2,0.3
407.85940074218024,-0.6564497625390441,-24.770047065532022,2,0.3
410.69628722014585,-0.6643882591544721,-24.946829148693645,2,0.3
413.55290580401413,-0.6724483415310964,-25.12457865776088,2,0.3
416.42939374143555,-0.6806545480388364,-25.303351013547775,2,0.3
419.3258892346932,-0.6890149716143985,-25.48316006228323,2,0.3
422.24253144734325,-0.6975294232670272,-25.663998529286378,2,0.3
425.179460510901,-0.7061977198688312,-25.845858928795263,2,0.3
428.13681753157323,-0.7150112688231292,-26.028712217836837,2,0.3
431.11474459703845,-0.7239867082553197,-26.21259312526884,2,0.3
434.11338478327275,-0.7331154797521842,-26.397472274155838,2,0.3
437.13288216142445,-0.7423974250696195,-26.5833413669807,2,0.3
440.173381804736,-0.7518408966096202,-26.770213542169675,2,0.3
443.23502979551404,-0.7614628704215104,-26.958123719363787,2,0.3
446.31797323214806,-0.7712206661611088,-27.146954805184947,2,0.3
449.4223602361776,-0.7811740233046245,-27.336850166734628,2,0.3
452.5483399594091,-0.7912887826558981,-27.527713962796426,2,0.3
455.6960625910818,-0.8015562811268118,-27.71951500292957,2,0.3
458.8656793650838,-0.8120109803247753,-27.912331801866426,2,0.3
462.0573425672179,-0.82264439784434,-28.106133266131938,2,0.3
465.2712055425187,-0.8334392780573945,-28.30086571691232,2,0.3
468.5074227026196,-0.844421750454225,-28.49658588185526,2,0.3
471.76614953317204,-0.855592029363911,-28.69328423101976,2,0.3
475.04754260131557,-0.866915294265036,-28.89086172746221,2,0.3
478.3517595632003,-0.8784617757638256,-29.089486941226877,2,0.3
481.6789591715617,-0.8901791513673919,-29.289015843609224,2,0.3
485.02930128334776,-0.9020675312525751,-29.489437907288988,2,0.3
488.40294686739946,-0.9141536139521046,-29.690810147528587,2,0.3
491.8000580121847,-0.9264377522630391,-29.893122247030963,2,0.3
495.2207979335857,-0.9389024908196492,-30.09631839936759,2,0.3
498.665330982741,-0.951565924207164,-30.30043311844899,2,0.3
502.1338226539417,-0.9644284388092138,-30.50545565298031,2,0.3
505.62643959258287,-0.9774994183682868,-30.711397935611686,2,0.3
509.14334960316967,-0.9907613251764913,-30.918203348950637,2,0.3
512.68472165738,-1.0042235395610493,-31.12588351375833,2,0.3
516.2507259021829,-1.0178955557323854,-31.334450118993182,2,0.3
519.841533668013,-1.0317597139546835,-31.543845886349157,2,0.3
523.4573174770023,-1.045825503661593,-31.754082224032615,2,0.3
527.0982510512695,-1.0601208139729021,-31.96521680043301,2,0.3
530.7645093212655,-1.0746096804998877,-32.17714571307192,2,0.3
534.4562684341794,-1.0893384840376321,-32.38997289217345,2,0.3
538.1737057624005,-1.1042527053033677,-32.60354757544583,2,0.3
541.9169999120409,-1.1193896831841523,-32.817950516743856,2,0.3
545.6863307315159,-1.1347408160386903,-33.03314652737368,2,0.3
549.4818793201863,-1.1503253138704796,-33.249170156428924,2,0.3
553.3038280370578,-1.1661066314780637,-33.46591598345787,2,0.3
557.1523605095437,-1.1821133012308316,-33.68344171192664,2,0.3
561.027661642287,-1.1983554222362836,-33.90175851170019,2,0.3
564.9299176260438,-1.2148055619214388,-34.12078378495624,2,0.3
568.8593159466297,-1.2314831678960796,-34.340551909483054,2,0.3
572.8160453939274,-1.2483984492956886,-34.5610739155157,2,0.3
576.8002960709567,-1.265561735252847,-34.782360866515326,2,0.3
580.8122594030085,-1.2828977579757836,-35.004211855861534,2,0.3
584.8521281468421,-1.3005118530949742,-35.226873152931674,2,0.3
588.920096399946,-1.3183573129429507,-35.45021437377996,2,0.3
593.0163596098636,-1.3364060919332508,-35.6741518880809,2,0.3
597.1411145835832,-1.3547165445673826,-35.89881452083873,2,0.3
601.2945594969942,-1.3732510578100119,-36.12409495961798,2,0.3
605.4768939044083,-1.3920491220473807,-36.35007491929682,2,0.3
609.688318748147,-1.4110534644878492,-36.576599507909144,2,0.3
613.9290363681965,-1.4303133949624391,-36.80377409647998,2,0.3
618.1992505119288,-1.4498005618271494,-37.03151465084822,2,0.3
622.4991663438906,-1.4695451261387968,-37.25987925159181,2,0.3
626.8289904556613,-1.489528410932523,-37.488807469945286,2,0.3
631.1889308757782,-1.5097413790952883,-37.71826252205724,2,0.3
635.5791970797316,-1.5302243592313955,-37.94832622814312,2,0.3
640.0000000000289,-1.5509387502513192,-38.178890619068774,2,0.3
644.4515520363291,-1.5718853043170449,-38.409942598553606,2,0.3
648.9340670656479,-1.5931047075227323,-38.6415639916689,2,0.3
653.4477604526332,-1.6145580178669416,-38.873646790484734,2,0.3
657.9928490599125,-1.636256034896789,-39.1062016377942,2,0.3
662.5695512585116,-1.6582197470957962,-39.3392628876202,2,0.3
667.178086938348,-1.680429978503407,-39.57277001476025,2,0.3
671.8186775187937,-1.7028774487128528,-39.80668626198169,2,0.3
676.4915459593144,-1.7256035536901355,-40.04109337396933,2,0.3
681.1969167701814,-1.748568654523492,-40.275883523546355,2,0.3
685.935016023259,-1.7717837292077443,-40.51106741136097,2,0.3
690.7060713628651,-1.795249625526586,-40.746632066817966,2,0.3
695.5103120167091,-1.818967190050114,-40.98256454968027,2,0.3
700.3479688069056,-1.8429578797144794,-41.218899170907534,2,0.3
705.2192741610634,-1.8671813727391051,-41.455528581388535,2,0.3
710.1244621234536,-1.8917005226406873,-41.69258146722012,2,0.3
715.0637683662537,-1.916443760592137,-41.92987995544863,2,0.3
720.0374302008713,-1.9414429281525,-42.16748205655287,2,0.3
725.0456865893448,-1.9666988572715387,-42.405375062111,2,0.3
730.0887781558251,-1.9922018933890187,-42.64352285262268,2,0.3
735.1669471981365,-2.017994821816865,-42.88200662268892,2,0.3
740.2804376994185,-2.044026018774914,-43.120696548561924,2,0.3
745.4294953398465,-2.070306694246828,-43.359603683151924,2,0.3
750.6143675084376,-2.096848171140749,-43.598739012073175,2,0.3
755.8353033149348,-2.123661884811208,-43.83811343889744,2,0.3
761.0925536017771,-2.150727404436913,-44.077668024971416,2,0.3
766.3863709561504,-2.178045435958521,-44.31739062615914,2,0.3
771.717009722123,-2.205616679378041,-44.557269171998584,2,0.3
777.0847260128666,-2.2334525756871586,-44.79731478783371,2,0.3
782.4897777229608,-2.2615538998479536,-45.03751541754585,2,0.3
787.9324245407837,-2.289910614331787,-45.27783604664188,2,0.3
793.412927960989,-2.3185342271856197,-45.51828788268011,2,0.3
798.9315512970695,-2.3473929008802434,-45.758790304859936,2,0.3
804.4885596940084,-2.376519798022932,-45.99940063930397,2,0.3
810.0842201410177,-2.4058828920682886,-46.24003874709511,2,0.3
815.7188014843666,-2.4355264548326723,-46.4807845811523,2,0.3
821.392574440298,-2.4654073777921846,-46.721535629919174,2,0.3
827.1058116080346,-2.4955591393732943,-46.962348925395446,2,0.3
832.8587874828772,-2.525971407767838,-47.20319053253086,2,0.3
838.6517784693928,-2.556633727724913,-47.44402684508197,2,0.3
844.4850628946929,-2.5875355211201,-47.684824602586,2,0.3
850.3589210218082,-2.618699453905544,-47.92561809035992,2,0.3
856.2736350631529,-2.650103808693598,-48.16635185773357,2,0.3
862.2294891940834,-2.6817825262870953,-48.40708238912015,2,0.3
868.226769566552,-2.7137250494077616,-48.64777668341925,2,0.3
874.2657643228554,-2.7458757586347557,-48.88831364502057,2,0.3
880.3467636094787,-2.7783023571257752,-49.128816214111374,2,0.3
886.4700595910348,-2.8109715930082735,-49.36920795943016,2,0.3
892.635946464303,-2.8439064631794713,-49.6095229115061,2,0.3
898.844720472362,-2.877084792040929,-49.849707335072715,2,0.3
905.096679918825,-2.910495546987687,-50.089729960503675,2,0.3
911.3921251821704,-2.9441617800416986,-50.32962491575527,2,0.3
917.7313587301744,-2.9780953248031983,-50.56940422088767,2,0.3
924.1146851344428,-3.0122393793824913,-50.80895074340198,2,0.3
930.5424110850445,-3.0466399346284745,-51.04834176887378,2,0.3
937.0148454052463,-3.0812858567616135,-51.28754675975526,2,0.3
943.5322990663512,-3.116188967732827,-51.52657808942753,2,0.3
950.0950852026382,-3.151303369940701,-51.7653422020255,2,0.3
956.7035191264079,-3.186675449847704,-52.00391546962973,2,0.3
963.3579183431307,-3.222293927884209,-52.24226815665707,2,0.3
970.0586025667028,-3.2581590515454923,-52.48039186669005,2,0.3
976.8058937348063,-3.294236051694501,-52.71821602394561,2,0.3
983.6001160243768,-3.3305833973752588,-52.95583666301743,2,0.3
990.4415958671789,-3.367131137987722,-53.19312173221049,2,0.3
997.3306619654895,-3.4039144137984954,-53.430125888700594,2,0.3
1004.267645307891,-3.440956894233234,-53.66688235557962,2,0.3
1011.2528791851732,-3.4782116561824106,-53.90330205356265,2,0.3
1018.2866992063468,-3.5157141235446017,-54.13943880688633,2,0.3
1025.3694433147675,-3.553428924604409,-54.3752249596293,2,0.3
1032.5014518043733,-3.591391618835882,-54.610713957572436,2,0.3
1039.6830673360337,-3.6295547682964284,-54.84581916434306,2,0.3
1046.9146349540124,-3.6679539921362476,-55.08059395382698,2,0.3
1054.1965021025467,-3.706601303222193,-55.315051264053515,2,0.3
1061.5290186425389,-3.745448942112613,-55.54910611075343,2,0.3
1068.9125368683667,-3.784532727436274,-55.782811251720645,2,0.3
1076.347411524809,-3.823816637465457,-56.01610245940651,2,0.3
1083.8339998240897,-3.8633486672162642,-56.24905124349362,2,0.3
1091.37266146304,-3.9030927077267643,-56.481593950158285,2,0.3
1098.9637586403808,-3.9430607255624257,-56.71374421592802,2,0.3
1106.607656074124,-3.9832163126223366,-56.94544000902328,2,0.3
1114.3047210190957,-4.023619884945861,-57.17677052531746,2,0.3
1122.0553232845823,-4.064198535061091,-57.407618192192004,2,0.3
1129.859835252096,-4.105012830026381,-57.6380716120938,2,0.3
1137.7186318932681,-4.146038335479421,-57.86808864507909,2,0.3
1145.6320907878635,-4.187287119376465,-58.09768291490548,2,0.3
1153.600592141922,-4.228722322225263,-58.32679525778982,2,0.3
1161.6245188060257,-4.270368186188437,-58.555458000110264,2,0.3
1169.704256293693,-4.312224532258672,-58.783666883347145,2,0.3
1177.840192799901,-4.354266537491344,-59.01138231295279,2,0.3
1186.032719219736,-4.396530904312356,-59.238653805397675,2,0.3
1194.2822291671753,-4.439005140691579,-59.46545958354222,2,0.3
1202.5891189939975,-4.481676662678119,-59.69177849125244,2,0.3
1210.9537878088256,-4.5245203911189265,-59.917572795892305,2,0.3
1219.3766374963034,-4.56756077934167,-60.14287422492135,2,0.3
1227.8580727364024,-4.610822446015893,-60.36771356464568,2,0.3
1236.3985010238666,-4.654280300256634,-60.592053408447605,2,0.3
1244.9983326877905,-4.69792156960075,-60.815874193912364,2,0.3
1253.657980911332,-4.741733396663846,-61.03915700417329,2,0.3
1262.377861751566,-4.785752956236204,-61.26194918396685,2,0.3
1271.1583941594727,-4.829954917680068,-61.48421522010006,2,0.3
1280.0000000000673,-4.874351493361296,-61.70596917951316,2,0.3
1288.9031040726677,-4.918929795610355,-61.92719270055272,2,0.3
1297.8681341313059,-4.963676855950258,-62.14786807633375,2,0.3
1306.8955209052763,-5.008642761287626,-62.36805680999925,2,0.3
1315.9856981198345,-5.053764089579921,-62.58767813478865,2,0.3
1325.1391025170333,-5.099091019259729,-62.80679304593686,2,0.3
1334.3561738767062,-5.144547193847805,-63.02530751722963,2,0.3
1343.6373550375972,-5.190220934446991,-63.24332788649023,2,0.3
1352.9830919186386,-5.236048434753143,-63.46077659916655,2,0.3
1362.393833540373,-5.282080166893746,-63.67771275234473,2,0.3
1371.8700320465282,-5.328226571012278,-63.89403142575291,2,0.3
1381.4121427257405,-5.37460197284639,-64.10986486649529,2,0.3
1391.0206240334287,-5.421116667705998,-64.32510949595833,2,0.3
1400.6959376138216,-5.467808549808603,-64.53980861689692,2,0.3
1410.4385483221372,-5.514677243293155,-64.75396149108336,2,0.3
1420.2489242469178,-5.561696684671322,-64.96753951764578,2,0.3
1430.1275367325184,-5.6088921159834735,-65.18057066549468,2,0.3
1440.0748604017533,-5.656224529517143,-65.39301342264837,2,0.3
1450.0913731787002,-5.7037449731657075,-65.60492282776515,2,0.3
1460.177556311661,-5.751414390374901,-65.81625798140217,2,0.3
1470.3338943962842,-5.799258158942169,-66.02704598341403,2,0.3
1480.560875398848,-5.847211193485023,-66.23722130886523,2,0.3
1490.8589906797042,-5.895389499077266,-66.4469024036775,2,0.3
1501.2287350168863,-5.943663157239803,-66.65595976423658,2,0.3
1511.670606629881,-5.9921484113023045,-66.86450969913047,2,0.3
1522.1851072035656,-6.040714987893029,-67.07242637322537,2,0.3
1532.772741912312,-6.089466346842592,-67.27981163977185,2,0.3
1543.4340194442575,-6.138389128495653,-67.4866531502035,2,0.3
1554.1694520257447,-6.187430768755106,-67.69290326400302,2,0.3
1564.9795554459333,-6.236616848621407,-67.89858791774718,2,0.3
1575.8648490815792,-6.28594691407489,-68.10370851121485,2,0.3
1586.8258559219898,-6.33545978735752,-68.308301079803,2,0.3
1597.863102594151,-6.3850634089944425,-68.51228618202013,2,0.3
1608.9771193880288,-6.434835879637674,-68.71573455053311,2,0.3
1620.1684402820476,-6.484737440365232,-68.91861374947894,2,0.3
1631.4376029687455,-6.534767609769551,-69.12092597575561,2,0.3
1642.7851488806082,-6.584978547302594,-69.32271641589175,2,0.3
1654.2116232160815,-6.635264557886491,-69.523900900385,2,0.3
1665.7175749657672,-6.685730496715729,-69.72456702305811,2,0.3
1677.303556938798,-6.736336457170552,-69.92468454534993,2,0.3
1688.9701257893985,-6.787055592554533,-70.1242352965831,2,0.3
1700.7178420436294,-6.837913851519394,-70.32324216949554,2,0.3
1712.5472701263188,-6.888871110541023,-70.52167797895385,2,0.3
1724.4589783881795,-6.939993081124625,-70.71959438889421,2,0.3
1736.453539133117,-6.991213129423212,-70.91694542879632,2,0.3
1748.531528645724,-7.042583824181707,-71.11377196435787,2,0.3
1760.6935272189705,-7.094064950221788,-71.31004847352881,2,0.3
1772.940119182083,-7.1456826256406085,-71.50579621905999,2,0.3
1785.2718929286193,-7.19740984502626,-71.701000034114,2,0.3
1797.6894409447373,-7.249259465088146,-71.89567199423144,2,0.3
1810.1933598376636,-7.3012710440843165,-72.08984049541111,2,0.3
1822.7842503643546,-7.353350902304668,-72.28344900087318,2,0.3
1835.4627174603627,-7.405551890533037,-72.47653511656408,2,0.3
1848.2293702688994,-7.457900317685642,-72.66911791569598,2,0.3
1861.0848221701028,-7.510355738393918,-72.86117616390331,2,0.3
1874.0296908105065,-7.562917724047987,-73.05271356970951,2,0.3
1887.0645981327166,-7.615572463794248,-73.24372640884724,2,0.3
1900.190170405291,-7.668373101226942,-73.43424819759669,2,0.3
1913.4070382528298,-7.721292496579249,-73.62426698396366,2,0.3
1926.715836686276,-7.774290021897116,-73.81376520917975,2,0.3
1940.1172051334202,-7.827418922210926,-74.00277500147615,2,0.3
1953.611787469627,-7.880678856343276,-74.19129929255057,2,0.3
1967.2002320487684,-7.933988827055506,-74.3793022148337,2,0.3
1980.8831917343723,-7.987442508440289,-74.56683391062492,2,0.3
1994.661323930994,-8.040999217608297,-74.75387849563275,2,0.3
2008.535290615797,-8.094672049726192,-74.94044600263844,2,0.3
2022.5057583703617,-8.148433707268913,-75.12652842424538,2,0.3
2036.573398412709,-8.202297288560036,-75.31213602187783,2,0.3
2050.7388866295505,-8.25626243717588,-75.49727294994717,2,0.3
2065.0029036087626,-8.310342303219585,-75.68194868210466,2,0.3
2079.366134672083,-8.364496039606168,-75.8661515534019,2,0.3
2093.8292699080407,-8.418790840970011,-76.04991157724261,2,0.3
2108.3930042051093,-8.473145301939253,-76.23320279292325,2,0.3
2123.0580372850936,-8.52761315053893,-76.41604946302404,2,0.3
2137.82507373675,-8.582180549409843,-76.59845094406914,2,0.3
2152.6948230496346,-8.636847182722327,-76.78041156726387,2,0.3
2167.6679996481957,-8.691612740460021,-76.96193568573477,2,0.3
2182.7453229260964,-8.746463361510724,-77.14302374558798,2,0.3
2197.927517280778,-8.80141229177078,-77.32368441240634,2,0.3
2213.2153121482643,-8.856472808546032,-77.5039256861166,2,0.3
2228.6094420382083,-8.911590341946859,-77.68373783182035,2,0.3
2244.1106465691814,-8.966805302113109,-77.86313657269544,2,0.3
2259.7196705042093,-9.022117415358933,-78.04212637907013,2,0.3
2275.4372637865536,-9.077540006395866,-78.22071463429128,2,0.3
2291.2641815757443,-9.133018437383813,-78.39889442811693,2,0.3
2307.2011842838615,-9.188593214045003,-78.57667948653886,2,0.3
2323.2490376120686,-9.244264086884613,-78.75407434328012,2,0.3
2339.4085125874035,-9.30000358542637,-78.93107913706417,2,0.3
2355.6803855998196,-9.355865915732057,-79.10770759318221,2,0.3
2372.0654384394898,-9.411823628805628,-79.28395952927109,2,0.3
2388.5644583343683,-9.467821988968817,-79.45983279759842,2,0.3
2405.178237988013,-9.523915250238653,-79.63534012012344,2,0.3
2421.9075756176694,-9.580116835739803,-79.81048744059625,2,0.3
2438.753274992625,-9.636371990439764,-79.98527421393561,2,0.3
2455.716145472823,-9.692721409178164,-80.15970959669701,2,0.3
2472.797002047752,-9.74915124959409,-80.33379741671448,2,0.3
2489.9966653755996,-9.805661311961845,-80.50754284579035,2,0.3
2507.3159618226828,-9.862251403217137,-80.68095106444667,2,0.3
2524.755723503151,-9.91892133695136,-80.85402726134284,2,0.3
2542.3167883189644,-9.975698256334326,-81.0267768495498,2,0.3
2560.0000000001537,-10.032513684003654,-81.19920431417162,2,0.3
2577.806208145355,-10.089408428650142,-81.37131571813096,2,0.3
2595.736268262631,-10.146423341550879,-81.54311501704599,2,0.3
2613.7910418105726,-10.203489929321762,-81.71460882689136,2,0.3
2631.971396239689,-10.260649055537383,-81.88580111221117,2,0.3
2650.2782050340866,-10.31783219903473,-82.05670132514616,2,0.3
2668.7123477534324,-10.375134958526075,-82.22730893048251,2,0.3
2687.274710075215,-10.432516181287092,-82.39763148608378,2,0.3
2705.9661838372976,-10.489975747112865,-82.56767423169819,2,0.3
2724.7876670807664,-10.547486171314747,-82.7374457310118,2,0.3
2743.740064093077,-10.605088398651407,-82.90694677942459,2,0.3
2762.824285451502,-10.662768645308239,-83.07618410553722,2,0.3
2782.0412480668783,-10.72049943791469,-83.24516734716963,2,0.3
2801.391875227664,-10.778321755910987,-83.41389569998088,2,0.3
2820.8770966442953,-10.836194446350287,-83.58238153506655,2,0.3
2840.4978484938565,-10.894158509813138,-83.75062297622829,2,0.3
2860.2550734650586,-10.952200188762333,-83.91862764392583,2,0.3
2880.1497208035285,-11.010305728882603,-84.08640387407844,2,0.3
2900.1827463574223,-11.068488770424178,-84.25395417723884,2,0.3
2920.355112623344,-11.126735571780266,-84.42128724530461,2,0.3
2940.6677887925907,-11.18504609259164,-84.58840885669292,2,0.3
2961.121750797718,-11.243433995391051,-84.75532097577812,2,0.3
2981.717981359431,-11.30191294966966,-84.9220248417107,2,0.3
3002.4574700337953,-11.360441849848469,-85.0885376602159,2,0.3
3023.3412132597846,-11.41900699017204,-85.25487009521882,2,0.3
3044.3702144071544,-11.477704229157471,-85.42099724458153,2,0.3
3065.545483824648,-11.536410318483801,-85.58696460390985,2,0.3
3086.868038888538,-11.595221126281075,-85.75274580997252,2,0.3
3108.338904051513,-11.654095586697295,-85.91836021882284,2,0.3
3129.9591108918903,-11.713047414638378,-86.08380830870429,2,0.3
3151.7296981631816,-11.77203556968692,-86.24911160792661,2,0.3
3173.651711844004,-11.831114850821901,-86.41425442553492,2,0.3
3195.726205188326,-11.8902579225508,-86.57925301238372,2,0.3
3217.954238776082,-11.949464838083978,-86.7441130843871,2,0.3
3240.3368805641194,-12.008763023892893,-86.90882799197536,2,0.3
3262.8752059375156,-12.068111493078861,-87.07342142178155,2,0.3
3285.570297761241,-12.12751032642702,-87.23789961678118,2,0.3
3308.4232464321876,-12.186986966039612,-87.40225535091093,2,0.3
3331.435149931559,-12.246527820472895,-87.56650066113798,2,0.3
3354.607113877621,-12.306146658175596,-87.73063411211236,2,0.3
3377.9402515788224,-12.365816237486921,-87.8946753742324,2,0.3
3401.4356840872842,-12.42557767611258,-88.05860823622584,2,0.3
3425.094540252663,-12.485390085950645,-88.22246018700194,2,0.3
3448.9179567763854,-12.545267261688728,-88.38622956399648,2,0.3
3472.9070782662598,-12.605209336508317,-88.5499219784058,2,0.3
3497.0630572914743,-12.665202797912038,-88.7135512433845,2,0.3
3521.387054437968,-12.725288752898257,-88.87709830504829,2,0.3
3545.880238364193,-12.785426397618899,-89.04059337927521,2,0.3
3570.543785857265,-12.845615905973721,-89.20404258806636,2,0.3
3595.378881889502,-12.905912010873719,-89.36741619675074,2,0.3
3620.3867196753545,-12.966219417932642,-89.53078209419235,2,0.3
3645.5685007287366,-13.026647396137667,-89.69407336056213,2,0.3
3670.9254349207527,-13.087100712245348,-89.85735991874698,2,0.3
3696.458740537827,-13.147647706335286,-90.02060038854015,2,0.3
3722.1696443402334,-13.208247711582084,-90.18382881916118,2,0.3
3748.0593816210417,-13.268914566782646,-90.34704114580595,2,0.3
3774.129196265462,-13.32963488865736,-90.51025309138765,2,0.3
3800.3803408106105,-13.39042252171974,-90.67346018220132,2,0.3
3826.8140765056887,-13.451291297022463,-90.83665717047833,2,0.3
3853.43167337258,-13.512200676349174,-90.99988142467849,2,0.3
3880.2344102668694,-13.57321885944447,-91.16308426778755,2,0.3
3907.223574939284,-13.634291745071852,-91.32631425944841,2,0.3
3934.400464097566,-13.695392475652836,-91.48960014761583,2,0.3
3961.7663834687746,-13.756589203275016,-91.65289091622685,2,0.3
3989.322647862018,-13.817855055621063,-91.81621432253785,2,0.3
4017.070581231624,-13.879176769963353,-91.97958763928887,2,0.3
4045.011516740754,-13.94056820744723,-92.14300451543754,2,0.3
4073.1467968254487,-14.002043209994039,-92.30645781233163,2,0.3
4101.477773259132,-14.063575006402642,-92.46997730941166,2,0.3
4130.005807217556,-14.125190983838092,-92.63354325463989,2,0.3
4158.732269344197,-14.186823866107225,-92.79722501754405,2,0.3
4187.658539816113,-14.248568636976808,-92.96093802785869,2,0.3
4216.78600841025,-14.310358065714663,-93.124752382223,2,0.3
4246.116074570219,-14.372246519948193,-93.28862020464122,2,0.3
4275.650147473531,-14.434180369302215,-93.45260032879568,2,0.3
4305.389646099301,-14.49617350343653,-93.61668505063942,2,0.3
4335.335999296423,-14.558253255899489,-93.78085174826496,2,0.3
4365.4906458522255,-14.62040652147724,-93.94511915566162,2,0.3
4395.8550345615895,-14.682633687169329,-94.10949225138266,2,0.3
4426.430624296562,-14.74489482226865,-94.27402009580966,2,0.3
4457.21888407645,-14.807271006468516,-94.43861998279516,2,0.3
4488.2212931383965,-14.86968202721151,-94.60338561451245,2,0.3
4519.439341008452,-14.932155214271088,-94.76829304346904,2,0.3
4550.874527573141,-14.994731235073854,-94.93330124069833,2,0.3
4582.528363151522,-15.057370281469083,-95.09846088967511,2,0.3
4614.402368567757,-15.120099592383696,-95.26374560287333,2,0.3
4646.498075224173,-15.182852715090462,-95.42923992624534,2,0.3
4678.817025174842,-15.245723775266047,-95.59483702782592,2,0.3
4711.360771199674,-15.308646376981365,-95.76062218081137,2,0.3
4744.130876879015,-15.37162105539691,-95.92660122957064,2,0.3
4777.128916668773,-15.434701681036902,-96.09271251750805,2,0.3
4810.356475976061,-15.49787535447801,-96.25897651541692,2,0.3
4843.815151235375,-15.56107599112391,-96.42548350940181,2,0.3
4877.506549985286,-15.62437071711842,-96.59215309193779,2,0.3
4911.432290945683,-15.687733436498748,-96.75902448219574,2,0.3
4945.594004095541,-15.751177976199656,-96.9260848714304,2,0.3
4979.9933307512365,-15.814718123323201,-97.09332061817811,2,0.3
5014.631923645403,-15.878314625503547,-97.26079028797952,2,0.3
5049.511447006339,-15.941981334169935,-97.42848096397097,2,0.3
5084.633576637967,-16.00574528397337,-97.59636023269907,2,0.3
5120.000000000346,-16.069567358247202,-97.76448834527615,2,0.3
5155.612416290749,-16.13348779310168,-97.93281354969118,2,0.3
5191.4725365253,-16.197467565062613,-98.10139722044596,2,0.3
5227.582083621183,-16.261520504561272,-98.27022524888628,2,0.3
5263.942792479418,-16.3256867126339,-98.43924335436968,2,0.3
5300.556410068212,-16.38991412468237,-98.60853385796615,2,0.3
5337.424695506905,-16.454216555578313,-98.77808192462484,2,0.3
5374.54942015047,-16.51860777264068,-98.94787187140444,2,0.3
5411.932367674636,-16.583075291651856,-99.11792810562523,2,0.3
5449.575334161574,-16.647619780726057,-99.28825512531844,2,0.3
5487.480128186196,-16.71225498770499,-99.4588365093158,2,0.3
5525.648570903045,-16.776981552082994,-99.62967605865865,2,0.3
5564.082496133798,-16.8418001204437,-99.80077752738998,2,0.3
5602.78375045537,-16.90669832128974,-99.97216610357802,2,0.3
5641.754193288633,-16.97167686276129,-100.14384605307568,2,0.3
5680.995696987757,-17.036723467975385,-100.3158434806934,2,0.3
5720.51014693016,-17.101877841648616,-100.48809689253619,2,0.3
5760.2994416071,-17.167140618628633,-100.6606091887075,2,0.3
5800.365492714889,-17.232447719779152,-100.83349569979036,2,0.3
5840.710225246731,-17.297851752740016,-101.00667147079342,2,0.3
5881.335577585225,-17.36336633364433,-101.18011695129263,2,0.3
5922.243501595481,-17.428966338343127,-101.35388104355253,2,0.3
5963.435962718906,-17.494665413581178,-101.5279442922552,2,0.3
6004.914940067636,-17.56042571448984,-101.70238042796542,2,0.3
6046.682426519615,-17.626299492767533,-101.87709954675974,2,0.3
6088.740428814354,-17.692236152157175,-102.05219979902046,2,0.3
6131.090967649341,-17.758326222786813,-102.22751716198412,2,0.3
6173.736077777122,-17.824455184078445,-102.40327110978554,2,0.3
6216.6778081030725,-17.890713432313106,-102.57929587207728,2,0.3
6259.918221783827,-17.957076131144877,-102.75564253967448,2,0.3
6303.4593963264115,-18.02349315173616,-102.93241365277699,2,0.3
6347.303423688055,-18.09002904194498,-103.10948865529342,2,0.3
6391.4524103767,-18.156684531758803,-103.28686959099613,2,0.3
6435.9084775522115,-18.2234096916893,-103.46466064635275,2,0.3
6480.673761128287,-18.290230797218502,-103.64281467201819,2,0.3
6525.750411875079,-18.3571613439198,-103.8213087820916,2,0.3
6571.140595522531,-18.424202147035345,-104.00014537240398,2,0.3
6616.846492864425,-18.491341444710937,-104.17935313812518,2,0.3
6662.870299863169,-18.55858012791957,-104.35893495100095,2,0.3
6709.214227755292,-18.625919094753336,-104.53889361376491,2,0.3
6755.880503157695,-18.693371768269024,-104.71920488299494,2,0.3
6802.871368174619,-18.760951489817277,-104.8998436320603,2,0.3
6850.189080505378,-18.82859667651601,-105.08094814447732,2,0.3
6897.835913552822,-18.896370709148393,-105.26238483926677,2,0.3
6945.814156532571,-18.964237099432403,-105.4442383071767,2,0.3
6994.126114583001,-19.03222166358098,-105.62645554529787,2,0.3
7042.774108875988,-19.10031289496818,-105.8090664333087,2,0.3
7091.760476728439,-19.168536458946036,-105.99201640000139,2,0.3
7141.087571714584,-19.236856168058914,-106.17539216465467,2,0.3
7190.757763779057,-19.305285365615216,-106.35916759797777,2,0.3
7240.773439350762,-19.373812735044233,-106.54337368383463,2,0.3
7291.137001457528,-19.442488365072673,-106.72789612646451,2,0.3
7341.850869841561,-19.511264071259895,-106.912852547046,2,0.3
7392.917481075709,-19.5801287038018,-107.09827489257634,2,0.3
7444.339288680522,-19.649144327931694,-107.28401701091649,2,0.3
7496.118763242139,-19.718275233709267,-107.4701686837824,2,0.3
7548.258392530979,-19.787510289369497,-107.65676160524926,2,0.3
7600.760681621277,-19.85689900417907,-107.84367617361129,2,0.3
7653.628153011434,-19.926369673546056,-108.03109551980185,2,0.3
7706.863346745218,-19.9959717640718,-108.21889947009512,2,0.3
7760.468820533797,-20.065730266834535,-108.40702657957759,2,0.3
7814.447149878626,-20.135573972086632,-108.5956632922917,2,0.3
7868.800928195191,-20.20554006753634,-108.78471817747072,2,0.3
7923.532766937609,-20.275665414729517,-108.97409734379936,2,0.3
7978.645295724095,-20.345891226997068,-109.16395873240654,2,0.3
8034.141162463309,-20.416266258136222,-109.35417629019237,2,0.3
8090.023033481568,-20.486743953314658,-109.54487814813201,2,0.3
8146.293593650958,-20.557361017981428,-109.73596887033283,2,0.3
8202.955546518326,-20.628094819778248,-109.92751341393742,2,0.3
8260.011614435174,-20.698981809634553,-110.11941439916717,2,0.3
8317.464538688457,-20.770022867504014,-110.31167088514998,2,0.3
8375.317079632288,-20.841160328484193,-110.5044475617493,2,0.3
8433.572016820564,-20.91244224209619,-110.69761284072683,2,0.3
8492.232149140504,-20.9838579352745,-110.8911996007018,2,0.3
8551.300294947127,-21.0554084764336,-111.08520766910972,2,0.3
8610.779292198666,-21.12710652175266,-111.27960286548173,2,0.3
8670.671998592914,-21.19894149527736,-111.474418345514,2,0.3
8730.981291704516,-21.270914470658482,-111.66965363605439,2,0.3
8791.710069123244,-21.343026523157583,-111.8653081617511,2,0.3
8852.86124859319,-21.41527872943638,-112.06138124439522,2,0.3
8914.437768152968,-21.48768359240647,-112.2578372563982,2,0.3
8976.44258627686,-21.560219307836093,-112.45474481835815,2,0.3
9038.878682016972,-21.632921130855337,-112.6519978487607,2,0.3
9101.74905514635,-21.705755964331225,-112.84970034776187,2,0.3
9165.056726303115,-21.778724988271392,-113.04785166711767,2,0.3
9228.804737135582,-21.851840642035075,-113.24641528338194,2,0.3
9292.996150448414,-21.925137675941677,-113.44528194717513,2,0.3
9357.634050349754,-21.99856091481162,-113.64462914023274,2,0.3
9422.721542399418,-22.072145106229776,-113.84434740395149,2,0.3
9488.261753758103,-22.145902340996084,-114.04439798737104,2,0.3
9554.257833337617,-22.21975589899644,-114.24503459828048,2,0.3
9620.712951952195,-22.293806816714884,-114.44592642058005,2,0.3
9687.630302470823,-22.367989667589164,-114.64729134476602,2,0.3
9755.013099970645,-22.442371591463143,-114.84890514707106,2,0.3
9822.864581891441,-22.516865708168528,-115.05106232325099,2,0.3
9891.188008191157,-22.59153893554118,-115.25353738688148,2,0.3
9959.98666150255,-22.66637038532695,-115.45640220958086,2,0.3
10029.26384729088,-22.741339461626428,-115.65972992116406,2,0.3
10099.022894012754,-22.816512187596945,-115.86329059790995,2,0.3
10169.26715327601,-22.891835401863144,-116.06727041687604,2,0.3
10240.000000000768,-22.96731026645633,-116.27166694405526,2,0.3
10311.224832581574,-23.04295929260771,-116.47640056155754,2,0.3
10382.945073050678,-23.11876213095413,-116.68154501189922,2,0.3
10455.164167242447,-23.194741130323806,-116.88701979765092,2,0.3
10527.885584958914,-23.270886645611277,-117.09286007361727,2,0.3
10601.112820136505,-23.347189182737644,-117.29910152844923,2,0.3
10674.849391013888,-23.423670840895777,-117.50566236520416,2,0.3
10749.098840301021,-23.500332515497973,-117.71253840036073,2,0.3
10823.864735349352,-23.577154294760977,-117.91980464183673,2,0.3
10899.15066832323,-23.654158020265648,-118.12737802339346,2,0.3
10974.960256372473,-23.731334246878596,-118.33529400048722,2,0.3
11051.297141806172,-23.808673684934778,-118.54358852999081,2,0.3
11128.16499226768,-23.886197912015344,-118.75217730053835,2,0.3
11205.567500910824,-23.963897582945016,-118.9610959004444,2,0.3
11283.508386577352,-24.041773663515116,-119.17033985743956,2,0.3
11361.991393975597,-24.11982711151257,-119.37990459129301,2,0.3
11441.020293860403,-24.198058876428576,-119.58978541430517,2,0.3
11520.598883214287,-24.276469899167203,-119.79997753184163,2,0.3
11600.730985429864,-24.355071096026094,-120.0104349300465,2,0.3
11681.420450493551,-24.43384337845287,-120.22123469007133,2,0.3
11762.671155170538,-24.51279768675142,-120.4323307267566,2,0.3
11844.48700319105,-24.591954634540283,-120.64363478162181,2,0.3
11926.871925437901,-24.67127560840243,-120.8553073540221,2,0.3
12009.82988013536,-24.750781288232492,-121.06726024791193,2,0.3
12093.36485303932,-24.830501717745314,-121.2793621973051,2,0.3
12177.4808576288,-24.91037928403177,-121.49185867686816,2,0.3
12262.181935298773,-24.990453775735148,-121.7045764402839,2,0.3
12347.472155554336,-25.07071630767186,-121.91755158144538,2,0.3
12433.355616206238,-25.15116770659477,-122.13077818235747,2,0.3
12519.836443567749,-25.23181828780394,-122.34420769604019,2,0.3
12606.918792652916,-25.312659262698315,-122.55787630712999,2,0.3
12694.606847376202,-25.39368201067113,-122.77182058092416,2,0.3
12782.904820753494,-25.47491553783082,-122.985905926016,2,0.3
12871.816955104521,-25.556323059438817,-123.20029724490757,2,0.3
12961.347522256672,-25.63792414581374,-123.41490252236173,2,0.3
13051.500823750257,-25.71972876010434,-123.62967197410931,2,0.3
13142.28119104516,-25.80173748619587,-123.84459861917476,2,0.3
13233.69298572895,-25.88392349282087,-124.05980566302114,2,0.3
13325.740599726436,-25.96632410006359,-124.27511280409752,2,0.3
13418.428455510686,-26.048903547566347,-124.49068701249857,2,0.3
13511.761006315492,-26.13170774472433,-124.70630328266047,2,0.3
13605.74273634934,-26.214701134611374,-124.92212893279937,2,0.3
13700.378161010858,-26.297884492279714,-125.13815709823389,2,0.3
13795.671827105747,-26.381258578115016,-125.35438082368972,2,0.3
13891.628313065248,-26.464850546013313,-125.57066079233114,2,0.3
13988.252229166108,-26.548643185818218,-125.78707744250846,2,0.3
14085.548217752083,-26.632628360163334,-126.00366758269675,2,0.3
14183.520953456982,-26.71682408431682,-126.22033524425392,2,0.3
14282.175143429275,-26.80122213975835,-126.437117009764,2,0.3
14381.515527558222,-26.885831608309804,-126.65396071163221,2,0.3
14481.546878701633,-26.97062730565467,-126.87099213462184,2,0.3
14582.274002915165,-27.055643868888218,-127.08802531756669,2,0.3
14683.70173968323,-27.140847808055742,-127.30523087369184,2,0.3
14785.834962151528,-27.22626496860468,-127.52246692416972,2,0.3
14888.678577361155,-27.31190395476481,-127.73968042514859,2,0.3
14992.23752648439,-27.397731808330267,-127.95704266778381,2,0.3
15096.516785062071,-27.483765660434052,-128.17445597752604,2,0.3
15201.521363242668,-27.570014059894447,-128.39186716889077,2,0.3
15307.256306022984,-27.656460974481863,-128.60935809803132,2,0.3
15413.726693490553,-27.743123037482,-128.8268303786797,2,0.3
15520.93764106771,-27.829992399485146,-129.04432078838934,2,0.3
15628.894299757369,-27.917069363295735,-129.26182101132656,2,0.3
15737.6018563905,-28.004346289232622,-129.47936800554447,2,0.3
15847.065533875337,-28.091839338753925,-129.69686279007306,2,0.3
15957.29059144831,-28.179548608166506,-129.91429679342764,2,0.3
16068.282324926739,-28.267450851760273,-130.13179776228108,2,0.3
16180.046066963258,-28.355577472442157,-130.3491754959194,2,0.3
16292.587187302037,-28.44388231242075,-130.56669436728507,2,0.3
16405.911093036775,-28.532419509056748,-130.78402734316273,2,0.3
16520.023228870472,-28.62118876045273,-131.00116553172109,2,0.3
16634.92907737704,-28.710137075335457,-131.21841937933627,2,0.3
16750.634159264704,-28.79930253347506,-131.43555238244934,2,0.3
16867.144033641256,-28.888685073385375,-131.65255581225662,2,0.3
16984.464298281135,-28.97826249226599,-131.8695580094114,2,0.3
17102.600589894384,-29.06807175817706,-132.0863218698283,2,0.3
17221.558584397462,-29.158068808100527,-132.30311290517702,2,0.3
17341.343997185955,-29.248290219172112,-132.5196938521134,2,0.3
17461.962583409164,-29.33872850654723,-132.73610167643494,2,0.3
17583.42013824662,-29.429362120263587,-132.95246493807986,2,0.3
17705.72249718651,-29.520212529081068,-133.16863766545558,2,0.3
17828.875536306066,-29.611265466780612,-133.38470268411658,2,0.3
17952.885172553855,-29.70253493841642,-133.6005597360931,2,0.3
18077.75736403408,-29.794006838559795,-133.81629167487657,2,0.3
18203.498110292836,-29.885701804448253,-134.03175246273844,2,0.3
18330.113452606365,-29.977605741311322,-134.2470249840857,2,0.3
18457.609474271307,-30.069711707383064,-134.46214634130783,2,0.3
18585.99230089697,-30.162026385812254,-134.6770620956309,2,0.3
18715.26810069965,-30.25454289530544,-134.89180935168008,2,0.3
18845.44308479898,-30.34728764759935,-135.1061965060463,2,0.3
18976.523507516347,-30.440213936717303,-135.3205351189618,2,0.3
19108.51566667538,-30.53336775442656,-135.53449650339277,2,0.3
19241.425903904536,-30.6267354200698,-135.7481636334509,2,0.3
19375.260604941792,-30.72028436017103,-135.96175633431415,2,0.3
19510.026199941436,-30.814065839583925,-136.1749007718214,2,0.3
19645.729163783028,-30.908034646606588,-136.38790801409357,2,0.3
19782.376016382463,-31.002222241427862,-136.600541506657,2,0.3
19919.973323005244,-31.096615494560368,-136.81288411751066,2,0.3
20058.527694581913,-31.191207829535568,-137.02497299731357,2,0.3
20198.045788025658,-31.286005103984046,-137.23675425179968,2,0.3
20338.53430655217,-31.381012960869214,-137.44817417156045,2,0.3
20480.00000000169,-31.476230799363055,-137.6592246449146,2,0.3
20622.4496651633,-31.571640056611955,-137.87003365288166,2,0.3
20765.890146101516,-31.667258333970562,-138.0804568957327,2,0.3
20910.32833448505,-31.763079093932355,-138.29053167588575,2,0.3
21055.771169917985,-31.859101811932803,-138.50024995930468,2,0.3
21202.22564027317,-31.955325946211538,-138.7096037654509,2,0.3
21349.698782027936,-32.05174519823727,-138.91863026262416,2,0.3
21498.197680602203,-32.14837621174121,-139.12718630214326,2,0.3
21647.72947069887,-32.24519553127496,-139.33544433335408,2,0.3
21798.301336646622,-32.342225219955,-139.54321657987504,2,0.3
21949.920512745113,-32.439453269872935,-139.7505854352805,2,0.3
22102.59428361251,-32.53686253660972,-139.95767765035654,2,0.3
22256.32998453553,-32.634485514144814,-140.1642167382998,2,0.3
22411.135001821818,-32.73229947758362,-140.37037443042522,2,0.3
22567.01677315487,-32.8303146012556,-140.57605393436447,2,0.3
22723.98278795137,-32.92852472917985,-140.7812926265054,2,0.3
22882.04058772098,-33.026918610870716,-140.98617209912587,2,0.3
23041.197766428744,-33.12551667564465,-141.19050726321336,2,0.3
23201.4619708599,-33.22430237667723,-141.39442428530725,2,0.3
23362.840900987278,-33.32328534913841,-141.5978274778737,2,0.3
23525.342310341253,-33.42245451658939,-141.80079833470253,2,0.3
23688.974006382276,-33.52181426588896,-142.00328567493065,2,0.3
23853.743850875984,-33.621363796223854,-142.20528267368297,2,0.3
24019.6597602709,-33.721117132206075,-142.4066510253496,2,0.3
24186.729706078822,-33.82103873392806,-142.60769122099094,2,0.3
24354.96171525778,-33.921157439765686,-142.80813356252497,2,0.3
24524.363870597732,-34.02146250654312,-143.00805926249626,2,0.3
24694.944311108862,-34.121953071414445,-143.20746190965625,2,0.3
24866.711232412665,-34.222618813960594,-143.40642194573135,2,0.3
25039.672887135683,-34.323482506770304,-143.60471610600317,2,0.3
25213.837585306024,-34.424524316680106,-143.80251186791457,2,0.3
25389.213694752598,-34.52574805842473,-143.99975977389636,2,0.3
25565.809641507185,-34.62716190942806,-144.1963678791882,2,0.3
25743.63391020923,-34.72873765151153,-144.3925881520043,2,0.3
25922.695044513537,-34.830506096156455,-144.58811413778656,2,0.3
26103.00164750071,-34.93243939199806,-144.78319701402145,2,0.3
26284.562382090517,-35.03456760124834,-144.97753231491694,2,0.3
26467.385971458098,-35.136863238891415,-145.17137041364788,2,0.3
26651.481199453076,-35.239342751154176,-145.36453586344803,2,0.3
26836.856911021572,-35.34198364552437,-145.5572349742448,2,0.3
27023.522012631187,-35.444797929168644,-145.74933509685653,2,0.3
27211.485472698885,-35.54778876421424,-145.94078898087244,2,0.3
27400.75632202192,-35.650955012382724,-146.13159176585094,2,0.3
27591.3436542117,-35.75429552749831,-146.3217386492061,2,0.3
27783.256626130707,-35.85779297186498,-146.5113913190735,2,0.3
27976.504458332423,-35.96146669281166,-146.70033611734846,2,0.3
28171.096435504372,-36.065303496584235,-146.88869275088405,2,0.3
28367.04190691418,-36.16931028372981,-147.07637318189126,2,0.3
28564.35028685876,-36.27348196004967,-147.26341359310166,2,0.3
28763.031055116662,-36.37781741119756,-147.44980845435063,2,0.3
28963.093757403483,-36.482311676800414,-147.6355927047167,2,0.3
29164.548005830547,-36.586967427765494,-147.82071865926292,2,0.3
29367.403479366687,-36.69179080151862,-148.005097440203,2,0.3
29571.669924303278,-36.79676896179307,-148.18884156088308,2,0.3
29777.35715472254,-36.90190371432024,-148.3718970234556,2,0.3
29984.475052969006,-37.00718845680822,-148.55428376338963,2,0.3
30193.03357012437,-37.112628262372795,-148.73584681866814,2,0.3
30403.042726485564,-37.21819373026604,-148.91668509567225,2,0.3
30614.512612046197,-37.3238386711427,-149.0966578095043,2,0.3
30827.45338698134,-37.429390395733215,-149.27682167968146,2,0.3
31041.875282135654,-37.53553063060451,-149.4596514600326,2,0.3
31257.788599514974,-37.64208426826025,-149.63801611212114,2,0.3
31475.203712781236,-37.748554335364375,-149.81521651694803,2,0.3
31694.13106775091,-37.85510568639701,-149.99196861251627,2,0.3
31914.581182896858,-37.961785161933555,-150.16815567609146,2,0.3
32136.564649853717,-38.068610173234696,-150.34364084309183,2,0.3
32360.09213392676,-38.17557384684824,-150.518508840465,2,0.3
32585.17437460432,-38.28268640566117,-150.69262534913526,2,0.3
32811.8221860738,-38.389934714751924,-150.8661330856885,2,0.3
33040.04645774119,-38.49733073173189,-151.0388704174211,2,0.3
33269.85815475433,-38.604861035328234,-151.21098458198685,2,0.3
33501.26831852966,-38.712530941815764,-151.38239426113745,2,0.3
33734.28806728276,-38.82034243269275,-151.5530578909332,2,0.3
33968.928596562524,-38.928285399544954,-151.72308548739716,2,0.3
34205.20117978902,-39.03637075738627,-151.8923234621951,2,0.3
34443.11716879519,-39.14459430291455,-152.0608074618491,2,0.3
34682.68799437217,-39.25294618814798,-152.2286470696583,2,0.3
34923.92516681859,-39.36143691690228,-152.39569122525398,2,0.3
35166.8402764935,-39.47005955272115,-152.5620125513801,2,0.3
35411.44499437329,-39.578801831775166,-152.72775597005818,2,0.3
35657.7510726124,-39.68768509526591,-152.892625572445,2,0.3
35905.77034510798,-39.79669422537639,-153.0568034954995,2,0.3
36155.51472806843,-39.90583360561636,-153.2202152605548,2,0.3
36406.99622058595,-40.01509670693107,-153.38293200546258,2,0.3
36660.22690521301,-40.12448515472238,-153.54491592681836,2,0.3
36915.21894854289,-40.23399784691689,-153.70616565343005,2,0.3
37171.98460179422,-40.34363625991722,-153.86664423541404,2,0.3
37430.53620139958,-40.453394106809284,-154.02642170637876,2,0.3
37690.88616959824,-40.56327541236704,-154.18542564634254,2,0.3
37953.04701503298,-40.67327151232843,-154.34376050241576,2,0.3
38217.03133335104,-40.78339378164634,-154.50124887549202,2,0.3
38482.85180780936,-40.89362867522807,-154.65806449755362,2,0.3
38750.521209883875,-41.00398244746748,-154.81410027695944,2,0.3
39020.05239988316,-41.11445147413096,-154.96938843106543,2,0.3
39291.458327566346,-41.22503219088819,-155.1239595497533,2,0.3
39564.752032765224,-41.33572569321649,-155.2777735307118,2,0.3
39839.94664601079,-41.44653506947044,-155.43075389743936,2,0.3
40117.05538916413,-41.55744914636251,-155.5830230516735,2,0.3
40396.09157605162,-41.66847634129237,-155.73438611150715,2,0.3
40677.068613104646,-41.77959721411448,-155.88499491423022,2,0.3
40960.00000000368,-41.89080004150722,-156.03466613154296,2,0.3
41244.899330326916,-42.00202899164818,-156.1829250916798,2,0.3
41531.78029220334,-42.11282996404083,-156.3308204116418,2,0.3
41820.65666897041,-42.22449534696254,-156.48717107515222,2,0.3
42111.54233983629,-42.33675471372641,-156.6332238634081,2,0.3
42404.45128054665,-42.4486506642291,-156.77863124209628,2,0.3
42699.3975640562,-42.5605653799951,-156.92382567819018,2,0.3
42996.39536120473,-42.672561512929555,-157.06847426511408,2,0.3
43295.458941398065,-42.78464768089948,-157.21253213098763,2,0.3
43596.60267329357,-42.89683324537428,-157.35585472457674,2,0.3
43899.84102549055,-43.00911101948635,-157.49854643619352,2,0.3
44205.18856722535,-43.121486720555794,-157.6404987185109,2,0.3
44512.659969071385,-43.233955901635824,-157.78176782577074,2,0.3
44822.27000364397,-43.34651975671325,-157.9223178141491,2,0.3
45134.033546310086,-43.459179302227014,-158.06211514255156,2,0.3
45447.96557590307,-43.57193358863234,-158.20115899667502,2,0.3
45764.081175442305,-43.68477802364842,-158.33951094761065,2,0.3
46082.39553285784,-43.79771175742185,-158.47717043352588,2,0.3
46402.92394172015,-43.91074100276475,-158.61401517611876,2,0.3
46725.681801974904,-44.02385766140928,-158.75016856252157,2,0.3
47050.68462068286,-44.13706087783427,-158.88563084192128,2,0.3
47377.94801276491,-44.250351501875755,-159.02037238138013,2,0.3
47707.487701752325,-44.363730303142546,-159.15436431063375,2,0.3
48039.319520542165,-44.47719298643352,-159.28766767731807,2,0.3
48373.45941215801,-44.5907403519135,-159.42025365529148,2,0.3
48709.923430515926,-44.704376367954595,-159.55203530814114,2,0.3
49048.72774119583,-44.818090349847864,-159.68319094528366,2,0.3
49389.888622218095,-44.93188950316402,-159.81357510259534,2,0.3
49733.4224648257,-45.045765014946994,-159.94333492188963,2,0.3
50000.0,-45.1336476284613,-160.04287661718337,2,0.3
10.0,-0.2828161244419455,-0.5664540159133445,3,0.4
10.069555500567189,-0.2828360442679037,-0.5703918424035949,3,0.4
10.139594797900294,-0.28283732318567884,-0.5743550880006445,3,0.4
10.210121257071936,-0.2828651657439276,-0.5783485332157698,3,0.4
10.281138266560667,-0.28287438780359075,-0.5823677621476789,3,0.4
10.352649238413779,-0.2828908251968634,-0.5864156098238499,3,0.4
10.424657608411218,-0.2829015757766902,-0.5904909340385187,3,0.4
10.497166836230678,-0.2829131066271135,-0.594594596984445,3,0.4
10.57018040561381,-0.2829318850209547,-0.5987274809586368,3,0.4
10.643701824533608,-0.2829514656041529,-0.6028891094188246,3,0.4
10.71773462536294,-0.2829654031485264,-0.6070789882266995,3,0.4
10.792282365044281,-0.2829866217993909,-0.6112987031233882,3,0.4
10.867348625260592,-0.2830022202249675,-0.6155470634549458,3,0.4
10.942937012607405,-0.2830122100505946,-0.6198242590649133,3,0.4
11.019051158766118,-0.28304242883768466,-0.6241333368681137,3,0.4
11.095694720678463,-0.2830476934882881,-0.6284695162868122,3,0.4
11.172871380722214,-0.2830602983340785,-0.6328365659189589,3,0.4
11.250584846888108,-0.28309316867000356,-0.6372361688237801,3,0.4
11.328838852958,-0.2830946652175293,-0.641662709961075,3,0.4
11.407637158684253,-0.2831164524214256,-0.6461222392669562,3,0.4
11.486983549970367,-0.28313271719583055,-0.6506120402508121,3,0.4
11.566881839052892,-0.2831563855543489,-0.6551338124930278,3,0.4
11.647335864684578,-0.28316810115132385,-0.6596855252116897,3,0.4
11.728349492318808,-0.2831937034418359,-0.6642704058399886,3,0.4
11.809926614295325,-0.28320737987374583,-0.6688856458100687,3,0.4
11.892071150027233,-0.2832349703574078,-0.6735345176405844,3,0.4
11.97478704618931,-0.28325711920480834,-0.6782149494749956,3,0.4
12.05807827690763,-0.2832673839517009,-0.6829263692884169,3,0.4
12.141948843950495,-0.28330451837270176,-0.6876736917482764,3,0.4
12.226402776920713,-0.28331688438327807,-0.692450873243294,3,0.4
12.31144413344919,-0.2833367796040013,-0.6972620665369909,3,0.4
12.397076999389895,-0.2833448491525886,-0.7021051100162611,3,0.4
12.48330548901615,-0.2833798479120496,-0.706985056489313,3,0.4
12.570133745218314,-0.28339659486571056,-0.7118965068254683,3,0.4
12.657565939702833,-0.28342093210416297,-0.7168429273667084,3,0.4
12.745606273192656,-0.28344641878497484,-0.7218237474746847,3,0.4
12.834258975629076,-0.28347307091598695,-0.7268392070315542,3,0.4
12.923528306374958,-0.28348799135256536,-0.7318878728612286,3,0.4
13.013418554419374,-0.28351702328252953,-0.7369733260730377,3,0.4
13.10393403858367,-0.28354081332179293,-0.7420932994054114,3,0.4
13.195079107728983,-0.28355937834886535,-0.747248021840963,3,0.4
13.286858140965156,-0.28358564895909405,-0.7524394456880815,3,0.4
13.379275547861162,-0.2836067290706066,-0.7576661050369287,3,0.4
13.472335768656947,-0.28362909304336015,-0.7629291065554044,3,0.4
13.566043274476765,-0.2836592155401105,-0.7682295827241302,3,0.4
13.660402567544,-0.2836842011278827,-0.7735660368880215,3,0.4
13.755418181397484,-0.2837169817634222,-0.7789404903193681,3,0.4
13.851094681109295,-0.2837446624717578,-0.7843514255134176,3,0.4
13.947436663504105,-0.2837608052613857,-0.7897981808269784,3,0.4
14.044448757380025,-0.2837977134647152,-0.7952855311287257,3,0.4
14.142135623731003,-0.2838295791535621,-0.8008101321245782,3,0.4
14.240501955970773,-0.28384996509813265,-0.8063713083407854,3,0.4
14.33955248015833,-0.28387180495201264,-0.8119711476469927,3,0.4
14.439291955225018,-0.28390803278978016,-0.8176117909837675,3,0.4
14.539725173203164,-0.2839392984269778,-0.8232907227058307,3,0.4
14.640856959456315,-0.2839656226230393,-0.8290081969757143,3,0.4
14.742692172911074,-0.283999940341502,-0.834766380140832,3,0.4
14.845235706290554,-0.28402290208383885,-0.840562683835831,3,0.4
14.94849248634945,-0.2840539004132294,-0.8464002532365605,3,0.4
15.05246747411074,-0.2840865003495328,-0.852278414435382,3,0.4
15.15716566510405,-0.28412072417795287,-0.8581974507750565,3,0.4
15.26259208960566,-0.2841436803976287,-0.8641556696832862,3,0.4
15.368751812880195,-0.28418767714044924,-0.8701582964314792,3,0.4
15.475649935423972,-0.28422045237382043,-0.8762006686429855,3,0.4
15.58329159321007,-0.284254943739807,-0.8822850555251748,3,0.4
15.69168195793509,-0.28428471799617594,-0.8884107336625778,3,0.4
15.800826237267621,-0.2843291706934003,-0.8945810487765767,3,0.4
15.910729675098453,-0.28436249787677664,-0.9007922171234948,3,0.4
16.02139755179252,-0.2843847243067043,-0.907044495434305,3,0.4
16.13283518444261,-0.284434618246928,-0.9133444141072203,3,0.4
16.245047927124794,-0.2844540905961893,-0.9196828901684024,3,0.4
16.358041171155712,-0.28450773931138884,-0.9260707194770897,3,0.4
16.471820345351553,-0.28453101845297235,-0.9324976469555755,3,0.4
16.586390916288924,-0.284575612552889,-0.9389724697716068,3,0.4
16.70175838856748,-0.28461571963783244,-0.9454912382545438,3,0.4
16.817928305074386,-0.2846513670430597,-0.9520542444512143,3,0.4
16.93490624725064,-0.2846825824729132,-0.9586617823219378,3,0.4
17.052697835359233,-0.28472876610894726,-0.9653174626879395,3,0.4
17.17130872875518,-0.2847705744762856,-0.9720183145786919,3,0.4
17.290744626157405,-0.2848015790452014,-0.9787635178597435,3,0.4
17.411011265922586,-0.28486055359691087,-0.9855601205883785,3,0.4
17.53211442632081,-0.2848894110995799,-0.9923983201327901,3,0.4
17.654059925813208,-0.2849269261995232,-0.9992851922418394,3,0.4
17.776853623331515,-0.2849860445543619,-1.0062233967402583,3,0.4
17.900501418559564,-0.28502805224080896,-1.0132063808457858,3,0.4
18.02500925221672,-0.28507235311114243,-1.0202379134412896,3,0.4
18.150383106343334,-0.28511897902948635,-1.0273183339483345,3,0.4
18.27662900458813,-0.2851679622997032,-1.0344479842022107,3,0.4
18.403753012497624,-0.2852128780579995,-1.0416260159285013,3,0.4
18.53176123780754,-0.2852602170729059,-1.04885395179346,3,0.4
18.660659830736275,-0.2853035553384719,-1.0561309316161327,3,0.4
18.790454984280366,-0.2853558422941465,-1.0634597168726159,3,0.4
18.921152934512047,-0.2854041971742154,-1.0708382346468104,3,0.4
19.05275996087888,-0.28546157046946785,-1.0782692850920592,3,0.4
19.18528238650542,-0.2855086245042276,-1.0857495232733823,3,0.4
19.31872657849705,-0.28555831076574384,-1.093281762618295,3,0.4
19.453098948245852,-0.2856106658046323,-1.1008663669766252,3,0.4
19.588405951738682,-0.28565926881566844,-1.108502433465433,3,0.4
19.72465408986733,-0.2857106151663986,-1.1161915828137665,3,0.4
19.861849908740865,-0.2857776587760639,-1.1239367606444801,3,0.4
20.00000000000015,-0.2858216907519879,-1.131730618805738,3,0.4
20.13911100113453,-0.2858750397576645,-1.1395799514363814,3,0.4
20.279189595800737,-0.2859377455723212,-1.1474851649438753,3,0.4
20.42024251414402,-0.2859840163481617,-1.1554413758208575,3,0.4
20.56227653312149,-0.2860461829616341,-1.1634555484878084,3,0.4
20.70529847682771,-0.28611137073035126,-1.171525442283381,3,0.4
20.849315216822593,-0.286166705298259,-1.179648745412884,3,0.4
20.994333672461515,-0.2862316034746617,-1.187829875998625,3,0.4
21.14036081122778,-0.286293192030826,-1.1960665181350012,3,0.4
21.28740364906737,-0.28634505629854456,-1.2043576623549679,3,0.4
21.43546925072604,-0.2864195317139343,-1.2127105976349168,3,0.4
21.584564730088722,-0.28647791362444835,-1.2211174223342405,3,0.4
21.734697250521346,-0.2865460805858828,-1.2295840899395816,3,0.4
21.885874025214974,-0.2866111620777427,-1.238108202892731,3,0.4
22.038102317532406,-0.2866732047540805,-1.2466901442972298,3,0.4
22.191389441357092,-0.28674517281415446,-1.2553331759462705,3,0.4
22.345742761444598,-0.28681419744909775,-1.264034849971004,3,0.4
22.501169693776383,-0.28688032726665935,-1.2727955576211363,3,0.4
22.657677705916175,-0.28695007010518214,-1.2816171610570437,3,0.4
22.815274317368676,-0.2870234760325963,-1.2905000874314505,3,0.4
22.973967099940907,-0.28709413716162435,-1.299443278178234,3,0.4
23.13376367810596,-0.2871814808664775,-1.3084516330318565,3,0.4
23.29467172936933,-0.28724680723677204,-1.3175165933005417,3,0.4
23.456698984637793,-0.28732246245637166,-1.326646073238401,3,0.4
23.619853228590827,-0.2873955826482824,-1.3358374853803259,3,0.4
23.784142300054643,-0.2874791397172199,-1.3450943259841848,3,0.4
23.949574092378796,-0.28754735331851716,-1.3544108675947621,3,0.4
24.11615655381544,-0.2876261146356526,-1.3637937164504188,3,0.4
24.28389768790117,-0.2877090214293641,-1.3732417860930446,3,0.4
24.452805553841607,-0.2877961310802195,-1.3827555346856224,3,0.4
24.622888266898567,-0.28788104269041737,-1.3923338280122544,3,0.4
24.794153998779972,-0.28796381509323943,-1.4019770976017853,3,0.4
24.966610978032485,-0.28804450792346903,-1.4116857778955394,3,0.4
25.140267490436816,-0.2881231816283546,-1.4214603062690054,3,0.4
25.315131879405854,-0.2882257345244165,-1.4313076854192464,3,0.4
25.4912125463855,-0.28831347347399994,-1.4412185836269917,3,0.4
25.668517951258348,-0.28839937986712794,-1.4511967061914917,3,0.4
25.847056612750112,-0.28848351753104196,-1.4612425029362641,3,0.4
26.026837108838944,-0.28857887008672073,-1.4713598002153319,3,0.4
26.20786807716754,-0.2886790439189129,-1.481547425935229,3,0.4
26.390158215458165,-0.2887711865568213,-1.491802454510086,3,0.4
26.573716281930512,-0.28886828446157914,-1.5021287575424547,3,0.4
26.758551095722524,-0.2889704061088668,-1.5125268368082172,3,0.4
26.944671537314093,-0.289064701478055,-1.5229937052577354,3,0.4
27.13208654895373,-0.2891706199177788,-1.533535074341776,3,0.4
27.320805135088207,-0.2892623936012961,-1.5441444105915727,3,0.4
27.510836362795175,-0.2893723937471743,-1.5548310343312866,3,0.4
27.7021893622188,-0.28948131414254785,-1.5655901533154675,3,0.4
27.89487332700842,-0.289582768901545,-1.5764204459580002,3,0.4
28.088897514760255,-0.28968329301903123,-1.5873241845735353,3,0.4
28.284271247462218,-0.2898023430032339,-1.5983073612434806,3,0.4
28.48100391194176,-0.2899076956655578,-1.609361357484392,3,0.4
28.679104960316874,-0.2900188095983997,-1.6204921727017676,3,0.4
28.878583910450253,-0.2901293039760997,-1.631698477255822,3,0.4
29.079450346406546,-0.2902521799137115,-1.6429845474838844,3,0.4
29.28171391891285,-0.29036167752566144,-1.6543433813027892,3,0.4
29.485384345822368,-0.29048372099738157,-1.665783058057185,3,0.4
29.690471412581335,-0.29060547328835906,-1.6773003264434379,3,0.4
29.896984972699123,-0.2907270192371539,-1.6888957081307514,3,0.4
30.104934948221704,-0.2908549055306188,-1.7005716796035408,3,0.4
30.314331330208326,-0.2909698372304215,-1.712322916192213,3,0.4
30.52518417921155,-0.2911042064474635,-1.7241597610186172,3,0.4
30.73750362576062,-0.29123872062056677,-1.7360768973583476,3,0.4
30.951299870848175,-0.2913605485580707,-1.7480708536490561,3,0.4
31.16658318642038,-0.29150208705689357,-1.7601521907886186,3,0.4
31.38336391587042,-0.29162466326537695,-1.7723093782257162,3,0.4
31.60165247453548,-0.29175421579496685,-1.7845510339582262,3,0.4
31.82145935019715,-0.2918908406507916,-1.7968777560688205,3,0.4
32.04279510358529,-0.2920475578368286,-1.8092943009117135,3,0.4
32.26567036888546,-0.29219215926792635,-1.8217909055578116,3,0.4
32.49009585424984,-0.2923247442054521,-1.8343680512602787,3,0.4
32.716082342311665,-0.2924777211656024,-1.8470368248859041,3,0.4
32.94364069070335,-0.2926188849533722,-1.859787258053069,3,0.4
33.172781832578096,-0.2927612623846731,-1.872624142356649,3,0.4
33.40351677713521,-0.2929114205095982,-1.8855502268471365,3,0.4
33.63585661014903,-0.29307592813236116,-1.8985683249987149,3,0.4
33.86981249450153,-0.29322904579346765,-1.9116703387199827,3,0.4
34.10539567071872,-0.2933838066917861,-1.924861195055881,3,0.4
34.34261745751061,-0.29354678400940076,-1.938143721058289,3,0.4
34.58148925231507,-0.29369870367848927,-1.9515118437054364,3,0.4
34.822022531845434,-0.2938719910004506,-1.9649773652234022,3,0.4
35.064228852641875,-0.2940409124951516,-1.9785319490112399,3,0.4
35.30811985162668,-0.2941926598716094,-1.9921715891172844,3,0.4
35.55370724666329,-0.29437905214355337,-2.0059152025674933,3,0.4
35.80100283711939,-0.29455497177221135,-2.019747411628508,3,0.4
36.05001850443371,-0.29472054006541687,-2.0336687521317747,3,0.4
36.30076621268694,-0.29490819463538326,-2.047691528805445,3,0.4
36.55325800917653,-0.29507928329972116,-2.061802312553667,3,0.4
36.80750602499552,-0.2952662476986463,-2.0760135312432966,3,0.4
37.06352247561536,-0.2954433639938743,-2.0903163239212734,3,0.4
37.32131966147283,-0.29563661523045914,-2.1047209229946695,3,0.4
37.58090996856101,-0.29582028019531215,-2.11921834409495,3,0.4
37.84230586902438,-0.29602680984775165,-2.133821416225682,3,0.4
38.105519921758045,-0.2962175586585878,-2.148516140670307,3,0.4
38.37056477301113,-0.29641205435248447,-2.163310500029333,3,0.4
38.63745315699439,-0.2966169000161328,-2.1782076780068222,3,0.4
38.906197896491996,-0.29681930900640724,-2.1932033664197297,3,0.4
39.176811903477656,-0.29701942389935576,-2.208298201911575,3,0.4
39.449308179734956,-0.29723031766311153,-2.2234979404230635,3,0.4
39.72369981748203,-0.2974327442920708,-2.2387956083849403,3,0.4
40.000000000000604,-0.29765917422232513,-2.254204768658118,3,0.4
40.27822200226936,-0.297883900760089,-2.2697158475710966,3,0.4
40.55837919160177,-0.2980941467660029,-2.285324246991795,3,0.4
40.840485028288356,-0.29832239010252526,-2.301043761213645,3,0.4
41.124553066243294,-0.2985493933164959,-2.316867226798734,3,0.4
41.410596953655734,-0.2987817799644692,-2.3327980035644895,3,0.4
41.6986304336455,-0.2990132457273957,-2.348834123911553,3,0.4
41.98866734492334,-0.29925041863998897,-2.364978995076066,3,0.4
42.28072162245588,-0.29948699839467596,-2.3812306224491318,3,0.4
42.57480729813507,-0.2997296176199904,-2.397592461415939,3,0.4
42.8709385014524,-0.2999719801176869,-2.4140624900443544,3,0.4
43.16912946017777,-0.3002207232273602,-2.4306442126126107,3,0.4
43.46939450104301,-0.3004824871099162,-2.4473412164064277,3,0.4
43.771748050430276,-0.30073158370901704,-2.4641429828516572,3,0.4
44.07620463506514,-0.30098112313109143,-2.4810558308128448,3,0.4
44.38277888271451,-0.30125715204815307,-2.4980919974356883,3,0.4
44.69148552288952,-0.3015210552169579,-2.5152350680384687,3,0.4
45.00233938755311,-0.3017859507377919,-2.532491495872237,3,0.4
45.315355411832684,-0.3020584933757147,-2.549864962190376,3,0.4
45.63054863473769,-0.30233887384615266,-2.5673562767880123,3,0.4
45.947934199882155,-0.30261435076899834,-2.5849602970670604,3,0.4
46.26752735621227,-0.3029045212816045,-2.6026867214146594,3,0.4
46.58934345873901,-0.3031901812916692,-2.6205273776270976,3,0.4
46.913397969275934,-0.30348446625089887,-2.638489058711643,3,0.4
47.23970645718201,-0.30378757963652375,-2.65657260555513,3,0.4
47.56828460010965,-0.3040867913299664,-2.67477269654867,3,0.4
47.89914818475796,-0.30438230909859704,-2.693090057102047,3,0.4
48.232313107631235,-0.30469374883081973,-2.711534800851321,3,0.4
48.5677953758027,-0.305008387994267,-2.730101560434818,3,0.4
48.90561110768358,-0.3053135053961591,-2.7487848008441444,3,0.4
49.2457765337975,-0.30564166434388684,-2.7676011713704667,3,0.4
49.58830799756032,-0.30596721176569647,-2.7865388283939247,3,0.4
49.933221956065346,-0.3062968414830983,-2.8056017699730904,3,0.4
50.280534980874016,-0.3066178421790351,-2.8247843075107117,3,0.4
50.630263758812085,-0.3069627924489506,-2.8441035616190304,3,0.4
50.982425092771386,-0.30730604786655075,-2.863547357672499,3,0.4
51.33703590251707,-0.30766078498691946,-2.8831231384276688,3,0.4
51.69411322550061,-0.30800783305986257,-2.9028217748768514,3,0.4
52.05367421767828,-0.30835390431845083,-2.9226473693202393,3,0.4
52.41573615433548,-0.3087186565389053,-2.942610922103414,3,0.4
52.78031643091672,-0.3090893980520545,-2.9627066077925224,3,0.4
53.14743256386143,-0.30945343868539205,-2.9829284191228513,3,0.4
53.517102191445446,-0.3098304470037231,-3.003287519162738,3,0.4
53.8893430746286,-0.3102142107361753,-3.0237813853842463,3,0.4
54.264173097907864,-0.31059204811647273,-3.044403886501324,3,0.4
54.64161027017682,-0.31098363952929053,-3.065166423187639,3,0.4
55.02167272559077,-0.31138925436703885,-3.0860699913786673,3,0.4
55.40437872443802,-0.31178327506688136,-3.1071012206938065,3,0.4
55.78974665401725,-0.3121853935382086,-3.128271680190435,3,0.4
56.17779502952094,-0.3125958887862156,-3.1495823142389723,3,0.4
56.56854249492486,-0.3130150433261228,-3.171034075093933,3,0.4
56.962007823883944,-0.31343019607983036,-3.192620533023671,3,0.4
57.358209920634174,-0.31386105666739106,-3.214353664084477,3,0.4
57.75716782090094,-0.31428849687653093,-3.236223281518764,3,0.4
58.158900692813525,-0.31473870946242827,-3.2582453041866497,3,0.4
58.56342783782614,-0.31518609822053045,-3.280405685174847,3,0.4
58.97076869164518,-0.3156180162188948,-3.302697615756691,3,0.4
59.38094282516311,-0.3160865695137099,-3.3251526028922336,3,0.4
59.79396994539869,-0.31654027002112445,-3.347740951409409,3,0.4
60.209869896443855,-0.31701180875288826,-3.3704828942271545,3,0.4
60.628662660417106,-0.31748855433854484,-3.39337167967951,3,0.4
61.05036835842356,-0.31795787709045253,-3.4164003470103186,3,0.4
61.4750072515217,-0.3184589614223695,-3.439593630196804,3,0.4
61.90259974169682,-0.31895328056143946,-3.462928741622175,3,0.4
62.33316637284123,-0.3194346904675832,-3.486402455899115,3,0.4
62.766727831741306,-0.31994886956744484,-3.5100440206568737,3,0.4
63.20330494907143,-0.3204572980404697,-3.5338301727002404,3,0.4
63.642918700394766,-0.32098623361831785,-3.5577782705664136,3,0.4
64.08559020717105,-0.3214971593433644,-3.5818645576381427,3,0.4
64.5313407377714,-0.32204225685597954,-3.6061232142375297,3,0.4
64.98019170850016,-0.3225700577756402,-3.6305218963741592,3,0.4
65.43216468462381,-0.32311331942584703,-3.6550825293999583,3,0.4
65.8872813814072,-0.32367889129887223,-3.6798105336566462,3,0.4
66.34556366515669,-0.32424122845480013,-3.704689933247108,3,0.4
66.80703355427093,-0.32480070655218507,-3.7297216254277017,3,0.4
67.27171322029855,-0.3253771479270076,-3.754919611560107,3,0.4
67.73962498900357,-0.32595797819449446,-3.78027628605316,3,0.4
68.21079134143795,-0.3265500690982051,-3.8057970895856896,3,0.4
68.68523491502174,-0.3271538166332978,-3.831483138016501,3,0.4
69.16297850463066,-0.32775017491315445,-3.85732209201017,3,0.4
69.6440450636914,-0.32836547625523244,-3.8833328868970254,3,0.4
70.12845770528428,-0.328980683103265,-3.909503109317746,3,0.4
70.61623970325388,-0.32961565815168525,-3.9358474767527363,3,0.4
71.10741449332713,-0.3302513712046675,-3.9623534079432567,3,0.4
71.60200567423932,-0.3308817604846249,-3.9890172429751494,3,0.4
72.10003700886796,-0.3315461592623402,-4.0158679600753775,3,0.4
72.60153242537443,-0.33219961119382385,-4.042874066897262,3,0.4
73.10651601835362,-0.332868492453134,-4.070055365612909,3,0.4
73.61501204999159,-0.3335467619692324,-4.097408302767191,3,0.4
74.12704495123128,-0.3342348682971116,-4.124934015960704,3,0.4
74.64263932294622,-0.334913805156844,-4.152619118116875,3,0.4
75.16181993712259,-0.3356164629231104,-4.180488861601206,3,0.4
75.68461173804933,-0.3363303332097616,-4.2085347947013645,3,0.4
76.21103984351666,-0.3370429093171518,-4.236748206354821,3,0.4
76.74112954602285,-0.33777412849281674,-4.2651450319084505,3,0.4
77.27490631398935,-0.33851149417797277,-4.293716549466274,3,0.4
77.81239579298456,-0.339261979671904,-4.322468926813744,3,0.4
78.3536238069559,-0.3400195857945482,-4.351398310154284,3,0.4
78.8986163594705,-0.3407848072559666,-4.380505839572986,3,0.4
79.44739963496465,-0.3415711259704519,-4.409802983901553,3,0.4
80.00000000000179,-0.34234659375053356,-4.439265151891756,3,0.4
80.55644400453932,-0.34314417667895913,-4.468919348774454,3,0.4
81.11675838320417,-0.343938425002033,-4.498745914233893,3,0.4
81.68097005657731,-0.3447493367832484,-4.528761743007301,3,0.4
82.24910613248719,-0.3455709481837211,-4.558962820766802,3,0.4
82.8211939073121,-0.34641678096737083,-4.589361133808061,3,0.4
83.39726086729164,-0.3472549050871103,-4.619931072528802,3,0.4
83.97733468984731,-0.3481053461508265,-4.650689916889939,3,0.4
84.56144324491237,-0.34896865515850883,-4.681638938624345,3,0.4
85.14961459627077,-0.34985188519880184,-4.712784954210912,3,0.4
85.74187700290544,-0.3507296133432481,-4.744107106837311,3,0.4
86.33825892035618,-0.3516218951871153,-4.775623186775871,3,0.4
86.93878900208668,-0.35254879930390326,-4.80735146495795,3,0.4
87.54349610086122,-0.35345242384080605,-4.8392424692763365,3,0.4
88.15240927013093,-0.35438533824877555,-4.871342656916251,3,0.4
88.7655577654297,-0.35532213912029276,-4.903630582812873,3,0.4
89.38297104577971,-0.35626992164074606,-4.936113207954965,3,0.4
90.00467877510688,-0.3572357895532823,-4.968797669565568,3,0.4
90.63071082366605,-0.3582138516173699,-5.001679509593981,3,0.4
91.26109726947607,-0.3591917175829349,-5.034748195272348,3,0.4
91.895868399765,-0.3601960168950613,-5.068028698488998,3,0.4
92.53505471242522,-0.3612143728515204,-5.101510602679388,3,0.4
93.17868691747873,-0.3622214004022769,-5.135171069515774,3,0.4
93.82679593855258,-0.3632632670877766,-5.169053655783032,3,0.4
94.47941291436473,-0.36431460083171247,-5.203135599623839,3,0.4
95.13656920022001,-0.36535653104033444,-5.237399658600225,3,0.4
95.79829636951663,-0.366435258684435,-5.271890333501811,3,0.4
96.4646262152632,-0.367512405390406,-5.306571872386526,3,0.4
97.13559075160614,-0.368608161428136,-5.341464302918677,3,0.4
97.81122221536789,-0.3697166935572887,-5.376562773749425,3,0.4
98.49155306759573,-0.3708451926585592,-5.411875077041931,3,0.4
99.17661599512138,-0.3719748138950538,-5.44738342392427,3,0.4
99.86644391213144,-0.3731192694751285,-5.483101956259647,3,0.4
100.56106996174877,-0.37428577133511837,-5.519038659947632,3,0.4
101.26052751762494,-0.3754554860441871,-5.555175400995318,3,0.4
101.96485018554354,-0.3766486638014455,-5.5915332776366045,3,0.4
102.67407180503491,-0.3778399631759253,-5.628087249969908,3,0.4
103.388226451002,-0.3790561654990135,-5.66486531386301,3,0.4
104.10734843535732,-0.3802849691498835,-5.7018556333144215,3,0.4
104.83147230867174,-0.38152710779220766,-5.739059647104036,3,0.4
105.56063286183424,-0.3827833212221936,-5.77647881572067,3,0.4
106.29486512772365,-0.3840478354638873,-5.814107712442437,3,0.4
107.03420438289172,-0.3853474830371926,-5.851975528605006,3,0.4
107.778686149258,-0.3866438999151037,-5.89004219158378,3,0.4
108.52834619581655,-0.3879574099016663,-5.928329980989357,3,0.4
109.28322054035448,-0.3892822594783104,-5.966833367988014,3,0.4
110.04334545118235,-0.39061269717501657,-6.00554665002967,3,0.4
110.80875744887686,-0.3919821276620045,-6.044507172669037,3,0.4
111.57949330803534,-0.3933521877927288,-6.083673510840973,3,0.4
112.35559005904271,-0.3947367178778927,-6.123061496981802,3,0.4
113.13708498985058,-0.3961365146299867,-6.1626726801888925,3,0.4
113.92401564776874,-0.3975589104124447,-6.202516042595629,3,0.4
114.71641984126921,-0.3989981857040601,-6.24258588082082,3,0.4
115.51433564180275,-0.40044209030246136,-6.282868800526363,3,0.4
116.31780138562794,-0.4019045034204486,-6.323381270226189,3,0.4
117.12685567565316,-0.4033993187097929,-6.3641402045591375,3,0.4
117.94153738329126,-0.40488162537549416,-6.40509394332984,3,0.4
118.76188565032712,-0.40639799842203794,-6.446297488047505,3,0.4
119.58793989079828,-0.4079296727503265,-6.487729595240429,3,0.4
120.41973979288862,-0.4094644133825892,-6.529376236032033,3,0.4
121.25732532083512,-0.4110292221831519,-6.57127029113432,3,0.4
122.10073671684803,-0.4126184182801521,-6.613405839666623,3,0.4
122.95001450304433,-0.4142132355206382,-6.655760779420764,3,0.4
123.80519948339456,-0.4158276175271503,-6.698352634868531,3,0.4
124.66633274568338,-0.4174558869581379,-6.741175079705233,3,0.4
125.53345566348355,-0.4191054591860892,-6.784237924201194,3,0.4
126.40660989814381,-0.42076411557315685,-6.827526568670385,3,0.4
127.28583740079048,-0.422452377733048,-6.871067387655145,3,0.4
128.17118041434307,-0.4241318317806255,-6.914812437049566,3,0.4
129.0626814755438,-0.4258623160601721,-6.958838354486339,3,0.4
129.9603834170013,-0.4275857604316871,-7.0030717249281516,3,0.4
130.86432936924862,-0.42934237172464895,-7.047564760722797,3,0.4
131.77456276281538,-0.431106831090848,-7.092285392362434,3,0.4
132.69112733031437,-0.43289970514927995,-7.1372610637754335,3,0.4
133.61406710854286,-0.4347022255257914,-7.182467812107353,3,0.4
134.5434264405981,-0.4365284136881367,-7.227924754743893,3,0.4
135.47924997800817,-0.4383660566408424,-7.27361626874934,3,0.4
136.42158268287693,-0.44023575216174726,-7.319570659282948,3,0.4
137.3704698300445,-0.44211216040877366,-7.365754437342317,3,0.4
138.32595700926237,-0.4439896203294836,-7.412160159662008,3,0.4
139.28809012738384,-0.4459084489470222,-7.458843609513226,3,0.4
140.25691541056963,-0.4478564405794685,-7.505789100902045,3,0.4
141.23247940650882,-0.44980166172850433,-7.552952911814618,3,0.4
142.2148289866553,-0.4517713126524381,-7.600373372078369,3,0.4
143.20401134847972,-0.45375974397395336,-7.6480432758594326,3,0.4
144.200074017737,-0.4557810334182649,-7.695983349840444,3,0.4
145.20306485074994,-0.4578163776547408,-7.744167632506206,3,0.4
146.2130320367083,-0.45984695275861404,-7.79256941492694,3,0.4
147.2300240999843,-0.4619263264573915,-7.841266630362504,3,0.4
148.25408990246365,-0.4640159379367814,-7.890204293783758,3,0.4
149.28527864589356,-0.4661298761167858,-7.939403585405879,3,0.4
150.32363987424628,-0.46824930139125426,-7.988837342556847,3,0.4
151.3692234760998,-0.47040148557137307,-8.038546589103515,3,0.4
152.42207968703445,-0.4725675823920825,-8.088504035269295,3,0.4
153.48225909204683,-0.474748505099716,-8.138711575584564,3,0.4
154.54981262797986,-0.476958359411355,-8.18919125980901,3,0.4
155.6247915859703,-0.4791914694653931,-8.239935346582229,3,0.4
156.70724761391295,-0.48144214948922653,-8.290935855265692,3,0.4
157.79723271894218,-0.483717909664464,-8.342205103690214,3,0.4
158.8947992699305,-0.4859998449073378,-8.393714363421461,3,0.4
160.0000000000048,-0.4883086668573125,-8.445496570625448,3,0.4
161.11288800907985,-0.4906386712924977,-8.497543615866492,3,0.4
162.23351676640956,-0.4930039783658078,-8.549878819743967,3,0.4
163.36194011315587,-0.4953658070463818,-8.60244106171265,3,0.4
164.49821226497562,-0.4977713357189825,-8.655306688603568,3,0.4
165.6423878146254,-0.5001817540768768,-8.708413994683756,3,0.4
166.79452173458452,-0.5026045415356898,-8.761775522161873,3,0.4
167.9546693796959,-0.5050604302824641,-8.815426011039952,3,0.4
169.12288648982604,-0.5075502967918414,-8.869368121970982,3,0.4
170.29922919254284,-0.5100418658278618,-8.9235491341357,3,0.4
171.4837540058122,-0.5125624913799325,-8.978015287381874,3,0.4
172.6765178407137,-0.5151063898065183,-9.032757892582607,3,0.4
173.87757800417467,-0.5176876715390464,-9.087801941337098,3,0.4
175.08699220172375,-0.5202607027136548,-9.143070525837587,3,0.4
176.30481854026317,-0.5228661190858953,-9.198633744730698,3,0.4
177.53111553086072,-0.5254980963307407,-9.254482744899029,3,0.4
178.7659420915608,-0.5281441423269129,-9.310596757308494,3,0.4
180.00935755021513,-0.530824988546633,-9.367012982666402,3,0.4
181.26142164733346,-0.5335214675685442,-9.423698844219592,3,0.4
182.52219453895353,-0.5362276809268196,-9.480644580556547,3,0.4
183.7917367995314,-0.5389776673368343,-9.537911896801715,3,0.4
185.07010942485184,-0.541725558771961,-9.595419652689706,3,0.4
186.35737383495882,-0.5445120497129595,-9.653242070025321,3,0.4
187.65359187710658,-0.5473178737871158,-9.711345500856734,3,0.4
188.95882582873088,-0.550150404588243,-9.769744503539448,3,0.4
190.27313840044144,-0.5529969886370273,-9.82841685990661,3,0.4
191.59659273903472,-0.5558649700530326,-9.887377095537644,3,0.4
192.92925243052787,-0.5587683745186098,-9.946652655157418,3,0.4
194.27118150321374,-0.5616677547051663,-10.006170584125522,3,0.4
195.62244443073726,-0.5646172148975912,-10.066034039834546,3,0.4
196.98310613519297,-0.5675705647062349,-10.12615677699224,3,0.4
198.35323199024427,-0.5705551582748927,-10.186592045350698,3,0.4
199.73288782426437,-0.5735581912946379,-10.247316574158447,3,0.4
201.12213992349908,-0.576593627673109,-10.308358726495253,3,0.4
202.5210550352514,-0.5796553219184231,-10.369708084059333,3,0.4
203.9297003710886,-0.5827169633571945,-10.431314095479415,3,0.4
205.3481436100714,-0.5858193094197757,-10.49325830813235,3,0.4
206.77645290200556,-0.5889360042865498,-10.555490010344013,3,0.4
208.21469687071618,-0.5920742234287703,-10.618024724233194,3,0.4
209.66294461734503,-0.5952344113088169,-10.680864715544553,3,0.4
211.12126572367004,-0.5984304530066282,-10.744039707675617,3,0.4
212.5897302554489,-0.6016425717950596,-10.807511079535377,3,0.4
214.06840876578502,-0.6048711366384714,-10.871280825858342,3,0.4
215.5573722985176,-0.6081367233687779,-10.935392971033597,3,0.4
217.05669239163473,-0.6114127043714832,-10.999793936436621,3,0.4
218.5664410807106,-0.614712870538739,-11.064513822626079,3,0.4
220.08669090236637,-0.6180375112737266,-11.129554892677172,3,0.4
221.6175148977554,-0.6213868917505097,-11.194919401122268,3,0.4
223.15898661607235,-0.6247680176746746,-11.260624089974328,3,0.4
224.71118011808713,-0.6281540384544166,-11.32661309730887,3,0.4
226.27416997970286,-0.6315721998231498,-11.392946530768322,3,0.4
227.8480312955392,-0.6350158993737673,-11.45961208704917,3,0.4
229.43283968254013,-0.6384784889441715,-11.526597041276247,3,0.4
231.02867128360725,-0.641966851665725,-11.593918239996706,3,0.4
232.63560277125762,-0.6454742741032028,-11.661562702773338,3,0.4
234.25371135130806,-0.6490075925955036,-11.729547420892954,3,0.4
235.88307476658426,-0.6525600261003148,-11.797859144485434,3,0.4
237.523771300656,-0.6561519814622606,-11.866545829384588,3,0.4
239.17587978159838,-0.6597561950258204,-11.935548013335739,3,0.4
240.83947958577906,-0.6633793887482744,-12.004882636186744,3,0.4
242.51465064167206,-0.6670351001856321,-12.07458274208972,3,0.4
244.2014734336979,-0.6707027236561172,-12.144602988159022,3,0.4
245.9000290060905,-0.6744025753046601,-12.214992368233716,3,0.4
247.61039896679097,-0.6781276366010291,-12.285736896746704,3,0.4
249.33266549136863,-0.6818776818902762,-12.356838261571927,3,0.4
251.06691132696898,-0.6856455983061933,-12.42828181694957,3,0.4
252.81321979628953,-0.6894310755552603,-12.50006879382945,3,0.4
254.5716748015829,-0.6932612327005871,-12.572266323373476,3,0.4
256.3423608286881,-0.6970945305288877,-12.644777196875982,3,0.4
258.12536295108947,-0.7009511523485688,-12.717651901305338,3,0.4
259.9207668340045,-0.7048444353874355,-12.790925355470442,3,0.4
261.72865873849923,-0.7087532772349857,-12.864548586073377,3,0.4
263.54912552563275,-0.7126909499419855,-12.93855645613984,3,0.4
265.38225466063074,-0.7166569329000663,-13.012950306636368,3,0.4
267.2281342170877,-0.7206368477151659,-13.087696811157002,3,0.4
269.08685288119824,-0.7246438948828262,-13.162831231965486,3,0.4
270.95849995601833,-0.7286705185364479,-13.23833709564938,3,0.4
272.8431653657559,-0.7327298912450557,-13.314250267406104,3,0.4
274.74093966009104,-0.73680745031543,-13.390536420029715,3,0.4
276.6519140185268,-0.7409093746321371,-13.467213790555576,3,0.4
278.5761802547697,-0.7450418330092028,-13.544300971809117,3,0.4
280.51383082114137,-0.7491970647036056,-13.62178068569253,3,0.4
282.4649588130198,-0.7533742081859973,-13.699653283151259,3,0.4
284.42965797331277,-0.7575723625336922,-13.777918983653787,3,0.4
286.40802269696155,-0.7618045528250228,-13.856614828884169,3,0.4
288.40014803547615,-0.7660558640543452,-13.935704295267744,3,0.4
290.4061297015021,-0.7703462717756209,-14.015243361457472,3,0.4
292.42606407341884,-0.774646761520807,-14.095157399391411,3,0.4
294.4600481999708,-0.7789772528592753,-14.175502462972732,3,0.4
296.50817980492957,-0.7833226081810096,-14.256240449531434,3,0.4
298.5705572917893,-0.7876957084484325,-14.337408997190277,3,0.4
300.64727974849484,-0.7921165010141963,-14.41906594563841,3,0.4
302.73844695220185,-0.7965486095183134,-14.501114653451312,3,0.4
304.84415937407124,-0.8009907306786,-14.583553803777843,3,0.4
306.964518184096,-0.8054768491422399,-14.66648059054314,3,0.4
309.09962525596205,-0.8099986376795009,-14.749875407211094,3,0.4
311.24958317194296,-0.8145264425373955,-14.83365796118982,3,0.4
313.4144952278283,-0.8190800758413018,-14.91788659120293,3,0.4
315.59446543788675,-0.8236581120843687,-15.002560234417558,3,0.4
317.7895985398634,-0.8282875340034933,-15.087759211556788,3,0.4
320.000000000012,-0.8329242216667889,-15.173360510926749,3,0.4
322.22577601816215,-0.8375879670260429,-15.259423671335329,3,0.4
324.4670335328215,-0.8422914977152094,-15.345988838286981,3,0.4
326.7238802263142,-0.8470046746259883,-15.432971455239798,3,0.4
328.99642452995374,-0.8517544501858654,-15.52045311911729,3,0.4
331.2847756292533,-0.8565392138216852,-15.608432581962733,3,0.4
333.5890434691715,-0.8613357710983045,-15.696844370816047,3,0.4
335.90933875939425,-0.8661711125527933,-15.785771487159717,3,0.4
338.2457729796546,-0.8710291397081181,-15.875169227980594,3,0.4
340.5984583850881,-0.8759224882614126,-15.965078581104239,3,0.4
342.96750801162693,-0.8808349427791788,-16.055453848916716,3,0.4
345.3530356814299,-0.8857935816803064,-16.146380197634564,3,0.4
347.75515600835195,-0.8907676441583634,-16.237767410628575,3,0.4
350.1739844034501,-0.8957769672487458,-16.329679006586957,3,0.4
352.60963708052907,-0.9008196773970703,-16.422112593497058,3,0.4
355.0622310617241,-0.9058938667222023,-16.515065548728835,3,0.4
357.53188418312425,-0.9109684145702918,-16.60844402847549,3,0.4
360.0187151004329,-0.9161142675183123,-16.702472120655315,3,0.4
362.52284329466966,-0.9212710825456739,-16.796964805574785,3,0.4
365.0443890779098,-0.92645873746524,-16.89198718573531,3,0.4
367.58347359906554,-0.9316751938792507,-16.987535882562664,3,0.4
370.14021884970646,-0.9369330951218257,-17.08365422541103,3,0.4
372.7147476699204,-0.9422230470304348,-17.180315610956594,3,0.4
375.30718375421594,-0.9475355736903822,-17.277492603847037,3,0.4
377.9176516574646,-0.9528907006354049,-17.375252607836938,3,0.4
380.5462768008857,-0.9582641263957831,-17.473520153782268,3,0.4
383.1931854780723,-0.9636758980677393,-17.572363047102336,3,0.4
385.85850486105863,-0.969123887137757,-17.67177753778442,3,0.4
388.5423630064304,-0.9746208405875263,-17.771808674908847,3,0.4
391.2448888614774,-0.9801422663337607,-17.872379111073396,3,0.4
393.96621227038884,-0.985693394671378,-17.973508733473558,3,0.4
396.7064639804915,-0.9912869815918453,-18.075242770091197,3,0.4
399.4657756485318,-0.9969058402456865,-18.177526900417867,3,0.4
402.24427984700117,-1.0025777847836213,-18.280457049989817,3,0.4
405.04211007050577,-1.0082629963297496,-18.38390239784741,3,0.4
407.85940074218024,-1.0139968729715407,-18.487984751317043,3,0.4
410.69628722014585,-1.0197848191279466,-18.59272577290492,3,0.4
413.55290580401413,-1.0255867704599235,-18.697992057873403,3,0.4
416.42939374143555,-1.0314307402543752,-18.803881429322804,3,0.4
419.3258892346932,-1.0373145070125613,-18.910389087236624,3,0.4
422.24253144734325,-1.0432510997746833,-19.017562763201404,3,0.4
425.179460510901,-1.0492230613416946,-19.125345059327106,3,0.4
428.13681753157323,-1.0552281210395706,-19.233730479173783,3,0.4
431.11474459703845,-1.0612793605123856,-19.34276701596337,3,0.4
434.11338478327275,-1.0673745806621526,-19.452449673478036,3,0.4
437.13288216142445,-1.073503851197006,-19.562746051186807,3,0.4
440.173381804736,-1.0796726319351277,-19.673677567992215,3,0.4
443.23502979551404,-1.0859019493388857,-19.78532107712257,3,0.4
446.31797323214806,-1.092150857876986,-19.89753382477862,3,0.4
449.4223602361776,-1.0984559443531012,-20.01044789315093,3,0.4
452.5483399594091,-1.1048151078327462,-20.12405844432282,3,0.4
455.6960625910818,-1.111202758546432,-20.238275966888576,3,0.4
458.8656793650838,-1.1176480004590015,-20.353207025409752,3,0.4
462.0573425672179,-1.1241330405587082,-20.468789698302164,3,0.4
465.2712055425187,-1.1306635832555558,-20.58504650226687,3,0.4
468.5074227026196,-1.1372454062943405,-20.702000420147233,3,0.4
471.76614953317204,-1.1438843635712101,-20.819674907976466,3,0.4
475.04754260131557,-1.150554607897309,-20.937977310057818,3,0.4
478.3517595632003,-1.1572937709795923,-21.0570473090003,3,0.4
481.6789591715617,-1.1640760052072598,-21.176791891582145,3,0.4
485.02930128334776,-1.170899237291574,-21.297204815049785,3,0.4
488.40294686739946,-1.1777854783732258,-21.418369115203916,3,0.4
491.8000580121847,-1.1847247988831788,-21.54024973807477,3,0.4
495.2207979335857,-1.1916991169855256,-21.66278064535609,3,0.4
498.665330982741,-1.1987468314579766,-21.78610654556515,3,0.4
502.1338226539417,-1.2058418642580917,-21.91013144520326,3,0.4
505.62643959258287,-1.212998566452321,-22.03491047697173,3,0.4
509.14334960316967,-1.2202069951683538,-22.160407497267617,3,0.4
512.68472165738,-1.2274816748911848,-22.286678545038527,3,0.4
516.2507259021829,-1.2348044976484205,-22.413656208116702,3,0.4
519.841533668013,-1.2421736391857077,-22.541334264850207,3,0.4
523.4573174770023,-1.2496037916992908,-22.669769389207534,3,0.4
527.0982510512695,-1.2571098489369115,-22.799019501133504,3,0.4
530.7645093212655,-1.264673702984436,-22.92901636619311,3,0.4
534.4562684341794,-1.2723103729884444,-23.05981836719771,3,0.4
538.1737057624005,-1.2799849801252123,-23.191291986400316,3,0.4
541.9169999120409,-1.287737652449891,-23.323592158012662,3,0.4
545.6863307315159,-1.2955418187417571,-23.456616851703792,3,0.4
549.4818793201863,-1.3034296155900482,-23.59049085281325,3,0.4
553.3038280370578,-1.3113744315501776,-23.72511144386285,3,0.4
557.1523605095437,-1.3193663223205871,-23.860439872442548,3,0.4
561.027661642287,-1.3274548046451984,-23.99666919574985,3,0.4
564.9299176260438,-1.3355876476499358,-24.133595768911942,3,0.4
568.8593159466297,-1.343806168675569,-24.27138100950325,3,0.4
572.8160453939274,-1.3520921295781565,-24.409953530848696,3,0.4
576.8002960709567,-1.3604615620460452,-24.549376165246123,3,0.4
580.8122594030085,-1.36887023082893,-24.689474479287497,3,0.4
584.8521281468421,-1.377368764627172,-24.830447374732906,3,0.4
588.920096399946,-1.3859649890495993,-24.972325696868083,3,0.4
593.0163596098636,-1.3945970249752935,-25.11486414150634,3,0.4
597.1411145835832,-1.403333609914717,-25.258334137440578,3,0.4
601.2945594969942,-1.4121213855993295,-25.40252337526926,3,0.4
605.4768939044083,-1.4210297908764002,-25.547707007807436,3,0.4
609.688318748147,-1.4299787962139179,-25.69356579645703,3,0.4
613.9290363681965,-1.4390205256616506,-25.840306173499574,3,0.4
618.1992505119288,-1.4481454811829089,-25.987889274295075,3,0.4
622.4991663438906,-1.457353015366361,-26.136311341375,3,0.4
626.8289904556613,-1.4666335360347793,-26.285532646749527,3,0.4
631.1889308757782,-1.4759953683561204,-26.435585059323117,3,0.4
635.5791970797316,-1.4854650748199867,-26.586573748662307,3,0.4
640.0000000000289,-1.4950061351755282,-26.738350589103607,3,0.4
644.4515520363291,-1.5046270648204976,-26.890947987197503,3,0.4
648.9340670656479,-1.5143456803363031,-27.044435857474415,3,0.4
653.4477604526332,-1.5241525826484188,-27.198774534551987,3,0.4
657.9928490599125,-1.53403827253909,-27.353923702532747,3,0.4
662.5695512585116,-1.5440301093467987,-27.5099916715546,3,0.4
667.178086938348,-1.554118799913412,-27.66693884998337,3,0.4
671.8186775187937,-1.5642856391790452,-27.824687358738842,3,0.4
676.4915459593144,-1.5745677488884267,-27.983384921153306,3,0.4
681.1969167701814,-1.5849371857786856,-28.1429160799289,3,0.4
685.935016023259,-1.595384449360311,-28.303239727139076,3,0.4
690.7060713628651,-1.6059471969368546,-28.464505691237555,3,0.4
695.5103120167091,-1.6165972731900593,-28.626597158851407,3,0.4
700.3479688069056,-1.6273728121246058,-28.789665851051208,3,0.4
705.2192741610634,-1.6382264962650712,-28.953516962105557,3,0.4
710.1244621234536,-1.6492063246752604,-29.118342083213353,3,0.4
715.0637683662537,-1.6602743229416062,-29.283984013501403,3,0.4
720.0374302008713,-1.6714403421797532,-29.450479431799412,3,0.4
725.0456865893448,-1.682724143064275,-29.617905152844877,3,0.4
730.0887781558251,-1.6940970485685223,-29.786141345846595,3,0.4
735.1669471981365,-1.7056083281202514,-29.955384358589576,3,0.4
740.2804376994185,-1.7172097114211013,-30.125434660331013,3,0.4
745.4294953398465,-1.7289311903622073,-30.296410160683976,3,0.4
750.6143675084376,-1.7407536881235772,-30.468229612780785,3,0.4
755.8353033149348,-1.7526976800474723,-30.6409720801205,3,0.4
761.0925536017771,-1.7647640086575773,-30.81463687192275,3,0.4
766.3863709561504,-1.7769435157652915,-30.989182685956738,3,0.4
771.717009722123,-1.7892168315807533,-31.164526860675263,3,0.4
777.0847260128666,-1.8016351797761208,-31.340872403876226,3,0.4
782.4897777229608,-1.8141693132697019,-31.51809641508542,3,0.4
787.9324245407837,-1.826830367834771,-31.696239341502842,3,0.4
793.412927960989,-1.8396091788922746,-31.87525946284642,3,0.4
798.9315512970695,-1.8525067496657386,-32.05515609837966,3,0.4
804.4885596940084,-1.8655241234820783,-32.235928636999716,3,0.4
810.0842201410177,-1.8786727744866019,-32.417618371898705,3,0.4
815.7188014843666,-1.8919435257161885,-32.60018327526723,3,0.4
821.392574440298,-1.9053375418228482,-32.783622939886016,3,0.4
827.1058116080346,-1.9188770819600438,-32.968021524462884,3,0.4
832.8587874828772,-1.9325530947455678,-33.153337184509425,3,0.4
838.6517784693928,-1.946356386750868,-33.339527590628435,3,0.4
844.4850628946929,-1.9602776187717148,-33.5265499428807,3,0.4
850.3589210218082,-1.974350159613694,-33.714532100861334,3,0.4
856.2736350631529,-1.98853265351326,-33.90330318848941,3,0.4
862.2294891940834,-2.0028695010010518,-34.09303461665816,3,0.4
868.226769566552,-2.0173624784792814,-34.28372724207601,3,0.4
874.2657643228554,-2.031958869199595,-34.47516554682429,3,0.4
880.3467636094787,-2.046725539401511,-34.66760906426718,3,0.4
886.4700595910348,-2.0616205157171983,-34.86088505063823,3,0.4
892.635946464303,-2.0766674084349286,-35.05508074713215,3,0.4
898.844720472362,-2.0918680543661687,-35.25019686983953,3,0.4
905.096679918825,-2.1071908609395296,-35.44610256043544,3,0.4
911.3921251821704,-2.1226821200507207,-35.642973531832176,3,0.4
917.7313587301744,-2.138321424316689,-35.840722767959555,3,0.4
924.1146851344428,-2.1540993067766374,-36.03930660902486,3,0.4
930.5424110850445,-2.1700288567117267,-36.23876962246722,3,0.4
937.0148454052463,-2.186111994013777,-36.43911242969268,3,0.4
943.5322990663512,-2.20235067688392,-36.64033568541883,3,0.4
950.0950852026382,-2.2187353805503958,-36.84239546656292,3,0.4
956.7035191264079,-2.2352911281625394,-37.0453816045646,3,0.4
963.3579183431307,-2.2519968954926073,-37.2492055271328,3,0.4
970.0586025667028,-2.2688896772837155,-37.45400238507403,3,0.4
976.8058937348063,-2.285901525073066,-37.65950361751831,3,0.4
983.6001160243768,-2.303104716899465,-37.865979356920946,3,0.4
990.4415958671789,-2.320442567884089,-38.07320517389901,3,0.4
997.3306619654895,-2.337952542948767,-38.28131683571447,3,0.4
1004.267645307891,-2.3556369329533506,-38.49031517371395,3,0.4
1011.2528791851732,-2.3734860509259477,-38.7001556289428,3,0.4
1018.2866992063468,-2.391502090879685,-38.91083880201781,3,0.4
1025.3694433147675,-2.4096751533826524,-39.12231976620203,3,0.4
1032.5014518043733,-2.4280438821820396,-39.334735726262295,3,0.4
1039.6830673360337,-2.446549706563399,-39.54785935574103,3,0.4
1046.9146349540124,-2.46523133499493,-39.76182786604988,3,0.4
1054.1965021025467,-2.484128199420707,-39.976779227504004,3,0.4
1061.5290186425389,-2.503168721467083,-40.19243946366553,3,0.4
1068.9125368683667,-2.522392224020874,-40.40894632933409,3,0.4
1076.347411524809,-2.541776096742998,-40.626208465606254,3,0.4
1083.8339998240897,-2.561360250147512,-40.84436409456406,3,0.4
1091.37266146304,-2.5811220763940335,-41.063321761618816,3,0.4
1098.9637586403808,-2.6010639458965015,-41.283081791999074,3,0.4
1106.607656074124,-2.6211627145398237,-41.5035522392032,3,0.4
1114.3047210190957,-2.6414974412684873,-41.725010117023665,3,0.4
1122.0553232845823,-2.661955273932875,-41.9470403490354,3,0.4
1129.859835252096,-2.682628460759855,-42.169966222563666,3,0.4
1137.7186318932681,-2.7034808345249592,-42.39364934185107,3,0.4
1145.6320907878635,-2.7245409020752764,-42.61818229573079,3,0.4
1153.600592141922,-2.7457720006241892,-42.843426359606994,3,0.4
1161.6245188060257,-2.7671895510065445,-43.06942775407964,3,0.4
1169.704256293693,-2.78880924572284,-43.296232726849674,3,0.4
1177.840192799901,-2.810593755527351,-43.52370222615862,3,0.4
1186.032719219736,-2.8325987308425864,-43.75202135796025,3,0.4
1194.2822291671753,-2.854800152268866,-43.981097268351384,3,0.4
1202.5891189939975,-2.877187034518687,-44.21088334556764,3,0.4
1210.9537878088256,-2.899761737668616,-44.44137925723958,3,0.4
1219.3766374963034,-2.9225266429180015,-44.67258462407184,3,0.4
1227.8580727364024,-2.9454978546773374,-44.904545312295085,3,0.4
1236.3985010238666,-2.9686917529689447,-45.1373070640542,3,0.4
1244.9983326877905,-2.992069673916861,-45.370730421023076,3,0.4
1253.657980911332,-3.015619994087086,-45.604768579139545,3,0.4
1262.377861751566,-3.039414603262705,-45.83965203333351,3,0.4
1271.1583941594727,-3.06338646535665,-46.07514887533555,3,0.4
1280.0000000000673,-3.0875658876268024,-46.31135073046906,3,0.4
1288.9031040726677,-3.111955406273947,-46.54825667428558,3,0.4
1297.8681341313059,-3.1365291391854146,-46.78577359204386,3,0.4
1306.8955209052763,-3.161346397679339,-47.024084684955035,3,0.4
1315.9856981198345,-3.18633841817592,-47.26295870943131,3,0.4
1325.1391025170333,-3.211564869023127,-47.50257845376874,3,0.4
1334.3561738767062,-3.2369706470736137,-47.74275903374798,3,0.4
1343.6373550375972,-3.262615972542184,-47.983682622662364,3,0.4
1352.9830919186386,-3.288445246060375,-48.225164648195616,3,0.4
1362.393833540373,-3.3145192396983236,-48.46738658659614,3,0.4
1371.8700320465282,-3.3407376275796965,-48.71002757437738,3,0.4
1381.4121427257405,-3.3672351804252836,-48.953496388836406,3,0.4
1391.0206240334287,-3.3939110683894134,-49.197472603513546,3,0.4
1400.6959376138216,-3.420826967458892,-49.442136335309605,3,0.4
1410.4385483221372,-3.4479555825023835,-49.68739495845193,3,0.4
1420.2489242469178,-3.4752841717880925,-49.93320159510305,3,0.4
1430.1275367325184,-3.502845155353164,-50.17964468188875,3,0.4
1440.0748604017533,-3.5305802592618516,-50.42654237550481,3,0.4
1450.0913731787002,-3.558582875591698,-50.67416229508112,3,0.4
1460.177556311661,-3.586779275667255,-50.92227794137852,3,0.4
1470.3338943962842,-3.61520224359409,-51.17097684529048,3,0.4
1480.560875398848,-3.643807745767905,-51.420123382256946,3,0.4
1490.8589906797042,-3.6727218713017793,-51.6700705628537,3,0.4
1501.2287350168863,-3.701745156969962,-51.9202397815821,3,0.4
1511.670606629881,-3.731097791601484,-52.1712478771254,3,0.4
1522.1851072035656,-3.7605787955025782,-52.42251912431036,3,0.4
1532.772741912312,-3.7903156063315113,-52.674403479292124,3,0.4
1543.4340194442575,-3.820310833895699,-52.926897482913745,3,0.4
1554.1694520257447,-3.850487413771506,-53.17978040311695,3,0.4
1564.9795554459333,-3.8808949735323814,-53.43318065028655,3,0.4
1575.8648490815792,-3.911519666812737,-53.687052236476596,3,0.4
1586.8258559219898,-3.942411919791544,-53.94152144647269,3,0.4
1597.863102594151,-3.9734771559808553,-54.196327607977686,3,0.4
1608.9771193880288,-4.004798137812876,-54.451682480385074,3,0.4
1620.1684402820476,-4.036328296738013,-54.70745501689207,3,0.4
1631.4376029687455,-4.068053069718062,-54.963600678592194,3,0.4
1642.7851488806082,-4.100072866996147,-55.220369699503124,3,0.4
1654.2116232160815,-4.132258285206232,-55.4774221456507,3,0.4
1665.7175749657672,-4.164710126369479,-55.73500688969871,3,0.4
1677.303556938798,-4.197397495271472,-55.993036611615004,3,0.4
1688.9701257893985,-4.230288974465239,-56.25142551446863,3,0.4
1700.7178420436294,-4.26341977496036,-56.5102533317444,3,0.4
1712.5472701263188,-4.296741365792046,-56.769394181585014,3,0.4
1724.4589783881795,-4.330322852003575,-57.02900850722537,3,0.4
1736.453539133117,-4.364115504885139,-57.288970910114784,3,0.4
1748.531528645724,-4.398155043065898,-57.54935901185943,3,0.4
1760.6935272189705,-4.432409262518329,-57.810089126206485,3,0.4
1772.940119182083,-4.466896959784992,-58.07119816164966,3,0.4
1785.2718929286193,-4.501602713133076,-58.332643280575304,3,0.4
1797.6894409447373,-4.53654543917529,-58.594460739614895,3,0.4
1810.1933598376636,-4.571761662383197,-58.85672453297952,3,0.4
1822.7842503643546,-4.607149021181696,-59.11919787043182,3,0.4
1835.4627174603627,-4.6427610151390395,-59.38199495845208,3,0.4
1848.2293702688994,-4.678651887983803,-59.64522676847856,3,0.4
1861.0848221701028,-4.714735750922535,-59.908698784738796,3,0.4
1874.0296908105065,-4.751049166322117,-60.17248430955805,3,0.4
1887.0645981327166,-4.787593721465658,-60.43657994726757,3,0.4
1900.190170405291,-4.824370997902453,-60.70098222083224,3,0.4
1913.4070382528298,-4.861400423251518,-60.96572419190578,3,0.4
1926.715836686276,-4.89863001006643,-61.230692353610124,3,0.4
1940.1172051334202,-4.936096904993283,-61.49595681873446,3,0.4
1953.611787469627,-4.97382069562591,-61.76154950418898,3,0.4
1967.2002320487684,-5.011694564517063,-62.0272531500887,3,0.4
1980.8831917343723,-5.049864365006124,-62.29334922770356,3,0.4
1994.661323930994,-5.0882411211112535,-62.55965698757922,3,0.4
2008.535290615797,-5.126880807297592,-62.826277582432446,3,0.4
2022.5057583703617,-5.16569349914603,-63.09303521065946,3,0.4
2036.573398412709,-5.204771920977899,-63.36009850507675,3,0.4
2050.7388866295505,-5.244062435510029,-63.62736174484023,3,0.4
2065.0029036087626,-5.283584691066725,-63.89485563617613,3,0.4
2079.366134672083,-5.323321455650857,-64.16254392366685,3,0.4
2093.8292699080407,-5.363329687683401,-64.43052136855039,3,0.4
2108.3930042051093,-5.403499059637653,-64.69858982787713,3,0.4
2123.0580372850936,-5.443942496717251,-64.96694015954856,3,0.4
2137.82507373675,-5.484605305772509,-65.23547241995763,3,0.4
2152.6948230496346,-5.5254886028300865,-65.50418388763896,3,0.4
2167.6679996481957,-5.566631249726167,-65.77313302996939,3,0.4
2182.7453229260964,-5.607977879899839,-66.04222406026246,3,0.4
2197.927517280778,-5.64952943007037,-66.31145522417572,3,0.4
2213.2153121482643,-5.69134393186944,-66.58091320081749,3,0.4
2228.6094420382083,-5.733346438626311,-66.85047631774682,3,0.4
2244.1106465691814,-5.775575987933871,-67.12020130103771,3,0.4
2259.7196705042093,-5.818052833216139,-67.39011341220863,3,0.4
2275.4372637865536,-5.860778184107952,-67.66020835318301,3,0.4
2291.2641815757443,-5.903656816666096,-67.93034414425779,3,0.4
2307.2011842838615,-5.946805187020794,-68.20068510942548,3,0.4
2323.2490376120686,-5.990166479461028,-68.47114543413228,3,0.4
2339.4085125874035,-6.033741579016304,-68.74172304123525,3,0.4
2355.6803855998196,-6.077570318174618,-69.01246758843361,3,0.4
2372.0654384394898,-6.121634327823543,-69.28334896029436,3,0.4
2388.5644583343683,-6.165895474067499,-69.55431361752306,3,0.4
2405.178237988013,-6.210354479131231,-69.82536060631782,3,0.4
2421.9075756176694,-6.255071040029259,-70.09656151570174,3,0.4
2438.753274992625,-6.299967459536101,-70.36781646518752,3,0.4
2455.716145472823,-6.345123304448905,-70.63921900381976,3,0.4
2472.797002047752,-6.390480301619067,-70.91069552472104,3,0.4
2489.9966653755996,-6.436078817395328,-71.18228982364631,3,0.4
2507.3159618226828,-6.481860178798703,-71.45393218615325,3,0.4
2524.755723503151,-6.5278847012328844,-71.72568744970877,3,0.4
2542.3167883189644,-6.574153319962681,-71.99755177295546,3,0.4
2560.0000000001537,-6.620586975569464,-72.2694387624575,3,0.4
2577.806208145355,-6.667246216746946,-72.5414104773686,3,0.4
2595.736268262631,-6.714171987456093,-72.81350374142393,3,0.4
2613.7910418105726,-6.761284855691027,-73.08563619892078,3,0.4
2631.971396239689,-6.808645823764118,-73.35786429177382,3,0.4
2650.2782050340866,-6.856134658345323,-73.63007414485207,3,0.4
2668.7123477534324,-6.903913363611709,-73.90241270236197,3,0.4
2687.274710075215,-6.951901995021795,-74.17480356409915,3,0.4
2705.9661838372976,-7.000101203405763,-74.44724537583166,3,0.4
2724.7876670807664,-7.048491309413883,-74.71972038443113,3,0.4
2743.740064093077,-7.0971339375857445,-74.99227632390554,3,0.4
2762.824285451502,-7.145968748076173,-75.26486264148298,3,0.4
2782.0412480668783,-7.195016704834916,-75.53749427031373,3,0.4
2801.391875227664,-7.2442784414430275,-75.8101697422239,3,0.4
2820.8770966442953,-7.293734100861149,-76.08287364630462,3,0.4
2840.4978484938565,-7.343445770491242,-76.35564621911767,3,0.4
2860.2550734650586,-7.393352611892108,-76.6284441625668,3,0.4
2880.1497208035285,-7.443455156257748,-76.90126741354496,3,0.4
2900.1827463574223,-7.493774537729905,-77.17412780107513,3,0.4
2920.355112623344,-7.544311369680115,-77.44702370829184,3,0.4
2940.6677887925907,-7.595066261564481,-77.71995349026196,3,0.4
2961.121750797718,-7.646019137258371,-77.99290510500137,3,0.4
2981.717981359431,-7.69721193655368,-78.26589810336023,3,0.4
3002.4574700337953,-7.748583139566053,-78.53890120386731,3,0.4
3023.3412132597846,-7.800133198943364,-78.81191576928023,3,0.4
3044.3702144071544,-7.851966456204655,-79.0849846049496,3,0.4
3065.545483824648,-7.903917312571118,-79.35803907048023,3,0.4
3086.868038888538,-7.95613177270533,-79.63113588445657,3,0.4
3108.338904051513,-8.008548027788278,-79.90424989541745,3,0.4
3129.9591108918903,-8.061208319882741,-80.17739315434265,3,0.4
3151.7296981631816,-8.11400888937995,-80.45053391417026,3,0.4
3173.651711844004,-8.167054576241886,-80.72370217663494,3,0.4
3195.726205188326,-8.220304180081184,-80.99688520757145,3,0.4
3217.954238776082,-8.273737289503435,-81.27007856761949,3,0.4
3240.3368805641194,-8.327417218010588,-81.54329393397647,3,0.4
3262.8752059375156,-8.381302653751174,-81.81652169820303,3,0.4
3285.570297761241,-8.435331184829597,-82.08975413860814,3,0.4
3308.4232464321876,-8.489608156418543,-82.36300497314163,3,0.4
3331.435149931559,-8.544071160814003,-82.63626643202463,3,0.4
3354.607113877621,-8.598762710576368,-82.90954113294431,3,0.4
3377.9402515788224,-8.653641308595603,-83.18282638364441,3,0.4
3401.4356840872842,-8.70877055075034,-83.45612222284136,3,0.4
3425.094540252663,-8.76404578607913,-83.72942906838803,3,0.4
3448.9179567763854,-8.819551668813101,-84.00274547016372,3,0.4
3472.9070782662598,-8.875246619686216,-84.27607300945772,3,0.4
3497.0630572914743,-8.931152205676758,-84.54941004719188,3,0.4
3521.387054437968,-8.987268947383516,-84.82275578602925,3,0.4
3545.880238364193,-9.04357628307729,-85.09611304512592,3,0.4
3570.543785857265,-9.10005363112228,-85.36948683920919,3,0.4
3595.378881889502,-9.15680694051995,-85.64285576162077,3,0.4
3620.3867196753545,-9.2136680158299,-85.91625647829163,3,0.4
3645.5685007287366,-9.270827201617145,-86.18964338568937,3,0.4
3670.9254349207527,-9.32813736160768,-86.46305390119285,3,0.4
3696.458740537827,-9.385683398668721,-86.73646395224056,3,0.4
3722.1696443402334,-9.443381443207542,-87.00990106193694,3,0.4
3748.0593816210417,-9.501295313848866,-87.28334472328679,3,0.4
3774.129196265462,-9.55942553570105,-87.55679374609281,3,0.4
3800.3803408106105,-9.617730446631981,-87.83026544094697,3,0.4
3826.8140765056887,-9.676252767949192,-88.10374224201259,3,0.4
3853.43167337258,-9.73497193968477,-88.37723322804257,3,0.4
3880.2344102668694,-9.793930661126279,-88.65071678239738,3,0.4
3907.223574939284,-9.853066215586091,-88.92422439690472,3,0.4
3934.400464097566,-9.91235809517326,-89.1977701068367,3,0.4
3961.7663834687746,-9.971891131187638,-89.4713068098844,3,0.4
3989.322647862018,-10.031623722751256,-89.74485771374883,3,0.4
4017.070581231624,-10.091556420585777,-90.01842289998625,3,0.4
4045.011516740754,-10.151668745132712,-90.29201677300087,3,0.4
4073.1467968254487,-10.212024350785702,-90.56559618563124,3,0.4
4101.477773259132,-10.272560697083664,-90.83920418476315,3,0.4
4130.005807217556,-10.333320375154369,-91.11281018609273,3,0.4
4158.732269344197,-10.394198984612977,-91.38649552418454,3,0.4
4187.658539816113,-10.455365020903303,-91.66012906308308,3,0.4
4216.78600841025,-10.516693145092976,-91.93381036939185,3,0.4
4246.116074570219,-10.578246836747462,-92.20748744354228,3,0.4
4275.650147473531,-10.639984771958574,-92.48119598817074,3,0.4
4305.389646099301,-10.701907574208189,-92.7549372181595,3,0.4
4335.335999296423,-10.764036760597948,-93.0286922394921,3,0.4
4365.4906458522255,-10.82639377796192,-93.30243983143059,3,0.4
4395.8550345615895,-10.88895829765278,-93.57619879932342,3,0.4
4426.430624296562,-10.951668415157998,-93.85003361940268,3,0.4
4457.21888407645,-11.014649738842838,-94.12381474846256,3,0.4
4488.2212931383965,-11.077777952724514,-94.3976734313239,3,0.4
4519.439341008452,-11.141095365963068,-94.67156693523536,3,0.4
4550.874527573141,-11.204664846389834,-94.94542396791665,3,0.4
4582.528363151522,-11.268424700512627,-95.21931372568048,3,0.4
4614.402368567757,-11.33239627552991,-95.49321162934676,3,0.4
4646.498075224173,-11.39651818164767,-95.76719345116047,3,0.4
4678.817025174842,-11.460915040191766,-96.04110557544915,3,0.4
4711.360771199674,-11.525463570793502,-96.31510229238785,3,0.4
4744.130876879015,-11.590185193480185,-96.58915982372605,3,0.4
4777.128916668773,-11.655162855679858,-96.86316841479336,3,0.4
4810.356475976061,-11.720376454041117,-97.13715158295956,3,0.4
4843.815151235375,-11.785744553761532,-97.41122196837529,3,0.4
4877.506549985286,-11.851329379011656,-97.68529414700375,3,0.4
4911.432290945683,-11.91711110260465,-97.9593963740059,3,0.4
4945.594004095541,-11.983090413705126,-98.23352837776315,3,0.4
4979.9933307512365,-12.049329047562821,-98.50759624680855,3,0.4
5014.631923645403,-12.115705504518186,-98.78178500790088,3,0.4
5049.511447006339,-12.182301904330256,-99.05596993969428,3,0.4
5084.633576637967,-12.249139072087464,-99.3301159826626,3,0.4
5120.000000000346,-12.316136674440907,-99.6043525966396,3,0.4
5155.612416290749,-12.383396447088108,-99.87851277253142,3,0.4
5191.4725365253,-12.450818122347505,-100.15276291808733,3,0.4
5227.582083621183,-12.518422717848967,-100.42707030920022,3,0.4
5263.942792479418,-12.586311259007486,-100.701258018942,3,0.4
5300.556410068212,-12.654363952025026,-100.97553463412547,3,0.4
5337.424695506905,-12.722621657489508,-101.24982898309491,3,0.4
5374.54942015047,-12.791085072296012,-101.52413971512846,3,0.4
5411.932367674636,-12.859754892946036,-101.79846538382039,3,0.4
5449.575334161574,-12.928651637968285,-102.07276632874208,3,0.4
5487.480128186196,-12.997756087745362,-102.3470779901109,3,0.4
5525.648570903045,-13.0670689336641,-102.62139863810259,3,0.4
5564.082496133798,-13.136610548155272,-102.8956867778718,3,0.4
5602.78375045537,-13.206361840337493,-103.16997912807796,3,0.4
5641.754193288633,-13.276284323677597,-103.44435504958254,3,0.4
5680.995696987757,-13.346437584685024,-103.71869188260662,3,0.4
5720.51014693016,-13.416822155282603,-103.99298588547062,3,0.4
5760.2994416071,-13.487419126312206,-104.26727543451219,3,0.4
5800.365492714889,-13.558190407663151,-104.54164351820245,3,0.4
5840.710225246731,-13.629194971811707,-104.81596101364578,3,0.4
5881.335577585225,-13.700433328387247,-105.09022381335845,3,0.4
5922.243501595481,-13.771867536598947,-105.36451608746859,3,0.4
5963.435962718906,-13.843536750720322,-105.63874715347004,3,0.4
6004.914940067636,-13.915384127965524,-105.91304809576638,3,0.4
6046.682426519615,-13.987467816112185,-106.1872818933497,3,0.4
6088.740428814354,-14.059731300884783,-106.46158232104736,3,0.4
6131.090967649341,-14.132289201019471,-106.73566948603538,3,0.4
6173.736077777122,-14.204990410388401,-107.00991086691324,3,0.4
6216.6778081030725,-14.277949188308403,-107.28402352018556,3,0.4
6259.918221783827,-14.351147039002981,-107.55804911206893,3,0.4
6303.4593963264115,-14.424509594525116,-107.83217646985948,3,0.4
6347.303423688055,-14.498112566891926,-108.10621035880587,3,0.4
6391.4524103767,-14.571956373762625,-108.38014558202491,3,0.4
6435.9084775522115,-14.645985879793136,-108.65412633680067,3,0.4
6480.673761128287,-14.720238950434046,-108.92805076620016,3,0.4
6525.750411875079,-14.794697779430887,-109.20196546597583,3,0.4
6571.140595522531,-14.869399775524672,-109.47576522465037,3,0.4
6616.846492864425,-14.944327050926562,-109.74949600139185,3,0.4
6662.870299863169,-15.019480159042649,-110.02315338817668,3,0.4
6709.214227755292,-15.09484152048615,-110.29678534359348,3,0.4
6755.880503157695,-15.170429927483116,-110.57033566436805,3,0.4
6802.871368174619,-15.246263894127052,-110.84374634179588,3,0.4
6850.189080505378,-15.322289972023167,-111.117172513042,3,0.4
6897.835913552822,-15.398544780083744,-111.39050351073878,3,0.4
6945.814156532571,-15.475011033826336,-111.66378890453866,3,0.4
6994.126114583001,-15.551707139261069,-111.93696988176124,3,0.4
7042.774108875988,-15.628633571413616,-112.21004126954055,3,0.4
7091.760476728439,-15.70582592845269,-112.48288628686436,3,0.4
7141.087571714584,-15.783214247187605,-112.75572184270334,3,0.4
7190.757763779057,-15.860799399376777,-113.02854487121476,3,0.4
7240.773439350762,-15.93861694942959,-113.30123831287771,3,0.4
7291.137001457528,-16.016701864831717,-113.57368192299883,3,0.4
7341.850869841561,-16.094985298335914,-113.84609849162773,3,0.4
7392.917481075709,-16.17345096001493,-114.11854256014404,3,0.4
7444.339288680522,-16.252202209236756,-114.39066100521242,3,0.4
7496.118763242139,-16.331187804917604,-114.66262095620885,3,0.4
7548.258392530979,-16.41037429865405,-114.9345347052541,3,0.4
7600.760681621277,-16.489812949462074,-115.20621977381694,3,0.4
7653.628153011434,-16.56945361563997,-115.47784849663591,3,0.4
7706.863346745218,-16.64931373609883,-115.7493565019448,3,0.4
7760.468820533797,-16.72947677519812,-116.02043575812942,3,0.4
7814.447149878626,-16.80979349048987,-116.2916237218225,3,0.4
7868.800928195191,-16.890347474830424,-116.56261288265746,3,0.4
7923.532766937609,-16.971171674860148,-116.83327360211666,3,0.4
7978.645295724095,-17.052184498058715,-117.10390661494357,3,0.4
8034.141162463309,-17.133467824142866,-117.37419723827517,3,0.4
8090.023033481568,-17.214956940132264,-117.64438678855348,3,0.4
8146.293593650958,-17.296652517174298,-117.91447032098125,3,0.4
8202.955546518326,-17.378587100686136,-118.184316583822,3,0.4
8260.011614435174,-17.460776703947122,-118.45385522762821,3,0.4
8317.464538688457,-17.543236991634934,-118.7230146840192,3,0.4
8375.317079632288,-17.625857717550236,-118.99223400655218,3,0.4
8433.572016820564,-17.708733898864523,-119.26112483751211,3,0.4
8492.232149140504,-17.79183431337947,-119.52980823608866,3,0.4
8551.300294947127,-17.875159278950086,-119.7982778158221,3,0.4
8610.779292198666,-17.958739814605426,-120.06639697248372,3,0.4
8670.671998592914,-18.042545148943315,-120.33428827789619,3,0.4
8730.981291704516,-18.12659073747214,-120.60187957713033,3,0.4
8791.710069123244,-18.210846368009022,-120.86929517514714,3,0.4
8852.86124859319,-18.295342564904704,-121.13639695613135,3,0.4
8914.437768152968,-18.38007928625341,-121.40317744503723,3,0.4
8976.44258627686,-18.4650267819284,-121.66976227623091,3,0.4
9038.878682016972,-18.550244524043663,-121.93587811150051,3,0.4
9101.74905514635,-18.63567320946904,-122.2017841153945,3,0.4
9165.056726303115,-18.721313243179164,-122.46747404109738,3,0.4
9228.804737135582,-18.807194006823657,-122.73280663956568,3,0.4
9292.996150448414,-18.893329755617962,-122.99770657302605,3,0.4
9357.634050349754,-18.979677089753856,-123.26236917472562,3,0.4
9422.721542399418,-19.066264810352408,-123.52665181622999,3,0.4
9488.261753758103,-19.153106850743914,-123.79047851351686,3,0.4
9554.257833337617,-19.24011837666758,-124.05425172709089,3,0.4
9620.712951952195,-19.32739824031957,-124.31748600995898,3,0.4
9687.630302470823,-19.414890125153825,-124.58044778299697,3,0.4
9755.013099970645,-19.50267701661293,-124.84271636784203,3,0.4
9822.864581891441,-19.590620528400244,-125.10497357472002,3,0.4
9891.188008191157,-19.678830832146605,-125.36666002592591,3,0.4
9959.98666150255,-19.76725295612219,-125.62804489630629,3,0.4
10029.26384729088,-19.855900503955407,-125.88905170397602,3,0.4
10099.022894012754,-19.94481339024041,-126.14946377365197,3,0.4
10169.26715327601,-20.03393765716133,-126.40955215681477,3,0.4
10240.000000000768,-20.123286583150005,-126.66923988283142,3,0.4
10311.224832581574,-20.21287306916269,-126.92844941615293,3,0.4
10382.945073050678,-20.302670683604074,-127.18731364310875,3,0.4
10455.164167242447,-20.392705274243106,-127.4456847123045,3,0.4
10527.885584958914,-20.48296353588036,-127.70362545472106,3,0.4
10601.112820136505,-20.57344521902051,-127.96112851404284,3,0.4
10674.849391013888,-20.66416268052749,-128.21811577544884,3,0.4
10749.098840301021,-20.75510282807718,-128.47465044702383,3,0.4
10823.864735349352,-20.84626535564022,-128.73072519670197,3,0.4
10899.15066832323,-20.93767464939823,-128.98619061992392,3,0.4
10974.960256372473,-21.0293052954195,-129.24118114922913,3,0.4
11051.297141806172,-21.12113258038075,-129.49583191540123,3,0.4
11128.16499226768,-21.213205006495222,-129.7498510029046,3,0.4
11205.567500910824,-21.305497643834876,-130.00337341800824,3,0.4
11283.508386577352,-21.398010075320148,-130.2563919398376,3,0.4
11361.991393975597,-21.490741865639315,-130.508899368918,3,0.4
11441.020293860403,-21.58370428873266,-130.76081701468243,3,0.4
11520.598883214287,-21.6768849668925,-131.01220914694014,3,0.4
11600.730985429864,-21.770283411042726,-131.26306865882088,3,0.4
11681.420450493551,-21.863910573786765,-131.51331683181752,3,0.4
11762.671155170538,-21.957742922701613,-131.76308987277338,3,0.4
11844.48700319105,-22.051814027295677,-132.0121657641244,3,0.4
11926.871925437901,-22.146078025005412,-132.26082429390217,3,0.4
12009.82988013536,-22.240568183995435,-132.50884343741075,3,0.4
12093.36485303932,-22.335294660695205,-132.75614450786662,3,0.4
12177.4808576288,-22.430212606665847,-133.00300767062407,3,0.4
12262.181935298773,-22.525354442195955,-133.2492108847002,3,0.4
12347.472155554336,-22.620708509239172,-133.49481917331846,3,0.4
12433.355616206238,-22.716284812193805,-133.739754096363,3,0.4
12519.836443567749,-22.812071837658245,-133.98408080094822,3,0.4
12606.918792652916,-22.908068895333948,-134.22779272068007,3,0.4
12694.606847376202,-23.004275279221716,-134.47088334301333,3,0.4
12782.904820753494,-23.100710896610146,-134.71320284218885,3,0.4
12871.816955104521,-23.197323352088954,-134.95510327029868,3,0.4
12961.347522256672,-23.2941532382548,-135.19629152428095,3,0.4
13051.500823750257,-23.391209584374145,-135.43668984478543,3,0.4
13142.28119104516,-23.48847115513919,-135.67643535111384,3,0.4
13233.69298572895,-23.58592727266856,-135.91559340711643,3,0.4
13325.740599726436,-23.68359698139569,-136.15401491726206,3,0.4
13418.428455510686,-23.781459776478506,-136.39183680769744,3,0.4
13511.761006315492,-23.879543961994735,-136.62883900396344,3,0.4
13605.74273634934,-23.977829092811184,-136.86515853973665,3,0.4
13700.378161010858,-24.076304847426343,-137.10086082916214,3,0.4
13795.671827105747,-24.17497060291156,-137.33593995129516,3,0.4
13891.628313065248,-24.273862892138354,-137.570105885115,3,0.4
13988.252229166108,-24.372943227327557,-137.80363760924942,3,0.4
14085.548217752083,-24.47221094640639,-138.0365294021607,3,0.4
14183.520953456982,-24.57168346147705,-138.2686340343929,3,0.4
14282.175143429275,-24.67135958986436,-138.49994645292878,3,0.4
14381.515527558222,-24.77123813964265,-138.73046170802007,3,0.4
14481.546878701633,-24.871291514175144,-138.96038641779418,3,0.4
14582.274002915165,-24.97155410382925,-139.18943336176144,3,0.4
14683.70173968323,-25.071989898258455,-139.41787929168245,3,0.4
14785.834962151528,-25.172624061911275,-139.64550815458776,3,0.4
14888.678577361155,-25.27346383218604,-139.87224542284144,3,0.4
14992.23752648439,-25.37447413634794,-140.09836678262724,3,0.4
15096.516785062071,-25.475679387808114,-140.32365745901475,3,0.4
15201.521363242668,-25.577070084994865,-140.54818294457667,3,0.4
15307.256306022984,-25.678645193947073,-140.77193877331771,3,0.4
15413.726693490553,-25.780403672128045,-140.99492056667623,3,0.4
15520.93764106771,-25.88234446870317,-141.2171240341306,3,0.4
15628.894299757369,-25.98447445262062,-141.43847584084443,3,0.4
15737.6018563905,-26.086784476006475,-141.65904129465588,3,0.4
15847.065533875337,-26.189273466070087,-141.8788163820222,3,0.4
15957.29059144831,-26.291940342850964,-142.09779717925022,3,0.4
16068.282324926739,-26.394784019495617,-142.31597985289298,3,0.4
16180.046066963258,-26.497810950941783,-142.53329227852362,3,0.4
16292.587187302037,-26.600982444514997,-142.75007239351206,3,0.4
16405.911093036775,-26.704357482795366,-142.96577021850135,3,0.4
16520.023228870472,-26.807919413849252,-143.18052003168518,3,0.4
16634.92907737704,-26.91162316581093,-143.39472582942443,3,0.4
16750.634159264704,-27.015511573614358,-143.60797696900198,3,0.4
16867.144033641256,-27.119568859205543,-143.8204060531923,3,0.4
16984.464298281135,-27.223793891839513,-144.03200998812142,3,0.4
17102.600589894384,-27.328199465072657,-144.24265172205605,3,0.4
17221.558584397462,-27.43274265337099,-144.45273049392938,3,0.4
17341.343997185955,-27.537470922615796,-144.66177467778564,3,0.4
17461.962583409164,-27.64236898716334,-144.8699161580656,3,0.4
17583.42013824662,-27.747415439383595,-145.07735172114505,3,0.4
17705.72249718651,-27.852636000399684,-145.28381332724683,3,0.4
17828.875536306066,-27.958002919503294,-145.4895632719323,3,0.4
17952.885172553855,-28.06354135980802,-145.69433523326845,3,0.4
18077.75736403408,-28.16922411438213,-145.89839013399904,3,0.4
18203.498110292836,-28.275075796922703,-146.10146340659222,3,0.4
18330.113452606365,-28.381088566014505,-146.30361927756763,3,0.4
18457.609474271307,-28.487242429293865,-146.50505104616258,3,0.4
18585.99230089697,-28.593555049804557,-146.70556153013672,3,0.4
18715.26810069965,-28.70000682693135,-146.9053429618354,3,0.4
18845.44308479898,-28.806639081464063,-147.10394252618443,3,0.4
18976.523507516347,-28.91338422858356,-147.3020663042689,3,0.4
19108.51566667538,-29.020301114222793,-147.49907057305842,3,0.4
19241.425903904536,-29.127364514040742,-147.6952109256988,3,0.4
19375.260604941792,-29.234555980221117,-147.8906761851565,3,0.4
19510.026199941436,-29.341920489124618,-148.08495768743504,3,0.4
19645.729163783028,-29.449405218082994,-148.2786241333943,3,0.4
19782.376016382463,-29.557043188084226,-148.47129536661163,3,0.4
19919.973323005244,-29.66482183813917,-148.66309671353085,3,0.4
20058.527694581913,-29.772734550459955,-148.8540895096536,3,0.4
20198.045788025658,-29.880791128948438,-149.04414811948573,3,0.4
20338.53430655217,-29.98898489813554,-149.2333342712953,3,0.4
20480.00000000169,-30.09731997348867,-149.4215856885155,3,0.4
20622.4496651633,-30.20578458758316,-149.6090251609934,3,0.4
20765.890146101516,-30.314382918568306,-149.79559034159107,3,0.4
20910.32833448505,-30.423118914197147,-149.9812198978575,3,0.4
21055.771169917985,-30.531981162425843,-150.16603545515827,3,0.4
21202.22564027317,-30.64097866168474,-150.34991519659386,3,0.4
21349.698782027936,-30.750095300427507,-150.53304012051572,3,0.4
21498.197680602203,-30.859354654168666,-150.7151090182561,3,0.4
21647.72947069887,-30.968730976218225,-150.89642241449505,3,0.4
21798.301336646622,-31.078242529061264,-151.07674110367194,3,0.4
21949.920512745113,-31.187878427699133,-151.25618502553962,3,0.4
22102.59428361251,-31.297623564745983,-151.43493119984612,3,0.4
22256.32998453553,-31.407504934972575,-151.61262540646302,3,0.4
22411.135001821818,-31.5175027235304,-151.78950400291419,3,0.4
22567.01677315487,-31.627624974836106,-151.96545019473436,3,0.4
22723.98278795137,-31.73786596982588,-152.1405231327645,3,0.4
22882.04058772098,-31.8482158016826,-152.31483876171367,3,0.4
23041.197766428744,-31.958691065684775,-152.48816629544663,3,0.4
23201.4619708599,-32.06927746297418,-152.660679526687,3,0.4
23362.840900987278,-32.179986794377356,-152.83220751630213,3,0.4
23525.342310341253,-32.29080087490093,-153.00297940309488,3,0.4
23688.974006382276,-32.40172721495736,-153.17288159039066,3,0.4
23853.743850875984,-32.51276473285956,-153.34191497704256,3,0.4
24019.6597602709,-32.623928569649706,-153.5098566993349,3,0.4
24186.729706078822,-32.73518502861562,-153.67715644007913,3,0.4
24354.96171525778,-32.84654945270609,-153.84359044199638,3,0.4
24524.363870597732,-32.958028607908815,-154.0090494553077,3,0.4
24694.944311108862,-33.06961342731548,-154.17364608084043,3,0.4
24866.711232412665,-33.181295219799395,-154.33749093645525,3,0.4
25039.672887135683,-33.29308832113872,-154.50036608348316,3,0.4
25213.837585306024,-33.40498022819492,-154.66243692849466,3,0.4
25389.213694752598,-33.516977418542524,-154.82359628080764,3,0.4
25565.809641507185,-33.62907873449636,-154.98384636711563,3,0.4
25743.63391020923,-33.7412722254186,-155.1433496702268,3,0.4
25922.695044513537,-33.85357136711196,-155.3018936185123,3,0.4
26103.00164750071,-33.96595380585794,-155.4597986802385,3,0.4
26284.562382090517,-34.07845030245773,-155.61658972046578,3,0.4
26467.385971458098,-34.191035213866265,-155.77263889086882,3,0.4
26651.481199453076,-34.303717970127444,-155.92779000320274,3,0.4
26836.856911021572,-34.41649076627679,-156.0821492866193,3,0.4
27023.522012631187,-34.52935274618635,-156.23571773094997,3,0.4
27211.485472698885,-34.642306325428635,-156.38844499759236,3,0.4
27400.75632202192,-34.755360222439585,-156.54017960689643,3,0.4
27591.3436542117,-34.86850035979091,-156.69112898575617,3,0.4
27783.256626130707,-34.98172589659984,-156.84129412961863,3,0.4
27976.504458332423,-35.09503910544027,-156.9906256762044,3,0.4
28171.096435504372,-35.20844210594282,-157.1390752200052,3,0.4
28367.04190691418,-35.32193079094448,-157.28669487760828,3,0.4
28564.35028685876,-35.43550419886315,-157.43348600943543,3,0.4
28763.031055116662,-35.549161355002134,-157.57944969318908,3,0.4
28963.093757403483,-35.66289833121011,-157.7246355990796,3,0.4
29164.548005830547,-35.77671996789769,-157.8689453146422,3,0.4
29367.403479366687,-35.890625010292574,-158.01237834337599,3,0.4
29571.669924303278,-36.00460636921629,-158.15502869859748,3,0.4
29777.35715472254,-36.118665171530225,-158.2968406253557,3,0.4
29984.475052969006,-36.23279864099442,-158.43780010496926,3,0.4
30193.03357012437,-36.3470039394646,-158.57783141182236,3,0.4
30403.042726485564,-36.46126081927591,-158.71697434056935,3,0.4
30614.512612046197,-36.57551620122113,-158.8551737730508,3,0.4
30827.45338698134,-36.68960298244281,-158.99339814791114,3,0.4
31041.875282135654,-36.804191911426145,-159.13424039511818,3,0.4
31257.788599514974,-36.919123659731696,-159.2704314699661,3,0.4
31475.203712781236,-37.03389543760466,-159.40536408051742,3,0.4
31694.13106775091,-37.148669887683326,-159.53980528475938,3,0.4
31914.581182896858,-37.26349831749764,-159.67354537206612,3,0.4
32136.564649853717,-37.378391845377045,-159.80653137485336,3,0.4
32360.09213392676,-37.493351289666,-159.93878246272251,3,0.4
32585.17437460432,-37.60837990802662,-160.07024092302316,3,0.4
32811.8221860738,-37.72347293768747,-160.20099028876984,3,0.4
33040.04645774119,-37.83863471285659,-160.33093865843097,3,0.4
33269.85815475433,-37.953860043966515,-160.46017412719917,3,0.4
33501.26831852966,-38.06915063954258,-160.58865272402892,3,0.4
33734.28806728276,-38.18450582689475,-160.71637571683587,3,0.4
33968.928596562524,-38.299920523009064,-160.84343139325492,3,0.4
34205.20117978902,-38.41540718582611,-160.96956220879412,3,0.4
34443.11716879519,-38.53095407993219,-161.0949872964143,3,0.4
34682.68799437217,-38.64656268938025,-161.2196658426278,3,0.4
34923.92516681859,-38.762232306020266,-161.3436004196985,3,0.4
35166.8402764935,-38.877962224930954,-161.46679368499903,3,0.4
35411.44499437329,-38.993747680856096,-161.5893319883524,3,0.4
35657.7510726124,-39.109596158413254,-161.71105035348324,3,0.4
35905.77034510798,-39.225502849746704,-161.832035685782,3,0.4
36155.51472806843,-39.341469024558485,-161.95224969832915,3,0.4
36406.99622058595,-39.45749006620336,-162.07177763955536,3,0.4
36660.22690521301,-39.57356537408946,-162.19062160353607,3,0.4
36915.21894854289,-39.689699995227635,-162.30866250413206,3,0.4
37171.98460179422,-39.80588754572931,-162.42602495404296,3,0.4
37430.53620139958,-39.92212926899027,-162.54267100893674,3,0.4
37690.88616959824,-40.038428125352,-162.6585238853248,3,0.4
37953.04701503298,-40.15477259559706,-162.77382413361286,3,0.4
38217.03133335104,-40.271176407575844,-162.88825745889525,3,0.4
38482.85180780936,-40.38762991538441,-163.00202353410677,3,0.4
38750.521209883875,-40.50413250889601,-163.11512318020345,3,0.4
39020.05239988316,-40.62068694404527,-163.22747949689608,3,0.4
39291.458327566346,-40.737289052385435,-163.3391695559001,3,0.4
39564.752032765224,-40.85394135746086,-163.4501145621927,3,0.4
39839.94664601079,-40.9706411221515,-163.56034802754874,3,0.4
40117.05538916413,-41.087385272596876,-163.66989689002259,3,0.4
40396.09157605162,-41.20417932616633,-163.77855139285947,3,0.4
40677.068613104646,-41.321005056140756,-163.886563912428,3,0.4
40960.00000000368,-41.437851485106364,-163.993708953765,3,0.4
41244.899330326916,-41.55465788280475,-164.0995304971839,3,0.4
41531.78029220334,-41.67098098237613,-164.2050018408627,3,0.4
41820.65666897041,-41.78810586175008,-164.3190374988949,3,0.4
42111.54233983629,-41.9057647372737,-164.42285392009595,3,0.4
42404.45128054665,-42.023000070714936,-164.5261031513573,3,0.4
42699.3975640562,-42.14019719008548,-164.62919137401022,3,0.4
42996.39536120473,-42.25741511790773,-164.73185341304648,3,0.4
43295.458941398065,-42.374665616220206,-164.83401754152888,3,0.4
43596.60267329357,-42.491956728954115,-164.93553255135518,3,0.4
43899.84102549055,-42.60928549194358,-165.03648282550265,3,0.4
44205.18856722535,-42.72665358664226,-165.13682295123527,3,0.4
44512.659969071385,-42.84405959244255,-165.23658251864995,3,0.4
44822.27000364397,-42.96150459457589,-165.33572497484968,3,0.4
45134.033546310086,-43.078989522222955,-165.43421632197715,3,0.4
45447.96557590307,-43.196515192535514,-165.53202443970892,3,0.4
45764.081175442305,-43.31407605715937,-165.6292862002311,3,0.4
46082.39553285784,-43.43167301621443,-165.7259691170729,3,0.4
46402.92394172015,-43.54931056456353,-165.8219425765641,3,0.4
46725.681801974904,-43.66698328469157,-165.9173425166109,3,0.4
47050.68462068286,-43.78469197045601,-166.0121383484521,3,0.4
47377.94801276491,-43.90243500375803,-166.1063653570838,3,0.4
47707.487701752325,-44.020215469503995,-166.1999290109527,3,0.4
48039.319520542165,-44.13802826157465,-166.2929617488287,3,0.4
48373.45941215801,-44.255875296606455,-166.38540161749083,3,0.4
48709.923430515926,-44.37376060264125,-166.47712496495438,3,0.4
49048.72774119583,-44.49167478121226,-166.56838899443255,3,0.4
49389.888622218095,-44.60962409888948,-166.65900675134554,3,0.4
49733.4224648257,-44.72760377043102,-166.74910680597014,3,0.4
50000.0,-44.81861687311923,-166.81817952106337,3,0.4
10.0,-0.28421886698190135,-0.5658005228383963,4,0.5
10.069555500567189,-0.2842646600228035,-0.5697252958621453,4,0.5
10.139594797900294,-0.2842853614558116,-0.573674524443998,4,0.5
10.210121257071936,-0.28432616837846536,-0.5776529712853499,4,0.5
10.281138266560667,-0.2843612700357963,-0.5816581964594362,4,0.5
10.352649238413779,-0.28439713217059803,-0.5856910435356418,4,0.5
10.424657608411218,-0.28442731016153183,-0.5897510240387865,4,0.5
10.497166836230678,-0.28446472526404065,-0.5938396736205779,4,0.5
10.57018040561381,-0.2845029331474111,-0.597956510901585,4,0.5
10.643701824533608,-0.2845484000955162,-0.6021024170200241,4,0.5
10.71773462536294,-0.28457531648086537,-0.6062748190506384,4,0.5
10.792282365044281,-0.28462242495560447,-0.6104780654970169,4,0.5
10.867348625260592,-0.2846639162169095,-0.6147095762915842,4,0.5
10.942937012607405,-0.2846933468114081,-0.618968823272981,4,0.5
11.019051158766118,-0.2847494596960577,-0.623260260840241,4,0.5
11.095694720678463,-0.284780625487912,-0.627578391443361,4,0.5
11.172871380722214,-0.28481267709639213,-0.6319262527409959,4,0.5
11.250584846888108,-0.2848714474990245,-0.6363069635840513,4,0.5
11.328838852958,-0.28489885287370337,-0.6407141757751896,4,0.5
11.407637158684253,-0.28494654711472617,-0.6451539340022203,4,0.5
11.486983549970367,-0.284988722546695,-0.649623509781028,4,0.5
11.566881839052892,-0.2850318473867969,-0.6541238437807506,4,0.5
11.647335864684578,-0.28507593489281013,-0.6586551433859901,4,0.5
11.728349492318808,-0.2851274536027107,-0.6632183778279306,4,0.5
11.809926614295325,-0.2851670518619206,-0.6678114755073818,4,0.5
11.892071150027233,-0.2852205638520983,-0.6724377005399578,4,0.5
11.97478704618931,-0.2852686383307889,-0.6770949680813796,4,0.5
12.05807827690763,-0.28530483447987487,-0.6817826940528467,4,0.5
12.141948843950495,-0.2853743520854361,-0.6865065729390287,4,0.5
12.226402776920713,-0.28541265527108406,-0.6912589745869082,4,0.5
12.31144413344919,-0.28546494415270623,-0.6960456234226973,4,0.5
12.397076999389895,-0.28550541364157395,-0.7008635560798812,4,0.5
12.48330548901615,-0.28556635405230035,-0.7057170076379206,4,0.5
12.570133745218314,-0.28561550576486816,-0.7106021746527126,4,0.5
12.657565939702833,-0.28567224944736047,-0.715521709404758,4,0.5
12.745606273192656,-0.2857301459734219,-0.7204750272224625,4,0.5
12.834258975629076,-0.28578275649012835,-0.7254615220224624,4,0.5
12.923528306374958,-0.28583009735245457,-0.7304814041039794,4,0.5
13.013418554419374,-0.2858980048807857,-0.7355382610673984,4,0.5
13.10393403858367,-0.2859477662314654,-0.7406272766332326,4,0.5
13.195079107728983,-0.2860052181588598,-0.7457520529115363,4,0.5
13.286858140965156,-0.28606392298895744,-0.7509119791075402,4,0.5
13.379275547861162,-0.28611744333287836,-0.7561064220732767,4,0.5
13.472335768656947,-0.28617870671729967,-0.7613373474943683,4,0.5
13.566043274476765,-0.28624127623243284,-0.7666041311062717,4,0.5
13.660402567544,-0.2862987152700624,-0.77190612580756,4,0.5
13.755418181397484,-0.28637040687094617,-0.7772462303205171,4,0.5
13.851094681109295,-0.2864370052427174,-0.7826220282709072,4,0.5
13.947436663504105,-0.28648561983005355,-0.7880319348549806,4,0.5
14.044448757380025,-0.28656145359668267,-0.7934825155842495,4,0.5
14.142135623731003,-0.2866322520187564,-0.7989695055243514,4,0.5
14.240501955970773,-0.2866915802074737,-0.8044922096062397,4,0.5
14.33955248015833,-0.2867523678406008,-0.8100526989733182,4,0.5
14.439291955225018,-0.2868339995242234,-0.8156540343670532,4,0.5
14.539725173203164,-0.28689776745284584,-0.821290866937588,4,0.5
14.640856959456315,-0.28696951154460326,-0.8269671908162016,4,0.5
14.742692172911074,-0.2870427983118896,-0.8326823244198812,4,0.5
14.845235706290554,-0.2871111946224474,-0.8384355612745211,4,0.5
14.94849248634945,-0.2871876316940123,-0.8442290791550937,4,0.5
15.05246747411074,-0.28725922233698165,-0.850061204673699,4,0.5
15.15716566510405,-0.2873388983233778,-0.8559341455335941,4,0.5
15.26259208960566,-0.2874008639086158,-0.861844223744536,4,0.5
15.368751812880195,-0.28749032455540174,-0.8677986219547303,4,0.5
15.475649935423972,-0.2875685759579992,-0.8737916640683563,4,0.5
15.58329159321007,-0.28765500566587926,-0.8798266091532161,4,0.5
15.69168195793509,-0.2877302740583456,-0.8859006925302451,4,0.5
15.800826237267621,-0.28782022377223515,-0.8920182434524193,4,0.5
15.910729675098453,-0.2878990614050425,-0.8981754467197091,4,0.5
16.02139755179252,-0.28797972114775405,-0.90437461217472,4,0.5
16.13283518444261,-0.28807513740758883,-0.9106181086695841,4,0.5
16.245047927124794,-0.2881466091204167,-0.9168999310774392,4,0.5
16.358041171155712,-0.28824579821275514,-0.9232287624077375,4,0.5
16.471820345351553,-0.2883275500188967,-0.9295974878509832,4,0.5
16.586390916288924,-0.2884241636398416,-0.9360117042634373,4,0.5
16.70175838856748,-0.28851630307885545,-0.9424684874967103,4,0.5
16.817928305074386,-0.2886039960529144,-0.9489680995130055,4,0.5
16.93490624725064,-0.2886937250110009,-0.9555119027355817,4,0.5
17.052697835359233,-0.28879197272568924,-0.9621012915687753,4,0.5
17.17130872875518,-0.2888923136592707,-0.9687354637815656,4,0.5
17.290744626157405,-0.2889818684690815,-0.9754124656048646,4,0.5
17.411011265922586,-0.28909293827428084,-0.9821381935476166,4,0.5
17.53211442632081,-0.2891868274578492,-0.9889061839881705,4,0.5
17.654059925813208,-0.28928292936486844,-0.9957200994738614,4,0.5
17.776853623331515,-0.2893941833255899,-1.0025825451786317,4,0.5
17.900501418559564,-0.28950125798715853,-1.009490381921665,4,0.5
18.02500925221672,-0.28960418519514647,-1.0164438860723535,4,0.5
18.150383106343334,-0.2897159055154099,-1.0234456920482313,4,0.5
18.27662900458813,-0.2898235433183696,-1.030493754977296,4,0.5
18.403753012497624,-0.2899335858931217,-1.0375895503565495,4,0.5
18.53176123780754,-0.2900460668307167,-1.0447333851242238,4,0.5
18.660659830736275,-0.29015456614202095,-1.0519243562207166,4,0.5
18.790454984280366,-0.29027202648638195,-1.0591651887079812,4,0.5
18.921152934512047,-0.2903920288081971,-1.0664549912319472,4,0.5
19.05275996087888,-0.29051460861426825,-1.0737940773330314,4,0.5
19.18528238650542,-0.2906333479604611,-1.0811815163489604,4,0.5
19.31872657849705,-0.29075473735282376,-1.0886188535833548,4,0.5
19.453098948245852,-0.2908852677056948,-1.096107670695906,4,0.5
19.588405951738682,-0.29100561486541937,-1.10364449768529,4,0.5
19.72465408986733,-0.291128724733524,-1.1112321651407882,4,0.5
19.861849908740865,-0.2912675435424889,-1.118873576190637,4,0.5
20.00000000000015,-0.2913898413049349,-1.1265626146241372,4,0.5
20.13911100113453,-0.29152147299675657,-1.1343047579406873,4,0.5
20.279189595800737,-0.29165602503380417,-1.1420990442461303,4,0.5
20.42024251414402,-0.291780630780416,-1.1499431504031945,4,0.5
20.56227653312149,-0.29192114652136203,-1.1578426951124208,4,0.5
20.70529847682771,-0.2920711603654517,-1.165796722042097,4,0.5
20.849315216822593,-0.2922049002449314,-1.1738001762829293,4,0.5
20.994333672461515,-0.292354677536648,-1.1818601289203678,4,0.5
21.14036081122778,-0.29250117508382645,-1.1899728544241965,4,0.5
21.28740364906737,-0.29263798377391403,-1.1981372806331947,4,0.5
21.43546925072604,-0.292797416289965,-1.2063606545054126,4,0.5
21.584564730088722,-0.29294079707363124,-1.2146349911523633,4,0.5
21.734697250521346,-0.293100439858585,-1.2229676085598298,4,0.5
21.885874025214974,-0.2932505776652191,-1.231353222986718,4,0.5
22.038102317532406,-0.29341061835633575,-1.239796418982463,4,0.5
22.191389441357092,-0.29356770332099164,-1.2482946913276298,4,0.5
22.345742761444598,-0.29373478815379866,-1.2568512651660109,4,0.5
22.501169693776383,-0.2938925624454702,-1.2654621360649354,4,0.5
22.657677705916175,-0.29406043638537016,-1.274132014769635,4,0.5
22.815274317368676,-0.29423200759234375,-1.282859804636791,4,0.5
22.973967099940907,-0.29439442134928623,-1.2916428762282526,4,0.5
23.13376367810596,-0.29457999597766277,-1.300489044683177,4,0.5
23.29467172936933,-0.2947500655913981,-1.3093896788677024,4,0.5
23.456698984637793,-0.29493049665506443,-1.318351145417284,4,0.5
23.619853228590827,-0.2951084375828446,-1.3273707684545302,4,0.5
23.784142300054643,-0.2952968498456001,-1.33645197357084,4,0.5
23.949574092378796,-0.29546997761155697,-1.3455889310190716,4,0.5
24.11615655381544,-0.2956536898391087,-1.3547881833665265,4,0.5
24.28389768790117,-0.29585449703025607,-1.3640517119032214,4,0.5
24.452805553841607,-0.2960466460592918,-1.3733735934990396,4,0.5
24.622888266898567,-0.296249554929544,-1.382758938286583,4,0.5
24.794153998779972,-0.2964374726158314,-1.3922017041548989,4,0.5
24.966610978032485,-0.2966362713959029,-1.401708660658729,4,0.5
25.140267490436816,-0.2968331076286786,-1.411276948464889,4,0.5
25.315131879405854,-0.2970538547692224,-1.4209134984612266,4,0.5
25.4912125463855,-0.2972598603889196,-1.4306088454028572,4,0.5
25.668517951258348,-0.29747054704809267,-1.4403682763763925,4,0.5
25.847056612750112,-0.29767952761388383,-1.450190492935126,4,0.5
26.026837108838944,-0.2978933209959526,-1.4600775376117647,4,0.5
26.20786807716754,-0.29811844686409184,-1.47003150145451,4,0.5
26.390158215458165,-0.29834206846456085,-1.4800493734225242,4,0.5
26.573716281930512,-0.29857070739720415,-1.4901332356936063,4,0.5
26.758551095722524,-0.2988044337437096,-1.5002834786247892,4,0.5
26.944671537314093,-0.2990304140642237,-1.5104969869929794,4,0.5
27.13208654895373,-0.29927452951003497,-1.520781143625302,4,0.5
27.320805135088207,-0.2994981399142931,-1.5311257477575737,4,0.5
27.510836362795175,-0.29975293681525306,-1.5415453715072944,4,0.5
27.7021893622188,-0.2999938303127115,-1.5520279393669776,4,0.5
27.89487332700842,-0.30024025304631463,-1.5625791843032626,4,0.5
28.088897514760255,-0.3004858302799362,-1.5731976773326968,4,0.5
28.284271247462218,-0.30074999621470194,-1.583889305607807,4,0.5
28.48100391194176,-0.3010070224915381,-1.5946471311150037,4,0.5
28.679104960316874,-0.3012634417340801,-1.605473347334829,4,0.5
28.878583910450253,-0.3015257874865455,-1.616370200468389,4,0.5
29.079450346406546,-0.3018005942290479,-1.6273399903530903,4,0.5
29.28171391891285,-0.30206213910639873,-1.6383755358135417,4,0.5
29.485384345822368,-0.30234921730550796,-1.6494886483084947,4,0.5
29.690471412581335,-0.3026296568848827,-1.660670188671841,4,0.5
29.896984972699123,-0.3029164486391531,-1.671924382139523,4,0.5
30.104934948221704,-0.3032032298454438,-1.6832496797081515,4,0.5
30.314331330208326,-0.303483639240032,-1.6946444784831232,4,0.5
30.52518417921155,-0.3037835736347761,-1.7061170655385074,4,0.5
30.73750362576062,-0.3040902226285374,-1.7176639340301196,4,0.5
30.951299870848175,-0.3043843263922007,-1.7292794497966373,4,0.5
31.16658318642038,-0.3046982362112765,-1.7409740594865057,4,0.5
31.38336391587042,-0.30499979273173294,-1.7527380396728613,4,0.5
31.60165247453548,-0.30530844727935275,-1.7645778608057368,4,0.5
31.82145935019715,-0.3056242989602714,-1.7764939433553641,4,0.5
32.04279510358529,-0.3059668009420115,-1.7884929759816774,4,0.5
32.26567036888546,-0.3062973495371763,-1.8005628914018046,4,0.5
32.49009585424984,-0.30661604863119973,-1.8127039810918506,4,0.5
32.716082342311665,-0.30696170772926445,-1.8249293364110115,4,0.5
32.94364069070335,-0.3072957286440795,-1.8372266267285988,4,0.5
33.172781832578096,-0.30763112076827237,-1.8496004700872197,4,0.5
33.40351677713521,-0.3079873449989141,-1.8620577844280062,4,0.5
33.63585661014903,-0.30834516031183296,-1.8745925069904341,4,0.5
33.86981249450153,-0.3087046791487866,-1.8872050208036073,4,0.5
34.10539567071872,-0.30906601551409174,-1.8998957092044906,4,0.5
34.34261745751061,-0.30943573522147205,-1.912667196752718,4,0.5
34.58148925231507,-0.30980105494955856,-1.925515401248877,4,0.5
34.822022531845434,-0.3101814439894965,-1.938447477373581,4,0.5
35.064228852641875,-0.31057057237492336,-1.9514616169395305,4,0.5
35.30811985162668,-0.310942762295271,-1.964549034242436,4,0.5
35.55370724666329,-0.3113497371740397,-1.9777285374129865,4,0.5
35.80100283711939,-0.3117464729455161,-1.9909843945897554,4,0.5
36.05001850443371,-0.31213954709152775,-2.0043192474223863,4,0.5
36.30076621268694,-0.3125613370980151,-2.017745285091509,4,0.5
36.55325800917653,-0.3129603764731783,-2.0312439955107147,4,0.5
36.80750602499552,-0.3133819451873749,-2.044832392971595,4,0.5
37.06352247561536,-0.31380682887465067,-2.058503752554249,4,0.5
37.32131966147283,-0.3142416132563819,-2.0722608994163423,4,0.5
37.58090996856101,-0.3146670886770496,-2.0860969055149385,4,0.5
37.84230586902438,-0.31512209076593045,-2.100026891123179,4,0.5
38.105519921758045,-0.3155616172002277,-2.114034019811172,4,0.5
38.37056477301113,-0.3160116087967868,-2.128128552673341,4,0.5
38.63745315699439,-0.3164722114336156,-2.1423109293517792,4,0.5
38.906197896491996,-0.31693067537403874,-2.1565765029467197,4,0.5
39.176811903477656,-0.31739359980414045,-2.1709281678889845,4,0.5
39.449308179734956,-0.31787403430411876,-2.1853714698440414,4,0.5
39.72369981748203,-0.31834633850144134,-2.1998965125339804,4,0.5
40.000000000000604,-0.31884291180609814,-2.214516653957764,4,0.5
40.27822200226936,-0.3193445669520857,-2.2292245416810736,4,0.5
40.55837919160177,-0.3198385682644741,-2.244015255016726,4,0.5
40.840485028288356,-0.32035087215966895,-2.258899756634905,4,0.5
41.124553066243294,-0.32086229915389974,-2.273870471236535,4,0.5
41.410596953655734,-0.32137946517327587,-2.2889304373460355,4,0.5
41.6986304336455,-0.32190898808386464,-2.3040827691362122,4,0.5
41.98866734492334,-0.32243814428250417,-2.319322411016951,4,0.5
42.28072162245588,-0.322973556450613,-2.334652457128213,4,0.5
42.57480729813507,-0.3235218492974591,-2.3500760788894173,4,0.5
42.8709385014524,-0.32407675453800294,-2.365590910695568,4,0.5
43.16912946017777,-0.32463200675612713,-2.3811945076259313,4,0.5
43.46939450104301,-0.3252135800210046,-2.3968985832730594,4,0.5
43.771748050430276,-0.32577652998450835,-2.4126836245299654,4,0.5
44.07620463506514,-0.3263532830288852,-2.428564211469814,4,0.5
44.38277888271451,-0.32695047808912053,-2.444543694621902,4,0.5
44.69148552288952,-0.32754252179741933,-2.4606108593095537,4,0.5
45.00233938755311,-0.3281425059180335,-2.4767718618002204,4,0.5
45.315355411832684,-0.328757077397483,-2.4930300523635225,4,0.5
45.63054863473769,-0.3293735457527203,-2.509379887476897,4,0.5
45.947934199882155,-0.32999856356442125,-2.5258246953235783,4,0.5
46.26752735621227,-0.3306323394369406,-2.542364853051542,4,0.5
46.58934345873901,-0.33127508482996054,-2.5590007372508854,4,0.5
46.913397969275934,-0.3319205679576399,-2.575729645257,4,0.5
47.23970645718201,-0.3325883445155297,-2.592561188645585,4,0.5
47.56828460010965,-0.3332528504358753,-2.6094833835496614,4,0.5
47.89914818475796,-0.333914309662198,-2.6264964713423837,4,0.5
48.232313107631235,-0.3345987319162163,-2.643613360422513,4,0.5
48.5677953758027,-0.33529345476726014,-2.6608281782148486,4,0.5
48.90561110768358,-0.3359858198447391,-2.678134871637827,4,0.5
49.2457765337975,-0.33669539952152894,-2.6955433819368375,4,0.5
49.58830799756032,-0.3374159871221463,-2.7130508900252384,4,0.5
49.933221956065346,-0.3381413797008249,-2.730654484352911,4,0.5
50.280534980874016,-0.3388589331217723,-2.748347853789141,4,0.5
50.630263758812085,-0.3396075662882955,-2.7661511291214573,4,0.5
50.982425092771386,-0.3403553066341316,-2.7840481274887487,4,0.5
51.33703590251707,-0.3411281888107259,-2.802052580612565,4,0.5
51.69411322550061,-0.34188780429492255,-2.8201445949072856,4,0.5
52.05367421767828,-0.3426601944395669,-2.838337947308679,4,0.5
52.41573615433548,-0.3434456253041534,-2.856633003310619,4,0.5
52.78031643091672,-0.34425081061184526,-2.8750336026535073,4,0.5
53.14743256386143,-0.3450502474422809,-2.893526187989287,4,0.5
53.517102191445446,-0.3458699892009337,-2.9121249969103027,4,0.5
53.8893430746286,-0.3466974287958662,-2.9308233700075927,4,0.5
54.264173097907864,-0.34752640751947583,-2.94961802064361,4,0.5
54.64161027017682,-0.3483701012781418,-2.968516360615258,4,0.5
55.02167272559077,-0.34923524548769036,-2.9875223796945387,4,0.5
55.40437872443802,-0.35008992003711625,-3.00661825720582,4,0.5
55.78974665401725,-0.3509601986031166,-3.0258187579424582,4,0.5
56.17779502952094,-0.3518463852022454,-3.045124244611559,4,0.5
56.56854249492486,-0.35274878789199327,-3.0645350804651654,4,0.5
56.962007823883944,-0.35364839103316004,-3.0840403540237893,4,0.5
57.358209920634174,-0.3545583971122077,-3.1036477579068387,4,0.5
57.75716782090094,-0.35548556939595377,-3.123361386943894,4,0.5
58.158900692813525,-0.35643023265031337,-3.1431816052799095,4,0.5
58.56342783782614,-0.3573862738958212,-3.1631049104802993,4,0.5
58.97076869164518,-0.3583282594173496,-3.183116003541546,4,0.5
59.38094282516311,-0.3593016214292138,-3.203242296152494,4,0.5
59.79396994539869,-0.36027449330830236,-3.2234645644690243,4,0.5
60.209869896443855,-0.3612729889970004,-3.243798842097427,4,0.5
60.628662660417106,-0.3622781354337692,-3.2642335568280427,4,0.5
61.05036835842356,-0.36328384826807847,-3.284764868749478,4,0.5
61.4750072515217,-0.3643226945412553,-3.305413222775087,4,0.5
61.90259974169682,-0.3653628343034798,-3.3261586860947503,4,0.5
62.33316637284123,-0.3663917575199357,-3.3469931175647964,4,0.5
62.766727831741306,-0.36746136593823875,-3.3679496926960253,4,0.5
63.20330494907143,-0.3685333954105744,-3.3890039447257245,4,0.5
63.642918700394766,-0.369621112536589,-3.4101644154247217,4,0.5
64.08559020717105,-0.37070558705903867,-3.4314186580128205,4,0.5
64.5313407377714,-0.3718258553499873,-3.452792352776237,4,0.5
64.98019170850016,-0.37293723752100916,-3.47425591739917,4,0.5
65.43216468462381,-0.37406589946339047,-3.4958266341308275,4,0.5
65.8872813814072,-0.3752251308024108,-3.5175135440154426,4,0.5
66.34556366515669,-0.3763831496194143,-3.539295129478303,4,0.5
66.80703355427093,-0.3775403784308965,-3.561171411944271,4,0.5
67.27171322029855,-0.3787294404032198,-3.5831647431569635,4,0.5
67.73962498900357,-0.37991857199752,-3.6052531367595355,4,0.5
68.21079134143795,-0.38113396698195234,-3.6274547418451166,4,0.5
68.68523491502174,-0.38235675200141034,-3.649756285605441,4,0.5
69.16297850463066,-0.38358093801904863,-3.672153298752003,4,0.5
69.6440450636914,-0.38483917196828366,-3.694668964108476,4,0.5
70.12845770528428,-0.38609328392590125,-3.7172758327580215,4,0.5
70.61623970325388,-0.38736949318917024,-3.739992632197918,4,0.5
71.10741449332713,-0.3886553954468882,-3.7628102436301485,4,0.5
71.60200567423932,-0.3899385934569226,-3.78571928000867,4,0.5
72.10003700886796,-0.39126463479493,-3.808753292785686,4,0.5
72.60153242537443,-0.39258894555533075,-3.8318791061425586,4,0.5
73.10651601835362,-0.39393133427574173,-3.855111285941892,4,0.5
73.61501204999159,-0.39528586548017164,-3.8784451985141337,4,0.5
74.12704495123128,-0.39665304732574574,-3.901881017531286,4,0.5
74.64263932294622,-0.39802052062246046,-3.925408965755501,4,0.5
75.16181993712259,-0.39942098985451513,-3.949054087675008,4,0.5
75.68461173804933,-0.4008356711082322,-3.972801750780069,4,0.5
76.21103984351666,-0.40225222492026225,-3.996641981684184,4,0.5
76.74112954602285,-0.4036905001684698,-4.020590146549878,4,0.5
77.27490631398935,-0.40513817032760435,-4.044636251085057,4,0.5
77.81239579298456,-0.4066150958366679,-4.068796014694018,4,0.5
78.3536238069559,-0.40808965618352144,-4.093043710763229,4,0.5
78.8986163594705,-0.40958816045756163,-4.117400355261651,4,0.5
79.44739963496465,-0.4111047449225161,-4.14186100924343,4,0.5
80.00000000000179,-0.4126206825498973,-4.166409882636942,4,0.5
80.55644400453932,-0.4141687357897419,-4.191073878934922,4,0.5
81.11675838320417,-0.41571088610216667,-4.2158209322173255,4,0.5
81.68097005657731,-0.4172734736335279,-4.2406727712437995,4,0.5
82.24910613248719,-0.41885710429523726,-4.265629720867777,4,0.5
82.8211939073121,-0.4204623908774749,-4.290692121547808,4,0.5
83.39726086729164,-0.42207708420564455,-4.315849140874337,4,0.5
83.97733468984731,-0.42369537746133107,-4.341095270698695,4,0.5
84.56144324491237,-0.4253436422684754,-4.366453236986178,4,0.5
85.14961459627077,-0.42700965085972165,-4.391912133251563,4,0.5
85.74187700290544,-0.4286747496724499,-4.417454977380024,4,0.5
86.33825892035618,-0.430358896561506,-4.443099116787334,4,0.5
86.93878900208668,-0.43208205503104363,-4.468862424819092,4,0.5
87.54349610086122,-0.4337869915969004,-4.49469264377138,4,0.5
88.15240927013093,-0.435525852779447,-4.5206368317765735,4,0.5
88.7655577654297,-0.4372671553106503,-4.5466657669097,4,0.5
89.38297104577971,-0.4390308912085695,-4.572797534300142,4,0.5
90.00467877510688,-0.4408177591005614,-4.599032576189015,4,0.5
90.63071082366605,-0.4426155989113933,-4.625359141389027,4,0.5
91.26109726947607,-0.44442512454497424,-4.651777452785647,4,0.5
91.895868399765,-0.4462599228369863,-4.678300155714278,4,0.5
92.53505471242522,-0.4481078563632478,-4.7049153035991775,4,0.5
93.17868691747873,-0.44995679585031895,-4.731610609997931,4,0.5
93.82679593855258,-0.4518332152472707,-4.758411471700781,4,0.5
94.47941291436473,-0.45373143228201235,-4.785312132919807,4,0.5
95.13656920022001,-0.4556200429986613,-4.81228095235453,4,0.5
95.79829636951663,-0.45754483981731325,-4.839363127305391,4,0.5
96.4646262152632,-0.45948086607472616,-4.866533413259147,4,0.5
97.13559075160614,-0.46143533441422113,-4.8937987118762685,4,0.5
97.81122221536789,-0.46340260042158843,-4.92115290051829,4,0.5
98.49155306759573,-0.4653898913711817,-4.948603042565246,4,0.5
99.17661599512138,-0.467385145749733,-4.97613626179921,4,0.5
99.86644391213144,-0.4694084694555533,-5.003773187128751,4,0.5
100.56106996174877,-0.47144138385170664,-5.031494141641123,4,0.5
101.26052751762494,-0.4734847136809551,-5.059299505459292,4,0.5
101.96485018554354,-0.4755521545801283,-5.087203545635716,4,0.5
102.67407180503491,-0.4776188184625345,-5.115179116685928,4,0.5
103.388226451002,-0.479717710805839,-5.143261545898893,4,0.5
104.10734843535732,-0.48182395806020184,-5.171423511592879,4,0.5
104.83147230867174,-0.4839512845855044,-5.19967970040657,4,0.5
105.56063286183424,-0.4860941265279103,-5.2280237035845545,4,0.5
106.29486512772365,-0.4882404953346017,-5.256441704796186,4,0.5
107.03420438289172,-0.4904298636174813,-5.284977855833936,4,0.5
107.778686149258,-0.4926116661265386,-5.313574774896652,4,0.5
108.52834619581655,-0.4948125257514726,-5.342262226366449,4,0.5
109.28322054035448,-0.497033345170492,-5.371041063531791,4,0.5
110.04334545118235,-0.4992493061705994,-5.39988213481018,4,0.5
110.80875744887686,-0.501512780083843,-5.428846286997423,4,0.5
111.57949330803534,-0.5037732340913038,-5.457874192126916,4,0.5
112.35559005904271,-0.5060508930667003,-5.486989286770206,4,0.5
113.13708498985058,-0.5083402603718563,-5.516184779307809,4,0.5
113.92401564776874,-0.5106551421948549,-5.545477099864332,4,0.5
114.71641984126921,-0.5129836222046553,-5.574851772087344,4,0.5
115.51433564180275,-0.5153202219147247,-5.6043018282032815,4,0.5
116.31780138562794,-0.5176659009567144,-5.633828097351536,4,0.5
117.12685567565316,-0.5200473557265057,-5.663463604511766,4,0.5
117.94153738329126,-0.5224205289811872,-5.693153353946558,4,0.5
118.76188565032712,-0.5248185613695839,-5.7229385887504876,4,0.5
119.58793989079828,-0.5272360029472452,-5.752812528927467,4,0.5
120.41973979288862,-0.5296481084670857,-5.782743384531992,4,0.5
121.25732532083512,-0.5320944704331885,-5.812781839951435,4,0.5
122.10073671684803,-0.5345567872296524,-5.842904516874133,4,0.5
122.95001450304433,-0.5370296277640724,-5.873104289285941,4,0.5
123.80519948339456,-0.5395139989787218,-5.903382376276332,4,0.5
124.66633274568338,-0.5420044779208582,-5.9337314732232285,4,0.5
125.53345566348355,-0.5445213835853396,-5.964178716198664,4,0.5
126.40660989814381,-0.547039997808034,-5.994691035941048,4,0.5
127.28583740079048,-0.5495870836600117,-6.025304694664545,4,0.5
128.17118041434307,-0.5521250577104728,-6.055968545817285,4,0.5
129.0626814755438,-0.5546999981500337,-6.086745887275686,4,0.5
129.9603834170013,-0.5572743258428965,-6.1175851308506175,4,0.5
130.86432936924862,-0.5598683850047188,-6.1485146452651565,4,0.5
131.77456276281538,-0.5624703428294894,-6.179518076415679,4,0.5
132.69112733031437,-0.5650876777860389,-6.210606176682872,4,0.5
133.61406710854286,-0.5677214346728603,-6.241780792818927,4,0.5
134.5434264405981,-0.5703662225534857,-6.273034524849806,4,0.5
135.47924997800817,-0.5730166507832068,-6.304359776336906,4,0.5
136.42158268287693,-0.575686644901326,-6.33577716015766,4,0.5
137.3704698300445,-0.5783643783825779,-6.36726977439981,4,0.5
138.32595700926237,-0.5810444618142143,-6.398829844234925,4,0.5
139.28809012738384,-0.5837472652584215,-6.4304881289105795,4,0.5
140.25691541056963,-0.5864738430624785,-6.462247068481772,4,0.5
141.23247940650882,-0.5891930438375211,-6.494060038597845,4,0.5
142.2148289866553,-0.5919252394122217,-6.525958271002265,4,0.5
143.20401134847972,-0.5946714805758755,-6.557944029821838,4,0.5
144.200074017737,-0.5974392602191325,-6.590029722628338,4,0.5
145.20306485074994,-0.6002102984444433,-6.622187627811598,4,0.5
146.2130320367083,-0.6029727506302427,-6.654399410211173,4,0.5
147.2300240999843,-0.6057727681247546,-6.686738755553861,4,0.5
148.25408990246365,-0.6085727272593819,-6.7191469051946555,4,0.5
149.28527864589356,-0.6113930011399872,-6.7516572819313385,4,0.5
150.32363987424628,-0.6141959462493471,-6.784209680357287,4,0.5
151.3692234760998,-0.6170277172520735,-6.8168798433272135,4,0.5
152.42207968703445,-0.6198700018578095,-6.84963906033896,4,0.5
153.48225909204683,-0.6227109236549498,-6.882468513768373,4,0.5
154.54981262797986,-0.6255643951106122,-6.915392177908694,4,0.5
155.6247915859703,-0.6284378792482742,-6.94842384398692,4,0.5
156.70724761391295,-0.6313130302122003,-6.981533719201499,4,0.5
157.79723271894218,-0.6342037488201919,-7.014746531491404,4,0.5
158.8947992699305,-0.6370852154347263,-7.048020758054393,4,0.5
160.0000000000048,-0.6399842244444507,-7.0814036327648315,4,0.5
161.11288800907985,-0.6428888452792836,-7.114875806914744,4,0.5
162.23351676640956,-0.6458065011799246,-7.148451605123601,4,0.5
163.36194011315587,-0.6487187811045668,-7.182099753398908,4,0.5
164.49821226497562,-0.6516524626657171,-7.215869181589518,4,0.5
165.6423878146254,-0.654589113605544,-7.249728527893636,4,0.5
166.79452173458452,-0.6575167395553492,-7.283657237490507,4,0.5
167.9546693796959,-0.6604685602553904,-7.31771712564916,4,0.5
169.12288648982604,-0.6634261026752354,-7.351876295092827,4,0.5
170.29922919254284,-0.6663773326705303,-7.38611389834514,4,0.5
171.4837540058122,-0.6693489880186496,-7.420481199815652,4,0.5
172.6765178407137,-0.6723225457863619,-7.454945471643563,4,0.5
173.87757800417467,-0.6753053276853281,-7.489522205994011,4,0.5
175.08699220172375,-0.678278768768331,-7.5241777321802905,4,0.5
176.30481854026317,-0.6812630994693054,-7.558952304389629,4,0.5
177.53111553086072,-0.6842526625128866,-7.593837011901565,4,0.5
178.7659420915608,-0.6872482536619278,-7.62883532226123,4,0.5
180.00935755021513,-0.6902571283393845,-7.663963548919027,4,0.5
181.26142164733346,-0.6932606239994211,-7.699186960885046,4,0.5
182.52219453895353,-0.6962594781324141,-7.734508648699025,4,0.5
183.7917367995314,-0.6992803310218644,-7.7699840278189605,4,0.5
185.07010942485184,-0.702278531030789,-7.8055253155127735,4,0.5
186.35737383495882,-0.705306613762179,-7.841240995454488,4,0.5
187.65359187710658,-0.708326356505783,-7.877055680838445,4,0.5
188.95882582873088,-0.7113513712856273,-7.912999359595141,4,0.5
190.27313840044144,-0.7143757971469351,-7.94906217460222,4,0.5
191.59659273903472,-0.7174067261302898,-7.985261241610729,4,0.5
192.92925243052787,-0.7204382507552803,-8.021586590313627,4,0.5
194.27118150321374,-0.7234579389219188,-8.058014010392295,4,0.5
195.62244443073726,-0.7264987958403517,-8.094616319506573,4,0.5
196.98310613519297,-0.7295288568385971,-8.131327658178582,4,0.5
198.35323199024427,-0.7325615973495759,-8.168179395943133,4,0.5
199.73288782426437,-0.7355974787980544,-8.205175187685688,4,0.5
201.12213992349908,-0.7386369372510132,-8.242318712248457,4,0.5
202.5210550352514,-0.7416803828315798,-8.279613669208963,4,0.5
203.9297003710886,-0.7447151798790451,-8.317034550979963,4,0.5
205.3481436100714,-0.7477546947873065,-8.35461387742006,4,0.5
206.77645290200556,-0.7507927416908682,-8.392340554415354,4,0.5
208.21469687071618,-0.7538230966738724,-8.430203052689844,4,0.5
209.66294461734503,-0.7568590545763542,-8.468234554202235,4,0.5
211.12126572367004,-0.7599008568561288,-8.506438797395191,4,0.5
212.5897302554489,-0.7629421904957362,-8.544804238159987,4,0.5
214.06840876578502,-0.7659701741581987,-8.583303477918001,4,0.5
215.5573722985176,-0.7690110522620958,-8.622001217149382,4,0.5
217.05669239163473,-0.7720388200465406,-8.660839002553008,4,0.5
218.5664410807106,-0.7750731435309394,-8.699866663257767,4,0.5
220.08669090236637,-0.7780944596166419,-8.73904026874071,4,0.5
221.6175148977554,-0.7811223840028412,-8.77841027070749,4,0.5
223.15898661607235,-0.7841569006384372,-8.817980222690585,4,0.5
224.71118011808713,-0.7871717696629155,-8.857688803559299,4,0.5
226.27416997970286,-0.7901930697903535,-8.897603352016397,4,0.5
227.8480312955392,-0.7932141254866653,-8.937710822881058,4,0.5
229.43283968254013,-0.7962282121041129,-8.977997627437745,4,0.5
231.02867128360725,-0.7992416751652811,-9.01848300612267,4,0.5
232.63560277125762,-0.8022477086108901,-9.059152981817215,4,0.5
234.25371135130806,-0.805252588662726,-9.100026883592902,4,0.5
235.88307476658426,-0.8082494255279762,-9.141090320148558,4,0.5
237.523771300656,-0.811257572690183,-9.182397072372003,4,0.5
239.17587978159838,-0.8142569206533068,-9.223898432149364,4,0.5
240.83947958577906,-0.8172404391598431,-9.265578960830021,4,0.5
242.51465064167206,-0.8202405538799415,-9.307528036189591,4,0.5
244.2014734336979,-0.8232172448391075,-9.349642762841842,4,0.5
245.9000290060905,-0.8261962888268772,-9.391995349726171,4,0.5
247.61039896679097,-0.8291770951044725,-9.434588102691304,4,0.5
249.33266549136863,-0.8321524298794934,-9.477405104059029,4,0.5
251.06691132696898,-0.8351216058957132,-9.520447999856477,4,0.5
252.81321979628953,-0.8380772831697719,-9.56369992822459,4,0.5
254.5716748015829,-0.8410451308022643,-9.607235819503147,4,0.5
256.3423608286881,-0.8439978970001603,-9.65098355042588,4,0.5
258.12536295108947,-0.8469413297297089,-9.694962508577598,4,0.5
259.9207668340045,-0.8498877775170897,-9.739211357220487,4,0.5
261.72865873849923,-0.8528230528733667,-9.78369351178769,4,0.5
263.54912552563275,-0.8557594333029007,-9.828447829224931,4,0.5
265.38225466063074,-0.8587025475737202,-9.873494769962925,4,0.5
267.2281342170877,-0.8616247667392202,-9.918757855494789,4,0.5
269.08685288119824,-0.8645382462122032,-9.964275775684222,4,0.5
270.95849995601833,-0.8674484783902721,-10.010068394606074,4,0.5
272.8431653657559,-0.8703675917323479,-10.056175824977442,4,0.5
274.74093966009104,-0.8732677090603925,-10.102518910076032,4,0.5
276.6519140185268,-0.8761675285820729,-10.149157214634428,4,0.5
278.5761802547697,-0.879065733021827,-10.196090837784032,4,0.5
280.51383082114137,-0.8819542757807691,-10.243299172922127,4,0.5
282.4649588130198,-0.8848384192250147,-10.290802024500305,4,0.5
284.42965797331277,-0.8877100124236623,-10.338578000132175,4,0.5
286.40802269696155,-0.8905876361619353,-10.38668853627099,4,0.5
288.40014803547615,-0.8934496570154037,-10.43507018570483,4,0.5
290.4061297015021,-0.8963213099715737,-10.483805986561785,4,0.5
292.42606407341884,-0.8991808512152087,-10.532831508664422,4,0.5
294.4600481999708,-0.9020333156969882,-10.582166332681812,4,0.5
296.50817980492957,-0.904870254539749,-10.631787000543525,4,0.5
298.5705572917893,-0.9077100961521898,-10.681756505155624,4,0.5
300.64727974849484,-0.9105578121776998,-10.732095423860093,4,0.5
302.73844695220185,-0.9133981036747247,-10.782758208267332,4,0.5
304.84415937407124,-0.9162088156497038,-10.833675435124166,4,0.5
306.964518184096,-0.9190353065405826,-10.885000191368364,4,0.5
309.09962525596205,-0.9218621415554336,-10.936686020028883,4,0.5
311.24958317194296,-0.924667007665385,-10.98866207588523,4,0.5
313.4144952278283,-0.927468173469574,-11.040992996419721,4,0.5
315.59446543788675,-0.9302635704774951,-11.093675674845894,4,0.5
317.7895985398634,-0.9330714863465696,-11.146776536023104,4,0.5
320.000000000012,-0.9358626007247807,-11.200199488190801,4,0.5
322.22577601816215,-0.9386483209599528,-11.253987165707105,4,0.5
324.4670335328215,-0.9414400719273903,-11.308183191060413,4,0.5
326.7238802263142,-0.944208311707959,-11.3626884545069,4,0.5
328.99642452995374,-0.946984880818319,-11.417617920096168,4,0.5
331.2847756292533,-0.9497606545615966,-11.472943818730245,4,0.5
333.5890434691715,-0.9525195788794718,-11.52861288091412,4,0.5
335.90933875939425,-0.9552866759205119,-11.584717943872766,4,0.5
338.2457729796546,-0.9580389537236657,-11.641180548854793,4,0.5
340.5984583850881,-0.960801446636022,-11.69809471237444,4,0.5
342.96750801162693,-0.9635441674474543,-11.75535556308262,4,0.5
345.3530356814299,-0.9662990404864606,-11.813083124531913,4,0.5
347.75515600835195,-0.9690428651813981,-11.87119642867593,4,0.5
350.1739844034501,-0.97178688149208,-11.929740497589735,4,0.5
352.60963708052907,-0.9745354391030603,-11.98873553168924,4,0.5
355.0622310617241,-0.9772720799312334,-12.048123899032847,4,0.5
357.53188418312425,-0.9799871793085025,-12.107872381314014,4,0.5
360.0187151004329,-0.9827266845558469,-12.168158051588033,4,0.5
362.52284329466966,-0.9854601593244492,-12.228870026925009,4,0.5
365.0443890779098,-0.9881779028445108,-12.28997449018351,4,0.5
367.58347359906554,-0.9908980848809051,-12.35154442442397,4,0.5
370.14021884970646,-0.9936249723023436,-12.413600328265433,4,0.5
372.7147476699204,-0.9963558355594025,-12.476135717643132,4,0.5
375.30718375421594,-0.9990668605040951,-12.53906108792704,4,0.5
377.9176516574646,-1.0017973343811322,-12.602533925137115,4,0.5
380.5462768008857,-1.0044952556963729,-12.666352812445947,4,0.5
383.1931854780723,-1.0072140538136043,-12.730732436644777,4,0.5
385.85850486105863,-1.0099297994827463,-12.795581781349618,4,0.5
388.5423630064304,-1.0126537726565163,-12.860949699450808,4,0.5
391.2448888614774,-1.0153689759415228,-12.926771394651066,4,0.5
393.96621227038884,-1.0180866848755445,-12.993095754716723,4,0.5
396.7064639804915,-1.0208040255907986,-13.059914662212988,4,0.5
399.4657756485318,-1.0235109784657412,-13.1271903255954,4,0.5
402.24427984700117,-1.0262402609386136,-13.195060818208631,4,0.5
405.04211007050577,-1.0289461962315352,-13.263341085721773,4,0.5
407.85940074218024,-1.0316615468035084,-13.332169879984553,4,0.5
410.69628722014585,-1.0343977912748108,-13.401599305368586,4,0.5
413.55290580401413,-1.0371161896663736,-13.47147051839939,4,0.5
416.42939374143555,-1.03983531934215,-13.541864424218998,4,0.5
419.3258892346932,-1.0425594731471446,-13.61280258064687,4,0.5
422.24253144734325,-1.0453002100091284,-13.68433797350135,4,0.5
425.179460510901,-1.0480402203955885,-13.756400319671734,4,0.5
428.13681753157323,-1.0507765804839406,-13.828980049843194,4,0.5
431.11474459703845,-1.0535208923710075,-13.90213040496831,4,0.5
434.11338478327275,-1.0562630078199595,-13.975810634002524,4,0.5
437.13288216142445,-1.0590073074156605,-14.050042810883955,4,0.5
440.173381804736,-1.061758220340374,-14.124849545311681,4,0.5
443.23502979551404,-1.0645275564322856,-14.200286428128576,4,0.5
446.31797323214806,-1.0672758262213513,-14.27618193711075,4,0.5
449.4223602361776,-1.0700515495759926,-14.35275430360173,4,0.5
452.5483399594091,-1.072837291243571,-14.429929799522135,4,0.5
455.6960625910818,-1.0756080931690495,-14.507599351752791,4,0.5
458.8656793650838,-1.0783980689691721,-14.585919183110313,4,0.5
462.0573425672179,-1.081197103149642,-14.664847159646088,4,0.5
465.2712055425187,-1.0839875707068178,-14.744306012670048,4,0.5
468.5074227026196,-1.0867964649411193,-14.824421621010513,4,0.5
471.76614953317204,-1.0896211456152773,-14.905185496428832,4,0.5
475.04754260131557,-1.0924289989619025,-14.986450283213555,4,0.5
478.3517595632003,-1.0952772713327024,-15.0684833455654,4,0.5
481.6789591715617,-1.0981258954394661,-15.151102649430722,4,0.5
485.02930128334776,-1.100972188815922,-15.234298067411006,4,0.5
488.40294686739946,-1.1038286044327874,-15.318130393614089,4,0.5
491.8000580121847,-1.1067077480459353,-15.402662058953716,4,0.5
495.2207979335857,-1.1095767585074605,-15.48774089290031,4,0.5
498.665330982741,-1.1124787107157994,-15.573573564576881,4,0.5
502.1338226539417,-1.1153807221581125,-15.660007044930367,4,0.5
505.62643959258287,-1.1183032466061833,-15.747141611167018,4,0.5
509.14334960316967,-1.1212285719708348,-15.834895255587993,4,0.5
512.68472165738,-1.1241696487955408,-15.923332815857833,4,0.5
516.2507259021829,-1.1271241546882904,-16.012445940432976,4,0.5
519.841533668013,-1.130089780572618,-16.102226125784966,4,0.5
523.4573174770023,-1.1330642309822536,-16.192664722139046,4,0.5
527.0982510512695,-1.1360607989151312,-16.28382934148781,4,0.5
530.7645093212655,-1.1390695384042286,-16.375674083792912,4,0.5
534.4562684341794,-1.1421039264572306,-16.468268025884512,4,0.5
538.1737057624005,-1.1451383681197007,-16.56148740900838,4,0.5
541.9169999120409,-1.1482021494260175,-16.655479712946065,4,0.5
545.6863307315159,-1.151269645569766,-16.75012023710508,4,0.5
549.4818793201863,-1.1543625088701583,-16.845519323795862,4,0.5
553.3038280370578,-1.1574709084380301,-16.941630485875677,4,0.5
557.1523605095437,-1.160584941012716,-17.03840616065234,4,0.5
561.027661642287,-1.1637345974781848,-17.135999932744987,4,0.5
564.9299176260438,-1.1668861334967475,-17.234243795738053,4,0.5
568.8593159466297,-1.170061737703992,-17.333252308814565,4,0.5
572.8160453939274,-1.1732677840531183,-17.433060634974034,4,0.5
576.8002960709567,-1.1765026807828889,-17.53366347073425,4,0.5
580.8122594030085,-1.1797242657805187,-17.63484685438755,4,0.5
584.8521281468421,-1.1829876332898548,-17.736895484549706,4,0.5
588.920096399946,-1.186291431557865,-17.839805583681684,4,0.5
593.0163596098636,-1.1895769466754071,-17.94327581441344,4,0.5
597.1411145835832,-1.1929163609409719,-18.047681886507043,4,0.5
601.2945594969942,-1.1962590561858757,-18.15276342997392,4,0.5
605.4768939044083,-1.1996614489923974,-18.258816697531362,4,0.5
609.688318748147,-1.203056118050397,-18.365491884741783,4,0.5
613.9290363681965,-1.206483173273318,-18.473000566651532,4,0.5
618.1992505119288,-1.2099331202676225,-18.58129508587457,4,0.5
622.4991663438906,-1.2134215742504975,-18.69045988219412,4,0.5
626.8289904556613,-1.2169222848494896,-18.800358417143425,4,0.5
631.1889308757782,-1.2204509644189594,-18.911075535110122,4,0.5
635.5791970797316,-1.2240151124477532,-19.022653138219347,4,0.5
640.0000000000289,-1.2276053496053305,-19.135043398477006,4,0.5
644.4515520363291,-1.2312122090701052,-19.248197494359335,4,0.5
648.9340670656479,-1.2348690436688903,-19.36229560038003,4,0.5
653.4477604526332,-1.2385408395610382,-19.477152198575194,4,0.5
657.9928490599125,-1.242243986680873,-19.59285678061169,4,0.5
662.5695512585116,-1.2459864927487627,-19.709454333861473,4,0.5
667.178086938348,-1.249767824647353,-19.82694397856693,4,0.5
671.8186775187937,-1.2535612492193424,-19.945182835756473,4,0.5
676.4915459593144,-1.257409915668747,-20.06440608497765,4,0.5
681.1969167701814,-1.2612871720311225,-20.18447113250573,4,0.5
685.935016023259,-1.2651836947127446,-20.30532862035445,4,0.5
690.7060713628651,-1.269125605131133,-20.42712220848471,4,0.5
695.5103120167091,-1.2730948796377393,-20.549755196970324,4,0.5
700.3479688069056,-1.2771180452509503,-20.67337410237102,4,0.5
705.2192741610634,-1.281159138051432,-20.79778360304484,4,0.5
710.1244621234536,-1.2852719818657896,-20.923280289292403,4,0.5
715.0637683662537,-1.28939341623141,-21.04951891284121,4,0.5
720.0374302008713,-1.2935594714907181,-21.17669859697487,4,0.5
725.0456865893448,-1.2977610905307204,-21.304770810388252,4,0.5
730.0887781558251,-1.3020074820293568,-21.43378760758079,4,0.5
735.1669471981365,-1.306298830208411,-21.563751336177223,4,0.5
740.2804376994185,-1.3106353666947825,-21.694664550346356,4,0.5
745.4294953398465,-1.3150080619966198,-21.82647838993181,4,0.5
750.6143675084376,-1.3194171196164621,-21.95919497044875,4,0.5
755.8353033149348,-1.3238909636795873,-22.092973223064078,4,0.5
761.0925536017771,-1.328392532450943,-22.227608337186425,4,0.5
766.3863709561504,-1.3329504726033081,-22.363260552515055,4,0.5
771.717009722123,-1.3375463925485223,-22.499828467670298,4,0.5
777.0847260128666,-1.3421998584939874,-22.63742202199278,4,0.5
782.4897777229608,-1.3468924047425235,-22.775939119568534,4,0.5
787.9324245407837,-1.351643872503383,-22.915491325232406,4,0.5
793.412927960989,-1.3564551162509952,-23.056084309179056,4,0.5
798.9315512970695,-1.361297810708066,-23.197560431841833,4,0.5
804.4885596940084,-1.366192082169185,-23.340032846055934,4,0.5
810.0842201410177,-1.3711388019401847,-23.483507076220473,4,0.5
815.7188014843666,-1.3761388930668559,-23.627988892173228,4,0.5
821.392574440298,-1.3811933307094848,-23.773484310767568,4,0.5
827.1058116080346,-1.3863131252398777,-23.92005556957499,4,0.5
832.8587874828772,-1.3914894731585918,-24.067653793642023,4,0.5
838.6517784693928,-1.3967235100559692,-24.21628574852099,4,0.5
844.4850628946929,-1.4019961603838103,-24.365844759735577,4,0.5
850.3589210218082,-1.4073389117076824,-24.516507760336523,4,0.5
856.2736350631529,-1.4127225079894585,-24.668110861688668,4,0.5
862.2294891940834,-1.4181788493536547,-24.82083325043978,4,0.5
868.226769566552,-1.4237198380232603,-24.974741837761364,4,0.5
874.2657643228554,-1.4292848928244202,-25.129496847854693,4,0.5
880.3467636094787,-1.4349375733326881,-25.285454873588332,4,0.5
886.4700595910348,-1.4406482705114332,-25.442449802963054,4,0.5
892.635946464303,-1.446418450126091,-25.600489806715068,4,0.5
898.844720472362,-1.452270860143806,-25.759702226366603,4,0.5
905.096679918825,-1.4581647324201552,-25.919858480788964,4,0.5
911.3921251821704,-1.4641442685722161,-26.081205908752704,4,0.5
917.7313587301744,-1.4702007157346269,-26.243695091667774,4,0.5
924.1146851344428,-1.4763034622544737,-26.40715448463702,4,0.5
930.5424110850445,-1.482486667840182,-26.57177472960999,4,0.5
937.0148454052463,-1.4887414064888427,-26.73750542142713,4,0.5
943.5322990663512,-1.4950806197506834,-26.904418189710594,4,0.5
950.0950852026382,-1.5014732120739915,-27.072339035113433,4,0.5
956.7035191264079,-1.507943143366065,-27.241400968158583,4,0.5
963.3579183431307,-1.514503715936114,-27.4116771895432,4,0.5
970.0586025667028,-1.521157272505994,-27.583179660436823,4,0.5
976.8058937348063,-1.5278495376008063,-27.755606166253425,4,0.5
983.6001160243768,-1.5346504229708997,-27.92934388013534,4,0.5
990.4415958671789,-1.5415053210499874,-28.104089087201057,4,0.5
997.3306619654895,-1.5484506357937469,-28.28004245893787,4,0.5
1004.267645307891,-1.5554888246445282,-28.457216243424877,4,0.5
1011.2528791851732,-1.5626107424093232,-28.63555863442815,4,0.5
1018.2866992063468,-1.5698187709431302,-28.815081480688697,4,0.5
1025.3694433147675,-1.5771035495400132,-28.995732030380218,4,0.5
1032.5014518043733,-1.5844792475275207,-29.1775868235354,4,0.5
1039.6830673360337,-1.5919364863884853,-29.360592983865462,4,0.5
1046.9146349540124,-1.5994776811990303,-29.54476238338992,4,0.5
1054.1965021025467,-1.6071415657016106,-29.730304757483875,4,0.5
1061.5290186425389,-1.6148705324147676,-29.91690400479976,4,0.5
1068.9125368683667,-1.622703440312065,-30.104770242199358,4,0.5
1076.347411524809,-1.6306062516993503,-30.2937168804411,4,0.5
1083.8339998240897,-1.6386431461155029,-30.484089859235738,4,0.5
1091.37266146304,-1.6467677587454468,-30.67563574770525,4,0.5
1098.9637586403808,-1.6549952452996208,-30.868434395881916,4,0.5
1106.607656074124,-1.6632906900841102,-31.06229605501881,4,0.5
1114.3047210190957,-1.6717324969802898,-31.257639652505016,4,0.5
1122.0553232845823,-1.6802350472060614,-31.45400372783534,4,0.5
1129.859835252096,-1.6888518810677147,-31.65167289062976,4,0.5
1137.7186318932681,-1.6975861666789671,-31.85066110354565,4,0.5
1145.6320907878635,-1.7064281332988673,-32.050913535503675,4,0.5
1153.600592141922,-1.7153677518871049,-32.252374526632,4,0.5
1161.6245188060257,-1.7244210692465736,-32.45512640282718,4,0.5
1169.704256293693,-1.7335912716450999,-32.659182930456055,4,0.5
1177.840192799901,-1.7428415974413345,-32.86434841112368,4,0.5
1186.032719219736,-1.752228292638175,-33.070915143890986,4,0.5
1194.2822291671753,-1.7617414842674313,-33.278827608099185,4,0.5
1202.5891189939975,-1.771371026318271,-33.48802947382074,4,0.5
1210.9537878088256,-1.7810928106074924,-33.69839287544765,4,0.5
1219.3766374963034,-1.7909371690146982,-33.91007218200188,4,0.5
1227.8580727364024,-1.800921340548911,-34.12315240178794,4,0.5
1236.3985010238666,-1.8110350916829578,-34.33757668547851,4,0.5
1244.9983326877905,-1.821253859839668,-34.553215830151544,4,0.5
1253.657980911332,-1.8315806796287593,-34.77008266220757,4,0.5
1262.377861751566,-1.8420613092366906,-34.98840605083052,4,0.5
1271.1583941594727,-1.8526567911178944,-35.20798421100851,4,0.5
1280.0000000000673,-1.863384751233939,-35.428902557272835,4,0.5
1288.9031040726677,-1.8742632529853565,-35.65124731157057,4,0.5
1297.8681341313059,-1.885237816625098,-35.87474180700336,4,0.5
1306.8955209052763,-1.8963847416205049,-36.099762706110354,4,0.5
1315.9856981198345,-1.9076491996701217,-36.326032505826134,4,0.5
1325.1391025170333,-1.919079095135978,-36.55378368986825,4,0.5
1334.3561738767062,-1.9306036780146978,-36.78266348495766,4,0.5
1343.6373550375972,-1.942301145527279,-37.01305156667323,4,0.5
1352.9830919186386,-1.9541150717772275,-37.24466729352777,4,0.5
1362.393833540373,-1.9661097850751736,-37.47781852303172,4,0.5
1371.8700320465282,-1.9781974122851473,-37.71207533481196,4,0.5
1381.4121427257405,-1.9904735850892465,-37.947894194873015,4,0.5
1391.0206240334287,-2.002880520424257,-38.184992016307824,4,0.5
1400.6959376138216,-2.015453033929457,-38.42353001908022,4,0.5
1410.4385483221372,-2.028195231455262,-38.663521335952204,4,0.5
1420.2489242469178,-2.0410635621628135,-38.904755069984475,4,0.5
1430.1275367325184,-2.054109352499084,-39.14746747747184,4,0.5
1440.0748604017533,-2.0672724186919007,-39.39137200572652,4,0.5
1450.0913731787002,-2.080653210743624,-39.63693008057146,4,0.5
1460.177556311661,-2.0941587829635577,-39.883704648803175,4,0.5
1470.3338943962842,-2.1078416663354442,-40.13193269589275,4,0.5
1480.560875398848,-2.12167297854437,-40.38147602582258,4,0.5
1490.8589906797042,-2.1357230227705113,-40.632647560560216,4,0.5
1501.2287350168863,-2.1498625900845973,-40.88485675262605,4,0.5
1511.670606629881,-2.164263003512165,-41.13886872343587,4,0.5
1522.1851072035656,-2.1787600509373433,-41.39394102093175,4,0.5
1532.772741912312,-2.1934589496946786,-41.65053758575841,4,0.5
1543.4340194442575,-2.208364306376675,-41.90866991856084,4,0.5
1554.1694520257447,-2.2234114009285504,-42.168046845168625,4,0.5
1564.9795554459333,-2.238638509556752,-42.42883041570142,4,0.5
1575.8648490815792,-2.254067309810495,-42.69110712397974,4,0.5
1586.8258559219898,-2.269702308246041,-42.954887684224346,4,0.5
1597.863102594151,-2.285476810768945,-43.21987986400672,4,0.5
1608.9771193880288,-2.3014836964670224,-43.48647238778729,4,0.5
1620.1684402820476,-2.317655793924088,-43.75437267882763,4,0.5
1631.4376029687455,-2.333996773093642,-44.02359077036696,4,0.5
1642.7851488806082,-2.3506018232515262,-44.29451471850599,4,0.5
1654.2116232160815,-2.3673292128773578,-44.566549047005374,4,0.5
1665.7175749657672,-2.38429289675186,-44.84015696981443,4,0.5
1677.303556938798,-2.4014791925239103,-45.11527197548096,4,0.5
1688.9701257893985,-2.4188552057140953,-45.391752033885744,4,0.5
1700.7178420436294,-2.4364438271341475,-45.66968149898454,4,0.5
1712.5472701263188,-2.454192377357369,-45.948843048545406,4,0.5
1724.4589783881795,-2.472199965425183,-46.229621813383005,4,0.5
1736.453539133117,-2.4903754579251554,-46.511649777753156,4,0.5
1748.531528645724,-2.5087999081618824,-46.795235716279834,4,0.5
1760.6935272189705,-2.5274392478017154,-47.080237081543274,4,0.5
1772.940119182083,-2.5462781083319266,-47.36658672305689,4,0.5
1785.2718929286193,-2.5653600142327404,-47.654441687961196,4,0.5
1797.6894409447373,-2.584649909930442,-47.943659670133194,4,0.5
1810.1933598376636,-2.604211964430578,-48.23447098093851,4,0.5
1822.7842503643546,-2.623930423109639,-48.526436064861926,4,0.5
1835.4627174603627,-2.643869161676888,-48.819785198674225,4,0.5
1848.2293702688994,-2.6641140684677116,-49.11482024085146,4,0.5
1861.0848221701028,-2.6845681528919307,-49.411176912818775,4,0.5
1874.0296908105065,-2.705235304457394,-49.70886165505751,4,0.5
1887.0645981327166,-2.7261194538140305,-50.00788067156127,4,0.5
1900.190170405291,-2.747287408277423,-50.308458942218174,4,0.5
1913.4070382528298,-2.7687022043750567,-50.610454520126,4,0.5
1926.715836686276,-2.7903258759537364,-50.9137269520326,4,0.5
1940.1172051334202,-2.8122261383228238,-51.21849885077166,4,0.5
1953.611787469627,-2.8344079127340804,-51.524773386229676,4,0.5
1967.2002320487684,-2.856746555589508,-51.83212291233619,4,0.5
1980.8831917343723,-2.879396825856137,-52.14105500275066,4,0.5
1994.661323930994,-2.9023204275190717,-52.45142850475358,4,0.5
2008.535290615797,-2.9254780470619055,-52.76310421388397,4,0.5
2022.5057583703617,-2.9488957362050936,-53.076156617267586,4,0.5
2036.573398412709,-2.9725778485627137,-53.39058840183125,4,0.5
2050.7388866295505,-2.996528771496795,-53.706401885589386,4,0.5
2065.0029036087626,-3.0207529252134813,-54.02359900662191,4,0.5
2079.366134672083,-3.0452094467635975,-54.34204310591211,4,0.5
2093.8292699080407,-3.0699931849178608,-54.662012503857234,4,0.5
2108.3930042051093,-3.0950177582497895,-54.98323233057409,4,0.5
2123.0580372850936,-3.1203099700582464,-55.30577325021368,4,0.5
2137.82507373675,-3.1459203661372763,-55.62977147664661,4,0.5
2152.6948230496346,-3.171783986030741,-55.955024030255935,4,0.5
2167.6679996481957,-3.197975009428153,-56.28173251746961,4,0.5
2182.7453229260964,-3.224404155625145,-56.609629509593624,4,0.5
2197.927517280778,-3.251146048389335,-56.93891449552217,4,0.5
2213.2153121482643,-3.278181538168959,-57.26952001282687,4,0.5
2228.6094420382083,-3.3054909733843436,-57.60138007066551,4,0.5
2244.1106465691814,-3.333078305330579,-57.9344945049785,4,0.5
2259.7196705042093,-3.3609959731313683,-58.26899023648316,4,0.5
2275.4372637865536,-3.389224384418756,-58.60479999726469,4,0.5
2291.2641815757443,-3.4177189533939396,-58.941795503530756,4,0.5
2307.2011842838615,-3.446532561790176,-59.28010083386404,4,0.5
2323.2490376120686,-3.4756448909530135,-59.61965061691883,4,0.5
2339.4085125874035,-3.5050600004700545,-59.960442270404194,4,0.5
2355.6803855998196,-3.534831970351491,-60.30259351258075,4,0.5
2372.0654384394898,-3.564915387455197,-60.645977789728754,4,0.5
2388.5644583343683,-3.5952890920123965,-60.99053204923875,4,0.5
2405.178237988013,-3.6259568141083545,-61.33625382862241,4,0.5
2421.9075756176694,-3.6569988107609177,-61.68331386415026,4,0.5
2438.753274992625,-3.6883174367702183,-62.03147424691046,4,0.5
2455.716145472823,-3.719967584605613,-62.380846344362,4,0.5
2472.797002047752,-3.751953390920523,-62.73142406114053,4,0.5
2489.9966653755996,-3.7842789953494016,-63.083200831359555,4,0.5
2507.3159618226828,-3.8169224238123913,-63.436115173820056,4,0.5
2524.755723503151,-3.8498874585504694,-63.7901617287959,4,0.5
2542.3167883189644,-3.8832569448738856,-64.14549367168111,4,0.5
2560.0000000001537,-3.916876905179762,-64.50178467939719,4,0.5
2577.806208145355,-3.950856419342051,-64.85924076531221,4,0.5
2595.736268262631,-3.9852263251536635,-65.21790327426676,4,0.5
2613.7910418105726,-4.01991064099065,-65.57761023431172,4,0.5
2631.971396239689,-4.054966660483301,-65.93845425277472,4,0.5
2650.2782050340866,-4.090290321479254,-66.3002312408729,4,0.5
2668.7123477534324,-4.126020152359262,-66.66317711731055,4,0.5
2687.274710075215,-4.162133310822382,-67.02723097112951,4,0.5
2705.9661838372976,-4.19857912468976,-67.39228887867677,4,0.5
2724.7876670807664,-4.235361002306794,-67.75834314864476,4,0.5
2743.740064093077,-4.272509930144493,-68.1254297710941,4,0.5
2762.824285451502,-4.310029616753493,-68.49353762373194,4,0.5
2782.0412480668783,-4.347923753737499,-68.86265511807892,4,0.5
2801.391875227664,-4.386168121791584,-69.23272881762853,4,0.5
2820.8770966442953,-4.424710089395295,-69.60366803520212,4,0.5
2840.4978484938565,-4.463720949390125,-69.97570536299594,4,0.5
2860.2550734650586,-4.503064261077175,-70.34862605280792,4,0.5
2880.1497208035285,-4.542771321015006,-70.72245955188815,4,0.5
2900.1827463574223,-4.582873791725694,-71.09723110490702,4,0.5
2920.355112623344,-4.623346748254375,-71.47289026369899,4,0.5
2940.6677887925907,-4.664193431963292,-71.84942475611122,4,0.5
2961.121750797718,-4.705417061665421,-72.226821899691,4,0.5
2981.717981359431,-4.747049564688692,-72.60510129258851,4,0.5
3002.4574700337953,-4.789036729427001,-72.98418302750443,4,0.5
3023.3412132597846,-4.831352542923092,-73.36402560839988,4,0.5
3044.3702144071544,-4.874173519612436,-73.74479855516122,4,0.5
3065.545483824648,-4.917242158561575,-74.12621763825233,4,0.5
3086.868038888538,-4.9608225786486715,-74.50853096309952,4,0.5
3108.338904051513,-5.004743439278325,-74.89155170979495,4,0.5
3129.9591108918903,-5.049095133386928,-75.27534638719114,4,0.5
3151.7296981631816,-5.093763396593786,-75.65979839619999,4,0.5
3173.651711844004,-5.138868215376476,-76.0449934637038,4,0.5
3195.726205188326,-5.184383180716074,-76.43088914327797,4,0.5
3217.954238776082,-5.230252012551587,-76.81742607249531,4,0.5
3240.3368805641194,-5.276625226400359,-77.20469212160532,4,0.5
3262.8752059375156,-5.323357723105318,-77.5925654989935,4,0.5
3285.570297761241,-5.370392370199369,-77.98099928626104,4,0.5
3308.4232464321876,-5.41790991961495,-78.37008653114142,4,0.5
3331.435149931559,-5.465823784450085,-78.75975529764236,4,0.5
3354.607113877621,-5.514136380720381,-79.14998933695044,4,0.5
3377.9402515788224,-5.562880033597747,-79.54078496885683,4,0.5
3401.4356840872842,-5.612057219511799,-79.93212176475504,4,0.5
3425.094540252663,-5.661580242602389,-80.3239473346971,4,0.5
3448.9179567763854,-5.711541331650719,-80.71627928106643,4,0.5
3472.9070782662598,-5.761882572484,-81.10907987630789,4,0.5
3497.0630572914743,-5.812666323383807,-81.50234845311348,4,0.5
3521.387054437968,-5.863894803268551,-81.89606293951066,4,0.5
3545.880238364193,-5.915479497246233,-82.2901873516743,4,0.5
3570.543785857265,-5.967452484084262,-82.68471323520792,4,0.5
3595.378881889502,-6.019936771371994,-83.07963328682179,4,0.5
3620.3867196753545,-6.072722369170947,-83.47491084182188,4,0.5
3645.5685007287366,-6.126053475630916,-83.87053781829562,4,0.5
3670.9254349207527,-6.1797197242389315,-84.2664904990611,4,0.5
3696.458740537827,-6.233874516119879,-84.6627453960192,4,0.5
3722.1696443402334,-6.288367755963393,-85.05929481874453,4,0.5
3748.0593816210417,-6.343292136827348,-85.4561130720698,4,0.5
3774.129196265462,-6.398679653193424,-85.85317245416664,4,0.5
3800.3803408106105,-6.454410244774364,-86.25047913782154,4,0.5
3826.8140765056887,-6.510637386336122,-86.64797742622432,4,0.5
3853.43167337258,-6.567240879315537,-87.04567930465475,4,0.5
3880.2344102668694,-6.624343716187969,-87.44352396356591,4,0.5
3907.223574939284,-6.681795160524687,-87.84154583109722,4,0.5
3934.400464097566,-6.739657292356517,-88.23970561934631,4,0.5
3961.7663834687746,-6.797992099017483,-88.63795381147128,4,0.5
3989.322647862018,-6.856739920875055,-89.0362970773176,4,0.5
4017.070581231624,-6.915871494493436,-89.43473411113692,4,0.5
4045.011516740754,-6.97544860327476,-89.83321111597435,4,0.5
4073.1467968254487,-7.0355025111415,-90.23168446252589,4,0.5
4101.477773259132,-7.095943122808659,-90.63019187661848,4,0.5
4130.005807217556,-7.156801660943659,-91.02869446873268,4,0.5
4158.732269344197,-7.218018458954418,-91.4272206054774,4,0.5
4187.658539816113,-7.279775766515392,-91.82560544447868,4,0.5
4216.78600841025,-7.341892822438984,-92.22397364863875,4,0.5
4246.116074570219,-7.4044609268790875,-92.62222880787675,4,0.5
4275.650147473531,-7.46745046190073,-93.02037595104521,4,0.5
4305.389646099301,-7.530801836576311,-93.41845534738911,4,0.5
4335.335999296423,-7.59460586555817,-93.81635908412098,4,0.5
4365.4906458522255,-7.658892828468034,-94.21402999413957,4,0.5
4395.8550345615895,-7.723573028401487,-94.61154217631857,4,0.5
4426.430624296562,-7.788617050094498,-95.0089138404873,4,0.5
4457.21888407645,-7.854174577223078,-95.40594899139813,4,0.5
4488.2212931383965,-7.920036962148779,-95.8028798128217,4,0.5
4519.439341008452,-7.986323865106844,-96.19954423885308,4,0.5
4550.874527573141,-8.053124317816206,-96.59580090638117,4,0.5
4582.528363151522,-8.120319468948653,-96.99178333232537,4,0.5
4614.402368567757,-8.18793899249017,-97.38743160617797,4,0.5
4646.498075224173,-8.255894470167785,-97.78285584314045,4,0.5
4678.817025174842,-8.324362624986058,-98.17777636864365,4,0.5
4711.360771199674,-8.393166821573278,-98.57243791392997,4,0.5
4744.130876879015,-8.462395143194716,-98.96668833951077,4,0.5
4777.128916668773,-8.53207642769944,-99.36045825981031,4,0.5
4810.356475976061,-8.602210068209882,-99.75372324874655,4,0.5
4843.815151235375,-8.67267947654536,-100.1466616444511,4,0.5
4877.506549985286,-8.743571604547958,-100.53910740277763,4,0.5
4911.432290945683,-8.814885920069278,-100.93103966610585,4,0.5
4945.594004095541,-8.886593119569199,-101.32249168674275,4,0.5
4979.9933307512365,-8.958750073281381,-101.71333575739034,4,0.5
5014.631923645403,-9.03127021999076,-102.10371667162977,4,0.5
5049.511447006339,-9.104210235376609,-102.49350572588713,4,0.5
5084.633576637967,-9.177569311840589,-102.88268240326454,4,0.5
5120.000000000346,-9.251290127242994,-103.2713452769993,4,0.5
5155.612416290749,-9.32545675714761,-103.6592987409288,4,0.5
5191.4725365253,-9.40001188061234,-104.04664260539553,4,0.5
5227.582083621183,-9.474898966597369,-104.43348518658877,4,0.5
5263.942792479418,-9.550284748416809,-104.81943370749566,4,0.5
5300.556410068212,-9.62600095537082,-105.20484720820613,4,0.5
5337.424695506905,-9.702130161884249,-105.58951794523809,4,0.5
5374.54942015047,-9.77867114849282,-105.9734262618087,4,0.5
5411.932367674636,-9.85556794549391,-106.35668802539244,4,0.5
5449.575334161574,-9.932874399423703,-106.73915243217168,4,0.5
5487.480128186196,-10.01053492473088,-107.12093948989047,4,0.5
5525.648570903045,-10.088629800422407,-107.50182413819965,4,0.5
5564.082496133798,-10.167103469829149,-107.88192763793201,4,0.5
5602.78375045537,-10.245981535999507,-108.26116161903259,4,0.5
5641.754193288633,-10.32520921908943,-108.63965422370072,4,0.5
5680.995696987757,-10.404785686056355,-109.01739251025542,4,0.5
5720.51014693016,-10.484789135188489,-109.39413817538096,4,0.5
5760.2994416071,-10.565165048012737,-109.7700225401145,4,0.5
5800.365492714889,-10.645886004150984,-110.14510725078068,4,0.5
5840.710225246731,-10.726976993056761,-110.51930204204272,4,0.5
5881.335577585225,-10.80848825167989,-110.8924347977496,4,0.5
5922.243501595481,-10.890340477111485,-111.26472393350119,4,0.5
5963.435962718906,-10.972583691702217,-111.63599688845015,4,0.5
6004.914940067636,-11.055139758173912,-112.00647982654567,4,0.5
6046.682426519615,-11.138083761899226,-112.37591783553748,4,0.5
6088.740428814354,-11.221338344588947,-112.74454213323699,4,0.5
6131.090967649341,-11.305077593018888,-113.11176006300829,4,0.5
6173.736077777122,-11.389074218972308,-113.47830321731136,4,0.5
6216.6778081030725,-11.473476405974214,-113.84365811312325,4,0.5
6259.918221783827,-11.558232496065227,-114.20797803898219,4,0.5
6303.4593963264115,-11.643291970300467,-114.57142226962323,4,0.5
6347.303423688055,-11.728726686613907,-114.93372123258763,4,0.5
6391.4524103767,-11.814510315819147,-115.29494762115807,4,0.5
6435.9084775522115,-11.900641040591156,-115.6550888079932,4,0.5
6480.673761128287,-11.987093224127662,-116.01422126859148,4,0.5
6525.750411875079,-12.073889092091374,-116.37224514640977,4,0.5
6571.140595522531,-12.16105023795202,-116.7290582188489,4,0.5
6616.846492864425,-12.248527613801038,-117.08482834498533,4,0.5
6662.870299863169,-12.336366096292696,-117.43936297807852,4,0.5
6709.214227755292,-12.4245172038123,-117.79283282953928,4,0.5
6755.880503157695,-12.512979411020428,-118.14522841986486,4,0.5
6802.871368174619,-12.601842027205741,-118.49616815460726,4,0.5
6850.189080505378,-12.690943714363774,-118.84629155776362,4,0.5
6897.835913552822,-12.780418697876168,-119.1950296903854,4,0.5
6945.814156532571,-12.870174993470085,-119.54274759856939,4,0.5
6994.126114583001,-12.96027770769295,-119.88915273589352,4,0.5
7042.774108875988,-13.05068040530341,-120.23442489825176,4,0.5
7091.760476728439,-13.141446734111245,-120.5782675073101,4,0.5
7141.087571714584,-13.232508772851796,-120.92095791790094,4,0.5
7190.757763779057,-13.323843389708074,-121.2625852107359,4,0.5
7240.773439350762,-13.415470654049969,-121.6030454982002,4,0.5
7291.137001457528,-13.50747336802786,-121.94193979472455,4,0.5
7341.850869841561,-13.5997640139549,-122.27964870311719,4,0.5
7392.917481075709,-13.692278430459536,-122.61646089318306,4,0.5
7444.339288680522,-13.785160842040051,-122.95167969860368,4,0.5
7496.118763242139,-13.878346101365821,-123.2855918327644,4,0.5
7548.258392530979,-13.971791301668805,-123.61838895568877,4,0.5
7600.760681621277,-14.065575803174626,-123.94966536010038,4,0.5
7653.628153011434,-14.159596343089923,-124.2799135759126,4,0.5
7706.863346745218,-14.253911614917122,-124.60882727488656,4,0.5
7760.468820533797,-14.348578375644681,-124.93609655407293,4,0.5
7814.447149878626,-14.443456218255301,-125.26242095498579,4,0.5
7868.800928195191,-14.538622209700327,-125.58739120449012,4,0.5
7923.532766937609,-14.634112438433712,-125.91079738984018,4,0.5
7978.645295724095,-14.729828410441804,-126.23314214137737,4,0.5
8034.141162463309,-14.825863649663471,-126.5539103926653,4,0.5
8090.023033481568,-14.92212125151905,-126.87360761910091,4,0.5
8146.293593650958,-15.018656004341208,-127.19192220003765,4,0.5
8202.955546518326,-15.11544716204148,-127.50895176993372,4,0.5
8260.011614435174,-15.212547591758689,-127.82438255320373,4,0.5
8317.464538688457,-15.309917820371378,-128.13841517555176,4,0.5
8375.317079632288,-15.407501714056274,-128.45135535324494,4,0.5
8433.572016820564,-15.50536942639204,-128.76278576005222,4,0.5
8492.232149140504,-15.603465291813308,-129.07301289657138,4,0.5
8551.300294947127,-15.701822812418822,-129.3818258366178,4,0.5
8610.779292198666,-15.800456933365862,-129.68911676258358,4,0.5
8670.671998592914,-15.899313401845847,-129.9951939404558,4,0.5
8730.981291704516,-15.998441764839777,-130.29974204210487,4,0.5
8791.710069123244,-16.097771873825724,-130.60317457639442,4,0.5
8852.86124859319,-16.197386164104458,-130.90496756480783,4,0.5
8914.437768152968,-16.29721526507943,-131.20553528710826,4,0.5
8976.44258627686,-16.397290496742848,-131.5046665436695,4,0.5
9038.878682016972,-16.497609517255,-131.80235884319927,4,0.5
9101.74905514635,-16.598169989247836,-132.09860989556066,4,0.5
9165.056726303115,-16.69892183864507,-132.39373121666102,4,0.5
9228.804737135582,-16.79989562366163,-132.6875119217641,4,0.5
9292.996150448414,-16.901151918422357,-132.97953202564364,4,0.5
9357.634050349754,-17.00259427643645,-133.27041722694847,4,0.5
9422.721542399418,-17.104267670253126,-133.5598524473271,4,0.5
9488.261753758103,-17.206200121552097,-133.8476274476531,4,0.5
9554.257833337617,-17.308268301794197,-134.13457707716154,4,0.5
9620.712951952195,-17.410606402998702,-134.41975995831012,4,0.5
9687.630302470823,-17.513137192758002,-134.70369758957875,4,0.5
9755.013099970645,-17.6159321605842,-134.98586756072154,4,0.5
9822.864581891441,-17.718872254520214,-135.26710391849915,4,0.5
9891.188008191157,-17.82204311851117,-135.5467804203054,4,0.5
9959.98666150255,-17.92541376845929,-135.8251053322677,4,0.5
10029.26384729088,-18.02898238383697,-136.102078444942,4,0.5
10099.022894012754,-18.13278874083646,-136.3773881064783,4,0.5
10169.26715327601,-18.236774872037053,-136.65145032954734,4,0.5
10240.000000000768,-18.34093940116678,-136.92426496547034,4,0.5
10311.224832581574,-18.44532128608827,-137.1955214671538,4,0.5
10382.945073050678,-18.54987799163433,-137.4655311102527,4,0.5
10455.164167242447,-18.654634491280742,-137.7340876023167,4,0.5
10527.885584958914,-18.759575571623554,-138.00129509807064,4,0.5
10601.112820136505,-18.864712367657212,-138.26705147612964,4,0.5
10674.849391013888,-18.97002995855592,-138.53146084718745,4,0.5
10749.098840301021,-19.075539228518394,-138.79442166400472,4,0.5
10823.864735349352,-19.181213050949044,-139.05614033182263,4,0.5
10899.15066832323,-19.28708718705248,-139.3163109589143,4,0.5
10974.960256372473,-19.393134664591678,-139.57514001388694,4,0.5
11051.297141806172,-19.49934167414481,-139.83273074657205,4,0.5
11128.16499226768,-19.60571887844204,-140.08898250188372,4,0.5
11205.567500910824,-19.712288275339468,-140.34369415676719,4,0.5
11283.508386577352,-19.81901226365994,-140.5971722205324,4,0.5
11361.991393975597,-19.92591273626672,-140.84921600706264,4,0.5
11441.020293860403,-20.03297618790144,-141.0999288375091,4,0.5
11520.598883214287,-20.140212309094665,-141.34921227981494,4,0.5
11600.730985429864,-20.247607869708016,-141.59716940641798,4,0.5
11681.420450493551,-20.355161240480054,-141.84380244281053,4,0.5
11762.671155170538,-20.462870801735793,-142.08911369926432,4,0.5
11844.48700319105,-20.570756649172992,-142.3329066348283,4,0.5
11926.871925437901,-20.678762798648883,-142.57568132377912,4,0.5
12009.82988013536,-20.786941806236324,-142.8169432583819,4,0.5
12093.36485303932,-20.895291381692395,-143.05669669390198,4,0.5
12177.4808576288,-21.003767738275002,-143.29533956795876,4,0.5
12262.181935298773,-21.112400811014393,-143.53257870373054,4,0.5
12347.472155554336,-21.22116841089795,-143.76861347324447,4,0.5
12433.355616206238,-21.330099450225703,-144.00315338233824,4,0.5
12519.836443567749,-21.439171881508138,-144.2363976866119,4,0.5
12606.918792652916,-21.548394004472108,-144.46825256730182,4,0.5
12694.606847376202,-21.6577348912719,-144.69901200596277,4,0.5
12782.904820753494,-21.767241658412395,-144.9281958061251,4,0.5
12871.816955104521,-21.876864446944325,-145.15629012642086,4,0.5
12961.347522256672,-21.98661181566331,-145.38320078052425,4,0.5
13051.500823750257,-22.096519684164218,-145.60854873769782,4,0.5
13142.28119104516,-22.206567332635853,-145.83253049730416,4,0.5
13233.69298572895,-22.316725860248212,-146.0554348066316,4,0.5
13325.740599726436,-22.42702132062945,-146.27698013319986,4,0.5
13418.428455510686,-22.53743430524775,-146.4973592952684,4,0.5
13511.761006315492,-22.647998691453818,-146.71620009347848,4,0.5
13605.74273634934,-22.75866897719398,-146.93397634624648,4,0.5
13700.378161010858,-22.869470015595155,-147.150410708689,4,0.5
13795.671827105747,-22.98037482527252,-147.36578625110178,4,0.5
13891.628313065248,-23.091424353912252,-147.5796430247125,4,0.5
13988.252229166108,-23.202591647855332,-147.79226421359778,4,0.5
14085.548217752083,-23.313859089950853,-148.0038372090175,4,0.5
14183.520953456982,-23.42525814365402,-148.21399874916187,4,0.5
14282.175143429275,-23.53677102018068,-148.4229370175722,4,0.5
14381.515527558222,-23.648404289313092,-148.63056561136426,4,0.5
14481.546878701633,-23.760140854981046,-148.8370703161015,4,0.5
14582.274002915165,-23.87199507893839,-149.04227458002765,4,0.5
14683.70173968323,-23.98395025984991,-149.24636282324238,4,0.5
14785.834962151528,-24.096012918445084,-149.44924916163907,4,0.5
14888.678577361155,-24.20820403177529,-149.65067167154623,4,0.5
14992.23752648439,-24.32047768171371,-149.85116850755796,4,0.5
15096.516785062071,-24.43286959206075,-150.05030065512292,4,0.5
15201.521363242668,-24.545356614543408,-150.2483378062381,4,0.5
15307.256306022984,-24.65795193033857,-150.44510881028927,4,0.5
15413.726693490553,-24.770647135025214,-150.64070625522078,4,0.5
15520.93764106771,-24.88344106309597,-150.8351347314078,4,0.5
15628.894299757369,-24.996332559857795,-151.02839885750618,4,0.5
15737.6018563905,-25.109327201426893,-151.22041751866877,4,0.5
15847.065533875337,-25.22241033294488,-151.41136729070004,4,0.5
15957.29059144831,-25.335600749693214,-151.6009967389358,4,0.5
16068.282324926739,-25.44887094960679,-151.78965133383133,4,0.5
16180.046066963258,-25.56224590546683,-151.9769966127789,4,0.5
16292.587187302037,-25.67568613538908,-152.16354269405517,4,0.5
16405.911093036775,-25.789235193588876,-152.34870556234483,4,0.5
16520.023228870472,-25.90289131616124,-152.5324935127104,4,0.5
16634.92907737704,-26.016610131312806,-152.7154935999354,4,0.5
16750.634159264704,-26.130427592857966,-152.89721229121926,4,0.5
16867.144033641256,-26.244330334976247,-153.07782058185927,4,0.5
16984.464298281135,-26.358317334631742,-153.2573233557042,4,0.5
17102.600589894384,-26.47239337443668,-153.43564439777938,4,0.5
17221.558584397462,-26.586534341947576,-153.6131126875824,4,0.5
17341.343997185955,-26.700779454414786,-153.78916731017816,4,0.5
17461.962583409164,-26.815098970140756,-153.96421760440825,4,0.5
17583.42013824662,-26.929497642709002,-154.13818780072296,4,0.5
17705.72249718651,-27.043974512036275,-154.3110828635897,4,0.5
17828.875536306066,-27.158523251486343,-154.48298652856752,4,0.5
17952.885172553855,-27.273159050053568,-154.65366749766352,4,0.5
18077.75736403408,-27.387859604922497,-154.8234450211254,4,0.5
18203.498110292836,-27.502645100391963,-154.99201141497872,4,0.5
18330.113452606365,-27.617509121251636,-155.15945123488441,4,0.5
18457.609474271307,-27.73243543106883,-155.3260010614707,4,0.5
18585.99230089697,-27.847438477003568,-155.49143434968826,4,0.5
18715.26810069965,-27.962507344319988,-155.65590932380977,4,0.5
18845.44308479898,-28.077660787818125,-155.81912736643935,4,0.5
18976.523507516347,-28.19285900282656,-155.98169884412812,4,0.5
19108.51566667538,-28.308149430377494,-156.1428745798595,4,0.5
19241.425903904536,-28.423502253683882,-156.30311214032915,4,0.5
19375.260604941792,-28.53890758276437,-156.46256349084732,4,0.5
19510.026199941436,-28.654401603908276,-156.62064087948792,4,0.5
19645.729163783028,-28.769942107120826,-156.7780146283875,4,0.5
19782.376016382463,-28.885555649066767,-156.93424782293218,4,0.5
19919.973323005244,-29.001236701580666,-157.08942033296788,4,0.5
20058.527694581913,-29.116971311137267,-157.24375466564743,4,0.5
20198.045788025658,-29.232771865009077,-157.39703839034397,4,0.5
20338.53430655217,-29.348633204384846,-157.54934903126713,4,0.5
20480.00000000169,-29.46456290580986,-157.7005497461382,4,0.5
20622.4496651633,-29.580543433408874,-157.8509300846459,4,0.5
20765.890146101516,-29.69658248854693,-158.00035242274885,4,0.5
20910.32833448505,-29.81268735699775,-158.14868222053627,4,0.5
21055.771169917985,-29.928841163849924,-158.29620438076248,4,0.5
21202.22564027317,-30.045055224267742,-158.44271457081845,4,0.5
21349.698782027936,-30.161317100438367,-158.588424830615,4,0.5
21498.197680602203,-30.277649241771844,-158.73292837680518,4,0.5
21647.72947069887,-30.394024043617716,-158.87670984120905,4,0.5
21798.301336646622,-30.510459816833297,-159.01943334366663,4,0.5
21949.920512745113,-30.62694826749185,-159.16124034897433,4,0.5
22102.59428361251,-30.74348149468819,-159.30226927720668,4,0.5
22256.32998453553,-30.86007339623316,-159.44225740700261,4,0.5
22411.135001821818,-30.976712468614714,-159.5814098730303,4,0.5
22567.01677315487,-31.09340515871295,-159.71959928003807,4,0.5
22723.98278795137,-31.210150691754727,-159.85683167608087,4,0.5
22882.04058772098,-31.326938138971016,-159.9933076548737,4,0.5
23041.197766428744,-31.44377717537062,-160.12883643588663,4,0.5
23201.4619708599,-31.560660451451305,-160.26355224750031,4,0.5
23362.840900987278,-31.677597261034425,-160.3972676332136,4,0.5
23525.342310341253,-31.79457710002462,-160.53017979308262,4,0.5
23688.974006382276,-31.911602674772574,-160.6622294686465,4,0.5
23853.743850875984,-32.02867026541229,-160.7934841394088,4,0.5
24019.6597602709,-32.1457948716214,-160.9236361639505,4,0.5
24186.729706078822,-32.262951024466034,-161.05319000973682,4,0.5
24354.96171525778,-32.38015670785528,-161.1817768239263,4,0.5
24524.363870597732,-32.49740517996186,-161.30952593467913,4,0.5
24694.944311108862,-32.61469588868812,-161.43644210553177,4,0.5
24866.711232412665,-32.73202249884678,-161.56265101946028,4,0.5
25039.672887135683,-32.849398983342525,-161.6878547102955,4,0.5
25213.837585306024,-32.96681319185494,-161.81230012112522,4,0.5
25389.213694752598,-33.084267492824544,-161.93593147866738,4,0.5
25565.809641507185,-33.20176685817404,-162.05863536724257,4,0.5
25743.63391020923,-33.31929700765305,-162.18071202126765,4,0.5
25922.695044513537,-33.43687112832299,-162.30187119623764,4,0.5
26103.00164750071,-33.55447794890393,-162.42235157441203,4,0.5
26284.562382090517,-33.67213020537535,-162.5418674248934,4,0.5
26467.385971458098,-33.789814246085164,-162.66071291931632,4,0.5
26651.481199453076,-33.90753993725345,-162.77866269526,4,0.5
26836.856911021572,-34.02529658658977,-162.89594974352647,4,0.5
27023.522012631187,-34.143086389901065,-163.0125201898131,4,0.5
27211.485472698885,-34.26091628716375,-163.1282096481392,4,0.5
27400.75632202192,-34.37878321321702,-163.2430801046108,4,0.5
27591.3436542117,-34.49668423861975,-163.35719211157135,4,0.5
27783.256626130707,-34.61461422258394,-163.47065969624924,4,0.5
27976.504458332423,-34.73257982953409,-163.5833212336277,4,0.5
28171.096435504372,-34.85057822996913,-163.69523595513948,4,0.5
28367.04190691418,-34.96860896510847,-163.80640767369832,4,0.5
28564.35028685876,-35.086676010169676,-163.91673281194946,4,0.5
28763.031055116662,-35.204769943432574,-164.0264295710079,4,0.5
28963.093757403483,-35.32289475761475,-164.13539287233613,4,0.5
29164.548005830547,-35.44104989324158,-164.2436246833502,4,0.5
29367.403479366687,-35.559238902889454,-164.35102120296582,4,0.5
29571.669924303278,-35.677452455590036,-164.45779079266975,4,0.5
29777.35715472254,-35.79569558877796,-164.5637715649671,4,0.5
29984.475052969006,-35.91396390583831,-164.669003602184,4,0.5
30193.03357012437,-36.03225432921195,-164.7734094906085,4,0.5
30403.042726485564,-36.150546574366246,-164.87708842907406,4,0.5
30614.512612046197,-36.268791983334964,-164.9798851476408,4,0.5
30827.45338698134,-36.38681859422831,-165.08286398406142,4,0.5
31041.875282135654,-36.5053008159982,-165.18851604246794,4,0.5
31257.788599514974,-36.62407739879653,-165.28968025608128,4,0.5
31475.203712781236,-36.742650459065416,-165.38965479703447,4,0.5
31694.13106775091,-36.86118368376967,-165.48921196660137,4,0.5
31914.581182896858,-36.97972135476451,-165.58828051921427,4,0.5
32136.564649853717,-37.098280522898804,-165.68666264914032,4,0.5
32360.09213392676,-37.21685957709055,-165.78447854542068,4,0.5
32585.17437460432,-37.33546509881308,-165.88157289453835,4,0.5
32811.8221860738,-37.45409061025705,-165.9781316021608,4,0.5
33040.04645774119,-37.572743031678954,-166.07396352068358,4,0.5
33269.85815475433,-37.69141717160554,-166.16921094785894,4,0.5
33501.26831852966,-37.81011291367362,-166.26387462460323,4,0.5
33734.28806728276,-37.92883492191959,-166.3578177575934,4,0.5
33968.928596562524,-38.04757487115067,-166.45127382624804,4,0.5
34205.20117978902,-38.16634208475254,-166.54397028628756,4,0.5
34443.11716879519,-38.28513145871155,-166.63604862631976,4,0.5
34682.68799437217,-38.403941189039536,-166.727557132366,4,0.5
34923.92516681859,-38.52277406593099,-166.81840913228444,4,0.5
35166.8402764935,-38.64162826370477,-166.90865333067583,4,0.5
35411.44499437329,-38.76049911018966,-166.9984254338972,4,0.5
35657.7510726124,-38.87939517373305,-167.08746377031872,4,0.5
35905.77034510798,-38.99831172605764,-167.17590490534334,4,0.5
36155.51472806843,-39.117249900274786,-167.26370913907974,4,0.5
36406.99622058595,-39.23620659401822,-167.3509666720287,4,0.5
36660.22690521301,-39.35518159494904,-167.4376801187639,4,0.5
36915.21894854289,-39.474177391562826,-167.52376727468925,4,0.5
37171.98460179422,-39.59319233049933,-167.6092744014637,4,0.5
37430.53620139958,-39.71222614631971,-167.6942047283147,4,0.5
37690.88616959824,-39.83127986963217,-167.77851978965168,4,0.5
37953.04701503298,-39.95034806370657,-167.8623885385417,4,0.5
38217.03133335104,-40.069439444431644,-167.9455240337268,4,0.5
38482.85180780936,-40.18854605557267,-168.02817647602012,4,0.5
38750.521209883875,-40.30767015740473,-168.1102651876042,4,0.5
39020.05239988316,-40.42681263489018,-168.19175115736712,4,0.5
39291.458327566346,-40.54597186519586,-168.27267529161344,4,0.5
39564.752032765224,-40.665146193111134,-168.35307566988,4,0.5
39839.94664601079,-40.784337320395565,-168.43286788314103,4,0.5
40117.05538916413,-40.90354180606545,-168.5121207110017,4,0.5
40396.09157605162,-41.02276209236826,-168.59065574224246,4,0.5
40677.068613104646,-41.141986273926896,-168.66865998186037,4,0.5
40960.00000000368,-41.26120117602477,-168.74594250685684,4,0.5
41244.899330326916,-41.38034419527621,-168.82204007664217,4,0.5
41531.78029220334,-41.49897402472046,-168.89797305201105,4,0.5
41820.65666897041,-41.618377352436475,-168.98257697661202,4,0.5
42111.54233983629,-41.73828565057051,-169.0571066092152,4,0.5
42404.45128054665,-41.85774129874966,-169.13121274353458,4,0.5
42699.3975640562,-41.97712937742892,-169.20534000132005,4,0.5
42996.39536120473,-42.09651128645376,-169.27914911651288,4,0.5
43295.458941398065,-42.2158984951809,-169.35260687576223,4,0.5
43596.60267329357,-42.33529912858505,-169.42552203389232,4,0.5
43899.84102549055,-42.45470884223814,-169.49809149380064,4,0.5
44205.18856722535,-42.57413215528766,-169.57015986166732,4,0.5
44512.659969071385,-42.6935673774051,-169.64179410328413,4,0.5
44822.27000364397,-42.81301551100272,-169.71295638995193,4,0.5
45134.033546310086,-42.93247741804973,-169.78361152443998,4,0.5
45447.96557590307,-43.05195296549324,-169.85376107958803,4,0.5
45764.081175442305,-43.17144022293274,-169.92347644587215,4,0.5
46082.39553285784,-43.29093908993233,-169.99275887417255,4,0.5
46402.92394172015,-43.410452905037424,-170.0614733691362,4,0.5
46725.681801974904,-43.52997801051106,-170.12976001525013,4,0.5
47050.68462068286,-43.649514289090504,-170.19762067786863,4,0.5
47377.94801276491,-43.76906244909581,-170.26502386287922,4,0.5
47707.487701752325,-43.88862396926178,-170.3319057981146,4,0.5
48039.319520542165,-44.00819540876483,-170.39840262691806,4,0.5
48373.45941215801,-44.12777827024172,-170.46445020838783,4,0.5
48709.923430515926,-44.24737475309066,-170.52995359979914,4,0.5
49048.72774119583,-44.36697997427469,-170.5951117459628,4,0.5
49389.888622218095,-44.48659845573749,-170.65973262188336,4,0.5
49733.4224648257,-44.6062254451624,-170.72401258138885,4,0.5
50000.0,-44.69849413390005,-170.77326852932305,4,0.5
10.0,-0.2862043423145818,-0.5642987031303927,5,0.6
10.069555500567189,-0.2862696017963631,-0.5681913015004647,5,0.6
10.139594797900294,-0.2863162323053024,-0.5721083080502213,5,0.6
10.210121257071936,-0.2863894204501572,-0.5760544913427681,5,0.6
10.281138266560667,-0.28645690780180105,-0.5800267386032913,5,0.6
10.352649238413779,-0.2865187050119683,-0.5840252068086712,5,0.6
10.424657608411218,-0.28658127650973736,-0.5880507305909825,5,0.6
10.497166836230678,-0.2866446331525332,-0.5921034824859251,5,0.6
10.57018040561381,-0.2867152395314134,-0.5961843223768581,5,0.6
10.643701824533608,-0.28678665316961716,-0.6002927476898863,5,0.6
10.71773462536294,-0.28685243187475057,-0.6044282376111526,5,0.6
10.792282365044281,-0.2869254941900211,-0.608592355625087,5,0.6
10.867348625260592,-0.2869993982108324,-0.6127845875100273,5,0.6
10.942937012607405,-0.28706124890654455,-0.6170036896012152,5,0.6
11.019051158766118,-0.2871433253820044,-0.6212533896968354,5,0.6
11.095694720678463,-0.28721337271358094,-0.6255303084694673,5,0.6
11.172871380722214,-0.28728431005336186,-0.6298360479548308,5,0.6
11.250584846888108,-0.28736905646315875,-0.6341722512393152,5,0.6
11.328838852958,-0.2874353581435639,-0.6385354512266163,5,0.6
11.407637158684253,-0.2875154943322243,-0.6429294905736602,5,0.6
11.486983549970367,-0.28759011829404835,-0.6473523452432248,5,0.6
11.566881839052892,-0.2876721496408977,-0.651805687578684,5,0.6
11.647335864684578,-0.287748695430844,-0.6562882054235969,5,0.6
11.728349492318808,-0.28784558165658086,-0.6608031179210536,5,0.6
11.809926614295325,-0.2879176505027126,-0.6653452884761623,5,0.6
11.892071150027233,-0.28801008737177763,-0.6699202508164044,5,0.6
11.97478704618931,-0.2880970942481895,-0.6745251298003977,5,0.6
12.05807827690763,-0.2881722326921399,-0.6791593156411899,5,0.6
12.141948843950495,-0.2882742347947871,-0.6838277011580357,5,0.6
12.226402776920713,-0.28835794496869716,-0.6885249815936509,5,0.6
12.31144413344919,-0.28844918975239586,-0.6932545006149401,5,0.6
12.397076999389895,-0.28852862593861317,-0.6980140509202208,5,0.6
12.48330548901615,-0.2886349855042387,-0.7028086617261349,5,0.6
12.570133745218314,-0.2887295675063879,-0.7076336932565725,5,0.6
12.657565939702833,-0.2888252933146267,-0.7124909531145005,5,0.6
12.745606273192656,-0.2889221789995753,-0.7173806380894292,5,0.6
12.834258975629076,-0.2890266933980878,-0.7223037802158847,5,0.6
12.923528306374958,-0.28911949542109566,-0.727258074640686,5,0.6
13.013418554419374,-0.28922641189738474,-0.7322470700287279,5,0.6
13.10393403858367,-0.2893216499378314,-0.7372675935253612,5,0.6
13.195079107728983,-0.28942458413075406,-0.7423223844318653,5,0.6
13.286858140965156,-0.28952877950972233,-0.7474107982207516,5,0.6
13.379275547861162,-0.28962780153582846,-0.7525321671858735,5,0.6
13.472335768656947,-0.28974102499906956,-0.7576893048829354,5,0.6
13.566043274476765,-0.2898555634960013,-0.7628806872767223,5,0.6
13.660402567544,-0.28995853128299953,-0.7681047421476435,5,0.6
13.755418181397484,-0.29008220776105764,-0.7733661116071704,5,0.6
13.851094681109295,-0.29020080341957294,-0.7786614540470206,5,0.6
13.947436663504105,-0.29030143378333656,-0.7839891430532967,5,0.6
14.044448757380025,-0.29042283035167776,-0.7893548115681183,5,0.6
14.142135623731003,-0.29054565691401696,-0.7947559650509118,5,0.6
14.240501955970773,-0.2906634817887049,-0.800191886229654,5,0.6
14.33955248015833,-0.2907763255396922,-0.8056627656291713,5,0.6
14.439291955225018,-0.29091001582397447,-0.8111725527284368,5,0.6
14.539725173203164,-0.29103231492166765,-0.8167167868812494,5,0.6
14.640856959456315,-0.2911625992082882,-0.8222984990865546,5,0.6
14.742692172911074,-0.2912944385755293,-0.82791696249243,5,0.6
14.845235706290554,-0.2914149519877401,-0.8335704579735927,5,0.6
14.94849248634945,-0.29154996763245866,-0.8392630511986632,5,0.6
15.05246747411074,-0.29168015362960587,-0.844992057905701,5,0.6
15.15716566510405,-0.29182488686581626,-0.8507606331600512,5,0.6
15.26259208960566,-0.29195193400733227,-0.8565640658360021,5,0.6
15.368751812880195,-0.29210002608956465,-0.8624085139886869,5,0.6
15.475649935423972,-0.2922433819692364,-0.8682902269021449,5,0.6
15.58329159321007,-0.29238847703916426,-0.8742104160551899,5,0.6
15.69168195793509,-0.2925288848401456,-0.8801682778639627,5,0.6
15.800826237267621,-0.29268398313133576,-0.8861670969907776,5,0.6
15.910729675098453,-0.29283444422003957,-0.8922040271027828,5,0.6
16.02139755179252,-0.2929738431080976,-0.8982782228467275,5,0.6
16.13283518444261,-0.29313445963378204,-0.9043951154584086,5,0.6
16.245047927124794,-0.2932776156913624,-0.9105486420244021,5,0.6
16.358041171155712,-0.2934484925207865,-0.9167464176895971,5,0.6
16.471820345351553,-0.29360196289260143,-0.922981241021375,5,0.6
16.586390916288924,-0.2937703069752074,-0.9292586709226848,5,0.6
16.70175838856748,-0.2939342011346693,-0.935575710352846,5,0.6
16.817928305074386,-0.2940936738166975,-0.9419325597203382,5,0.6
16.93490624725064,-0.2942552040626829,-0.9483305233052886,5,0.6
17.052697835359233,-0.29443172116074096,-0.9547720480876304,5,0.6
17.17130872875518,-0.29460390396571673,-0.9612540470094706,5,0.6
17.290744626157405,-0.29477178257667275,-0.9677767212987543,5,0.6
17.411011265922586,-0.29496118707843266,-0.9743448130325152,5,0.6
17.53211442632081,-0.29513344863765684,-0.9809517600580694,5,0.6
17.654059925813208,-0.2953143980427653,-0.9876023209114575,5,0.6
17.776853623331515,-0.2955040666623142,-0.9942967456255375,5,0.6
17.900501418559564,-0.29569603674326894,-1.0010341172808797,5,0.6
18.02500925221672,-0.2958838913312385,-1.0078134866247737,5,0.6
18.150383106343334,-0.2960805624327342,-1.0146374236165225,5,0.6
18.27662900458813,-0.29627318464503793,-1.0215037952059678,5,0.6
18.403753012497624,-0.29646824136789435,-1.0284140040209646,5,0.6
18.53176123780754,-0.2966657670163535,-1.0353682770510468,5,0.6
18.660659830736275,-0.29686579649713546,-1.042366841389297,5,0.6
18.790454984280366,-0.2970748141601105,-1.0494111506047412,5,0.6
18.921152934512047,-0.2972864067869425,-1.056500222831519,5,0.6
19.05275996087888,-0.297500610799344,-1.0636342855106842,5,0.6
19.18528238650542,-0.2977110144842402,-1.0708123135443204,5,0.6
19.31872657849705,-0.2979305527221785,-1.0780370305953626,5,0.6
19.453098948245852,-0.2981528147672037,-1.0853074202684057,5,0.6
19.588405951738682,-0.2983713908087214,-1.0926224305907233,5,0.6
19.72465408986733,-0.2985927685100142,-1.0999835499326291,5,0.6
19.861849908740865,-0.29882988386423304,-1.1073935999461493,5,0.6
20.00000000000015,-0.2990569842522325,-1.1148476360402317,5,0.6
20.13911100113453,-0.29928700700828126,-1.1223484612933865,5,0.6
20.279189595800737,-0.29952644138150114,-1.129897627065386,5,0.6
20.42024251414402,-0.29976243354922455,-1.137492718499234,5,0.6
20.56227653312149,-0.30000792169900276,-1.145136621014888,5,0.6
20.70529847682771,-0.3002629486998535,-1.1528295885025661,5,0.6
20.849315216822593,-0.300501768372904,-1.1605664229130803,5,0.6
20.994333672461515,-0.30076310999609107,-1.1683554983445772,5,0.6
21.14036081122778,-0.301021228871389,-1.1761915967756644,5,0.6
21.28740364906737,-0.30127617107319027,-1.1840749129994956,5,0.6
21.43546925072604,-0.3015473242111524,-1.1920098469132459,5,0.6
21.584564730088722,-0.30180250043478063,-1.1999896210985925,5,0.6
21.734697250521346,-0.30208042887116116,-1.2080228997545466,5,0.6
21.885874025214974,-0.30235537045016075,-1.2161042667837747,5,0.6
22.038102317532406,-0.30262737464770834,-1.2242339130484365,5,0.6
22.191389441357092,-0.3029158307113755,-1.232416385481864,5,0.6
22.345742761444598,-0.30320144974257024,-1.2406475772501033,5,0.6
22.501169693776383,-0.30348428337989486,-1.248927676377332,5,0.6
22.657677705916175,-0.30377727594557014,-1.2572598366868972,5,0.6
22.815274317368676,-0.30407403395887644,-1.26564281275765,5,0.6
22.973967099940907,-0.3043746109241357,-1.2740768209828521,5,0.6
23.13376367810596,-0.30469195225147383,-1.2825651075238336,5,0.6
23.29467172936933,-0.3049938850247348,-1.2911003208995597,5,0.6
23.456698984637793,-0.30529980219751823,-1.2996871883403436,5,0.6
23.619853228590827,-0.30561620559050046,-1.3083274699093461,5,0.6
23.784142300054643,-0.3059431522555806,-1.3170214096935617,5,0.6
23.949574092378796,-0.306261365445227,-1.3257645412181271,5,0.6
24.11615655381544,-0.30658379461309127,-1.3345601689674043,5,0.6
24.28389768790117,-0.3069233889332686,-1.3434116851984708,5,0.6
24.452805553841607,-0.30726087506659794,-1.3523145529522973,5,0.6
24.622888266898567,-0.3076092037634438,-1.3612721736037021,5,0.6
24.794153998779972,-0.30794910480519644,-1.370279905488182,5,0.6
24.966610978032485,-0.3082999745688533,-1.3793427962889493,5,0.6
25.140267490436816,-0.30864898939739976,-1.3884577817954113,5,0.6
25.315131879405854,-0.30901554614151394,-1.3976300109600555,5,0.6
25.4912125463855,-0.3093803796540203,-1.4068547318053737,5,0.6
25.668517951258348,-0.3097500010410354,-1.4161337902855313,5,0.6
25.847056612750112,-0.31011803537923954,-1.4254656833261004,5,0.6
26.026837108838944,-0.3104909954169062,-1.434852276794046,5,0.6
26.20786807716754,-0.3108818371031347,-1.4442972048130487,5,0.6
26.390158215458165,-0.31127130264775416,-1.4537955276908165,5,0.6
26.573716281930512,-0.31166590735669386,-1.4633491421089597,5,0.6
26.758551095722524,-0.3120657245655408,-1.4729582332327673,5,0.6
26.944671537314093,-0.3124643865212628,-1.4826212127279477,5,0.6
27.13208654895373,-0.31288129514757645,-1.4923435761879658,5,0.6
27.320805135088207,-0.31327787518494965,-1.5021147973463989,5,0.6
27.510836362795175,-0.31370573937782337,-1.5119493772771961,5,0.6
27.7021893622188,-0.3141327571916888,-1.52183853147728,5,0.6
27.89487332700842,-0.314559009130691,-1.5317823934114831,5,0.6
28.088897514760255,-0.3149845768579409,-1.541781093616699,5,0.6
28.284271247462218,-0.31543530666929365,-1.5518422083575618,5,0.6
28.48100391194176,-0.31587907697843426,-1.5619566446779698,5,0.6
28.679104960316874,-0.31632885457047405,-1.5721282627720032,5,0.6
28.878583910450253,-0.3167782850887518,-1.5823553198890632,5,0.6
29.079450346406546,-0.31724677650536726,-1.59264368072932,5,0.6
29.28171391891285,-0.31770865656604086,-1.6029858622782718,5,0.6
29.485384345822368,-0.3181897748473747,-1.613389708546047,5,0.6
29.690471412581335,-0.31867090275874654,-1.6238495786951683,5,0.6
29.896984972699123,-0.31915857249543,-1.6343675487234302,5,0.6
30.104934948221704,-0.31965287772625817,-1.6449437617955343,5,0.6
30.314331330208326,-0.3201410358637074,-1.6555743575840434,5,0.6
30.52518417921155,-0.32065533757849896,-1.6662694601826369,5,0.6
30.73750362576062,-0.3211636868583333,-1.6770191877593636,5,0.6
30.951299870848175,-0.3216790605556321,-1.6878276714570868,5,0.6
31.16658318642038,-0.3222079972647649,-1.698697097174439,5,0.6
31.38336391587042,-0.32272484768171883,-1.7096193403210713,5,0.6
31.60165247453548,-0.32325546733223437,-1.7206027406078024,5,0.6
31.82145935019715,-0.3237999606716001,-1.7316474600223144,5,0.6
32.04279510358529,-0.32436487063396363,-1.742755776291438,5,0.6
32.26567036888546,-0.32492455698399914,-1.7539193565995728,5,0.6
32.49009585424984,-0.3254791309507454,-1.7651382162644034,5,0.6
32.716082342311665,-0.3260544504042889,-1.776421024455213,5,0.6
32.94364069070335,-0.32662488282386326,-1.7877592527221318,5,0.6
33.172781832578096,-0.3271969800927159,-1.799155098734445,5,0.6
33.40351677713521,-0.3277901658298246,-1.8106152425513053,5,0.6
33.63585661014903,-0.328398121247512,-1.822137639703027,5,0.6
33.86981249450153,-0.32900166029423095,-1.8337156905347731,5,0.6
34.10539567071872,-0.32960734071499864,-1.845351638801017,5,0.6
34.34261745751061,-0.33022815546234535,-1.8570500651214814,5,0.6
34.58148925231507,-0.3308513603516371,-1.8688065042649777,5,0.6
34.822022531845434,-0.3314899508848337,-1.8806255943514365,5,0.6
35.064228852641875,-0.3321376212583309,-1.8925051226938414,5,0.6
35.30811985162668,-0.3327752018820358,-1.9044381185556865,5,0.6
35.55370724666329,-0.33344142629692297,-1.9164386481460927,5,0.6
35.80100283711939,-0.33411069507524693,-1.9284974052926669,5,0.6
36.05001850443371,-0.3347702803355781,-1.9406095954686753,5,0.6
36.30076621268694,-0.33545891640709524,-1.952789579369316,5,0.6
36.55325800917653,-0.3361381493066553,-1.9650229721285681,5,0.6
36.80750602499552,-0.33684028229658186,-1.9773218871591167,5,0.6
37.06352247561536,-0.3375397325992425,-1.989676597788567,5,0.6
37.32131966147283,-0.3382559416943419,-2.0020944716721005,5,0.6
37.58090996856101,-0.3389697650725991,-2.0145680779647925,5,0.6
37.84230586902438,-0.33971350758374824,-2.0271099221912916,5,0.6
38.105519921758045,-0.34044873866127595,-2.039704950667211,5,0.6
38.37056477301113,-0.341188475952478,-2.052358117333535,5,0.6
38.63745315699439,-0.3419457368694373,-2.0650745185064157,5,0.6
38.906197896491996,-0.34270782186139964,-2.077849018500197,5,0.6
39.176811903477656,-0.34347489396253916,-2.090681552769983,5,0.6
39.449308179734956,-0.3442599756205295,-2.103577316208316,5,0.6
39.72369981748203,-0.3450439480709994,-2.116528394027006,5,0.6
40.000000000000604,-0.345846266102827,-2.129542661441193,5,0.6
40.27822200226936,-0.3466606728513654,-2.142617459481163,5,0.6
40.55837919160177,-0.3474744881127806,-2.15574733623923,5,0.6
40.840485028288356,-0.34830074427343505,-2.168937597513106,5,0.6
41.124553066243294,-0.3491396205612416,-2.18218820239648,5,0.6
41.410596953655734,-0.3499784465340895,-2.19549356438788,5,0.6
41.6986304336455,-0.3508366860781845,-2.2088618843768755,5,0.6
41.98866734492334,-0.35170167440131617,-2.2222875459091394,5,0.6
42.28072162245588,-0.3525671773375576,-2.2357675958091243,5,0.6
42.57480729813507,-0.35345266368079753,-2.249310404272719,5,0.6
42.8709385014524,-0.3543454790183326,-2.262910217316404,5,0.6
43.16912946017777,-0.35524582259687365,-2.2765668987108585,5,0.6
43.46939450104301,-0.3561667436607708,-2.2902861402318715,5,0.6
43.771748050430276,-0.35707632902274833,-2.3040532340616626,5,0.6
44.07620463506514,-0.35800690408694547,-2.3178826334444915,5,0.6
44.38277888271451,-0.35895225507920303,-2.3317713309510557,5,0.6
44.69148552288952,-0.359906172762963,-2.345716228161292,5,0.6
45.00233938755311,-0.36086245252732074,-2.3597141340230023,5,0.6
45.315355411832684,-0.3618405793942539,-2.3737739564966973,5,0.6
45.63054863473769,-0.36282151174342303,-2.3878864433160665,5,0.6
45.947934199882155,-0.36381189767108074,-2.4020544414199714,5,0.6
46.26752735621227,-0.36481838689215296,-2.416280884001644,5,0.6
46.58934345873901,-0.3658283719322497,-2.4305593732526396,5,0.6
46.913397969275934,-0.3668549286964318,-2.444895973981549,5,0.6
47.23970645718201,-0.36789829557212816,-2.459290560725849,5,0.6
47.56828460010965,-0.3689394593130619,-2.473733374580854,5,0.6
47.89914818475796,-0.3699915047924459,-2.4882305379987573,5,0.6
48.232313107631235,-0.37106109949883226,-2.50278510192674,5,0.6
48.5677953758027,-0.3721484956630712,-2.5173969284826594,5,0.6
48.90561110768358,-0.3732218660346484,-2.532049343220794,5,0.6
49.2457765337975,-0.37433280600423785,-2.5467684868616396,5,0.6
49.58830799756032,-0.3754430803283535,-2.5615342981202156,5,0.6
49.933221956065346,-0.3765722056568731,-2.576356549687904,5,0.6
50.280534980874016,-0.37768837845121217,-2.5912180586561497,5,0.6
50.630263758812085,-0.3788367804775919,-2.6061423181636454,5,0.6
50.982425092771386,-0.37999844551063694,-2.6211189545139986,5,0.6
51.33703590251707,-0.3811736570626994,-2.6361477366741557,5,0.6
51.69411322550061,-0.38234987667033393,-2.651221412445273,5,0.6
52.05367421767828,-0.3835338111416936,-2.6663431264073796,5,0.6
52.41573615433548,-0.3847385815241008,-2.681519688380679,5,0.6
52.78031643091672,-0.38595807451183417,-2.696747351902207,5,0.6
53.14743256386143,-0.38717977179823126,-2.712018647314437,5,0.6
53.517102191445446,-0.38841680549086544,-2.7273404616408103,5,0.6
53.8893430746286,-0.3896694878994312,-2.7427125568726947,5,0.6
54.264173097907864,-0.39092531643699907,-2.7581272985864196,5,0.6
54.64161027017682,-0.3921974332605358,-2.7735917361052134,5,0.6
55.02167272559077,-0.3934925723737697,-2.789109387512933,5,0.6
55.40437872443802,-0.39478542971864516,-2.8046649721575316,5,0.6
55.78974665401725,-0.39608915939502143,-2.820265624040444,5,0.6
56.17779502952094,-0.397410508967836,-2.8359148656278417,5,0.6
56.56854249492486,-0.3987434154319139,-2.8516085988927733,5,0.6
56.962007823883944,-0.40008182250771307,-2.8673426122826653,5,0.6
57.358209920634174,-0.4014388973541072,-2.8831243620452964,5,0.6
57.75716782090094,-0.40280859269769187,-2.898949671230061,5,0.6
58.158900692813525,-0.40419767717216437,-2.9148222227432665,5,0.6
58.56342783782614,-0.40559371029780156,-2.930733771273908,5,0.6
58.97076869164518,-0.4069842607812628,-2.94667583372125,5,0.6
59.38094282516311,-0.4084145326780455,-2.962676394033974,5,0.6
59.79396994539869,-0.4098336847171694,-2.9787026573660444,5,0.6
60.209869896443855,-0.4112805234000389,-2.9947788159185147,5,0.6
60.628662660417106,-0.41274263720922416,-3.01089643794577,5,0.6
61.05036835842356,-0.4142012234669208,-3.0270426439128015,5,0.6
61.4750072515217,-0.41569509288355044,-3.0432423038192002,5,0.6
61.90259974169682,-0.4171862528567293,-3.0594698441508372,5,0.6
62.33316637284123,-0.4186751237936634,-3.075724730431036,5,0.6
62.766727831741306,-0.42020052257321644,-3.0920324356478988,5,0.6
63.20330494907143,-0.42173088076593035,-3.10837119668637,5,0.6
63.642918700394766,-0.4232794283225403,-3.124749400800585,5,0.6
64.08559020717105,-0.4248210154239706,-3.1411491099856192,5,0.6
64.5313407377714,-0.4264008655637635,-3.157601000762165,5,0.6
64.98019170850016,-0.42796825699792734,-3.174069185490754,5,0.6
65.43216468462381,-0.42956202327760823,-3.190580201082908,5,0.6
65.8872813814072,-0.4311762283624088,-3.2071294272770885,5,0.6
66.34556366515669,-0.4327921564773137,-3.2237029089687743,5,0.6
66.80703355427093,-0.43441028473426524,-3.2403002077764724,5,0.6
67.27171322029855,-0.4360566672652893,-3.2569396051692987,5,0.6
67.73962498900357,-0.4377126095650346,-3.273606979859145,5,0.6
68.21079134143795,-0.43937860496148684,-3.2903020441424187,5,0.6
68.68523491502174,-0.44106793485774126,-3.3070340977159582,5,0.6
69.16297850463066,-0.44274914921003167,-3.3237789955503323,5,0.6
69.6440450636914,-0.44446110392633215,-3.340565326120284,5,0.6
70.12845770528428,-0.4461659762741738,-3.3573638271626933,5,0.6
70.61623970325388,-0.44790262752418,-3.3742035714409653,5,0.6
71.10741449332713,-0.4496396426656158,-3.391059861332034,5,0.6
71.60200567423932,-0.45137756210638197,-3.4079323145742175,5,0.6
72.10003700886796,-0.45315525364110776,-3.4248508656811594,5,0.6
72.60153242537443,-0.4549285561171108,-3.441780253322742,5,0.6
73.10651601835362,-0.4567171879346392,-3.458735427231516,5,0.6
73.61501204999159,-0.4585153266992291,-3.4757111629115536,5,0.6
74.12704495123128,-0.4603299278043205,-3.492712518128204,5,0.6
74.64263932294622,-0.46214241557036234,-3.50972374709449,5,0.6
75.16181993712259,-0.4639789106366355,-3.526765664549383,5,0.6
75.68461173804933,-0.46582723500829226,-3.5438277890588816,5,0.6
76.21103984351666,-0.46768160421464566,-3.560904713152475,5,0.6
76.74112954602285,-0.46954900570858166,-3.57800171813629,5,0.6
77.27490631398935,-0.47143643127002477,-3.5951242831514945,5,0.6
77.81239579298456,-0.4733317364913658,-3.6122616001342407,5,0.6
78.3536238069559,-0.4752355477699428,-3.6294136345744548,5,0.6
78.8986163594705,-0.4771548772912459,-3.646585967705278,5,0.6
79.44739963496465,-0.4790903633085951,-3.6637787633717136,5,0.6
80.00000000000179,-0.4810171399801741,-3.680969546175701,5,0.6
80.55644400453932,-0.482974129446594,-3.6981923089713704,5,0.6
81.11675838320417,-0.48492372780184084,-3.715413048826845,5,0.6
81.68097005657731,-0.4868921119133929,-3.732654760615012,5,0.6
82.24910613248719,-0.48886720393824185,-3.749906109275499,5,0.6
82.8211939073121,-0.4908688115037104,-3.7671849073020316,5,0.6
83.39726086729164,-0.49287212301478933,-3.7844679839671604,5,0.6
83.97733468984731,-0.4948778376174672,-3.801755420100539,5,0.6
84.56144324491237,-0.4969057802678408,-3.8190654357307903,5,0.6
85.14961459627077,-0.4989439139976449,-3.8363864615357017,5,0.6
85.74187700290544,-0.5009802135919561,-3.8537066000594864,5,0.6
86.33825892035618,-0.5030281502158431,-3.871038318574027,5,0.6
86.93878900208668,-0.5051075678943575,-3.8884007383501293,5,0.6
87.54349610086122,-0.5071682406057195,-3.9057446268628513,5,0.6
88.15240927013093,-0.5092555092456559,-3.923114052899792,5,0.6
88.7655577654297,-0.5113382793032826,-3.9404780695993176,5,0.6
89.38297104577971,-0.5134427891690442,-3.957862573408984,5,0.6
90.00467877510688,-0.5155507010878766,-3.9752490226002846,5,0.6
90.63071082366605,-0.5176755267150825,-3.992650932713395,5,0.6
91.26109726947607,-0.5197989472314469,-4.010049422937936,5,0.6
91.895868399765,-0.521940853446013,-4.027464796350358,5,0.6
92.53505471242522,-0.5240893090453294,-4.044884657446439,5,0.6
93.17868691747873,-0.5262323889719972,-4.062296256381811,5,0.6
93.82679593855258,-0.5283963653660375,-4.079727163959991,5,0.6
94.47941291436473,-0.5305756893225877,-4.097171690982175,5,0.6
95.13656920022001,-0.5327393677723233,-4.114596454166347,5,0.6
95.79829636951663,-0.5349264150075999,-4.132043409402556,5,0.6
96.4646262152632,-0.5371185792823772,-4.149492915443604,5,0.6
97.13559075160614,-0.5393167067678322,-4.166945896717355,5,0.6
97.81122221536789,-0.5415280112610337,-4.184410450088458,5,0.6
98.49155306759573,-0.5437406289316844,-4.201873478848846,5,0.6
99.17661599512138,-0.5459617868270009,-4.2193431620876325,5,0.6
99.86644391213144,-0.5481923565819551,-4.236820699358626,5,0.6
100.56106996174877,-0.550426856869478,-4.254300030949624,5,0.6
101.26052751762494,-0.5526661731211464,-4.271782329802634,5,0.6
101.96485018554354,-0.5549175550008735,-4.289276288592935,5,0.6
102.67407180503491,-0.5571564675251488,-4.306753378979889,5,0.6
103.388226451002,-0.559415604540061,-4.3242522898993405,5,0.6
104.10734843535732,-0.561683158649799,-4.341759597938892,5,0.6
104.83147230867174,-0.5639536881776507,-4.359269168098174,5,0.6
105.56063286183424,-0.566228114735522,-4.376782447712603,5,0.6
106.29486512772365,-0.5685010098452712,-4.394293156565934,5,0.6
107.03420438289172,-0.5707987275822466,-4.411834182049431,5,0.6
107.778686149258,-0.5730840736569518,-4.4293601925242445,5,0.6
108.52834619581655,-0.5753707030416535,-4.446888378501243,5,0.6
109.28322054035448,-0.5776722724228757,-4.464436507326749,5,0.6
110.04334545118235,-0.5799579655380694,-4.481966114759405,5,0.6
110.80875744887686,-0.5822732163060188,-4.4995357195183585,5,0.6
111.57949330803534,-0.5845808664682121,-4.517098528322302,5,0.6
112.35559005904271,-0.5868818855558832,-4.534656149518309,5,0.6
113.13708498985058,-0.5891963036334192,-4.552235397617793,5,0.6
113.92401564776874,-0.5915187436624337,-4.569830193717218,5,0.6
114.71641984126921,-0.5938374824196537,-4.587425777611488,5,0.6
115.51433564180275,-0.5961598564946392,-4.60503266697081,5,0.6
116.31780138562794,-0.5984805030485697,-4.622644450009058,5,0.6
117.12685567565316,-0.6008194662847289,-4.640289370582436,5,0.6
117.94153738329126,-0.6031332868223984,-4.657908799549601,5,0.6
118.76188565032712,-0.6054610669760673,-4.675557285337264,5,0.6
119.58793989079828,-0.6077974567803925,-4.693228704279685,5,0.6
120.41973979288862,-0.6101180609732234,-4.710889788748466,5,0.6
121.25732532083512,-0.6124492857772718,-4.72857869256071,5,0.6
122.10073671684803,-0.6147921392860682,-4.746298275787528,5,0.6
122.95001450304433,-0.6171285844754453,-4.764023894125738,5,0.6
123.80519948339456,-0.6194596349885924,-4.781757949249108,5,0.6
124.66633274568338,-0.6217926546837773,-4.799512274619034,5,0.6
125.53345566348355,-0.6241286594852494,-4.817289666487408,5,0.6
126.40660989814381,-0.6264559693702537,-4.835074028824006,5,0.6
127.28583740079048,-0.6288009965194996,-4.852906160977654,5,0.6
128.17118041434307,-0.6311139721437892,-4.870712451557784,5,0.6
129.0626814755438,-0.6334530508289675,-4.888582159901433,5,0.6
129.9603834170013,-0.6357811615300402,-4.9064604631780755,5,0.6
130.86432936924862,-0.6381120197365796,-4.924369760893452,5,0.6
131.77456276281538,-0.6404339474134106,-4.942293367112737,5,0.6
132.69112733031437,-0.6427606585098691,-4.960254164677149,5,0.6
133.61406710854286,-0.6450804730856676,-4.978235335722766,5,0.6
134.5434264405981,-0.6474071026105971,-4.996260252368103,5,0.6
135.47924997800817,-0.6497161673432605,-5.014291437190116,5,0.6
136.42158268287693,-0.6520340716065907,-5.032372960448099,5,0.6
137.3704698300445,-0.6543427792053109,-5.050477302731867,5,0.6
138.32595700926237,-0.656636947280813,-5.068597069873997,5,0.6
139.28809012738384,-0.6589429732088805,-5.086777555030006,5,0.6
140.25691541056963,-0.6612555087231928,-5.105012106294754,5,0.6
141.23247940650882,-0.6635438049207175,-5.123250822296439,5,0.6
142.2148289866553,-0.6658342489946918,-5.141539740916519,5,0.6
143.20401134847972,-0.6681151295952503,-5.159860797830177,5,0.6
144.200074017737,-0.6704128277391742,-5.178261368999791,5,0.6
145.20306485074994,-0.6726902225504432,-5.19667936309258,5,0.6
146.2130320367083,-0.674948283390502,-5.215117776677019,5,0.6
147.2300240999843,-0.6772260778613565,-5.233647265985438,5,0.6
148.25408990246365,-0.6794928133902666,-5.252215779705867,5,0.6
149.28527864589356,-0.6817557926468404,-5.2708382379772765,5,0.6
150.32363987424628,-0.6839905534269751,-5.289472338623163,5,0.6
151.3692234760998,-0.6862424944714628,-5.308202234851984,5,0.6
152.42207968703445,-0.6884807858931479,-5.326974148163445,5,0.6
153.48225909204683,-0.6907063466393576,-5.3457915700620475,5,0.6
154.54981262797986,-0.6929327942246093,-5.364681840536819,5,0.6
155.6247915859703,-0.6951610326173183,-5.383649131821202,5,0.6
156.70724761391295,-0.6973728919867059,-5.40266145484654,5,0.6
157.79723271894218,-0.6995883180705259,-5.421758791483308,5,0.6
158.8947992699305,-0.7017827612325216,-5.44089645575631,5,0.6
160.0000000000048,-0.7039761474849205,-5.4601148287835,5,0.6
161.11288800907985,-0.7061566125758488,-5.479393211025287,5,0.6
162.23351676640956,-0.7083440651125574,-5.498772950985551,5,0.6
163.36194011315587,-0.7105011812769663,-5.518182774156044,5,0.6
164.49821226497562,-0.7126732803172314,-5.537714824200516,5,0.6
165.6423878146254,-0.7148230058119669,-5.557297054459836,5,0.6
166.79452173458452,-0.7169574964383806,-5.5769457084770675,5,0.6
167.9546693796959,-0.7190902416699828,-5.596690507357566,5,0.6
169.12288648982604,-0.7212283603140203,-5.616548869750026,5,0.6
170.29922919254284,-0.723340777090853,-5.6364591940873074,5,0.6
171.4837540058122,-0.7254536651525577,-5.656478008424767,5,0.6
172.6765178407137,-0.7275550023008298,-5.676582809449734,5,0.6
173.87757800417467,-0.7296582087880233,-5.6968045158188865,5,0.6
175.08699220172375,-0.7317321213706209,-5.717079309366643,5,0.6
176.30481854026317,-0.7338092266001829,-5.7374789239307225,5,0.6
177.53111553086072,-0.7358710544566722,-5.757966277546199,5,0.6
178.7659420915608,-0.7379245873694065,-5.778558934552197,5,0.6
180.00935755021513,-0.739976793063029,-5.799274900042227,5,0.6
181.26142164733346,-0.7420091299810652,-5.820075873308015,5,0.6
182.52219453895353,-0.7440221458935543,-5.840965157079687,5,0.6
183.7917367995314,-0.7460482482947695,-5.862018081910303,5,0.6
185.07010942485184,-0.7480433193939146,-5.88313798842508,5,0.6
186.35737383495882,-0.7500461074887944,-5.904415274931677,5,0.6
187.65359187710658,-0.7520251879797163,-5.925780881497138,5,0.6
188.95882582873088,-0.7540065209059084,-5.947297159559789,5,0.6
190.27313840044144,-0.7559649997796781,-5.968908543358328,5,0.6
191.59659273903472,-0.7579137788969942,-5.990648102670694,5,0.6
192.92925243052787,-0.7598660001000385,-6.01254979695632,5,0.6
194.27118150321374,-0.7617773004225409,-6.034510722624778,5,0.6
195.62244443073726,-0.7637054808279037,-6.056671480759343,5,0.6
196.98310613519297,-0.7656125045714057,-6.078943725290588,5,0.6
198.35323199024427,-0.7675050195367589,-6.101345876578559,5,0.6
199.73288782426437,-0.769389653001475,-6.123896782955342,5,0.6
201.12213992349908,-0.7712730115458755,-6.146615724735569,5,0.6
202.5210550352514,-0.7731424847077131,-6.169474367997599,5,0.6
203.9297003710886,-0.7749854179668741,-6.192443365718484,5,0.6
205.3481436100714,-0.7768275272854823,-6.215589895262992,5,0.6
206.77645290200556,-0.7786561021589872,-6.238884730160132,5,0.6
208.21469687071618,-0.7804711988707638,-6.2623306098201095,5,0.6
209.66294461734503,-0.7822728424674258,-6.28593020148311,5,0.6
211.12126572367004,-0.784073848392043,-6.309719607195759,5,0.6
212.5897302554489,-0.7858613643953595,-6.333668328495934,5,0.6
214.06840876578502,-0.7876289034390003,-6.357761783748435,5,0.6
215.5573722985176,-0.7893891895561165,-6.382036198709367,5,0.6
217.05669239163473,-0.7911356708689682,-6.406476930614288,5,0.6
218.5664410807106,-0.7928745971662268,-6.431103511953356,5,0.6
220.08669090236637,-0.7945929178404296,-6.455883313526768,5,0.6
221.6175148977554,-0.7963096655170182,-6.480870832626302,5,0.6
223.15898661607235,-0.7980181465872076,-6.50605087385397,5,0.6
224.71118011808713,-0.7996987554376984,-6.531371752637863,5,0.6
226.27416997970286,-0.8013768669306663,-6.556906445875048,5,0.6
227.8480312955392,-0.8030392318731803,-6.582620797406236,5,0.6
229.43283968254013,-0.8046918650663487,-6.608534415754266,5,0.6
231.02867128360725,-0.8063343105576635,-6.634648846676768,5,0.6
232.63560277125762,-0.8079596271622619,-6.660946888262238,5,0.6
234.25371135130806,-0.8095801728039788,-6.687466851137424,5,0.6
235.88307476658426,-0.8111760253938906,-6.714153601698092,5,0.6
237.523771300656,-0.8127788348598902,-6.741102319309503,5,0.6
239.17587978159838,-0.8143621406258518,-6.768238379642001,5,0.6
240.83947958577906,-0.8159252409995397,-6.795561934730182,5,0.6
242.51465064167206,-0.8174867901878823,-6.823131286837861,5,0.6
244.2014734336979,-0.819026626596795,-6.8508887293573,5,0.6
245.9000290060905,-0.8205633416207203,-6.878893043744932,5,0.6
247.61039896679097,-0.822089622197577,-6.907125028847628,5,0.6
249.33266549136863,-0.8235980995251863,-6.9355646976512935,5,0.6
251.06691132696898,-0.8250943141808025,-6.9642316147594086,5,0.6
252.81321979628953,-0.8265708048614689,-6.993105066417665,5,0.6
254.5716748015829,-0.8280589951431981,-7.022286371097803,5,0.6
256.3423608286881,-0.8295189038897434,-7.051652734833052,5,0.6
258.12536295108947,-0.8309624002048271,-7.081243734143639,5,0.6
259.9207668340045,-0.8324013399673603,-7.111099913709171,5,0.6
261.72865873849923,-0.8338280486043823,-7.141199541837,5,0.6
263.54912552563275,-0.8352413017380499,-7.1715412622351336,5,0.6
265.38225466063074,-0.8366528593761116,-7.202166254067421,5,0.6
267.2281342170877,-0.83804187783085,-7.23300891761117,5,0.6
269.08685288119824,-0.839420032307383,-7.264110056491927,5,0.6
270.95849995601833,-0.84078593301841,-7.295467719396624,5,0.6
272.8431653657559,-0.8421512088888244,-7.32712373764442,5,0.6
274.74093966009104,-0.8434947987198258,-7.359009982238532,5,0.6
276.6519140185268,-0.8448282462261282,-7.391167869735483,5,0.6
278.5761802547697,-0.8461499956976924,-7.423594779519941,5,0.6
280.51383082114137,-0.8474649968169184,-7.456310471803562,5,0.6
282.4649588130198,-0.8487650631059,-7.489289363838087,5,0.6
284.42965797331277,-0.8500485037630032,-7.5225279120222845,5,0.6
286.40802269696155,-0.8513332782662371,-7.556091796856366,5,0.6
288.40014803547615,-0.8525979400974902,-7.589908288040374,5,0.6
290.4061297015021,-0.8538669649836939,-7.62406694609219,5,0.6
292.42606407341884,-0.855112221311382,-7.6584701892377876,5,0.6
294.4600481999708,-0.8563449649809167,-7.693160541764982,5,0.6
296.50817980492957,-0.8575632666969133,-7.7281334821801915,5,0.6
298.5705572917893,-0.8587717497359294,-7.763408349531748,5,0.6
300.64727974849484,-0.85998822094356,-7.799053600381239,5,0.6
302.73844695220185,-0.8611842522422586,-7.834967510598152,5,0.6
304.84415937407124,-0.8623577374978662,-7.871144133237813,5,0.6
306.964518184096,-0.8635330071561458,-7.907676822553117,5,0.6
309.09962525596205,-0.8647013120867288,-7.944535930863951,5,0.6
311.24958317194296,-0.8658472043174724,-7.981665442903135,5,0.6
313.4144952278283,-0.8669816980974576,-8.019109361464151,5,0.6
315.59446543788675,-0.8681091696937003,-8.056887114986043,5,0.6
317.7895985398634,-0.869240630094553,-8.095044313969733,5,0.6
320.000000000012,-0.8703471539355774,-8.133471566335892,5,0.6
322.22577601816215,-0.8714463210444455,-8.172239537823284,5,0.6
324.4670335328215,-0.8725490783442031,-8.211394347893801,5,0.6
326.7238802263142,-0.873619641168592,-8.25079716173941,5,0.6
328.99642452995374,-0.8746888965608811,-8.290572668140262,5,0.6
331.2847756292533,-0.8757543707910059,-8.330714141753887,5,0.6
333.5890434691715,-0.8768068526872723,-8.371187300757766,5,0.6
335.90933875939425,-0.8778504767171762,-8.412011385776692,5,0.6
338.2457729796546,-0.8788826546386174,-8.45317845579364,5,0.6
340.5984583850881,-0.8799074819407299,-8.494707900147418,5,0.6
342.96750801162693,-0.8809155896206072,-8.53656359668089,5,0.6
345.3530356814299,-0.8819312244206411,-8.57884891922942,5,0.6
347.75515600835195,-0.8829247666260182,-8.621443283347205,5,0.6
350.1739844034501,-0.8839204547090365,-8.664450827480023,5,0.6
352.60963708052907,-0.8849020577543766,-8.70780601850585,5,0.6
355.0622310617241,-0.8858803211555942,-8.751557085632559,5,0.6
357.53188418312425,-0.8868253611539128,-8.795578527600327,5,0.6
360.0187151004329,-0.8877885522197397,-8.840093491497798,5,0.6
362.52284329466966,-0.8887399804133835,-8.884976459982068,5,0.6
365.0443890779098,-0.8896699725436209,-8.93018751649941,5,0.6
367.58347359906554,-0.8905960357198544,-8.975805448731524,5,0.6
370.14021884970646,-0.8915152918732173,-9.021820534409976,5,0.6
372.7147476699204,-0.8924384940181935,-9.068283473722143,5,0.6
375.30718375421594,-0.8933354073788273,-9.115062455045202,5,0.6
377.9176516574646,-0.8942441047930162,-9.162330314095717,5,0.6
380.5462768008857,-0.8951205642224367,-9.20989183802435,5,0.6
383.1931854780723,-0.8960029192223323,-9.257921622770203,5,0.6
385.85850486105863,-0.8968676143886256,-9.306315528545317,5,0.6
388.5423630064304,-0.8977460515075761,-9.355220202832902,5,0.6
391.2448888614774,-0.8986077326417559,-9.404498744892381,5,0.6
393.96621227038884,-0.8994565149047301,-9.454171169940963,5,0.6
396.7064639804915,-0.9003031925940983,-9.504290383507838,5,0.6
399.4657756485318,-0.9011309081816231,-9.554780169242049,5,0.6
402.24427984700117,-0.9019782153105034,-9.605824975909268,5,0.6
405.04211007050577,-0.9027866030285201,-9.657151082039979,5,0.6
407.85940074218024,-0.9036016141974987,-9.708976841100746,5,0.6
410.69628722014585,-0.9044202755579271,-9.761291808125568,5,0.6
413.55290580401413,-0.9052186475422063,-9.813983793237353,5,0.6
416.42939374143555,-0.9060076162421847,-9.867107540901435,5,0.6
419.3258892346932,-0.9067981452152776,-9.920719300394355,5,0.6
422.24253144734325,-0.9075872409705248,-9.974807847115162,5,0.6
425.179460510901,-0.9083718987803016,-10.029361597177678,5,0.6
428.13681753157323,-0.9091420597088371,-10.084333622074103,5,0.6
431.11474459703845,-0.9099087725216313,-10.13978135282515,5,0.6
434.11338478327275,-0.9106761073506404,-10.195728340756041,5,0.6
437.13288216142445,-0.9114198521840657,-10.252055892439088,5,0.6
440.173381804736,-0.9121652921706844,-10.308893791028266,5,0.6
443.23502979551404,-0.9129165911527479,-10.366266795773084,5,0.6
446.31797323214806,-0.9136494788774392,-10.424054469508121,5,0.6
449.4223602361776,-0.9143823249545834,-10.48235337092775,5,0.6
452.5483399594091,-0.9151193616911056,-10.541188820662946,5,0.6
455.6960625910818,-0.915829065557509,-10.600400697659948,5,0.6
458.8656793650838,-0.9165514464077811,-10.660199368656265,5,0.6
462.0573425672179,-0.9172621400817721,-10.720461351934818,5,0.6
465.2712055425187,-0.9179582253171014,-10.781173801653928,5,0.6
468.5074227026196,-0.9186656587103028,-10.842476662802168,5,0.6
471.76614953317204,-0.9193744631465182,-10.90432113988594,5,0.6
475.04754260131557,-0.9200528569496924,-10.966540736522754,5,0.6
478.3517595632003,-0.9207487329196106,-11.029394158425617,5,0.6
481.6789591715617,-0.9214376131638552,-11.092754001399367,5,0.6
485.02930128334776,-0.9221167286246807,-11.15660822055005,5,0.6
488.40294686739946,-0.9227906283533527,-11.220984408222504,5,0.6
491.8000580121847,-0.9234639323727233,-11.285911016077684,5,0.6
495.2207979335857,-0.9241266434832778,-11.351336531266657,5,0.6
498.665330982741,-0.9247907932159021,-11.417330228125975,5,0.6
502.1338226539417,-0.9254537988699486,-11.48388144271859,5,0.6
505.62643959258287,-0.9261130890615863,-11.55097932747555,5,0.6
509.14334960316967,-0.9267661040391348,-11.618612856588834,5,0.6
512.68472165738,-0.927425159160551,-11.686854471720698,5,0.6
516.2507259021829,-0.9280729275248991,-11.755610304789043,5,0.6
519.841533668013,-0.9287143552848088,-11.824911229140522,5,0.6
523.4573174770023,-0.9293469889680801,-11.894746434959345,5,0.6
527.0982510512695,-0.9299909047324995,-11.965233877080546,5,0.6
530.7645093212655,-0.9306212772661561,-12.03623531446843,5,0.6
534.4562684341794,-0.9312658730313326,-12.107913759687941,5,0.6
538.1737057624005,-0.9318922832749075,-12.180086042314858,5,0.6
541.9169999120409,-0.9325208830250435,-12.252873178219016,5,0.6
545.6863307315159,-0.9331494955936487,-12.326266326700745,5,0.6
549.4818793201863,-0.9337759650008952,-12.400256574944727,5,0.6
553.3038280370578,-0.9343981561857497,-12.47483494460021,5,0.6
557.1523605095437,-0.9350062902684131,-12.549947053176732,5,0.6
561.027661642287,-0.935628955560125,-12.62576549646327,5,0.6
564.9299176260438,-0.9362411507567864,-12.702146023321847,5,0.6
568.8593159466297,-0.9368562873001847,-12.77917199962611,5,0.6
572.8160453939274,-0.9374724721461648,-12.856836089592024,5,0.6
576.8002960709567,-0.9380956121231726,-12.935177839520469,5,0.6
580.8122594030085,-0.9386849482099728,-13.013954852170384,5,0.6
584.8521281468421,-0.9393009499956533,-13.093536144088729,5,0.6
588.920096399946,-0.9399264186355798,-13.173822526920162,5,0.6
593.0163596098636,-0.9405125289827692,-13.254519724389558,5,0.6
597.1411145835832,-0.941128281530596,-13.33605289204497,5,0.6
601.2945594969942,-0.9417327503888768,-13.418175669316586,5,0.6
605.4768939044083,-0.9423560180988202,-13.501077372695768,5,0.6
609.688318748147,-0.942956901959704,-13.584507591164975,5,0.6
613.9290363681965,-0.9435656677760272,-13.668657403081793,5,0.6
618.1992505119288,-0.9441729327268883,-13.753472709362468,5,0.6
622.4991663438906,-0.9447772858134014,-13.83894862261237,5,0.6
626.8289904556613,-0.9453854172114923,-13.925131120761124,5,0.6
631.1889308757782,-0.9459879619174526,-14.011965430647939,5,0.6
635.5791970797316,-0.9466079766131087,-14.09960130048636,5,0.6
640.0000000000289,-0.9472118172152415,-14.187830244646692,5,0.6
644.4515520363291,-0.9478145095189096,-14.276751179724249,5,0.6
648.9340670656479,-0.9484313362516695,-14.366465881975076,5,0.6
653.4477604526332,-0.9490366575423352,-14.456815035829898,5,0.6
657.9928490599125,-0.9496458548616344,-14.547901084336393,5,0.6
662.5695512585116,-0.9502662823187742,-14.639775913118259,5,0.6
667.178086938348,-0.9508887979682705,-14.73238530800419,5,0.6
671.8186775187937,-0.9514958200967902,-14.82561966410515,5,0.6
676.4915459593144,-0.9521282721097313,-14.919748557732579,5,0.6
681.1969167701814,-0.9527519626952076,-15.014554756849591,5,0.6
685.935016023259,-0.9533660412024954,-15.110036590958243,5,0.6
690.7060713628651,-0.9539866582706785,-15.206303819456314,5,0.6
695.5103120167091,-0.9546132286711322,-15.30335735119619,5,0.6
700.3479688069056,-0.9552537564886393,-15.401254669138451,5,0.6
705.2192741610634,-0.9558820897401514,-15.499828175825929,5,0.6
710.1244621234536,-0.9565406451627676,-15.599362641602633,5,0.6
715.0637683662537,-0.9571774011327728,-15.699518715337634,5,0.6
720.0374302008713,-0.95781772194129,-15.8004686588205,5,0.6
725.0456865893448,-0.9584612649112788,-15.902214921463319,5,0.6
730.0887781558251,-0.9591077286818855,-16.004760231744644,5,0.6
735.1669471981365,-0.9597744416887094,-16.10822542493601,5,0.6
740.2804376994185,-0.9604349142970859,-16.21243819893655,5,0.6
745.4294953398465,-0.9610977295793097,-16.317460697054383,5,0.6
750.6143675084376,-0.9617538486048978,-16.423236785233627,5,0.6
755.8353033149348,-0.9624388461082923,-16.530011229389526,5,0.6
761.0925536017771,-0.9631170882623357,-16.6375487736352,5,0.6
766.3863709561504,-0.9638065026010514,-16.745975502565138,5,0.6
771.717009722123,-0.9644891225752479,-16.855174600651427,5,0.6
777.0847260128666,-0.9651831208512756,-16.96527434142229,5,0.6
782.4897777229608,-0.9658887491114482,-17.076281732558915,5,0.6
787.9324245407837,-0.9666063065875359,-17.18820413085496,5,0.6
793.412927960989,-0.967326910708872,-17.300986112745893,5,0.6
798.9315512970695,-0.9680415555523175,-17.414571037396428,5,0.6
804.4885596940084,-0.9687690550004414,-17.529092806977808,5,0.6
810.0842201410177,-0.9695005369870089,-17.644495886155823,5,0.6
815.7188014843666,-0.9702458102594655,-17.760852957099722,5,0.6
821.392574440298,-0.9709865602982736,-17.878043307732543,5,0.6
827.1058116080346,-0.9717516370395647,-17.99627100601275,5,0.6
832.8587874828772,-0.972522778612443,-18.115415695095226,5,0.6
838.6517784693928,-0.9733005810455022,-18.235486838642643,5,0.6
844.4850628946929,-0.9740760508558923,-18.356427544301713,5,0.6
850.3589210218082,-0.9748691085669953,-18.478381115402197,5,0.6
856.2736350631529,-0.9756514357970916,-18.60115672869707,5,0.6
862.2294891940834,-0.976462667585424,-18.725034809580723,5,0.6
868.226769566552,-0.9773039460043619,-18.850029241712935,5,0.6
874.2657643228554,-0.9781072635391341,-18.975672754704743,5,0.6
880.3467636094787,-0.9789622421241073,-19.102594247497734,5,0.6
886.4700595910348,-0.9798005649332824,-19.23032393654366,5,0.6
892.635946464303,-0.9806629850742542,-19.359151286008387,5,0.6
898.844720472362,-0.9815507657834505,-19.489090996118442,5,0.6
905.096679918825,-0.9824144620972852,-19.61980374576383,5,0.6
911.3921251821704,-0.9833158772207693,-19.751726613802635,5,0.6
917.7313587301744,-0.9842360809140855,-19.88473335754985,5,0.6
924.1146851344428,-0.98514543104746,-20.018622609623034,5,0.6
930.5424110850445,-0.9860759292275744,-20.153623831774762,5,0.6
937.0148454052463,-0.9870185706572463,-20.289679962245696,5,0.6
943.5322990663512,-0.9879851680271013,-20.426879538971995,5,0.6
950.0950852026382,-0.9889455992797354,-20.565017746389103,5,0.6
956.7035191264079,-0.989932784494592,-20.704330856001473,5,0.6
963.3579183431307,-0.9909377108116584,-20.84476178881412,5,0.6
970.0586025667028,-0.9919726642195581,-20.98640250668985,5,0.6
976.8058937348063,-0.992985406348543,-21.128893506033045,5,0.6
983.6001160243768,-0.9940529250705464,-21.27277949578706,5,0.6
990.4415958671789,-0.9951119098064782,-21.417623609532004,5,0.6
997.3306619654895,-0.9961745555234889,-21.56351733158874,5,0.6
1004.267645307891,-0.9972865771394772,-21.71078637069957,5,0.6
1011.2528791851732,-0.9984057392242457,-21.85914154875886,5,0.6
1018.2866992063468,-0.9995448081441944,-22.008678247490728,5,0.6
1025.3694433147675,-1.0006943363970218,-22.15933668876538,5,0.6
1032.5014518043733,-1.00186734661348,-22.311213980998406,5,0.6
1039.6830673360337,-1.0030543735432245,-22.464250312536663,5,0.6
1046.9146349540124,-1.0042572161170498,-22.61846452428128,5,0.6
1054.1965021025467,-1.0055008569769008,-22.77403676005579,5,0.6
1061.5290186425389,-1.006752756072435,-22.930746712542653,5,0.6
1068.9125368683667,-1.0080381003425467,-23.08877581303149,5,0.6
1076.347411524809,-1.0093120222871284,-23.247818828861185,5,0.6
1083.8339998240897,-1.01064713416644,-23.408386007647692,5,0.6
1091.37266146304,-1.0119985491287997,-23.57017206314521,5,0.6
1098.9637586403808,-1.0133803082616664,-23.733280545265284,5,0.6
1106.607656074124,-1.0147463274666972,-23.897399430057522,5,0.6
1114.3047210190957,-1.0161954931450874,-24.063217969162725,5,0.6
1122.0553232845823,-1.0176208581309345,-24.230004516588284,5,0.6
1129.859835252096,-1.0190854595131882,-24.398200262720373,5,0.6
1137.7186318932681,-1.0205919001577537,-24.567829035699045,5,0.6
1145.6320907878635,-1.022130341133804,-24.738829283710825,5,0.6
1153.600592141922,-1.0236780696854577,-24.911051846144524,5,0.6
1161.6245188060257,-1.0252498261509737,-25.084604418356797,5,0.6
1169.704256293693,-1.0268735519671053,-25.259683992389625,5,0.6
1177.840192799901,-1.0285007418369743,-25.43596613640724,5,0.6
1186.032719219736,-1.0301852305405017,-25.61382375193167,5,0.6
1194.2822291671753,-1.0319040511682607,-25.79310653127851,5,0.6
1202.5891189939975,-1.0336467276420156,-25.97374989599695,5,0.6
1210.9537878088256,-1.0354157269885769,-26.15577721490792,5,0.6
1219.3766374963034,-1.0372135878963076,-26.33921223852966,5,0.6
1227.8580727364024,-1.0390563610399712,-26.5241693104651,5,0.6
1236.3985010238666,-1.0409605661760353,-26.710764904534482,5,0.6
1244.9983326877905,-1.04288865852974,-26.89875324490861,5,0.6
1253.657980911332,-1.0448157126751132,-27.08797519651102,5,0.6
1262.377861751566,-1.0468267799082924,-27.2790042119836,5,0.6
1271.1583941594727,-1.0488560741292685,-27.471408173930215,5,0.6
1280.0000000000673,-1.050934160231017,-27.665396445480923,5,0.6
1288.9031040726677,-1.053050058156982,-27.860902419871003,5,0.6
1297.8681341313059,-1.055206708192475,-28.05795180197804,5,0.6
1306.8955209052763,-1.0574358752944248,-28.256758870924173,5,0.6
1315.9856981198345,-1.0596834004764737,-28.456974400999453,5,0.6
1325.1391025170333,-1.0619955937957084,-28.65890744865801,5,0.6
1334.3561738767062,-1.0643172492156696,-28.86220478275978,5,0.6
1343.6373550375972,-1.0667248136702643,-29.0673690008395,5,0.6
1352.9830919186386,-1.0691626895729078,-29.274045410568117,5,0.6
1362.393833540373,-1.071678889451496,-29.48254939788075,5,0.6
1371.8700320465282,-1.074201551647958,-29.69242527007995,5,0.6
1381.4121427257405,-1.0768247334354983,-29.904281390588803,5,0.6
1391.0206240334287,-1.07946051039504,-30.11756193957022,5,0.6
1400.6959376138216,-1.082189029213178,-30.332782498743516,5,0.6
1410.4385483221372,-1.0849677066242538,-30.54967772544242,5,0.6
1420.2489242469178,-1.0877999248169987,-30.768274913804863,5,0.6
1430.1275367325184,-1.0907050716349864,-30.9887010767099,5,0.6
1440.0748604017533,-1.093622927098932,-31.21058592501474,5,0.6
1450.0913731787002,-1.096669200868553,-31.434655565618364,5,0.6
1460.177556311661,-1.099751392377636,-31.660339416090515,5,0.6
1470.3338943962842,-1.102905448178794,-31.88786573610758,5,0.6
1480.560875398848,-1.1060856060235107,-32.116959375473456,5,0.6
1490.8589906797042,-1.1094283928835718,-32.34845968542192,5,0.6
1501.2287350168863,-1.112737845188577,-32.58117670827472,5,0.6
1511.670606629881,-1.1162191918482276,-32.81636137615126,5,0.6
1522.1851072035656,-1.119690481682259,-33.05291828992143,5,0.6
1532.772741912312,-1.1232745649215743,-33.29159283093859,5,0.6
1543.4340194442575,-1.1269590500497442,-33.53231266379828,5,0.6
1554.1694520257447,-1.1306959569117883,-33.77479667018412,5,0.6
1564.9795554459333,-1.1345065034565318,-34.01917636754709,5,0.6
1575.8648490815792,-1.1384125996693046,-34.2655847871522,5,0.6
1586.8258559219898,-1.142454881012966,-34.51426114305547,5,0.6
1597.863102594151,-1.1465118158985714,-34.764501768760624,5,0.6
1608.9771193880288,-1.1507141941971004,-35.01706954212097,5,0.6
1620.1684402820476,-1.154975511388986,-35.27146811020444,5,0.6
1631.4376029687455,-1.1593180673328158,-35.52783098257514,5,0.6
1642.7851488806082,-1.163821288029592,-35.78661162334134,5,0.6
1654.2116232160815,-1.1683397931685868,-36.04699015818524,5,0.6
1665.7175749657672,-1.173029075898966,-36.30984618745908,5,0.6
1677.303556938798,-1.1778185422366803,-36.57478373734818,5,0.6
1688.9701257893985,-1.1826934479873505,-36.84172452990743,5,0.6
1700.7178420436294,-1.1876973583476966,-37.110911866861606,5,0.6
1712.5472701263188,-1.192776350722259,-37.38205241668005,5,0.6
1724.4589783881795,-1.1979943551496568,-37.65549779897854,5,0.6
1736.453539133117,-1.2033168026130272,-37.9310615692816,5,0.6
1748.531528645724,-1.2087687969612473,-38.20888065385628,5,0.6
1760.6935272189705,-1.214335289778383,-38.488875716239164,5,0.6
1772.940119182083,-1.2200419864060776,-38.77118408283745,5,0.6
1785.2718929286193,-1.2258737393228398,-39.055726001661355,5,0.6
1797.6894409447373,-1.2318358394349314,-39.34253004388086,5,0.6
1810.1933598376636,-1.2379761371202118,-39.631843094201706,5,0.6
1822.7842503643546,-1.24419428783646,-39.923147878774905,5,0.6
1835.4627174603627,-1.2505374731244436,-40.21669048638816,5,0.6
1848.2293702688994,-1.2570980490743413,-40.512937069941685,5,0.6
1861.0848221701028,-1.2637738281055475,-40.81136855167416,5,0.6
1874.0296908105065,-1.2705919108813604,-41.1121221176811,5,0.6
1887.0645981327166,-1.2775355821237184,-41.41511563774606,5,0.6
1900.190170405291,-1.2847002382459753,-41.72081584889103,5,0.6
1913.4070382528298,-1.292002559402814,-42.02881102081771,5,0.6
1926.715836686276,-1.2994709507081295,-42.33923811521476,5,0.6
1940.1172051334202,-1.307111598301722,-42.652124109151565,5,0.6
1953.611787469627,-1.3149541819488557,-42.96760567424411,5,0.6
1967.2002320487684,-1.3228879892093994,-43.2851597514435,5,0.6
1980.8831917343723,-1.3310835144198871,-43.6055819920676,5,0.6
1994.661323930994,-1.3394534774031421,-43.928458731783344,5,0.6
2008.535290615797,-1.348004150975125,-44.253815743565035,5,0.6
2022.5057583703617,-1.3567419460383316,-44.58167853068541,5,0.6
2036.573398412709,-1.3656734131344817,-44.91207229855799,5,0.6
2050.7388866295505,-1.374805243913908,-45.24502192563421,5,0.6
2065.0029036087626,-1.384169306517119,-45.580661240450844,5,0.6
2079.366134672083,-1.3936974768400434,-45.91868645509278,5,0.6
2093.8292699080407,-1.4035229179808375,-46.259667157211204,5,0.6
2108.3930042051093,-1.413500738878919,-46.60297222392239,5,0.6
2123.0580372850936,-1.4237400134370328,-46.94906050826553,5,0.6
2137.82507373675,-1.4341967038096184,-47.29773695135442,5,0.6
2152.6948230496346,-1.4449042067814313,-47.649132091116954,5,0.6
2167.6679996481957,-1.45587037944469,-48.003267091001014,5,0.6
2182.7453229260964,-1.467049614269692,-48.35994747101015,5,0.6
2197.927517280778,-1.4784757377927105,-48.71930219739735,5,0.6
2213.2153121482643,-1.4902381527798272,-49.081672129437706,5,0.6
2228.6094420382083,-1.5021817274878637,-49.446434796746885,5,0.6
2244.1106465691814,-1.5143677426516846,-49.813824725179146,5,0.6
2259.7196705042093,-1.5268874128494,-50.18417859166677,5,0.6
2275.4372637865536,-1.5397221314262002,-50.55740626920463,5,0.6
2291.2641815757443,-1.5527388271931404,-50.93299921438801,5,0.6
2307.2011842838615,-1.5661151001270082,-51.311605066940494,5,0.6
2323.2490376120686,-1.579774300236051,-51.69292475957116,5,0.6
2339.4085125874035,-1.5937244770345957,-52.07697426503404,5,0.6
2355.6803855998196,-1.608032542553361,-52.46397423380918,5,0.6
2372.0654384394898,-1.6226786398998976,-52.853833420207344,5,0.6
2388.5644583343683,-1.6375824266454686,-53.246258800684735,5,0.6
2405.178237988013,-1.652811218514966,-53.64146840075031,5,0.6
2421.9075756176694,-1.6684343657356053,-54.03967432987726,5,0.6
2438.753274992625,-1.684339938728897,-54.44048497799939,5,0.6
2455.716145472823,-1.7006278610616015,-54.844210618797355,5,0.6
2472.797002047752,-1.7172458922463587,-55.25066149200419,5,0.6
2489.9966653755996,-1.7342650853779622,-55.660041954437034,5,0.6
2507.3159618226828,-1.7516324879508762,-56.072163005010886,5,0.6
2524.755723503151,-1.7693568505595347,-56.48703227064496,5,0.6
2542.3167883189644,-1.787543004339309,-56.904940703041,5,0.6
2560.0000000001537,-1.8060409432150015,-57.32541627388798,5,0.6
2577.806208145355,-1.8249232549774617,-57.7486545693646,5,0.6
2595.736268262631,-1.8442972452538404,-58.17493476009585,5,0.6
2613.7910418105726,-1.864042589258481,-58.60388575344389,5,0.6
2631.971396239689,-1.8842343257212537,-59.03569101508648,5,0.6
2650.2782050340866,-1.9047490054890286,-59.46999070548915,5,0.6
2668.7123477534324,-1.9257959796532278,-59.90731965313751,5,0.6
2687.274710075215,-1.9472853870511586,-60.34740419970353,5,0.6
2705.9661838372976,-1.9691928645693226,-60.79015369259577,5,0.6
2724.7876670807664,-1.991561890410004,-61.2356496664144,5,0.6
2743.740064093077,-2.014436942975935,-61.68396754529765,5,0.6
2762.824285451502,-2.0377590693641205,-62.134930200103724,5,0.6
2782.0412480668783,-2.061572644246886,-62.58861118412791,5,0.6
2801.391875227664,-2.0858524945417876,-63.04491853145549,5,0.6
2820.8770966442953,-2.1106080803364167,-63.503842108569884,5,0.6
2840.4978484938565,-2.1359203177429595,-63.96552383281995,5,0.6
2860.2550734650586,-2.161728240027623,-64.42979149827579,5,0.6
2880.1497208035285,-2.1880414328193716,-64.89663028612193,5,0.6
2900.1827463574223,-2.2149058680460985,-65.36609628409236,5,0.6
2920.355112623344,-2.242331827231998,-65.83816704068782,5,0.6
2940.6677887925907,-2.270256042890226,-66.31267941373041,5,0.6
2961.121750797718,-2.2987615176020797,-66.78975243370073,5,0.6
2981.717981359431,-2.3278213456697445,-67.26929205467798,5,0.6
3002.4574700337953,-2.3574451824415994,-67.75127351319527,5,0.6
3023.3412132597846,-2.3875674958059445,-68.23554431385315,5,0.6
3044.3702144071544,-2.4184234288839295,-68.7224543308062,5,0.6
3065.545483824648,-2.4497211024725445,-69.21147633238455,5,0.6
3086.868038888538,-2.4816967600577646,-69.70294657153119,5,0.6
3108.338904051513,-2.514284341216288,-70.19670892233734,5,0.6
3129.9591108918903,-2.547493292211037,-70.6927281275205,5,0.6
3151.7296981631816,-2.5812555876582133,-71.19086226700496,5,0.6
3173.651711844004,-2.615696121430973,-71.69123540462373,5,0.6
3195.726205188326,-2.6507855976206756,-72.19375270587989,5,0.6
3217.954238776082,-2.686454737329196,-72.69827831075882,5,0.6
3240.3368805641194,-2.72286907896683,-73.20495895075055,5,0.6
3262.8752059375156,-2.759959450045275,-73.71365131597732,5,0.6
3285.570297761241,-2.7975759578000896,-74.22414441618552,5,0.6
3308.4232464321876,-2.8359245917291975,-74.7366069919565,5,0.6
3331.435149931559,-2.874934427307516,-75.25090843775017,5,0.6
3354.607113877621,-2.9146535467563166,-75.7670368104775,5,0.6
3377.9402515788224,-2.9550499765444598,-76.28490508472137,5,0.6
3401.4356840872842,-2.9962121036394587,-76.80452423799565,5,0.6
3425.094540252663,-3.037986334363032,-77.32571697828301,5,0.6
3448.9179567763854,-3.0805010682340295,-77.84852152070019,5,0.6
3472.9070782662598,-3.123723156647908,-78.37285296450837,5,0.6
3497.0630572914743,-3.1676596147385974,-78.89865532343373,5,0.6
3521.387054437968,-3.2123581490893924,-79.42589058347922,5,0.6
3545.880238364193,-3.2577437155865345,-79.95445876222178,5,0.6
3570.543785857265,-3.3037814116749193,-80.48429144762613,5,0.6
3595.378881889502,-3.35072376826643,-81.0154164692498,5,0.6
3620.3867196753545,-3.3982480365741163,-81.54766081111029,5,0.6
3645.5685007287366,-3.446648024522224,-82.08104399834869,5,0.6
3670.9254349207527,-3.495723177026221,-82.61545134325311,5,0.6
3696.458740537827,-3.5456025605579153,-83.15084024140037,5,0.6
3722.1696443402334,-3.5962084937451717,-83.68713396395513,5,0.6
3748.0593816210417,-3.647545608110163,-84.22427077596483,5,0.6
3774.129196265462,-3.69970129431197,-84.7621804608995,5,0.6
3800.3803408106105,-3.7525137965499744,-85.30080965426775,5,0.6
3826.8140765056887,-3.8062361180848607,-85.84005699299924,5,0.6
3853.43167337258,-3.860622786393712,-86.37989393140253,5,0.6
3880.2344102668694,-3.915884894622808,-86.92020212746638,5,0.6
3907.223574939284,-3.9718593522387415,-87.4609559875628,5,0.6
3934.400464097566,-4.028590543927651,-88.00207708093981,5,0.6
3961.7663834687746,-4.086122568576811,-88.54347677834598,5,0.6
3989.322647862018,-4.144457661813306,-89.08507922300959,5,0.6
4017.070581231624,-4.203514796145968,-89.62685874058182,5,0.6
4045.011516740754,-4.263378676203792,-90.16869755077235,5,0.6
4073.1467968254487,-4.324092029184482,-90.71048845497262,5,0.6
4101.477773259132,-4.385531680562847,-91.25224448079341,5,0.6
4130.005807217556,-4.447781219307224,-91.79383262991148,5,0.6
4158.732269344197,-4.510676138541975,-92.33532434218768,5,0.6
4187.658539816113,-4.574505426695849,-92.87639281416193,5,0.6
4216.78600841025,-4.639021755541409,-93.41719104420052,5,0.6
4246.116074570219,-4.704389290680664,-93.95748513154676,5,0.6
4275.650147473531,-4.770443335492372,-94.49737728235873,5,0.6
4305.389646099301,-4.837265212038283,-95.03671309734212,5,0.6
4335.335999296423,-4.904894510674466,-95.57537107572941,5,0.6
4365.4906458522255,-4.973329512253369,-96.11327443769262,5,0.6
4395.8550345615895,-5.042527709973968,-96.65040274621776,5,0.6
4426.430624296562,-5.112406428577056,-97.18680328969504,5,0.6
4457.21888407645,-5.183125077343284,-97.72217930240116,5,0.6
4488.2212931383965,-5.25452002672981,-98.25669981743839,5,0.6
4519.439341008452,-5.326629289482767,-98.79024575219044,5,0.6
4550.874527573141,-5.3995696937585125,-99.3225556112242,5,0.6
4582.528363151522,-5.473257791931882,-99.85368846598598,5,0.6
4614.402368567757,-5.547729539051197,-100.38350752149398,5,0.6
4646.498075224173,-5.622744747716685,-100.91238244896678,5,0.6
4678.817025174842,-5.698693431806401,-101.43952547705437,5,0.6
4711.360771199674,-5.775256976554669,-101.9654632316168,5,0.6
4744.130876879015,-5.852471301328582,-102.49007252090412,5,0.6
4777.128916668773,-5.930525884514111,-103.0128959594322,5,0.6
4810.356475976061,-6.009298890180286,-103.53410631179527,5,0.6
4843.815151235375,-6.088708751135665,-104.05381579519565,5,0.6
4877.506549985286,-6.168789361478682,-104.57189056639218,5,0.6
4911.432290945683,-6.249573652062396,-105.0881899731481,5,0.6
4945.594004095541,-6.331055943271845,-105.60265817956477,5,0.6
4979.9933307512365,-6.413267762416499,-106.11514741127101,5,0.6
5014.631923645403,-6.496090885580753,-106.62588369701726,5,0.6
5049.511447006339,-6.579557370003331,-107.13472892833325,5,0.6
5084.633576637967,-6.663734979752317,-107.64144045346922,5,0.6
5120.000000000346,-6.748507020175509,-108.14626395827962,5,0.6
5155.612416290749,-6.833977009129786,-108.64885563078131,5,0.6
5191.4725365253,-6.920029360176912,-109.1494739152946,5,0.6
5227.582083621183,-7.006694361665882,-109.64797769017797,5,0.6
5263.942792479418,-7.094072327395585,-110.14400708889767,5,0.6
5300.556410068212,-7.181978135770416,-110.63805087588543,5,0.6
5337.424695506905,-7.270511886088551,-111.12975178281965,5,0.6
5374.54942015047,-7.359666211531591,-111.61906932389195,5,0.6
5411.932367674636,-7.449364565856777,-112.10618979342114,5,0.6
5449.575334161574,-7.539669504635407,-112.59085582720857,5,0.6
5487.480128186196,-7.630539380400147,-113.07314647027715,5,0.6
5525.648570903045,-7.722001041005439,-113.5529139527854,5,0.6
5564.082496133798,-7.814013225699611,-114.03024271955296,5,0.6
5602.78375045537,-7.906602139968707,-114.5049849735136,5,0.6
5641.754193288633,-7.999726944954188,-114.97723041112923,5,0.6
5680.995696987757,-8.09334783061444,-115.44707494531632,5,0.6
5720.51014693016,-8.187523312516223,-115.91425143871051,5,0.6
5760.2994416071,-8.282245405210455,-116.37873290358138,5,0.6
5800.365492714889,-8.377410456091363,-116.84086934056299,5,0.6
5840.710225246731,-8.473107713019454,-117.30026731586288,5,0.6
5881.335577585225,-8.569329131434003,-117.7569036813917,5,0.6
5922.243501595481,-8.666035602436962,-118.21088493060682,5,0.6
5963.435962718906,-8.763219896190865,-118.66219349807115,5,0.6
6004.914940067636,-8.860844289840312,-119.1109431124089,5,0.6
6046.682426519615,-8.95896284032891,-119.55685900279498,5,0.6
6088.740428814354,-9.057477689000674,-120.0003200232961,5,0.6
6131.090967649341,-9.156590951924931,-120.44038873728056,5,0.6
6173.736077777122,-9.255968080003296,-120.87850992263135,5,0.6
6216.6778081030725,-9.35589798473064,-121.31334347959185,5,0.6
6259.918221783827,-9.456254914567157,-121.74541048155415,5,0.6
6303.4593963264115,-9.556974709925546,-122.17497348228069,5,0.6
6347.303423688055,-9.658136799773159,-122.60161933906056,5,0.6
6391.4524103767,-9.759733348969927,-123.02533898575972,5,0.6
6435.9084775522115,-9.861701156631563,-123.44639978840192,5,0.6
6480.673761128287,-9.964034151798556,-123.8647983807671,5,0.6
6525.750411875079,-10.066726310068564,-124.28053212508144,5,0.6
6571.140595522531,-10.169852273373102,-124.69318120784408,5,0.6
6616.846492864425,-10.273350436533022,-125.1030195536051,5,0.6
6662.870299863169,-10.377214106466257,-125.51004547179446,5,0.6
6709.214227755292,-10.481410604071236,-125.91439876819348,5,0.6
6755.880503157695,-10.585934179425585,-126.31608058708518,5,0.6
6802.871368174619,-10.690881136961165,-126.71452684705923,5,0.6
6850.189080505378,-10.796091218866621,-127.11058655218105,5,0.6
6897.835913552822,-10.901635360238428,-127.50383849480728,5,0.6
6945.814156532571,-11.007507249255667,-127.89428542631214,5,0.6
6994.126114583001,-11.113700644461925,-128.2819307920318,5,0.6
7042.774108875988,-11.220209376189022,-128.6667787098366,5,0.6
7091.760476728439,-11.327051234206715,-129.04869076788086,5,0.6
7141.087571714584,-11.434172159326529,-129.4279585276787,5,0.6
7190.757763779057,-11.541566997176812,-129.80458859624576,5,0.6
7240.773439350762,-11.649207562671256,-130.17873174007954,5,0.6
7291.137001457528,-11.757226646864234,-130.54953279107468,5,0.6
7341.850869841561,-11.865479940293056,-130.91786165687117,5,0.6
7392.917481075709,-11.973918701747614,-131.28401522890766,5,0.6
7444.339288680522,-12.082716978792607,-131.64685016823836,5,0.6
7496.118763242139,-12.191778966166474,-132.00695144596588,5,0.6
7548.258392530979,-12.30103456615394,-132.36476120596538,5,0.6
7600.760681621277,-12.410608591491496,-132.71942455332737,5,0.6
7653.628153011434,-12.520346081899419,-133.07196106173203,5,0.6
7706.863346745218,-12.630348932177133,-133.42166066019794,5,0.6
7760.468820533797,-12.7406524593017,-133.7682465015678,5,0.6
7814.447149878626,-12.851086785352656,-134.11288272018083,5,0.6
7868.800928195191,-12.961771160700636,-134.45471664502796,5,0.6
7923.532766937609,-13.072699999713823,-134.79376076768813,5,0.6
7978.645295724095,-13.18380894950682,-135.13045901899213,5,0.6
8034.141162463309,-13.29515287287466,-135.46439289963004,5,0.6
8090.023033481568,-13.40668813530809,-135.79586274533565,5,0.6
8146.293593650958,-13.518391959513236,-136.12502469207692,5,0.6
8202.955546518326,-13.630298628790399,-136.45160529040268,5,0.6
8260.011614435174,-13.742422200989974,-136.77547560097662,5,0.6
8317.464538688457,-13.854775913300728,-137.09650781260564,5,0.6
8375.317079632288,-13.967228044590332,-137.4157141306626,5,0.6
8433.572016820564,-14.079902336456666,-137.73211084550513,5,0.6
8492.232149140504,-14.192723040524747,-138.04628155943593,5,0.6
8551.300294947127,-14.305722156489972,-138.35795646470214,5,0.6
8610.779292198666,-14.418895719099552,-138.66715062887587,5,0.6
8670.671998592914,-14.532239836828145,-138.97387929185393,5,0.6
8730.981291704516,-14.645733963438714,-139.27829852032164,5,0.6
8791.710069123244,-14.75937497699314,-139.58042289367353,5,0.6
8852.86124859319,-14.873176128219729,-139.88012705069136,5,0.6
8914.437768152968,-14.987133800674407,-140.17742673718516,5,0.6
8976.44258627686,-15.101212632481825,-140.47261643365735,5,0.6
9038.878682016972,-15.215457468774805,-140.76529308832028,5,0.6
9101.74905514635,-15.329848784648538,-141.05561240643416,5,0.6
9165.056726303115,-15.444337289273795,-141.34400505437742,5,0.6
9228.804737135582,-15.558966806356352,-141.63007033289486,5,0.6
9292.996150448414,-15.673749030744204,-141.91368706235502,5,0.6
9357.634050349754,-15.788636006443411,-142.19528364567276,5,0.6
9422.721542399418,-15.903669415092512,-142.47446427037266,5,0.6
9488.261753758103,-16.01883128571556,-142.75138268983537,5,0.6
9554.257833337617,-16.1340619076216,-143.0265980139792,5,0.6
9620.712951952195,-16.249444547563332,-143.29930997323606,5,0.6
9687.630302470823,-16.36490613808592,-143.57021154825694,5,0.6
9755.013099970645,-16.48055461904412,-143.83824053701363,5,0.6
9822.864581891441,-16.596236433424558,-144.10489266655466,5,0.6
9891.188008191157,-16.712045088111996,-144.36924231852984,5,0.6
9959.98666150255,-16.8279642839287,-144.63144022903754,5,0.6
10029.26384729088,-16.943952561013894,-144.89190003259915,5,0.6
10099.022894012754,-17.060098386262563,-145.14971033041112,5,0.6
10169.26715327601,-17.176308922512682,-145.40581334574279,5,0.6
10240.000000000768,-17.29259567049126,-145.66009003558804,5,0.6
10311.224832581574,-17.40900638352008,-145.9120320794433,5,0.6
10382.945073050678,-17.52547707578623,-146.16230826136993,5,0.6
10455.164167242447,-17.64204280593191,-146.41054208697605,5,0.6
10527.885584958914,-17.758689494803,-146.6568785953193,5,0.6
10601.112820136505,-17.875427060122597,-146.9012040472038,5,0.6
10674.849391013888,-17.99224182194965,-147.14366232949408,5,0.6
10749.098840301021,-18.109143473621607,-147.38414064703196,5,0.6
10823.864735349352,-18.226118723876926,-147.6227817046686,5,0.6
10899.15066832323,-18.343177045832764,-147.8594736560962,5,0.6
10974.960256372473,-18.46030552655187,-148.0943579971135,5,0.6
11051.297141806172,-18.577502647752603,-148.32744889890017,5,0.6
11128.16499226768,-18.694766924069885,-148.55876045256207,5,0.6
11205.567500910824,-18.81210739525492,-148.78818271311417,5,0.6
11283.508386577352,-18.929501515402364,-149.01597807546014,5,0.6
11361.991393975597,-19.04697896171681,-149.24179020363385,5,0.6
11441.020293860403,-19.164507316228743,-149.46600304850074,5,0.6
11520.598883214287,-19.28210555599,-149.68838518921518,5,0.6
11600.730985429864,-19.399762172026808,-149.9090730558982,5,0.6
11681.420450493551,-19.517485587210807,-150.12795959190424,5,0.6
11762.671155170538,-19.63525506485157,-150.3452999144632,5,0.6
11844.48700319105,-19.75309807387109,-150.56074738118087,5,0.6
11926.871925437901,-19.870975459715257,-150.77479404722976,5,0.6
12009.82988013536,-19.988923543509845,-150.98697654432218,5,0.6
12093.36485303932,-20.106931402003966,-151.19742908001885,5,0.6
12177.4808576288,-20.224970763137478,-151.40651767602566,5,0.6
12262.181935298773,-20.343067730787496,-151.61390214635506,5,0.6
12347.472155554336,-20.461220898743377,-151.8195970094446,5,0.6
12433.355616206238,-20.579420308773273,-152.0237320557803,5,0.6
12519.836443567749,-20.69766496305425,-152.2263198744692,5,0.6
12606.918792652916,-20.815962241997493,-152.42725876560098,5,0.6
12694.606847376202,-20.934294367578214,-152.6267900991821,5,0.6
12782.904820753494,-21.052693277325613,-152.82447232766143,5,0.6
12871.816955104521,-21.171108930200674,-153.02099755885388,5,0.6
12961.347522256672,-21.289565166898754,-153.21603707763148,5,0.6
13051.500823750257,-21.408076736390136,-153.40938036328177,5,0.6
13142.28119104516,-21.52664215647387,-153.6010428504185,5,0.6
13233.69298572895,-21.645221970435294,-153.7915903630096,5,0.6
13325.740599726436,-21.76385379803977,-153.98048180355033,5,0.6
13418.428455510686,-21.88250664577534,-154.1681680247456,5,0.6
13511.761006315492,-22.001216839387453,-154.35411534686978,5,0.6
13605.74273634934,-22.119961133586216,-154.53866374861497,5,0.6
13700.378161010858,-22.23873169502823,-154.72193175118807,5,0.6
13795.671827105747,-22.35752809787252,-154.90392885800242,5,0.6
13891.628313065248,-22.47637066461224,-155.08434645923708,5,0.6
13988.252229166108,-22.595244506275876,-155.2634099677949,5,0.6
14085.548217752083,-22.714142228635158,-155.44123520025815,5,0.6
14183.520953456982,-22.833083363706223,-155.6175185031385,5,0.6
14282.175143429275,-22.952053638309575,-155.79248151221753,5,0.6
14381.515527558222,-23.071052433321423,-155.96613491982254,5,0.6
14481.546878701633,-23.19007277218143,-156.13859185460697,5,0.6
14582.274002915165,-23.309133177101696,-156.3095552425147,5,0.6
14683.70173968323,-23.428207755736633,-156.47944446247374,5,0.6
14785.834962151528,-23.547320913778947,-156.64786318778974,5,0.6
14888.678577361155,-23.66646556470856,-156.81492532890516,5,0.6
14992.23752648439,-23.78562307185202,-156.98094171895494,5,0.6
15096.516785062071,-23.904811009418733,-157.1456217307907,5,0.6
15201.521363242668,-24.024022830784336,-157.30907556407962,5,0.6
15307.256306022984,-24.143258033941013,-157.47131310267852,5,0.6
15413.726693490553,-24.262521763004116,-157.63224675983605,5,0.6
15520.93764106771,-24.381807750190415,-157.79198476010697,5,0.6
15628.894299757369,-24.501115529385974,-157.95053672489868,5,0.6
15737.6018563905,-24.62044464487942,-158.10791219084223,5,0.6
15847.065533875337,-24.73979465112176,-158.2641206104481,5,0.6
15957.29059144831,-24.859170374922233,-158.41907677555287,5,0.6
16068.282324926739,-24.978560793932534,-158.57297968313006,5,0.6
16180.046066963258,-25.09797594692218,-158.7256499357468,5,0.6
16292.587187302037,-25.21740006586892,-158.87737705488288,5,0.6
16405.911093036775,-25.336853095276062,-159.02779732086884,5,0.6
16520.023228870472,-25.45633423617688,-159.17692299581614,5,0.6
16634.92907737704,-25.575818473333594,-159.32522257036368,5,0.6
16750.634159264704,-25.695325161222904,-159.47233703971554,5,0.6
16867.144033641256,-25.81485374035227,-159.61827675931423,5,0.6
16984.464298281135,-25.93439436100312,-159.7632312673196,5,0.6
17102.600589894384,-26.053960635428076,-159.90694021522015,5,0.6
17221.558584397462,-26.17353374705568,-160.04976955253164,5,0.6
17341.343997185955,-26.2931315971123,-160.1913723739011,5,0.6
17461.962583409164,-26.412744690574833,-160.33193519850676,5,0.6
17583.42013824662,-26.532368372960676,-160.47155323709026,5,0.6
17705.72249718651,-26.652011085558385,-160.6100602213207,5,0.6
17828.875536306066,-26.771663901910255,-160.74763764927704,5,0.6
17952.885172553855,-26.891335039587542,-160.88412122421474,5,0.6
18077.75736403408,-27.01101581896593,-161.01969019228818,5,0.6
18203.498110292836,-27.130718294432846,-161.1540978796119,5,0.6
18330.113452606365,-27.25043785975034,-161.28743903977156,5,0.6
18457.609474271307,-27.370162252298616,-161.419972864318,5,0.6
18585.99230089697,-27.48990321219172,-161.5514555813354,5,0.6
18715.26810069965,-27.60964881155807,-161.68214316125156,5,0.6
18845.44308479898,-27.729421830238756,-161.81154950043833,5,0.6
18976.523507516347,-27.849187798403563,-161.94041948557103,5,0.6
19108.51566667538,-27.968980392950407,-162.0680261651977,5,0.6
19241.425903904536,-28.08878424304771,-162.19470393031398,5,0.6
19375.260604941792,-28.208588376483586,-162.32069929657192,5,0.6
19510.026199941436,-28.328417750285915,-162.44546022768327,5,0.6
19645.729163783028,-28.44825065201288,-162.569472365454,5,0.6
19782.376016382463,-28.56809747265362,-162.69250503346183,5,0.6
19919.973323005244,-28.68795447313062,-162.81464449689636,5,0.6
20058.527694581913,-28.807818108192645,-162.9359749898074,5,0.6
20198.045788025658,-28.927694915471434,-163.05634835264323,5,0.6
20338.53430655217,-29.047581311913348,-163.17584918605957,5,0.6
20480.00000000169,-29.16748031809909,-163.29440843012648,5,0.6
20622.4496651633,-29.287385288175663,-163.41218493368342,5,0.6
20765.890146101516,-29.40729929522987,-163.52910903643783,5,0.6
20910.32833448505,-29.52722524170822,-163.6451129323799,5,0.6
21055.771169917985,-29.647156755031595,-163.76035242585152,5,0.6
21202.22564027317,-29.76709978297059,-163.87468566450835,5,0.6
21349.698782027936,-29.887048128823114,-163.98826644957478,5,0.6
21498.197680602203,-30.007010494772686,-164.10088217136553,5,0.6
21647.72947069887,-30.126974987851263,-164.21283015968933,5,0.6
21798.301336646622,-30.246953030017213,-164.32382748867806,5,0.6
21949.920512745113,-30.366938645316598,-164.43402539086682,5,0.6
22102.59428361251,-30.48692341642591,-164.5436420584541,5,0.6
22256.32998453553,-30.606923857962556,-164.6522580857087,5,0.6
22411.135001821818,-30.72692876159222,-164.76016270822961,5,0.6
22567.01677315487,-30.846943392083396,-164.86722188254694,5,0.6
22723.98278795137,-30.96696489636884,-164.97351176197787,5,0.6
22882.04058772098,-31.08699057020564,-165.07910665921972,5,0.6
23041.197766428744,-31.207025467736152,-165.18387505929238,5,0.6
23201.4619708599,-31.327064350977288,-165.28795918154572,5,0.6
23362.840900987278,-31.447114607312997,-165.39116204657668,5,0.6
23525.342310341253,-31.567166171137096,-165.4937587088629,5,0.6
23688.974006382276,-31.687228733735402,-165.59548713660254,5,0.6
23853.743850875984,-31.807292505240877,-165.6966188124519,5,0.6
24019.6597602709,-31.927371587416413,-165.79676424864212,5,0.6
24186.729706078822,-32.04744704878633,-165.89645386875907,5,0.6
24354.96171525778,-32.167530528000576,-165.9953652096994,5,0.6
24524.363870597732,-32.287621824003864,-166.09350491148373,5,0.6
24694.944311108862,-32.407718529615515,-166.19094327377616,5,0.6
24866.711232412665,-32.5278161830285,-166.2878121797547,5,0.6
25039.672887135683,-32.647925618003065,-166.38379990794252,5,0.6
25213.837585306024,-32.76803586419702,-166.47922775696526,5,0.6
25389.213694752598,-32.888153278491274,-166.57391217413772,5,0.6
25565.809641507185,-33.00827974375722,-166.66779779501618,5,0.6
25743.63391020923,-33.12840482372076,-166.76119839752258,5,0.6
25922.695044513537,-33.24853871766863,-166.85381101926572,5,0.6
26103.00164750071,-33.36867127334279,-166.9459453171375,5,0.6
26284.562382090517,-33.48881631624111,-167.03718211772227,5,0.6
26467.385971458098,-33.608961883832,-167.12788903809496,5,0.6
26651.481199453076,-33.72911564937968,-167.2178313578933,5,0.6
26836.856911021572,-33.849271754160625,-167.3071928064481,5,0.6
27023.522012631187,-33.96942834781286,-167.39603536456815,5,0.6
27211.485472698885,-34.08959096794106,-167.4841869414196,5,0.6
27400.75632202192,-34.20976125392583,-167.5715954663043,5,0.6
27591.3436542117,-34.32993543114148,-167.65838235914057,5,0.6
27783.256626130707,-34.45010992242607,-167.74466588530052,5,0.6
27976.504458332423,-34.5702899604042,-167.83027817641414,5,0.6
28171.096435504372,-34.6904736841847,-167.91528063696285,5,0.6
28367.04190691418,-34.81066099843996,-167.99967712373387,5,0.6
28564.35028685876,-34.93085345065464,-168.0834157509262,5,0.6
28763.031055116662,-35.05104758506503,-168.16661109896125,5,0.6
28963.093757403483,-35.17124492214814,-168.24921003599385,5,0.6
29164.548005830547,-35.29144525002629,-168.33121449837893,5,0.6
29367.403479366687,-35.41165138474294,-168.41251711129638,5,0.6
29571.669924303278,-35.53185650857068,-168.4933332905496,5,0.6
29777.35715472254,-35.65206437441138,-168.57349577654114,5,0.6
29984.475052969006,-35.77226995636676,-168.65309927368864,5,0.6
30193.03357012437,-35.89247301393919,-168.7319583525972,5,0.6
30403.042726485564,-36.012653608778734,-168.81023027550972,5,0.6
30614.512612046197,-36.13276236205125,-168.88775630801854,5,0.6
30827.45338698134,-36.252627629190805,-168.9656006285215,5,0.6
31041.875282135654,-36.372922662217675,-169.04624966330113,5,0.6
31257.788599514974,-36.49348851196167,-169.12254831328312,5,0.6
31475.203712781236,-36.61382710475109,-169.1977930144671,5,0.6
31694.13106775091,-36.7341029026118,-169.27275726450458,5,0.6
31914.581182896858,-36.85436046910563,-169.34736950353638,5,0.6
32136.564649853717,-36.974615750646265,-169.4214275290911,5,0.6
32360.09213392676,-37.094868828598166,-169.49505543412414,5,0.6
32585.17437460432,-37.215125207065554,-169.56809364724307,5,0.6
32811.8221860738,-37.335380503765805,-169.64073306777865,5,0.6
33040.04645774119,-37.4556401328987,-169.712777095012,5,0.6
33269.85815475433,-37.57590051420122,-169.78437156298114,5,0.6
33501.26831852966,-37.69616179032916,-169.8555168289458,5,0.6
33734.28806728276,-37.816426426632944,-169.92611943169914,5,0.6
33968.928596562524,-37.93669087536918,-169.99632360577905,5,0.6
34205.20117978902,-38.05696100199119,-170.0658970442755,5,0.6
34443.11716879519,-38.17723323264356,-170.13498442504002,5,0.6
34682.68799437217,-38.297506424414955,-170.2036347647706,5,0.6
34923.92516681859,-38.417782814475096,-170.2717588290103,5,0.6
35166.8402764935,-38.53806123710542,-170.33940605850563,5,0.6
35411.44499437329,-38.65833843124222,-170.40671484856608,5,0.6
35657.7510726124,-38.778620874959636,-170.47341693558917,5,0.6
35905.77034510798,-38.898905259814086,-170.53965162151687,5,0.6
36155.51472806843,-39.019191553558656,-170.6054220191541,5,0.6
36406.99622058595,-39.139479723133555,-170.67073120653274,5,0.6
36660.22690521301,-39.25976872921861,-170.73562580173396,5,0.6
36915.21894854289,-39.38006056121196,-170.80002130754744,5,0.6
37171.98460179422,-39.50035416308331,-170.86396449899757,5,0.6
37430.53620139958,-39.6206494959267,-170.92745816876345,5,0.6
37690.88616959824,-39.74094746880762,-170.9904625560664,5,0.6
37953.04701503298,-39.86124424279594,-171.05314956002601,5,0.6
38217.03133335104,-39.98154635686075,-171.1152259017362,5,0.6
38482.85180780936,-40.1018481158248,-171.17694633730594,5,0.6
38750.521209883875,-40.22215131106343,-171.23822805395392,5,0.6
39020.05239988316,-40.34245671395128,-171.29903080168788,5,0.6
39291.458327566346,-40.462762366008384,-171.3594365488833,5,0.6
39564.752032765224,-40.5830688956134,-171.4194018934486,5,0.6
39839.94664601079,-40.70337668391643,-171.47888146020557,5,0.6
40117.05538916413,-40.823683117189645,-171.537945007043,5,0.6
40396.09157605162,-40.94398960852726,-171.59641080559794,5,0.6
40677.068613104646,-41.06428628138428,-171.65446958463576,5,0.6
40960.00000000368,-41.18456033247177,-171.71188935334416,5,0.6
41244.899330326916,-41.30474625405785,-171.76828153830047,5,0.6
41531.78029220334,-41.42440580773042,-171.8246312708459,5,0.6
41820.65666897041,-41.54482469463442,-171.88977095501005,5,0.6
42111.54233983629,-41.6657348620302,-171.94495549353016,5,0.6
42404.45128054665,-41.786178592905316,-171.99983456334508,5,0.6
42699.3975640562,-41.906541704383244,-172.0548534889549,5,0.6
42996.39536120473,-42.02688522130114,-172.10967129074783,5,0.6
43295.458941398065,-42.14722133086202,-172.16425540450825,5,0.6
43596.60267329357,-42.26755655483308,-172.21844858847797,5,0.6
43899.84102549055,-42.38788974073997,-172.27237676876788,5,0.6
44205.18856722535,-42.50822379719846,-172.32591882518082,5,0.6
44512.659969071385,-42.62855771541682,-172.37914227271142,5,0.6
44822.27000364397,-42.74889240114311,-172.43200820699928,5,0.6
45134.033546310086,-42.86922863085526,-172.48448039630256,5,0.6
45447.96557590307,-42.98956644017828,-172.53655990995443,5,0.6
45764.081175442305,-43.10990454552255,-172.5883185961285,5,0.6
46082.39553285784,-43.230242991817995,-172.6397571385804,5,0.6
46402.92394172015,-43.35058432534839,-172.69073812451933,5,0.6
46725.681801974904,-43.47092599060393,-172.74140299675028,5,0.6
47050.68462068286,-43.59126801004465,-172.79175305154632,5,0.6
47377.94801276491,-43.71161100511933,-172.84175579095538,5,0.6
47707.487701752325,-43.831956155845326,-172.89134604836357,5,0.6
48039.319520542165,-43.95230105840873,-172.94066114661567,5,0.6
48373.45941215801,-44.07264690712474,-172.98963553150494,5,0.6
48709.923430515926,-44.19299540103684,-173.0381725141473,5,0.6
49048.72774119583,-44.3133430834385,-173.08647292455743,5,0.6
49389.888622218095,-44.43369278585142,-173.13437434543982,5,0.6
49733.4224648257,-44.55404226205779,-173.182009628841,5,0.6
50000.0,-44.646861323290395,-173.21850061721017,5,0.6
10.0,-0.2889614150679813,-0.5610408888356216,6,0.7
10.069555500567189,-0.28907205179781964,-0.5648667263932053,6,0.7
10.139594797900294,-0.2891511681781129,-0.5687142162373781,6,0.7
10.210121257071936,-0.2892697429174277,-0.5725907467539808,6,0.7
10.281138266560667,-0.2893697218248572,-0.5764905113068564,6,0.7
10.352649238413779,-0.2894704705607667,-0.5804156317582173,6,0.7
10.424657608411218,-0.2895720000141395,-0.5843662481809143,6,0.7
10.497166836230678,-0.2896743212297572,-0.5883425009022368,6,0.7
10.57018040561381,-0.2897903479939798,-0.5923459086418865,6,0.7
10.643701824533608,-0.2899007376152978,-0.5963745595308783,6,0.7
10.71773462536294,-0.2900055018055584,-0.6004285801390581,6,0.7
10.792282365044281,-0.290130456844956,-0.6045109119649441,6,0.7
10.867348625260592,-0.2902433588411296,-0.608618197588364,6,0.7
10.942937012607405,-0.2903506711761416,-0.612751262652884,6,0.7
11.019051158766118,-0.29047820986020545,-0.6169131087873548,6,0.7
11.095694720678463,-0.2905937324931549,-0.6211003046086111,6,0.7
11.172871380722214,-0.2907037027906689,-0.6253136907613714,6,0.7
11.250584846888108,-0.29084038719963545,-0.629557064197453,6,0.7
11.328838852958,-0.2909521927606158,-0.6338247157630588,6,0.7
11.407637158684253,-0.2910778367700648,-0.6381211921513584,6,0.7
11.486983549970367,-0.29120443111759503,-0.6424451679993378,6,0.7
11.566881839052892,-0.29133198928259657,-0.6467967860379606,6,0.7
11.647335864684578,-0.29146052493827174,-0.6511761890421549,6,0.7
11.728349492318808,-0.2916029524973979,-0.6555850510918936,6,0.7
11.809926614295325,-0.29172703460180005,-0.6600196922087326,6,0.7
11.892071150027233,-0.2918714869182235,-0.6644848653604606,6,0.7
11.97478704618931,-0.29201052306485814,-0.6689776346719191,6,0.7
12.05807827690763,-0.2921377079957097,-0.6734973390488446,6,0.7
12.141948843950495,-0.2922982062648999,-0.6780496393003734,6,0.7
12.226402776920713,-0.2924339835715133,-0.6826275739962133,6,0.7
12.31144413344919,-0.29257730480238886,-0.6872352398938799,6,0.7
12.397076999389895,-0.29271528598928487,-0.6918711764220087,6,0.7
12.48330548901615,-0.29287374138543737,-0.6965387716094783,6,0.7
12.570133745218314,-0.29302688834604085,-0.7012349334647738,6,0.7
12.657565939702833,-0.29318119274400445,-0.705960614085932,6,0.7
12.745606273192656,-0.2933366710455328,-0.7107159553698634,6,0.7
12.834258975629076,-0.29349333995477833,-0.7155010989820365,6,0.7
12.923528306374958,-0.2936512164174191,-0.7203161863332417,6,0.7
13.013418554419374,-0.29381676664884704,-0.7251622095244556,6,0.7
13.10393403858367,-0.2939771099498476,-0.7300376134751861,6,0.7
13.195079107728983,-0.2941387131258863,-0.7349433836739075,6,0.7
13.286858140965156,-0.2943080428750195,-0.7398805294520772,6,0.7
13.379275547861162,-0.2944722198144106,-0.744847458380313,6,0.7
13.472335768656947,-0.29464415981900594,-0.7498460544387313,6,0.7
13.566043274476765,-0.294823881337733,-0.7548764753157908,6,0.7
13.660402567544,-0.2949985063614199,-0.7599370903326489,6,0.7
13.755418181397484,-0.2951873992494284,-0.765030720034356,6,0.7
13.851094681109295,-0.29537123449027947,-0.7701548199064131,6,0.7
13.947436663504105,-0.29554358418966464,-0.77530859474311,6,0.7
14.044448757380025,-0.29573670884295056,-0.7804967410009429,6,0.7
14.142135623731003,-0.29593128440675776,-0.7857166744030365,6,0.7
14.240501955970773,-0.2961144361459346,-0.7909666648108958,6,0.7
14.33955248015833,-0.29630552860205206,-0.796249625797294,6,0.7
14.439291955225018,-0.2965110303025032,-0.8015666574676835,6,0.7
14.539725173203164,-0.29670517261215534,-0.8069141219881557,6,0.7
14.640856959456315,-0.29690732002898934,-0.812294990557051,6,0.7
14.742692172911074,-0.2971174944904832,-0.8177094154420305,6,0.7
14.845235706290554,-0.29731637707821135,-0.8231546283107242,6,0.7
14.94849248634945,-0.2975297791881534,-0.8286346391582765,6,0.7
15.05246747411074,-0.29773838291016724,-0.8341466572709542,6,0.7
15.15716566510405,-0.2979615523161319,-0.8396937730370387,6,0.7
15.26259208960566,-0.2981670777245317,-0.8452711495307976,6,0.7
15.368751812880195,-0.29840010974350306,-0.8508859089164668,6,0.7
15.475649935423972,-0.2986219935399503,-0.8565321685113438,6,0.7
15.58329159321007,-0.2988520934931104,-0.8622130785274673,6,0.7
15.69168195793509,-0.29907754245283175,-0.8679267237735495,6,0.7
15.800826237267621,-0.2993177043860741,-0.8736763173682859,6,0.7
15.910729675098453,-0.2995532672019983,-0.8794588898129629,6,0.7
16.02139755179252,-0.29978425780508494,-0.8852745388732203,6,0.7
16.13283518444261,-0.30003648566484287,-0.891127600576759,6,0.7
16.245047927124794,-0.3002648590136532,-0.8970107875162044,6,0.7
16.358041171155712,-0.30052741460508214,-0.9029338010315445,6,0.7
16.471820345351553,-0.30076617229713853,-0.9088871250087448,6,0.7
16.586390916288924,-0.3010327221771508,-0.9148795050048604,6,0.7
16.70175838856748,-0.30128842241069087,-0.9209045557660075,6,0.7
16.817928305074386,-0.3015461926056081,-0.9269645533331727,6,0.7
16.93490624725064,-0.30180606254721776,-0.933059606461209,6,0.7
17.052697835359233,-0.30208095126113826,-0.9391920665910396,6,0.7
17.17130872875518,-0.3023515557673972,-0.9453586968309702,6,0.7
17.290744626157405,-0.30261790763589924,-0.9515595769856345,6,0.7
17.411011265922586,-0.3029122586024125,-0.9578005169903618,6,0.7
17.53211442632081,-0.30318308858893334,-0.9640724782755411,6,0.7
17.654059925813208,-0.3034626500974064,-0.970381275252547,6,0.7
17.776853623331515,-0.30376386258148524,-0.9767293719473197,6,0.7
17.900501418559564,-0.30405454156257633,-0.9831110400796306,6,0.7
18.02500925221672,-0.3043540513890006,-0.9895298865244584,6,0.7
18.150383106343334,-0.30465598307208835,-0.9959848308832608,6,0.7
18.27662900458813,-0.30496037159254064,-1.0024759619447055,6,0.7
18.403753012497624,-0.3052672524484944,-1.0090033663291353,6,0.7
18.53176123780754,-0.30557666166341163,-1.0155671284350603,6,0.7
18.660659830736275,-0.3058886357941427,-1.0221673303850891,6,0.7
18.790454984280366,-0.30621609613114376,-1.0288065327514129,6,0.7
18.921152934512047,-0.306539753501576,-1.0354811185751458,6,0.7
19.05275996087888,-0.30687253010848103,-1.0421936528744034,6,0.7
19.18528238650542,-0.30720158108367235,-1.0489417007487642,6,0.7
19.31872657849705,-0.3075398290378291,-1.055727858179112,6,0.7
19.453098948245852,-0.30788731333118713,-1.0625522203100568,6,0.7
19.588405951738682,-0.30822475099497987,-1.0694109949721533,6,0.7
19.72465408986733,-0.30857150663731103,-1.0763081017329525,6,0.7
19.861849908740865,-0.30893406199486045,-1.0832449420055499,6,0.7
20.00000000000015,-0.30928669669720493,-1.0902163362990251,6,0.7
20.13911100113453,-0.30964877546693437,-1.0972262800463408,6,0.7
20.279189595800737,-0.31001390134231593,-1.1042735105256396,6,0.7
20.42024251414402,-0.31038211859248455,-1.1113580757962143,6,0.7
20.56227653312149,-0.31075991171578377,-1.118481382855915,6,0.7
20.70529847682771,-0.3111473256771358,-1.1256435031466312,6,0.7
20.849315216822593,-0.3115315278317539,-1.1328417417164653,6,0.7
20.994333672461515,-0.3119254436311478,-1.1400788880358417,6,0.7
21.14036081122778,-0.3123226813839536,-1.147353602742953,6,0.7
21.28740364906737,-0.31271041250121656,-1.1546630907374835,6,0.7
21.43546925072604,-0.31312731696824386,-1.1620158504314688,6,0.7
21.584564730088722,-0.31352837569690917,-1.1694019985856683,6,0.7
21.734697250521346,-0.31395226811572896,-1.1768301193086672,6,0.7
21.885874025214974,-0.31436685564064065,-1.184293053708294,6,0.7
22.038102317532406,-0.3147915037641631,-1.1917951426905433,6,0.7
22.191389441357092,-0.31522626465818815,-1.1993364257694774,6,0.7
22.345742761444598,-0.31565831756431073,-1.206913967933326,6,0.7
22.501169693776383,-0.3161005908975353,-1.2145307298878727,6,0.7
22.657677705916175,-0.31654670284770337,-1.222185233162604,6,0.7
22.815274317368676,-0.3169967095281433,-1.2298774701397148,6,0.7
22.973967099940907,-0.31745066789408927,-1.2376074291328512,6,0.7
23.13376367810596,-0.31792794257154006,-1.2453797161054854,6,0.7
23.29467172936933,-0.31838997784549655,-1.2531851012664224,6,0.7
23.456698984637793,-0.3188625759332689,-1.2610297118136982,6,0.7
23.619853228590827,-0.3193393616828758,-1.26891197884112,6,0.7
23.784142300054643,-0.3198332655562942,-1.2768350419819083,6,0.7
23.949574092378796,-0.32031217680703594,-1.2847909449156327,6,0.7
24.11615655381544,-0.32080833113606677,-1.292787588626726,6,0.7
24.28389768790117,-0.3213153573351196,-1.3008233761760934,6,0.7
24.452805553841607,-0.32182688623633265,-1.3088966595377458,6,0.7
24.622888266898567,-0.3223429839405492,-1.317007383797698,6,0.7
24.794153998779972,-0.3228572846612716,-1.325153832049382,6,0.7
24.966610978032485,-0.32338272255919775,-1.3333392422055261,6,0.7
25.140267490436816,-0.3239129335981433,-1.3415618998119352,6,0.7
25.315131879405854,-0.32446085196835756,-1.3498251188911168,6,0.7
25.4912125463855,-0.3250072519855763,-1.3581237754377855,6,0.7
25.668517951258348,-0.32555863825237774,-1.3664594673348436,6,0.7
25.847056612750112,-0.32610865306055825,-1.3748303738609264,6,0.7
26.026837108838944,-0.32667023340949775,-1.3832398518724456,6,0.7
26.20786807716754,-0.32724988447329995,-1.3916895980054915,6,0.7
26.390158215458165,-0.32782839063448177,-1.400174274391647,6,0.7
26.573716281930512,-0.32841226059549705,-1.4086955163036163,6,0.7
26.758551095722524,-0.329001573444252,-1.4172532091141887,6,0.7
26.944671537314093,-0.3295964094624553,-1.4258472328503653,6,0.7
27.13208654895373,-0.3302097078584449,-1.4344811090187621,6,0.7
27.320805135088207,-0.3308094067416837,-1.443145603171286,6,0.7
27.510836362795175,-0.3314341622159486,-1.451851560514492,6,0.7
27.7021893622188,-0.33205834508487847,-1.4605915053369058,6,0.7
27.89487332700842,-0.3326948978909266,-1.4693690057492814,6,0.7
28.088897514760255,-0.33331819880985186,-1.4781763826840502,6,0.7
28.284271247462218,-0.33397975455740914,-1.487028601030574,6,0.7
28.48100391194176,-0.3346282387608466,-1.4959103462814305,6,0.7
28.679104960316874,-0.3352894508256011,-1.5048290599230072,6,0.7
28.878583910450253,-0.33595063147575943,-1.5137807119600504,6,0.7
29.079450346406546,-0.3366311525278842,-1.5227709690825233,6,0.7
29.28171391891285,-0.3373054079113511,-1.5317918196894684,6,0.7
29.485384345822368,-0.33800562044373983,-1.540852948620273,6,0.7
29.690471412581335,-0.33870618880575254,-1.549946260261311,6,0.7
29.896984972699123,-0.3394136384700984,-1.5590735297813296,6,0.7
30.104934948221704,-0.3401280714400672,-1.5682345483539268,6,0.7
30.314331330208326,-0.34083674512586537,-1.5774249948044705,6,0.7
30.52518417921155,-0.3415718803584362,-1.5866548998715546,6,0.7
30.73750362576062,-0.34231431343707097,-1.5959179237144276,6,0.7
30.951299870848175,-0.343051308916399,-1.6052096352220668,6,0.7
31.16658318642038,-0.3438086649992256,-1.6145381649455561,6,0.7
31.38336391587042,-0.34456080661382305,-1.6238948386288143,6,0.7
31.60165247453548,-0.34532069076970107,-1.6332836065109024,6,0.7
31.82145935019715,-0.3461012729081043,-1.6427085408616997,6,0.7
32.04279510358529,-0.34689624739523633,-1.652167298732462,6,0.7
32.26567036888546,-0.3476928926551196,-1.6616552710855184,6,0.7
32.49009585424984,-0.3484849112690202,-1.6711699245853042,6,0.7
32.716082342311665,-0.3493045203787604,-1.6807220306396702,6,0.7
32.94364069070335,-0.35011333156385094,-1.6902979789249435,6,0.7
33.172781832578096,-0.3509307273697832,-1.699904119903499,6,0.7
33.40351677713521,-0.35176325261526037,-1.709542440416748,6,0.7
33.63585661014903,-0.35261745221861773,-1.719214991039101,6,0.7
33.86981249450153,-0.3534613736016211,-1.7289099960376395,6,0.7
34.10539567071872,-0.35432081754613787,-1.738636320519871,6,0.7
34.34261745751061,-0.35518950278100975,-1.7483913525176358,6,0.7
34.58148925231507,-0.3560611519074985,-1.7581724045675216,6,0.7
34.822022531845434,-0.3569551490695312,-1.7679862577259036,6,0.7
35.064228852641875,-0.35785239126199353,-1.7778254781255087,6,0.7
35.30811985162668,-0.35874019676904956,-1.7876848322572114,6,0.7
35.55370724666329,-0.35966360650215745,-1.797580904687979,6,0.7
35.80100283711939,-0.36058428787779573,-1.8074988156808396,6,0.7
36.05001850443371,-0.3615088060663768,-1.8174405848923034,6,0.7
36.30076621268694,-0.36245654945521966,-1.8274132966257919,6,0.7
36.55325800917653,-0.3633892040142494,-1.837401609678966,6,0.7
36.80750602499552,-0.3643518060710594,-1.8474226850988724,6,0.7
37.06352247561536,-0.3653124607067927,-1.857463556588274,6,0.7
37.32131966147283,-0.3662905610535863,-1.8675314643932033,6,0.7
37.58090996856101,-0.36726704297612156,-1.8776183128847699,6,0.7
37.84230586902438,-0.36827411812373423,-1.887736680940249,6,0.7
38.105519921758045,-0.36926709580351147,-1.8978679296687586,6,0.7
38.37056477301113,-0.3702781905280439,-1.9080247106314385,6,0.7
38.63745315699439,-0.3713011679877768,-1.9182040259376518,6,0.7
38.906197896491996,-0.3723297985719368,-1.928402793992511,6,0.7
39.176811903477656,-0.3733642631426316,-1.9386205644644539,6,0.7
39.449308179734956,-0.37441115036166145,-1.948859621403291,6,0.7
39.72369981748203,-0.37546424017584057,-1.9591168134914876,6,0.7
40.000000000000604,-0.3765365295698209,-1.9693972421656036,6,0.7
40.27822200226936,-0.3776153998913324,-1.9796949732774558,6,0.7
40.55837919160177,-0.37870104558432305,-1.9900095454594233,6,0.7
40.840485028288356,-0.3798000662460287,-2.000343340317121,6,0.7
41.124553066243294,-0.3808998567871899,-2.010690225820577,6,0.7
41.410596953655734,-0.38201342431269325,-2.0210554480347556,6,0.7
41.6986304336455,-0.3831409730469132,-2.031438607476806,6,0.7
41.98866734492334,-0.38426991017663226,-2.04183343738253,6,0.7
42.28072162245588,-0.3854132482264463,-2.052245316486527,6,0.7
42.57480729813507,-0.3865648016069517,-2.0626708671964877,6,0.7
42.8709385014524,-0.3877247884007047,-2.0731096236916664,6,0.7
43.16912946017777,-0.38889342981645203,-2.0835611209345215,6,0.7
43.46939450104301,-0.3900837441992922,-2.094030994565102,6,0.7
43.771748050430276,-0.3912639735869111,-2.104503557159756,6,0.7
44.07620463506514,-0.3924599373444426,-2.1149905237532893,6,0.7
44.38277888271451,-0.3936782628554265,-2.125494629777038,6,0.7
44.69148552288952,-0.3948936057551792,-2.1360029818780393,6,0.7
45.00233938755311,-0.3961189983291396,-2.14652132276192,6,0.7
45.315355411832684,-0.3973546847537941,-2.157049203713032,6,0.7
45.63054863473769,-0.3986073052474673,-2.16758940047308,6,0.7
45.947934199882155,-0.39985793309027545,-2.178131811495868,6,0.7
46.26752735621227,-0.4011260007030581,-2.188685662819788,6,0.7
46.58934345873901,-0.40239898298176846,-2.1992440073879727,6,0.7
46.913397969275934,-0.4036835336662552,-2.20980966626655,6,0.7
47.23970645718201,-0.404986307525839,-2.2203855699990336,6,0.7
47.56828460010965,-0.40628840559144336,-2.2309612611531655,6,0.7
47.89914818475796,-0.4075964926819391,-2.2415395789378736,6,0.7
48.232313107631235,-0.4089172347483943,-2.252123474937304,6,0.7
48.5677953758027,-0.4102572988788141,-2.2627160159166393,6,0.7
48.90561110768358,-0.4115850372158135,-2.27329949110053,6,0.7
49.2457765337975,-0.41293905803710973,-2.2838942621822995,6,0.7
49.58830799756032,-0.4143004953625845,-2.29448952043933,6,0.7
49.933221956065346,-0.4156696472751298,-2.305084832714096,6,0.7
50.280534980874016,-0.41703404931303484,-2.315672588152187,6,0.7
50.630263758812085,-0.4184259247734376,-2.326270315295725,6,0.7
50.982425092771386,-0.4198200501074895,-2.336863265658894,6,0.7
51.33703590251707,-0.42123588543646484,-2.347462003605167,6,0.7
51.69411322550061,-0.4226418426952514,-2.3580477823611266,6,0.7
52.05367421767828,-0.42405739043301355,-2.3686311905896167,6,0.7
52.41573615433548,-0.425489234886257,-2.3792156460609144,6,0.7
52.78031643091672,-0.42693770537700376,-2.3898009027502876,6,0.7
53.14743256386143,-0.4283776249005122,-2.400371418950108,6,0.7
53.517102191445446,-0.42984122483784515,-2.4109459106144175,6,0.7
53.8893430746286,-0.4313097168240348,-2.4215126055479983,6,0.7
54.264173097907864,-0.432777076616771,-2.4320672211481154,6,0.7
54.64161027017682,-0.4342564117597946,-2.4426172205993764,6,0.7
55.02167272559077,-0.4357608285882092,-2.4531703345144438,6,0.7
55.40437872443802,-0.43725244551217646,-2.463702450681449,6,0.7
55.78974665401725,-0.4387571291337972,-2.474229177878068,6,0.7
56.17779502952094,-0.44026887970282813,-2.4847462618764973,6,0.7
56.56854249492486,-0.4417944474088512,-2.4952575629474785,6,0.7
56.962007823883944,-0.44332147302977243,-2.5057546611828827,6,0.7
57.358209920634174,-0.4448630867373118,-2.51624560460686,6,0.7
57.75716782090094,-0.4464069418982918,-2.526721886609829,6,0.7
58.158900692813525,-0.4479725436557801,-2.5371959781897044,6,0.7
58.56342783782614,-0.44953482100683506,-2.54765083231532,6,0.7
58.97076869164518,-0.45109418662149725,-2.5580861328872544,6,0.7
59.38094282516311,-0.45267652203512243,-2.56851897458445,6,0.7
59.79396994539869,-0.4542504149257979,-2.578927595626984,6,0.7
60.209869896443855,-0.4558481176973947,-2.5893337331240067,6,0.7
60.628662660417106,-0.4574573268227039,-2.599728688761017,6,0.7
61.05036835842356,-0.4590466610009333,-2.6100900473002615,6,0.7
61.4750072515217,-0.4606801924411411,-2.620462565289938,6,0.7
61.90259974169682,-0.46229473912310026,-2.630801265452182,6,0.7
62.33316637284123,-0.46390984365391247,-2.6411195085167902,6,0.7
62.766727831741306,-0.4655450449250164,-2.6514311220573292,6,0.7
63.20330494907143,-0.46718172281502723,-2.6617223834921284,6,0.7
63.642918700394766,-0.4688394223560598,-2.6720074086739984,6,0.7
64.08559020717105,-0.4704804655382913,-2.682258080535364,6,0.7
64.5313407377714,-0.4721498382554468,-2.6925076059781774,6,0.7
64.98019170850016,-0.4737971677145627,-2.7027179492448465,6,0.7
65.43216468462381,-0.4754674424411401,-2.7129228054405856,6,0.7
65.8872813814072,-0.4771547977940692,-2.72311778382734,6,0.7
66.34556366515669,-0.47884066976534195,-2.733288496847451,6,0.7
66.80703355427093,-0.4805128621362014,-2.7434251012412307,6,0.7
67.27171322029855,-0.4822100098125668,-2.7535576331582727,6,0.7
67.73962498900357,-0.4839072183417484,-2.7636665230875965,6,0.7
68.21079134143795,-0.485611365633875,-2.773757103785278,6,0.7
68.68523491502174,-0.4873229820518093,-2.7838297685979985,6,0.7
69.16297850463066,-0.48902355528030733,-2.793869399923958,6,0.7
69.6440450636914,-0.49074537730349455,-2.803902230148206,6,0.7
70.12845770528428,-0.4924635992443962,-2.813907957986223,6,0.7
70.61623970325388,-0.4941914731999705,-2.823897515482138,6,0.7
71.10741449332713,-0.49591686514966377,-2.833860804630019,6,0.7
71.60200567423932,-0.49764034424250025,-2.8437982219307187,6,0.7
72.10003700886796,-0.49938786548129577,-2.8537319681571933,6,0.7
72.60153242537443,-0.5011219350887228,-2.8636301489873945,6,0.7
73.10651601835362,-0.502868518213428,-2.8735151456649426,6,0.7
73.61501204999159,-0.5046155171978011,-2.883376656787297,6,0.7
74.12704495123128,-0.5063635302485546,-2.893215308279001,6,0.7
74.64263932294622,-0.508100478641298,-2.9030204471618455,6,0.7
75.16181993712259,-0.5098586799327219,-2.9128210664843905,6,0.7
75.68461173804933,-0.5116197235775481,-2.9226010851372273,6,0.7
76.21103984351666,-0.5133778919861399,-2.9323555247854594,6,0.7
76.74112954602285,-0.5151401533515694,-2.9420909677450235,6,0.7
77.27490631398935,-0.5169008032504581,-2.951802443925908,6,0.7
77.81239579298456,-0.5186794944831199,-2.9615086183169717,6,0.7
78.3536238069559,-0.5204388494454295,-2.9711748635560706,6,0.7
78.8986163594705,-0.5222175420077603,-2.980837924046933,6,0.7
79.44739963496465,-0.5239908847799419,-2.9904748789379467,6,0.7
80.00000000000179,-0.5257595447466691,-3.0000866315556296,6,0.7
80.55644400453932,-0.5275368621187003,-3.0096865112349467,6,0.7
81.11675838320417,-0.5292981794285392,-3.019250880406948,6,0.7
81.68097005657731,-0.5310758469923339,-3.028811937761562,6,0.7
82.24910613248719,-0.5328452223770498,-3.038345907956291,6,0.7
82.8211939073121,-0.534632327910516,-3.0478793705529483,6,0.7
83.39726086729164,-0.5364062077415926,-3.0573818219325273,6,0.7
83.97733468984731,-0.5381802330493715,-3.0668672295909793,6,0.7
84.56144324491237,-0.5399551173957596,-3.0763369441567026,6,0.7
85.14961459627077,-0.5417379085842104,-3.0857989723379102,6,0.7
85.74187700290544,-0.5435103462642331,-3.095234992495348,6,0.7
86.33825892035618,-0.5452794922068935,-3.104652918404577,6,0.7
86.93878900208668,-0.5470713912171135,-3.114081208987,6,0.7
87.54349610086122,-0.5488361719354952,-3.123467508403732,6,0.7
88.15240927013093,-0.5506125436943773,-3.1328539132646056,6,0.7
88.7655577654297,-0.5523696340579277,-3.142207753900567,6,0.7
89.38297104577971,-0.5541398302851875,-3.151565091505797,6,0.7
90.00467877510688,-0.5559112478892607,-3.160913927153394,6,0.7
90.63071082366605,-0.5576783356204197,-3.170248968453607,6,0.7
91.26109726947607,-0.5594355499453549,-3.179564759111547,6,0.7
91.895868399765,-0.561202642861378,-3.1888844937617664,6,0.7
92.53505471242522,-0.5629677579398689,-3.1981958086237707,6,0.7
93.17868691747873,-0.5647127275528708,-3.207478621671982,6,0.7
93.82679593855258,-0.5664699586647117,-3.216771245675097,6,0.7
94.47941291436473,-0.5682276139330549,-3.226061162993044,6,0.7
95.13656920022001,-0.5699612266569717,-3.2353204533193636,6,0.7
95.79829636951663,-0.5717095317900253,-3.244595883783981,6,0.7
96.4646262152632,-0.5734543920861838,-3.2538671604570837,6,0.7
97.13559075160614,-0.5751839990688172,-3.2631210100038617,6,0.7
97.81122221536789,-0.5769244574464039,-3.2723901796685095,6,0.7
98.49155306759573,-0.5786513335933295,-3.281646042275592,6,0.7
99.17661599512138,-0.5803781050518233,-3.290906237188138,6,0.7
99.86644391213144,-0.5820993022129649,-3.30016518258245,6,0.7
100.56106996174877,-0.583822093118035,-3.3094330937660197,6,0.7
101.26052751762494,-0.5855283877139281,-3.3186882845981054,6,0.7
101.96485018554354,-0.5872443091058217,-3.327965203449421,6,0.7
102.67407180503491,-0.5889328339579342,-3.3372175511393007,6,0.7
103.388226451002,-0.5906327211729022,-3.3464965302701395,6,0.7
104.10734843535732,-0.592325901501723,-3.355780138167515,6,0.7
104.83147230867174,-0.5940132542226071,-3.365070795507496,6,0.7
105.56063286183424,-0.5956956625519966,-3.3743709879164503,6,0.7
106.29486512772365,-0.5973677008953006,-3.3836747511283227,6,0.7
107.03420438289172,-0.5990491980232905,-3.3930102478885935,6,0.7
107.778686149258,-0.6007157984013026,-3.4023459643647898,6,0.7
108.52834619581655,-0.6023684018378133,-3.4116842399687664,6,0.7
109.28322054035448,-0.6040268457518292,-3.421053841961497,6,0.7
110.04334545118235,-0.605654166891759,-3.430404707709845,6,0.7
110.80875744887686,-0.607301764388684,-3.439810164215165,6,0.7
111.57949330803534,-0.6089326827121988,-3.449219860836625,6,0.7
112.35559005904271,-0.6105541482318456,-3.458645310721628,6,0.7
113.13708498985058,-0.61217338906143,-3.4680983736587363,6,0.7
113.92401564776874,-0.6137913250098008,-3.4775820468924423,6,0.7
114.71641984126921,-0.6153962586344983,-3.487080819393409,6,0.7
115.51433564180275,-0.6169954253094355,-3.4966067428613563,6,0.7
116.31780138562794,-0.6185834427292191,-3.506153356068694,6,0.7
117.12685567565316,-0.620173859352826,-3.515742491363795,6,0.7
117.94153738329126,-0.6217423686569364,-3.525339138857904,6,0.7
118.76188565032712,-0.6233088318638841,-3.5349747643371963,6,0.7
119.58793989079828,-0.6248678739656082,-3.54464285981337,6,0.7
120.41973979288862,-0.6264141215888956,-3.5543366764712685,6,0.7
121.25732532083512,-0.6279548206005483,-3.564068996994687,6,0.7
122.10073671684803,-0.6295035264343087,-3.5738629399892465,6,0.7
122.95001450304433,-0.631029632742711,-3.5836719999412567,6,0.7
123.80519948339456,-0.6325466963208246,-3.59351902921511,6,0.7
124.66633274568338,-0.634055656278033,-3.60340716203923,6,0.7
125.53345566348355,-0.6355637607032182,-3.6133498745723576,6,0.7
126.40660989814381,-0.6370530218254239,-3.6233195729271355,6,0.7
127.28583740079048,-0.6385433050836982,-3.633350417311647,6,0.7
128.17118041434307,-0.6400040031755884,-3.6433933965477343,6,0.7
129.0626814755438,-0.6414802167533147,-3.6535252099421505,6,0.7
129.9603834170013,-0.6429350269520152,-3.6636859457806867,6,0.7
130.86432936924862,-0.6443882960027291,-3.6739107250027088,6,0.7
131.77456276281538,-0.645828338064363,-3.6841814373078723,6,0.7
132.69112733031437,-0.6472560838126562,-3.6945012399234938,6,0.7
133.61406710854286,-0.6486850817511985,-3.7048953962647473,6,0.7
134.5434264405981,-0.6500973286307528,-3.7153343444643716,6,0.7
135.47924997800817,-0.6514937472958858,-3.725821143265822,6,0.7
136.42158268287693,-0.6528941896327235,-3.7363927566448334,6,0.7
137.3704698300445,-0.6542743307016103,-3.747007634282055,6,0.7
138.32595700926237,-0.6556350826751784,-3.757668720105179,6,0.7
139.28809012738384,-0.6570026000973492,-3.7684252014448663,6,0.7
140.25691541056963,-0.6583714789880617,-3.7792695417979334,6,0.7
141.23247940650882,-0.6597047484823848,-3.790135257320484,6,0.7
142.2148289866553,-0.6610348633677426,-3.8010837610732007,6,0.7
143.20401134847972,-0.6623564025403889,-3.812106855514856,6,0.7
144.200074017737,-0.6636828784488584,-3.8232320330358744,6,0.7
145.20306485074994,-0.664989917813466,-3.834414999852156,6,0.7
146.2130320367083,-0.6662720773646593,-3.8456465895415906,6,0.7
147.2300240999843,-0.6675617946681838,-3.856990988341278,6,0.7
148.25408990246365,-0.6688409872228568,-3.8684152912935517,6,0.7
149.28527864589356,-0.6701105072250174,-3.8799229174554553,6,0.7
150.32363987424628,-0.6713459333570375,-3.8914670560403604,6,0.7
151.3692234760998,-0.6725986323107359,-3.903151351742694,6,0.7
152.42207968703445,-0.673831533594679,-3.9149039294886494,6,0.7
153.48225909204683,-0.6750454536157297,-3.9267277696461442,6,0.7
154.54981262797986,-0.676260156610108,-3.9386647481744164,6,0.7
155.6247915859703,-0.6774638069841077,-3.950692678250872,6,0.7
156.70724761391295,-0.6786571947659932,-3.962814922410106,6,0.7
157.79723271894218,-0.6798474209205736,-3.9750481261858455,6,0.7
158.8947992699305,-0.6810099693939621,-3.9873425839910683,6,0.7
160.0000000000048,-0.6821708821618572,-3.9997546568950555,6,0.7
161.11288800907985,-0.6833182613740822,-4.0122609933047615,6,0.7
162.23351676640956,-0.6844654881603234,-4.024892098418449,6,0.7
163.36194011315587,-0.6855816617750908,-4.037582952788418,6,0.7
164.49821226497562,-0.6867117642926966,-4.050432935437137,6,0.7
165.6423878146254,-0.687812211578879,-4.063348691600866,6,0.7
166.79452173458452,-0.6889026596049151,-4.076374762421523,6,0.7
167.9546693796959,-0.6899901035805971,-4.089528587843135,6,0.7
169.12288648982604,-0.6910688682660473,-4.10279945227585,6,0.7
170.29922919254284,-0.6921269284566436,-4.116161814301651,6,0.7
171.4837540058122,-0.6931838952676305,-4.12966183991058,6,0.7
172.6765178407137,-0.6942277109086542,-4.1432738855939935,6,0.7
173.87757800417467,-0.6952716294965191,-4.157030369478734,6,0.7
175.08699220172375,-0.6962908847937088,-4.170875521302377,6,0.7
176.30481854026317,-0.6972986941345977,-4.184841528121838,6,0.7
177.53111553086072,-0.6982955905743136,-4.198931320477356,6,0.7
178.7659420915608,-0.6992884277750878,-4.2131630016354045,6,0.7
180.00935755021513,-0.7002777051969842,-4.227539820850616,6,0.7
181.26142164733346,-0.701244878089879,-4.242018779312801,6,0.7
182.52219453895353,-0.7021903948437862,-4.2566020609828215,6,0.7
183.7917367995314,-0.7031527492550693,-4.271385687688384,6,0.7
185.07010942485184,-0.7040752608852179,-4.286232034849634,6,0.7
186.35737383495882,-0.7050154267161359,-4.3012850596550045,6,0.7
187.65359187710658,-0.7059291947807596,-4.316436964965756,6,0.7
188.95882582873088,-0.706835951227131,-4.331737775158151,6,0.7
190.27313840044144,-0.7077296701700219,-4.347173955509716,6,0.7
191.59659273903472,-0.708617002555429,-4.362764168714743,6,0.7
192.92925243052787,-0.7094982266387373,-4.378511037765225,6,0.7
194.27118150321374,-0.7103481699046048,-4.394350721201719,6,0.7
195.62244443073726,-0.7112051903589225,-4.410384638401413,6,0.7
196.98310613519297,-0.7120440611607325,-4.426548593540348,6,0.7
198.35323199024427,-0.7128776720872845,-4.442878212530091,6,0.7
199.73288782426437,-0.7136998096635985,-4.459358747842148,6,0.7
201.12213992349908,-0.7145169566690336,-4.476009345851983,6,0.7
202.5210550352514,-0.7153228410612642,-4.492814873726893,6,0.7
203.9297003710886,-0.7161047859067338,-4.509742124973563,6,0.7
205.3481436100714,-0.7168882961678741,-4.526862487774171,6,0.7
206.77645290200556,-0.7176542673299656,-4.544125102224653,6,0.7
208.21469687071618,-0.7184090413939821,-4.561548976390028,6,0.7
209.66294461734503,-0.7191589379135612,-4.579153550601518,6,0.7
211.12126572367004,-0.7199038746276855,-4.596940555827916,6,0.7
212.5897302554489,-0.7206373566292913,-4.614893347705512,6,0.7
214.06840876578502,-0.7213528485063374,-4.632994642130001,6,0.7
215.5573722985176,-0.7220629308155604,-4.651282153912072,6,0.7
217.05669239163473,-0.7227546167083627,-4.669719821362612,6,0.7
218.5664410807106,-0.7234468195058106,-4.688364493437946,6,0.7
220.08669090236637,-0.7241200900386225,-4.707160768484017,6,0.7
221.6175148977554,-0.7247932872453744,-4.726166072376251,6,0.7
223.15898661607235,-0.7254596737457851,-4.745362399986764,6,0.7
224.71118011808713,-0.7260996670662877,-4.764692280476554,6,0.7
226.27416997970286,-0.7267384369996134,-4.7842330886239735,6,0.7
227.8480312955392,-0.7273691316251087,-4.8039659740474745,6,0.7
229.43283968254013,-0.7279848521509814,-4.823871363578611,6,0.7
231.02867128360725,-0.7285914730506209,-4.843968867331002,6,0.7
232.63560277125762,-0.7291884286393974,-4.864258404854192,6,0.7
234.25371135130806,-0.729781531300092,-4.884759981171766,6,0.7
235.88307476658426,-0.7303508908828027,-4.905412410346734,6,0.7
237.523771300656,-0.7309279180847755,-4.9263169534484765,6,0.7
239.17587978159838,-0.7314926449880821,-4.947412063207457,6,0.7
240.83947958577906,-0.7320378845140397,-4.968675909120459,6,0.7
242.51465064167206,-0.7325821200584735,-4.990169872773563,6,0.7
244.2014734336979,-0.7331052288045561,-5.0118300134338005,6,0.7
245.9000290060905,-0.7336256313843539,-5.033718214602278,6,0.7
247.61039896679097,-0.7341424249933086,-5.055833595233516,6,0.7
249.33266549136863,-0.7346417793438563,-5.07813181363883,6,0.7
251.06691132696898,-0.7351355829215312,-5.100654175717761,6,0.7
252.81321979628953,-0.7356099090344868,-5.123355257113078,6,0.7
254.5716748015829,-0.7360959352886992,-5.146342819999078,6,0.7
256.3423608286881,-0.7365538407998763,-5.169482727670716,6,0.7
258.12536295108947,-0.7370018217069707,-5.192838530457521,6,0.7
259.9207668340045,-0.7374451454958307,-5.21643029050842,6,0.7
261.72865873849923,-0.7378761160896862,-5.2402329694732925,6,0.7
263.54912552563275,-0.7383063934470625,-5.264289347321794,6,0.7
265.38225466063074,-0.7387281990628456,-5.288574021782993,6,0.7
267.2281342170877,-0.739127217335122,-5.3130374089577925,6,0.7
269.08685288119824,-0.7395279542568549,-5.337768781446263,6,0.7
270.95849995601833,-0.7399095278624523,-5.362694736293568,6,0.7
272.8431653657559,-0.7402899088460946,-5.387882065124217,6,0.7
274.74093966009104,-0.7406545986070805,-5.413279682522113,6,0.7
276.6519140185268,-0.7410150174344152,-5.438931216916133,6,0.7
278.5761802547697,-0.7413695686895154,-5.464832826700361,6,0.7
280.51383082114137,-0.7417101046555961,-5.490955912677903,6,0.7
282.4649588130198,-0.7420414398075694,-5.517320099316754,6,0.7
284.42965797331277,-0.7423618458387573,-5.543920588074842,6,0.7
286.40802269696155,-0.7426760710405396,-5.570777227383334,6,0.7
288.40014803547615,-0.7429757876251869,-5.597859927550308,6,0.7
290.4061297015021,-0.7432852543983313,-5.625264235112956,6,0.7
292.42606407341884,-0.7435699512563511,-5.652858559173925,6,0.7
294.4600481999708,-0.7438475340370414,-5.680712952838487,6,0.7
296.50817980492957,-0.7441094959887667,-5.708795749076724,6,0.7
298.5705572917893,-0.7443603654423209,-5.7371263288376095,6,0.7
300.64727974849484,-0.744624308975999,-5.765803235915711,6,0.7
302.73844695220185,-0.744866500102435,-5.794689590604083,6,0.7
304.84415937407124,-0.7450913532811504,-5.823804216022312,6,0.7
306.964518184096,-0.7453163993096183,-5.853219966657688,6,0.7
309.09962525596205,-0.7455394658448966,-5.882930535674634,6,0.7
311.24958317194296,-0.7457320190896738,-5.912820367878749,6,0.7
313.4144952278283,-0.7459246666335522,-5.943017116223734,6,0.7
315.59446543788675,-0.7461085377288114,-5.973486282160324,6,0.7
317.7895985398634,-0.7462944891586086,-6.004275603690085,6,0.7
320.000000000012,-0.7464603707431522,-6.035293982280622,6,0.7
322.22577601816215,-0.7466169647749892,-6.066588545135667,6,0.7
324.4670335328215,-0.7467750602331782,-6.09820760451232,6,0.7
326.7238802263142,-0.7469057338226508,-6.130029029758588,6,0.7
328.99642452995374,-0.7470395632986426,-6.162186329613085,6,0.7
331.2847756292533,-0.7471674155930896,-6.194642571479967,6,0.7
333.5890434691715,-0.7472800958678023,-6.227359586999366,6,0.7
335.90933875939425,-0.7473882820038834,-6.2603862496809555,6,0.7
338.2457729796546,-0.7474827118521749,-6.293683747119294,6,0.7
340.5984583850881,-0.7475740354601841,-6.327301556197125,6,0.7
342.96750801162693,-0.7476395966967215,-6.361140088198186,6,0.7
345.3530356814299,-0.7477166669543034,-6.395369271391864,6,0.7
347.75515600835195,-0.7477758633502664,-6.429858800659192,6,0.7
350.1739844034501,-0.7478344566190043,-6.464689467801571,6,0.7
352.60963708052907,-0.7478829991671648,-6.499820516508034,6,0.7
355.0622310617241,-0.7479186826586502,-6.535241031747782,6,0.7
357.53188418312425,-0.7479252535965073,-6.570876918726972,6,0.7
360.0187151004329,-0.7479535089313243,-6.606967770115177,6,0.7
362.52284329466966,-0.7479603510268438,-6.643314462264167,6,0.7
365.0443890779098,-0.7479495776030253,-6.679936345674233,6,0.7
367.58347359906554,-0.7479317240560278,-6.716885487649037,6,0.7
370.14021884970646,-0.7479173594710897,-6.754215330067032,6,0.7
372.7147476699204,-0.7478900789523711,-6.7918498127371105,6,0.7
375.30718375421594,-0.7478469093888831,-6.829776515628672,6,0.7
377.9176516574646,-0.7478051581055785,-6.86808214515142,6,0.7
380.5462768008857,-0.7477347665778142,-6.906621801795645,6,0.7
383.1931854780723,-0.7476665885474881,-6.945549334499305,6,0.7
385.85850486105863,-0.7475840647589082,-6.984785594070998,6,0.7
388.5423630064304,-0.7475113619200512,-7.024453927528211,6,0.7
391.2448888614774,-0.7474114617465113,-7.064371689286957,6,0.7
393.96621227038884,-0.7473085329745248,-7.104662573711202,6,0.7
396.7064639804915,-0.7471927199716601,-7.145279403138229,6,0.7
399.4657756485318,-0.7470677895475087,-7.186243825015121,6,0.7
402.24427984700117,-0.7469443753223958,-7.2276134093472075,6,0.7
405.04211007050577,-0.746792025065836,-7.2692336591102515,6,0.7
407.85940074218024,-0.746635054178635,-7.311232532049722,6,0.7
410.69628722014585,-0.7464841625995418,-7.353669364978522,6,0.7
413.55290580401413,-0.7463019093960774,-7.396350580433026,6,0.7
416.42939374143555,-0.746119607772972,-7.439443306176501,6,0.7
419.3258892346932,-0.7459273183031117,-7.482898126377592,6,0.7
422.24253144734325,-0.7457288840234124,-7.526738483343864,6,0.7
425.179460510901,-0.7455281790237865,-7.570988474882976,6,0.7
428.13681753157323,-0.7453082961787078,-7.615559894746539,6,0.7
431.11474459703845,-0.7450800298628564,-7.660513751308062,6,0.7
434.11338478327275,-0.7448403330043059,-7.705836416877723,6,0.7
437.13288216142445,-0.7445861516947262,-7.7515139008325695,6,0.7
440.173381804736,-0.7443214077806336,-7.797570577547451,6,0.7
443.23502979551404,-0.744064049825761,-7.8441095422992015,6,0.7
446.31797323214806,-0.7437691153668873,-7.890883381601305,6,0.7
449.4223602361776,-0.7434895943924259,-7.9381914128730475,6,0.7
452.5483399594091,-0.7431945071324801,-7.985863561959304,6,0.7
455.6960625910818,-0.7428738051001067,-8.033845315348483,6,0.7
458.8656793650838,-0.742552654319595,-8.082282617141349,6,0.7
462.0573425672179,-0.7422281558500731,-8.131162936814416,6,0.7
465.2712055425187,-0.7418761793147187,-8.180350612458358,6,0.7
468.5074227026196,-0.741522079621495,-8.229994900551198,6,0.7
471.76614953317204,-0.7411701080929479,-8.280124782935825,6,0.7
475.04754260131557,-0.7407818721636028,-8.330519266495614,6,0.7
478.3517595632003,-0.7404114125691552,-8.381498609635653,6,0.7
481.6789591715617,-0.7400203350024968,-8.432841006824372,6,0.7
485.02930128334776,-0.7396057691897172,-8.484531993079873,6,0.7
488.40294686739946,-0.7391863648196294,-8.536685807891152,6,0.7
491.8000580121847,-0.7387665757959381,-8.589333447679508,6,0.7
495.2207979335857,-0.7383221233549873,-8.642332535785506,6,0.7
498.665330982741,-0.7378718526259962,-8.695800212450807,6,0.7
502.1338226539417,-0.7374131060410248,-8.749724452944266,6,0.7
505.62643959258287,-0.7369432381409796,-8.804093040033148,6,0.7
509.14334960316967,-0.7364596159064687,-8.858893569196146,6,0.7
512.68472165738,-0.7359668938759018,-8.914158580187957,6,0.7
516.2507259021829,-0.7354552212483406,-8.969830810115834,6,0.7
519.841533668013,-0.734936617324162,-9.025988840762723,6,0.7
523.4573174770023,-0.7343939541258332,-9.082529337518771,6,0.7
527.0982510512695,-0.7338540217780007,-9.13962462738165,6,0.7
530.7645093212655,-0.7332997578020146,-9.19717174599579,6,0.7
534.4562684341794,-0.7327434733313486,-9.255253191184664,6,0.7
538.1737057624005,-0.7321606878339872,-9.313717133334793,6,0.7
541.9169999120409,-0.7315711716982516,-9.372693869544333,6,0.7
545.6863307315159,-0.7309652264435257,-9.432125454763002,6,0.7
549.4818793201863,-0.7303628696550464,-9.492145956389976,6,0.7
553.3038280370578,-0.7297321374403941,-9.552552559651048,6,0.7
557.1523605095437,-0.7290781870994055,-9.613382153466086,6,0.7
561.027661642287,-0.7284287576822155,-9.67482099219327,6,0.7
564.9299176260438,-0.7277593023186797,-9.736712796334272,6,0.7
568.8593159466297,-0.7270752089436484,-9.799097357895079,6,0.7
572.8160453939274,-0.7263895183770124,-9.862066210093776,6,0.7
576.8002960709567,-0.725692731952524,-9.925561433290389,6,0.7
580.8122594030085,-0.7249525183813393,-9.989370460323038,6,0.7
584.8521281468421,-0.7242199968744416,-10.053840968011208,6,0.7
588.920096399946,-0.7234858072073851,-10.118916151288964,6,0.7
593.0163596098636,-0.7227099175438854,-10.184329236690543,6,0.7
597.1411145835832,-0.7219440141434553,-10.250436479389426,6,0.7
601.2945594969942,-0.7211480350644013,-10.316969773080304,6,0.7
605.4768939044083,-0.720366426453017,-10.384239450066211,6,0.7
609.688318748147,-0.7195435532950495,-10.451867835826551,6,0.7
613.9290363681965,-0.7187163509533844,-10.520114728670123,6,0.7
618.1992505119288,-0.7178677276227183,-10.588866994912994,6,0.7
622.4991663438906,-0.7170116753959165,-10.658227495510785,6,0.7
626.8289904556613,-0.7161389035624963,-10.728136927702952,6,0.7
631.1889308757782,-0.7152479145701567,-10.798590082370218,6,0.7
635.5791970797316,-0.7143530007462008,-10.869693574194693,6,0.7
640.0000000000289,-0.7134291570317279,-10.941276070290208,6,0.7
644.4515520363291,-0.7124828323620152,-11.01338824940094,6,0.7
648.9340670656479,-0.7115365119062002,-11.086196480375177,6,0.7
653.4477604526332,-0.71057311778695,-11.159585014381284,6,0.7
657.9928490599125,-0.7095834075627558,-11.233492960193775,6,0.7
662.5695512585116,-0.7085901922770953,-11.30809074892624,6,0.7
667.178086938348,-0.7075843989524142,-11.383319460110325,6,0.7
671.8186775187937,-0.7065487985540087,-11.459059835337287,6,0.7
676.4915459593144,-0.7055146517511367,-11.535545885376221,6,0.7
681.1969167701814,-0.704448572174739,-11.612540050945922,6,0.7
685.935016023259,-0.7033657716864788,-11.690159659920447,6,0.7
690.7060713628651,-0.7022653266673031,-11.768404341013639,6,0.7
695.5103120167091,-0.7011463480393433,-11.847273979731462,6,0.7
700.3479688069056,-0.7000244911179844,-11.926891575550446,6,0.7
705.2192741610634,-0.6988742606333536,-12.007074526924722,6,0.7
710.1244621234536,-0.6977280428965031,-12.088071337408783,6,0.7
715.0637683662537,-0.6965352913587558,-12.169510696331823,6,0.7
720.0374302008713,-0.6953368989329428,-12.251705635286525,6,0.7
725.0456865893448,-0.6941155590146819,-12.334533232935328,6,0.7
730.0887781558251,-0.692870629713153,-12.41799539905436,6,0.7
735.1669471981365,-0.6916184493385659,-12.50222315897317,6,0.7
740.2804376994185,-0.6903501381101236,-12.587156835689617,6,0.7
745.4294953398465,-0.689056723481652,-12.672735359562413,6,0.7
750.6143675084376,-0.6877377083452741,-12.758961963824593,6,0.7
755.8353033149348,-0.6864098454148788,-12.84597254140028,6,0.7
761.0925536017771,-0.6850642756455766,-12.933707089155899,6,0.7
766.3863709561504,-0.6837007175841537,-13.022171250183467,6,0.7
771.717009722123,-0.6823015017879207,-13.111236035746707,6,0.7
777.0847260128666,-0.6808924556304183,-13.201109006293793,6,0.7
782.4897777229608,-0.6794735225018445,-13.291798316067732,6,0.7
787.9324245407837,-0.6780270398330785,-13.383174781665542,6,0.7
793.412927960989,-0.6765705330865406,-13.475383296715854,6,0.7
798.9315512970695,-0.6750684674336115,-13.56815404939584,6,0.7
804.4885596940084,-0.6735651861824747,-13.6618426205916,6,0.7
810.0842201410177,-0.6720250388790923,-13.756177699296922,6,0.7
815.7188014843666,-0.6704749190180787,-13.85137937394212,6,0.7
821.392574440298,-0.6688969396609311,-13.947315392037046,6,0.7
827.1058116080346,-0.6673002346749052,-14.044066642376341,6,0.7
832.8587874828772,-0.6656941446213718,-14.141716373794324,6,0.7
838.6517784693928,-0.6640606609609424,-14.24013081826709,6,0.7
844.4850628946929,-0.6623907055524337,-14.339246413247935,6,0.7
850.3589210218082,-0.6607121627275268,-14.439294543591428,6,0.7
856.2736350631529,-0.6589882525420045,-14.539990700440413,6,0.7
862.2294891940834,-0.657265800495368,-14.641718865135172,6,0.7
868.226769566552,-0.6555267093958783,-14.744344215565036,6,0.7
874.2657643228554,-0.6537336477620168,-14.84757624157176,6,0.7
880.3467636094787,-0.6519436183138465,-14.951882927864535,6,0.7
886.4700595910348,-0.6501097275716488,-15.056896615564453,6,0.7
892.635946464303,-0.6482705743505136,-15.162938599963992,6,0.7
898.844720472362,-0.6464076790000617,-15.269870028210736,6,0.7
905.096679918825,-0.6445022132639902,-15.377548462714067,6,0.7
911.3921251821704,-0.6425837447279598,-15.486223671629299,6,0.7
917.7313587301744,-0.6406530868898164,-15.595913085947117,6,0.7
924.1146851344428,-0.6386716809563676,-15.706313821499993,6,0.7
930.5424110850445,-0.6366794395593238,-15.817761026362025,6,0.7
937.0148454052463,-0.6346573951285855,-15.930111184716637,6,0.7
943.5322990663512,-0.6326162476674635,-16.043462477979933,6,0.7
950.0950852026382,-0.6305367444472532,-16.157668743277707,6,0.7
956.7035191264079,-0.6284296200081098,-16.272828681188866,6,0.7
963.3579183431307,-0.6263160651240003,-16.38912708525677,6,0.7
970.0586025667028,-0.6241768030677327,-16.506417803741783,6,0.7
976.8058937348063,-0.6219921438335276,-16.62455089372834,6,0.7
983.6001160243768,-0.6198041476820533,-16.743882881098482,6,0.7
990.4415958671789,-0.617562068859605,-16.864009204950783,6,0.7
997.3306619654895,-0.6152873904325985,-16.985117912209905,6,0.7
1004.267645307891,-0.6130126783270793,-17.107488735484075,6,0.7
1011.2528791851732,-0.6107076384126794,-17.23088502485915,6,0.7
1018.2866992063468,-0.6083626210763313,-17.35523965909307,6,0.7
1025.3694433147675,-0.6059892468620675,-17.480660620070278,6,0.7
1032.5014518043733,-0.6035994460346226,-17.60725870897024,6,0.7
1039.6830673360337,-0.6011619721046632,-17.73478941188217,6,0.7
1046.9146349540124,-0.5986995316725015,-17.86345249664691,6,0.7
1054.1965021025467,-0.5962354272639524,-17.993452884183455,6,0.7
1061.5290186425389,-0.5937160047630036,-18.12436181837246,6,0.7
1068.9125368683667,-0.5911866334180749,-18.256566190478463,6,0.7
1076.347411524809,-0.5885928484067067,-18.389630864612307,6,0.7
1083.8339998240897,-0.586003072759876,-18.524132814694585,6,0.7
1091.37266146304,-0.5833738168586662,-18.659727585381866,6,0.7
1098.9637586403808,-0.5807291526414824,-18.79662709672854,6,0.7
1106.607656074124,-0.5780246608820265,-18.93447982219007,6,0.7
1114.3047210190957,-0.5753307815797017,-19.073879216705993,6,0.7
1122.0553232845823,-0.5725563300655205,-19.214089791663035,6,0.7
1129.859835252096,-0.5697840865750217,-19.355806338858443,6,0.7
1137.7186318932681,-0.566968848399239,-19.498671932151154,6,0.7
1145.6320907878635,-0.5641357349899203,-19.642907394574927,6,0.7
1153.600592141922,-0.5612625449903106,-19.788345356349485,6,0.7
1161.6245188060257,-0.5583506584093221,-19.935012217029726,6,0.7
1169.704256293693,-0.5554258773580855,-20.083134233321946,6,0.7
1177.840192799901,-0.5524411405975397,-20.23234167901471,6,0.7
1186.032719219736,-0.5494592741511677,-20.383163373362613,6,0.7
1194.2822291671753,-0.5464329079311516,-20.535227720926667,6,0.7
1202.5891189939975,-0.5433885421764818,-20.688766468099406,6,0.7
1210.9537878088256,-0.5402776712737755,-20.84340055467095,6,0.7
1219.3766374963034,-0.5371394583470774,-20.999465027656164,6,0.7
1227.8580727364024,-0.5339886115301962,-21.157095072537196,6,0.7
1236.3985010238666,-0.5308144555220716,-21.316219776436384,6,0.7
1244.9983326877905,-0.5276060028533782,-21.476766328186063,6,0.7
1253.657980911332,-0.5243388202585273,-21.638554124799136,6,0.7
1262.377861751566,-0.521067069156967,-21.802037171743844,6,0.7
1271.1583941594727,-0.517753332624559,-21.96693020382973,6,0.7
1280.0000000000673,-0.5143993224716084,-22.133264295901828,6,0.7
1288.9031040726677,-0.511033893379477,-22.30128798269165,6,0.7
1297.8681341313059,-0.5076049600701471,-22.470601132062328,6,0.7
1306.8955209052763,-0.5041963275502325,-22.641891058870034,6,0.7
1315.9856981198345,-0.5007142614840511,-22.814426533980065,6,0.7
1325.1391025170333,-0.4972297360774568,-22.98879088974037,6,0.7
1334.3561738767062,-0.49367512680707076,-23.164464543739022,6,0.7
1343.6373550375972,-0.49012268972821676,-23.342038502318772,6,0.7
1352.9830919186386,-0.486518139994277,-23.521100896970434,6,0.7
1362.393833540373,-0.48292097137884377,-23.70213879629351,6,0.7
1371.8700320465282,-0.4792324230626485,-23.884393695452008,6,0.7
1381.4121427257405,-0.4755561022528345,-24.068697897241503,6,0.7
1391.0206240334287,-0.47183615952101937,-24.25463164660812,6,0.7
1400.6959376138216,-0.46808956304111776,-24.442346329867483,6,0.7
1410.4385483221372,-0.4643338781438217,-24.631996555598697,6,0.7
1420.2489242469178,-0.46052646417062526,-24.823270215413515,6,0.7
1430.1275367325184,-0.4566998910250649,-25.01643869413109,6,0.7
1440.0748604017533,-0.4528259890520219,-25.2113040564493,6,0.7
1450.0913731787002,-0.448953654433898,-25.40826097148157,6,0.7
1460.177556311661,-0.4450390330842877,-25.60699200801684,6,0.7
1470.3338943962842,-0.4411002680521589,-25.80765550449509,6,0.7
1480.560875398848,-0.43710806081569564,-26.010048861558218,6,0.7
1490.8589906797042,-0.4331614997757325,-26.21494118554579,6,0.7
1501.2287350168863,-0.4290857221945884,-26.421032170230006,6,0.7
1511.670606629881,-0.4250949102593401,-26.62995351601581,6,0.7
1522.1851072035656,-0.42099542730647305,-26.84027183435518,6,0.7
1532.772741912312,-0.416905333900101,-27.052891094181852,6,0.7
1543.4340194442575,-0.4128115916290558,-27.267731848041574,6,0.7
1554.1694520257447,-0.40868356966304614,-27.484586792848923,6,0.7
1564.9795554459333,-0.40450674156655686,-27.70337066150952,6,0.7
1575.8648490815792,-0.40031831033254206,-27.924377765229146,6,0.7
1586.8258559219898,-0.3961744979825783,-28.14803590582396,6,0.7
1597.863102594151,-0.3919383247912416,-28.373368352994916,6,0.7
1608.9771193880288,-0.38771854860181143,-28.601185609547972,6,0.7
1620.1684402820476,-0.3834652196520828,-28.831146741881163,6,0.7
1631.4376029687455,-0.37918127650116196,-29.063294830798007,6,0.7
1642.7851488806082,-0.3749436148063766,-29.298197221895524,6,0.7
1654.2116232160815,-0.3706271060913296,-29.534984926928416,6,0.7
1665.7175749657672,-0.36634638431418043,-29.77449014283044,6,0.7
1677.303556938798,-0.362068555929145,-30.01649836666319,6,0.7
1688.9701257893985,-0.3577593970816467,-30.260790832600893,6,0.7
1700.7178420436294,-0.3534608789532615,-30.507680282473252,6,0.7
1712.5472701263188,-0.3490991305889173,-30.75667772806859,6,0.7
1724.4589783881795,-0.3447951507688827,-31.008636314952625,6,0.7
1736.453539133117,-0.3404549992354132,-31.26293136684762,6,0.7
1748.531528645724,-0.3361222148488768,-31.519880911041156,6,0.7
1760.6935272189705,-0.33180132597052053,-31.77953451076492,6,0.7
1772.940119182083,-0.3274764258975086,-32.041804919839066,6,0.7
1785.2718929286193,-0.32315175593674533,-32.306741126183766,6,0.7
1797.6894409447373,-0.3188527592551461,-32.57453111143392,6,0.7
1810.1933598376636,-0.3146059254025763,-32.845365524064896,6,0.7
1822.7842503643546,-0.3102884890243205,-33.11846118694628,6,0.7
1835.4627174603627,-0.3060112249330563,-33.39456300514972,6,0.7
1848.2293702688994,-0.30180186452148083,-33.67386466950887,6,0.7
1861.0848221701028,-0.297578470536063,-33.955857307287644,6,0.7
1874.0296908105065,-0.29336757152740667,-34.24073205029687,6,0.7
1887.0645981327166,-0.2891741813226659,-34.52854054669241,6,0.7
1900.190170405291,-0.28504925789017915,-34.8196197492205,6,0.7
1913.4070382528298,-0.280953435043975,-35.113739264581874,6,0.7
1926.715836686276,-0.2768689770020156,-35.410808820009535,6,0.7
1940.1172051334202,-0.2728482128029596,-35.71116800570878,6,0.7
1953.611787469627,-0.2688979595262595,-36.01487193854195,6,0.7
1967.2002320487684,-0.2649046190130587,-36.32125352364724,6,0.7
1980.8831917343723,-0.26101794542728324,-36.63123207085255,6,0.7
1994.661323930994,-0.25719693929738224,-36.944574338682195,6,0.7
2008.535290615797,-0.25344859473751147,-37.2613356082494,6,0.7
2022.5057583703617,-0.24970455891751617,-37.58113367536004,6,0.7
2036.573398412709,-0.24607175857849675,-37.9046064402364,6,0.7
2050.7388866295505,-0.24250726252217153,-38.23151788007987,6,0.7
2065.0029036087626,-0.23901824701351426,-38.56192342322251,6,0.7
2079.366134672083,-0.23558582335581488,-38.895731680570215,6,0.7
2093.8292699080407,-0.23229666597801957,-39.233439678178534,6,0.7
2108.3930042051093,-0.22905286969244765,-39.57451477402414,6,0.7
2123.0580372850936,-0.22591532809231193,-39.91930727864424,6,0.7
2137.82507373675,-0.222892574343675,-40.26787346857572,6,0.7
2152.6948230496346,-0.21999343679932618,-40.62026964502147,6,0.7
2167.6679996481957,-0.21722704623944067,-40.97655208227089,6,0.7
2182.7453229260964,-0.21454598123194757,-41.336480519971936,6,0.7
2197.927517280778,-0.2120155990992193,-41.70040718718968,6,0.7
2213.2153121482643,-0.20964595950910217,-42.06838810238094,6,0.7
2228.6094420382083,-0.20735928864100098,-42.440033959072004,6,0.7
2244.1106465691814,-0.20522280792136513,-42.8156970006853,6,0.7
2259.7196705042093,-0.20327661429679195,-43.19558097362344,6,0.7
2275.4372637865536,-0.20153209129377925,-43.57974082938452,6,0.7
2291.2641815757443,-0.19987812210379804,-43.96763848716007,6,0.7
2307.2011842838615,-0.19844695023155168,-44.35992135639074,6,0.7
2323.2490376120686,-0.1972196144054665,-44.75649513673187,6,0.7
2339.4085125874035,-0.19614439583360319,-45.15711796114577,6,0.7
2355.6803855998196,-0.1953597168476412,-45.56243348788799,6,0.7
2372.0654384394898,-0.19481528647663776,-45.972198055423874,6,0.7
2388.5644583343683,-0.19442556327696603,-46.38602247809378,6,0.7
2405.178237988013,-0.19426690430494956,-46.80425303065865,6,0.7
2421.9075756176694,-0.1944189041092567,-47.227232539555956,6,0.7
2438.753274992625,-0.19476107110159496,-47.654425895948336,6,0.7
2455.716145472823,-0.19540729131616505,-48.0863200140673,6,0.7
2472.797002047752,-0.19630306446176243,-48.52267200831029,6,0.7
2489.9966653755996,-0.19753135486784787,-48.96381823676827,6,0.7
2507.3159618226828,-0.19903694956120466,-49.409515462771004,6,0.7
2524.755723503151,-0.20086932315261316,-49.859952361181065,6,0.7
2542.3167883189644,-0.20307986290953806,-50.31531357627543,6,0.7
2560.0000000001537,-0.20553918534516327,-50.77507255296149,6,0.7
2577.806208145355,-0.20837062735359174,-51.239697129214576,6,0.7
2595.736268262631,-0.21162792495722738,-51.70936462945659,6,0.7
2613.7910418105726,-0.21525365018052553,-52.18383051176571,6,0.7
2631.971396239689,-0.21926384855444997,-52.663131056423005,6,0.7
2650.2782050340866,-0.22359795833785429,-53.1470270636513,6,0.7
2668.7123477534324,-0.2284260029592552,-53.63610003980693,6,0.7
2687.274710075215,-0.23372827717681485,-54.1302390592296,6,0.7
2705.9661838372976,-0.23944418980335783,-54.62920153139523,6,0.7
2724.7876670807664,-0.2456306095216989,-55.13314841739754,6,0.7
2743.740064093077,-0.2523058865731377,-55.642102356826555,6,0.7
2762.824285451502,-0.25952963094275616,-56.15621268568691,6,0.7
2782.0412480668783,-0.2671982586895994,-56.67510797354498,6,0.7
2801.391875227664,-0.27545387792250864,-57.19919050364587,6,0.7
2820.8770966442953,-0.28414911555591327,-57.727966547542295,6,0.7
2840.4978484938565,-0.2935129477421574,-58.262074818059844,6,0.7
2860.2550734650586,-0.3034824446995006,-58.80126622510181,6,0.7
2880.1497208035285,-0.3139917988916777,-59.34530125901252,6,0.7
2900.1827463574223,-0.3251470590442907,-59.89442353476377,6,0.7
2920.355112623344,-0.33692550394373905,-60.44850977748653,6,0.7
2940.6677887925907,-0.3493920467871552,-61.007668907127155,6,0.7
2961.121750797718,-0.3625237076620486,-61.571773446820835,6,0.7
2981.717981359431,-0.3763866770766109,-62.14092011485599,6,0.7
3002.4574700337953,-0.39091202224564414,-62.714868990892185,6,0.7
3023.3412132597846,-0.40611996897398134,-63.293604768734276,6,0.7
3044.3702144071544,-0.4222164927045738,-63.8775216852005,6,0.7
3065.545483824648,-0.4388993727573712,-64.46586071756384,6,0.7
3086.868038888538,-0.4565159132744859,-65.05930525477723,6,0.7
3108.338904051513,-0.4749014228151054,-65.65740865740746,6,0.7
3129.9591108918903,-0.49417256381898317,-66.26032018101856,6,0.7
3151.7296981631816,-0.5141596978025892,-66.86761863030048,6,0.7
3173.651711844004,-0.5351245607069421,-67.47971320564625,6,0.7
3195.726205188326,-0.5569935806176811,-68.09635655112095,6,0.7
3217.954238776082,-0.5796903998384172,-68.71731821813212,6,0.7
3240.3368805641194,-0.6034332611123125,-69.3428622102411,6,0.7
3262.8752059375156,-0.6280964215126874,-69.9726651672143,6,0.7
3285.570297761241,-0.65360034971556,-70.60650773232133,6,0.7
3308.4232464321876,-0.6801658302644852,-71.2446113219545,6,0.7
3331.435149931559,-0.7077136473696582,-71.88674012851423,6,0.7
3354.607113877621,-0.7363151657060897,-72.53286947734465,6,0.7
3377.9402515788224,-0.765939945504903,-73.18283558472676,6,0.7
3401.4356840872842,-0.7967109307233301,-73.83665331048327,6,0.7
3425.094540252663,-0.8283898459192145,-74.49393085925567,6,0.7
3448.9179567763854,-0.8612539706650642,-75.15483976602951,6,0.7
3472.9070782662598,-0.8952187687893547,-75.81915186214233,6,0.7
3497.0630572914743,-0.9303024546891547,-76.48674765946359,6,0.7
3521.387054437968,-0.9665755181871474,-77.15754167052478,6,0.7
3545.880238364193,-1.003949879914444,-77.83132289700772,6,0.7
3570.543785857265,-1.0424416250070967,-78.50796844418555,6,0.7
3595.378881889502,-1.0822795277208859,-79.18746151202214,6,0.7
3620.3867196753545,-1.1230528352803024,-79.86943414156822,6,0.7
3645.5685007287366,-1.16531012175983,-80.55399547077532,6,0.7
3670.9254349207527,-1.2086376973378075,-81.24080766058584,6,0.7
3696.458740537827,-1.253317034291527,-81.92981000749283,6,0.7
3722.1696443402334,-1.299145579014914,-82.62078724072009,6,0.7
3748.0593816210417,-1.3461885952374495,-83.31360404792748,6,0.7
3774.129196265462,-1.3945650947342416,-84.00810557568641,6,0.7
3800.3803408106105,-1.444122944469087,-84.70412267445877,6,0.7
3826.8140765056887,-1.4950880034233767,-85.40147367096947,6,0.7
3853.43167337258,-1.547197697303187,-86.10002105076639,6,0.7
3880.2344102668694,-1.6007848596941565,-86.79952438357624,6,0.7
3907.223574939284,-1.6555848444039696,-87.4998704048321,6,0.7
3934.400464097566,-1.711603280566264,-88.2009021729462,6,0.7
3961.7663834687746,-1.768953395109267,-88.90240314950714,6,0.7
3989.322647862018,-1.8276930679312904,-89.60415559025236,6,0.7
4017.070581231624,-1.887662578807375,-90.30607344664953,6,0.7
4045.011516740754,-1.94891808021982,-91.00795381489328,6,0.7
4073.1467968254487,-2.0115684251715162,-91.7095313491624,6,0.7
4101.477773259132,-2.075505457015552,-92.41070627295807,6,0.7
4130.005807217556,-2.140728263917328,-93.11130436475385,6,0.7
4158.732269344197,-2.2071279385144975,-93.81126725852793,6,0.7
4187.658539816113,-2.2749695630331415,-94.51013732025014,6,0.7
4216.78600841025,-2.3440351883932045,-95.20796925676481,6,0.7
4246.116074570219,-2.414479843558544,-95.90439518433458,6,0.7
4275.650147473531,-2.4860855633267223,-96.59951659357866,6,0.7
4305.389646099301,-2.5589524437122675,-97.29303452491477,6,0.7
4335.335999296423,-2.633073297921327,-97.98478347631767,6,0.7
4365.4906458522255,-2.7085444132151744,-98.67443010575997,6,0.7
4395.8550345615895,-2.7852516248222345,-99.36196889432335,6,0.7
4426.430624296562,-2.8630302919157344,-100.04751962970823,6,0.7
4457.21888407645,-2.942231966450853,-100.73028756049744,6,0.7
4488.2212931383965,-3.0224334542463884,-101.41087528045871,6,0.7
4519.439341008452,-3.103829475351098,-102.08876426667963,6,0.7
4550.874527573141,-3.186508426195493,-102.7635961337272,6,0.7
4582.528363151522,-3.2703548901579453,-103.43542925771284,6,0.7
4614.402368567757,-3.3553549758541963,-104.1041265302241,6,0.7
4646.498075224173,-3.441345792382556,-104.7699047709965,6,0.7
4678.817025174842,-3.5286101534741645,-105.43194482942177,6,0.7
4711.360771199674,-3.6168855371219126,-106.09070807398666,6,0.7
4744.130876879015,-3.706158086879542,-106.74609254978448,6,0.7
4777.128916668773,-3.796653612943006,-107.3973549619449,6,0.7
4810.356475976061,-3.888208906497236,-108.04475268237573,6,0.7
4843.815151235375,-3.9807121796631755,-108.68844827967949,6,0.7
4877.506549985286,-4.07419496386184,-109.3282185885383,6,0.7
4911.432290945683,-4.168733328571462,-109.9636933202329,6,0.7
4945.594004095541,-4.26416976725252,-110.59519948335185,6,0.7
4979.9933307512365,-4.360716164154041,-111.22193714840076,6,0.7
5014.631923645403,-4.45803386488813,-111.84483430304677,6,0.7
5049.511447006339,-4.5562879547541995,-112.46324003001465,6,0.7
5084.633576637967,-4.655547928254871,-113.0767743391589,6,0.7
5120.000000000346,-4.755528819611958,-113.68628147835541,6,0.7
5155.612416290749,-4.856520450009388,-114.29062416918563,6,0.7
5191.4725365253,-4.9582416444527055,-114.89067543362579,6,0.7
5227.582083621183,-5.060719494840503,-115.48623589919836,6,0.7
5263.942792479418,-5.164189621727068,-116.07628761845062,6,0.7
5300.556410068212,-5.268294275285736,-116.6620769046144,6,0.7
5337.424695506905,-5.373225244563729,-117.24274944355615,6,0.7
5374.54942015047,-5.478839710967681,-117.81876432286087,6,0.7
5411.932367674636,-5.585161367385378,-118.3899257822607,6,0.7
5449.575334161574,-5.692251952360267,-118.95586378511668,6,0.7
5487.480128186196,-5.799973064873209,-119.51706376093698,6,0.7
5525.648570903045,-5.90838623761197,-120.07316153355478,6,0.7
5564.082496133798,-6.017472685075711,-120.62413614174602,6,0.7
5602.78375045537,-6.127175857235247,-121.17014703615997,6,0.7
5641.754193288633,-6.237441228854478,-121.71136200658302,6,0.7
5680.995696987757,-6.3483273556298006,-122.24741915908453,6,0.7
5720.51014693016,-6.45977965845124,-122.77849105263475,6,0.7
5760.2994416071,-6.571817815210296,-123.304395170462,6,0.7
5800.365492714889,-6.68435297075979,-123.82549423037798,6,0.7
5840.710225246731,-6.797405727741051,-124.34161205656936,6,0.7
5881.335577585225,-6.910995121031717,-124.85257135007626,6,0.7
5922.243501595481,-7.02510434917924,-125.35837873417353,6,0.7
5963.435962718906,-7.139649187241161,-125.85941396196391,6,0.7
6004.914940067636,-7.2546160537421445,-126.35569270112975,6,0.7
6046.682426519615,-7.370090516350953,-126.84667297457078,6,0.7
6088.740428814354,-7.4858929345006935,-127.33330409109928,6,0.7
6131.090967649341,-7.60226986790352,-127.81411023979602,6,0.7
6173.736077777122,-7.718916077469533,-128.29079723308683,6,0.7
6216.6778081030725,-7.83601059180814,-128.76226340900033,6,0.7
6259.918221783827,-7.953475999790607,-129.2289085594712,6,0.7
6303.4593963264115,-8.071238594449447,-129.6911368285738,6,0.7
6347.303423688055,-8.18940808905333,-130.14822087380628,6,0.7
6391.4524103767,-8.307910508942221,-130.600567053134,6,0.7
6435.9084775522115,-8.426704637284326,-131.04839522096012,6,0.7
6480.673761128287,-8.545779903708656,-131.4917372544082,6,0.7
6525.750411875079,-8.665182657460427,-131.93024660312048,6,0.7
6571.140595522531,-8.784872525535073,-132.36414630566352,6,0.7
6616.846492864425,-8.904838555267656,-132.79347088292212,6,0.7
6662.870299863169,-9.025070073142112,-133.2182557378169,6,0.7
6709.214227755292,-9.14555668215746,-133.63853708621315,6,0.7
6755.880503157695,-9.266261883891522,-134.05454127273268,6,0.7
6802.871368174619,-9.387254950499166,-134.46573779459828,6,0.7
6850.189080505378,-9.508395925242754,-134.87311112924306,6,0.7
6897.835913552822,-9.629805091606867,-135.27575414311042,6,0.7
6945.814156532571,-9.751371617433119,-135.67446173143333,6,0.7
6994.126114583001,-9.873137915649028,-136.06889543141,6,0.7
7042.774108875988,-9.995095405021559,-136.45909525176276,6,0.7
7091.760476728439,-10.117283387598368,-136.84472630677388,6,0.7
7141.087571714584,-10.239621275247941,-137.22639324350763,6,0.7
7190.757763779057,-10.362079146715706,-137.6043228442218,6,0.7
7240.773439350762,-10.484674220412892,-137.97836739342316,6,0.7
7291.137001457528,-10.607489909216401,-138.34782277579376,6,0.7
7341.850869841561,-10.730427563324072,-138.71347669226856,6,0.7
7392.917481075709,-10.853415846888142,-139.07592453307413,6,0.7
7444.339288680522,-10.976602211573791,-139.43390993496453,6,0.7
7496.118763242139,-11.099913765676215,-139.7880311665121,6,0.7
7548.258392530979,-11.223302504563195,-140.13869683322764,6,0.7
7600.760681621277,-11.346846297586113,-140.48521341772783,6,0.7
7653.628153011434,-11.470456456724436,-140.828355237343,6,0.7
7706.863346745218,-11.594148986375227,-141.16797840627987,6,0.7
7760.468820533797,-11.717997734994814,-141.50339776775849,6,0.7
7814.447149878626,-11.841859309577211,-141.83592363997184,6,0.7
7868.800928195191,-11.965808193923452,-142.16486989043807,6,0.7
7923.532766937609,-12.089895634046572,-142.48973960825572,6,0.7
7978.645295724095,-12.213984830562254,-142.81182913786157,6,0.7
8034.141162463309,-12.338183675355157,-143.13010359527144,6,0.7
8090.023033481568,-12.462414224209606,-143.44531585981986,6,0.7
8146.293593650958,-12.58669137375758,-143.75732514417479,6,0.7
8202.955546518326,-12.711011665604893,-144.06616888151996,6,0.7
8260.011614435174,-12.835440339303698,-144.37118417576846,6,0.7
8317.464538688457,-12.959920444973886,-144.67293946040562,6,0.7
8375.317079632288,-13.084381646162537,-144.97216756395636,6,0.7
8433.572016820564,-13.208905186608915,-145.26803412151304,6,0.7
8492.232149140504,-13.3334544756446,-145.56092348056808,6,0.7
8551.300294947127,-13.45802680300167,-145.8508711064421,6,0.7
8610.779292198666,-13.58265087741721,-146.1375712351192,6,0.7
8670.671998592914,-13.707307363082489,-146.42123296505758,6,0.7
8730.981291704516,-13.83197799051471,-146.70206191615912,6,0.7
8791.710069123244,-13.956645518005917,-146.98026015765242,6,0.7
8852.86124859319,-14.081352646624069,-147.25535720049177,6,0.7
8914.437768152968,-14.206066907012186,-147.52772400835931,6,0.7
8976.44258627686,-14.330786297177854,-147.79739346661677,6,0.7
9038.878682016972,-14.455537067173514,-148.06406850426245,6,0.7
9101.74905514635,-14.580302237556669,-148.3279501474164,6,0.7
9165.056726303115,-14.705038447434246,-148.58956200997096,6,0.7
9228.804737135582,-14.829772189979103,-148.84860586899558,6,0.7
9292.996150448414,-14.954541636205207,-149.10462831160302,6,0.7
9357.634050349754,-15.079291226555686,-149.35830993023689,6,0.7
9422.721542399418,-15.204045837527943,-149.60935885839277,6,0.7
9488.261753758103,-15.328816179864365,-149.8576485187966,6,0.7
9554.257833337617,-15.453524918627778,-150.1041619094942,6,0.7
9620.712951952195,-15.578283711765682,-150.34750283035015,6,0.7
9687.630302470823,-15.702991710625929,-150.58896374616077,6,0.7
9755.013099970645,-15.827744867925013,-150.82732107562603,6,0.7
9822.864581891441,-15.9524336745622,-151.06400760695988,6,0.7
9891.188008191157,-16.077128701389917,-151.29811773485787,6,0.7
9959.98666150255,-16.20180513933998,-151.52998970113165,6,0.7
10029.26384729088,-16.32645085449305,-151.7598024363792,6,0.7
10099.022894012754,-16.451120811265177,-151.98682355472585,6,0.7
10169.26715327601,-16.57575771812805,-152.21184141485213,6,0.7
10240.000000000768,-16.70037205448274,-152.43472964311817,6,0.7
10311.224832581574,-16.824973685963528,-152.65536493350507,6,0.7
10382.945073050678,-16.949540634014298,-152.8740705488773,6,0.7
10455.164167242447,-17.074093266094316,-153.0905746502058,6,0.7
10527.885584958914,-17.19862042019795,-153.30505026495507,6,0.7
10601.112820136505,-17.323121545748133,-153.5175213925736,6,0.7
10674.849391013888,-17.44760593781994,-153.7278672722113,6,0.7
10749.098840301021,-17.572072675859076,-153.93611378478352,6,0.7
10823.864735349352,-17.69650184142132,-154.14257192868354,6,0.7
10899.15066832323,-17.820921592534088,-154.3468361957482,6,0.7
10974.960256372473,-17.945321468621913,-154.54907504827347,6,0.7
11051.297141806172,-18.069673403432233,-154.7497336201379,6,0.7
11128.16499226768,-18.194004804092827,-154.9484105257396,6,0.7
11205.567500910824,-18.318314975437925,-155.14512969885675,6,0.7
11283.508386577352,-18.44258584919275,-155.34019010432772,6,0.7
11361.991393975597,-18.56683472929395,-155.53333635979342,6,0.7
11441.020293860403,-18.691052567222744,-155.72472748003472,6,0.7
11520.598883214287,-18.815247496984416,-155.91424850138316,6,0.7
11600.730985429864,-18.93941077853763,-156.1020561798792,6,0.7
11681.420450493551,-19.063542268230183,-156.28817014897663,6,0.7
11762.671155170538,-19.187641841659364,-156.47260976253304,6,0.7
11844.48700319105,-19.31172508039837,-156.6551303373954,6,0.7
11926.871925437901,-19.435768017988405,-156.83614877321884,6,0.7
12009.82988013536,-19.559778549564307,-157.01555090014207,6,0.7
12093.36485303932,-19.683771629668367,-157.19309610842893,6,0.7
12177.4808576288,-19.807716994010008,-157.36932177445766,6,0.7
12262.181935298773,-19.931637134665106,-157.54385732564373,6,0.7
12347.472155554336,-20.055524548695924,-157.71684969014302,6,0.7
12433.355616206238,-20.17938631954796,-157.88818988514592,6,0.7
12519.836443567749,-20.30321519443223,-158.05802272337587,6,0.7
12606.918792652916,-20.427018080617188,-158.2262403150026,6,0.7
12694.606847376202,-20.550781201952937,-158.3931092315082,6,0.7
12782.904820753494,-20.674524920629306,-158.55827419656268,6,0.7
12871.816955104521,-20.79822245677338,-158.72224506822587,6,0.7
12961.347522256672,-20.921887424357315,-158.88478997211547,6,0.7
13051.500823750257,-21.045532671909392,-159.04568305408338,6,0.7
13142.28119104516,-21.169151460995487,-159.2050642775219,6,0.7
13233.69298572895,-21.292731254114333,-159.36318946018594,6,0.7
13325.740599726436,-21.416284658816515,-159.51983438489643,6,0.7
13418.428455510686,-21.53979350789379,-159.67536903477915,6,0.7
13511.761006315492,-21.66328809933725,-159.8292188570229,6,0.7
13605.74273634934,-21.78674444967688,-159.98186955381277,6,0.7
13700.378161010858,-21.910168732845896,-160.13321756768812,6,0.7
13795.671827105747,-22.03355544680729,-160.28339145748822,6,0.7
13891.628313065248,-22.156921773846005,-160.43206098023114,6,0.7
13988.252229166108,-22.280256389720744,-160.57947044626354,6,0.7
14085.548217752083,-22.403554056000637,-160.7257456174925,6,0.7
14183.520953456982,-22.526825895639895,-160.87067403429498,6,0.7
14282.175143429275,-22.650071868943158,-161.01427085310215,6,0.7
14381.515527558222,-22.77328675433971,-161.15666128274876,6,0.7
14481.546878701633,-22.89646564212537,-161.2979674541732,6,0.7
14582.274002915165,-23.01962409766075,-161.43787319615635,6,0.7
14683.70173968323,-23.142742011662154,-161.57682746760017,6,0.7
14785.834962151528,-23.26583473347587,-161.71451591050575,6,0.7
14888.678577361155,-23.388907096185015,-161.85084588723493,6,0.7
14992.23752648439,-23.5119446303151,-161.9861513386327,6,0.7
15096.516785062071,-23.634952463798363,-162.1203364656752,6,0.7
15201.521363242668,-23.757930827969314,-162.253412708927,6,0.7
15307.256306022984,-23.880879956134955,-162.38539135571082,6,0.7
15413.726693490553,-24.003804572692033,-162.51618031824478,6,0.7
15520.93764106771,-24.12669587101519,-162.6459977151752,6,0.7
15628.894299757369,-24.249563005076283,-162.7746486142047,6,0.7
15737.6018563905,-24.372401727854047,-162.9022469270545,6,0.7
15847.065533875337,-24.495212282696603,-163.0288031999422,6,0.7
15957.29059144831,-24.61799908910357,-163.15422798585473,6,0.7
16068.282324926739,-24.740753981618603,-163.27873192678555,6,0.7
16180.046066963258,-24.863485498153523,-163.40212610520638,6,0.7
16292.587187302037,-24.986177718997794,-163.52481400395328,6,0.7
16405.911093036775,-25.108855052140548,-163.6462162613425,6,0.7
16520.023228870472,-25.231513346565507,-163.7664450513893,6,0.7
16634.92907737704,-25.354133376991463,-163.8859935287523,6,0.7
16750.634159264704,-25.476730984786652,-164.0044842096091,6,0.7
16867.144033641256,-25.59930625469001,-164.12192837588833,6,0.7
16984.464298281135,-25.72185194433198,-164.23852522683006,6,0.7
17102.600589894384,-25.844379302660442,-164.35400178701227,6,0.7
17221.558584397462,-25.966870459435583,-164.4688346991067,6,0.7
17341.343997185955,-26.089347190312182,-164.58247431012288,6,0.7
17461.962583409164,-26.21179890710942,-164.69520958603837,6,0.7
17583.42013824662,-26.334222449967516,-164.8071401036019,6,0.7
17705.72249718651,-26.456628302793067,-164.91800162473712,6,0.7
17828.875536306066,-26.579003167356095,-165.02816507501973,6,0.7
17952.885172553855,-26.701357379652354,-165.13736783263448,6,0.7
18077.75736403408,-26.82368460444834,-165.24579695153594,6,0.7
18203.498110292836,-26.945994749977228,-165.353195022572,6,0.7
18330.113452606365,-27.06828152961712,-165.45974827714193,6,0.7
18457.609474271307,-27.190542104959018,-165.5655513672089,6,0.7
18585.99230089697,-27.312782934695676,-165.67043804992207,6,0.7
18715.26810069965,-27.434995138130965,-165.77467452055672,6,0.7
18845.44308479898,-27.55719694337082,-165.87775496050932,6,0.7
18976.523507516347,-27.679361867226945,-165.9804536253747,6,0.7
19108.51566667538,-27.801516617892688,-166.08201469625104,6,0.7
19241.425903904536,-27.923649615755828,-166.18278550777995,6,0.7
19375.260604941792,-28.04575272791969,-166.2830214986759,6,0.7
19510.026199941436,-28.167845804127523,-166.382149623559,6,0.7
19645.729163783028,-28.289909623340336,-166.48075495783422,6,0.7
19782.376016382463,-28.411958134158574,-166.57843421089785,6,0.7
19919.973323005244,-28.533986067088797,-166.67535863673757,6,0.7
20058.527694581913,-28.65599105462809,-166.77161503901175,6,0.7
20198.045788025658,-28.777978558624522,-166.8670496891562,6,0.7
20338.53430655217,-28.899946170830304,-166.96174977579315,6,0.7
20480.00000000169,-29.021896605919846,-167.05564353748548,6,0.7
20622.4496651633,-29.143825073931986,-167.14889473856775,6,0.7
20765.890146101516,-29.26573432178636,-167.24143093094986,6,0.7
20910.32833448505,-29.387626954687114,-167.33318170845976,6,0.7
21055.771169917985,-29.509498387215316,-167.42430743727613,6,0.7
21202.22564027317,-29.631353573276392,-167.5146613044247,6,0.7
21349.698782027936,-29.75318577343025,-167.60447667315776,6,0.7
21498.197680602203,-29.875006660855114,-167.69338298879276,6,0.7
21647.72947069887,-29.99680505288381,-167.78176186580566,6,0.7
21798.301336646622,-30.118590109087616,-167.86932140001534,6,0.7
21949.920512745113,-30.240357533584334,-167.95621687411227,6,0.7
22102.59428361251,-30.36210114912008,-168.04267218799126,6,0.7
22256.32998453553,-30.483834023058986,-168.12825536830786,6,0.7
22411.135001821818,-30.60554781412691,-168.21326339567554,6,0.7
22567.01677315487,-30.727246891792774,-168.2975579461123,6,0.7
22723.98278795137,-30.848929358228876,-168.3812167644932,6,0.7
22882.04058772098,-30.970595412160087,-168.46424532556338,6,0.7
23041.197766428744,-31.092245250399365,-168.54664904330804,6,0.7
23201.4619708599,-31.21387714060916,-168.62850258144587,6,0.7
23362.840900987278,-31.33549705749775,-168.7096033057618,6,0.7
23525.342310341253,-31.457097537042536,-168.79023275027401,6,0.7
23688.974006382276,-31.578684468780367,-168.8701895810177,6,0.7
23853.743850875984,-31.70025431881148,-168.94961519696105,6,0.7
24019.6597602709,-31.821816326614258,-169.0281783845698,6,0.7
24186.729706078822,-31.94335620989135,-169.10642182862225,6,0.7
24354.96171525778,-32.06488317875768,-169.1840146646313,6,0.7
24524.363870597732,-32.18639733824655,-169.26096315375665,6,0.7
24694.944311108862,-32.307897096940266,-169.3373386557046,6,0.7
24866.711232412665,-32.429379285979245,-169.41327540494487,6,0.7
25039.672887135683,-32.55085246817637,-169.48845406026302,6,0.7
25213.837585306024,-32.67230847500986,-169.56320249086275,6,0.7
25389.213694752598,-32.79375242578125,-169.63733246851515,6,0.7
25565.809641507185,-32.9151860021972,-169.710786896204,6,0.7
25743.63391020923,-33.03660144442371,-169.78388559917641,6,0.7
25922.695044513537,-33.15800680100666,-169.85631858758475,6,0.7
26103.00164750071,-33.27939452783151,-169.92840129281598,6,0.7
26284.562382090517,-33.40077543734918,-169.99970536416723,6,0.7
26467.385971458098,-33.52214059598923,-170.07060525808419,6,0.7
26651.481199453076,-33.64349609663928,-170.1408609539456,6,0.7
26836.856911021572,-33.76483624241914,-170.21071920036218,6,0.7
27023.522012631187,-33.88616271949575,-170.28012201603536,6,0.7
27211.485472698885,-34.00747852127229,-170.34895380923547,6,0.7
27400.75632202192,-34.128785107475686,-170.4171609670836,6,0.7
27591.3436542117,-34.2500797976662,-170.48486657226277,6,0.7
27783.256626130707,-34.371360061716,-170.55219037456183,6,0.7
27976.504458332423,-34.49263009452849,-170.61896082582834,6,0.7
28171.096435504372,-34.61388866852476,-170.6852398131766,6,0.7
28367.04190691418,-34.73513590013238,-170.7510306328181,6,0.7
28564.35028685876,-34.85637315344328,-170.8162798976151,6,0.7
28763.031055116662,-34.97759796792346,-170.88110352070836,6,0.7
28963.093757403483,-35.098811669663114,-170.94544684593805,6,0.7
29164.548005830547,-35.22001424684385,-171.0093112423614,6,0.7
29367.403479366687,-35.34120796837729,-171.0725870379529,6,0.7
29571.669924303278,-35.46238770942092,-171.13549257123785,6,0.7
29777.35715472254,-35.583556297861406,-171.19785741775846,6,0.7
29984.475052969006,-35.70470962665486,-171.25977738556665,6,0.7
30193.03357012437,-35.825846567992144,-171.3210640347672,6,0.7
30403.042726485564,-35.94694878911685,-171.38187726930147,6,0.7
30614.512612046197,-36.067966376674,-171.44205615626052,6,0.7
30827.45338698134,-36.18872786468461,-171.5026642995718,6,0.7
31041.875282135654,-36.309905676084846,-171.56618535349617,6,0.7
31257.788599514974,-36.43134239744794,-171.62546664841298,6,0.7
31475.203712781236,-36.5525397864296,-171.68380329545332,6,0.7
31694.13106775091,-36.67366177337357,-171.7420197946306,6,0.7
31914.581182896858,-36.794755133737304,-171.7999418348109,6,0.7
32136.564649853717,-36.91583398774662,-171.85741585773104,6,0.7
32360.09213392676,-37.03689953180389,-171.91456740297895,6,0.7
32585.17437460432,-37.157956500574294,-171.97123438216553,6,0.7
32811.8221860738,-37.27900189867915,-172.0276096796437,6,0.7
33040.04645774119,-37.40004008119107,-172.0834936104652,6,0.7
33269.85815475433,-37.52106852465563,-172.13903329539502,6,0.7
33501.26831852966,-37.64208751033448,-172.19422847987633,6,0.7
33734.28806728276,-37.76309906868042,-172.24898395060427,6,0.7
33968.928596562524,-37.884100655794285,-172.30344508362808,6,0.7
34205.20117978902,-38.00509686718749,-172.35737619077415,6,0.7
34443.11716879519,-38.12608512848291,-172.4109230916763,6,0.7
34682.68799437217,-38.247064707749246,-172.4641347578855,6,0.7
34923.92516681859,-38.36803743451416,-172.51692032260883,6,0.7
35166.8402764935,-38.48900255377008,-172.56932919459217,6,0.7
35411.44499437329,-38.60995771977496,-172.621500683862,6,0.7
35657.7510726124,-38.730907970146106,-172.67316296520164,6,0.7
35905.77034510798,-38.851850918515936,-172.72445628876727,6,0.7
36155.51472806843,-38.97278666121089,-172.7753832034803,6,0.7
36406.99622058595,-39.0937152919408,-172.82594622485468,6,0.7
36660.22690521301,-39.21463613993504,-172.87619185535814,6,0.7
36915.21894854289,-39.33555082747525,-172.9260341380139,6,0.7
37171.98460179422,-39.45645866688051,-172.97551974451878,6,0.7
37430.53620139958,-39.577359739051744,-173.02465091095002,6,0.7
37690.88616959824,-39.698254840334045,-173.07338691146484,6,0.7
37953.04701503298,-39.819141168585546,-173.12190072357436,6,0.7
38217.03133335104,-39.940023777020876,-173.1698956881998,6,0.7
38482.85180780936,-40.0608984503259,-173.2176284212435,6,0.7
38750.521209883875,-40.181766635978484,-173.26501475836753,6,0.7
39020.05239988316,-40.302628999578616,-173.3120135333861,6,0.7
39291.458327566346,-40.4234841257858,-173.3587069169041,6,0.7
39564.752032765224,-40.54433318454115,-173.4050097734483,6,0.7
39839.94664601079,-40.665175139513096,-173.4509577464504,6,0.7
40117.05538916413,-40.786008560923804,-173.49657966073707,6,0.7
40396.09157605162,-40.90683414891898,-173.5416918962856,6,0.7
40677.068613104646,-41.02764334704423,-173.5864866667853,6,0.7
40960.00000000368,-41.14842222882235,-173.6307698553292,6,0.7
41244.899330326916,-41.26910603048977,-173.67407229046339,6,0.7
41531.78029220334,-41.38925716339516,-173.7174201738289,6,0.7
41820.65666897041,-41.51016064632987,-173.76964412256189,6,0.7
42111.54233983629,-41.63154871454661,-173.81199882707094,6,0.7
42404.45128054665,-41.7524635602786,-173.8541331526092,6,0.7
42699.3975640562,-41.87329146192618,-173.89649248479694,6,0.7
42996.39536120473,-41.99409316977479,-173.93873475400406,6,0.7
43295.458941398065,-42.11488131990646,-173.98082743776448,6,0.7
43596.60267329357,-42.23566199281102,-174.02261196649442,6,0.7
43899.84102549055,-42.3564348230689,-174.06421482578637,6,0.7
44205.18856722535,-42.477202282695444,-174.10551358869012,6,0.7
44512.659969071385,-42.597963787955884,-174.1465757762456,6,0.7
44822.27000364397,-42.71872015597183,-174.18736171819506,6,0.7
45134.033546310086,-42.83947208248741,-174.22783443982567,6,0.7
45447.96557590307,-42.960219690384335,-174.26799452366015,6,0.7
45764.081175442305,-43.08096209846427,-174.30791379165544,6,0.7
46082.39553285784,-43.20169942354731,-174.34759241584678,6,0.7
46402.92394172015,-43.322433666960464,-174.38689159401878,6,0.7
46725.681801974904,-43.443162975782016,-174.42595317972948,6,0.7
47050.68462068286,-43.56388744130118,-174.46477796502424,6,0.7
47377.94801276491,-43.68460760507902,-174.50333274372724,6,0.7
47707.487701752325,-43.80532442851346,-174.5415514582253,6,0.7
48039.319520542165,-43.9260361671319,-174.57957176675123,6,0.7
48373.45941215801,-44.04674379062031,-174.61732722027563,6,0.7
48709.923430515926,-44.16744864803611,-174.6547200799665,6,0.7
49048.72774119583,-44.28814819749863,-174.69195185358086,6,0.7
49389.888622218095,-44.40884464034792,-174.7288587012724,6,0.7
49733.4224648257,-44.5295363462363,-174.7655737415723,6,0.7
50000.0,-44.62261602890059,-174.79369272134198,6,0.7
10.0,-0.2927450740668396,-0.5542720052965285,7,0.8
10.069555500567189,-0.29290772462858417,-0.5579597560667597,7,0.8
10.139594797900294,-0.2930388804501981,-0.5616663029735185,7,0.8
10.210121257071936,-0.2932030401919266,-0.56539836227999,7,0.8
10.281138266560667,-0.2933550734795246,-0.569151362182908,7,0.8
10.352649238413779,-0.29351433734113463,-0.5729273959827863,7,0.8
10.424657608411218,-0.2936679460239769,-0.5767251898878327,7,0.8
10.497166836230678,-0.29382235949043023,-0.5805454995352233,7,0.8
10.57018040561381,-0.293990485639349,-0.5843897938635185,7,0.8
10.643701824533608,-0.29415943950143864,-0.5882567822082145,7,0.8
10.71773462536294,-0.29432278505701703,-0.5921458380509258,7,0.8
10.792282365044281,-0.2944998782355573,-0.5960591523985048,7,0.8
10.867348625260592,-0.29467138748486843,-0.5999946876189938,7,0.8
10.942937012607405,-0.29483087795918494,-0.6039517838517819,7,0.8
11.019051158766118,-0.29502349555482904,-0.6079355593700801,7,0.8
11.095694720678463,-0.29519122483038535,-0.6119395932438456,7,0.8
11.172871380722214,-0.2953663165801145,-0.6159675722204512,7,0.8
11.250584846888108,-0.2955616780404422,-0.62002106432979,7,0.8
11.328838852958,-0.29573219215987073,-0.6240949651092657,7,0.8
11.407637158684253,-0.29592300254417864,-0.6281945388159272,7,0.8
11.486983549970367,-0.2961147814650158,-0.6323176309838896,7,0.8
11.566881839052892,-0.2963075429320514,-0.636464307983448,7,0.8
11.647335864684578,-0.29649485457539865,-0.640633867238646,7,0.8
11.728349492318808,-0.2967025170468399,-0.6448294486492477,7,0.8
11.809926614295325,-0.29689186584324023,-0.6490464921227485,7,0.8
11.892071150027233,-0.29710159422587373,-0.6532897144852198,7,0.8
11.97478704618931,-0.29730593179476306,-0.6575560660641772,7,0.8
12.05807827690763,-0.2975048942364463,-0.661845588147749,7,0.8
12.141948843950495,-0.29773072659745814,-0.6661623271692098,7,0.8
12.226402776920713,-0.29793832322561686,-0.6705007573287366,7,0.8
12.31144413344919,-0.29815348353234944,-0.67486413211995,7,0.8
12.397076999389895,-0.29836333251227565,-0.6792508833930865,7,0.8
12.48330548901615,-0.2985936681888219,-0.6836643427685063,7,0.8
12.570133745218314,-0.29881228032241636,-0.6881004589143633,7,0.8
12.657565939702833,-0.2990449667294163,-0.6925625897820661,7,0.8
12.745606273192656,-0.29927240921218695,-0.6970482885853183,7,0.8
12.834258975629076,-0.2995075151065313,-0.701559278253305,7,0.8
12.923528306374958,-0.29973741259127895,-0.7060939088514666,7,0.8
13.013418554419374,-0.29998145336802384,-0.7106547849881638,7,0.8
13.10393403858367,-0.30022032202265314,-0.715239379627895,7,0.8
13.195079107728983,-0.3004604816721549,-0.7198485835076396,7,0.8
13.286858140965156,-0.30070839511179576,-0.7244833103249301,7,0.8
13.379275547861162,-0.3009576371857687,-0.7291427244987254,7,0.8
13.472335768656947,-0.3012146709418404,-0.7338277484227342,7,0.8
13.566043274476765,-0.30147307210456986,-0.738537529718927,7,0.8
13.660402567544,-0.3017264173328926,-0.7432711879714804,7,0.8
13.755418181397484,-0.3020005000491562,-0.7480323758620983,7,0.8
13.851094681109295,-0.3022695673769802,-0.7528174977446969,7,0.8
13.947436663504105,-0.3025271978914197,-0.7576256265960687,7,0.8
14.044448757380025,-0.3028056271039302,-0.7624613999544393,7,0.8
14.142135623731003,-0.3030919900384054,-0.7673230138228514,7,0.8
14.240501955970773,-0.30336053880598046,-0.7722067159729274,7,0.8
14.33955248015833,-0.3036435078251027,-0.7771172175824814,7,0.8
14.439291955225018,-0.3039344766117502,-0.7820536061740543,7,0.8
14.539725173203164,-0.3042270257136415,-0.787014939250333,7,0.8
14.640856959456315,-0.30452117833791326,-0.7920012175749043,7,0.8
14.742692172911074,-0.30482339944604736,-0.797013420105586,7,0.8
14.845235706290554,-0.3051208299630449,-0.8020495872101538,7,0.8
14.94849248634945,-0.305426376782111,-0.807111680381173,7,0.8
15.05246747411074,-0.30573362314393165,-0.812198708148791,7,0.8
15.15716566510405,-0.3060490347081378,-0.8173116669972352,7,0.8
15.26259208960566,-0.3063533149463251,-0.8224475105045923,7,0.8
15.368751812880195,-0.3066851323234901,-0.8276123233851993,7,0.8
15.475649935423972,-0.3070123103720578,-0.8328010112215696,7,0.8
15.58329159321007,-0.3073413161101463,-0.8380145657737722,7,0.8
15.69168195793509,-0.3076721765104532,-0.843252958193791,7,0.8
15.800826237267621,-0.30801779779858696,-0.8485182667321464,7,0.8
15.910729675098453,-0.3083524496769384,-0.8538062505832289,7,0.8
16.02139755179252,-0.30868903962409977,-0.8591189658528171,7,0.8
16.13283518444261,-0.30904691265221834,-0.8644596060752567,7,0.8
16.245047927124794,-0.30938746450994153,-0.8698216773439184,7,0.8
16.358041171155712,-0.309755795112328,-0.8752127207797051,7,0.8
16.471820345351553,-0.31010686493548756,-0.8806250615930897,7,0.8
16.586390916288924,-0.3104793338033092,-0.8860652352336851,7,0.8
16.70175838856748,-0.31085391757613556,-0.8915298982565065,7,0.8
16.817928305074386,-0.311217772766596,-0.8970167327239453,7,0.8
16.93490624725064,-0.31159024421376713,-0.9025290279880385,7,0.8
17.052697835359233,-0.3119778005383146,-0.9080678815593572,7,0.8
17.17130872875518,-0.3123675996942813,-0.9136309640421673,7,0.8
17.290744626157405,-0.31275323853527415,-0.9192170355681384,7,0.8
17.411011265922586,-0.31316049659067446,-0.924830665486665,7,0.8
17.53211442632081,-0.3135572260664873,-0.9304659535430331,7,0.8
17.654059925813208,-0.31395633481753177,-0.9361251303880082,7,0.8
17.776853623331515,-0.3143771647344278,-0.9418116878501545,7,0.8
17.900501418559564,-0.3147940085797127,-0.9475207877033219,7,0.8
18.02500925221672,-0.3152133386125911,-0.953253513372077,7,0.8
18.150383106343334,-0.3156416266154769,-0.9590109796049627,7,0.8
18.27662900458813,-0.3160724750131321,-0.9647918697602124,7,0.8
18.403753012497624,-0.31650592203391525,-0.9705960673847688,7,0.8
18.53176123780754,-0.31694200649471105,-0.9764234515436305,7,0.8
18.660659830736275,-0.31738076781026,-0.9822738967731993,7,0.8
18.790454984280366,-0.31783511270137665,-0.9881498107261136,7,0.8
18.921152934512047,-0.31829221399835195,-0.9940485589669394,7,0.8
19.05275996087888,-0.3187585457349724,-0.999971290519424,7,0.8
19.18528238650542,-0.31922128396673494,-1.0059152957205235,7,0.8
19.31872657849705,-0.31969333649396586,-1.0118830118170592,7,0.8
19.453098948245852,-0.32016831373206595,-1.0178729981028993,7,0.8
19.588405951738682,-0.3206462595396419,-1.0238850969263007,7,0.8
19.72465408986733,-0.32113364976620273,-1.0299204826190438,7,0.8
19.861849908740865,-0.3216305287301016,-1.0359790178906199,7,0.8
20.00000000000015,-0.3221240800310825,-1.0420578470289144,7,0.8
20.13911100113453,-0.32262078160507696,-1.0481581298324971,7,0.8
20.279189595800737,-0.3231335409709144,-1.0542824392523256,7,0.8
20.42024251414402,-0.3236431150197575,-1.06042648688699,7,0.8
20.56227653312149,-0.3241624124150721,-1.0665928464189607,7,0.8
20.70529847682771,-0.3246979108878653,-1.0727827614425498,7,0.8
20.849315216822593,-0.3252175148348291,-1.0789889964786605,7,0.8
20.994333672461515,-0.32575984912180084,-1.085219830054752,7,0.8
21.14036081122778,-0.32630567826374746,-1.091470824072068,7,0.8
21.28740364906737,-0.3268421993573033,-1.0977388579958807,7,0.8
21.43546925072604,-0.32740803270731256,-1.1040324217207138,7,0.8
21.584564730088722,-0.32795823873981306,-1.1103411025186662,7,0.8
21.734697250521346,-0.32853143635075244,-1.116673479414544,7,0.8
21.885874025214974,-0.3291019727582235,-1.1230234302436328,7,0.8
22.038102317532406,-0.329676331971604,-1.1293921867094796,7,0.8
22.191389441357092,-0.33026099747372006,-1.135781020590182,7,0.8
22.345742761444598,-0.3308496015049557,-1.1421881829197729,7,0.8
22.501169693776383,-0.3314486286157683,-1.148614958554505,7,0.8
22.657677705916175,-0.3320452889639146,-1.1550580112573299,7,0.8
22.815274317368676,-0.33265891780913026,-1.1615217361378005,7,0.8
22.973967099940907,-0.33327030367544913,-1.168001197282101,7,0.8
23.13376367810596,-0.33390520496217607,-1.1745024413587701,7,0.8
23.29467172936933,-0.3345251439359697,-1.1810156804456275,7,0.8
23.456698984637793,-0.33515588019801207,-1.1875469750283436,7,0.8
23.619853228590827,-0.33579105657222474,-1.194094441647533,7,0.8
23.784142300054643,-0.336450006182508,-1.2006627002876837,7,0.8
23.949574092378796,-0.3370878430928156,-1.2072399965292973,7,0.8
24.11615655381544,-0.3377431682957688,-1.213835858946687,7,0.8
24.28389768790117,-0.3384160498832782,-1.2204500505703828,7,0.8
24.452805553841607,-0.33908729600939425,-1.2270772595105064,7,0.8
24.622888266898567,-0.3397762402857699,-1.233722234760303,7,0.8
24.794153998779972,-0.34045085656798396,-1.2403761448036053,7,0.8
24.966610978032485,-0.34114331887185206,-1.2470471879578755,7,0.8
25.140267490436816,-0.34183444480915737,-1.2537298775631667,7,0.8
25.315131879405854,-0.3425499857764803,-1.2604308584722983,7,0.8
25.4912125463855,-0.34326434517527815,-1.2671428258653417,7,0.8
25.668517951258348,-0.34398402127366534,-1.2738671728799578,7,0.8
25.847056612750112,-0.34470267800847687,-1.2806017473200053,7,0.8
26.026837108838944,-0.34543323171681173,-1.2873497719023046,7,0.8
26.20786807716754,-0.3461757644117963,-1.2941109253646694,7,0.8
26.390158215458165,-0.3469239437916263,-1.300883043083583,7,0.8
26.573716281930512,-0.34767785576007515,-1.3076657541034666,7,0.8
26.758551095722524,-0.3484375875346885,-1.3144586835028225,7,0.8
26.944671537314093,-0.34919681348054793,-1.3212595693158544,7,0.8
27.13208654895373,-0.3499812797699861,-1.3280755764425076,7,0.8
27.320805135088207,-0.35074618072787533,-1.3348930629267304,7,0.8
27.510836362795175,-0.3515429168690255,-1.3417268814942527,7,0.8
27.7021893622188,-0.35233951507558303,-1.3485671057964237,7,0.8
27.89487332700842,-0.35314248409303595,-1.3554152526539072,7,0.8
28.088897514760255,-0.3539390982246522,-1.3622669767967428,7,0.8
28.284271247462218,-0.35476151299004915,-1.369131726762472,7,0.8
28.48100391194176,-0.3555841825198017,-1.3760012205478547,7,0.8
28.679104960316874,-0.35641361956023604,-1.382877024068774,7,0.8
28.878583910450253,-0.3572435177316665,-1.3897566918147537,7,0.8
29.079450346406546,-0.3580932095525765,-1.3966459192251144,7,0.8
29.28171391891285,-0.35893716478440363,-1.403536116863163,7,0.8
29.485384345822368,-0.359801125405032,-1.4104351083957145,7,0.8
29.690471412581335,-0.3606659757637638,-1.4173362722917247,7,0.8
29.896984972699123,-0.36153823512710787,-1.4242412572937169,7,0.8
30.104934948221704,-0.3624180161070507,-1.43114964289229,7,0.8
30.314331330208326,-0.3632990272971094,-1.4380588567079284,7,0.8
30.52518417921155,-0.36420060182089675,-1.4449749286042577,7,0.8
30.73750362576062,-0.36510364030305276,-1.4518909831303717,7,0.8
30.951299870848175,-0.36600185976870003,-1.4588043430800948,7,0.8
31.16658318642038,-0.3669274024815704,-1.465725578464929,7,0.8
31.38336391587042,-0.3678355656408582,-1.4726387621902353,7,0.8
31.60165247453548,-0.36875849297448726,-1.4795545335669873,7,0.8
31.82145935019715,-0.36969630961431854,-1.4864725222750625,7,0.8
32.04279510358529,-0.37065554384371624,-1.4933946507986888,7,0.8
32.26567036888546,-0.37160431901432206,-1.5003090610827645,7,0.8
32.49009585424984,-0.37254917286982225,-1.5072174965308576,7,0.8
32.716082342311665,-0.3735222413595579,-1.5141311583378734,7,0.8
32.94364069070335,-0.37448526145049843,-1.5210356080445644,7,0.8
33.172781832578096,-0.37545757212531927,-1.527937413448329,7,0.8
33.40351677713521,-0.3764457117111787,-1.5348385648564689,7,0.8
33.63585661014903,-0.3774434236266083,-1.5417362882814407,7,0.8
33.86981249450153,-0.37843805900281274,-1.5486252951288526,7,0.8
34.10539567071872,-0.3794425602736356,-1.555509987808637,7,0.8
34.34261745751061,-0.38045707623180547,-1.5623899670360344,7,0.8
34.58148925231507,-0.38146896798371405,-1.5692598367389627,7,0.8
34.822022531845434,-0.38249757522152955,-1.576126647981147,7,0.8
35.064228852641875,-0.3835366577595262,-1.5829875342190907,7,0.8
35.30811985162668,-0.3845608007769033,-1.5898318699695178,7,0.8
35.55370724666329,-0.38562131134714456,-1.5966796880122138,7,0.8
35.80100283711939,-0.3866736011400579,-1.603512648565875,7,0.8
36.05001850443371,-0.3877242314159268,-1.610332824478017,7,0.8
36.30076621268694,-0.38879893520101155,-1.617150310787017,7,0.8
36.55325800917653,-0.389859537943576,-1.6239488887177538,7,0.8
36.80750602499552,-0.39094455496021774,-1.630744083357427,7,0.8
37.06352247561536,-0.39202860153524144,-1.6375248520722376,7,0.8
37.32131966147283,-0.3931246341330202,-1.6442961993768759,7,0.8
37.58090996856101,-0.3942136693291779,-1.6510495473222944,7,0.8
37.84230586902438,-0.3953278284418807,-1.6577982634178199,7,0.8
38.105519921758045,-0.3964353607640939,-1.6645281920555937,7,0.8
38.37056477301113,-0.397549229738331,-1.671244480765919,7,0.8
38.63745315699439,-0.3986696265026212,-1.677946780331829,7,0.8
38.906197896491996,-0.39980312905565807,-1.684637617908992,7,0.8
39.176811903477656,-0.4009307811766505,-1.691308065478863,7,0.8
39.449308179734956,-0.40207193467126146,-1.6979664042931155,7,0.8
39.72369981748203,-0.40321402493270825,-1.704606524599151,7,0.8
40.000000000000604,-0.40437002174578807,-1.7112339812187067,7,0.8
40.27822200226936,-0.4055337495986286,-1.7178455785107094,7,0.8
40.55837919160177,-0.4066926582082187,-1.7244350288300825,7,0.8
40.840485028288356,-0.4078661033943395,-1.7310110289310054,7,0.8
41.124553066243294,-0.4090415412674597,-1.7375672925585022,7,0.8
41.410596953655734,-0.41021919269013585,-1.7441035156822704,7,0.8
41.6986304336455,-0.4114056590220757,-1.7506225157654762,7,0.8
41.98866734492334,-0.4126011650032579,-1.757124092028822,7,0.8
42.28072162245588,-0.4137931859792252,-1.7636017413834644,7,0.8
42.57480729813507,-0.41499470781915726,-1.7700615097603938,7,0.8
42.8709385014524,-0.4161995895104658,-1.7765000327941187,7,0.8
43.16912946017777,-0.41741444414659273,-1.7829203323398335,7,0.8
43.46939450104301,-0.418639511730623,-1.7893222889260114,7,0.8
43.771748050430276,-0.41984954438361394,-1.795692641080693,7,0.8
44.07620463506514,-0.42107028498566135,-1.8020442512853947,7,0.8
44.38277888271451,-0.422308354467871,-1.8083803974869401,7,0.8
44.69148552288952,-0.4235448914649531,-1.8146910010895996,7,0.8
45.00233938755311,-0.42478015618563336,-1.820975871124539,7,0.8
45.315355411832684,-0.42602078143287236,-1.8272382613770826,7,0.8
45.63054863473769,-0.4272734005621439,-1.833481556293325,7,0.8
45.947934199882155,-0.4285191759087476,-1.8396953412521542,7,0.8
46.26752735621227,-0.42977748477081734,-1.8458899516632785,7,0.8
46.58934345873901,-0.431035866990069,-1.8520583844475418,7,0.8
46.913397969275934,-0.4323009688542625,-1.8582041361615254,7,0.8
47.23970645718201,-0.43357943732296783,-1.8643308413333215,7,0.8
47.56828460010965,-0.4348460981297844,-1.870424134371608,7,0.8
47.89914818475796,-0.436113973895641,-1.8764911463819605,7,0.8
48.232313107631235,-0.43739608520847095,-1.882539267953907,7,0.8
48.5677953758027,-0.43868000151523173,-1.8885612817686819,7,0.8
48.90561110768358,-0.4399533015316773,-1.894549752964313,7,0.8
49.2457765337975,-0.4412480993737206,-1.9005234809135967,7,0.8
49.58830799756032,-0.44253925726368215,-1.9064676122214546,7,0.8
49.933221956065346,-0.44383344973999095,-1.912386031540294,7,0.8
50.280534980874016,-0.4451182760030623,-1.9182711536481563,7,0.8
50.630263758812085,-0.4464194930133159,-1.9241385954502723,7,0.8
50.982425092771386,-0.4477183488149983,-1.92997694998619,7,0.8
51.33703590251707,-0.44903424365012296,-1.9357982693267886,7,0.8
51.69411322550061,-0.4503293696814097,-1.9415790039029515,7,0.8
52.05367421767828,-0.45163584752806635,-1.947339230698814,7,0.8
52.41573615433548,-0.4529413059052401,-1.9530712348610904,7,0.8
52.78031643091672,-0.45425879849510686,-1.9587834705564329,7,0.8
53.14743256386143,-0.45556961163180665,-1.9644640134347604,7,0.8
53.517102191445446,-0.45688680632416734,-1.9701214084987353,7,0.8
53.8893430746286,-0.4582043867923014,-1.9757518916334982,7,0.8
54.264173097907864,-0.45951636413248564,-1.9813515914293434,7,0.8
54.64161027017682,-0.46083580742785824,-1.9869293445337792,7,0.8
55.02167272559077,-0.4621630850118882,-1.9924856811060987,7,0.8
55.40437872443802,-0.4634731734796452,-1.9980037914881195,7,0.8
55.78974665401725,-0.46479185100429354,-2.0035013573022593,7,0.8
56.17779502952094,-0.4661131509446304,-2.008974588365359,7,0.8
56.56854249492486,-0.4674374605946965,-2.0144240338184787,7,0.8
56.962007823883944,-0.4687588252987032,-2.0198457876758398,7,0.8
57.358209920634174,-0.47007764301013144,-2.025240353381387,7,0.8
57.75716782090094,-0.4714006609125908,-2.03061282674918,7,0.8
58.158900692813525,-0.4727346278520882,-2.0359684847609922,7,0.8
58.56342783782614,-0.4740609202484089,-2.0412942440909982,7,0.8
58.97076869164518,-0.47536726990110495,-2.046581275841881,7,0.8
59.38094282516311,-0.47669849816964804,-2.051862888237485,7,0.8
59.79396994539869,-0.4780106307537414,-2.0571069826940094,7,0.8
60.209869896443855,-0.47933580695403716,-2.06233789220107,7,0.8
60.628662660417106,-0.48066177586934744,-2.067546958024158,7,0.8
61.05036835842356,-0.48196995689631267,-2.0727203747434926,7,0.8
61.4750072515217,-0.4833051709373484,-2.0778929789868843,7,0.8
61.90259974169682,-0.4846234896666911,-2.0830314796151987,7,0.8
62.33316637284123,-0.4859253708662075,-2.0881364196635293,7,0.8
62.766727831741306,-0.4872492987586505,-2.0932385515403387,7,0.8
63.20330494907143,-0.4885577109028563,-2.098308792888215,7,0.8
63.642918700394766,-0.48987642187902913,-2.1033682335101154,7,0.8
64.08559020717105,-0.49117422525627596,-2.1083922754051567,7,0.8
64.5313407377714,-0.49249594527380364,-2.113417872306565,7,0.8
64.98019170850016,-0.49379138614043167,-2.1184046169820543,7,0.8
65.43216468462381,-0.49509270841698694,-2.1233794351910205,7,0.8
65.8872813814072,-0.49640673479183334,-2.1283488449952093,7,0.8
66.34556366515669,-0.4977086304848937,-2.133292738778245,7,0.8
66.80703355427093,-0.49899256948742143,-2.138206584806545,7,0.8
67.27171322029855,-0.5002907177478058,-2.143118440446437,7,0.8
67.73962498900357,-0.5015782624980938,-2.1480077852059853,7,0.8
68.21079134143795,-0.5028683830429937,-2.1528866917139315,7,0.8
68.68523491502174,-0.5041616009177752,-2.157756448535524,7,0.8
69.16297850463066,-0.5054331289258438,-2.1625958439609345,7,0.8
69.6440450636914,-0.506721472771777,-2.1674397788467217,7,0.8
70.12845770528428,-0.507989201869405,-2.172255572079296,7,0.8
70.61623970325388,-0.5092684984253161,-2.177072975410691,7,0.8
71.10741449332713,-0.5105346028500523,-2.1818703298825293,7,0.8
71.60200567423932,-0.5117880720662248,-2.1866487327304225,7,0.8
72.10003700886796,-0.5130610935469924,-2.191438887525053,7,0.8
72.60153242537443,-0.514309954395138,-2.196200942850368,7,0.8
73.10651601835362,-0.5155668501946582,-2.200965868430812,7,0.8
73.61501204999159,-0.5168133830628979,-2.2057171645799136,7,0.8
74.12704495123128,-0.5180564585241708,-2.2104622182532476,7,0.8
74.64263932294622,-0.519284017784188,-2.215190178148549,7,0.8
75.16181993712259,-0.5205219431402113,-2.219927074930755,7,0.8
75.68461173804933,-0.5217518637380967,-2.224655976403005,7,0.8
76.21103984351666,-0.5229743829002832,-2.2293783108792433,7,0.8
76.74112954602285,-0.5241964296740644,-2.2341019018372226,7,0.8
77.27490631398935,-0.5254122963789303,-2.2388219967946044,7,0.8
77.81239579298456,-0.5266289216184474,-2.2435465984666947,7,0.8
78.3536238069559,-0.5278279710322297,-2.2482579057993215,7,0.8
78.8986163594705,-0.5290353515105388,-2.2529834839747673,7,0.8
79.44739963496465,-0.5302390588221899,-2.257712071070645,7,0.8
80.00000000000179,-0.5314207799129617,-2.2624253546654183,7,0.8
80.55644400453932,-0.5326064334207028,-2.267151486812511,7,0.8
81.11675838320417,-0.5337777181202796,-2.2718720709601206,7,0.8
81.68097005657731,-0.5349479255413172,-2.2766022612893932,7,0.8
82.24910613248719,-0.5361114009613411,-2.281337025871368,7,0.8
82.8211939073121,-0.537281443624613,-2.2860919775751163,7,0.8
83.39726086729164,-0.5384334631960598,-2.290841231793062,7,0.8
83.97733468984731,-0.5395807702865898,-2.2956003699205687,7,0.8
84.56144324491237,-0.5407240486404146,-2.3003712406735857,7,0.8
85.14961459627077,-0.541863987288752,-2.3051557329412624,7,0.8
85.74187700290544,-0.5429886529206219,-2.3099413320778064,7,0.8
86.33825892035618,-0.5441113741534499,-2.3147442230719113,7,0.8
86.93878900208668,-0.545245482070273,-2.3195810896966016,7,0.8
87.54349610086122,-0.5463474952023992,-2.3244025642883264,7,0.8
88.15240927013093,-0.5474560086333169,-2.3292545875832693,7,0.8
88.7655577654297,-0.548546493287922,-2.334109416507319,7,0.8
89.38297104577971,-0.5496386132912697,-2.3389914100222393,7,0.8
90.00467877510688,-0.5507204764327313,-2.343887519405787,7,0.8
90.63071082366605,-0.551805443174344,-2.3488150283555784,7,0.8
91.26109726947607,-0.5528690107031795,-2.3537452248952677,7,0.8
91.895868399765,-0.553943482497185,-2.358718794928438,7,0.8
92.53505471242522,-0.5550043672628772,-2.363706805237544,7,0.8
93.17868691747873,-0.556046113607216,-2.3687031933353984,7,0.8
93.82679593855258,-0.5570947262005611,-2.3737416887221605,7,0.8
94.47941291436473,-0.5581320422637823,-2.378800618442367,7,0.8
95.13656920022001,-0.5591525258225807,-2.383873850558809,7,0.8
95.79829636951663,-0.5601758841964668,-2.3889878006148915,7,0.8
96.4646262152632,-0.5611902810448431,-2.39412841779993,7,0.8
97.13559075160614,-0.5621965044400501,-2.3992978192076833,7,0.8
97.81122221536789,-0.5631953471761044,-2.4044981631436437,7,0.8
98.49155306759573,-0.5641939154519927,-2.4097400999446554,7,0.8
99.17661599512138,-0.5651740851921447,-2.415000520816601,7,0.8
99.86644391213144,-0.5661555892621333,-2.4203070616479416,7,0.8
100.56106996174877,-0.567126621827744,-2.425644950380307,7,0.8
101.26052751762494,-0.5680879989165132,-2.431016356569809,7,0.8
101.96485018554354,-0.569046849017474,-2.4364322763672726,7,0.8
102.67407180503491,-0.5699850724526848,-2.441868607282108,7,0.8
103.388226451002,-0.5709224224497444,-2.4473540001917344,7,0.8
104.10734843535732,-0.5718597318276567,-2.4528910000444832,7,0.8
104.83147230867174,-0.5727852218780515,-2.458464075211173,7,0.8
105.56063286183424,-0.5736997338915202,-2.4640754423011457,7,0.8
106.29486512772365,-0.574604113012903,-2.469727359604044,7,0.8
107.03420438289172,-0.5755181314269121,-2.4754499488376362,7,0.8
107.778686149258,-0.5764111029646636,-2.4811994714814904,7,0.8
108.52834619581655,-0.5772901916504984,-2.486987302780341,7,0.8
109.28322054035448,-0.5781688727299503,-2.4928346371367347,7,0.8
110.04334545118235,-0.5790227781465753,-2.498705914172065,7,0.8
110.80875744887686,-0.579896929032883,-2.5046704529748625,7,0.8
111.57949330803534,-0.5807480401402947,-2.5106637247428574,7,0.8
112.35559005904271,-0.5815895996089947,-2.5167072432845914,7,0.8
113.13708498985058,-0.5824287909268467,-2.522813300085976,7,0.8
113.92401564776874,-0.5832601843685398,-2.52897465884591,7,0.8
114.71641984126921,-0.5840846607968257,-2.5351938393035085,7,0.8
115.51433564180275,-0.5848967951615457,-2.541463315683783,7,0.8
116.31780138562794,-0.585703781401331,-2.5477956339002548,7,0.8
117.12685567565316,-0.5865128162473427,-2.554203694046465,7,0.8
117.94153738329126,-0.5872932457981415,-2.5606388122068213,7,0.8
118.76188565032712,-0.5880711963186308,-2.567144402503912,7,0.8
119.58793989079828,-0.5888475615870982,-2.5737232554584435,7,0.8
120.41973979288862,-0.5896043085086323,-2.580346522299921,7,0.8
121.25732532083512,-0.5903675709118171,-2.5870589366974124,7,0.8
122.10073671684803,-0.5911256276864062,-2.5938422245865325,7,0.8
122.95001450304433,-0.59186675692629,-2.600677511479004,7,0.8
123.80519948339456,-0.5926044774615753,-2.607588863145854,7,0.8
124.66633274568338,-0.593327067781175,-2.614557165244716,7,0.8
125.53345566348355,-0.5940480488497706,-2.6216068997643913,7,0.8
126.40660989814381,-0.5947556986695985,-2.6287187095774027,7,0.8
127.28583740079048,-0.5954635396835707,-2.6359174988566707,7,0.8
128.17118041434307,-0.5961409121902856,-2.6431497429663,7,0.8
129.0626814755438,-0.5968392109093515,-2.6505083607615223,7,0.8
129.9603834170013,-0.5975151491001921,-2.657916875536549,7,0.8
130.86432936924862,-0.5981885608806737,-2.665412098757707,7,0.8
131.77456276281538,-0.5988477157109411,-2.672973660292945,7,0.8
132.69112733031437,-0.5995061346515471,-2.6806274969983455,7,0.8
133.61406710854286,-0.600158397012869,-2.688364804937481,7,0.8
134.5434264405981,-0.6007990784795079,-2.6961764706204905,7,0.8
135.47924997800817,-0.6014227506832855,-2.7040530651685226,7,0.8
136.42158268287693,-0.6020555605876495,-2.712045331701053,7,0.8
137.3704698300445,-0.6026668122151274,-2.72009579837138,7,0.8
138.32595700926237,-0.6032573812600801,-2.7282066191581342,7,0.8
139.28809012738384,-0.6038597277187617,-2.736441847610645,7,0.8
140.25691541056963,-0.6044684103098383,-2.744792628947999,7,0.8
141.23247940650882,-0.6050463882997517,-2.753186988480485,7,0.8
142.2148289866553,-0.6056197956309849,-2.7616772778281504,7,0.8
143.20401134847972,-0.6061831715749928,-2.7702536470222903,7,0.8
144.200074017737,-0.6067563303152027,-2.778957278975975,7,0.8
145.20306485074994,-0.6073085188449865,-2.7877270276191637,7,0.8
146.2130320367083,-0.6078405749195877,-2.796565042672176,7,0.8
147.2300240999843,-0.6083849431616539,-2.805539168438585,7,0.8
148.25408990246365,-0.6089171661724317,-2.8146001527139908,7,0.8
149.28527864589356,-0.6094443888115152,-2.8237638620777616,7,0.8
150.32363987424628,-0.6099484527036825,-2.8329928738448107,7,0.8
151.3692234760998,-0.610455461882258,-2.842343303403268,7,0.8
152.42207968703445,-0.6109598932280371,-2.8518047485650135,7,0.8
153.48225909204683,-0.6114435581024195,-2.861338977134054,7,0.8
154.54981262797986,-0.6119262175054989,-2.8709895626217716,7,0.8
155.6247915859703,-0.6124086469269925,-2.8807595228847327,7,0.8
156.70724761391295,-0.6128789531926053,-2.8906238290009156,7,0.8
157.79723271894218,-0.6133505488975703,-2.9006132209782116,7,0.8
158.8947992699305,-0.613792522945237,-2.9106595651843783,7,0.8
160.0000000000048,-0.6142435923419955,-2.920850529453796,7,0.8
161.11288800907985,-0.6146791512902245,-2.9311317448386944,7,0.8
162.23351676640956,-0.6151189081175714,-2.9415491244041285,7,0.8
163.36194011315587,-0.6155318877868501,-2.952032497158818,7,0.8
164.49821226497562,-0.6159567835412147,-2.9626721490391366,7,0.8
165.6423878146254,-0.6163625881738464,-2.973397185815423,7,0.8
166.79452173458452,-0.6167562915989901,-2.9842245470157853,7,0.8
167.9546693796959,-0.6171512137941928,-2.9951867277719018,7,0.8
169.12288648982604,-0.6175479878310622,-3.006286674266438,7,0.8
170.29922919254284,-0.6179155227774933,-3.0174506749067285,7,0.8
171.4837540058122,-0.6182924632765557,-3.0287726905926156,7,0.8
172.6765178407137,-0.6186603680144589,-3.040209349614979,7,0.8
173.87757800417467,-0.6190261472778149,-3.0517786203000172,7,0.8
175.08699220172375,-0.6193713128435275,-3.063435769452391,7,0.8
176.30481854026317,-0.6197154321248223,-3.075230106622838,7,0.8
177.53111553086072,-0.6200463238002107,-3.087132213773125,7,0.8
178.7659420915608,-0.6203771803084946,-3.0991762871208155,7,0.8
180.00935755021513,-0.620702130312445,-3.1113486792697675,7,0.8
181.26142164733346,-0.6210216313005139,-3.123651634607576,7,0.8
182.52219453895353,-0.6213170571999451,-3.136037892556267,7,0.8
183.7917367995314,-0.6216269493109499,-3.1486082790286183,7,0.8
185.07010942485184,-0.6219072149084754,-3.1612488999572603,7,0.8
186.35737383495882,-0.6222027249902811,-3.1740784771117028,7,0.8
187.65359187710658,-0.6224820445192368,-3.1870153286823566,7,0.8
188.95882582873088,-0.6227582201686442,-3.2000950327316824,7,0.8
190.27313840044144,-0.6230188337987578,-3.2132851943686,7,0.8
191.59659273903472,-0.6232768918140721,-3.2266218092766934,7,0.8
192.92925243052787,-0.6235326558983633,-3.2401068676128344,7,0.8
194.27118150321374,-0.6237608899634001,-3.253671872993186,7,0.8
195.62244443073726,-0.6240063767075049,-3.267441366558618,7,0.8
196.98310613519297,-0.6242310877951294,-3.281311143719725,7,0.8
198.35323199024427,-0.6244542891495972,-3.2953358302538307,7,0.8
199.73288782426437,-0.6246697399425815,-3.3094990337278842,7,0.8
201.12213992349908,-0.6248839192081025,-3.3238202965893286,7,0.8
202.5210550352514,-0.6250905279251661,-3.3382828367581903,7,0.8
203.9297003710886,-0.6252768509766292,-3.3528507451432072,7,0.8
205.3481436100714,-0.6254620421537538,-3.3675802641518304,7,0.8
206.77645290200556,-0.6256460951733165,-3.3824727795083653,7,0.8
208.21469687071618,-0.6258098148929502,-3.3974728015422304,7,0.8
209.66294461734503,-0.6259722826150214,-3.4126375251990817,7,0.8
211.12126572367004,-0.6261397917446978,-3.427987281932761,7,0.8
212.5897302554489,-0.6262994353139582,-3.4434848281354844,7,0.8
214.06840876578502,-0.6264382582310672,-3.4590917093525273,7,0.8
215.5573722985176,-0.626581635969009,-3.4748859942264074,7,0.8
217.05669239163473,-0.6267101534645193,-3.490809517999225,7,0.8
218.5664410807106,-0.6268363413658673,-3.506901850234897,7,0.8
220.08669090236637,-0.6269471011084853,-3.5231233627754737,7,0.8
221.6175148977554,-0.6270613092360127,-3.539534142413853,7,0.8
223.15898661607235,-0.6271722036280343,-3.556114504523989,7,0.8
224.71118011808713,-0.6272601576758573,-3.572803067725351,7,0.8
226.27416997970286,-0.62735678050858,-3.589701650633622,7,0.8
227.8480312955392,-0.6274359586546464,-3.6067277940045552,7,0.8
229.43283968254013,-0.6275100073961805,-3.6239221283054666,7,0.8
231.02867128360725,-0.6275848046128787,-3.6413052325367263,7,0.8
232.63560277125762,-0.6276405113993446,-3.658813172532189,7,0.8
234.25371135130806,-0.6276957699382295,-3.676508371326926,7,0.8
235.88307476658426,-0.6277370772229303,-3.694347180934264,7,0.8
237.523771300656,-0.6277894516978394,-3.7124147432131296,7,0.8
239.17587978159838,-0.6278264524053557,-3.7306236492872986,7,0.8
240.83947958577906,-0.6278472983243524,-3.7489718582537206,7,0.8
242.51465064167206,-0.6278704834294562,-3.7675236355851904,7,0.8
244.2014734336979,-0.6278758476626866,-3.78621096142436,7,0.8
245.9000290060905,-0.6278818209417623,-3.8050986349828784,7,0.8
247.61039896679097,-0.6278874858134893,-3.8241852088929473,7,0.8
249.33266549136863,-0.6278789840675161,-3.8434233946411758,7,0.8
251.06691132696898,-0.6278617511876011,-3.862833306734569,7,0.8
252.81321979628953,-0.6278347368103689,-3.882412335166394,7,0.8
254.5716748015829,-0.6278162258263486,-3.902227549650555,7,0.8
256.3423608286881,-0.6277792627642085,-3.9221834558164224,7,0.8
258.12536295108947,-0.6277291265180447,-3.9422998463091954,7,0.8
259.9207668340045,-0.6276775344423284,-3.962620730761248,7,0.8
261.72865873849923,-0.6276167711637111,-3.983119267516427,7,0.8
263.54912552563275,-0.6275520157932486,-4.003815970274876,7,0.8
265.38225466063074,-0.6274819390100184,-4.024707440122994,7,0.8
267.2281342170877,-0.627398686157226,-4.045765501531063,7,0.8
269.08685288119824,-0.6273138021600133,-4.067035013444413,7,0.8
270.95849995601833,-0.6272128597028642,-4.088462545956864,7,0.8
272.8431653657559,-0.6271138232668638,-4.110118090259729,7,0.8
274.74093966009104,-0.6270021747893341,-4.131947438844529,7,0.8
276.6519140185268,-0.6268828237218624,-4.153970799628942,7,0.8
278.5761802547697,-0.6267606505369578,-4.176208780927594,7,0.8
280.51383082114137,-0.6266274916768118,-4.198630900703236,7,0.8
282.4649588130198,-0.6264816361674432,-4.221231550873251,7,0.8
284.42965797331277,-0.6263343602856171,-4.244057016305195,7,0.8
286.40802269696155,-0.6261773695829708,-4.267075817811378,7,0.8
288.40014803547615,-0.6260088337512949,-4.290281877709867,7,0.8
290.4061297015021,-0.6258529899402209,-4.3137754739605425,7,0.8
292.42606407341884,-0.6256753110487292,-4.337417755284883,7,0.8
294.4600481999708,-0.6254868963824576,-4.361255118703408,7,0.8
296.50817980492957,-0.6252857548124087,-4.385280614857738,7,0.8
298.5705572917893,-0.6250829418921642,-4.4095418066505365,7,0.8
300.64727974849484,-0.6248829563819828,-4.434059794295921,7,0.8
302.73844695220185,-0.6246706115370452,-4.458772581953459,7,0.8
304.84415937407124,-0.6244306425317424,-4.48361621843965,7,0.8
306.964518184096,-0.6242002093511037,-4.508750619925483,7,0.8
309.09962525596205,-0.6239705680095818,-4.53414106303985,7,0.8
311.24958317194296,-0.6237131977604168,-4.559665735480387,7,0.8
313.4144952278283,-0.6234455012768015,-4.585401042195385,7,0.8
315.59446543788675,-0.6231783161018362,-4.611396366274044,7,0.8
317.7895985398634,-0.6229093048241074,-4.637643825832954,7,0.8
320.000000000012,-0.622629498479356,-4.664105677110945,7,0.8
322.22577601816215,-0.6223298685996027,-4.690742928168931,7,0.8
324.4670335328215,-0.6220409426449494,-4.717694563638484,7,0.8
326.7238802263142,-0.6217206272426085,-4.744772412291134,7,0.8
328.99642452995374,-0.6214060232234516,-4.772146370270953,7,0.8
331.2847756292533,-0.6210813729816725,-4.799746909089043,7,0.8
333.5890434691715,-0.6207440873243173,-4.8275638123368,7,0.8
335.90933875939425,-0.6203981704134736,-4.855617368169123,7,0.8
338.2457729796546,-0.6200476130163032,-4.883928292201023,7,0.8
340.5984583850881,-0.6196831110580526,-4.9124549631001315,7,0.8
342.96750801162693,-0.6193085970794433,-4.941217646764251,7,0.8
345.3530356814299,-0.6189346460828848,-4.970268878894154,7,0.8
347.75515600835195,-0.6185385520402831,-4.999502255453076,7,0.8
350.1739844034501,-0.6181508257089372,-5.029066485636399,7,0.8
352.60963708052907,-0.6177420255884541,-5.0588217589267686,7,0.8
355.0622310617241,-0.61732932387371,-5.088853351879548,7,0.8
357.53188418312425,-0.6168831487387904,-5.119018029722112,7,0.8
360.0187151004329,-0.6164607733461464,-5.149600063838778,7,0.8
362.52284329466966,-0.6160192182839079,-5.180390062363921,7,0.8
365.0443890779098,-0.6155555417205691,-5.211374618183406,7,0.8
367.58347359906554,-0.6150869052073492,-5.2426415962450115,7,0.8
370.14021884970646,-0.6146103722099509,-5.274178795271278,7,0.8
372.7147476699204,-0.614136429432955,-5.306042353849756,7,0.8
375.30718375421594,-0.6136352058956903,-5.338082069369836,7,0.8
377.9176516574646,-0.6131306020971196,-5.370422451113475,7,0.8
380.5462768008857,-0.6126061339352038,-5.402980693026004,7,0.8
383.1931854780723,-0.6120790027840176,-5.435848444972688,7,0.8
385.85850486105863,-0.61153267290939,-5.468941754090278,7,0.8
388.5423630064304,-0.6109979063268404,-5.502425359107135,7,0.8
391.2448888614774,-0.6104378369829662,-5.536107294434152,7,0.8
393.96621227038884,-0.6098696967535193,-5.570081167016224,7,0.8
396.7064639804915,-0.6092836253647761,-5.604296629812039,7,0.8
399.4657756485318,-0.6086833128646112,-5.638775664967242,7,0.8
402.24427984700117,-0.6080928886754794,-5.673652324115574,7,0.8
405.04211007050577,-0.6074684353966773,-5.70869019527577,7,0.8
407.85940074218024,-0.6068340686024858,-5.744022990647874,7,0.8
410.69628722014585,-0.6062140237854291,-5.779788205531563,7,0.8
413.55290580401413,-0.6055505594209487,-5.815668579785042,7,0.8
416.42939374143555,-0.6048884036957245,-5.851915163859776,7,0.8
419.3258892346932,-0.6042107833670951,-5.888437310431775,7,0.8
422.24253144734325,-0.6035351869516812,-5.925336952868397,7,0.8
425.179460510901,-0.6028379368623242,-5.962483079248374,7,0.8
428.13681753157323,-0.6021296722109366,-5.999938890276331,7,0.8
431.11474459703845,-0.6014073060612014,-6.037689683957197,7,0.8
434.11338478327275,-0.600674651004567,-6.075760512043914,7,0.8
437.13288216142445,-0.599921721261778,-6.114096323960371,7,0.8
440.173381804736,-0.5991592636839483,-6.152762680408821,7,0.8
443.23502979551404,-0.5983911647120822,-6.191786055187497,7,0.8
446.31797323214806,-0.5976005120433068,-6.231069871098826,7,0.8
449.4223602361776,-0.5967981335042165,-6.270681172257996,7,0.8
452.5483399594091,-0.5959949379160064,-6.310688973895541,7,0.8
455.6960625910818,-0.5951600576970552,-6.35091135322717,7,0.8
458.8656793650838,-0.5943183563714817,-6.391500971399962,7,0.8
462.0573425672179,-0.5934668769421603,-6.432443889891453,7,0.8
465.2712055425187,-0.5925886468721961,-6.473639754064278,7,0.8
468.5074227026196,-0.5917087317287276,-6.51524562067571,7,0.8
471.76614953317204,-0.5908172211800248,-6.55720478827342,7,0.8
475.04754260131557,-0.5898900785542405,-6.59937111955597,7,0.8
478.3517595632003,-0.5889736850596606,-6.6420372511580625,7,0.8
481.6789591715617,-0.5880370199707501,-6.685013748376606,7,0.8
485.02930128334776,-0.5870771975956937,-6.728285544180119,7,0.8
488.40294686739946,-0.5860984309967018,-6.771882515022906,7,0.8
491.8000580121847,-0.5851120942528456,-6.815881072341713,7,0.8
495.2207979335857,-0.5841012063822214,-6.86017652327822,7,0.8
498.665330982741,-0.5830843410268358,-6.904892253234655,7,0.8
502.1338226539417,-0.5820516694544213,-6.94996930018661,7,0.8
505.62643959258287,-0.5810004791452593,-6.9953940250240905,7,0.8
509.14334960316967,-0.5799352387634868,-7.041199736922371,7,0.8
512.68472165738,-0.5788533024015167,-7.087373383873289,7,0.8
516.2507259021829,-0.5777520388403415,-7.133901732574274,7,0.8
519.841533668013,-0.5766216224911651,-7.180723220769768,7,0.8
523.4573174770023,-0.5754810804412589,-7.227968727525162,7,0.8
527.0982510512695,-0.574335150131363,-7.27567537275918,7,0.8
530.7645093212655,-0.5731596362419416,-7.323684821441179,7,0.8
534.4562684341794,-0.5719810553574824,-7.372181116948395,7,0.8
538.1737057624005,-0.5707679239412653,-7.420954787464009,7,0.8
541.9169999120409,-0.5695469139665709,-7.470192402875641,7,0.8
545.6863307315159,-0.5682937729060658,-7.519732060943837,7,0.8
549.4818793201863,-0.5670427071267764,-7.56981490627492,7,0.8
553.3038280370578,-0.5657548192336755,-7.620176329114827,7,0.8
557.1523605095437,-0.5644424350458728,-7.6709059676720655,7,0.8
561.027661642287,-0.5631254051267833,-7.722148259265289,7,0.8
564.9299176260438,-0.5617794434217876,-7.7737377691318565,7,0.8
568.8593159466297,-0.5604171355735945,-7.825768307273678,7,0.8
572.8160453939274,-0.5590363717872256,-7.87823039203408,7,0.8
576.8002960709567,-0.5576499541211575,-7.931221477953129,7,0.8
580.8122594030085,-0.5562036982453936,-7.984357390558685,7,0.8
584.8521281468421,-0.5547626138556688,-8.038111019889365,7,0.8
588.920096399946,-0.5533099093302771,-8.09236821754571,7,0.8
593.0163596098636,-0.5518061318127108,-8.146846898664661,7,0.8
597.1411145835832,-0.5503094254055876,-8.201977167308298,7,0.8
601.2945594969942,-0.5487652663053432,-8.257365130328997,7,0.8
605.4768939044083,-0.5472322056296628,-8.31344833216116,7,0.8
609.688318748147,-0.5456479773461266,-8.369772226818839,7,0.8
613.9290363681965,-0.5440562727706719,-8.426666897589259,7,0.8
618.1992505119288,-0.542432606157038,-8.483955989155687,7,0.8
622.4991663438906,-0.5407905356403373,-8.541747159921952,7,0.8
626.8289904556613,-0.5391131235978215,-8.599918825730821,7,0.8
631.1889308757782,-0.5374140653133085,-8.65858048109262,7,0.8
635.5791970797316,-0.5357072515136206,-8.717845008358223,7,0.8
640.0000000000289,-0.5339603638950049,-8.777472510983541,7,0.8
644.4515520363291,-0.5321873104465255,-8.837575362396658,7,0.8
648.9340670656479,-0.5303944229498663,-8.89820920940668,7,0.8
653.4477604526332,-0.5285725497444944,-8.95931030504261,7,0.8
657.9928490599125,-0.5267203039150147,-9.020874456579316,7,0.8
662.5695512585116,-0.5248520227258098,-9.083020616870405,7,0.8
667.178086938348,-0.5229586482515182,-9.145685653454915,7,0.8
671.8186775187937,-0.5210231664199577,-9.208742603379624,7,0.8
676.4915459593144,-0.5190759135926007,-9.272437905722002,7,0.8
681.1969167701814,-0.5170999861584662,-9.33664593392514,7,0.8
685.935016023259,-0.5150783172544654,-9.401237809735138,7,0.8
690.7060713628651,-0.5130416291897718,-9.466465962084385,7,0.8
695.5103120167091,-0.5109649484769312,-9.532138363995767,7,0.8
700.3479688069056,-0.5088793396481535,-9.598512891167445,7,0.8
705.2192741610634,-0.5067436766906791,-9.665265847321292,7,0.8
710.1244621234536,-0.5046054146273858,-9.732789772187061,7,0.8
715.0637683662537,-0.5024151843406742,-9.800692034607897,7,0.8
720.0374302008713,-0.500196370531447,-9.86917078489968,7,0.8
725.0456865893448,-0.49793999666160943,-9.938160831980117,7,0.8
730.0887781558251,-0.49565342420515046,-10.007730988163095,7,0.8
735.1669471981365,-0.4933441606798067,-10.077952283815572,7,0.8
740.2804376994185,-0.49100332943890623,-10.148760559632738,7,0.8
745.4294953398465,-0.4886219709613671,-10.220090116278218,7,0.8
750.6143675084376,-0.48619936556127585,-10.29194337571481,7,0.8
755.8353033149348,-0.48375989712282574,-10.364533634686465,7,0.8
761.0925536017771,-0.48127802049751156,-10.437656452230195,7,0.8
766.3863709561504,-0.47876995235870806,-10.511457680678364,7,0.8
771.717009722123,-0.4762099348713935,-10.585729259548147,7,0.8
777.0847260128666,-0.47363124961365466,-10.660762622675458,7,0.8
782.4897777229608,-0.47101662741545447,-10.736421694648062,7,0.8
787.9324245407837,-0.4683571220749649,-10.81263997082985,7,0.8
793.412927960989,-0.4656780254661852,-10.889644024670863,7,0.8
798.9315512970695,-0.46293611771470955,-10.967073519108316,7,0.8
804.4885596940084,-0.4601740643962543,-11.04530529310818,7,0.8
810.0842201410177,-0.4573570557927484,-11.12404997046646,7,0.8
815.7188014843666,-0.4545108285107947,-11.20354052702587,7,0.8
821.392574440298,-0.45162653547600295,-11.283711590875216,7,0.8
827.1058116080346,-0.44870401868282117,-11.364572967250236,7,0.8
832.8587874828772,-0.44574315489018734,-11.446134942534899,7,0.8
838.6517784693928,-0.4427438558507122,-11.528408291730786,7,0.8
844.4850628946929,-0.4396882390205186,-11.6112474384772,7,0.8
850.3589210218082,-0.436602912790097,-11.694897790917384,7,0.8
856.2736350631529,-0.43345203485630024,-11.779055183275183,7,0.8
862.2294891940834,-0.43028046661047625,-11.864127793605011,7,0.8
868.226769566552,-0.42707946305939626,-11.95005161992813,7,0.8
874.2657643228554,-0.4237945645240344,-12.036355038607024,7,0.8
880.3467636094787,-0.4204985818883187,-12.123698020312249,7,0.8
886.4700595910348,-0.4171368708759484,-12.211606618537115,7,0.8
892.635946464303,-0.4137462629858992,-12.300422744529415,7,0.8
898.844720472362,-0.41030857416183697,-12.389997183108319,7,0.8
905.096679918825,-0.40680530131821024,-12.48017667236964,7,0.8
911.3921251821704,-0.4032739114593182,-12.571311656590897,7,0.8
917.7313587301744,-0.3996960631825849,-12.663251150165626,7,0.8
924.1146851344428,-0.3960530809042701,-12.755840049763274,7,0.8
930.5424110850445,-0.39236404458573465,-12.8492647126479,7,0.8
937.0148454052463,-0.38862930410170526,-12.943542805722736,7,0.8
943.5322990663512,-0.3848492473377951,-13.038692586902748,7,0.8
950.0950852026382,-0.38100495138206286,-13.134556464889247,7,0.8
956.7035191264079,-0.37711602696331953,-13.231327902697705,7,0.8
963.3579183431307,-0.37317319749025457,-13.328937500244148,7,0.8
970.0586025667028,-0.3691965079618641,-13.427584212524152,7,0.8
976.8058937348063,-0.3651372792816368,-13.526837723111708,7,0.8
983.6001160243768,-0.3610451777101351,-13.627169047308032,7,0.8
990.4415958671789,-0.3568810527734523,-13.728234789266875,7,0.8
997.3306619654895,-0.3526652054582135,-13.830237597779814,7,0.8
1004.267645307891,-0.3483982081534055,-13.933199364376248,7,0.8
1011.2528791851732,-0.3440806740201385,-14.037142620855748,7,0.8
1018.2866992063468,-0.3396928103086154,-14.141901495444879,7,0.8
1025.3694433147675,-0.335245239739854,-14.247591083765588,7,0.8
1032.5014518043733,-0.33075920458182595,-14.354425559142408,7,0.8
1039.6830673360337,-0.3261836380263356,-14.46194954844909,7,0.8
1046.9146349540124,-0.32155002087134404,-14.570472373528155,7,0.8
1054.1965021025467,-0.3168800885094503,-14.680214148055905,7,0.8
1061.5290186425389,-0.31213255509824045,-14.79080999877491,7,0.8
1068.9125368683667,-0.3073291145181999,-14.902480041304687,7,0.8
1076.347411524809,-0.3024383810903813,-15.01495113748605,7,0.8
1083.8339998240897,-0.29751457659784436,-15.128747048589965,7,0.8
1091.37266146304,-0.2925155365616434,-15.243494749925313,7,0.8
1098.9637586403808,-0.2874636527481866,-15.359422507248986,7,0.8
1106.607656074124,-0.2823158824382056,-15.47614898145554,7,0.8
1114.3047210190957,-0.2771388673954233,-15.594315774212832,7,0.8
1122.0553232845823,-0.2718560574640427,-15.713229368993225,7,0.8
1129.859835252096,-0.2665236043088187,-15.833434324926559,7,0.8
1137.7186318932681,-0.26110877578621494,-15.954646253732442,7,0.8
1145.6320907878635,-0.25564625000839536,-16.077210125422955,7,0.8
1153.600592141922,-0.25010293628114977,-16.200838679309303,7,0.8
1161.6245188060257,-0.24446792606559656,-16.325451991043295,7,0.8
1169.704256293693,-0.23878811617191073,-16.45150991760721,7,0.8
1177.840192799901,-0.23299475463763591,-16.578393382908935,7,0.8
1186.032719219736,-0.22717033391273578,-16.706894804257796,7,0.8
1194.2822291671753,-0.22125732846968252,-16.83650054644683,7,0.8
1202.5891189939975,-0.2152802465975912,-16.96746248791092,7,0.8
1210.9537878088256,-0.2091920904336032,-17.099366387535245,7,0.8
1219.3766374963034,-0.20304153913566259,-17.232689871005643,7,0.8
1227.8580727364024,-0.19681764246452685,-17.36735511748257,7,0.8
1236.3985010238666,-0.19052145854800365,-17.503396460924463,7,0.8
1244.9983326877905,-0.18415410238672342,-17.640849007307615,7,0.8
1253.657980911332,-0.1776667464513682,-17.779284635211685,7,0.8
1262.377861751566,-0.1711224531113885,-17.919314545780846,7,0.8
1271.1583941594727,-0.16448471207808904,-18.060625803010804,7,0.8
1280.0000000000673,-0.15776707083395908,-18.20337026146534,7,0.8
1288.9031040726677,-0.150970635035058,-18.347584562980163,7,0.8
1297.8681341313059,-0.14408357262512625,-18.493186182408422,7,0.8
1306.8955209052763,-0.13713300641777132,-18.640452492528716,7,0.8
1315.9856981198345,-0.13006770756443065,-18.78893865225551,7,0.8
1325.1391025170333,-0.1229413392410224,-18.93916680192689,7,0.8
1334.3561738767062,-0.11568851219212965,-19.090564020926223,7,0.8
1343.6373550375972,-0.10837708345300423,-19.243782155068487,7,0.8
1352.9830919186386,-0.10095433554792767,-19.398366584331306,7,0.8
1362.393833540373,-0.09346217603334087,-19.554730125903816,7,0.8
1371.8700320465282,-0.08583287932199157,-19.71228420203741,7,0.8
1381.4121427257405,-0.07816448825461636,-19.871952717788655,7,0.8
1391.0206240334287,-0.07037482025651118,-20.03301724570306,7,0.8
1400.6959376138216,-0.06250710439643468,-20.195901471163186,7,0.8
1410.4385483221372,-0.054548617824532575,-20.36052048125229,7,0.8
1420.2489242469178,-0.046471709927818475,-20.52665608374086,7,0.8
1430.1275367325184,-0.038320941151394984,-20.694742177862015,7,0.8
1440.0748604017533,-0.030039147461318756,-20.864296511797217,7,0.8
1450.0913731787002,-0.021686320719001177,-21.03589064362287,7,0.8
1460.177556311661,-0.013234462157378486,-21.20930561453576,7,0.8
1470.3338943962842,-0.004684920769962076,-21.38458659284152,7,0.8
1480.560875398848,0.0040068255349846454,-21.56137178475472,7,0.8
1490.8589906797042,0.012716859261734883,-21.74079495764379,7,0.8
1501.2287350168863,0.021628695734004,-21.92126462959522,7,0.8
1511.670606629881,0.030538904082357023,-22.104612914466454,7,0.8
1522.1851072035656,0.03963389360815148,-22.28923168585877,7,0.8
1532.772741912312,0.048818151043206616,-22.475997959874693,7,0.8
1543.4340194442575,0.05805726719288293,-22.665245969444335,7,0.8
1554.1694520257447,0.06744646902890246,-22.85618074521756,7,0.8
1564.9795554459333,0.07695240443310492,-23.049131306199214,7,0.8
1575.8648490815792,0.08654034809445443,-23.24443481520345,7,0.8
1586.8258559219898,0.09620788550949576,-23.442146895244,7,0.8
1597.863102594151,0.10602064183884875,-23.64174108767789,7,0.8
1608.9771193880288,0.11592636709726872,-23.843704214512325,7,0.8
1620.1684402820476,0.12595758632059353,-24.04779704191441,7,0.8
1631.4376029687455,0.136095413830362,-24.254219582983186,7,0.8
1642.7851488806082,0.14630237924148012,-24.46332592811053,7,0.8
1654.2116232160815,0.1566829323092655,-24.67427593057679,7,0.8
1665.7175749657672,0.16711020050808567,-24.88817464683546,7,0.8
1677.303556938798,0.17765341875833635,-25.10448012225714,7,0.8
1688.9701257893985,0.1883291994025764,-25.323096045436458,7,0.8
1700.7178420436294,0.19909867127135128,-25.544385451173746,7,0.8
1712.5472701263188,0.20999691381452795,-25.768100210587008,7,0.8
1724.4589783881795,0.22098398838818123,-25.994609195853773,7,0.8
1736.453539133117,0.23211484061414928,-26.22350610265352,7,0.8
1748.531528645724,0.243329500274732,-26.455320570208954,7,0.8
1760.6935272189705,0.2546641174298897,-26.68980159705519,7,0.8
1772.940119182083,0.2660964546934932,-26.92717038219496,7,0.8
1785.2718929286193,0.2776436546338533,-27.16733218227954,7,0.8
1797.6894409447373,0.2892827075408771,-27.410512307643966,7,0.8
1810.1933598376636,0.3009895065455908,-27.656940842735285,7,0.8
1822.7842503643546,0.3128852029607873,-27.90571114552175,7,0.8
1835.4627174603627,0.3248849502701875,-28.157535842033983,7,0.8
1848.2293702688994,0.3369212850884807,-28.412978266863032,7,0.8
1861.0848221701028,0.3490967642266879,-28.671287619232455,7,0.8
1874.0296908105065,0.3613873096913647,-28.932696324678695,7,0.8
1887.0645981327166,0.3737898116559477,-29.19727406634877,7,0.8
1900.190170405291,0.38625610448606473,-29.46542853204486,7,0.8
1913.4070382528298,0.39882646118448595,-29.736898571325593,7,0.8
1926.715836686276,0.4115200956490869,-30.011587424202194,7,0.8
1940.1172051334202,0.42428736152402496,-30.28990905617765,7,0.8
1953.611787469627,0.4371232064242139,-30.571941857612693,7,0.8
1967.2002320487684,0.45016521448274305,-30.856729517124364,7,0.8
1980.8831917343723,0.4631960342898642,-31.145899191252227,7,0.8
1994.661323930994,0.4763292075514738,-31.438668874527067,7,0.8
2008.535290615797,0.4895356581940275,-31.73529201395371,7,0.8
2022.5057583703617,0.5028598778918724,-32.035498828444496,7,0.8
2036.573398412709,0.5162472253047197,-32.33972120267599,7,0.8
2050.7388866295505,0.5297172141447902,-32.64786617739752,7,0.8
2065.0029036087626,0.5432643480824493,-32.96001715840889,7,0.8
2079.366134672083,0.5569091289987725,-33.276079846614884,7,0.8
2093.8292699080407,0.570539854687459,-33.5968566903936,7,0.8
2108.3930042051093,0.5843089176479955,-33.92135888648761,7,0.8
2123.0580372850936,0.5981032537361282,-34.250392759627346,7,0.8
2137.82507373675,0.6119700088675872,-34.58368635668748,7,0.8
2152.6948230496346,0.6258746452388739,-34.92151077689324,7,0.8
2167.6679996481957,0.6397808009523882,-35.26414090513277,7,0.8
2182.7453229260964,0.6537653567373258,-35.61112048628395,7,0.8
2197.927517280778,0.6678217733195797,-35.962539869659885,7,0.8
2213.2153121482643,0.6818249452775382,-36.31923001338715,7,0.8
2228.6094420382083,0.6959125836340738,-36.680363463350574,7,0.8
2244.1106465691814,0.710017429498673,-37.046404264867014,7,0.8
2259.7196705042093,0.7241300932777245,-37.41744896225733,7,0.8
2275.4372637865536,0.7381784039418032,-37.79396874008944,7,0.8
2291.2641815757443,0.7523073430432374,-38.175128283732526,7,0.8
2307.2011842838615,0.766413829981437,-38.561586088788104,7,0.8
2323.2490376120686,0.7804540515755949,-38.953630330100864,7,0.8
2339.4085125874035,0.7945133395842774,-39.350797809502666,7,0.8
2355.6803855998196,0.8084819080961053,-39.753754068133965,7,0.8
2372.0654384394898,0.8223453189377671,-40.16260197635485,7,0.8
2388.5644583343683,0.8362253432240184,-40.57668823614504,7,0.8
2405.178237988013,0.8500771155433495,-40.99630323641003,7,0.8
2421.9075756176694,0.8637478951778459,-41.422306980060796,7,0.8
2438.753274992625,0.8774330056539128,-41.85366678124552,7,0.8
2455.716145472823,0.8909413589018236,-42.2914329789741,7,0.8
2472.797002047752,0.9043643457789248,-42.73514079505459,7,0.8
2489.9966653755996,0.9176130238856743,-43.185272631462475,7,0.8
2507.3159618226828,0.9307441915233294,-43.64155299510097,7,0.8
2524.755723503151,0.9437417156250796,-44.10408535494459,7,0.8
2542.3167883189644,0.9564341424689489,-44.57372828198703,7,0.8
2560.0000000001537,0.9691109837801198,-45.049073054211185,7,0.8
2577.806208145355,0.9815219478469628,-45.53135468958017,7,0.8
2595.736268262631,0.9936446680771247,-46.020672409595235,7,0.8
2613.7910418105726,1.0055374984565366,-46.51674938556505,7,0.8
2631.971396239689,1.01717961978687,-47.01968469050375,7,0.8
2650.2782050340866,1.0286331978935623,-47.5292041906454,7,0.8
2668.7123477534324,1.039709212851689,-48.04614928015978,7,0.8
2687.274710075215,1.0504239411911327,-48.570425523837756,7,0.8
2705.9661838372976,1.0608386330499506,-49.1017555228686,7,0.8
2724.7876670807664,1.0708856456423606,-49.640414397992906,7,0.8
2743.740064093077,1.0805388972710848,-50.18648940870573,7,0.8
2762.824285451502,1.089725996186262,-50.74024513033593,7,0.8
2782.0412480668783,1.0985551509918003,-51.30122172390383,7,0.8
2801.391875227664,1.1068613226378359,-51.87003740906004,7,0.8
2820.8770966442953,1.1148016191388457,-52.44605662670127,7,0.8
2840.4978484938565,1.1220639580499923,-53.03041043150025,7,0.8
2860.2550734650586,1.128853157577297,-53.622284091370446,7,0.8
2880.1497208035285,1.1350911927579121,-54.22191864855014,7,0.8
2900.1827463574223,1.1406470168576934,-54.82971279763978,7,0.8
2920.355112623344,1.1456349931503003,-55.44520716526411,7,0.8
2940.6677887925907,1.1499216037257622,-56.06878696230473,7,0.8
2961.121750797718,1.1535219602955442,-56.70032507764047,7,0.8
2981.717981359431,1.1563485280992731,-57.34001794301867,7,0.8
3002.4574700337953,1.1584159024215541,-57.987728700716495,7,0.8
3023.3412132597846,1.1598470430429921,-58.64301147386465,7,0.8
3044.3702144071544,1.160177739475655,-59.30712716654947,7,0.8
3065.545483824648,1.159905972329668,-59.978538493445186,7,0.8
3086.868038888538,1.158559820466001,-60.65846206221645,7,0.8
3108.338904051513,1.1562610636950168,-61.34642606191133,7,0.8
3129.9591108918903,1.1529688922015418,-62.042407739699485,7,0.8
3151.7296981631816,1.148812972713741,-62.74596237691381,7,0.8
3173.651711844004,1.1434110022695383,-63.457880936919516,7,0.8
3195.726205188326,1.137006250729242,-64.17742686078,7,0.8
3217.954238776082,1.1295005985905422,-64.90468360121312,7,0.8
3240.3368805641194,1.1206151644192073,-65.6400757626676,7,0.8
3262.8752059375156,1.110601016405137,-66.38288703243154,7,0.8
3285.570297761241,1.0994783939166104,-67.13292676003796,7,0.8
3308.4232464321876,1.0869035040008694,-67.89066859633336,7,0.8
3331.435149931559,1.0730755800421634,-68.65553916807238,7,0.8
3354.607113877621,1.0578301243501662,-69.42762748262868,7,0.8
3377.9402515788224,1.041123806203963,-70.20678098161244,7,0.8
3401.4356840872842,1.0229136551896618,-70.99283342153993,7,0.8
3425.094540252663,1.0033476065245237,-71.78534732985705,7,0.8
3448.9179567763854,0.9821320998919063,-72.58449784409619,7,0.8
3472.9070782662598,0.9594175727045737,-73.38983634464732,7,0.8
3497.0630572914743,0.935101291326581,-74.20124431528994,7,0.8
3521.387054437968,0.9090145596657266,-75.01863323772014,7,0.8
3545.880238364193,0.8813797989300355,-75.84150372942139,7,0.8
3570.543785857265,0.852097021766169,-76.66969951877456,7,0.8
3595.378881889502,0.8208673827148376,-77.50317140271505,7,0.8
3620.3867196753545,0.788053217819334,-78.34135057560029,7,0.8
3645.5685007287366,0.7532243718321106,-79.18422260531402,7,0.8
3670.9254349207527,0.7167497872383782,-80.03126657888042,7,0.8
3696.458740537827,0.6782665634938357,-80.88235046319997,7,0.8
3722.1696443402334,0.6379484850375055,-81.73707421718318,7,0.8
3748.0593816210417,0.5957708705973424,-82.59513426283404,7,0.8
3774.129196265462,0.5516431993205569,-83.45622230457997,7,0.8
3800.3803408106105,0.505679883390182,-84.32000335588253,7,0.8
3826.8140765056887,0.457522984733026,-85.18612468193352,7,0.8
3853.43167337258,0.40756276975601013,-86.05426569480227,7,0.8
3880.2344102668694,0.3554453973571403,-86.92401565526438,7,0.8
3907.223574939284,0.3014305724193612,-87.79508353676935,7,0.8
3934.400464097566,0.245440684292916,-88.66710419404518,7,0.8
3961.7663834687746,0.1874005582071479,-89.5396831878158,7,0.8
3989.322647862018,0.12730550853685774,-90.41244557708582,7,0.8
4017.070581231624,0.06528859042196429,-91.28512376915552,7,0.8
4045.011516740754,0.0012144225407137988,-92.1572583556423,7,0.8
4073.1467968254487,-0.06498139718016062,-93.02840608425412,7,0.8
4101.477773259132,-0.1330917649408562,-93.89839406721067,7,0.8
4130.005807217556,-0.20324370020278215,-94.7667288171865,7,0.8
4158.732269344197,-0.27516090515101405,-95.63338628402046,7,0.8
4187.658539816113,-0.34936373566907186,-96.49733867543209,7,0.8
4216.78600841025,-0.4253065160705054,-97.35894026875218,7,0.8
4246.116074570219,-0.5033035023248968,-98.21738935358276,7,0.8
4275.650147473531,-0.5831387383597876,-99.07265291949138,7,0.8
4305.389646099301,-0.6647929450361528,-99.92442799189348,7,0.8
4335.335999296423,-0.7483735783751257,-100.7721755252441,7,0.8
4365.4906458522255,-0.8339189088838707,-101.61544709750741,7,0.8
4395.8550345615895,-0.9212100427310986,-102.45431350011528,7,0.8
4426.430624296562,-1.010157826883204,-103.28864466525197,7,0.8
4457.21888407645,-1.1010476527260338,-104.11748092203518,7,0.8
4488.2212931383965,-1.1934733460658702,-104.94140274815763,7,0.8
4519.439341008452,-1.2875914125772434,-105.75974258049185,7,0.8
4550.874527573141,-1.3834899037940032,-106.57194228405494,7,0.8
4582.528363151522,-1.480950726521682,-107.37823232920177,7,0.8
4614.402368567757,-1.5800591204118974,-108.17807425056114,7,0.8
4646.498075224173,-1.6804827168775869,-108.97210800081648,7,0.8
4678.817025174842,-1.7826575647206342,-109.75878351241235,7,0.8
4711.360771199674,-1.8861928896217852,-110.53894960152853,7,0.8
4744.130876879015,-1.9910542175311075,-111.31246132259652,7,0.8
4777.128916668773,-2.097431706398179,-112.07843308432966,7,0.8
4810.356475976061,-2.2052266460137964,-112.83688851905559,7,0.8
4843.815151235375,-2.314178017065471,-113.58846356126762,7,0.8
4877.506549985286,-2.42441500752038,-114.33247277614717,7,0.8
4911.432290945683,-2.535897998540553,-115.06880565265097,7,0.8
4945.594004095541,-2.648587380278311,-115.79736310067916,7,0.8
4979.9933307512365,-2.762495746884702,-116.51784991663521,7,0.8
5014.631923645403,-2.87737601311039,-117.23102091542636,7,0.8
5049.511447006339,-2.993347534625097,-117.93619557851407,7,0.8
5084.633576637967,-3.11042152993223,-118.63310178226503,7,0.8
5120.000000000346,-3.2283603433735952,-119.32255497472131,7,0.8
5155.612416290749,-3.347375258774066,-120.00343983129024,7,0.8
5191.4725365253,-3.467280952064483,-120.67637975201221,7,0.8
5227.582083621183,-3.5879482917393837,-121.34180800097272,7,0.8
5263.942792479418,-3.7096259847207422,-121.99837743827767,7,0.8
5300.556410068212,-3.8319974485140404,-122.64743039665962,7,0.8
5337.424695506905,-3.9551690570887392,-123.28829960261317,7,0.8
5374.54942015047,-4.0790620407183455,-123.92122556950405,7,0.8
5411.932367674636,-4.203644775461436,-124.54622977084269,7,0.8
5449.575334161574,-4.328929328180542,-125.16310719000346,7,0.8
5487.480128186196,-4.454883471929522,-125.77188753196818,7,0.8
5525.648570903045,-4.581434135324805,-126.37284080213985,7,0.8
5564.082496133798,-4.708552668493055,-126.96601066099268,7,0.8
5602.78375045537,-4.836251470970815,-127.55120923701924,7,0.8
5641.754193288633,-4.964422198149208,-128.12896042465235,7,0.8
5680.995696987757,-5.093079455373562,-128.69908525771976,7,0.8
5720.51014693016,-5.222236002635282,-129.26140589019252,7,0.8
5760.2994416071,-5.351865127650216,-129.81598442008087,7,0.8
5800.365492714889,-5.4818297341891,-130.36360205862886,7,0.8
5840.710225246731,-5.612256100652596,-130.90337483648162,7,0.8
5881.335577585225,-5.7430463671198595,-131.43585131225822,7,0.8
5922.243501595481,-5.874178811344139,-131.9611059126529,7,0.8
5963.435962718906,-6.00563244948142,-132.47921510664406,7,0.8
6004.914940067636,-6.137352991605828,-132.99049612034258,7,0.8
6046.682426519615,-6.269389546945084,-133.49455085815208,7,0.8
6088.740428814354,-6.401622898922621,-133.9921768781832,7,0.8
6131.090967649341,-6.534264478844629,-134.48178661294506,7,0.8
6173.736077777122,-6.666970857466577,-134.96584855770143,7,0.8
6216.6778081030725,-6.799983181829866,-135.4425406248974,7,0.8
6259.918221783827,-6.933219042662261,-135.91242599036065,7,0.8
6303.4593963264115,-7.066540801282189,-136.3765392059159,7,0.8
6347.303423688055,-7.200056743826489,-136.83401690075198,7,0.8
6391.4524103767,-7.3337509812095,-137.28494708286257,7,0.8
6435.9084775522115,-7.467551082251687,-137.72988846630386,7,0.8
6480.673761128287,-7.601445400508876,-138.168925929242,7,0.8
6525.750411875079,-7.735450389697405,-138.60191025876094,7,0.8
6571.140595522531,-7.869581060189585,-139.02869476021303,7,0.8
6616.846492864425,-8.003797760751928,-139.4496001761188,7,0.8
6662.870299863169,-8.13808943221871,-139.86471243730784,7,0.8
6709.214227755292,-8.272419784678682,-140.2743477649228,7,0.8
6755.880503157695,-8.406805336206807,-140.67835879982502,7,0.8
6802.871368174619,-8.5413108957558,-141.07614309384806,7,0.8
6850.189080505378,-8.675752589366184,-141.46938897208963,7,0.8
6897.835913552822,-8.810246629570425,-141.85703305362918,7,0.8
6945.814156532571,-8.944736258210286,-142.2396128932267,7,0.8
6994.126114583001,-9.079237853225244,-142.61698208005345,7,0.8
7042.774108875988,-9.213743785429195,-142.9892214575891,7,0.8
7091.760476728439,-9.348291457445848,-143.35596476814993,7,0.8
7141.087571714584,-9.482783863350692,-143.7181858021539,7,0.8
7190.757763779057,-9.617238342656776,-144.07573553664034,7,0.8
7240.773439350762,-9.751649795587458,-144.4286880934507,7,0.8
7291.137001457528,-9.886096649278814,-144.77624108010232,7,0.8
7341.850869841561,-10.020467748009974,-145.11956862793022,7,0.8
7392.917481075709,-10.154739844063025,-145.45895519182653,7,0.8
7444.339288680522,-10.289029505458378,-145.79317092920505,7,0.8
7496.118763242139,-10.423270610433653,-146.12294158109754,7,0.8
7548.258392530979,-10.557439583340818,-146.44855180670547,7,0.8
7600.760681621277,-10.691570627208344,-146.76964439744836,7,0.8
7653.628153011434,-10.825585088944505,-147.08713582341122,7,0.8
7706.863346745218,-10.959536325901224,-147.40045468305058,7,0.8
7760.468820533797,-11.093474064222761,-147.70904260041166,7,0.8
7814.447149878626,-11.227269822899133,-148.01442800593364,7,0.8
7868.800928195191,-11.36099276056908,-148.3158371866129,7,0.8
7923.532766937609,-11.49467361764775,-148.61292438444823,7,0.8
7978.645295724095,-11.6282248844473,-148.90677878872688,7,0.8
8034.141162463309,-11.761728028723475,-149.19643892534862,7,0.8
8090.023033481568,-11.895114785384262,-149.4827785689095,7,0.8
8146.293593650958,-12.028400258171104,-149.76565045691157,7,0.8
8202.955546518326,-12.161583090504056,-150.04511008447903,7,0.8
8260.011614435174,-12.2947077063152,-150.32061881709814,7,0.8
8317.464538688457,-12.427755698998656,-150.59243761052852,7,0.8
8375.317079632288,-12.560651048420429,-150.86160270912484,7,0.8
8433.572016820564,-12.693467456334037,-151.12718445185135,7,0.8
8492.232149140504,-12.826174257928074,-151.389626478077,7,0.8
8551.300294947127,-12.958784777581222,-151.64878687287592,7,0.8
8610.779292198666,-13.091297750376068,-151.90471807744208,7,0.8
8670.671998592914,-13.223698517645282,-152.157660827018,7,0.8
8730.981291704516,-13.355999993549872,-152.40747412294297,7,0.8
8791.710069123244,-13.48817510970492,-152.65458128407963,7,0.8
8852.86124859319,-13.620262832222513,-152.8984672022051,7,0.8
8914.437768152968,-13.75223648240436,-153.13955226390254,7,0.8
8976.44258627686,-13.88409600461689,-153.37788003115477,7,0.8
9038.878682016972,-14.015865815648922,-153.613129290683,7,0.8
9101.74905514635,-14.1475207577475,-153.84571071443506,7,0.8
9165.056726303115,-14.27904917056091,-154.07584502177968,7,0.8
9228.804737135582,-14.410463443197486,-154.30339059751674,7,0.8
9292.996150448414,-14.541798054341562,-154.52785537183792,7,0.8
9357.634050349754,-14.67300668010369,-154.7499929848463,7,0.8
9422.721542399418,-14.804112313810363,-154.96948825489426,7,0.8
9488.261753758103,-14.935125655720864,-155.18620836727476,7,0.8
9554.257833337617,-15.065981980794552,-155.40123217259762,7,0.8
9620.712951952195,-15.196767931012683,-155.6132106882262,7,0.8
9687.630302470823,-15.327419922509316,-155.8232144030115,7,0.8
9755.013099970645,-15.45801068033294,-156.03008752499042,7,0.8
9822.864581891441,-15.588448288769602,-156.23539250069638,7,0.8
9891.188008191157,-15.718794360780997,-156.43814820204224,7,0.8
9959.98666150255,-15.849029213082744,-156.63872541424897,7,0.8
10029.26384729088,-15.979143997570633,-156.83732069189423,7,0.8
10099.022894012754,-16.10919606129482,-157.03298172561153,7,0.8
10169.26715327601,-16.23911934254488,-157.2268920857351,7,0.8
10240.000000000768,-16.368924565113183,-157.41891412993323,7,0.8
10311.224832581574,-16.49863969124467,-157.6085940289064,7,0.8
10382.945073050678,-16.628238310012463,-157.79644438671866,7,0.8
10455.164167242447,-16.75773891920967,-157.98217474213553,7,0.8
10527.885584958914,-16.887133420136465,-158.16597317080533,7,0.8
10601.112820136505,-17.016422645260988,-158.3478671691743,7,0.8
10674.849391013888,-17.145615664191396,-158.5277291068637,7,0.8
10749.098840301021,-17.274712937026944,-158.70558868137616,7,0.8
10823.864735349352,-17.403699016020504,-158.881780029503,7,0.8
10899.15066832323,-17.53259868292901,-159.05587118592774,7,0.8
10974.960256372473,-17.66139664787495,-159.2281942388712,7,0.8
11051.297141806172,-17.79008622417823,-159.39892305199166,7,0.8
11128.16499226768,-17.918683626382702,-159.5677820175636,7,0.8
11205.567500910824,-18.047189408889604,-159.73479789958589,7,0.8
11283.508386577352,-18.175589667615895,-159.90028945337963,7,0.8
11361.991393975597,-18.303899919621905,-160.06398597561437,7,0.8
11441.020293860403,-18.4321137420075,-160.22605708630587,7,0.8
11520.598883214287,-18.560238968089415,-160.38638155667644,7,0.8
11600.730985429864,-18.68826941381101,-160.54512614239582,7,0.8
11681.420450493551,-18.816206018872425,-160.7023120023597,7,0.8
11762.671155170538,-18.9440497229485,-160.85795991683094,7,0.8
11844.48700319105,-19.07181442287765,-161.01181184948445,7,0.8
11926.871925437901,-19.19947493926467,-161.16444668981276,7,0.8
12009.82988013536,-19.32705165059094,-161.3154664416845,7,0.8
12093.36485303932,-19.454551379491647,-161.46475702247932,7,0.8
12177.4808576288,-19.581950148366523,-161.61288459033534,7,0.8
12262.181935298773,-19.70926743934491,-161.75945883236423,7,0.8
12347.472155554336,-19.836498008171375,-161.90463436990606,7,0.8
12433.355616206238,-19.963648594281825,-162.0482966634052,7,0.8
12519.836443567749,-20.090714141139095,-162.19059777678567,7,0.8
12606.918792652916,-20.21770120695928,-162.33142439000733,7,0.8
12694.606847376202,-20.34459937307429,-162.4710558116669,7,0.8
12782.904820753494,-20.47142618995177,-162.6091195281294,7,0.8
12871.816955104521,-20.598160578816902,-162.74614917365713,7,0.8
12961.347522256672,-20.72481453377794,-162.88190143599664,7,0.8
13051.500823750257,-20.851404587599088,-163.0160138188959,7,0.8
13142.28119104516,-20.977915533474693,-163.14888570532557,7,0.8
13233.69298572895,-21.104338174253527,-163.28078115192204,7,0.8
13325.740599726436,-21.230693768463844,-163.41121600976172,7,0.8
13418.428455510686,-21.3569631530865,-163.54070082866528,7,0.8
13511.761006315492,-21.483171780884938,-163.66863621164453,7,0.8
13605.74273634934,-21.609300862625314,-163.79552783207876,7,0.8
13700.378161010858,-21.735356169845332,-163.9212671563581,7,0.8
13795.671827105747,-21.86133396164574,-164.04598723771932,7,0.8
13891.628313065248,-21.9872489194058,-164.1693441032545,7,0.8
13988.252229166108,-22.113092542546845,-164.29159122935692,7,0.8
14085.548217752083,-22.23886127857074,-164.41285847869997,7,0.8
14183.520953456982,-22.36456483802439,-164.5329245881289,7,0.8
14282.175143429275,-22.490203855805873,-164.65180476846518,7,0.8
14381.515527558222,-22.615774760791453,-164.76962823586598,7,0.8
14481.546878701633,-22.741274233758546,-164.8865207485342,7,0.8
14582.274002915165,-22.86671551546783,-165.0021541087959,7,0.8
14683.70173968323,-22.992082969540427,-165.11699240948016,7,0.8
14785.834962151528,-23.117389634899595,-165.2307094701167,7,0.8
14888.678577361155,-23.242640021988077,-165.34320893614543,7,0.8
14992.23752648439,-23.367819203738183,-165.45494482958304,7,0.8
15096.516785062071,-23.492939656616908,-165.56559750581414,7,0.8
15201.521363242668,-23.61799825414304,-165.6752882410201,7,0.8
15307.256306022984,-23.74299576095444,-165.78402786652046,7,0.8
15413.726693490553,-23.8679365502444,-165.89172060503256,7,0.8
15520.93764106771,-23.992814084918393,-165.99859058803315,7,0.8
15628.894299757369,-24.11763628692526,-166.1044360114833,7,0.8
15737.6018563905,-24.24240027643817,-166.2093734805973,7,0.8
15847.065533875337,-24.367106782172925,-166.31341300490706,7,0.8
15957.29059144831,-24.491759880616122,-166.416461699929,7,0.8
16068.282324926739,-24.616353524501434,-166.51873548324517,7,0.8
16180.046066963258,-24.740895082333235,-166.62003914709277,7,0.8
16292.587187302037,-24.86537227319866,-166.7207865960032,7,0.8
16405.911093036775,-24.989805183873855,-166.8203814535045,7,0.8
16520.023228870472,-25.11419095834721,-166.9189383976513,7,0.8
16634.92907737704,-25.238514655628414,-167.01696298783295,7,0.8
16750.634159264704,-25.36278945075409,-167.1140666853236,7,0.8
16867.144033641256,-25.487015870726392,-167.210260300677,7,0.8
16984.464298281135,-25.611188569222826,-167.30574730680948,7,0.8
17102.600589894384,-25.735317001338398,-167.40024693804216,7,0.8
17221.558584397462,-25.859387305479796,-167.49424687824305,7,0.8
17341.343997185955,-25.98341734097246,-167.58718298415593,7,0.8
17461.962583409164,-26.10739906193649,-167.67935053709604,7,0.8
17583.42013824662,-26.231330364952186,-167.77085057425407,7,0.8
17705.72249718651,-26.35521735721811,-167.86150417195242,7,0.8
17828.875536306066,-26.47905523360434,-167.95150456174167,7,0.8
17952.885172553855,-26.60284992744443,-168.0406752185227,7,0.8
18077.75736403408,-26.72659677661958,-168.12920655708677,7,0.8
18203.498110292836,-26.850304078215107,-168.21683458442595,7,0.8
18330.113452606365,-26.973967197794302,-168.3037488385173,7,0.8
18457.609474271307,-27.097584250901047,-168.3900451062004,7,0.8
18585.99230089697,-27.221160759866304,-168.47555271745853,7,0.8
18715.26810069965,-27.344690013752995,-168.56054256437113,7,0.8
18845.44308479898,-27.46818689634288,-168.64449753734183,7,0.8
18976.523507516347,-27.591630667967163,-168.72820682694154,7,0.8
19108.51566667538,-27.71504294878865,-168.81089847563007,7,0.8
19241.425903904536,-27.838414860858343,-168.89292600424386,7,0.8
19375.260604941792,-27.96174027410327,-168.97454888716464,7,0.8
19510.026199941436,-28.085035314868886,-169.0551822003294,7,0.8
19645.729163783028,-28.208285023155586,-169.13542132864603,7,0.8
19782.376016382463,-28.33150081560213,-169.2148545392745,7,0.8
19919.973323005244,-28.454678820808784,-169.2936554692415,7,0.8
20058.527694581913,-28.577817472654644,-169.37191162744236,7,0.8
20198.045788025658,-28.70092142028038,-169.44946568757365,7,0.8
20338.53430655217,-28.823989055045143,-169.5264055751039,7,0.8
20480.00000000169,-28.94702283222349,-169.60265747473352,7,0.8
20622.4496651633,-29.07001924512719,-169.67838713481717,7,0.8
20765.890146101516,-29.19298076602304,-169.7535200265192,7,0.8
20910.32833448505,-29.31590974827757,-169.82798377544106,7,0.8
21055.771169917985,-29.438802837137857,-169.9019405681711,7,0.8
21202.22564027317,-29.561664239746335,-169.97524039774575,7,0.8
21349.698782027936,-29.68448888747808,-170.04811952142865,7,0.8
21498.197680602203,-29.80728630277161,-170.12020076841154,7,0.8
21647.72947069887,-29.93004788887545,-170.19187090186992,7,0.8
21798.301336646622,-30.052781164963843,-170.2628327528457,7,0.8
21949.920512745113,-30.175482985092238,-170.33324320063485,7,0.8
22102.59428361251,-30.298148713184723,-170.40332861405193,7,0.8
22256.32998453553,-30.420788945893037,-170.47264990480073,7,0.8
22411.135001821818,-30.543397325878246,-170.54150760865866,7,0.8
22567.01677315487,-30.665979167952063,-170.609688433336,7,0.8
22723.98278795137,-30.78852995867606,-170.67741541376498,7,0.8
22882.04058772098,-30.911050160212746,-170.74469181554068,7,0.8
23041.197766428744,-31.033543318813038,-170.81137943514864,7,0.8
23201.4619708599,-31.156006703139568,-170.87762487724862,7,0.8
23362.840900987278,-31.278445261695285,-170.94322208745282,7,0.8
23525.342310341253,-31.400853316571087,-171.0084555272617,7,0.8
23688.974006382276,-31.52323574132652,-171.0731205053817,7,0.8
23853.743850875984,-31.645589959100402,-171.13735947488487,7,0.8
24019.6597602709,-31.767923479982056,-171.20083639501914,7,0.8
24186.729706078822,-31.890225232308392,-171.26409991159443,7,0.8
24354.96171525778,-32.012502696401356,-171.32681435633327,7,0.8
24524.363870597732,-32.13475615732931,-171.38898537626696,7,0.8
24694.944311108862,-32.25698455834167,-171.45068447157652,7,0.8
24866.711232412665,-32.37918559596294,-171.5120466931034,7,0.8
25039.672887135683,-32.50136622106983,-171.5727483382932,7,0.8
25213.837585306024,-32.62352017945743,-171.6331202979996,7,0.8
25389.213694752598,-32.74565169818169,-171.69297152657188,7,0.8
25565.809641507185,-32.8677622882108,-171.7522436464932,7,0.8
25743.63391020923,-32.98984601307158,-171.81125924428738,7,0.8
25922.695044513537,-33.111909399201046,-171.86970431284183,7,0.8
26103.00164750071,-33.233946676666775,-171.92789691147533,7,0.8
26284.562382090517,-33.35596654255889,-171.98540357290895,7,0.8
26467.385971458098,-33.47796212760993,-172.04260194229263,7,0.8
26651.481199453076,-33.59993840234563,-172.09924890411813,7,0.8
26836.856911021572,-33.72189104502998,-172.1555929981836,7,0.8
27023.522012631187,-33.8438215488067,-172.21157497533758,7,0.8
27211.485472698885,-33.965732432871725,-172.2670774694704,7,0.8
27400.75632202192,-34.087625004888515,-172.32204574095027,7,0.8
27591.3436542117,-34.20949730981622,-172.37660340644578,7,0.8
27783.256626130707,-34.33134750926267,-172.43087066057325,7,0.8
27976.504458332423,-34.453179055819945,-172.48467373813813,7,0.8
28171.096435504372,-34.574991129740624,-172.53807446339508,7,0.8
28367.04190691418,-34.69678396541245,-172.5910755354414,7,0.8
28564.35028685876,-34.81855877396666,-172.64362248952125,7,0.8
28763.031055116662,-34.94031375101456,-172.69583162649582,7,0.8
28963.093757403483,-35.06205006243265,-172.74764720916798,7,0.8
29164.548005830547,-35.183767807223035,-172.79907002323282,7,0.8
29367.403479366687,-35.30546885373922,-172.8499889270051,7,0.8
29571.669924303278,-35.427149210795264,-172.90062348050895,7,0.8
29777.35715472254,-35.54881104741255,-172.95080135103765,7,0.8
29984.475052969006,-35.67045086002168,-173.0006186389739,7,0.8
30193.03357012437,-35.792066889340305,-173.04988508466874,7,0.8
30403.042726485564,-35.913641875392045,-173.09876168219213,7,0.8
30614.512612046197,-36.03512551499287,-173.1470861039414,7,0.8
30827.45338698134,-36.15634644007128,-173.19592139788608,7,0.8
31041.875282135654,-36.27797648446037,-173.24774953775372,7,0.8
31257.788599514974,-36.39985925917787,-173.2954188478111,7,0.8
31475.203712781236,-36.521496383480255,-173.34222350845107,7,0.8
31694.13106775091,-36.64305231820533,-173.38898818239613,7,0.8
31914.581182896858,-36.764573478667714,-173.43553728312867,7,0.8
32136.564649853717,-36.886073647537415,-173.48171603970744,7,0.8
32360.09213392676,-37.0075547581155,-173.52765049603335,7,0.8
32585.17437460432,-37.12902099985673,-173.57317703942348,7,0.8
32811.8221860738,-37.250470298878795,-173.61848934000597,7,0.8
33040.04645774119,-37.37190626895555,-173.6633859046267,7,0.8
33269.85815475433,-37.49332708369433,-173.70801428776412,7,0.8
33501.26831852966,-37.614733097389276,-173.75237369894325,7,0.8
33734.28806728276,-37.73612602463439,-173.79636780851163,7,0.8
33968.928596562524,-37.85750398230426,-173.8401423597668,7,0.8
34205.20117978902,-37.978870684426084,-173.8834597209393,7,0.8
34443.11716879519,-38.100224214830696,-173.92646608467422,7,0.8
34682.68799437217,-38.22156410042792,-173.96921019075577,7,0.8
34923.92516681859,-38.34289187513551,-174.01160013203761,7,0.8
35166.8402764935,-38.46420704308082,-174.0536850976658,7,0.8
35411.44499437329,-38.585507859072365,-174.0956046639631,7,0.8
35657.7510726124,-38.70679836706499,-174.13708498814157,7,0.8
35905.77034510798,-38.82807678640161,-174.17826660906684,7,0.8
36155.51472806843,-38.94934328213762,-174.21915159438706,7,0.8
36406.99622058595,-39.070598015687786,-174.25974198149993,7,0.8
36660.22690521301,-39.19184054752084,-174.3000840251765,7,0.8
36915.21894854289,-39.31307223429767,-174.34009083732653,7,0.8
37171.98460179422,-39.434292619880196,-174.37980885299436,7,0.8
37430.53620139958,-39.555501848937155,-174.41923984261228,7,0.8
37690.88616959824,-39.67670062487957,-174.4583424087518,7,0.8
37953.04701503298,-39.79788682835875,-174.49728990116833,7,0.8
38217.03133335104,-39.91906449385749,-174.53578376275223,7,0.8
38482.85180780936,-40.0402303879346,-174.57408138411813,7,0.8
38750.521209883875,-40.161385709987655,-174.61209774114096,7,0.8
39020.05239988316,-40.28253103850557,-174.64979103196967,7,0.8
39291.458327566346,-40.403665308430504,-174.6872433631889,7,0.8
39564.752032765224,-40.52478894555701,-174.72440977871312,7,0.8
39839.94664601079,-40.64590214546052,-174.76124339964997,7,0.8
40117.05538916413,-40.767003151833165,-174.797814068363,7,0.8
40396.09157605162,-40.888092170158494,-174.8339370429,7,0.8
40677.068613104646,-41.009161517534324,-174.86980513512142,7,0.8
40960.00000000368,-41.130197039187415,-174.9052234444001,7,0.8
41244.899330326916,-41.25113336629833,-174.9397215688667,7,0.8
41531.78029220334,-41.37153388224344,-174.9743264205039,7,0.8
41820.65666897041,-41.492683133075474,-175.01786755749475,7,0.8
42111.54233983629,-41.614313533820294,-175.05159941379787,7,0.8
42404.45128054665,-41.735467202157324,-175.08517029526257,7,0.8
42699.3975640562,-41.85653071285179,-175.11902547339628,7,0.8
42996.39536120473,-41.97756461854566,-175.15282218114217,7,0.8
43295.458941398065,-42.09858184355609,-175.18652777533867,7,0.8
43596.60267329357,-42.219588159296144,-175.2199828715924,7,0.8
43899.84102549055,-42.34058371569516,-175.25331410093096,7,0.8
44205.18856722535,-42.46157067921645,-175.28639823556242,7,0.8
44512.659969071385,-42.58254873876595,-175.31930266394014,7,0.8
44822.27000364397,-42.703518639710424,-175.35198719278563,7,0.8
45134.033546310086,-42.824481011576864,-175.3844143375971,7,0.8
45447.96557590307,-42.945436023829316,-175.41658430265971,7,0.8
45764.081175442305,-43.066383053100466,-175.44856876685782,7,0.8
46082.39553285784,-43.18732225264259,-175.4803675141785,7,0.8
46402.92394172015,-43.308255247300586,-175.511840910588,7,0.8
46725.681801974904,-43.42918064337435,-175.54313089248245,7,0.8
47050.68462068286,-43.55009856695814,-175.57423787190257,7,0.8
47377.94801276491,-43.67100949503279,-175.6051281606075,7,0.8
47707.487701752325,-43.79191423180589,-175.6357351276622,7,0.8
48039.319520542165,-43.91281146323071,-175.66619648109852,7,0.8
48373.45941215801,-44.03370199800815,-175.69644519924626,7,0.8
48709.923430515926,-44.15458694066067,-175.72638289340924,7,0.8
49048.72774119583,-44.275464350765276,-175.75621129839612,7,0.8
49389.888622218095,-44.3963359980221,-175.7857657381993,7,0.8
49733.4224648257,-44.51720065372307,-175.81517935237315,7,0.8
50000.0,-44.61041201641764,-175.83770160529056,7,0.8
10.0,-0.29776809594736503,-0.5407793771707828,8,0.9
10.069555500567189,-0.2979895694653351,-0.5441992110715347,8,0.9
10.139594797900294,-0.2981860338420703,-0.5476333018311754,8,0.9
10.210121257071936,-0.2984155049593209,-0.5510877074575219,8,0.9
10.281138266560667,-0.2986328799369721,-0.5545576932383428,8,0.9
10.352649238413779,-0.29885106030214603,-0.5580445981778388,8,0.9
10.424657608411218,-0.29907005796209507,-0.5615484078177448,8,0.9
10.497166836230678,-0.29929632917664195,-0.565069806246778,8,0.9
10.57018040561381,-0.2995234417532349,-0.5686080840505836,8,0.9
10.643701824533608,-0.29976429587768905,-0.5721646423114766,8,0.9
10.71773462536294,-0.2999931284481302,-0.5757366236334042,8,0.9
10.792282365044281,-0.30023572743743515,-0.5793268571996757,8,0.9
10.867348625260592,-0.3004792181592917,-0.582933892808578,8,0.9
10.942937012607405,-0.30071072739780264,-0.586556235472118,8,0.9
11.019051158766118,-0.3009689279599833,-0.5901982458076702,8,0.9
11.095694720678463,-0.3012087312293873,-0.5938547516320803,8,0.9
11.172871380722214,-0.3014559234825824,-0.5975286601039494,8,0.9
11.250584846888108,-0.3017234034339695,-0.6012214551999963,8,0.9
11.328838852958,-0.3019660870673855,-0.6049278258871823,8,0.9
11.407637158684253,-0.30222908651718616,-0.6086530162171421,8,0.9
11.486983549970367,-0.3024930888056607,-0.6123947152868763,8,0.9
11.566881839052892,-0.3027645507642476,-0.6161536484333524,8,0.9
11.647335864684578,-0.3030306036507914,-0.6199282138798041,8,0.9
11.728349492318808,-0.30331058797179833,-0.6237207020321831,8,0.9
11.809926614295325,-0.3035787529621501,-0.627527911683355,8,0.9
11.892071150027233,-0.3038673213654147,-0.6313537447546239,8,0.9
11.97478704618931,-0.3041505438073691,-0.6351949651316734,8,0.9
12.05807827690763,-0.3044284372416394,-0.6390514863340047,8,0.9
12.141948843950495,-0.30473322178685924,-0.64292730834534,8,0.9
12.226402776920713,-0.3050198293421049,-0.6468166608850677,8,0.9
12.31144413344919,-0.3053204797562575,-0.6507235621317151,8,0.9
12.397076999389895,-0.30560942932206636,-0.6546446224902196,8,0.9
12.48330548901615,-0.30591889589269217,-0.6585839335606106,8,0.9
12.570133745218314,-0.30622957686298996,-0.6625389175084255,8,0.9
12.657565939702833,-0.30654149048343965,-0.6665094837890212,8,0.9
12.745606273192656,-0.30685465528799244,-0.6704955385075391,8,0.9
12.834258975629076,-0.30717552906186263,-0.6744978525032552,8,0.9
12.923528306374958,-0.3074912527854128,-0.6785145953231148,8,0.9
13.013418554419374,-0.3078211621208866,-0.6825482868348527,8,0.9
13.10393403858367,-0.308145960528216,-0.6865961956392463,8,0.9
13.195079107728983,-0.3084785448817083,-0.690659979775446,8,0.9
13.286858140965156,-0.30881249697269775,-0.6947386435941391,8,0.9
13.379275547861162,-0.30914783744688085,-0.6988320690231292,8,0.9
13.472335768656947,-0.3094974621430082,-0.7029419639538192,8,0.9
13.566043274476765,-0.30984851657750123,-0.7070664009536654,8,0.9
13.660402567544,-0.3101945854035543,-0.7112043226191005,8,0.9
13.755418181397484,-0.31056143822121834,-0.715359318030918,8,0.9
13.851094681109295,-0.31092334922135967,-0.7195275434653922,8,0.9
13.947436663504105,-0.3112739055098562,-0.7237078879817563,8,0.9
14.044448757380025,-0.3116517476278181,-0.7279059068992884,8,0.9
14.142135623731003,-0.31202471716821495,-0.7321167178414997,8,0.9
14.240501955970773,-0.3123928385932657,-0.7363401477688886,8,0.9
14.33955248015833,-0.31276900729087864,-0.7405779772511873,8,0.9
14.439291955225018,-0.3131596820154203,-0.744831055610401,8,0.9
14.539725173203164,-0.3135520165601479,-0.7490972769323412,8,0.9
14.640856959456315,-0.3139396016611057,-0.7533754730531381,8,0.9
14.742692172911074,-0.31434176646807593,-0.757668477500553,8,0.9
14.845235706290554,-0.3147327995208305,-0.7619720944891684,8,0.9
14.94849248634945,-0.31514489743719204,-0.7662912212876205,8,0.9
15.05246747411074,-0.31554591742885707,-0.770620583661118,8,0.9
15.15716566510405,-0.31596805428210983,-0.7749651486238728,8,0.9
15.26259208960566,-0.3163727358242956,-0.7793185078686017,8,0.9
15.368751812880195,-0.3168050210691103,-0.7836877876685668,8,0.9
15.475649935423972,-0.3172327735127186,-0.788067564570389,8,0.9
15.58329159321007,-0.31766888714441754,-0.79245975624621,8,0.9
15.69168195793509,-0.3181005270395057,-0.796862019175202,8,0.9
15.800826237267621,-0.31854701845107714,-0.8012773842646108,8,0.9
15.910729675098453,-0.3189890964687506,-0.8057023946324995,8,0.9
16.02139755179252,-0.3194332237474399,-0.8101379116719971,8,0.9
16.13283518444261,-0.31989872345960446,-0.8145870546613168,8,0.9
16.245047927124794,-0.32034061267026626,-0.8190418137508961,8,0.9
16.358041171155712,-0.32081679733280294,-0.8235120371495589,8,0.9
16.471820345351553,-0.3212758682070624,-0.8279884983118261,8,0.9
16.586390916288924,-0.32175643772440704,-0.8324777728991867,8,0.9
16.70175838856748,-0.3222328207087628,-0.8369750655212237,8,0.9
16.817928305074386,-0.32271148127566585,-0.8414812688831232,8,0.9
16.93490624725064,-0.3231924543888457,-0.8459961314144716,8,0.9
17.052697835359233,-0.3236886317977778,-0.8505217674547354,8,0.9
17.17130872875518,-0.3241871920460821,-0.8550555841118097,8,0.9
17.290744626157405,-0.32467531682767603,-0.8595949112274754,8,0.9
17.411011265922586,-0.32519803526166735,-0.864147915133335,8,0.9
17.53211442632081,-0.32569753894782394,-0.8687034654310517,8,0.9
17.654059925813208,-0.32621242904348174,-0.8732685641042007,8,0.9
17.776853623331515,-0.3267427424977908,-0.8778429894707475,8,0.9
17.900501418559564,-0.32726923949336634,-0.8824227638182472,8,0.9
18.02500925221672,-0.3277919612514226,-0.8870075718659434,8,0.9
18.150383106343334,-0.328336649964377,-0.8916021767640104,8,0.9
18.27662900458813,-0.3288776450108485,-0.8962012515140778,8,0.9
18.403753012497624,-0.3294214139193362,-0.900805759793053,8,0.9
18.53176123780754,-0.329967999443185,-0.9054154008304186,8,0.9
18.660659830736275,-0.330517445002082,-0.910029870289123,8,0.9
18.790454984280366,-0.33108264127846004,-0.9146515028562959,8,0.9
18.921152934512047,-0.33165078500652856,-0.9192773862570838,8,0.9
19.05275996087888,-0.3322283441996531,-0.9239085485015265,8,0.9
19.18528238650542,-0.33280251957230633,-0.9285419985048133,8,0.9
19.31872657849705,-0.33337978093381526,-0.9331787472799843,8,0.9
19.453098948245852,-0.33397301872811136,-0.937821219257319,8,0.9
19.588405951738682,-0.3345565949127211,-0.9424636128785341,8,0.9
19.72465408986733,-0.3351498228186154,-0.9471097209218413,8,0.9
19.861849908740865,-0.3357655916467162,-0.9517620576842784,8,0.9
20.00000000000015,-0.33636542937609476,-0.9564118797425218,8,0.9
20.13911100113453,-0.336975068791217,-0.9610644662017944,8,0.9
20.279189595800737,-0.33758814185577,-0.9657180699304904,8,0.9
20.42024251414402,-0.33820470158261484,-0.9703723482512301,8,0.9
20.56227653312149,-0.33883763830907637,-0.9750298833686684,8,0.9
20.70529847682771,-0.33947416855392515,-0.9796874472779101,8,0.9
20.849315216822593,-0.3401079303811668,-0.9843432041423638,8,0.9
20.994333672461515,-0.34075181539436733,-0.9889997652861892,8,0.9
21.14036081122778,-0.34140587954662294,-0.9936568135199965,8,0.9
21.28740364906737,-0.34205093115845603,-0.9983094619523738,8,0.9
21.43546925072604,-0.3427191104403473,-1.002964956940636,8,0.9
21.584564730088722,-0.34337198155667825,-1.0076137672535914,8,0.9
21.734697250521346,-0.3440480984325062,-1.012264781261766,8,0.9
21.885874025214974,-0.34472186110389647,-1.0169114622811797,8,0.9
22.038102317532406,-0.34539974752890695,-1.0215549968055542,8,0.9
22.191389441357092,-0.34608182130726023,-1.026195023158376,8,0.9
22.345742761444598,-0.3467745601228144,-1.0308327892559284,8,0.9
22.501169693776383,-0.3474652028393671,-1.0354647244923023,8,0.9
22.657677705916175,-0.34816664177605505,-1.04009369933418,8,0.9
22.815274317368676,-0.3488725313508983,-1.0447177403099372,8,0.9
22.973967099940907,-0.34957652881129125,-1.0493348214788787,8,0.9
23.13376367810596,-0.3503043485151217,-1.0539512442431054,8,0.9
23.29467172936933,-0.3510175946431938,-1.0585566291950768,8,0.9
23.456698984637793,-0.3517419827320936,-1.0631573054369388,8,0.9
23.619853228590827,-0.352471174711474,-1.067751235426004,8,0.9
23.784142300054643,-0.3532180623891001,-1.0723415206698446,8,0.9
23.949574092378796,-0.3539442668967035,-1.0769174160137627,8,0.9
24.11615655381544,-0.3546883181545321,-1.0814889493698476,8,0.9
24.28389768790117,-0.35544388297869384,-1.0860540757927042,8,0.9
24.452805553841607,-0.35619822416617924,-1.0906089083135346,8,0.9
24.622888266898567,-0.3569706424002774,-1.0951584580294642,8,0.9
24.794153998779972,-0.35772277899278326,-1.0996915609199942,8,0.9
24.966610978032485,-0.3584931552369452,-1.1042186827684048,8,0.9
25.140267490436816,-0.35926263601423114,-1.1087340272273962,8,0.9
25.315131879405854,-0.360056925524772,-1.1132446534622067,8,0.9
25.4912125463855,-0.36083768028781266,-1.1177390977046195,8,0.9
25.668517951258348,-0.36162420240285625,-1.1222225636760572,8,0.9
25.847056612750112,-0.362416579972349,-1.1266947189740042,8,0.9
26.026837108838944,-0.36320849980972175,-1.1311533119984882,8,0.9
26.20786807716754,-0.3640192603283555,-1.1356037877694147,8,0.9
26.390158215458165,-0.3648297458113084,-1.1400400570615634,8,0.9
26.573716281930512,-0.365640051148241,-1.14446175713184,8,0.9
26.758551095722524,-0.3664630736039631,-1.1488725029295845,8,0.9
26.944671537314093,-0.3672797077280709,-1.1532660286482812,8,0.9
27.13208654895373,-0.3681156519444639,-1.1576500141827426,8,0.9
27.320805135088207,-0.3689262094287856,-1.1620100120233172,8,0.9
27.510836362795175,-0.3697754724236869,-1.166366011322623,8,0.9
27.7021893622188,-0.3706123516992735,-1.1707014245211673,8,0.9
27.89487332700842,-0.3714561472283311,-1.1750220836417078,8,0.9
28.088897514760255,-0.3722941700456111,-1.1793235119802175,8,0.9
28.284271247462218,-0.3731521145665298,-1.1836138278823554,8,0.9
28.48100391194176,-0.37401089801450915,-1.1878864650654106,8,0.9
28.679104960316874,-0.3748706311725553,-1.192141123880873,8,0.9
28.878583910450253,-0.3757314263724126,-1.196377511796568,8,0.9
29.079450346406546,-0.3765997916020718,-1.2005975354523177,8,0.9
29.28171391891285,-0.3774630536236839,-1.2047965519274628,8,0.9
29.485384345822368,-0.37834690313819497,-1.2089831498145216,8,0.9
29.690471412581335,-0.379232276570518,-1.21315049400055,8,0.9
29.896984972699123,-0.3801129023933433,-1.2172960682673215,8,0.9
30.104934948221704,-0.3810016869173283,-1.2214241415167195,8,0.9
30.314331330208326,-0.381885970631076,-1.2255299314918915,8,0.9
30.52518417921155,-0.382785051196513,-1.2296201220847789,8,0.9
30.73750362576062,-0.383686273058852,-1.2336899322963146,8,0.9
30.951299870848175,-0.384576986893964,-1.2377344382372897,8,0.9
31.16658318642038,-0.38548926921730897,-1.241765227885799,8,0.9
31.38336391587042,-0.38638491962150806,-1.2457678985415914,8,0.9
31.60165247453548,-0.3872960142390298,-1.249754196379456,8,0.9
31.82145935019715,-0.38820991199624066,-1.2537192014276108,8,0.9
32.04279510358529,-0.3891395231457401,-1.2576676835505352,8,0.9
32.26567036888546,-0.3900594412312785,-1.261589708170513,8,0.9
32.49009585424984,-0.3909761962795473,-1.2654875281210198,8,0.9
32.716082342311665,-0.3919090869430297,-1.2693685317328147,8,0.9
32.94364069070335,-0.3928327193245432,-1.2732225753019992,8,0.9
33.172781832578096,-0.39375362746325226,-1.2770520085706714,8,0.9
33.40351677713521,-0.39469111064152895,-1.2808644462759802,8,0.9
33.63585661014903,-0.3956325521250684,-1.2846547435199456,8,0.9
33.86981249450153,-0.39656534180430425,-1.2884175983152535,8,0.9
34.10539567071872,-0.39750240040915424,-1.292158145491347,8,0.9
34.34261745751061,-0.3984502656062776,-1.2958790366523094,8,0.9
34.58148925231507,-0.3993899552351621,-1.299572252718492,8,0.9
34.822022531845434,-0.400340772029383,-1.3032458173768446,8,0.9
35.064228852641875,-0.4012964989369935,-1.3068970841741334,8,0.9
35.30811985162668,-0.4022317889425234,-1.3105150486979424,8,0.9
35.55370724666329,-0.4031978371867579,-1.3141217645134062,8,0.9
35.80100283711939,-0.4041565446641542,-1.317700735300416,8,0.9
36.05001850443371,-0.40510171053239613,-1.3212490786380426,8,0.9
36.30076621268694,-0.40606539330291547,-1.3247809565872861,8,0.9
36.55325800917653,-0.407015889839207,-1.3282822407642425,8,0.9
36.80750602499552,-0.40797888267241555,-1.3317644591636504,8,0.9
37.06352247561536,-0.4089418029399373,-1.3352219842950448,8,0.9
37.32131966147283,-0.4099048356916113,-1.3386549130550882,8,0.9
37.58090996856101,-0.4108617954083951,-1.3420603841850811,8,0.9
37.84230586902438,-0.41183836277600144,-1.3454504509120668,8,0.9
38.105519921758045,-0.4128028660208733,-1.3488103626072225,8,0.9
38.37056477301113,-0.41376187425167343,-1.352143183241267,8,0.9
38.63745315699439,-0.41473469777247285,-1.3554582423109125,8,0.9
38.906197896491996,-0.4157024224931671,-1.3587465907505507,8,0.9
39.176811903477656,-0.4166652519465741,-1.3620083687303937,8,0.9
39.449308179734956,-0.41763612977924774,-1.3652500369148737,8,0.9
39.72369981748203,-0.4186025245654459,-1.3684655699468544,8,0.9
40.000000000000604,-0.4195773826812349,-1.3716615688111604,8,0.9
40.27822200226936,-0.4205545471901698,-1.374835171429827,8,0.9
40.55837919160177,-0.4215151330690506,-1.3779769129961505,8,0.9
40.840485028288356,-0.42249119220348025,-1.3811033019139158,8,0.9
41.124553066243294,-0.42345747945660983,-1.3842015980776259,8,0.9
41.410596953655734,-0.42442695020440707,-1.387278681007489,8,0.9
41.6986304336455,-0.4253998295114483,-1.3903349340893632,8,0.9
41.98866734492334,-0.42636361788842436,-1.393363970246345,8,0.9
42.28072162245588,-0.4273312754049551,-1.3963728899108818,8,0.9
42.57480729813507,-0.4283030353466022,-1.3993621344892957,8,0.9
42.8709385014524,-0.4292664099267729,-1.402325205387494,8,0.9
43.16912946017777,-0.43023436417589017,-1.4052694293253052,8,0.9
43.46939450104301,-0.4312071398383853,-1.4081953071098872,8,0.9
43.771748050430276,-0.43215954056210315,-1.4110890917404593,8,0.9
44.07620463506514,-0.43311725932848183,-1.4139653578546911,8,0.9
44.38277888271451,-0.434086905736184,-1.4168282918674218,8,0.9
44.69148552288952,-0.4350496557885541,-1.4196675960399847,8,0.9
45.00233938755311,-0.436005769218917,-1.4224836922432227,8,0.9
45.315355411832684,-0.4369618662308619,-1.4252807375468244,8,0.9
45.63054863473769,-0.43792456786545675,-1.4280630301198867,8,0.9
45.947934199882155,-0.43887507051224006,-1.4308198984712552,8,0.9
46.26752735621227,-0.4398263593955323,-1.4335593664263284,8,0.9
46.58934345873901,-0.44077870791609164,-1.4362820445233466,8,0.9
46.913397969275934,-0.4417260378662976,-1.4389846912959243,8,0.9
47.23970645718201,-0.44268133905788387,-1.4416756711212706,8,0.9
47.56828460010965,-0.4436258317632205,-1.4443439425896132,8,0.9
47.89914818475796,-0.44455980537552364,-1.4469900044403767,8,0.9
48.232313107631235,-0.4455026104653432,-1.4496263770344857,8,0.9
48.5677953758027,-0.446448186122707,-1.4522498563132071,8,0.9
48.90561110768358,-0.44737142209062264,-1.4548449268930053,8,0.9
49.2457765337975,-0.44831073058459014,-1.4574365662123188,8,0.9
49.58830799756032,-0.44924735969678325,-1.460013366117622,8,0.9
49.933221956065346,-0.4501752672571139,-1.462571872598954,8,0.9
50.280534980874016,-0.4510884165723279,-1.465108515134108,8,0.9
50.630263758812085,-0.452012521674546,-1.4676407861638927,8,0.9
50.982425092771386,-0.4529352007856999,-1.4701611228901246,8,0.9
51.33703590251707,-0.45385677579969663,-1.4726703185407888,8,0.9
51.69411322550061,-0.45476487708985014,-1.4751605045849547,8,0.9
52.05367421767828,-0.455672530833658,-1.4776410552662087,8,0.9
52.41573615433548,-0.4565800697764935,-1.4801128232600484,8,0.9
52.78031643091672,-0.4574878303518124,-1.4825766817598036,8,0.9
53.14743256386143,-0.4583834614716572,-1.48502455621416,8,0.9
53.517102191445446,-0.4592800002005276,-1.4874661836839407,8,0.9
53.8893430746286,-0.46017779423151994,-1.4899024979151192,8,0.9
54.264173097907864,-0.4610581624400501,-1.492320670436777,8,0.9
54.64161027017682,-0.46194683939163095,-1.4947398680944597,8,0.9
55.02167272559077,-0.4628378396667742,-1.4971565286983168,8,0.9
55.40437872443802,-0.46370615509688107,-1.4995528405878995,8,0.9
55.78974665401725,-0.4645775278237316,-1.501948364864803,8,0.9
56.17779502952094,-0.46544598703561046,-1.5043393739853854,8,0.9
56.56854249492486,-0.4663182507545063,-1.5067316517085372,8,0.9
56.962007823883944,-0.4671756749858866,-1.5091117131193388,8,0.9
57.358209920634174,-0.4680313282804197,-1.5114901261890048,8,0.9
57.75716782090094,-0.46888559940694735,-1.5138679121462888,8,0.9
58.158900692813525,-0.4697452211025119,-1.5162510922875958,8,0.9
58.56342783782614,-0.47059157108162175,-1.5186257898564415,8,0.9
58.97076869164518,-0.4714123752295014,-1.520982726145906,8,0.9
59.38094282516311,-0.47225875267342926,-1.5233633223338405,8,0.9
59.79396994539869,-0.47308040306400617,-1.5257280563490139,8,0.9
60.209869896443855,-0.4739157721574917,-1.5281086762252925,8,0.9
60.628662660417106,-0.47473992665798,-1.530485695911756,8,0.9
61.05036835842356,-0.4755469549504993,-1.5328547840747313,8,0.9
61.4750072515217,-0.4763753077433599,-1.5352486186730656,8,0.9
61.90259974169682,-0.4771873960994608,-1.5376367010029912,8,0.9
62.33316637284123,-0.47797098813006755,-1.5400091088544978,8,0.9
62.766727831741306,-0.47877721453142685,-1.542409960219284,8,0.9
63.20330494907143,-0.4795685066964611,-1.5448080518610248,8,0.9
63.642918700394766,-0.4803706573442892,-1.5472263988651818,8,0.9
64.08559020717105,-0.48113977913063066,-1.5496274916795847,8,0.9
64.5313407377714,-0.48193334496466594,-1.5520623988161137,8,0.9
64.98019170850016,-0.48269481208176124,-1.5544819865241495,8,0.9
65.43216468462381,-0.4834626563281827,-1.5569210571280283,8,0.9
65.8872813814072,-0.4842373516102771,-1.559381030159068,8,0.9
66.34556366515669,-0.4849940454366928,-1.561840179884691,8,0.9
66.80703355427093,-0.4857395577254378,-1.5643052622525495,8,0.9
67.27171322029855,-0.4864870441669639,-1.5667891194103478,8,0.9
67.73962498900357,-0.487230667224701,-1.5692871920485705,8,0.9
68.21079134143795,-0.4879709271126512,-1.5718007346470673,8,0.9
68.68523491502174,-0.488708329013519,-1.5743310234157697,8,0.9
69.16297850463066,-0.4894307210488133,-1.5768672117865448,8,0.9
69.6440450636914,-0.4901576123721619,-1.5794286941338176,8,0.9
70.12845770528428,-0.4908642004738998,-1.5819922826571726,8,0.9
70.61623970325388,-0.4915826642416392,-1.5845899906743464,8,0.9
71.10741449332713,-0.4922882127036484,-1.5871984339482614,8,0.9
71.60200567423932,-0.4929750532923657,-1.5898124139837138,8,0.9
72.10003700886796,-0.49368170591653826,-1.5924711050009182,8,0.9
72.60153242537443,-0.49436440971231743,-1.595131510791142,8,0.9
73.10651601835362,-0.4950490348100844,-1.5978203695113724,8,0.9
73.61501204999159,-0.4957234801380127,-1.600526155086373,8,0.9
74.12704495123128,-0.4964009659808405,-1.6032632234294404,8,0.9
74.64263932294622,-0.4970504176163524,-1.6060000425215823,8,0.9
75.16181993712259,-0.4977167077790246,-1.6087840994125044,8,0.9
75.68461173804933,-0.4983751011863466,-1.6115904248505502,8,0.9
76.21103984351666,-0.4990198544447092,-1.6144135632760783,8,0.9
76.74112954602285,-0.49965788545583456,-1.6172615232885095,8,0.9
77.27490631398935,-0.5002961167775595,-1.6201425474789672,8,0.9
77.81239579298456,-0.5009414756978933,-1.62306511646354,8,0.9
78.3536238069559,-0.5015629317025085,-1.62599603832088,8,0.9
78.8986163594705,-0.502186405442928,-1.6289644277379118,8,0.9
79.44739963496465,-0.5028061865444454,-1.6319648185951354,8,0.9
80.00000000000179,-0.5034102440516329,-1.6349844047718676,8,0.9
80.55644400453932,-0.5040181862328768,-1.6380459876940552,8,0.9
81.11675838320417,-0.5046053404134877,-1.6411222384159387,8,0.9
81.68097005657731,-0.5051976517347658,-1.6442434912618495,8,0.9
82.24910613248719,-0.5057831118683065,-1.647396769432848,8,0.9
82.8211939073121,-0.5063686971671592,-1.650590961266325,8,0.9
83.39726086729164,-0.5069424111293676,-1.6538127519481862,8,0.9
83.97733468984731,-0.5075112412539844,-1.6570710285264163,8,0.9
84.56144324491237,-0.5080758543801734,-1.6603673341661616,8,0.9
85.14961459627077,-0.5086369228849827,-1.6637032412309833,8,0.9
85.74187700290544,-0.5091824732785781,-1.667064914135537,8,0.9
86.33825892035618,-0.5097258406489723,-1.670469186788721,8,0.9
86.93878900208668,-0.5102803651695904,-1.6739333954623592,8,0.9
87.54349610086122,-0.510808787710685,-1.6774122080638993,8,0.9
88.15240927013093,-0.5113434363982018,-1.680946417128319,8,0.9
88.7655577654297,-0.5118597146339712,-1.6845058867954663,8,0.9
89.38297104577971,-0.5123773101125452,-1.6881160963297717,8,0.9
90.00467877510688,-0.5128906138505076,-1.691770725902265,8,0.9
90.63071082366605,-0.5134003478521867,-1.695471445949813,8,0.9
91.26109726947607,-0.513894588538104,-1.699203429064442,8,0.9
91.895868399765,-0.5143993707800366,-1.703001349296748,8,0.9
92.53505471242522,-0.5148901307263208,-1.70683378937055,8,0.9
93.17868691747873,-0.5153676118087961,-1.7107021747954982,8,0.9
93.82679593855258,-0.5158515396282436,-1.7146335199266547,8,0.9
94.47941291436473,-0.5163300171904497,-1.7186127257217934,8,0.9
95.13656920022001,-0.5167848266111414,-1.7226155647739945,8,0.9
95.79829636951663,-0.5172483609684071,-1.7266867740956118,8,0.9
96.4646262152632,-0.517702412717388,-1.7308021955426713,8,0.9
97.13559075160614,-0.5181540824843076,-1.734972303253381,8,0.9
97.81122221536789,-0.518597824144948,-1.7391900472866588,8,0.9
98.49155306759573,-0.5190407486168418,-1.7434661080135934,8,0.9
99.17661599512138,-0.519470993283248,-1.7477843293220865,8,0.9
99.86644391213144,-0.5199020052718707,-1.7521645142921565,8,0.9
100.56106996174877,-0.5203345844240143,-1.756608680688588,8,0.9
101.26052751762494,-0.5207442285683392,-1.76108187394276,8,0.9
101.96485018554354,-0.5211633797321373,-1.765631976986972,8,0.9
102.67407180503491,-0.5215548903139273,-1.7702049815880205,8,0.9
103.388226451002,-0.521957539814589,-1.7748587962000466,8,0.9
104.10734843535732,-0.5223531698853585,-1.7795672532283664,8,0.9
104.83147230867174,-0.5227489348031131,-1.7843417993690878,8,0.9
105.56063286183424,-0.5231330106243921,-1.7891651770398649,8,0.9
106.29486512772365,-0.5235062320229478,-1.794039093742079,8,0.9
107.03420438289172,-0.5238947506503132,-1.7990045862692887,8,0.9
107.778686149258,-0.5242614413962635,-1.804004945835048,8,0.9
108.52834619581655,-0.5246198070355089,-1.8090615020339893,8,0.9
109.28322054035448,-0.5249833560540224,-1.8141962142099364,8,0.9
110.04334545118235,-0.5253149691538949,-1.819350732584653,8,0.9
110.80875744887686,-0.5256724663641773,-1.824617859130793,8,0.9
111.57949330803534,-0.5260187347652144,-1.8299391090653843,8,0.9
112.35559005904271,-0.5263483083895567,-1.8353059563556244,8,0.9
113.13708498985058,-0.5266810446651692,-1.8407513013170875,8,0.9
113.92401564776874,-0.5270114851452274,-1.8462670108651442,8,0.9
114.71641984126921,-0.5273341731705923,-1.851844690074802,8,0.9
115.51433564180275,-0.5276436536302544,-1.8574756776988177,8,0.9
116.31780138562794,-0.5279534677203448,-1.8631832478061798,8,0.9
117.12685567565316,-0.5282708299387409,-1.8689805373718973,8,0.9
117.94153738329126,-0.5285586319558637,-1.8748047888481356,8,0.9
118.76188565032712,-0.5288557519894209,-1.8807230695123336,8,0.9
119.58793989079828,-0.5291504141265326,-1.8867159753097227,8,0.9
120.41973979288862,-0.5294245077160716,-1.8927523659332806,8,0.9
121.25732532083512,-0.5297042567660386,-1.8988787049532472,8,0.9
122.10073671684803,-0.5299905558168407,-1.9050976071372563,8,0.9
122.95001450304433,-0.530258961488783,-1.9113661960275292,8,0.9
123.80519948339456,-0.5305230362588115,-1.9177091274471112,8,0.9
124.66633274568338,-0.5307836755803178,-1.924128664597638,8,0.9
125.53345566348355,-0.5310417756498573,-1.9306271188795099,8,0.9
126.40660989814381,-0.5312855597898307,-1.9371834008649802,8,0.9
127.28583740079048,-0.5315349337048895,-1.9438348359441089,8,0.9
128.17118041434307,-0.5317591074516672,-1.9505246518959092,8,0.9
129.0626814755438,-0.5320096777419026,-1.9573501878024535,8,0.9
129.9603834170013,-0.5322304985808821,-1.9642063946953843,8,0.9
130.86432936924862,-0.5324604938483404,-1.97116752192447,8,0.9
131.77456276281538,-0.532675200863235,-1.9781874875845251,8,0.9
132.69112733031437,-0.5328945299940978,-1.9853052096891635,8,0.9
133.61406710854286,-0.5331066919021311,-1.992498580096713,8,0.9
134.5434264405981,-0.5333189158218268,-1.9997823790836218,8,0.9
135.47924997800817,-0.5335067202068329,-2.0071087362331004,8,0.9
136.42158268287693,-0.5337153829829345,-2.0145681064518,8,0.9
137.3704698300445,-0.5339013879668404,-2.022074414328775,8,0.9
138.32595700926237,-0.5340719515544406,-2.0296421562363243,8,0.9
139.28809012738384,-0.5342533240262438,-2.0373251928798783,8,0.9
140.25691541056963,-0.5344463808954601,-2.045126620582996,8,0.9
141.23247940650882,-0.5346075705868473,-2.0529573689200675,8,0.9
142.2148289866553,-0.5347758279264009,-2.0608982499260637,8,0.9
143.20401134847972,-0.5349329714607434,-2.0689121181478702,8,0.9
144.200074017737,-0.5351052450965024,-2.077054959766288,8,0.9
145.20306485074994,-0.5352554081246035,-2.0852487463765765,8,0.9
146.2130320367083,-0.5353906456892011,-2.093508761483466,8,0.9
147.2300240999843,-0.5355435429083675,-2.101905753067477,8,0.9
148.25408990246365,-0.5356831795279456,-2.1103739058183217,8,0.9
149.28527864589356,-0.5358230790877808,-2.118943166330015,8,0.9
150.32363987424628,-0.5359386458572047,-2.1275599570498733,8,0.9
151.3692234760998,-0.5360624493821596,-2.1362965770279856,8,0.9
152.42207968703445,-0.5361825844853613,-2.145127541516323,8,0.9
153.48225909204683,-0.5362934868534507,-2.1540409518129353,8,0.9
154.54981262797986,-0.5364022934628111,-2.1630534734716678,8,0.9
155.6247915859703,-0.5365161360272287,-2.17218222043252,8,0.9
156.70724761391295,-0.5366167068038028,-2.1813860299030012,8,0.9
157.79723271894218,-0.5367174743459467,-2.1906964473578543,8,0.9
158.8947992699305,-0.5368001026895418,-2.20007141693437,8,0.9
160.0000000000048,-0.5368907632844454,-2.209572646115558,8,0.9
161.11288800907985,-0.5369710957224622,-2.219157810190461,8,0.9
162.23351676640956,-0.537054533158053,-2.2288594124439425,8,0.9
163.36194011315587,-0.5371163184882087,-2.2386188706580206,8,0.9
164.49821226497562,-0.5371953203791948,-2.2485302697887573,8,0.9
165.6423878146254,-0.5372540214970739,-2.2585037464441027,8,0.9
166.79452173458452,-0.5373058066084311,-2.268572095035256,8,0.9
167.9546693796959,-0.5373576865985199,-2.2787532395205545,8,0.9
169.12288648982604,-0.5374166626128126,-2.289065569831974,8,0.9
170.29922919254284,-0.5374514996166184,-2.2994319193300035,8,0.9
171.4837540058122,-0.5374946462099481,-2.3099340361258007,8,0.9
172.6765178407137,-0.5375275716458086,-2.3205260926023032,8,0.9
173.87757800417467,-0.5375699622840162,-2.3312589900026293,8,0.9
175.08699220172375,-0.5375904959387672,-2.3420532785360053,8,0.9
176.30481854026317,-0.5376088250244012,-2.3529598587109812,8,0.9
177.53111553086072,-0.5376254641719251,-2.363980922801136,8,0.9
178.7659420915608,-0.5376345302358988,-2.3751018327605,8,0.9
180.00935755021513,-0.5376492589327121,-2.3863583054826063,8,0.9
181.26142164733346,-0.5376509660511299,-2.3977016709014287,8,0.9
182.52219453895353,-0.5376400823996659,-2.4091333602497578,8,0.9
183.7917367995314,-0.5376425582409122,-2.420724041042485,8,0.9
185.07010942485184,-0.5376204814044141,-2.4323719515087507,8,0.9
186.35737383495882,-0.5376061504450109,-2.4441655253197365,8,0.9
187.65359187710658,-0.5375871457517973,-2.4560718433091098,8,0.9
188.95882582873088,-0.5375637952319633,-2.468092586739655,8,0.9
190.27313840044144,-0.5375300116196474,-2.4802114612577486,8,0.9
191.59659273903472,-0.537492465503198,-2.4924477673202206,8,0.9
192.92925243052787,-0.5374578094315887,-2.5048212782623493,8,0.9
194.27118150321374,-0.5374006935765006,-2.517260590660404,8,0.9
195.62244443073726,-0.5373533033181875,-2.529858323246681,8,0.9
196.98310613519297,-0.5372966301031847,-2.542560916068533,8,0.9
198.35323199024427,-0.5372372264303865,-2.555388080483583,8,0.9
199.73288782426437,-0.5371688179534052,-2.5683222799437244,8,0.9
201.12213992349908,-0.5371043112997139,-2.5814023637860224,8,0.9
202.5210550352514,-0.5370309720172568,-2.5945916738059,8,0.9
203.9297003710886,-0.5369488404600735,-2.6078909309800222,8,0.9
205.3481436100714,-0.536857927955983,-2.6213007778757538,8,0.9
206.77645290200556,-0.5367710403096654,-2.6348608594509306,8,0.9
208.21469687071618,-0.536668898632585,-2.648513438354357,8,0.9
209.66294461734503,-0.5365642499918918,-2.6622981244597006,8,0.9
211.12126572367004,-0.5364698251931574,-2.676255554927495,8,0.9
212.5897302554489,-0.5363598219375056,-2.6903067759447463,8,0.9
214.06840876578502,-0.5362404823634147,-2.7044716977062793,8,0.9
215.5573722985176,-0.5361244469909936,-2.7187910823589467,8,0.9
217.05669239163473,-0.5359922122251143,-2.733204047563519,8,0.9
218.5664410807106,-0.5358627812409893,-2.7477719512913157,8,0.9
220.08669090236637,-0.5357230002040578,-2.7624536287563908,8,0.9
221.6175148977554,-0.5355789589082389,-2.7772695471645816,8,0.9
223.15898661607235,-0.5354367204536225,-2.792240632206516,8,0.9
224.71118011808713,-0.5352765777620417,-2.8073031587519925,8,0.9
226.27416997970286,-0.5351238278955167,-2.822541457688491,8,0.9
227.8480312955392,-0.5349586849734537,-2.8378910607198735,8,0.9
229.43283968254013,-0.5347870695792185,-2.853372458197951,8,0.9
231.02867128360725,-0.5346148739313252,-2.8690065902980426,8,0.9
232.63560277125762,-0.5344350675989308,-2.8847707614602593,8,0.9
234.25371135130806,-0.5342470222122607,-2.9006636843572102,8,0.9
235.88307476658426,-0.534050070804643,-2.9166838915828315,8,0.9
237.523771300656,-0.5338628701863133,-2.9328972822559303,8,0.9
239.17587978159838,-0.5336588702429051,-2.949212737359028,8,0.9
240.83947958577906,-0.5334437378498047,-2.965650575708762,8,0.9
242.51465064167206,-0.5332360331301498,-2.982277551272309,8,0.9
244.2014734336979,-0.5330090562541769,-2.999000018493734,8,0.9
245.9000290060905,-0.532787760890086,-3.0159081245223063,8,0.9
247.61039896679097,-0.5325582841077585,-3.032953470794656,8,0.9
249.33266549136863,-0.5323196451441272,-3.050133431697235,8,0.9
251.06691132696898,-0.5320772965749151,-3.067468973859942,8,0.9
252.81321979628953,-0.5318172267873641,-3.084909510024389,8,0.9
254.5716748015829,-0.5315707237218517,-3.1025720108506554,8,0.9
256.3423608286881,-0.531304255287156,-3.120333237899353,8,0.9
258.12536295108947,-0.5310295939888411,-3.138237834658123,8,0.9
259.9207668340045,-0.5307584925267718,-3.1563315541458477,8,0.9
261.72865873849923,-0.5304702232540199,-3.174536988343505,8,0.9
263.54912552563275,-0.5301894463353631,-3.192949586257953,8,0.9
265.38225466063074,-0.5299018373851301,-3.2115160741275264,8,0.9
267.2281342170877,-0.5295930043522221,-3.2301814787234457,8,0.9
269.08685288119824,-0.5292875139233089,-3.249042505068853,8,0.9
270.95849995601833,-0.5289643853374222,-3.268018189489515,8,0.9
272.8431653657559,-0.5286546438963947,-3.287232538204285,8,0.9
274.74093966009104,-0.5283241933555243,-3.306551751659764,8,0.9
276.6519140185268,-0.5279844514617784,-3.3260221371558596,8,0.9
278.5761802547697,-0.5276468187493863,-3.3456911475916122,8,0.9
280.51383082114137,-0.5272965814209913,-3.3655007092950195,8,0.9
282.4649588130198,-0.5269385384613485,-3.3854714968319275,8,0.9
284.42965797331277,-0.5265709275813759,-3.405597543150309,8,0.9
286.40802269696155,-0.5262050131688355,-3.4259270150624452,8,0.9
288.40014803547615,-0.5258258900492506,-3.4463995233488127,8,0.9
290.4061297015021,-0.5254512929527213,-3.4670909197564836,8,0.9
292.42606407341884,-0.5250662269499967,-3.4879399072146082,8,0.9
294.4600481999708,-0.5246621742463459,-3.5089112795264557,8,0.9
296.50817980492957,-0.5242502202769129,-3.5300533108472405,8,0.9
298.5705572917893,-0.5238348807559806,-3.5513870552477322,8,0.9
300.64727974849484,-0.5234206448398414,-3.572933980873055,8,0.9
302.73844695220185,-0.5229988441779063,-3.594658336840061,8,0.9
304.84415937407124,-0.5225476127725551,-3.6164651256316986,8,0.9
306.964518184096,-0.5221041598621707,-3.638519539898904,8,0.9
309.09962525596205,-0.5216597052669267,-3.6607852475657534,8,0.9
311.24958317194296,-0.5211922465090284,-3.6831654096870188,8,0.9
313.4144952278283,-0.5207126233361474,-3.7057095248340035,8,0.9
315.59446543788675,-0.5202316696002715,-3.7284683354332127,8,0.9
317.7895985398634,-0.5197536190273717,-3.751463575625526,8,0.9
320.000000000012,-0.5192562833512053,-3.774595463061756,8,0.9
322.22577601816215,-0.5187504052572692,-3.797914728728565,8,0.9
324.4670335328215,-0.5182467255408784,-3.8214733836679806,8,0.9
326.7238802263142,-0.5177162993544551,-3.845137918803208,8,0.9
328.99642452995374,-0.5171830206095728,-3.8690217360557977,8,0.9
331.2847756292533,-0.5166509512352474,-3.8931465686028512,8,0.9
333.5890434691715,-0.5160976215669607,-3.9174073944894627,8,0.9
335.90933875939425,-0.5155402696703016,-3.941888210585763,8,0.9
338.2457729796546,-0.5149696028715943,-3.966546246123858,8,0.9
340.5984583850881,-0.5143962057357141,-3.9914348030931586,8,0.9
342.96750801162693,-0.5138040732579575,-4.016477718806854,8,0.9
345.3530356814299,-0.5132170525058347,-4.041794158211597,8,0.9
347.75515600835195,-0.512605763714301,-4.067241161916747,8,0.9
350.1739844034501,-0.5120006973533666,-4.0929722175956735,8,0.9
352.60963708052907,-0.511379054840568,-4.118875917091661,8,0.9
355.0622310617241,-0.5107446469070211,-4.144973065785569,8,0.9
357.53188418312425,-0.5100812300695916,-4.1711825969294996,8,0.9
360.0187151004329,-0.5094393651080062,-4.197764600368176,8,0.9
362.52284329466966,-0.5087760567380594,-4.224502043239484,8,0.9
365.0443890779098,-0.5080883405787407,-4.251380665517326,8,0.9
367.58347359906554,-0.5074000477676778,-4.278526065375636,8,0.9
370.14021884970646,-0.5067015206327332,-4.305890629977143,8,0.9
372.7147476699204,-0.5060032066127207,-4.333532043267923,8,0.9
375.30718375421594,-0.5052752328119934,-4.361294517646199,8,0.9
377.9176516574646,-0.5045481785627156,-4.38934255198295,8,0.9
380.5462768008857,-0.5037920932878064,-4.417518160658309,8,0.9
383.1931854780723,-0.5030375948029646,-4.445988185387328,8,0.9
385.85850486105863,-0.5022614079801393,-4.4746292878826,8,0.9
388.5423630064304,-0.5014942154270277,-4.503611487495057,8,0.9
391.2448888614774,-0.5007059401170809,-4.532773165100458,8,0.9
393.96621227038884,-0.49990023245582915,-4.562136258762804,8,0.9
396.7064639804915,-0.49908075286551556,-4.591723292757051,8,0.9
399.4657756485318,-0.4982511734286449,-4.621557394128655,8,0.9
402.24427984700117,-0.4974219720299467,-4.651700750657868,8,0.9
405.04211007050577,-0.4965560721193326,-4.681946285915603,8,0.9
407.85940074218024,-0.4956843083731579,-4.712470890945567,8,0.9
410.69628722014585,-0.49481720724974204,-4.743338688756616,8,0.9
413.55290580401413,-0.4939175874918553,-4.774338833905945,8,0.9
416.42939374143555,-0.49300274562480173,-4.805573023353407,8,0.9
419.3258892346932,-0.4920832228812849,-4.837105761881413,8,0.9
422.24253144734325,-0.49114907650744116,-4.868882251262351,8,0.9
425.179460510901,-0.49021088723276623,-4.900968137767655,8,0.9
428.13681753157323,-0.48924498106694075,-4.933226196725696,8,0.9
431.11474459703845,-0.4882688046250082,-4.965762774736375,8,0.9
434.11338478327275,-0.487279260980925,-4.9985626918447545,8,0.9
437.13288216142445,-0.48627324917461995,-5.03161037668121,8,0.9
440.173381804736,-0.4852476648212157,-5.064889867398194,8,0.9
443.23502979551404,-0.4842132122934365,-5.098469638500271,8,0.9
446.31797323214806,-0.4831530065312266,-5.132249320704985,8,0.9
449.4223602361776,-0.48209163284971435,-5.166383852433326,8,0.9
452.5483399594091,-0.4810191576946854,-5.200816057464499,8,0.9
455.6960625910818,-0.47990478480529464,-5.2353563419551215,8,0.9
458.8656793650838,-0.4787940410252401,-5.270293068505311,8,0.9
462.0573425672179,-0.47766310575440646,-5.305480491610782,8,0.9
465.2712055425187,-0.4765089613973256,-5.340902476652224,8,0.9
468.5074227026196,-0.47534255741241305,-5.376632283852398,8,0.9
471.76614953317204,-0.4741679368418373,-5.412700190984091,8,0.9
475.04754260131557,-0.47295418093185987,-5.448909948405078,8,0.9
478.3517595632003,-0.4717473478004167,-5.485563915926729,8,0.9
481.6789591715617,-0.47051654462724934,-5.52246558159275,8,0.9
485.02930128334776,-0.46925885326308825,-5.559598867179249,8,0.9
488.40294686739946,-0.4679854528268499,-5.597041000690108,8,0.9
491.8000580121847,-0.46670056405026417,-5.634824439582609,8,0.9
495.2207979335857,-0.46538726388009016,-5.672840339569942,8,0.9
498.665330982741,-0.4640639406507418,-5.711215917434265,8,0.9
502.1338226539417,-0.4627136847219362,-5.74984151962754,8,0.9
505.62643959258287,-0.4613550127755882,-5.7888469233298725,8,0.9
509.14334960316967,-0.45996391883009663,-5.828072894890627,8,0.9
512.68472165738,-0.45856614324915723,-5.867699987951425,8,0.9
516.2507259021829,-0.45713767499278857,-5.907567548062243,8,0.9
519.841533668013,-0.45568297031826127,-5.94770998547904,8,0.9
523.4573174770023,-0.4542137125689816,-5.988213125669712,8,0.9
527.0982510512695,-0.4527273536822965,-6.029064329233998,8,0.9
530.7645093212655,-0.4512141766516441,-6.070199895896866,8,0.9
534.4562684341794,-0.44969323401863326,-6.111759660260866,8,0.9
538.1737057624005,-0.44813325760621914,-6.153526178826966,8,0.9
541.9169999120409,-0.4465606054203402,-6.1956921132637115,8,0.9
545.6863307315159,-0.444958424381956,-6.238141622715845,8,0.9
549.4818793201863,-0.4433460480349208,-6.281019533533555,8,0.9
553.3038280370578,-0.44169938373384154,-6.324156351992429,8,0.9
557.1523605095437,-0.44002332502912633,-6.367591986883066,8,0.9
561.027661642287,-0.43833014170313533,-6.411421633046019,8,0.9
564.9299176260438,-0.43661030463754646,-6.455580715479357,8,0.9
568.8593159466297,-0.4348689045146912,-6.500112357378747,8,0.9
572.8160453939274,-0.43310377282527707,-6.54500616788079,8,0.9
576.8002960709567,-0.4313274819172864,-6.590362552382429,8,0.9
580.8122594030085,-0.42948638901016106,-6.635782852475917,8,0.9
584.8521281468421,-0.4276520595377832,-6.681812677102432,8,0.9
588.920096399946,-0.4257930390440957,-6.728221181413695,8,0.9
593.0163596098636,-0.42387764374049675,-6.774771212684043,8,0.9
597.1411145835832,-0.4219706530147117,-6.821965328235935,8,0.9
601.2945594969942,-0.4200107291913171,-6.869338071919344,8,0.9
605.4768939044083,-0.41804810942250203,-6.917284178029947,8,0.9
609.688318748147,-0.41603616987674835,-6.965447843527428,8,0.9
613.9290363681965,-0.4140029706369318,-7.014053806202325,8,0.9
618.1992505119288,-0.4119392540005413,-7.063036257095493,8,0.9
622.4991663438906,-0.4098508053704396,-7.1124475704583645,8,0.9
626.8289904556613,-0.40772838778221265,-7.162221324440462,8,0.9
631.1889308757782,-0.4055702988942101,-7.212350247547537,8,0.9
635.5791970797316,-0.4033976608509331,-7.263010659798289,8,0.9
640.0000000000289,-0.4011861434412483,-7.314014671068647,8,0.9
644.4515520363291,-0.3989341281840169,-7.365355426546067,8,0.9
648.9340670656479,-0.3966629960063286,-7.41721361408006,8,0.9
653.4477604526332,-0.39434832987711227,-7.4693979356452305,8,0.9
657.9928490599125,-0.3920039900513851,-7.522028732813978,8,0.9
662.5695512585116,-0.38963630993392423,-7.57516630561024,8,0.9
667.178086938348,-0.38722851816740445,-7.628680209410016,8,0.9
671.8186775187937,-0.38477922653594426,-7.682566020710464,8,0.9
676.4915459593144,-0.3823182043842889,-7.737080213432148,8,0.9
681.1969167701814,-0.3798053604203933,-7.7918961746668955,8,0.9
685.935016023259,-0.37725497990766904,-7.847140981052048,8,0.9
690.7060713628651,-0.3746658558452032,-7.902812539893652,8,0.9
695.5103120167091,-0.3720368104738109,-7.958909021832584,8,0.9
700.3479688069056,-0.36939827672111175,-8.015698940757387,8,0.9
705.2192741610634,-0.36669398518145535,-8.072710791052227,8,0.9
710.1244621234536,-0.3639861774663595,-8.130487119732845,8,0.9
715.0637683662537,-0.3612104186342364,-8.188482805018817,8,0.9
720.0374302008713,-0.3583974273871683,-8.246970935762425,8,0.9
725.0456865893448,-0.3555462768701035,-8.305952944792827,8,0.9
730.0887781558251,-0.35265607071940663,-8.36543060610515,8,0.9
735.1669471981365,-0.34973401146177996,-8.42547699236084,8,0.9
740.2804376994185,-0.34676315265538926,-8.485953190565407,8,0.9
745.4294953398465,-0.3437507314527405,-8.54693249567075,8,0.9
750.6143675084376,-0.34068782399880765,-8.608345653764294,8,0.9
755.8353033149348,-0.33759813026835106,-8.67041369091887,8,0.9
761.0925536017771,-0.33445648941544714,-8.73292317650139,8,0.9
766.3863709561504,-0.33127859638938856,-8.79602500952206,8,0.9
771.717009722123,-0.32803909892905,-8.859501887522935,8,0.9
777.0847260128666,-0.32477035731646275,-8.923656214790542,8,0.9
782.4897777229608,-0.3214553121089769,-8.98834557117542,8,0.9
787.9324245407837,-0.31809339774546974,-9.053576034413847,8,0.9
793.412927960989,-0.3146924586171384,-9.119430830011265,8,0.9
798.9315512970695,-0.3112268472432784,-9.185686796303546,8,0.9
804.4885596940084,-0.30771278497272947,-9.2525036721716,8,0.9
810.0842201410177,-0.30414982306617006,-9.319889328714016,8,0.9
815.7188014843666,-0.3005460496724879,-9.38793102966884,8,0.9
821.392574440298,-0.29688409344179245,-9.456480319051435,8,0.9
827.1058116080346,-0.2931720692337032,-9.525624869301007,8,0.9
832.8587874828772,-0.2894182545638445,-9.59545511064493,8,0.9
838.6517784693928,-0.28561381010459697,-9.665901882755907,8,0.9
844.4850628946929,-0.2817324342822423,-9.73673068552758,8,0.9
850.3589210218082,-0.2778171329082297,-9.80835943498968,8,0.9
856.2736350631529,-0.27383291196307635,-9.880471703201083,8,0.9
862.2294891940834,-0.2697969426875696,-9.953243434714798,8,0.9
868.226769566552,-0.2657267184767157,-10.026855847361954,8,0.9
874.2657643228554,-0.26156031511881944,-10.100732825767931,8,0.9
880.3467636094787,-0.2573682649458124,-10.175562159251305,8,0.9
886.4700595910348,-0.2530972203952589,-10.250848153381579,8,0.9
892.635946464303,-0.2487827089315071,-10.32694677943153,8,0.9
898.844720472362,-0.2444068103213448,-10.403701249773292,8,0.9
905.096679918825,-0.2399603721033744,-10.481038226806843,8,0.9
911.3921251821704,-0.2354523069021441,-10.559059335673668,8,0.9
917.7313587301744,-0.2309008651861822,-10.637958379781503,8,0.9
924.1146851344428,-0.2262603622724006,-10.717306802034988,8,0.9
930.5424110850445,-0.22155812205832778,-10.797386771956946,8,0.9
937.0148454052463,-0.21680346821937088,-10.878306732976442,8,0.9
943.5322990663512,-0.21197797518810946,-10.959903356759513,8,0.9
950.0950852026382,-0.20707225184731842,-11.042101036328368,8,0.9
956.7035191264079,-0.20211439639145057,-11.125194075419355,8,0.9
963.3579183431307,-0.19708579979981214,-11.209017097107902,8,0.9
970.0586025667028,-0.19199602785180075,-11.293683014140324,8,0.9
976.8058937348063,-0.18680708885953162,-11.37883305495207,8,0.9
983.6001160243768,-0.18158589437222694,-11.465150772506249,8,0.9
990.4415958671789,-0.17625593997251635,-11.551893894407154,8,0.9
997.3306619654895,-0.1708556198789864,-11.63946358844313,8,0.9
1004.267645307891,-0.16539489328655183,-11.727979437091607,8,0.9
1011.2528791851732,-0.15985452574219958,-11.817269103678353,8,0.9
1018.2866992063468,-0.15423462169543356,-11.907353661508102,8,0.9
1025.3694433147675,-0.14854523335753514,-11.998354742576966,8,0.9
1032.5014518043733,-0.14277671138064696,-12.090196307872173,8,0.9
1039.6830673360337,-0.13690918310589062,-12.182698802803321,8,0.9
1046.9146349540124,-0.1309627050047096,-12.27608578985308,8,0.9
1054.1965021025467,-0.1249578185238473,-12.370587352915337,8,0.9
1061.5290186425389,-0.11885432901597195,-12.465818966131035,8,0.9
1068.9125368683667,-0.11267272503238784,-12.56201067912816,8,0.9
1076.347411524809,-0.10638236518900956,-12.65887402633929,8,0.9
1083.8339998240897,-0.10003501855186292,-12.756958569612847,8,0.9
1091.37266146304,-0.09358965373857263,-12.855870746371872,8,0.9
1098.9637586403808,-0.08706736655153792,-12.955849496022479,8,0.9
1106.607656074124,-0.08042630215771288,-13.05649204499968,8,0.9
1114.3047210190957,-0.07373007605150723,-13.158472745292954,8,0.9
1122.0553232845823,-0.06690461791364682,-13.261059781438325,8,0.9
1129.859835252096,-0.06000341668096561,-13.36482556278114,8,0.9
1137.7186318932681,-0.05300537833481173,-13.469580290468473,8,0.9
1145.6320907878635,-0.04592166400686895,-13.575464747813815,8,0.9
1153.600592141922,-0.038719761386767436,-13.682172243920803,8,0.9
1161.6245188060257,-0.03142167641021802,-13.78995554483362,8,0.9
1169.704256293693,-0.024038884672615505,-13.898960199508158,8,0.9
1177.840192799901,-0.01652708983706401,-14.008759196089997,8,0.9
1186.032719219736,-0.008942499369797845,-14.119958546781422,8,0.9
1194.2822291671753,-0.0012518828591792665,-14.232245710096194,8,0.9
1202.5891189939975,0.006555976748319309,-14.34553461235506,8,0.9
1210.9537878088256,0.014481048808574449,-14.459855287798954,8,0.9
1219.3766374963034,0.022511654594054485,-14.575358119939322,8,0.9
1227.8580727364024,0.030635751376079844,-14.69219774885656,8,0.9
1236.3985010238666,0.03886449769938553,-14.810290546075654,8,0.9
1244.9983326877905,0.047221228339969674,-14.929428096700576,8,0.9
1253.657980911332,0.055706011218379994,-15.049641909434422,8,0.9
1262.377861751566,0.06428272097135318,-15.171336152157739,8,0.9
1271.1583941594727,0.07298699128772139,-15.294177492722246,8,0.9
1280.0000000000673,0.08181879410486226,-15.418199962913246,8,0.9
1288.9031040726677,0.09075340031771009,-15.543691760640964,8,0.9
1297.8681341313059,0.09982743485365167,-15.670311397311094,8,0.9
1306.8955209052763,0.10900346733747482,-15.798478253456265,8,0.9
1315.9856981198345,0.11831861979409525,-15.92784714720083,8,0.9
1325.1391025170333,0.1277347878249001,-16.058844825168975,8,0.9
1334.3561738767062,0.13732810501109974,-16.19072847653371,8,0.9
1343.6373550375972,0.14700895163086625,-16.324452825854564,8,0.9
1352.9830919186386,0.15684126743851542,-16.459401627961185,8,0.9
1362.393833540373,0.16678584603408048,-16.596013849310324,8,0.9
1371.8700320465282,0.1769082534368058,-16.73365985080694,8,0.9
1381.4121427257405,0.1871156980836277,-16.87332491886981,8,0.9
1391.0206240334287,0.1975010808433289,-17.014103296690266,8,0.9
1400.6959376138216,0.20799714944757364,-17.15671974810082,8,0.9
1410.4385483221372,0.21864409978142377,-17.300807150669844,8,0.9
1420.2489242469178,0.22942809944575382,-17.446547801347783,8,0.9
1430.1275367325184,0.24034875525290755,-17.59398793033425,8,0.9
1440.0748604017533,0.25146201857204586,-17.742606357075722,8,0.9
1450.0913731787002,0.26266931262475884,-17.89344112493136,8,0.9
1460.177556311661,0.2740550690683729,-18.045685844323135,8,0.9
1470.3338943962842,0.2855763693665207,-18.199817322674058,8,0.9
1480.560875398848,0.2972910330952697,-18.355302140501212,8,0.9
1490.8589906797042,0.30908183278726475,-18.513358824634565,8,0.9
1501.2287350168863,0.3211251313170311,-18.67227356424018,8,0.9
1511.670606629881,0.33322781166270127,-18.834018378779284,8,0.9
1522.1851072035656,0.34558425180002206,-18.996709016987396,8,0.9
1532.772741912312,0.358058854831219,-19.161741177132964,8,0.9
1543.4340194442575,0.3706810400508473,-19.328871300783955,8,0.9
1554.1694520257447,0.38348133987760386,-19.497848400680684,8,0.9
1564.9795554459333,0.39647564913075095,-19.668568794454814,8,0.9
1575.8648490815792,0.4096165934344661,-19.84154935605452,8,0.9
1586.8258559219898,0.422903177896058,-20.01685027570151,8,0.9
1597.863102594151,0.4363994686812046,-20.193900349890907,8,0.9
1608.9771193880288,0.4500569072982259,-20.37322681367912,8,0.9
1620.1684402820476,0.4638913606264997,-20.55472994390121,8,0.9
1631.4376029687455,0.4779361052198222,-20.738145244794577,8,0.9
1642.7851488806082,0.4920898726621368,-20.924502042644512,8,0.9
1654.2116232160815,0.5065044997312054,-21.11240069711148,8,0.9
1665.7175749657672,0.5210606619281151,-21.303041639655834,8,0.9
1677.303556938798,0.5357740876491267,-21.496329661076526,8,0.9
1688.9701257893985,0.5507143370855991,-21.6916643884747,8,0.9
1700.7178420436294,0.5658105141114962,-21.889776198196405,8,0.9
1712.5472701263188,0.5811516692354203,-22.089888566679715,8,0.9
1724.4589783881795,0.5966290665107117,-22.293082299877657,8,0.9
1736.453539133117,0.6123514954913543,-22.498403548419958,8,0.9
1748.531528645724,0.6282450588533528,-22.706603826988157,8,0.9
1760.6935272189705,0.6443272257320085,-22.917583088420834,8,0.9
1772.940119182083,0.6606161937734889,-23.131238081661703,8,0.9
1785.2718929286193,0.6771115004640889,-23.347639171166747,8,0.9
1797.6894409447373,0.6937929095246038,-23.56703636804088,8,0.9
1810.1933598376636,0.7106391185171379,-23.78968616258105,8,0.9
1822.7842503643546,0.7277484716030371,-24.014768755778313,8,0.9
1835.4627174603627,0.745081389479245,-24.24271353454296,8,0.9
1848.2293702688994,0.7625549930833322,-24.474327162519145,8,0.9
1861.0848221701028,0.7802492075535297,-24.708964515484215,8,0.9
1874.0296908105065,0.7981844389287163,-24.946518762558277,8,0.9
1887.0645981327166,0.8163392023268489,-25.18725314076005,8,0.9
1900.190170405291,0.8346474686190366,-25.431813285833947,8,0.9
1913.4070382528298,0.8531933415979497,-25.679538067754024,8,0.9
1926.715836686276,0.8719762392273077,-25.930509710768778,8,0.9
1940.1172051334202,0.8909278873652233,-26.18538693010611,8,0.9
1953.611787469627,0.9100903517673389,-26.443881409321,8,0.9
1967.2002320487684,0.9295540024283926,-26.70530898908301,8,0.9
1980.8831917343723,0.9491563800825251,-26.971115231482568,8,0.9
1994.661323930994,0.9689634043875356,-27.240817727501145,8,0.9
2008.535290615797,0.988996362601407,-27.51431674114619,8,0.9
2022.5057583703617,1.0092775661249904,-27.791509751682955,8,0.9
2036.573398412709,1.0297316468590123,-28.073091972630813,8,0.9
2050.7388866295505,1.0504291259642047,-28.358567435363263,8,0.9
2065.0029036087626,1.071317444924316,-28.648440507717396,8,0.9
2079.366134672083,1.0924695921234029,-28.942208758075306,8,0.9
2093.8292699080407,1.1137277851423428,-29.241202074997393,8,0.9
2108.3930042051093,1.1352954650749463,-29.543895497086005,8,0.9
2123.0580372850936,1.157038844374144,-29.85142340601031,8,0.9
2137.82507373675,1.1789795345238232,-30.16369530247652,8,0.9
2152.6948230496346,1.2011126816454283,-30.480827991690752,8,0.9
2167.6679996481957,1.2234330254150685,-30.802940662395493,8,0.9
2182.7453229260964,1.2459916644305444,-31.12973107595681,8,0.9
2197.927517280778,1.268756134498752,-31.46152954220873,8,0.9
2213.2153121482643,1.2916334464716759,-31.799101655560335,8,0.9
2228.6094420382083,1.3147919443582743,-32.1412915772736,8,0.9
2244.1106465691814,1.3381389866265065,-32.48886664220347,8,0.9
2259.7196705042093,1.3616373055425228,-32.842174972553636,8,0.9
2275.4372637865536,1.3852472733284324,-33.20157133345706,8,0.9
2291.2641815757443,1.4091471312245683,-33.56588132839609,8,0.9
2307.2011842838615,1.4331743667897636,-33.93633309855346,8,0.9
2323.2490376120686,1.4573510008140045,-34.312849161443054,8,0.9
2339.4085125874035,1.4817003406198173,-34.695350654470445,8,0.9
2355.6803855998196,1.506146698215274,-35.08442693305276,8,0.9
2372.0654384394898,1.5307114939385684,-35.48000490179888,8,0.9
2388.5644583343683,1.5554864443329206,-35.881560735403426,8,0.9
2405.178237988013,1.5803937753833284,-36.289691355089126,8,0.9
2421.9075756176694,1.605315100833427,-36.7052289127772,8,0.9
2438.753274992625,1.6304498217677281,-37.12697312918675,8,0.9
2455.716145472823,1.655642855380922,-37.55598633255931,8,0.9
2472.797002047752,1.680915618659854,-37.9922021966284,8,0.9
2489.9966653755996,1.7062530269552534,-38.43578285384434,8,0.9
2507.3159618226828,1.7316390357317988,-38.88689245163131,8,0.9
2524.755723503151,1.7570957145893424,-39.3454671993827,8,0.9
2542.3167883189644,1.782487609693869,-39.812364312707345,8,0.9
2560.0000000001537,1.8080340463560542,-40.28637205592231,8,0.9
2577.806208145355,1.8335583181248463,-40.76858098042404,8,0.9
2595.736268262631,1.858955587969209,-41.259625535440875,8,0.9
2613.7910418105726,1.884326277107472,-41.75898655801917,8,0.9
2631.971396239689,1.9096484205872521,-42.26683762808061,8,0.9
2650.2782050340866,1.9350300972032894,-42.782659989076095,8,0.9
2668.7123477534324,1.9601862568132575,-43.30801556587364,8,0.9
2687.274710075215,1.9852201807701564,-43.84238638041986,8,0.9
2705.9661838372976,2.010104511806188,-44.385947805824394,8,0.9
2724.7876670807664,2.034810415537465,-44.93887483214631,8,0.9
2743.740064093077,2.05930752908913,-45.50134167174883,8,0.9
2762.824285451502,2.083563910348566,-46.07352133004819,8,0.9
2782.0412480668783,2.107594994324126,-46.65535712828262,8,0.9
2801.391875227664,2.131318113176319,-47.24724800421238,8,0.9
2820.8770966442953,2.1547975345764763,-47.848908538464286,8,0.9
2840.4978484938565,2.1777423427475946,-48.46163402969455,8,0.9
2860.2550734650586,2.2003658711755456,-49.08445493340566,8,0.9
2880.1497208035285,2.2225776468664833,-49.71775673345532,8,0.9
2900.1827463574223,2.244282050005629,-50.361915105592786,8,0.9
2920.355112623344,2.2654877344978144,-51.01685580292545,8,0.9
2940.6677887925907,2.286149217706643,-51.6827224374674,8,0.9
2961.121750797718,2.306162596171613,-52.359867009167885,8,0.9
2981.717981359431,2.3254759069389768,-53.04841235730326,8,0.9
3002.4574700337953,2.344093457818999,-53.74826157343441,8,0.9
3023.3412132597846,2.3621394014989896,-54.45890229531731,8,0.9
3044.3702144071544,2.3791462943872217,-55.18189502048246,8,0.9
3065.545483824648,2.395533702817078,-55.91567933997475,8,0.9
3086.868038888538,2.4108205438835486,-56.66176160609884,8,0.9
3108.338904051513,2.425188689207016,-57.41939549148921,8,0.9
3129.9591108918903,2.438450821205194,-58.18902489821073,8,0.9
3151.7296981631816,2.4507977399034515,-58.969921326902565,8,0.9
3173.651711844004,2.461778815673942,-59.763241925295176,8,0.9
3195.726205188326,2.4716496052891115,-60.568051934262485,8,0.9
3217.954238776082,2.4802788539439566,-61.3845343046089,8,0.9
3240.3368805641194,2.487394239635236,-62.213176414791704,8,0.9
3262.8752059375156,2.4931251955403995,-63.05339410857822,8,0.9
3285.570297761241,2.497540645450246,-63.904800984579445,8,0.9
3308.4232464321876,2.5002915988265775,-64.76796035572126,8,0.9
3331.435149931559,2.501443404035361,-65.64243069769185,8,0.9
3354.607113877621,2.500850685667136,-66.52822034351234,8,0.9
3377.9402515788224,2.4984374768349995,-67.42515140305017,8,0.9
3401.4356840872842,2.4941276953631313,-68.33301906822246,8,0.9
3425.094540252663,2.4880690557960645,-69.25121990950817,8,0.9
3448.9179567763854,2.4799667114599306,-70.17990577957083,8,0.9
3472.9070782662598,2.469821562467357,-71.11867987914819,8,0.9
3497.0630572914743,2.4575615137332294,-72.06724811465736,8,0.9
3521.387054437968,2.443038293023028,-73.02538320808043,8,0.9
3545.880238364193,2.426336255828458,-73.9925381260676,8,0.9
3570.543785857265,2.4073893268614,-74.96835853931704,8,0.9
3595.378881889502,2.3858173201597612,-75.95274648585378,8,0.9
3620.3867196753545,2.3620289984998113,-76.94482089578443,8,0.9
3645.5685007287366,2.335488270779844,-77.94452129985126,8,0.9
3670.9254349207527,2.30661542278944,-78.9510150650757,8,0.9
3696.458740537827,2.274955921985117,-79.96405273624838,8,0.9
3722.1696443402334,2.2407807374325333,-80.98293954533169,8,0.9
3748.0593816210417,2.2038819153580023,-82.00721137506932,8,0.9
3774.129196265462,2.1642162943157097,-83.03629358387603,8,0.9
3800.3803408106105,2.121908448847342,-84.06959380035184,8,0.9
3826.8140765056887,2.0765977825494844,-85.10651867711248,8,0.9
3853.43167337258,2.028581708881871,-86.14646430444637,8,0.9
3880.2344102668694,1.9775085068229465,-87.18873502463215,8,0.9
3907.223574939284,1.923686320969793,-88.23277951627016,8,0.9
3934.400464097566,1.8670190206516337,-89.27795162097792,8,0.9
3961.7663834687746,1.8074157808353957,-90.32356185494149,8,0.9
3989.322647862018,1.7448730894034314,-91.3689465989579,8,0.9
4017.070581231624,1.6795552552568507,-92.4135938722696,8,0.9
4045.011516740754,1.6113061149488215,-93.45672717334152,8,0.9
4073.1467968254487,1.540138141599485,-94.49768906588791,8,0.9
4101.477773259132,1.466149275801514,-95.5359328604615,8,0.9
4130.005807217556,1.3892814787648518,-96.57073231722549,8,0.9
4158.732269344197,1.309879529145549,-97.60194372672608,8,0.9
4187.658539816113,1.2274190368742723,-98.62814621100841,8,0.9
4216.78600841025,1.1424107912765589,-99.64949364629328,8,0.9
4246.116074570219,1.054581102620762,-100.6648927377023,8,0.9
4275.650147473531,0.9642080987528724,-101.67422119839682,8,0.9
4305.389646099301,0.871337352350146,-102.6769859379062,8,0.9
4335.335999296423,0.7758669064529539,-103.67237336259899,8,0.9
4365.4906458522255,0.6777785647541884,-104.65970970691377,8,0.9
4395.8550345615895,0.5773557153472071,-105.63905813946725,8,0.9
4426.430624296562,0.47472877866828656,-106.61020892361175,8,0.9
4457.21888407645,0.369594108994857,-107.57181027598332,8,0.9
4488.2212931383965,0.26245114937033326,-108.52466201178534,8,0.9
4519.439341008452,0.15321703468752484,-109.46805188222066,8,0.9
4550.874527573141,0.04167852621220686,-110.40080680024792,8,0.9
4582.528363151522,-0.0718136661184964,-111.3234725313664,8,0.9
4614.402368567757,-0.18732807616040012,-112.23534120832824,8,0.9
4646.498075224173,-0.30445915290660996,-113.13732406783036,8,0.9
4678.817025174842,-0.42367279458291174,-114.02735535213165,8,0.9
4711.360771199674,-0.5444348177933068,-114.90688853523548,8,0.9
4744.130876879015,-0.6668109969248994,-115.77530159517106,8,0.9
4777.128916668773,-0.7909219929069209,-116.6317067707143,8,0.9
4810.356475976061,-0.9166307086301718,-117.47621385767113,8,0.9
4843.815151235375,-1.0436232402646706,-118.30975011957293,8,0.9
4877.506549985286,-1.1720192428608158,-119.1314809447833,8,0.9
4911.432290945683,-1.3017517456789678,-119.94134735722159,8,0.9
4945.594004095541,-1.4327549063249203,-120.73930971429293,8,0.9
4979.9933307512365,-1.5650205707728493,-121.52507526865271,8,0.9
5014.631923645403,-1.6982607624570512,-122.29972833830358,8,0.9
5049.511447006339,-1.832586023326753,-123.06247373877495,8,0.9
5084.633576637967,-1.967989491830162,-123.81305966124714,8,0.9
5120.000000000346,-2.1041997433077233,-124.55264179302002,8,0.9
5155.612416290749,-2.241425869192732,-125.2798810179336,8,0.9
5191.4725365253,-2.3794046732806233,-125.99596698822941,8,0.9
5227.582083621183,-2.5180882818884047,-126.70098561597065,8,0.9
5263.942792479418,-2.657673324160953,-127.39360280615342,8,0.9
5300.556410068212,-2.7978152570432897,-128.07562617617606,8,0.9
5337.424695506905,-2.938614158544861,-128.74630724895493,8,0.9
5374.54942015047,-3.0799774896592464,-129.4060474533039,8,0.9
5411.932367674636,-3.2218629675073056,-130.05496892093018,8,0.9
5449.575334161574,-3.364273980986694,-130.69291048200148,8,0.9
5487.480128186196,-3.5071257935828237,-131.32029356364163,8,0.9
5525.648570903045,-3.650423358386754,-131.93696651479266,8,0.9
5564.082496133798,-3.7940869739833842,-132.5433602596171,8,0.9
5602.78375045537,-3.9381231008193707,-133.13933073440748,8,0.9
5641.754193288633,-4.082417111994287,-133.72560457069756,8,0.9
5680.995696987757,-4.2269793039343435,-134.3020426052321,8,0.9
5720.51014693016,-4.371818176306256,-134.86850860201855,8,0.9
5760.2994416071,-4.516903122900048,-135.42515755070752,8,0.9
5800.365492714889,-4.662095023724731,-135.97300738405315,8,0.9
5840.710225246731,-4.807516471005243,-136.51106381971226,8,0.9
5881.335577585225,-4.9530683986946995,-137.04005827090168,8,0.9
5922.243501595481,-5.098727801780612,-137.56014668247184,8,0.9
5963.435962718906,-5.24447286542186,-138.07148473305023,8,0.9
6004.914940067636,-5.390249848365953,-138.57451055302425,8,0.9
6046.682426519615,-5.536106007844967,-139.0688115927342,8,0.9
6088.740428814354,-5.681925601736454,-139.5553869725505,8,0.9
6131.090967649341,-5.827912682584286,-140.03242416604235,8,0.9
6173.736077777122,-5.973736566885809,-140.50287701381572,8,0.9
6216.6778081030725,-6.119629838134224,-140.96465862903776,8,0.9
6259.918221783827,-6.265484593190526,-141.4187562712024,8,0.9
6303.4593963264115,-6.411229785860197,-141.86586573071276,8,0.9
6347.303423688055,-6.556940149228808,-142.3053033930418,8,0.9
6391.4524103767,-6.702601755525906,-142.73721584870094,8,0.9
6435.9084775522115,-6.848147627236198,-143.1622889981184,8,0.9
6480.673761128287,-6.9935687174266885,-143.58065708320913,8,0.9
6525.750411875079,-7.138882457370119,-143.99218443572437,8,0.9
6571.140595522531,-7.284104782896801,-144.3967390650167,8,0.9
6616.846492864425,-7.429200549983419,-144.79472209689732,8,0.9
6662.870299863169,-7.574161604187381,-145.1862633212417,8,0.9
6709.214227755292,-7.718956505069911,-145.57175178934526,8,0.9
6755.880503157695,-7.863603005022702,-145.95104809800924,8,0.9
6802.871368174619,-8.008140355971005,-146.32375847339685,8,0.9
6850.189080505378,-8.152447465182505,-146.6912969403333,8,0.9
6897.835913552822,-8.296610822349269,-147.05274686436516,8,0.9
6945.814156532571,-8.44058075977156,-147.4087362065951,8,0.9
6994.126114583001,-8.58437494235784,-147.75912200934917,8,0.9
7042.774108875988,-8.72798897574201,-148.10401581495566,8,0.9
7091.760476728439,-8.871459500950456,-148.44302973040595,8,0.9
7141.087571714584,-9.014700744771748,-148.7772685421166,8,0.9
7190.757763779057,-9.157731312825486,-149.1065819410745,8,0.9
7240.773439350762,-9.30054934306521,-149.43106766983263,8,0.9
7291.137001457528,-9.443228392311315,-149.74985339948608,8,0.9
7341.850869841561,-9.585670588066229,-150.0642540959131,8,0.9
7392.917481075709,-9.72785787428764,-150.37459480471864,8,0.9
7444.339288680522,-9.869897823101194,-150.67953290147256,8,0.9
7496.118763242139,-10.011733487358727,-150.97988160410404,8,0.9
7548.258392530979,-10.15334638110045,-151.27596486330052,8,0.9
7600.760681621277,-10.29476971915676,-151.5674019748488,8,0.9
7653.628153011434,-10.43593587540517,-151.85520577536033,8,0.9
7706.863346745218,-10.576895127669175,-152.13875974840536,8,0.9
7760.468820533797,-10.71769416206432,-152.41746530562614,8,0.9
7814.447149878626,-10.85822129808781,-152.69299615864776,8,0.9
7868.800928195191,-10.998540550529665,-152.96451647915387,8,0.9
7923.532766937609,-11.138681534753971,-153.23165922009133,8,0.9
7978.645295724095,-11.27856928727196,-153.4956125589098,8,0.9
8034.141162463309,-11.418278201172283,-153.7553411028564,8,0.9
8090.023033481568,-11.557750431304113,-154.01179619783173,8,0.9
8146.293593650958,-11.697001707389397,-154.26482316567845,8,0.9
8202.955546518326,-11.836033196660846,-154.51448636766762,8,0.9
8260.011614435174,-11.974886146955217,-154.76021094881872,8,0.9
8317.464538688457,-12.113546574062951,-155.00228350172193,8,0.9
8375.317079632288,-12.251950201909498,-155.24182049551362,8,0.9
8433.572016820564,-12.390163732649658,-155.47782702002618,8,0.9
8492.232149140504,-12.528162527215285,-155.71078221609235,8,0.9
8551.300294947127,-12.665948176393215,-155.94074190870515,8,0.9
8610.779292198666,-12.803546199785888,-156.16735413361593,8,0.9
8670.671998592914,-12.940933524350445,-156.39108476035958,8,0.9
8730.981291704516,-13.078123403452249,-156.61178557268502,8,0.9
8791.710069123244,-13.215094366608223,-156.8299093072973,8,0.9
8852.86124859319,-13.351882153679444,-157.04490943977862,8,0.9
8914.437768152968,-13.488465580246693,-157.25723484568994,8,0.9
8976.44258627686,-13.624846516664118,-157.46693286388216,8,0.9
9038.878682016972,-13.761047903605974,-157.67366416232417,8,0.9
9101.74905514635,-13.89704985227908,-157.87786535874847,8,0.9
9165.056726303115,-14.032844149567012,-158.07977047520308,8,0.9
9228.804737135582,-14.168443265572188,-158.27922987319,8,0.9
9292.996150448414,-14.303878564441426,-158.4757246140289,8,0.9
9357.634050349754,-14.439111938000202,-158.6700511646516,8,0.9
9422.721542399418,-14.57416481753797,-158.86187708859583,8,0.9
9488.261753758103,-14.70904800138116,-159.0510630873381,8,0.9
9554.257833337617,-14.843707699473736,-159.23874458640503,8,0.9
9620.712951952195,-14.97821967183246,-159.42350204488517,8,0.9
9687.630302470823,-15.112531096370041,-159.60646090613557,8,0.9
9755.013099970645,-15.246705614176365,-159.78640742038436,8,0.9
9822.864581891441,-15.38066627632563,-159.96498103769767,8,0.9
9891.188008191157,-15.514467139789247,-160.14115189323508,8,0.9
9959.98666150255,-15.648092873341247,-160.31530825177504,8,0.9
10029.26384729088,-15.781537389653801,-160.48765498086388,8,0.9
10099.022894012754,-15.914842883150746,-160.65736651958082,8,0.9
10169.26715327601,-16.047970607671115,-160.82533710451654,8,0.9
10240.000000000768,-16.18092296310027,-160.99159353237013,8,0.9
10311.224832581574,-16.313725001891633,-161.15566128003155,8,0.9
10382.945073050678,-16.446355628046373,-161.31807425427382,8,0.9
10455.164167242447,-16.578831798608753,-161.47852862704113,8,0.9
10527.885584958914,-16.71114790820546,-161.63721941133852,8,0.9
10601.112820136505,-16.843305897531025,-161.79417411867905,8,0.9
10674.849391013888,-16.975314640308383,-161.94925898166753,8,0.9
10749.098840301021,-17.10717570179697,-162.1025040045834,8,0.9
10823.864735349352,-17.238877209148168,-162.25425515281626,8,0.9
10899.15066832323,-17.370441211425394,-162.40406279501215,8,0.9
10974.960256372473,-17.501855930553827,-162.55227057732037,8,0.9
11051.297141806172,-17.633116844514387,-162.6990573957475,8,0.9
11128.16499226768,-17.76423869153018,-162.84413628249087,8,0.9
11205.567500910824,-17.895222991175597,-162.9875339118305,8,0.9
11283.508386577352,-18.026059095744586,-163.1295789672202,8,0.9
11361.991393975597,-18.15676107286801,-163.26998999441227,8,0.9
11441.020293860403,-18.287324529195352,-163.40894117888143,8,0.9
11520.598883214287,-18.41775702400518,-163.5463059668744,8,0.9
11600.730985429864,-18.54805433451334,-163.68225536902554,8,0.9
11681.420450493551,-18.678218201403563,-163.81680984711284,8,0.9
11762.671155170538,-18.808250347304806,-163.94998945659253,8,0.9
11844.48700319105,-18.938163320932833,-164.08152685046255,8,0.9
11926.871925437901,-19.067936945430194,-164.21201746018392,8,0.9
12009.82988013536,-19.197589160096996,-164.34104964548854,8,0.9
12093.36485303932,-19.327126526732997,-164.46850479438373,8,0.9
12177.4808576288,-19.456529857639314,-164.5949643742218,8,0.9
12262.181935298773,-19.58581626933905,-164.72002522722352,8,0.9
12347.472155554336,-19.714982201432928,-164.84384508398804,8,0.9
12433.355616206238,-19.844034082235062,-164.96630486685672,8,0.9
12519.836443567749,-19.97296848311592,-165.0875595345868,8,0.9
12606.918792652916,-20.10179164746439,-165.20749136130433,8,0.9
12694.606847376202,-20.23049565705023,-165.32638574760887,8,0.9
12782.904820753494,-20.359095879416145,-165.44385903135014,8,0.9
12871.816955104521,-20.48757550087993,-165.56045732088504,8,0.9
12961.347522256672,-20.61594523377449,-165.67592954208638,8,0.9
13051.500823750257,-20.744219534466943,-165.78990292468052,8,0.9
13142.28119104516,-20.87238644802521,-165.90278559246968,8,0.9
13233.69298572895,-21.000439021236392,-166.01484652580385,8,0.9
13325.740599726436,-21.128395591204626,-166.12558859084058,8,0.9
13418.428455510686,-21.25624090420374,-166.23553304993777,8,0.9
13511.761006315492,-21.38399673913398,-166.3440652825711,8,0.9
13605.74273634934,-21.511648137266267,-166.45170133427195,8,0.9
13700.378161010858,-21.639200516335592,-166.55832882736968,8,0.9
13795.671827105747,-21.766651392807805,-166.6640823840668,8,0.9
13891.628313065248,-21.89401354013743,-166.76860926332236,8,0.9
13988.252229166108,-22.021280505341416,-166.87216720856262,8,0.9
14085.548217752083,-22.14844993240016,-166.9748874778029,8,0.9
14183.520953456982,-22.275530436504575,-167.0765429067319,8,0.9
14282.175143429275,-22.402523103896254,-167.17714785121757,8,0.9
14381.515527558222,-22.529425532481007,-167.2768329233172,8,0.9
14481.546878701633,-22.656235523443993,-167.37572507119458,8,0.9
14582.274002915165,-22.782964559819238,-167.47348846469524,8,0.9
14683.70173968323,-22.909600242108148,-167.57059491399988,8,0.9
14785.834962151528,-23.03615386440237,-167.66671075957944,8,0.9
14888.678577361155,-23.162629656681087,-167.76173676680534,8,0.9
14992.23752648439,-23.28901579086068,-167.85613411356596,8,0.9
15096.516785062071,-23.415323060380608,-167.94957610604698,8,0.9
15201.521363242668,-23.54154936606544,-168.04218504223846,8,0.9
15307.256306022984,-23.667695813364542,-168.1339707631713,8,0.9
15413.726693490553,-23.793766474816422,-168.224834702804,8,0.9
15520.93764106771,-23.919756418139894,-168.31500365827787,8,0.9
15628.894299757369,-24.04567262511449,-168.40427128157594,8,0.9
15737.6018563905,-24.17151316415938,-168.49275500825397,8,0.9
15847.065533875337,-24.29727907139467,-168.5804638804445,8,0.9
15957.29059144831,-24.422974132038142,-168.66730243870052,8,0.9
16068.282324926739,-24.548593787152736,-168.75348890637432,8,0.9
16180.046066963258,-24.674144517426445,-168.83882393296915,8,0.9
16292.587187302037,-24.7996166235433,-168.92372661728763,8,0.9
16405.911093036775,-24.925027035063497,-169.00759048770843,8,0.9
16520.023228870472,-25.050373791200204,-169.09053102954064,8,0.9
16634.92907737704,-25.175644991243157,-169.1730601247508,8,0.9
16750.634159264704,-25.30085185144064,-169.25478250525967,8,0.9
16867.144033641256,-25.425995177634828,-169.3357081589343,8,0.9
16984.464298281135,-25.55107094383788,-169.4160423815534,8,0.9
17102.600589894384,-25.67608728078538,-169.4954995380762,8,0.9
17221.558584397462,-25.80103315764748,-169.5745729086681,8,0.9
17341.343997185955,-25.925923593483642,-169.65268978657298,8,0.9
17461.962583409164,-26.050752323533768,-169.73014844499468,8,0.9
17583.42013824662,-26.175517960557286,-169.80705022515804,8,0.9
17705.72249718651,-26.30022585085477,-169.88321293699175,8,0.9
17828.875536306066,-26.42487237899615,-169.95883128878214,8,0.9
17952.885172553855,-26.549462735758507,-170.03372560545134,8,0.9
18077.75736403408,-26.673993414028736,-170.10808769130932,8,0.9
18203.498110292836,-26.79847153025206,-170.18164945448214,8,0.9
18330.113452606365,-26.92289359014188,-170.2546018086445,8,0.9
18457.609474271307,-27.0472583515145,-170.32704072182972,8,0.9
18585.99230089697,-27.171570638221908,-170.39879264406298,8,0.9
18715.26810069965,-27.29582524346664,-170.47013062833994,8,0.9
18845.44308479898,-27.420034649434953,-170.54053091998773,8,0.9
18976.523507516347,-27.54418214918241,-170.6107905246419,8,0.9
19108.51566667538,-27.668285730603145,-170.6801281880988,8,0.9
19241.425903904536,-27.792338395356815,-170.7489004394883,8,0.9
19375.260604941792,-27.91633539533713,-170.81736857899085,8,0.9
19510.026199941436,-28.04029019757557,-170.88494076324596,8,0.9
19645.729163783028,-28.164190817722798,-170.95221766601244,8,0.9
19782.376016382463,-28.288046856573416,-171.01878254135184,8,0.9
19919.973323005244,-28.4118553984889,-171.08480996949035,8,0.9
20058.527694581913,-28.53561541159752,-171.15038748536628,8,0.9
20198.045788025658,-28.659330943945825,-171.21535543356433,8,0.9
20338.53430655217,-28.783000920672922,-171.27980179566987,8,0.9
20480.00000000169,-28.90662758659841,-171.34365128776736,8,0.9
20622.4496651633,-29.03020830822583,-171.40707040870956,8,0.9
20765.890146101516,-29.153745336976712,-171.46998315766638,8,0.9
20910.32833448505,-29.27724082248405,-171.53231575665833,8,0.9
21055.771169917985,-29.400692245829486,-171.59423106841308,8,0.9
21202.22564027317,-29.52410326422983,-171.65557702257553,8,0.9
21349.698782027936,-29.64746995261696,-171.71659114925623,8,0.9
21498.197680602203,-29.770800302362495,-171.77689235457936,8,0.9
21647.72947069887,-29.894087500407398,-171.83686991677686,8,0.9
21798.301336646622,-30.017337893708486,-171.89622349439338,8,0.9
21949.920512745113,-30.140549115502523,-171.95511054911378,8,0.9
22102.59428361251,-30.263717580860803,-172.01375851135666,8,0.9
22256.32998453553,-30.38685213736244,-172.0717241272651,8,0.9
22411.135001821818,-30.509947788522226,-172.12930959669825,8,0.9
22567.01677315487,-30.633007745606534,-172.1863720787442,8,0.9
22723.98278795137,-30.756031165343746,-172.2429895766107,8,0.9
22882.04058772098,-30.879017273837285,-172.29923796407382,8,0.9
23041.197766428744,-31.001969146286577,-172.3549773538931,8,0.9
23201.4619708599,-31.12488473348977,-172.41035474685242,8,0.9
23362.840900987278,-31.247768248056435,-172.4651619740434,8,0.9
23525.342310341253,-31.370615232562823,-172.51968484342072,8,0.9
23688.974006382276,-31.493429832648832,-172.57371659179282,8,0.9
23853.743850875984,-31.616210115335235,-172.62740000575363,8,0.9
24019.6597602709,-31.738962369152922,-172.68039618220632,8,0.9
24186.729706078822,-31.86167773095496,-172.73325677645437,8,0.9
24354.96171525778,-31.98436245980515,-172.78564327810028,8,0.9
24524.363870597732,-32.107016945963586,-172.83756077479717,8,0.9
24694.944311108862,-32.22964048383857,-172.8890806207567,8,0.9
24866.711232412665,-32.35223135003067,-172.9403380909118,8,0.9
25039.672887135683,-32.474795359473696,-172.99100689796904,8,0.9
25213.837585306024,-32.59732756504553,-173.0414193611874,8,0.9
25389.213694752598,-32.71983155723709,-173.09138269566435,8,0.9
25565.809641507185,-32.84230871081722,-173.14083762288027,8,0.9
25743.63391020923,-32.96475433247156,-173.19010802420917,8,0.9
25922.695044513537,-33.08717387792508,-173.23887751262785,8,0.9
26103.00164750071,-33.209562786010295,-173.28746537517893,8,0.9
26284.562382090517,-33.33192827460518,-173.3354351756872,8,0.9
26467.385971458098,-33.45426488360454,-173.38316609639256,8,0.9
26651.481199453076,-33.576576791461136,-173.43041315535606,8,0.9
26836.856911021572,-33.69886060908955,-173.4774256766374,8,0.9
27023.522012631187,-33.821117679622745,-173.52414354025896,8,0.9
27211.485472698885,-33.94335017884449,-173.57044823803454,8,0.9
27400.75632202192,-34.0655592938105,-173.61628424201626,8,0.9
27591.3436542117,-34.18774355400559,-173.66177528218603,8,0.9
27783.256626130707,-34.30990158204443,-173.70704162025106,8,0.9
27976.504458332423,-34.432036303567635,-173.75190812008623,8,0.9
28171.096435504372,-34.554147164689155,-173.79643640334186,8,0.9
28367.04190691418,-34.676234466079705,-173.84062867976888,8,0.9
28564.35028685876,-34.79829929890945,-173.88442973783327,8,0.9
28763.031055116662,-34.920340295829156,-173.9279559262529,8,0.9
28963.093757403483,-35.04235849807079,-173.97115076374888,8,0.9
29164.548005830547,-35.16435406673011,-174.01401456330134,8,0.9
29367.403479366687,-35.28632858092919,-174.0564352338728,8,0.9
29571.669924303278,-35.40827881507203,-174.09863284231508,8,0.9
29777.35715472254,-35.53020647173828,-174.14043387388398,8,0.9
29984.475052969006,-35.65210844863298,-174.18193443778122,8,0.9
30193.03357012437,-35.77398253959968,-174.22294314461948,8,0.9
30403.042726485564,-35.89581220837182,-174.26362143193074,8,0.9
30614.512612046197,-36.01754687119048,-174.30380607588407,8,0.9
30827.45338698134,-36.13901521455465,-174.34455968305627,8,0.9
31041.875282135654,-36.26088865576933,-174.38836318095647,8,0.9
31257.788599514974,-36.38301149648615,-174.42806529256967,8,0.9
31475.203712781236,-36.50488524886106,-174.46695956026693,8,0.9
31694.13106775091,-36.62667472544192,-174.50587060034908,8,0.9
31914.581182896858,-36.748426082765214,-174.54462200602282,8,0.9
32136.564649853717,-36.87015286063327,-174.58305822187054,8,0.9
32360.09213392676,-36.99185748589463,-174.62130543474382,8,0.9
32585.17437460432,-37.11354376324253,-174.65919908296388,8,0.9
32811.8221860738,-37.23521023881953,-174.69693313444742,8,0.9
33040.04645774119,-37.356860007787446,-174.73430499744745,8,0.9
33269.85815475433,-37.47849171020224,-174.7714623375955,8,0.9
33501.26831852966,-37.600105739583825,-174.80840395457733,8,0.9
33734.28806728276,-37.72170358384132,-174.8450327978592,8,0.9
33968.928596562524,-37.843283801536835,-174.88149469046337,8,0.9
34205.20117978902,-37.964849493505454,-174.9175508373846,8,0.9
34443.11716879519,-38.08639918377025,-174.95334751705906,8,0.9
34682.68799437217,-38.207932566244,-174.98893323072366,8,0.9
34923.92516681859,-38.329450962930316,-175.0242153988432,8,0.9
35166.8402764935,-38.450954045441414,-175.0592429814109,8,0.9
35411.44499437329,-38.57244046936159,-175.0941555883548,8,0.9
35657.7510726124,-38.69391359028748,-175.12867818288876,8,0.9
35905.77034510798,-38.81537203217731,-175.16295135228395,8,0.9
36155.51472806843,-38.93681599788068,-175.1969767995404,8,0.9
36406.99622058595,-39.058245686026716,-175.23075620039717,8,0.9
36660.22690521301,-39.17966080604728,-175.26433557314968,8,0.9
36915.21894854289,-39.30106252449994,-175.2976274269477,8,0.9
37171.98460179422,-39.42245053466766,-175.3306779687929,8,0.9
37430.53620139958,-39.543825016208515,-175.36348861912543,8,0.9
37690.88616959824,-39.66518660073828,-175.396017521015,8,0.9
37953.04701503298,-39.786533626379686,-175.42843812697316,8,0.9
38217.03133335104,-39.90786942457686,-175.46045076351163,8,0.9
38482.85180780936,-40.02919142351463,-175.49231314257352,8,0.9
38750.521209883875,-40.15050064542712,-175.52393968396788,8,0.9
39020.05239988316,-40.271797601595594,-175.55528815137922,8,0.9
39291.458327566346,-40.39308145801557,-175.58644052514552,8,0.9
39564.752032765224,-40.51435257093037,-175.61735141791388,8,0.9
39839.94664601079,-40.63561107132615,-175.6479735304865,8,0.9
40117.05538916413,-40.75685542440334,-175.6783765743963,8,0.9
40396.09157605162,-40.87808549137947,-175.70837511738839,8,0.9
40677.068613104646,-40.99929417718441,-175.73816220576225,8,0.9
40960.00000000368,-41.12046716437615,-175.76754243218014,8,0.9
41244.899330326916,-41.241538665151644,-175.7960446492928,8,0.9
41531.78029220334,-41.362072717841436,-175.82469606652563,8,0.9
41820.65666897041,-41.483353539809436,-175.86232559054557,8,0.9
42111.54233983629,-41.60511366175473,-175.89018743556093,8,0.9
42404.45128054665,-41.726395144005664,-175.91792952596748,8,0.9
42699.3975640562,-41.84758475648218,-175.9459969917053,8,0.9
42996.39536120473,-41.96874291089814,-175.9740466119852,8,0.9
43295.458941398065,-42.08988272132472,-176.00204560028374,8,0.9
43596.60267329357,-42.211009742666626,-176.02983405725985,8,0.9
43899.84102549055,-42.3321244692178,-176.05753861505548,8,0.9
44205.18856722535,-42.453228853525616,-176.0850355401277,8,0.9
44512.659969071385,-42.57432276389788,-176.11239207451717,8,0.9
44822.27000364397,-42.6954068909768,-176.13956766989259,8,0.9
45134.033546310086,-42.81648181344387,-176.1665244946172,8,0.9
45447.96557590307,-42.93754772669739,-176.19326247719766,8,0.9
45764.081175442305,-43.05860417694809,-176.21985314762367,8,0.9
46082.39553285784,-43.17965133658765,-176.24629601036142,8,0.9
46402.92394172015,-43.3006905691117,-176.27245091467316,8,0.9
46725.681801974904,-43.421720787445025,-176.29845977144825,8,0.9
47050.68462068286,-43.5427421359395,-176.3243227197578,8,0.9
47377.94801276491,-43.663755042398165,-176.35000574440446,8,0.9
47707.487701752325,-43.78476019904943,-176.37544183930777,8,0.9
48039.319520542165,-43.90575657905927,-176.40076867208916,8,0.9
48373.45941215801,-44.02674487669788,-176.4259188476905,8,0.9
48709.923430515926,-44.147726025446936,-176.45079356335077,8,0.9
49048.72774119583,-44.26869848835902,-176.47559461048778,8,0.9
49389.888622218095,-44.38966373718696,-176.50015680052528,8,0.9
49733.4224648257,-44.51062081110007,-176.52461322050274,8,0.9
50000.0,-44.60390252662982,-176.54333598042126,8,0.9
10.0,-0.30402254652183847,-0.5153137381794897,9,1.0
10.069555500567189,-0.3043034954201669,-0.5182565691792926,9,1.0
10.139594797900294,-0.30457237314471025,-0.5212067607291839,9,1.0
10.210121257071936,-0.3048613928341505,-0.5241676569983268,9,1.0
10.281138266560667,-0.3051448063960472,-0.5271363571121914,9,1.0
10.352649238413779,-0.3054355062396768,-0.5301141364352131,9,1.0
10.424657608411218,-0.30572062607338624,-0.5330994456964512,9,1.0
10.497166836230678,-0.3060130579243926,-0.5360935758307958,9,1.0
10.57018040561381,-0.3063128145662827,-0.5390964042527704,9,1.0
10.643701824533608,-0.30661990896655744,-0.5421078056199599,9,1.0
10.71773462536294,-0.30691503876643556,-0.5451254364857108,9,1.0
10.792282365044281,-0.3072304107452656,-0.5481528355003259,9,1.0
10.867348625260592,-0.3075402848818244,-0.5511869035231308,9,1.0
10.942937012607405,-0.30784467627251216,-0.5542274693139928,9,1.0
11.019051158766118,-0.30817578854763167,-0.5572781654876261,9,1.0
11.095694720678463,-0.30848857194633156,-0.5603335308768042,9,1.0
11.172871380722214,-0.308802355239701,-0.5633956689922279,9,1.0
11.250584846888108,-0.30914290182188864,-0.5664675302761366,9,1.0
11.328838852958,-0.30945873047366756,-0.5695427354460896,9,1.0
11.407637158684253,-0.3097949155941491,-0.5726265788171109,9,1.0
11.486983549970367,-0.3101321623231358,-0.5757165473671204,9,1.0
11.566881839052892,-0.31047048704706515,-0.5788124626451833,9,1.0
11.647335864684578,-0.3108099064112032,-0.5819141430912793,9,1.0
11.728349492318808,-0.31116330855265284,-0.5850230364376576,9,1.0
11.809926614295325,-0.31150496772295483,-0.5881357028289026,9,1.0
11.892071150027233,-0.3118670784705041,-0.5912560580818722,9,1.0
11.97478704618931,-0.31222391677819267,-0.5943806247462756,9,1.0
12.05807827690763,-0.3125755013749931,-0.5975091867611042,9,1.0
12.141948843950495,-0.31295402325585275,-0.6006457672377901,9,1.0
12.226402776920713,-0.313314459004683,-0.6037842568065521,9,1.0
12.31144413344919,-0.3136825652933741,-0.6069278373205702,9,1.0
12.397076999389895,-0.3140519268921962,-0.6100754516369606,9,1.0
12.48330548901615,-0.31443543002472574,-0.6132286389459017,9,1.0
12.570133745218314,-0.31482022666560555,-0.6163854613437362,9,1.0
12.657565939702833,-0.31520633689041816,-0.6195457016743048,9,1.0
12.745606273192656,-0.3155937810910534,-0.6227091398715091,9,1.0
12.834258975629076,-0.3159890122997219,-0.6258764562373295,9,1.0
12.923528306374958,-0.31637918665180587,-0.6290456255909505,9,1.0
13.013418554419374,-0.31678362166181373,-0.6322191506031702,9,1.0
13.10393403858367,-0.3171830428874485,-0.6353940689677042,9,1.0
13.195079107728983,-0.31759033565145756,-0.6385719891947643,9,1.0
13.286858140965156,-0.3179990905656204,-0.6417517572774477,9,1.0
13.379275547861162,-0.3184093303711361,-0.6449331340947536,9,1.0
13.472335768656947,-0.31882750855278036,-0.648116832320337,9,1.0
13.566043274476765,-0.31925364771469905,-0.6513026303605175,9,1.0
13.660402567544,-0.3196749112038149,-0.654488365274837,9,1.0
13.755418181397484,-0.3201106126323275,-0.6576766970304188,9,1.0
13.851094681109295,-0.32054791637568536,-0.6608654505859435,9,1.0
13.947436663504105,-0.32097398955254464,-0.664052386637705,9,1.0
14.044448757380025,-0.32142100240907323,-0.667242206239691,9,1.0
14.142135623731003,-0.3218696930252227,-0.6704316963732013,9,1.0
14.240501955970773,-0.32230723151719276,-0.6736185633709723,9,1.0
14.33955248015833,-0.3227529293894641,-0.676805571532004,9,1.0
14.439291955225018,-0.32321966750751446,-0.6799945474486909,9,1.0
14.539725173203164,-0.3236753350061147,-0.6831800919642282,9,1.0
14.640856959456315,-0.3241392418933819,-0.6863650371216793,9,1.0
14.742692172911074,-0.3246114154638271,-0.6895491385696845,9,1.0
14.845235706290554,-0.32507260502902524,-0.6927289504486311,9,1.0
14.94849248634945,-0.32554854489823654,-0.6959084501201164,9,1.0
15.05246747411074,-0.3260264117265938,-0.6990852470460034,9,1.0
15.15716566510405,-0.3265126607088406,-0.7022601584510665,9,1.0
15.26259208960566,-0.3269816219943996,-0.7054285279081453,9,1.0
15.368751812880195,-0.32748472559997577,-0.7085988807259357,9,1.0
15.475649935423972,-0.32797702874344303,-0.7117632361767045,9,1.0
15.58329159321007,-0.32847783686663246,-0.7149246456117119,9,1.0
15.69168195793509,-0.3289743343775625,-0.7180805803686564,9,1.0
15.800826237267621,-0.32948582466707654,-0.7212341714024734,9,1.0
15.910729675098453,-0.32999307066567535,-0.724381723835556,9,1.0
16.02139755179252,-0.3304961073283478,-0.7275229268574865,9,1.0
16.13283518444261,-0.3310206586084235,-0.7306621680205303,9,1.0
16.245047927124794,-0.3315218039687141,-0.7337909584368932,9,1.0
16.358041171155712,-0.3320573758698694,-0.7369196450998504,9,1.0
16.471820345351553,-0.33257603656437873,-0.7400384591782341,9,1.0
16.586390916288924,-0.33310992935982914,-0.7431530966337409,9,1.0
16.70175838856748,-0.3336462485669129,-0.7462608858565498,9,1.0
16.817928305074386,-0.3341786119152794,-0.7493603101276074,9,1.0
16.93490624725064,-0.3347134783858303,-0.7524522997581855,9,1.0
17.052697835359233,-0.33526372534465676,-0.7555390792850474,9,1.0
17.17130872875518,-0.33581013338603755,-0.758616636601362,9,1.0
17.290744626157405,-0.336352743653725,-0.7616846600291196,9,1.0
17.411011265922586,-0.3369236885900851,-0.7647492614317692,9,1.0
17.53211442632081,-0.33747166287672764,-0.7677999267388198,9,1.0
17.654059925813208,-0.33802879979510914,-0.7708427805952868,9,1.0
17.776853623331515,-0.33860797471703835,-0.7738802116133829,9,1.0
17.900501418559564,-0.33917714424622536,-0.7769054059525639,9,1.0
18.02500925221672,-0.33974277068588454,-0.7799193643053338,9,1.0
18.150383106343334,-0.3403241471466134,-0.782925830496009,9,1.0
18.27662900458813,-0.34090207002507844,-0.7859205211962739,9,1.0
18.403753012497624,-0.3414894163623114,-0.7889058795780776,9,1.0
18.53176123780754,-0.34207340207772446,-0.7918789097718641,9,1.0
18.660659830736275,-0.3426540754637333,-0.7948393162445464,9,1.0
18.790454984280366,-0.3432507271515161,-0.7977910226902077,9,1.0
18.921152934512047,-0.3438505763107895,-0.800731007748966,9,1.0
19.05275996087888,-0.3444536721631147,-0.8036590187206893,9,1.0
19.18528238650542,-0.34505365198800664,-0.8065733652948259,9,1.0
19.31872657849705,-0.34565697993534733,-0.8094752183876971,9,1.0
19.453098948245852,-0.34627011927809126,-0.8123657999464734,9,1.0
19.588405951738682,-0.34687388662479846,-0.8152404765727681,9,1.0
19.72465408986733,-0.34748757046238565,-0.8181034074335515,9,1.0
19.861849908740865,-0.34811763387087225,-0.8209558996777315,9,1.0
20.00000000000015,-0.34873207781197724,-0.8237902315789206,9,1.0
20.13911100113453,-0.3493501906400254,-0.8266106479334931,9,1.0
20.279189595800737,-0.34997843779071897,-0.8294184699516672,9,1.0
20.42024251414402,-0.3506040569647256,-0.8322104189225317,9,1.0
20.56227653312149,-0.3512335156342103,-0.8349878132264771,9,1.0
20.70529847682771,-0.351879688523567,-0.8377536056958537,9,1.0
20.849315216822593,-0.35251059401317997,-0.8404997225276225,9,1.0
20.994333672461515,-0.3531519251417698,-0.8432322702475874,9,1.0
21.14036081122778,-0.3537973348475418,-0.8459494847605457,9,1.0
21.28740364906737,-0.35443407224314555,-0.8486479236255693,9,1.0
21.43546925072604,-0.3550942325430042,-0.8513355544971379,9,1.0
21.584564730088722,-0.3557330367905112,-0.8540007235232779,9,1.0
21.734697250521346,-0.356395390469239,-0.8566548092432515,9,1.0
21.885874025214974,-0.3570493318229424,-0.8592893506160635,9,1.0
22.038102317532406,-0.35770133409918603,-0.8619058156185642,9,1.0
22.191389441357092,-0.3583642735337808,-0.8645074490191973,9,1.0
22.345742761444598,-0.35903181373499815,-0.8670924303448095,9,1.0
22.501169693776383,-0.3596912181111827,-0.8696571462984708,9,1.0
22.657677705916175,-0.36035536444071614,-0.8722049056691059,9,1.0
22.815274317368676,-0.3610307259268903,-0.8747373685798517,9,1.0
22.973967099940907,-0.36169176705557193,-0.8772473259802438,9,1.0
23.13376367810596,-0.36238337295785966,-0.879747162967641,9,1.0
23.29467172936933,-0.363048006224606,-0.8822206159815551,9,1.0
23.456698984637793,-0.3637241501959159,-0.8846783731293897,9,1.0
23.619853228590827,-0.36439908016016603,-0.8871167126020888,9,1.0
23.784142300054643,-0.36509207277551525,-0.8895411149225002,9,1.0
23.949574092378796,-0.3657584113696092,-0.8919384669641093,9,1.0
24.11615655381544,-0.36643657277069364,-0.8943198560026627,9,1.0
24.28389768790117,-0.36713303412554493,-0.8966872028763623,9,1.0
24.452805553841607,-0.3678158865236675,-0.8990309436644002,9,1.0
24.622888266898567,-0.36851080510031614,-0.9013586866201937,9,1.0
24.794153998779972,-0.3691922857063601,-0.9036626364254625,9,1.0
24.966610978032485,-0.3698860021100014,-0.9059505483903961,9,1.0
25.140267490436816,-0.3705664560511033,-0.908214515280155,9,1.0
25.315131879405854,-0.3712721105760609,-0.9104664593177987,9,1.0
25.4912125463855,-0.3719646809794299,-0.9126944099190737,9,1.0
25.668517951258348,-0.3726634440657757,-0.9149043833025642,9,1.0
25.847056612750112,-0.3733493088413759,-0.9170902523744847,9,1.0
26.026837108838944,-0.3740479452604698,-0.9192602306154181,9,1.0
26.20786807716754,-0.3747530521521011,-0.921412347643605,9,1.0
26.390158215458165,-0.3754519388473635,-0.9235424631256113,9,1.0
26.573716281930512,-0.3761510958802913,-0.9256526943000242,9,1.0
26.758551095722524,-0.37685062158189536,-0.9277430920513476,9,1.0
26.944671537314093,-0.3775506155633256,-0.9298137177168777,9,1.0
27.13208654895373,-0.37825756946319367,-0.9318668264502413,9,1.0
27.320805135088207,-0.3789460230138705,-0.9338937495009899,9,1.0
27.510836362795175,-0.3796544228008104,-0.9359077345743395,9,1.0
27.7021893622188,-0.380357312118204,-0.9379000979774953,9,1.0
27.89487332700842,-0.381061187477587,-0.93987315637605,9,1.0
28.088897514760255,-0.3817533795478891,-0.9418224836223527,9,1.0
28.284271247462218,-0.3824659400863364,-0.9437595787578953,9,1.0
28.48100391194176,-0.38316703760182547,-0.9456731901447581,9,1.0
28.679104960316874,-0.38386956081536905,-0.9475680294110815,9,1.0
28.878583910450253,-0.3845672362977127,-0.9494419139879487,9,1.0
29.079450346406546,-0.3852729524758955,-0.9512997127839485,9,1.0
29.28171391891285,-0.385967666873068,-0.953134500211499,9,1.0
29.485384345822368,-0.38667704101069017,-0.9549560123377357,9,1.0
29.690471412581335,-0.38738203673391103,-0.9567572872797753,9,1.0
29.896984972699123,-0.3880827760133603,-0.9585384925735276,9,1.0
30.104934948221704,-0.388785766291749,-0.9603022801050791,9,1.0
30.314331330208326,-0.3894783642506978,-0.962043912387724,9,1.0
30.52518417921155,-0.39018623006126973,-0.9637735875172385,9,1.0
30.73750362576062,-0.39089034003808004,-0.9654840969625238,9,1.0
30.951299870848175,-0.39157805962354025,-0.9671705497377006,9,1.0
31.16658318642038,-0.3922878132044452,-0.9688485224675277,9,1.0
31.38336391587042,-0.39296867822236237,-0.9704977180709328,9,1.0
31.60165247453548,-0.39365907968304725,-0.9721338628358267,9,1.0
31.82145935019715,-0.3943591512911152,-0.9737573535825942,9,1.0
32.04279510358529,-0.39506264845096895,-0.9753659349558049,9,1.0
32.26567036888546,-0.39575695052094007,-0.9769545888272229,9,1.0
32.49009585424984,-0.3964422002677632,-0.978523549995547,9,1.0
32.716082342311665,-0.39713767816680257,-0.9800812596495613,9,1.0
32.94364069070335,-0.3978180136683956,-0.9816171573973036,9,1.0
33.172781832578096,-0.39849611169031635,-0.983136996383561,9,1.0
33.40351677713521,-0.3991848755353823,-0.9846467227834845,9,1.0
33.63585661014903,-0.39987807605410736,-0.9861440078773529,9,1.0
33.86981249450153,-0.4005567346360154,-0.9876207483858991,9,1.0
34.10539567071872,-0.401233760109843,-0.9890829241894575,9,1.0
34.34261745751061,-0.4019156841268254,-0.9905338194117477,9,1.0
34.58148925231507,-0.40258353754051956,-0.9919651515253749,9,1.0
34.822022531845434,-0.4032693568805152,-0.9933919004005984,9,1.0
35.064228852641875,-0.403947802468016,-0.9948028399821581,9,1.0
35.30811985162668,-0.40459991728738764,-0.9961893584705284,9,1.0
35.55370724666329,-0.40528323441250796,-0.9975787474540766,9,1.0
35.80100283711939,-0.40595330312730854,-0.9989505492972295,9,1.0
36.05001850443371,-0.4066039229380644,-1.0003020162574683,9,1.0
36.30076621268694,-0.40727987600497867,-1.0016550347930113,9,1.0
36.55325800917653,-0.407930355683377,-1.002985467119491,9,1.0
36.80750602499552,-0.4085874007468551,-1.004309215218538,9,1.0
37.06352247561536,-0.4092384458820741,-1.005620530136562,9,1.0
37.32131966147283,-0.4098964142464667,-1.0069262411835562,9,1.0
37.58090996856101,-0.41054237608586924,-1.0082172984521247,9,1.0
37.84230586902438,-0.41120199855280226,-1.0095070697140236,9,1.0
38.105519921758045,-0.4118436183326867,-1.0107799032792764,9,1.0
38.37056477301113,-0.4124801666746125,-1.0120427206302582,9,1.0
38.63745315699439,-0.4131245740240871,-1.013302665997742,9,1.0
38.906197896491996,-0.41375792779462595,-1.0145503436869316,9,1.0
39.176811903477656,-0.41438679462517236,-1.0157895645878785,9,1.0
39.449308179734956,-0.41502410972257253,-1.0170276662844862,9,1.0
39.72369981748203,-0.4156446036740866,-1.0182516022611137,9,1.0
40.000000000000604,-0.4162803181568513,-1.0194790656938193,9,1.0
40.27822200226936,-0.41690599050028354,-1.0206968916736738,9,1.0
40.55837919160177,-0.41752183134692317,-1.0219055563460677,9,1.0
40.840485028288356,-0.4181407855712921,-1.0231126419046757,9,1.0
41.124553066243294,-0.418750335632064,-1.0243116582836125,9,1.0
41.410596953655734,-0.4193634300638457,-1.025510320886098,9,1.0
41.6986304336455,-0.41996755791129914,-1.0267020436072967,9,1.0
41.98866734492334,-0.42057567151128133,-1.0278946767165642,9,1.0
42.28072162245588,-0.4211689024703175,-1.0290778416399762,9,1.0
42.57480729813507,-0.42177293566089624,-1.0302668849509458,9,1.0
42.8709385014524,-0.4223625456828481,-1.0314476037158584,9,1.0
43.16912946017777,-0.42295705703299935,-1.03263181721388,9,1.0
43.46939450104301,-0.42355034186448953,-1.033816455953704,9,1.0
43.771748050430276,-0.4241235515992686,-1.034990646717356,9,1.0
44.07620463506514,-0.42470237922869825,-1.036170293220253,9,1.0
44.38277888271451,-0.4252870682314862,-1.0373561707671983,9,1.0
44.69148552288952,-0.4258587805722061,-1.0385372477479617,9,1.0
45.00233938755311,-0.42642412961874754,-1.0397180083871091,9,1.0
45.315355411832684,-0.4269897304295156,-1.0409030711077787,9,1.0
45.63054863473769,-0.427555839275578,-1.0420931561711133,9,1.0
45.947934199882155,-0.42810999498876906,-1.0432808599823429,9,1.0
46.26752735621227,-0.42867154159191534,-1.0444790258170744,9,1.0
46.58934345873901,-0.429221664750957,-1.045676104415838,9,1.0
46.913397969275934,-0.4297669942245005,-1.046876822647707,9,1.0
47.23970645718201,-0.43032052080830246,-1.0480902453741814,9,1.0
47.56828460010965,-0.4308570835810133,-1.0493003247504007,9,1.0
47.89914818475796,-0.43138968034543423,-1.0505160770840687,9,1.0
48.232313107631235,-0.43192495169525835,-1.0517424967469837,9,1.0
48.5677953758027,-0.43245682455697065,-1.0529760575992624,9,1.0
48.90561110768358,-0.43297287264450235,-1.0542087395698214,9,1.0
49.2457765337975,-0.43349881957192055,-1.055458666394922,9,1.0
49.58830799756032,-0.4340222452995328,-1.0567179053150564,9,1.0
49.933221956065346,-0.43453709224737125,-1.0579827273498452,9,1.0
50.280534980874016,-0.4350309507250196,-1.059244765090021,9,1.0
50.630263758812085,-0.43554226750041397,-1.060531714971094,9,1.0
50.982425092771386,-0.43604592568762673,-1.0618263550199214,9,1.0
51.33703590251707,-0.43654859536290114,-1.0631339727485931,9,1.0
51.69411322550061,-0.43703788235634233,-1.0644460578861161,9,1.0
52.05367421767828,-0.43752046425524194,-1.0657678794868193,9,1.0
52.41573615433548,-0.43800937657611533,-1.0671095850149668,9,1.0
52.78031643091672,-0.4384985919098628,-1.0684673447709339,9,1.0
53.14743256386143,-0.4389693781340751,-1.0698275961523191,9,1.0
53.517102191445446,-0.4394474910869858,-1.071210186686447,9,1.0
53.8893430746286,-0.4399205612596402,-1.0726063346061776,9,1.0
54.264173097907864,-0.44037622477354627,-1.074006966771266,9,1.0
54.64161027017682,-0.4408402465357353,-1.0754324123740262,9,1.0
55.02167272559077,-0.4413066238047366,-1.076878683143278,9,1.0
55.40437872443802,-0.4417566517661111,-1.0783315947946472,9,1.0
55.78974665401725,-0.44220339836274203,-1.079801837623059,9,1.0
56.17779502952094,-0.4426472278964012,-1.0812902133546372,9,1.0
56.56854249492486,-0.4430948616961834,-1.0828026802358852,9,1.0
56.962007823883944,-0.44352761366482174,-1.084324626829996,9,1.0
57.358209920634174,-0.4439585667622336,-1.085867099805895,9,1.0
57.75716782090094,-0.44438810203356716,-1.0874309465286878,9,1.0
58.158900692813525,-0.44482295701098123,-1.0890223331837554,9,1.0
58.56342783782614,-0.44524446475168156,-1.0906262123230666,9,1.0
58.97076869164518,-0.44564666836791783,-1.0922378333109966,9,1.0
59.38094282516311,-0.44606807804011306,-1.0938903018633632,9,1.0
59.79396994539869,-0.4464709857836208,-1.0955520694151377,9,1.0
60.209869896443855,-0.44688120600822623,-1.097245738933842,9,1.0
60.628662660417106,-0.4472864475568288,-1.098961260258726,9,1.0
61.05036835842356,-0.4476744249654321,-1.1006882578073405,9,1.0
61.4750072515217,-0.44808366659128457,-1.1024611648839875,9,1.0
61.90259974169682,-0.4484701406617724,-1.1042415487172634,9,1.0
62.33316637284123,-0.44884062977886474,-1.106035611800447,9,1.0
62.766727831741306,-0.4492273233317534,-1.1078728336810126,9,1.0
63.20330494907143,-0.44960525822624,-1.1097312319314692,9,1.0
63.642918700394766,-0.4499875805804048,-1.111623303811028,9,1.0
64.08559020717105,-0.4503429881574156,-1.1135205721539476,9,1.0
64.5313407377714,-0.45072273859212475,-1.1154710471560982,9,1.0
64.98019170850016,-0.45107013894177844,-1.117422250584903,9,1.0
65.43216468462381,-0.45142375524904277,-1.1194107237883524,9,1.0
65.8872813814072,-0.45179040654888414,-1.1214436760982442,9,1.0
66.34556366515669,-0.4521388172562405,-1.1234917114815652,9,1.0
66.80703355427093,-0.45247581725734554,-1.1255616126332075,9,1.0
67.27171322029855,-0.4528209406326329,-1.1276728194035328,9,1.0
67.73962498900357,-0.4531556276740677,-1.1298076991507442,9,1.0
68.21079134143795,-0.4534930726615354,-1.1319796858823474,9,1.0
68.68523491502174,-0.45383377542438874,-1.1341898701020399,9,1.0
69.16297850463066,-0.45414649348462266,-1.136407265985186,9,1.0
69.6440450636914,-0.4544761840716815,-1.1386775516926688,9,1.0
70.12845770528428,-0.45479161534773127,-1.140969584489904,9,1.0
70.61623970325388,-0.4551123566655088,-1.1433037903601386,9,1.0
71.10741449332713,-0.4554198861331629,-1.145661513602447,9,1.0
71.60200567423932,-0.4557147355284325,-1.1480435186402431,9,1.0
72.10003700886796,-0.45602918854526875,-1.1504841637651047,9,1.0
72.60153242537443,-0.456325691617683,-1.152944410961857,9,1.0
73.10651601835362,-0.4566238405687248,-1.1554453804224765,9,1.0
73.61501204999159,-0.4569114901193102,-1.1579744840483297,9,1.0
74.12704495123128,-0.4572018976275336,-1.1605464224818538,9,1.0
74.64263932294622,-0.45747657949885523,-1.1631414749643156,9,1.0
75.16181993712259,-0.4577551533899415,-1.1657814595734162,9,1.0
75.68461173804933,-0.45803819467854157,-1.1684676160265806,9,1.0
76.21103984351666,-0.45830723629637254,-1.1711798228740518,9,1.0
76.74112954602285,-0.4585755633494081,-1.173933257088094,9,1.0
77.27490631398935,-0.45883741853327503,-1.1767218376657098,9,1.0
77.81239579298456,-0.45910609837464933,-1.1795611628990252,9,1.0
78.3536238069559,-0.4593631579114017,-1.1824305685817,9,1.0
78.8986163594705,-0.45962190500599076,-1.1853457578094857,9,1.0
79.44739963496465,-0.459882954388548,-1.188307989288577,9,1.0
80.00000000000179,-0.46012152791288496,-1.1912885116829974,9,1.0
80.55644400453932,-0.46036999953742797,-1.194325797517017,9,1.0
81.11675838320417,-0.4605972523767575,-1.197383248045485,9,1.0
81.68097005657731,-0.46082932258514653,-1.2004922688652226,9,1.0
82.24910613248719,-0.46106050352567846,-1.20364652301799,9,1.0
82.8211939073121,-0.46130414410415377,-1.2068628532314059,9,1.0
83.39726086729164,-0.4615291487479296,-1.2101036421905154,9,1.0
83.97733468984731,-0.4617425271381961,-1.2133775957347546,9,1.0
84.56144324491237,-0.46196399572446245,-1.2167096119419811,9,1.0
85.14961459627077,-0.46218787615379237,-1.2200932198827108,9,1.0
85.74187700290544,-0.46239579425287036,-1.223505576359511,9,1.0
86.33825892035618,-0.462594782903919,-1.2269557345465243,9,1.0
86.93878900208668,-0.46281728449607595,-1.2304858348842012,9,1.0
87.54349610086122,-0.4630131872502964,-1.2340318074605483,9,1.0
88.15240927013093,-0.4632149450912414,-1.2376359187457,9,1.0
88.7655577654297,-0.46339785916774057,-1.241266196963774,9,1.0
89.38297104577971,-0.4635880451652451,-1.2449573151808297,9,1.0
90.00467877510688,-0.4637798690510896,-1.2487024112528577,9,1.0
90.63071082366605,-0.463967701812813,-1.2524944116253292,9,1.0
91.26109726947607,-0.46414591939164795,-1.256326027976919,9,1.0
91.895868399765,-0.4643279588798899,-1.2602158554222056,9,1.0
92.53505471242522,-0.4645082075372372,-1.2641567402749605,9,1.0
93.17868691747873,-0.46467470496497293,-1.2681324826844558,9,1.0
93.82679593855258,-0.4648472580326035,-1.27217086976458,9,1.0
94.47941291436473,-0.46501391709828593,-1.2762557111416546,9,1.0
95.13656920022001,-0.46516273630435634,-1.2803703337895485,9,1.0
95.79829636951663,-0.4653262465886311,-1.2845612048428556,9,1.0
96.4646262152632,-0.4654798068240306,-1.2887937445015218,9,1.0
97.13559075160614,-0.4656305464291157,-1.2930784669809432,9,1.0
97.81122221536789,-0.4657856009878858,-1.2974261931707785,9,1.0
98.49155306759573,-0.4659330494984377,-1.3018199798936771,9,1.0
99.17661599512138,-0.4660673286368421,-1.306251808990276,9,1.0
99.86644391213144,-0.46621465294355763,-1.310760905413581,9,1.0
100.56106996174877,-0.4663504058898751,-1.3153111197368486,9,1.0
101.26052751762494,-0.46648174818221577,-1.31991341022862,9,1.0
101.96485018554354,-0.4666158464826676,-1.3245790548623646,9,1.0
102.67407180503491,-0.4667344498866583,-1.3292805555782212,9,1.0
103.388226451002,-0.4668574457851915,-1.3340486860856495,9,1.0
104.10734843535732,-0.46697930385663966,-1.3388754456643854,9,1.0
104.83147230867174,-0.46709449715673335,-1.3437525934354457,9,1.0
105.56063286183424,-0.4672102162006619,-1.348691769498515,9,1.0
106.29486512772365,-0.467314584844551,-1.3536745431010115,9,1.0
107.03420438289172,-0.46744023304836096,-1.3587534068188492,9,1.0
107.778686149258,-0.46754350431154346,-1.363858978293857,9,1.0
108.52834619581655,-0.4676379628342848,-1.3690130657847916,9,1.0
109.28322054035448,-0.4677435383451841,-1.3742485483859117,9,1.0
110.04334545118235,-0.46782293606445935,-1.3795046822686847,9,1.0
110.80875744887686,-0.4679215304805764,-1.3848565487813405,9,1.0
111.57949330803534,-0.4680147507748231,-1.390264140647904,9,1.0
112.35559005904271,-0.46809710459442216,-1.3957184904874802,9,1.0
113.13708498985058,-0.4681758228262642,-1.4012319992592006,9,1.0
113.92401564776874,-0.46826450232273004,-1.4068283194122932,9,1.0
114.71641984126921,-0.46833857696001246,-1.4124659478755737,9,1.0
115.51433564180275,-0.4684116488226283,-1.418168479853638,9,1.0
116.31780138562794,-0.4684782389002673,-1.4239267988281006,9,1.0
117.12685567565316,-0.4685583205418115,-1.4297763645478567,9,1.0
117.94153738329126,-0.46861460512133496,-1.435652024323724,9,1.0
118.76188565032712,-0.46867343318464794,-1.4416004688603548,9,1.0
119.58793989079828,-0.4687356977851171,-1.4476239172640462,9,1.0
120.41973979288862,-0.4687831998120532,-1.4536900283327348,9,1.0
121.25732532083512,-0.4688422926468334,-1.4598468670273985,9,1.0
122.10073671684803,-0.4689011448428636,-1.466073652625495,9,1.0
122.95001450304433,-0.4689479224618142,-1.4723489904714195,9,1.0
123.80519948339456,-0.46898988885165827,-1.4786864819521095,9,1.0
124.66633274568338,-0.46902794312627294,-1.485088157552827,9,1.0
125.53345566348355,-0.4690693529618161,-1.491568143329204,9,1.0
126.40660989814381,-0.4691022837819955,-1.4981045685858054,9,1.0
127.28583740079048,-0.4691403725264014,-1.5047237948262346,9,1.0
128.17118041434307,-0.4691590440198089,-1.5113790973274592,9,1.0
129.0626814755438,-0.4691910440826268,-1.5181339440798804,9,1.0
129.9603834170013,-0.46921179422124176,-1.5249412741771364,9,1.0
130.86432936924862,-0.46923493321357235,-1.5318280917183829,9,1.0
131.77456276281538,-0.46924861649335914,-1.5387715172008223,9,1.0
132.69112733031437,-0.4692664832168736,-1.5457990133566553,9,1.0
133.61406710854286,-0.469283056935298,-1.5529002864451331,9,1.0
134.5434264405981,-0.46929285706788204,-1.560064729881551,9,1.0
135.47924997800817,-0.46929039851675464,-1.5672814182308226,9,1.0
136.42158268287693,-0.4693020662946406,-1.5746047128574052,9,1.0
137.3704698300445,-0.46929687247602186,-1.5819715748988497,9,1.0
138.32595700926237,-0.4692756946097778,-1.5893836888775312,9,1.0
139.28809012738384,-0.4692712922960151,-1.5969098087780396,9,1.0
140.25691541056963,-0.46927816908316944,-1.604539634924006,9,1.0
141.23247940650882,-0.4692589297093598,-1.612194552260945,9,1.0
142.2148289866553,-0.4692399495892368,-1.6199306222697094,9,1.0
143.20401134847972,-0.4692157115729142,-1.6277365387525062,9,1.0
144.200074017737,-0.4692062136289776,-1.6356562146408888,9,1.0
145.20306485074994,-0.46918678744691744,-1.6436368638772612,9,1.0
146.2130320367083,-0.4691391292785815,-1.6516382502411249,9,1.0
147.2300240999843,-0.4691151335237912,-1.6597750664654418,9,1.0
148.25408990246365,-0.46908372374172275,-1.6679794774761432,9,1.0
149.28527864589356,-0.46905210895992244,-1.676268031539912,9,1.0
150.32363987424628,-0.4689955670179047,-1.684585245576084,9,1.0
151.3692234760998,-0.4689596048434442,-1.6930346175028588,9,1.0
152.42207968703445,-0.4689130988717859,-1.7015461426914646,9,1.0
153.48225909204683,-0.4688568407223404,-1.7101218159362472,9,1.0
154.54981262797986,-0.46879800238045105,-1.718778576741303,9,1.0
155.6247915859703,-0.46875014031623685,-1.7275488390842082,9,1.0
156.70724761391295,-0.46868846422680477,-1.7363751497762783,9,1.0
157.79723271894218,-0.46863290141762803,-1.7453050121807472,9,1.0
158.8947992699305,-0.468558631539317,-1.7542798601905993,9,1.0
160.0000000000048,-0.4684919573729812,-1.7633630263137037,9,1.0
161.11288800907985,-0.4684144238179785,-1.7725106923931897,9,1.0
162.23351676640956,-0.4683523216344448,-1.7817874462527814,9,1.0
163.36194011315587,-0.46826158308538146,-1.7910860688475392,9,1.0
164.49821226497562,-0.4681876662261484,-1.8005187631163562,9,1.0
165.6423878146254,-0.4680928624614178,-1.8099927988218796,9,1.0
166.79452173458452,-0.46799702213683514,-1.8195578415938296,9,1.0
167.9546693796959,-0.4679007920109202,-1.8292162282863234,9,1.0
169.12288648982604,-0.46781760824556273,-1.8390030137657372,9,1.0
170.29922919254284,-0.46770967738854374,-1.8488224640314834,9,1.0
171.4837540058122,-0.467609608896929,-1.8587584817599625,9,1.0
172.6765178407137,-0.46749877711437093,-1.8687637070628833,9,1.0
173.87757800417467,-0.4674033709365034,-1.87890710872691,9,1.0
175.08699220172375,-0.46727909822551733,-1.8890732386988163,9,1.0
176.30481854026317,-0.4671649298615293,-1.8993650634727117,9,1.0
177.53111553086072,-0.46704215810320027,-1.9097338157609205,9,1.0
178.7659420915608,-0.46691768696417885,-1.9201984784538677,9,1.0
180.00935755021513,-0.4667919940624814,-1.9307610903648214,9,1.0
181.26142164733346,-0.4666655376310217,-1.9414236821742898,9,1.0
182.52219453895353,-0.4665195112231091,-1.9521352609091498,9,1.0
183.7917367995314,-0.4663928184119117,-1.9630034842176636,9,1.0
185.07010942485184,-0.4662345274898497,-1.9738880924072473,9,1.0
186.35737383495882,-0.4660963449369786,-1.9849335460818431,9,1.0
187.65359187710658,-0.46594653494124116,-1.9960520490050266,9,1.0
188.95882582873088,-0.4657982632934867,-2.00728136031909,9,1.0
190.27313840044144,-0.46563256856960894,-2.0185680637068426,9,1.0
191.59659273903472,-0.4654754197607263,-2.0299871016374036,9,1.0
192.92925243052787,-0.46531422912030096,-2.0415032892806697,9,1.0
194.27118150321374,-0.46512994531593166,-2.0530615239029046,9,1.0
195.62244443073726,-0.4649613332843464,-2.06477571118915,9,1.0
196.98310613519297,-0.4647828645099309,-2.07657195213263,9,1.0
198.35323199024427,-0.46460111930303244,-2.0884703026911873,9,1.0
199.73288782426437,-0.4644162236674003,-2.1004719323254397,9,1.0
201.12213992349908,-0.4642282761058398,-2.112577948291307,9,1.0
202.5210550352514,-0.4640437836583908,-2.1248090321543334,9,1.0
203.9297003710886,-0.463837040297277,-2.13708745312,9,1.0
205.3481436100714,-0.46363380344509253,-2.1494925286424826,9,1.0
206.77645290200556,-0.4634276196067699,-2.162005431456555,9,1.0
208.21469687071618,-0.46321199849352934,-2.174606689802297,9,1.0
209.66294461734503,-0.4629933020948291,-2.187316860690373,9,1.0
211.12126572367004,-0.46277786800858345,-2.2001569762200996,9,1.0
212.5897302554489,-0.4625591123032421,-2.21310728453374,9,1.0
214.06840876578502,-0.462323961567486,-2.2261265767952394,9,1.0
215.5573722985176,-0.46209800732035683,-2.2392979079224524,9,1.0
217.05669239163473,-0.4618552059449033,-2.2525379949138293,9,1.0
218.5664410807106,-0.4616146407309434,-2.2659096125753293,9,1.0
220.08669090236637,-0.4613630948921244,-2.2793703448660536,9,1.0
221.6175148977554,-0.4611131399892072,-2.2929625293326272,9,1.0
223.15898661607235,-0.4608644047448108,-2.306686230681752,9,1.0
224.71118011808713,-0.4605970917796023,-2.3204759028281616,9,1.0
226.27416997970286,-0.46033013678911605,-2.33439588715085,9,1.0
227.8480312955392,-0.4600630602592011,-2.3484458160410053,9,1.0
229.43283968254013,-0.45978240646889534,-2.3625805887951774,9,1.0
231.02867128360725,-0.4595005525536183,-2.3768434775673524,9,1.0
232.63560277125762,-0.4592104329115326,-2.3912110254879257,9,1.0
234.25371135130806,-0.4589243632407836,-2.405727260856213,9,1.0
235.88307476658426,-0.4586222467786922,-2.42032268485006,9,1.0
237.523771300656,-0.45832280404853715,-2.435064202057244,9,1.0
239.17587978159838,-0.45801881197439576,-2.4499274668163227,9,1.0
240.83947958577906,-0.45770299873493986,-2.4648872869130023,9,1.0
242.51465064167206,-0.4573939924226456,-2.4800119172681248,9,1.0
244.2014734336979,-0.45705849114313246,-2.4951814343801515,9,1.0
245.9000290060905,-0.4567345176919691,-2.51053538899936,9,1.0
247.61039896679097,-0.4564016606632697,-2.526000409072284,9,1.0
249.33266549136863,-0.45605892917338436,-2.5415736230912063,9,1.0
251.06691132696898,-0.45571828946739495,-2.557300758842734,9,1.0
252.81321979628953,-0.4553591759523287,-2.573105711659415,9,1.0
254.5716748015829,-0.4550129868114421,-2.589108178866014,9,1.0
256.3423608286881,-0.4546460577597755,-2.605181679674395,9,1.0
258.12536295108947,-0.45427019836271576,-2.6213717855389222,9,1.0
259.9207668340045,-0.45389068379258957,-2.6376999047292697,9,1.0
261.72865873849923,-0.45350624177810833,-2.6541624089115152,9,1.0
263.54912552563275,-0.45312207494569445,-2.6707810398402168,9,1.0
265.38225466063074,-0.4527303123156081,-2.687526314834315,9,1.0
267.2281342170877,-0.4523295519925349,-2.7043937484453977,9,1.0
269.08685288119824,-0.4519183485187598,-2.721378552595234,9,1.0
270.95849995601833,-0.45150174214774047,-2.7385020077231155,9,1.0
272.8431653657559,-0.45108474117465575,-2.7557858183913715,9,1.0
274.74093966009104,-0.4506527161483492,-2.7731718630460263,9,1.0
276.6519140185268,-0.4502171234463672,-2.7907079550132368,9,1.0
278.5761802547697,-0.44977631711430677,-2.8083888224992184,9,1.0
280.51383082114137,-0.4493286076400065,-2.8262088587890313,9,1.0
282.4649588130198,-0.4488722619373933,-2.8441621142505933,9,1.0
284.42965797331277,-0.44840550334589396,-2.8622422882848166,9,1.0
286.40802269696155,-0.44793962029679835,-2.880498524066832,9,1.0
288.40014803547615,-0.4474596536809977,-2.898868777456937,9,1.0
290.4061297015021,-0.4469833796029552,-2.917430541135113,9,1.0
292.42606407341884,-0.44649574963599037,-2.9361208410810824,9,1.0
294.4600481999708,-0.445988213115549,-2.9549034282177926,9,1.0
296.50817980492957,-0.4454784480115024,-2.973856442546764,9,1.0
298.5705572917893,-0.4449578321497563,-2.9929436555764313,9,1.0
300.64727974849484,-0.44445057977199265,-3.0122741552616192,9,1.0
302.73844695220185,-0.4439216814568929,-3.0316943210902525,9,1.0
304.84415937407124,-0.44336894252919035,-3.051194594803644,9,1.0
306.964518184096,-0.4428230749102683,-3.070914627527276,9,1.0
309.09962525596205,-0.4422752638600347,-3.0908170119431086,9,1.0
311.24958317194296,-0.4417100417137292,-3.110832739704324,9,1.0
313.4144952278283,-0.44113167342738063,-3.1309823683378917,9,1.0
315.59446543788675,-0.44054439953361046,-3.151286871802515,9,1.0
317.7895985398634,-0.43995904643433953,-3.171798644154137,9,1.0
320.000000000012,-0.4393599801942353,-3.1924465273201204,9,1.0
322.22577601816215,-0.43875134858578585,-3.2132514777872165,9,1.0
324.4670335328215,-0.4381438998209901,-3.234266536720468,9,1.0
326.7238802263142,-0.43750862152582615,-3.2553548083632347,9,1.0
328.99642452995374,-0.4368694396634277,-3.2766321828069653,9,1.0
331.2847756292533,-0.4362304082928915,-3.298120695483756,9,1.0
333.5890434691715,-0.435569005937187,-3.3197126152176093,9,1.0
335.90933875939425,-0.43490912968192524,-3.3415265025824397,9,1.0
338.2457729796546,-0.43422817466232944,-3.363453015287174,9,1.0
340.5984583850881,-0.4335500192581881,-3.385612302908019,9,1.0
342.96750801162693,-0.4328453195405971,-3.4078599145658584,9,1.0
345.3530356814299,-0.43214458778261067,-3.4303506300211706,9,1.0
347.75515600835195,-0.43143172687744913,-3.4530057892925043,9,1.0
350.1739844034501,-0.4307105874281156,-3.475846944072347,9,1.0
352.60963708052907,-0.42997833161424054,-3.4988616905757763,9,1.0
355.0622310617241,-0.4292320917486753,-3.52203714606804,9,1.0
357.53188418312425,-0.42845559511624054,-3.5452901008270308,9,1.0
360.0187151004329,-0.4276994294175767,-3.5688865607008715,9,1.0
362.52284329466966,-0.42692054548207237,-3.5926041324301936,9,1.0
365.0443890779098,-0.4261226666678558,-3.6164636508523644,9,1.0
367.58347359906554,-0.4253162205139287,-3.640522366688129,9,1.0
370.14021884970646,-0.4245049382508058,-3.664802887927298,9,1.0
372.7147476699204,-0.4236858289066145,-3.689291937385796,9,1.0
375.30718375421594,-0.42284242615402695,-3.713902404546858,9,1.0
377.9176516574646,-0.4219985862867892,-3.738766262154916,9,1.0
380.5462768008857,-0.42111759680116684,-3.763684358533875,9,1.0
383.1931854780723,-0.4202435305475549,-3.788901361975396,9,1.0
385.85850486105863,-0.41935310988301827,-3.814291566012422,9,1.0
388.5423630064304,-0.4184567452670619,-3.8399155785998147,9,1.0
391.2448888614774,-0.41754459195966354,-3.8657208924380324,9,1.0
393.96621227038884,-0.41662029987342986,-3.891730513773455,9,1.0
396.7064639804915,-0.41567397818884566,-3.91789045994981,9,1.0
399.4657756485318,-0.4147160383738848,-3.944262404331865,9,1.0
402.24427984700117,-0.41375692909650647,-3.9709097424871858,9,1.0
405.04211007050577,-0.4127663717949891,-3.997659876685222,9,1.0
407.85940074218024,-0.41176157671503233,-4.024614634941283,9,1.0
410.69628722014585,-0.41075982307777614,-4.051878735571375,9,1.0
413.55290580401413,-0.40973075702080725,-4.079276557488942,9,1.0
416.42939374143555,-0.4086848361051314,-4.10687202678873,9,1.0
419.3258892346932,-0.407625735659093,-4.1346898606805595,9,1.0
422.24253144734325,-0.4065571517350143,-4.162755492304474,9,1.0
425.179460510901,-0.40548280281603044,-4.191095090870473,9,1.0
428.13681753157323,-0.4043790257379986,-4.2195679125989045,9,1.0
431.11474459703845,-0.4032632160615795,-4.248282538892511,9,1.0
434.11338478327275,-0.40213225576053113,-4.277223149946963,9,1.0
437.13288216142445,-0.400976149110286,-4.306330710629767,9,1.0
440.173381804736,-0.399805513616845,-4.335673914270817,9,1.0
443.23502979551404,-0.39863102853391574,-4.365323474325209,9,1.0
446.31797323214806,-0.39742204574592854,-4.395089821167701,9,1.0
449.4223602361776,-0.39620994872913984,-4.425174384816444,9,1.0
452.5483399594091,-0.39498479599396263,-4.455518337294161,9,1.0
455.6960625910818,-0.3937227676692361,-4.485971939149479,9,1.0
458.8656793650838,-0.3924554034428824,-4.516741095744978,9,1.0
462.0573425672179,-0.39117277231406006,-4.547765929227247,9,1.0
465.2712055425187,-0.3898579634569451,-4.578939347749366,9,1.0
468.5074227026196,-0.3885287954450368,-4.6103810142919714,9,1.0
471.76614953317204,-0.38719623301277567,-4.642167871958479,9,1.0
475.04754260131557,-0.38582247940556735,-4.674053068896943,9,1.0
478.3517595632003,-0.38445340353221513,-4.706345860117787,9,1.0
481.6789591715617,-0.38305118887618844,-4.738797482038455,9,1.0
485.02930128334776,-0.3816268813369116,-4.771485306469664,9,1.0
488.40294686739946,-0.3801845980081987,-4.804441166397976,9,1.0
491.8000580121847,-0.37872148053356736,-4.837649712906026,9,1.0
495.2207979335857,-0.37723468258253023,-4.871095334082632,9,1.0
498.665330982741,-0.3757354633092378,-4.904860043700269,9,1.0
502.1338226539417,-0.3742069503261786,-4.9388312185103285,9,1.0
505.62643959258287,-0.37266753928219326,-4.9731414119620405,9,1.0
509.14334960316967,-0.37109329862892515,-5.007627215402343,9,1.0
512.68472165738,-0.3695098069124143,-5.042473179972148,9,1.0
516.2507259021829,-0.36789313226369436,-5.0775144276994775,9,1.0
519.841533668013,-0.36625478371311737,-5.112836897475586,9,1.0
523.4573174770023,-0.3645850086654348,-5.1483749495126885,9,1.0
527.0982510512695,-0.36290969803871254,-5.184320242518635,9,1.0
530.7645093212655,-0.3611977789758002,-5.2204529015310435,9,1.0
534.4562684341794,-0.35948243149914466,-5.257019727258992,9,1.0
538.1737057624005,-0.35771822449566887,-5.293692948013361,9,1.0
541.9169999120409,-0.35593846097275805,-5.330721679904518,9,1.0
545.6863307315159,-0.35413354130199864,-5.368040529325581,9,1.0
549.4818793201863,-0.35230825251363695,-5.40569055042549,9,1.0
553.3038280370578,-0.3504457942454121,-5.443550992719677,9,1.0
557.1523605095437,-0.3485582173458029,-5.481717138417754,9,1.0
561.027661642287,-0.34665045255984456,-5.5202320921382215,9,1.0
564.9299176260438,-0.3447057285527939,-5.558973720544055,9,1.0
568.8593159466297,-0.3427362824400585,-5.598040597787722,9,1.0
572.8160453939274,-0.3407544835710634,-5.637534415708172,9,1.0
576.8002960709567,-0.33874363424647813,-5.6773329472503935,9,1.0
580.8122594030085,-0.3366723204901209,-5.717196395680719,9,1.0
584.8521281468421,-0.33459687583455355,-5.757569475617342,9,1.0
588.920096399946,-0.3325006805167153,-5.798329983815761,9,1.0
593.0163596098636,-0.3303449497440114,-5.839177265709862,9,1.0
597.1411145835832,-0.32819385931691003,-5.8806259387228135,9,1.0
601.2945594969942,-0.3259865402114479,-5.922198529418697,9,1.0
605.4768939044083,-0.3237727295561803,-5.964299176514706,9,1.0
609.688318748147,-0.32150616236459983,-6.006562743716929,9,1.0
613.9290363681965,-0.3192145849556578,-6.049219137502237,9,1.0
618.1992505119288,-0.3168887634204389,-6.09220044660641,9,1.0
622.4991663438906,-0.3145343645110432,-6.135559903747446,9,1.0
626.8289904556613,-0.3121421776676872,-6.179228949553489,9,1.0
631.1889308757782,-0.30971045559724675,-6.223199652778229,9,1.0
635.5791970797316,-0.30726003687394116,-6.2676523245059155,9,1.0
640.0000000000289,-0.30476677346167524,-6.312393837181442,9,1.0
644.4515520363291,-0.3022290006238186,-6.357416664456393,9,1.0
648.9340670656479,-0.2996677983860803,-6.402905605549146,9,1.0
653.4477604526332,-0.29706653686563955,-6.448728504718434,9,1.0
657.9928490599125,-0.2944236881355216,-6.494879695176253,9,1.0
662.5695512585116,-0.2917530084567589,-6.541484585916916,9,1.0
667.178086938348,-0.2890378445713236,-6.588408869207875,9,1.0
671.8186775187937,-0.2862767524684089,-6.63564747706228,9,1.0
676.4915459593144,-0.2834990607261289,-6.6834629934033405,9,1.0
681.1969167701814,-0.2806727932340134,-6.731587162988947,9,1.0
685.935016023259,-0.2777965900314796,-6.780015610966835,9,1.0
690.7060713628651,-0.2748846119223496,-6.82888081096819,9,1.0
695.5103120167091,-0.2719279087740145,-6.87811300188782,9,1.0
700.3479688069056,-0.26894084310112126,-6.927848615261291,9,1.0
705.2192741610634,-0.2658989234844717,-6.977879396904209,9,1.0
710.1244621234536,-0.26284008842021533,-7.028553727358118,9,1.0
715.0637683662537,-0.2597163428120799,-7.079451621524579,9,1.0
720.0374302008713,-0.2565500818351318,-7.13078300573024,9,1.0
725.0456865893448,-0.25333239716291517,-7.182476961886881,9,1.0
730.0887781558251,-0.25007016302297863,-7.234605511398809,9,1.0
735.1669471981365,-0.24677832117467616,-7.287315935349079,9,1.0
740.2804376994185,-0.2434321789632084,-7.340393191943021,9,1.0
745.4294953398465,-0.24003077013370175,-7.393838027881605,9,1.0
750.6143675084376,-0.236581174017093,-7.447725977415587,9,1.0
755.8353033149348,-0.23309864051021134,-7.50221005162063,9,1.0
761.0925536017771,-0.22955022898434332,-7.5569949073524425,9,1.0
766.3863709561504,-0.2259673865756905,-7.612385390056867,9,1.0
771.717009722123,-0.22231702399111794,-7.668082646785503,9,1.0
777.0847260128666,-0.21862270058362632,-7.724319549685912,9,1.0
782.4897777229608,-0.2148837943447612,-7.781102888626619,9,1.0
787.9324245407837,-0.2110915091988087,-7.838361639043123,9,1.0
793.412927960989,-0.20724519819442183,-7.896101825003458,9,1.0
798.9315512970695,-0.2033359813512594,-7.9542505127644905,9,1.0
804.4885596940084,-0.19937975561918617,-8.012972886669527,9,1.0
810.0842201410177,-0.1953510869892729,-8.072036386647495,9,1.0
815.7188014843666,-0.19128264604192807,-8.131769985460434,9,1.0
821.392574440298,-0.18714058624776547,-8.19185861708638,9,1.0
827.1058116080346,-0.18295786809623263,-8.252636901661223,9,1.0
832.8587874828772,-0.1787173347301783,-8.31395191690019,9,1.0
838.6517784693928,-0.17441007936321345,-8.375730022180118,9,1.0
844.4850628946929,-0.17003559592102704,-8.4379798045349,9,1.0
850.3589210218082,-0.1656019369353301,-8.500795094009755,9,1.0
856.2736350631529,-0.16110017322144954,-8.564101979285596,9,1.0
862.2294891940834,-0.15653847164488868,-8.627996569661672,9,1.0
868.226769566552,-0.15193379508553065,-8.692664604789012,9,1.0
874.2657643228554,-0.14722537059530613,-8.757512337989468,9,1.0
880.3467636094787,-0.14248206602540556,-8.823246887706306,9,1.0
886.4700595910348,-0.1376515149871386,-8.889357182075658,9,1.0
892.635946464303,-0.1327682999073843,-8.956208875851706,9,1.0
898.844720472362,-0.127814718028729,-9.023639720539185,9,1.0
905.096679918825,-0.1227816495569242,-9.091573325733796,9,1.0
911.3921251821704,-0.11767762806445589,-9.160113484215403,9,1.0
917.7313587301744,-0.11252029227978784,-9.229459000637618,9,1.0
924.1146851344428,-0.10726483388820963,-9.299167477263106,9,1.0
930.5424110850445,-0.10194676076858034,-9.369621842772569,9,1.0
937.0148454052463,-0.0965479434592205,-9.440653591932751,9,1.0
943.5322990663512,-0.0910863162436014,-9.512467383666207,9,1.0
950.0950852026382,-0.08552536908472437,-9.584702887886783,9,1.0
956.7035191264079,-0.07990134789936179,-9.657756398632477,9,1.0
963.3579183431307,-0.0741958881065444,-9.73145648200096,9,1.0
970.0586025667028,-0.06841809356614169,-9.805918639125457,9,1.0
976.8058937348063,-0.06254003502736277,-9.880869824330837,9,1.0
983.6001160243768,-0.05659874227658411,-9.956720180643492,9,1.0
990.4415958671789,-0.050556796074337884,-10.033096389159123,9,1.0
997.3306619654895,-0.04442329393096168,-10.110115129177931,9,1.0
1004.267645307891,-0.03821703441713124,-10.187997578780562,9,1.0
1011.2528791851732,-0.0319285924201384,-10.266666510781235,9,1.0
1018.2866992063468,-0.025538780871505667,-10.345940024891718,9,1.0
1025.3694433147675,-0.019066610703772628,-10.42604360572855,9,1.0
1032.5014518043733,-0.012502432860150722,-10.50689767323257,9,1.0
1039.6830673360337,-0.005826669976869322,-10.588315613253506,9,1.0
1046.9146349540124,0.0009316578654364428,-10.670632735133346,9,1.0
1054.1965021025467,0.007772434287532791,-10.753875581552451,9,1.0
1061.5290186425389,0.01472523830388518,-10.837750331931778,9,1.0
1068.9125368683667,0.021760505155181475,-10.922601471943642,9,1.0
1076.347411524809,0.028928138628389305,-11.007914658254009,9,1.0
1083.8339998240897,0.03615823164915809,-11.094473564587373,9,1.0
1091.37266146304,0.04351100392059122,-11.181651910404993,9,1.0
1098.9637586403808,0.05095629952709942,-11.269804345214203,9,1.0
1106.607656074124,0.05852476109206272,-11.358624714837612,9,1.0
1114.3047210190957,0.06617552077914522,-11.448586816610822,9,1.0
1122.0553232845823,0.07397049435061015,-11.539042880031563,9,1.0
1129.859835252096,0.08185821261994909,-11.630584293440883,9,1.0
1137.7186318932681,0.08984895986321931,-11.723128538359044,9,1.0
1145.6320907878635,0.09795325018975562,-11.816590526755155,9,1.0
1153.600592141922,0.1061818376007937,-11.910882545388073,9,1.0
1161.6245188060257,0.11452430977034125,-12.006149933341284,9,1.0
1169.704256293693,0.12298073904719485,-12.10242358577263,9,1.0
1177.840192799901,0.13158371744679345,-12.199376324751627,9,1.0
1186.032719219736,0.14026839559079585,-12.297755869316727,9,1.0
1194.2822291671753,0.14908908740164917,-12.396996550841374,9,1.0
1202.5891189939975,0.15803514010328373,-12.497249580993213,9,1.0
1210.9537878088256,0.1671290117803763,-12.598300857661021,9,1.0
1219.3766374963034,0.17633765754926575,-12.700550677833597,9,1.0
1227.8580727364024,0.18567227542562625,-12.80391083576742,9,1.0
1236.3985010238666,0.19513297153704964,-12.908416361664361,9,1.0
1244.9983326877905,0.20473128306742044,-13.01397618275329,9,1.0
1253.657980911332,0.21447904872866264,-13.120496324046174,9,1.0
1262.377861751566,0.22435354959688816,-13.228266632791865,9,1.0
1271.1583941594727,0.23437820796529596,-13.337065984464925,9,1.0
1280.0000000000673,0.24454171935850447,-13.447059028337357,9,1.0
1288.9031040726677,0.2548324090804469,-13.558415255650399,9,1.0
1297.8681341313059,0.2652980901022624,-13.670644766959237,9,1.0
1306.8955209052763,0.2758794033983555,-13.784447445888965,9,1.0
1315.9856981198345,0.2866367229482768,-13.89919543827456,9,1.0
1325.1391025170333,0.29750971851055663,-14.015600617563658,9,1.0
1334.3561738767062,0.3085843461343052,-14.132753114377376,9,1.0
1343.6373550375972,0.3197874038619164,-14.251508773288878,9,1.0
1352.9830919186386,0.3311688078046232,-14.371359176294446,9,1.0
1362.393833540373,0.34266617535462773,-14.493040821587396,9,1.0
1371.8700320465282,0.3543936418492245,-14.61533649321638,9,1.0
1381.4121427257405,0.3662375401612544,-14.739551383576735,9,1.0
1391.0206240334287,0.37827492888121733,-14.864880997911836,9,1.0
1400.6959376138216,0.39046769301556306,-14.991795391917856,9,1.0
1410.4385483221372,0.4028159500987583,-15.120342333297998,9,1.0
1420.2489242469178,0.4153597010881194,-15.250130962595277,9,1.0
1430.1275367325184,0.42807316947239243,-15.38149673232582,9,1.0
1440.0748604017533,0.44099734083794756,-15.514040953749918,9,1.0
1450.0913731787002,0.45406528914422695,-15.648552258906587,9,1.0
1460.177556311661,0.46731793195957627,-15.784634252099078,9,1.0
1470.3338943962842,0.48076979299333766,-15.922182550360683,9,1.0
1480.560875398848,0.49443587443506365,-16.061089290067205,9,1.0
1490.8589906797042,0.5082324653694779,-16.202325350401033,9,1.0
1501.2287350168863,0.5223015543640945,-16.344398379390917,9,1.0
1511.670606629881,0.5364871675613041,-16.489066569443136,9,1.0
1522.1851072035656,0.5509334841384738,-16.634819923150335,9,1.0
1532.772741912312,0.5655693709472471,-16.7824926144088,9,1.0
1543.4340194442575,0.5803803093378289,-16.932301794691416,9,1.0
1554.1694520257447,0.5954261988129536,-17.083661609006636,9,1.0
1564.9795554459333,0.6106934449911507,-17.236783285639802,9,1.0
1575.8648490815792,0.6261678313496977,-17.39188430094146,9,1.0
1586.8258559219898,0.6418035458695459,-17.549519734083884,9,1.0
1597.863102594151,0.6577247352281936,-17.7084256088825,9,1.0
1608.9771193880288,0.6738395392482399,-17.869652898961693,9,1.0
1620.1684402820476,0.6901957713461981,-18.032759640203313,9,1.0
1631.4376029687455,0.7067948055851058,-18.197802102169685,9,1.0
1642.7851488806082,0.7235727972079617,-18.36552626426399,9,1.0
1654.2116232160815,0.7406442516624502,-18.534793405638826,9,1.0
1665.7175749657672,0.7578954448411346,-18.70687538178039,9,1.0
1677.303556938798,0.7753927304334028,-18.881146255170844,9,1.0
1688.9701257893985,0.793154245976566,-19.057492526473553,9,1.0
1700.7178420436294,0.8111472019763599,-19.23633318225597,9,1.0
1712.5472701263188,0.8294242453749832,-19.41719903463118,9,1.0
1724.4589783881795,0.8479170866405814,-19.60087675544027,9,1.0
1736.453539133117,0.8666966264249276,-19.786713534572847,9,1.0
1748.531528645724,0.8856928395044292,-19.975510583774636,9,1.0
1760.6935272189705,0.9049780877964647,-20.166607539818326,9,1.0
1772.940119182083,0.9245173984301985,-20.360446179501253,9,1.0
1785.2718929286193,0.9443299761194358,-20.55691576024873,9,1.0
1797.6894409447373,0.964416935609319,-20.756091739698018,9,1.0
1810.1933598376636,0.9847219609252986,-20.95862590068665,9,1.0
1822.7842503643546,1.005379334616827,-21.16326026337255,9,1.0
1835.4627174603627,1.0263143704714657,-21.370836251428585,9,1.0
1848.2293702688994,1.0474484782226448,-21.58222076480932,9,1.0
1861.0848221701028,1.068919893440064,-21.7961357211365,9,1.0
1874.0296908105065,1.0906906845949946,-22.013053207642766,9,1.0
1887.0645981327166,1.1127620009706436,-22.233058706134468,9,1.0
1900.190170405291,1.135093141000025,-22.456643640658594,9,1.0
1913.4070382528298,1.157725675746899,-22.683500374690624,9,1.0
1926.715836686276,1.1806817862952796,-22.913516405229156,9,1.0
1940.1172051334202,1.2039195288433395,-23.14719478977655,9,1.0
1953.611787469627,1.2274385135095738,-23.38463738173106,9,1.0
1967.2002320487684,1.2513273468106978,-23.625110535549247,9,1.0
1980.8831917343723,1.2754758610072723,-23.869757996616443,9,1.0
1994.661323930994,1.2999509152346893,-24.118056201412024,9,1.0
2008.535290615797,1.324729969074039,-24.370322356809694,9,1.0
2022.5057583703617,1.3498596894967243,-24.626235404168295,9,1.0
2036.573398412709,1.3752935973033384,-24.886333863255427,9,1.0
2050.7388866295505,1.40105503698397,-25.150514990289953,9,1.0
2065.0029036087626,1.427119311311772,-25.41911366877892,9,1.0
2079.366134672083,1.4535598360429884,-25.69158582036807,9,1.0
2093.8292699080407,1.4802516312546619,-25.96916074090772,9,1.0
2108.3930042051093,1.507318906685362,-26.2508500959137,9,1.0
2123.0580372850936,1.5347106119080753,-26.5372249042611,9,1.0
2137.82507373675,1.5624252734424728,-26.82841532459692,9,1.0
2152.6948230496346,1.5904879438059827,-27.124324867847836,9,1.0
2167.6679996481957,1.6188431477396938,-27.42554893281573,9,1.0
2182.7453229260964,1.6475701784348662,-27.731533199404513,9,1.0
2197.927517280778,1.676640539060203,-28.0426469909568,9,1.0
2213.2153121482643,1.7059950970865105,-28.35950594303177,9,1.0
2228.6094420382083,1.7357447827592767,-28.681314609141495,9,1.0
2244.1106465691814,1.7658305130281384,-29.008693042832668,9,1.0
2259.7196705042093,1.7962190425283002,-29.342036681520902,9,1.0
2275.4372637865536,1.82690512962809,-29.68150853529857,9,1.0
2291.2641815757443,1.8579757087209363,-30.026543388382333,9,1.0
2307.2011842838615,1.8893660145563376,-30.37778974653816,9,1.0
2323.2490376120686,1.9210705745933707,-30.735418268718846,9,1.0
2339.4085125874035,1.9531482396692887,-31.099106726076304,9,1.0
2355.6803855998196,1.9854633920009044,-31.470025488943953,9,1.0
2372.0654384394898,2.0180724211633825,-31.847863817400054,9,1.0
2388.5644583343683,2.051069504360828,-32.23205089732061,9,1.0
2405.178237988013,2.0843813348923748,-32.623274791841034,9,1.0
2421.9075756176694,2.117929207414461,-33.0222392907425,9,1.0
2438.753274992625,2.151844354242193,-33.428121901764726,9,1.0
2455.716145472823,2.186010976449203,-33.84189108015646,9,1.0
2472.797002047752,2.220453661471185,-34.26349754027786,9,1.0
2489.9966653755996,2.255160662725734,-34.69315217389234,9,1.0
2507.3159618226828,2.2901577106461866,-35.13080862482349,9,1.0
2524.755723503151,2.325393701599124,-35.57694647658224,9,1.0
2542.3167883189644,2.360733751914523,-36.03258234225441,9,1.0
2560.0000000001537,2.3964802467892037,-36.49583430894499,9,1.0
2577.806208145355,2.432419449327417,-36.968250724817715,9,1.0
2595.736268262631,2.46844806215395,-37.45060316619175,9,1.0
2613.7910418105726,2.504712610266142,-37.94206791999304,9,1.0
2631.971396239689,2.5411082273887082,-38.443422733569456,9,1.0
2650.2782050340866,2.5777891977543,-38.9538410165139,9,1.0
2668.7123477534324,2.6144678986727357,-39.47518644463158,9,1.0
2687.274710075215,2.651250661757763,-40.00690879287278,9,1.0
2705.9661838372976,2.688110874385922,-40.54926633703509,9,1.0
2724.7876670807664,2.725067909071252,-41.10224967973417,9,1.0
2743.740064093077,2.761996257184285,-41.66666412816771,9,1.0
2762.824285451502,2.798910249972436,-42.24250550437008,9,1.0
2782.0412480668783,2.8358256113782954,-42.82977100539695,9,1.0
2801.391875227664,2.872656301141778,-43.429001199644006,9,1.0
2820.8770966442953,2.9094678284961812,-44.039925842594606,9,1.0
2840.4978484938565,2.9460095797063546,-44.66389741781074,9,1.0
2860.2550734650586,2.982394493442201,-45.30037507208756,9,1.0
2880.1497208035285,3.0185223719648864,-45.949897547881655,9,1.0
2900.1827463574223,3.054399398523388,-46.61246353532403,9,1.0
2920.355112623344,3.089975302357526,-47.2883391076228,9,1.0
2940.6677887925907,3.125196838351374,-47.977786937157234,9,1.0
2961.121750797718,3.159947784994185,-48.68132831501399,9,1.0
2981.717981359431,3.1941653202125626,-49.399210313929004,9,1.0
3002.4574700337953,3.2279075584973542,-50.13115316993631,9,1.0
3023.3412132597846,3.2611750438390503,-50.87714247016335,9,1.0
3044.3702144071544,3.293518561220681,-51.63894669335727,9,1.0
3065.545483824648,3.3253760332414184,-52.414735616050706,9,1.0
3086.868038888538,3.3562175734045283,-53.20648654330964,9,1.0
3108.338904051513,3.3862244129196473,-54.01337680155433,9,1.0
3129.9591108918903,3.4151782293523625,-54.83606966352094,9,1.0
3151.7296981631816,3.4432697789158597,-55.67375330224212,9,1.0
3173.651711844004,3.470061469717956,-56.52776238722456,9,1.0
3195.726205188326,3.4956703689172794,-57.397491257407616,9,1.0
3217.954238776082,3.5200027159692446,-58.28303572226237,9,1.0
3240.3368805641194,3.5427359373594007,-59.185122283781205,9,1.0
3262.8752059375156,3.5639882618015717,-60.10310288572374,9,1.0
3285.570297761241,3.583811824062151,-61.036571260118926,9,1.0
3308.4232464321876,3.6017929006405636,-61.98634472184518,9,1.0
3331.435149931559,3.617976000733241,-62.951937177987126,9,1.0
3354.607113877621,3.6321695401304215,-63.933438879227765,9,1.0
3377.9402515788224,3.644339934848493,-64.9305110398949,9,1.0
3401.4356840872842,3.6541232879008927,-65.94349022007036,9,1.0
3425.094540252663,3.661901319404941,-66.97109630678746,9,1.0
3448.9179567763854,3.667226158501806,-68.01375519811332,9,1.0
3472.9070782662598,3.670065289422397,-69.07097757738111,9,1.0
3497.0630572914743,3.6703031762822174,-70.14239755255515,9,1.0
3521.387054437968,3.6677367383773403,-71.22772687604854,9,1.0
3545.880238364193,3.662428710482618,-72.32623463311704,9,1.0
3570.543785857265,3.6542706574387926,-73.43743376239166,9,1.0
3595.378881889502,3.642792764946448,-74.56117331595087,9,1.0
3620.3867196753545,3.6285250323091995,-75.69613932897575,9,1.0
3645.5685007287366,3.610636087182708,-76.84238861416493,9,1.0
3670.9254349207527,3.589672800444797,-77.99862960911676,9,1.0
3696.458740537827,3.565082077562116,-79.16445555383775,9,1.0
3722.1696443402334,3.5371520693917797,-80.33883146681116,9,1.0
3748.0593816210417,3.5056185593842706,-81.52103133468133,9,1.0
3774.129196265462,3.470410555605972,-82.71016524174162,9,1.0
3800.3803408106105,3.431654840048731,-83.90530527799588,9,1.0
3826.8140765056887,3.388917098180827,-85.10552471528976,9,1.0
3853.43167337258,3.342531221272722,-86.30986017588654,9,1.0
3880.2344102668694,3.2920795365249873,-87.51723358261398,9,1.0
3907.223574939284,3.2379153322307657,-88.7267434259884,9,1.0
3934.400464097566,3.1800201149982716,-89.93743010344724,9,1.0
3961.7663834687746,3.118100026975923,-91.1480999607631,9,1.0
3989.322647862018,3.052251794759892,-92.35775718828224,9,1.0
4017.070581231624,2.9826750145288194,-93.56556127420326,9,1.0
4045.011516740754,2.909201069285419,-94.77032740614935,9,1.0
4073.1467968254487,2.8318605363953253,-95.97103599023372,9,1.0
4101.477773259132,2.750785777521283,-97.1668242331192,9,1.0
4130.005807217556,2.665932085010352,-98.35660224772141,9,1.0
4158.732269344197,2.5777205548761946,-99.54006514932746,9,1.0
4187.658539816113,2.485576464808628,-100.71522875462377,9,1.0
4216.78600841025,2.3901154958505115,-101.88221045662678,9,1.0
4246.116074570219,2.291056555308069,-103.03949259193814,9,1.0
4275.650147473531,2.1887505562835012,-104.18685680467132,9,1.0
4305.389646099301,2.0832834833046223,-105.32361004215653,9,1.0
4335.335999296423,1.9745759657489308,-106.4486561040215,9,1.0
4365.4906458522255,1.8627296354356435,-107.56133482008173,9,1.0
4395.8550345615895,1.7478500603750133,-108.6610361965331,9,1.0
4426.430624296562,1.6303717815284735,-109.74819790786533,9,1.0
4457.21888407645,1.5099101128069359,-110.82086401795557,9,1.0
4488.2212931383965,1.387059147333004,-111.88011507540708,9,1.0
4519.439341008452,1.2617626669259698,-112.92508350890438,9,1.0
4550.874527573141,1.1338229076622997,-113.95433164055113,9,1.0
4582.528363151522,1.0036629561189268,-114.96864177938528,9,1.0
4614.402368567757,0.8712428686745626,-115.96719940945218,9,1.0
4646.498075224173,0.7370381346525978,-116.95125793640841,9,1.0
4678.817025174842,0.6005750850181144,-117.91830413590966,9,1.0
4711.360771199674,0.4624641030427202,-118.87028886157782,9,1.0
4744.130876879015,0.32266265769984004,-119.80654122352604,9,1.0
4777.128916668773,0.18107033968573533,-120.7260737756045,9,1.0
4810.356475976061,0.03786216139971058,-121.62915684648009,9,1.0
4843.815151235375,-0.10660293704203856,-122.51707105458962,9,1.0
4877.506549985286,-0.2524289742821944,-123.38890963251947,9,1.0
4911.432290945683,-0.399522735139035,-124.24473414161264,9,1.0
4945.594004095541,-0.5477340334320566,-125.08495942535588,9,1.0
4979.9933307512365,-0.6971558706916814,-125.90870891045812,9,1.0
5014.631923645403,-0.847409528138202,-126.71776237853375,9,1.0
5049.511447006339,-0.9985943564121174,-127.51128099061569,9,1.0
5084.633576637967,-1.1506878328668129,-128.2890933880986,9,1.0
5120.000000000346,-1.3033974096853196,-129.05271928430693,9,1.0
5155.612416290749,-1.456925444997958,-129.80067466414272,9,1.0
5191.4725365253,-1.6109918946661281,-130.53450805434935,9,1.0
5227.582083621183,-1.765539257092838,-131.25443574225548,9,1.0
5263.942792479418,-1.9207576802273485,-131.95899168185377,9,1.0
5300.556410068212,-2.0762914494583664,-132.6504310519208,9,1.0
5337.424695506905,-2.2322352647967882,-133.3279758343721,9,1.0
5374.54942015047,-2.3884907657978687,-133.99220332821156,9,1.0
5411.932367674636,-2.5450112341520903,-134.64335633425668,9,1.0
5449.575334161574,-2.7017961092233636,-135.2813440554079,9,1.0
5487.480128186196,-2.8587581883123376,-135.9067508152419,9,1.0
5525.648570903045,-3.01589989479693,-136.51949030582017,9,1.0
5564.082496133798,-3.1731409114284235,-137.12014695433626,9,1.0
5602.78375045537,-3.330486358897592,-137.7086366089674,9,1.0
5641.754193288633,-3.4878236028739,-138.2858715868555,9,1.0
5680.995696987757,-3.6451628701605756,-138.85176401054363,9,1.0
5720.51014693016,-3.8025126888172527,-139.40622917333417,9,1.0
5760.2994416071,-3.959843915338872,-139.949512620089,9,1.0
5800.365492714889,-4.117023507701976,-140.4828327243348,9,1.0
5840.710225246731,-4.274136695200277,-141.00544527757333,9,1.0
5881.335577585225,-4.431159560180129,-141.51758751865995,9,1.0
5922.243501595481,-4.588036941823958,-142.01981350234564,9,1.0
5963.435962718906,-4.744750377189369,-142.51234857583955,9,1.0
6004.914940067636,-4.901251376515151,-142.99573050863273,9,1.0
6046.682426519615,-5.057587614117962,-143.46954243501946,9,1.0
6088.740428814354,-5.213652431260237,-143.93494080104097,9,1.0
6131.090967649341,-5.369641480641319,-144.38994996760937,9,1.0
6173.736077777122,-5.525246104031033,-144.83788938002868,9,1.0
6216.6778081030725,-5.6806886347851595,-145.27647840493594,9,1.0
6259.918221783827,-5.835870894767783,-145.70684506881048,9,1.0
6303.4593963264115,-5.9907300163916,-146.12978630605454,9,1.0
6347.303423688055,-6.145339438002672,-146.54457708045936,9,1.0
6391.4524103767,-6.299689574770881,-146.95140743032331,9,1.0
6435.9084775522115,-6.453721733572221,-147.35105512291446,9,1.0
6480.673761128287,-6.607431306242795,-147.74368906651998,9,1.0
6525.750411875079,-6.760838156341846,-148.1291822678314,9,1.0
6571.140595522531,-6.91396059187479,-148.50741216645008,9,1.0
6616.846492864425,-7.066769767452201,-148.87883547177006,9,1.0
6662.870299863169,-7.219261818711757,-149.24361106463496,9,1.0
6709.214227755292,-7.371411537404931,-149.6021768994305,9,1.0
6755.880503157695,-7.523238877389572,-149.95439665536338,9,1.0
6802.871368174619,-7.674783256669783,-150.2998601391483,9,1.0
6850.189080505378,-7.8259375739815615,-150.64010651250842,9,1.0
6897.835913552822,-7.97678439236484,-150.9741585982592,9,1.0
6945.814156532571,-8.127281933814649,-151.30270355416263,9,1.0
6994.126114583001,-8.277449754160894,-151.62559754483874,9,1.0
7042.774108875988,-8.427287257364801,-151.94296984524,9,1.0
7091.760476728439,-8.576830936882553,-152.25441471344467,9,1.0
7141.087571714584,-8.726006440903452,-152.5611223460879,9,1.0
7190.757763779057,-8.874833971061879,-152.86293785122547,9,1.0
7240.773439350762,-9.02331512825757,-153.15997123009328,9,1.0
7291.137001457528,-9.17151930517494,-153.4512998885991,9,1.0
7341.850869841561,-9.319361465957027,-153.7383295115956,9,1.0
7392.917481075709,-9.466828599327904,-154.02140829556046,9,1.0
7444.339288680522,-9.614020281534621,-154.299115156685,9,1.0
7496.118763242139,-9.760888304885128,-154.57231792056987,9,1.0
7548.258392530979,-9.907403798908271,-154.8416100152235,9,1.0
7600.760681621277,-10.053645041284984,-155.10585039749097,9,1.0
7653.628153011434,-10.199508737301068,-155.3668529297852,9,1.0
7706.863346745218,-10.345057801388226,-155.62372083799426,9,1.0
7760.468820533797,-10.490336447669437,-155.87582603350302,9,1.0
7814.447149878626,-10.63524791324982,-156.12493335985448,9,1.0
7868.800928195191,-10.779851790127799,-156.37016314370877,9,1.0
7923.532766937609,-10.924176865503659,-156.61113135643055,9,1.0
7978.645295724095,-11.068159121334944,-156.84908680682668,9,1.0
8034.141162463309,-11.21186694416513,-157.0829432494163,9,1.0
8090.023033481568,-11.35525148979471,-157.31369872157308,9,1.0
8146.293593650958,-11.498329055327938,-157.54119058239306,9,1.0
8202.955546518326,-11.641102984929837,-157.76548575026578,9,1.0
8260.011614435174,-11.783611908588503,-157.9859833083525,9,1.0
8317.464538688457,-11.925845628269265,-158.20298332233182,9,1.0
8375.317079632288,-12.067749688466563,-158.41765022822722,9,1.0
8433.572016820564,-12.209384958211151,-158.62894484947208,9,1.0
8492.232149140504,-12.350731811882028,-158.83736600154185,9,1.0
8551.300294947127,-12.491793681685646,-159.04297059011913,9,1.0
8610.779292198666,-12.632594942566687,-159.24539143949488,9,1.0
8670.671998592914,-12.77311727072962,-159.44511209697492,9,1.0
8730.981291704516,-12.913374180762746,-159.64197723837432,9,1.0
8791.710069123244,-13.05334872789744,-159.83645546655475,9,1.0
8852.86124859319,-13.19307401259861,-160.0279781592502,9,1.0
8914.437768152968,-13.332533267580825,-160.21700956060633,9,1.0
8976.44258627686,-13.471729875085575,-160.40359697685287,9,1.0
9038.878682016972,-13.610685562474,-160.5873875247833,9,1.0
9101.74905514635,-13.74938462382515,-160.76883167151328,9,1.0
9165.056726303115,-13.887821541992205,-160.94816943241807,9,1.0
9228.804737135582,-14.026008796683314,-161.12524401965825,9,1.0
9292.996150448414,-14.163975248637641,-161.29951783566506,9,1.0
9357.634050349754,-14.301689242280556,-161.4718116870885,9,1.0
9422.721542399418,-14.439170922536256,-161.6417804949548,9,1.0
9488.261753758103,-14.576431123389922,-161.80927903723898,9,1.0
9554.257833337617,-14.713424562119954,-161.97547547347378,9,1.0
9620.712951952195,-14.850218429360817,-162.13890516978896,9,1.0
9687.630302470823,-14.986768248448941,-162.30072535032676,9,1.0
9755.013099970645,-15.123130543477982,-162.45968511147214,9,1.0
9822.864581891441,-15.25923992783942,-162.6174691023783,9,1.0
9891.188008191157,-15.395144536338123,-162.77301604754342,9,1.0
9959.98666150255,-15.530832346495966,-162.92672318339996,9,1.0
10029.26384729088,-15.666299333514115,-163.07879877983615,9,1.0
10099.022894012754,-15.801583187374689,-163.2283934831621,9,1.0
10169.26715327601,-15.936651583510141,-163.3764233567368,9,1.0
10240.000000000768,-16.071507767611923,-163.52291360914302,9,1.0
10311.224832581574,-16.206174507736144,-163.66737573793716,9,1.0
10382.945073050678,-16.3406347029279,-163.8103550594266,9,1.0
10455.164167242447,-16.474904074043998,-163.95153827373264,9,1.0
10527.885584958914,-16.60897885076888,-164.09112319386418,9,1.0
10601.112820136505,-16.742861751960668,-164.22913599059288,9,1.0
10674.849391013888,-16.8765614434832,-164.36543789951517,9,1.0
10749.098840301021,-17.010080269085442,-164.50005783430083,9,1.0
10823.864735349352,-17.143408991520996,-164.63334759215593,9,1.0
10899.15066832323,-17.276567542706786,-164.7648457456036,9,1.0
10974.960256372473,-17.409546728981397,-164.89490166491856,9,1.0
11051.297141806172,-17.542343590668693,-165.02369607751177,9,1.0
11128.16499226768,-17.674971699671133,-165.15093409451518,9,1.0
11205.567500910824,-17.80743324266273,-165.27664123106584,9,1.0
11283.508386577352,-17.939719946125734,-165.40115099477407,9,1.0
11361.991393975597,-18.071844738164238,-165.5241744709751,9,1.0
11441.020293860403,-18.20380468153742,-165.64588752482408,9,1.0
11520.598883214287,-18.335607076441676,-165.76615942953444,9,1.0
11600.730985429864,-18.467249102153108,-165.88516273346337,9,1.0
11681.420450493551,-18.598733037622416,-166.00291651720752,9,1.0
11762.671155170538,-18.73006113025861,-166.11943946152383,9,1.0
11844.48700319105,-18.86124488013912,-166.2344577921059,9,1.0
11926.871925437901,-18.992267752144908,-166.34857581973515,9,1.0
12009.82988013536,-19.123145831234595,-166.46137295796245,9,1.0
12093.36485303932,-19.253885438728002,-166.5727270682055,9,1.0
12177.4808576288,-19.38447086015917,-166.68322780659867,9,1.0
12262.181935298773,-19.51491742059102,-166.79246361885777,9,1.0
12347.472155554336,-19.645222746675156,-166.9005932655615,9,1.0
12433.355616206238,-19.775392989939185,-167.0074942149569,9,1.0
12519.836443567749,-19.90542586617181,-167.11332236245704,9,1.0
12606.918792652916,-20.035327340995877,-167.21795664439514,9,1.0
12694.606847376202,-20.165091275767942,-167.32168530467393,9,1.0
12782.904820753494,-20.294731398179124,-167.42411742332393,9,1.0
12871.816955104521,-20.42423395853865,-167.52580572191718,9,1.0
12961.347522256672,-20.553608687471076,-167.6264938878195,9,1.0
13051.500823750257,-20.68286479533327,-167.72593351918582,9,1.0
13142.28119104516,-20.81200009389727,-167.8242741031048,9,1.0
13233.69298572895,-20.941005461584496,-167.92191891400662,9,1.0
13325.740599726436,-21.06989707214748,-168.0183626002745,9,1.0
13418.428455510686,-21.198662463576706,-168.1141320679209,9,1.0
13511.761006315492,-21.32732071251801,-168.20860320977692,9,1.0
13605.74273634934,-21.455859592573564,-168.30229753795746,9,1.0
13700.378161010858,-21.584284224146867,-168.3950998567267,9,1.0
13795.671827105747,-21.712592991196928,-168.48714513850967,9,1.0
13891.628313065248,-21.840797251397788,-168.57807498620875,9,1.0
13988.252229166108,-21.968891990974107,-168.6681490905182,9,1.0
14085.548217752083,-22.096875677086075,-168.75749899242993,9,1.0
14183.520953456982,-22.22475609866713,-168.84589358009174,9,1.0
14282.175143429275,-22.352534630876832,-168.93334620923778,9,1.0
14381.515527558222,-22.48020967605023,-169.0199878087799,9,1.0
14481.546878701633,-22.60777980357873,-169.1059455320471,9,1.0
14582.274002915165,-22.735255200184213,-169.19087864683522,9,1.0
14683.70173968323,-22.862625752983465,-169.27526297420175,9,1.0
14785.834962151528,-22.98990147086101,-169.3587600635036,9,1.0
14888.678577361155,-23.1170863508536,-169.44126856845622,9,1.0
14992.23752648439,-23.24417074939256,-169.5232533741902,9,1.0
15096.516785062071,-23.371164223210783,-169.60438327827083,9,1.0
15201.521363242668,-23.498065375658594,-169.6847807516822,9,1.0
15307.256306022984,-23.62487552398253,-169.76445465232015,9,1.0
15413.726693490553,-23.75159849551707,-169.84330440070093,9,1.0
15520.93764106771,-23.87823047196125,-169.92155793995644,9,1.0
15628.894299757369,-24.004777734890705,-169.9990059116171,9,1.0
15737.6018563905,-24.13123899897082,-170.0757658526475,9,1.0
15847.065533875337,-24.257615490016924,-170.15184587590613,9,1.0
15957.29059144831,-24.383910757749344,-170.22714867359332,9,1.0
16068.282324926739,-24.510121273239793,-170.30189344186076,9,1.0
16180.046066963258,-24.63625285855628,-170.3758780930629,9,1.0
16292.587187302037,-24.762297619800794,-170.44952437458255,9,1.0
16405.911093036775,-24.888270218799068,-170.52221966525488,9,1.0
16520.023228870472,-25.014169305071764,-170.59407958789308,9,1.0
16634.92907737704,-25.13998510711174,-170.66561933887894,9,1.0
16750.634159264704,-25.265727426966112,-170.73643946127578,9,1.0
16867.144033641256,-25.391397243425196,-170.80654915973298,9,1.0
16984.464298281135,-25.516991440374127,-170.87615447267487,9,1.0
17102.600589894384,-25.642517187505234,-170.94496666813424,9,1.0
17221.558584397462,-25.767965431519904,-171.01348194668878,9,1.0
17341.343997185955,-25.893349160455013,-171.08112239614357,9,1.0
17461.962583409164,-26.01866334541465,-171.1481877253066,9,1.0
17583.42013824662,-26.143907081793834,-171.2147791719049,9,1.0
17705.72249718651,-26.26908515643911,-171.28071239967102,9,1.0
17828.875536306066,-26.394194771122088,-171.34618269629414,9,1.0
17952.885172553855,-26.519240571321152,-171.41100831836087,9,1.0
18077.75736403408,-26.644219842625816,-171.4753816087766,9,1.0
18203.498110292836,-26.769138848936862,-171.53903187456834,9,1.0
18330.113452606365,-26.893994878585733,-171.60215056939435,9,1.0
18457.609474271307,-27.018787120925044,-171.66483352075144,9,1.0
18585.99230089697,-27.143519888354767,-171.7269052904999,9,1.0
18715.26810069965,-27.26818901206169,-171.78863993263295,9,1.0
18845.44308479898,-27.39280526689408,-171.8495096602052,9,1.0
18976.523507516347,-27.517354760578524,-171.9103157212228,9,1.0
19108.51566667538,-27.64185291061217,-171.9702713226068,9,1.0
19241.425903904536,-27.766294020704336,-172.02973449476158,9,1.0
19375.260604941792,-27.890674294119762,-172.08896736530056,9,1.0
19510.026199941436,-28.015005314310955,-172.1473739263394,9,1.0
19645.729163783028,-28.13927716658843,-172.2055576647316,9,1.0
19782.376016382463,-28.263498161175598,-172.2630987673807,9,1.0
19919.973323005244,-28.387666035588417,-172.32017215246358,9,1.0
20058.527694581913,-28.511780115388333,-172.37686517218106,9,1.0
20198.045788025658,-28.63584401116178,-172.43301664803428,9,1.0
20338.53430655217,-28.7598570057034,-172.48871440298214,9,1.0
20480.00000000169,-28.88382118071643,-172.54388212805858,9,1.0
20622.4496651633,-29.007734497964186,-172.59868656560525,9,1.0
20765.890146101516,-29.131599038838548,-172.65305069413017,9,1.0
20910.32833448505,-29.255416795444532,-172.7068997574574,9,1.0
21055.771169917985,-29.379185818164785,-172.76039682818367,9,1.0
21202.22564027317,-29.502909365225385,-172.81338848790662,9,1.0
21349.698782027936,-29.626584295832604,-172.86611282190873,9,1.0
21498.197680602203,-29.75021751798412,-172.91818633546234,9,1.0
21647.72947069887,-29.873803449992373,-172.96999957461202,9,1.0
21798.301336646622,-29.997347606867876,-173.02125023044854,9,1.0
21949.920512745113,-30.120848152127312,-173.07209593731957,9,1.0
22102.59428361251,-30.24430222042469,-173.1227645729586,9,1.0
22256.32998453553,-30.367717426467046,-173.17281035981696,9,1.0
22411.135001821818,-30.491089709738446,-173.22253629293144,9,1.0
22567.01677315487,-30.61442192740145,-173.2717983753385,9,1.0
22723.98278795137,-30.737713516073768,-173.3206744168615,9,1.0
22882.04058772098,-30.86096396884299,-173.36924007677143,9,1.0
23041.197766428744,-30.984176020723222,-173.41735436866867,9,1.0
23201.4619708599,-31.107348085470413,-173.46516437839213,9,1.0
23362.840900987278,-31.230483851784726,-173.5124605978956,9,1.0
23525.342310341253,-31.353579699955883,-173.55952946420325,9,1.0
23688.974006382276,-31.476639257736863,-173.60616290364842,9,1.0
23853.743850875984,-31.5996610287681,-173.65250376055687,9,1.0
24019.6597602709,-31.722650441289076,-173.69821137725066,9,1.0
24186.729706078822,-31.845600156651898,-173.74383898968102,9,1.0
24354.96171525778,-31.968515574191425,-173.78904634836522,9,1.0
24524.363870597732,-32.09139714684477,-173.83383809970977,9,1.0
24694.944311108862,-32.21424440266325,-173.8782853930698,9,1.0
24866.711232412665,-32.337056010832335,-173.92252351011737,9,1.0
25039.672887135683,-32.45983698744196,-173.96622457897678,9,1.0
25213.837585306024,-32.58258328301731,-174.00972161227944,9,1.0
25389.213694752598,-32.70529803637985,-174.05282072374425,9,1.0
25565.809641507185,-32.8279825183266,-174.09546201073135,9,1.0
25743.63391020923,-32.9506328886237,-174.1379699768402,9,1.0
25922.695044513537,-33.07325385086485,-174.18002677586364,9,1.0
26103.00164750071,-33.19584167306306,-174.22195228201488,9,1.0
26284.562382090517,-33.318402538357894,-174.26330826975206,9,1.0
26467.385971458098,-33.44093195485246,-174.304474686759,9,1.0
26651.481199453076,-33.56343354319495,-174.34520538969477,9,1.0
26836.856911021572,-33.68590455207408,-174.38575004427787,9,1.0
27023.522012631187,-33.80834621207879,-174.42604793607313,9,1.0
27211.485472698885,-33.93076045272836,-174.46597981040279,9,1.0
27400.75632202192,-34.053148369428506,-174.50548959469054,9,1.0
27591.3436542117,-34.17550881920745,-174.54470098612717,9,1.0
27783.256626130707,-34.29784073586033,-174.58373418866768,9,1.0
27976.504458332423,-34.420146672318694,-174.62241319580795,9,1.0
28171.096435504372,-34.54242625103467,-174.66079942147732,9,1.0
28367.04190691418,-34.66467981094173,-174.69889470668286,9,1.0
28564.35028685876,-34.78690835273283,-174.73664332677518,9,1.0
28763.031055116662,-34.90911080405496,-174.7741615681747,9,1.0
28963.093757403483,-35.031288112614256,-174.81139244046275,9,1.0
29164.548005830547,-35.153440475295156,-174.84833590221973,9,1.0
29367.403479366687,-35.275569264203,-174.88487923964715,9,1.0
29571.669924303278,-35.397671776167364,-174.92124272149533,9,1.0
29777.35715472254,-35.519749384424564,-174.95725208096675,9,1.0
29984.475052969006,-35.64179925732523,-174.99300334972224,9,1.0
30193.03357012437,-35.76381887324395,-175.02830441822354,9,1.0
30403.042726485564,-35.8857921895022,-175.063316894292,9,1.0
30614.512612046197,-36.00766842199178,-175.09787696809542,9,1.0
30827.45338698134,-36.12927628857421,-175.1330469183837,9,1.0
31041.875282135654,-36.25128691265176,-175.17130700409322,9,1.0
31257.788599514974,-36.37354506677231,-175.20550609718046,9,1.0
31475.203712781236,-36.49555218304766,-175.23893730408054,9,1.0
31694.13106775091,-36.617473310871176,-175.272425140379,9,1.0
31914.581182896858,-36.739354422199206,-175.3057926623159,9,1.0
32136.564649853717,-36.861208883426315,-175.33888379874313,9,1.0
32360.09213392676,-36.98303945638038,-175.3718247455633,9,1.0
32585.17437460432,-37.10484967460929,-175.40445033429057,9,1.0
32811.8221860738,-37.226638506579555,-175.43695463106917,9,1.0
33040.04645774119,-37.34840868416391,-175.4691343546671,9,1.0
33269.85815475433,-37.47015916386849,-175.50113716524024,9,1.0
33501.26831852966,-37.59189036094752,-175.53296156362444,9,1.0
33734.28806728276,-37.713603601741866,-175.56451002568176,9,1.0
33968.928596562524,-37.83529774428245,-175.5959283536271,9,1.0
34205.20117978902,-37.956975461506545,-175.62697703080462,9,1.0
34443.11716879519,-38.07863557601717,-175.65780231986153,9,1.0
34682.68799437217,-38.20027789194098,-175.6884525239069,9,1.0
34923.92516681859,-38.32190358035524,-175.71883462119692,9,1.0
35166.8402764935,-38.44351242356587,-175.74899738042436,9,1.0
35411.44499437329,-38.56510334864906,-175.77908036919519,9,1.0
35657.7510726124,-38.68667923218629,-175.80880781645047,9,1.0
35905.77034510798,-38.80823897243118,-175.8383202769529,9,1.0
36155.51472806843,-38.92978279378259,-175.86761918882289,9,1.0
36406.99622058595,-39.05131091608307,-175.89670596530124,9,1.0
36660.22690521301,-39.17282314701246,-175.92562643348097,9,1.0
36915.21894854289,-39.29432051788427,-175.95429270537065,9,1.0
37171.98460179422,-39.415802820674855,-175.9827508028665,9,1.0
37430.53620139958,-39.53727025496852,-176.01100189316367,9,1.0
37690.88616959824,-39.6587233988403,-176.0390038049734,9,1.0
37953.04701503298,-39.78016090134802,-176.06692999415267,9,1.0
38217.03133335104,-39.901585605902206,-176.09448010369263,9,1.0
38482.85180780936,-40.02299539227485,-176.1219119733593,9,1.0
38750.521209883875,-40.14439115684887,-176.14913965662498,9,1.0
39020.05239988316,-40.26577336083503,-176.17612062001476,9,1.0
39291.458327566346,-40.38714132549707,-176.2029367210622,9,1.0
39564.752032765224,-40.5084953554963,-176.22954227821552,9,1.0
39839.94664601079,-40.629835533725725,-176.25588970483696,9,1.0
40117.05538916413,-40.7511604742099,-176.2820485887563,9,1.0
40396.09157605162,-40.8724697977572,-176.30783305920437,9,1.0
40677.068613104646,-40.993756810236064,-176.33343624574567,9,1.0
40960.00000000368,-41.11500707882214,-176.35866240708035,9,1.0
41244.899330326916,-41.23615452411719,-176.38303992788298,9,1.0
41531.78029220334,-41.356763631627246,-176.40759613789086,9,1.0
41820.65666897041,-41.478118389332145,-176.4411595297825,9,1.0
42111.54233983629,-41.59995140424363,-176.46498414761132,9,1.0
42404.45128054665,-41.721304694053536,-176.48871765499126,9,1.0
42699.3975640562,-41.842565159726355,-176.51280505673932,9,1.0
42996.39536120473,-41.96379311296209,-176.53690283153074,9,1.0
43295.458941398065,-42.08500179523554,-176.56097806765777,9,1.0
43596.60267329357,-42.206196609582435,-176.58487053170717,9,1.0
43899.84102549055,-42.32737828406191,-176.6087068129559,9,1.0
44205.18856722535,-42.44854862122975,-176.63236284989125,9,1.0
44512.659969071385,-42.56970760982093,-176.65590575947166,9,1.0
44822.27000364397,-42.6908559000086,-176.67929475118837,9,1.0
45134.033546310086,-42.811994032724456,-176.7024917561293,9,1.0
45447.96557590307,-42.933122218431436,-176.72549650615247,9,1.0
45764.081175442305,-43.054240117148765,-176.74838040648822,9,1.0
46082.39553285784,-43.17534791172239,-176.77114276368076,9,1.0
46402.92394172015,-43.29644678342363,-176.79364309590179,9,1.0
46725.681801974904,-43.417535853254,-176.81602326000777,9,1.0
47050.68462068286,-43.53861527552631,-176.8382832020582,9,1.0
47377.94801276491,-43.65968544171585,-176.8603886838376,9,1.0
47707.487701752325,-43.78074696462985,-176.88227244950488,9,1.0
48039.319520542165,-43.90179901226751,-176.90407210580818,9,1.0
48373.45941215801,-44.02284219785854,-176.92572000968127,9,1.0
48709.923430515926,-44.14387733501721,-176.9471170878323,9,1.0
49048.72774119583,-44.264903161555566,-176.96846512655097,9,1.0
49389.888622218095,-44.38592094226618,-176.98959861199876,9,1.0
49733.4224648257,-44.50692989799286,-177.01065056535867,9,1.0
50000.0,-44.60025110209931,-177.02676405716701,9,1.0
