frequency_Hz,mag_dB,phase_deg,step_index,step_k
10.0,-34.492796918749725,-0.1286127483742049,0,0.1
10.069555500567189,-34.49304827056465,-0.12886871383998133,0,0.1
10.139594797900294,-34.49333234491053,-0.12911828921388227,0,0.1
10.210121257071936,-34.493604431661964,-0.12935640631692807,0,0.1
10.281138266560667,-34.49387732061614,-0.12958418700257524,0,0.1
10.352649238413779,-34.49417657639843,-0.12980421183774737,0,0.1
10.424657608411218,-34.49445110613163,-0.13001055881934434,0,0.1
10.497166836230678,-34.49474563864253,-0.13020794201270836,0,0.1
10.57018040561381,-34.495034635121904,-0.13039323403265576,0,0.1
10.643701824533608,-34.4953308838413,-0.13056760743942708,0,0.1
10.71773462536294,-34.49562801041749,-0.13073006257520597,0,0.1
10.792282365044281,-34.495932415247125,-0.13088106003021277,0,0.1
10.867348625260592,-34.496231338125384,-0.13101883224198976,0,0.1
10.942937012607405,-34.496543952981604,-0.13114533566302183,0,0.1
11.019051158766118,-34.49685750024662,-0.13125878928659668,0,0.1
11.095694720678463,-34.497159222275044,-0.1313573617963715,0,0.1
11.172871380722214,-34.4974746782078,-0.13144380458618565,0,0.1
11.250584846888108,-34.49779749602557,-0.13151706825384235,0,0.1
11.328838852958,-34.4981276901425,-0.13157686020456313,0,0.1
11.407637158684253,-34.49844611980177,-0.1316205129466511,0,0.1
11.486983549970367,-34.49877834158803,-0.13165085727915435,0,0.1
11.566881839052892,-34.4991116005859,-0.1316660020090696,0,0.1
11.647335864684578,-34.49944591286401,-0.13166562047827665,0,0.1
11.728349492318808,-34.49977491051287,-0.1316485667639216,0,0.1
11.809926614295325,-34.500117762812934,-0.13161695152225225,0,0.1
11.892071150027233,-34.50047448520572,-0.13157047396786403,0,0.1
11.97478704618931,-34.5008195592744,-0.13150549255548533,0,0.1
12.05807827690763,-34.5011721536791,-0.13142414415536843,0,0.1
12.141948843950495,-34.501532285350606,-0.1313260973884313,0,0.1
12.226402776920713,-34.50189997148132,-0.13121101714025957,0,0.1
12.31144413344919,-34.50224969939889,-0.13107512188179482,0,0.1
12.397076999389895,-34.50263254814974,-0.13092492755017812,0,0.1
12.48330548901615,-34.502997476481355,-0.13075317513573712,0,0.1
12.570133745218314,-34.50336365109941,-0.13056207568810038,0,0.1
12.657565939702833,-34.50373747292767,-0.13035214217844066,0,0.1
12.745606273192656,-34.50411896090098,-0.1301230165434927,0,0.1
12.834258975629076,-34.50450813424709,-0.12987433711433266,0,0.1
12.923528306374958,-34.50489225103509,-0.1296039205487735,0,0.1
13.013418554419374,-34.50529047409779,-0.12931410373631827,0,0.1
13.10393403858367,-34.50567730201367,-0.12900084195887046,0,0.1
13.195079107728983,-34.50607827740991,-0.1286674165279562,0,0.1
13.286858140965156,-34.50648066098461,-0.12831159338585896,0,0.1
13.379275547861162,-34.506884474713246,-0.127932967091205,0,0.1
13.472335768656947,-34.50729612002047,-0.12753208139016461,0,0.1
13.566043274476765,-34.50771561872068,-0.12710854599626695,0,0.1
13.660402567544,-34.5081238574164,-0.12665906304835503,0,0.1
13.755418181397484,-34.5085527524096,-0.12618804554113625,0,0.1
13.851094681109295,-34.50896405715713,-0.12568923822556605,0,0.1
13.947436663504105,-34.50938968670744,-0.1251671007267045,0,0.1
14.044448757380025,-34.509836041175,-0.12462224873572826,0,0.1
14.142135623731003,-34.5102648803678,-0.12404827689877757,0,0.1
14.240501955970773,-34.510695362542535,-0.12344772200217688,0,0.1
14.33955248015833,-34.51113388985265,-0.12282116680087253,0,0.1
14.439291955225018,-34.511586863651004,-0.1221692234745628,0,0.1
14.539725173203164,-34.5120415568359,-0.12148941526127456,0,0.1
14.640856959456315,-34.512485245195336,-0.12077919663912766,0,0.1
14.742692172911074,-34.512943458866495,-0.12004229045263276,0,0.1
14.845235706290554,-34.51340984878822,-0.11927722667349216,0,0.1
14.94849248634945,-34.513865318322104,-0.11848035226002127,0,0.1
15.05246747411074,-34.51433539515912,-0.11765548271509405,0,0.1
15.15716566510405,-34.51480735847568,-0.11680002454963274,0,0.1
15.26259208960566,-34.51526849044506,-0.11591131237361157,0,0.1
15.368751812880195,-34.51575068963458,-0.11499436594954117,0,0.1
15.475649935423972,-34.51622849148171,-0.11404432458445506,0,0.1
15.58329159321007,-34.51672741856106,-0.11306519286906522,0,0.1
15.69168195793509,-34.51721563752619,-0.11205089957025385,0,0.1
15.800826237267621,-34.51770592622703,-0.11100320120486999,0,0.1
15.910729675098453,-34.518198316974555,-0.10992161761746719,0,0.1
16.02139755179252,-34.51869921392725,-0.10880682980151858,0,0.1
16.13283518444261,-34.51920864938991,-0.10765838197450564,0,0.1
16.245047927124794,-34.5197075442231,-0.10647227089538705,0,0.1
16.358041171155712,-34.520215045737686,-0.10525152701070492,0,0.1
16.471820345351553,-34.52073118777251,-0.1039956903017397,0,0.1
16.586390916288924,-34.521249635086455,-0.1027030887432197,0,0.1
16.70175838856748,-34.521764054358755,-0.10137201012740223,0,0.1
16.817928305074386,-34.52229358982177,-0.10000562477400765,0,0.1
16.93490624725064,-34.522825539310915,-0.0986010172374173,0,0.1
17.052697835359233,-34.52334720406739,-0.09715519129730184,0,0.1
17.17130872875518,-34.523884095673544,-0.09567263552317416,0,0.1
17.290744626157405,-34.52442351580315,-0.09415037242453665,0,0.1
17.411011265922586,-34.52496550378713,-0.0925879057417827,0,0.1
17.53211442632081,-34.525503732817356,-0.09098344643733668,0,0.1
17.654059925813208,-34.5260637098885,-0.08934167760706214,0,0.1
17.776853623331515,-34.526613642948895,-0.08765562986612702,0,0.1
17.900501418559564,-34.52716630714396,-0.08592739088335374,0,0.1
18.02500925221672,-34.52772811005226,-0.08415779897677837,0,0.1
18.150383106343334,-34.528279999043974,-0.08234235186648606,0,0.1
18.27662900458813,-34.52884747782321,-0.08048591631099608,0,0.1
18.403753012497624,-34.52943058836822,-0.07858806336606337,0,0.1
18.53176123780754,-34.52998482757638,-0.07663870861844886,0,0.1
18.660659830736275,-34.53055478984766,-0.07464692570767628,0,0.1
18.790454984280366,-34.53114051916027,-0.0726122899299853,0,0.1
18.921152934512047,-34.531729335074,-0.07053155103607783,0,0.1
19.05275996087888,-34.53230856101686,-0.0684013681691355,0,0.1
19.18528238650542,-34.532890971133256,-0.06622405754071885,0,0.1
19.31872657849705,-34.53348297578551,-0.06400058146948881,0,0.1
19.453098948245852,-34.53407826262993,-0.06172902956309423,0,0.1
19.588405951738682,-34.53466416112641,-0.059405972514838014,0,0.1
19.72465408986733,-34.53525980524984,-0.057035313175619516,0,0.1
19.861849908740865,-34.535871605491025,-0.05461810739823881,0,0.1
20.00000000000015,-34.5364805342001,-0.052149423159007474,0,0.1
20.13911100113453,-34.53707392830798,-0.04962570507614589,0,0.1
20.279189595800737,-34.53768999666326,-0.04705558128731765,0,0.1
20.42024251414402,-34.538297000231445,-0.04443095836683823,0,0.1
20.56227653312149,-34.53890771264517,-0.04175441724946836,0,0.1
20.70529847682771,-34.53953490501498,-0.03902864451143193,0,0.1
20.849315216822593,-34.540140491320415,-0.03624373996816295,0,0.1
20.994333672461515,-34.54076902969417,-0.033410292674027973,0,0.1
21.14036081122778,-34.541401507483116,-0.030523131783456555,0,0.1
21.28740364906737,-34.542018917896115,-0.027576931713368537,0,0.1
21.43546925072604,-34.54264674609704,-0.024577690609060957,0,0.1
21.584564730088722,-34.543285052443274,-0.021525011612298462,0,0.1
21.734697250521346,-34.543908480972775,-0.018411832502925187,0,0.1
21.885874025214974,-34.54454886827152,-0.015246008323168261,0,0.1
22.038102317532406,-34.54518721569932,-0.012022112538688328,0,0.1
22.191389441357092,-34.545817236704465,-0.008737975011868782,0,0.1
22.345742761444598,-34.54647711547058,-0.0054034405633521555,0,0.1
22.501169693776383,-34.54710974442956,-0.002002628533625194,0,0.1
22.657677705916175,-34.54775330833241,0.0014545632682110448,0,0.1
22.815274317368676,-34.54841422604193,0.004966721169005853,0,0.1
22.973967099940907,-34.54905445968128,0.008544840824500398,0,0.1
23.13376367810596,-34.549718538165635,0.012176906104439354,0,0.1
23.29467172936933,-34.550362079511785,0.015875845813204587,0,0.1
23.456698984637793,-34.55102325894884,0.019631250932383788,0,0.1
23.619853228590827,-34.55167040211387,0.02345260908491449,0,0.1
23.784142300054643,-34.55232898236535,0.02733298744663552,0,0.1
23.949574092378796,-34.55298637774043,0.031276440153069865,0,0.1
24.11615655381544,-34.553642666375545,0.03528336088773325,0,0.1
24.28389768790117,-34.55431062214935,0.03935032756867242,0,0.1
24.452805553841607,-34.55496493505558,0.04348530809901561,0,0.1
24.622888266898567,-34.55563742137216,0.047679088844607094,0,0.1
24.794153998779972,-34.55630277543134,0.05193970312458644,0,0.1
24.966610978032485,-34.55696742764668,0.05626559015407715,0,0.1
25.140267490436816,-34.55763780773647,0.06065511713876423,0,0.1
25.315131879405854,-34.558301310731146,0.065112584485792,0,0.1
25.4912125463855,-34.55897705752911,0.06963232355063777,0,0.1
25.668517951258348,-34.55963975826997,0.07422270759022465,0,0.1
25.847056612750112,-34.56032122153231,0.07887389719012536,0,0.1
26.026837108838944,-34.56098981910709,0.08359640409277844,0,0.1
26.20786807716754,-34.56166467253493,0.088384377227451,0,0.1
26.390158215458165,-34.562333189151644,0.09324227392924415,0,0.1
26.573716281930512,-34.56300180577094,0.09816831641953361,0,0.1
26.758551095722524,-34.56367695863261,0.10316064884786262,0,0.1
26.944671537314093,-34.56435874275403,0.10821949372242111,0,0.1
27.13208654895373,-34.565021893498795,0.11335376846325773,0,0.1
27.320805135088207,-34.56569821266101,0.1185529245966297,0,0.1
27.510836362795175,-34.5663687796976,0.12382374144783742,0,0.1
27.7021893622188,-34.56703369737272,0.12916651689678812,0,0.1
27.89487332700842,-34.56771208511576,0.13457479239725167,0,0.1
28.088897514760255,-34.56839136830814,0.14005321830656678,0,0.1
28.284271247462218,-34.569058977212755,0.14560658593366071,0,0.1
28.48100391194176,-34.56973403258843,0.1512282985708005,0,0.1
28.679104960316874,-34.570403967852016,0.15692314987780506,0,0.1
28.878583910450253,-34.57108790251156,0.16268435376883897,0,0.1
29.079450346406546,-34.57174793004103,0.16852616277164248,0,0.1
29.28171391891285,-34.572428515461134,0.17443229589846135,0,0.1
29.485384345822368,-34.57309175906124,0.18041716464056745,0,0.1
29.690471412581335,-34.57375678334647,0.18647383164368148,0,0.1
29.896984972699123,-34.57443637298741,0.19259755548678292,0,0.1
30.104934948221704,-34.57509897544541,0.19880067580919855,0,0.1
30.314331330208326,-34.5757700468498,0.20507356442247765,0,0.1
30.52518417921155,-34.57643070878718,0.21142379733133396,0,0.1
30.73750362576062,-34.57710008331842,0.21784403008805583,0,0.1
30.951299870848175,-34.57775929769841,0.2243419452978073,0,0.1
31.16658318642038,-34.57842747447189,0.2309100560456022,0,0.1
31.38336391587042,-34.57908574662107,0.23755615344148195,0,0.1
31.60165247453548,-34.57974690669365,0.24427521777944097,0,0.1
31.82145935019715,-34.58040475500677,0.2510699488834753,0,0.1
32.04279510358529,-34.581053095211104,0.25794312464883573,0,0.1
32.26567036888546,-34.581704722146014,0.26488957108706035,0,0.1
32.49009585424984,-34.58237242891329,0.2719039295585143,0,0.1
32.716082342311665,-34.58301205098835,0.27900514905303,0,0.1
32.94364069070335,-34.58366802957542,0.2861743781173285,0,0.1
33.172781832578096,-34.58431519224072,0.29342256233221325,0,0.1
33.40351677713521,-34.5849663380838,0.3007442628687012,0,0.1
33.63585661014903,-34.58561528432744,0.3081422880293188,0,0.1
33.86981249450153,-34.58624952530273,0.3156223658814557,0,0.1
34.10539567071872,-34.58688819007798,0.3231761060432256,0,0.1
34.34261745751061,-34.587531428037956,0.3308034784360716,0,0.1
34.58148925231507,-34.58816041505616,0.33851316436228274,0,0.1
34.822022531845434,-34.58880060670906,0.3462936077396942,0,0.1
35.064228852641875,-34.589426859542456,0.3541564999631539,0,0.1
35.30811985162668,-34.590051981855865,0.3620960358114649,0,0.1
35.55370724666329,-34.59068245712792,0.3701092120730862,0,0.1
35.80100283711939,-34.59131212299952,0.37819897567688754,0,0.1
36.05001850443371,-34.59192217528813,0.38637447044965306,0,0.1
36.30076621268694,-34.59253807263851,0.39462358487207383,0,0.1
36.55325800917653,-34.593159981767236,0.40294621329954217,0,0.1
36.80750602499552,-34.59376910685405,0.4113516280207869,0,0.1
37.06352247561536,-34.59437194332941,0.41983678151757137,0,0.1
37.32131966147283,-34.594974987166,0.4283985176014073,0,0.1
37.58090996856101,-34.595591055248015,0.43703036318273736,0,0.1
37.84230586902438,-34.5961824036225,0.44575148846462337,0,0.1
38.105519921758045,-34.59678081532506,0.45454583854828573,0,0.1
38.37056477301113,-34.59736751410787,0.4634231081979646,0,0.1
38.63745315699439,-34.597967962480084,0.4723701186812549,0,0.1
38.906197896491996,-34.59855707124068,0.48139996868860097,0,0.1
39.176811903477656,-34.59914134999909,0.4905093495748415,0,0.1
39.449308179734956,-34.59971467363926,0.4997016257420473,0,0.1
39.72369981748203,-34.60028987298229,0.5089700015357801,0,0.1
40.000000000000604,-34.6008608271357,0.5183178015558855,0,0.1
40.27822200226936,-34.60143405240034,0.5277415006955699,0,0.1
40.55837919160177,-34.60199711698115,0.5372479708653958,0,0.1
40.840485028288356,-34.6025565422812,0.5468337026860538,0,0.1
41.124553066243294,-34.603112535095335,0.5564986298330856,0,0.1
41.410596953655734,-34.6036653046526,0.5662426799233709,0,0.1
41.6986304336455,-34.60422137764023,0.5760621544908149,0,0.1
41.98866734492334,-34.60476833799905,0.585964179977445,0,0.1
42.28072162245588,-34.60530640351683,0.5959487535647057,0,0.1
42.57480729813507,-34.60584842244762,0.606008451098667,0,0.1
42.8709385014524,-34.60637567480069,0.6161542957032128,0,0.1
43.16912946017777,-34.606919953665184,0.6263675182982629,0,0.1
43.46939450104301,-34.60744991835759,0.6366667257164925,0,0.1
43.771748050430276,-34.607959488023134,0.6470558088081729,0,0.1
44.07620463506514,-34.60848677226322,0.6575117602433626,0,0.1
44.38277888271451,-34.609000443342836,0.6680536248925508,0,0.1
44.69148552288952,-34.60949442948383,0.6786853736199293,0,0.1
45.00233938755311,-34.61001315444865,0.689379474621269,0,0.1
45.315355411832684,-34.610512680355185,0.7001632951253562,0,0.1
45.63054863473769,-34.61099956736503,0.7110329496864813,0,0.1
45.947934199882155,-34.61149299842522,0.7219763256156044,0,0.1
46.26752735621227,-34.61198691482277,0.7329972427831357,0,0.1
46.58934345873901,-34.612468952022304,0.744103756703983,0,0.1
46.913397969275934,-34.61293937013315,0.7552958864172042,0,0.1
47.23970645718201,-34.613417360524146,0.7665611106729666,0,0.1
47.56828460010965,-34.61388425940213,0.7779117790809564,0,0.1
47.89914818475796,-34.61435295374119,0.7893394068493406,0,0.1
48.232313107631235,-34.614804788434704,0.8008566320349605,0,0.1
48.5677953758027,-34.61525896475,0.8124506145923661,0,0.1
48.90561110768358,-34.61570945166475,0.8241254912111743,0,0.1
49.2457765337975,-34.6161502223881,0.8358855292437383,0,0.1
49.58830799756032,-34.616594177157836,0.847721880834749,0,0.1
49.933221956065346,-34.617022680791735,0.859647669855964,0,0.1
50.280534980874016,-34.61745494695275,0.871649518280249,0,0.1
50.630263758812085,-34.61787865545069,0.8837362278519095,0,0.1
50.982425092771386,-34.61830671786656,0.8958986502384025,0,0.1
51.33703590251707,-34.618720515419646,0.908150309296124,0,0.1
51.69411322550061,-34.61912666015663,0.9204866392871547,0,0.1
52.05367421767828,-34.61953176668668,0.9329029260743342,0,0.1
52.41573615433548,-34.61992984081081,0.945403707504551,0,0.1
52.78031643091672,-34.62033380928291,0.9579794472514898,0,0.1
53.14743256386143,-34.62071246369459,0.9706537348918246,0,0.1
53.517102191445446,-34.62109765428518,0.9834027712688715,0,0.1
53.8893430746286,-34.62148340153093,0.9962311064474498,0,0.1
54.264173097907864,-34.62185742575044,1.0091483211235401,0,0.1
54.64161027017682,-34.62222006154576,1.022154441062896,0,0.1
55.02167272559077,-34.62257795155378,1.0352445231857608,0,0.1
55.40437872443802,-34.6229440455845,1.048408462356523,0,0.1
55.78974665401725,-34.62329977610071,1.0616610457932787,0,0.1
56.17779502952094,-34.623639189159235,1.0750073584221223,0,0.1
56.56854249492486,-34.623987853337354,1.0884270353636176,0,0.1
56.962007823883944,-34.624333517871946,1.1019300339856786,0,0.1
57.358209920634174,-34.62465763407988,1.115531820676525,0,0.1
57.75716782090094,-34.62497947780915,1.1292168953892274,0,0.1
58.158900692813525,-34.625305721129024,1.1429798309348007,0,0.1
58.56342783782614,-34.625617828418314,1.1568363150899579,0,0.1
58.97076869164518,-34.62593508585134,1.170770343023346,0,0.1
59.38094282516311,-34.626232664453134,1.1848032357865534,0,0.1
59.79396994539869,-34.626529858269826,1.1989188515020988,0,0.1
60.209869896443855,-34.626827057189914,1.2131170036626893,0,0.1
60.628662660417106,-34.62711835326207,1.2274030258485373,0,0.1
61.05036835842356,-34.62739784331268,1.2417824117149479,0,0.1
61.4750072515217,-34.627672232717416,1.2562495883147415,0,0.1
61.90259974169682,-34.627948230726226,1.2707988037536855,0,0.1
62.33316637284123,-34.628201042213554,1.2854526287574497,0,0.1
62.766727831741306,-34.62846889378258,1.3001768750967715,0,0.1
63.20330494907143,-34.62873330084237,1.3149883928536035,0,0.1
63.642918700394766,-34.62898208589232,1.329898714472742,0,0.1
64.08559020717105,-34.629221980500965,1.3449020866321626,0,0.1
64.5313407377714,-34.629472322761856,1.3599807259336139,0,0.1
64.98019170850016,-34.629695744375745,1.375170001736159,0,0.1
65.43216468462381,-34.62991789388483,1.3904462337896775,0,0.1
65.8872813814072,-34.63013291839692,1.4058152966436692,0,0.1
66.34556366515669,-34.630360173633775,1.4212588201328713,0,0.1
66.80703355427093,-34.63056861244064,1.4368070711337066,0,0.1
67.27171322029855,-34.63075869756713,1.4524602469483225,0,0.1
67.73962498900357,-34.63095609944292,1.4681935608378114,0,0.1
68.21079134143795,-34.631161289691434,1.484006626820408,0,0.1
68.68523491502174,-34.63134954211619,1.4999243982130277,0,0.1
69.16297850463066,-34.6315276391628,1.5159406440254262,0,0.1
69.6440450636914,-34.63170236793725,1.5320489308631045,0,0.1
70.12845770528428,-34.63187421974146,1.5482491027940284,0,0.1
70.61623970325388,-34.632031089680936,1.564554054437062,0,0.1
71.10741449332713,-34.63218608008547,1.5809507326991679,0,0.1
71.60200567423932,-34.632345997614614,1.597432308046684,0,0.1
72.10003700886796,-34.63247985066582,1.6140318219411267,0,0.1
72.60153242537443,-34.63261335751997,1.6307227204004422,0,0.1
73.10651601835362,-34.6327470392989,1.6475047591606125,0,0.1
73.61501204999159,-34.632875121632736,1.6643845093213108,0,0.1
74.12704495123128,-34.633004436324065,1.6813549611896257,0,0.1
74.64263932294622,-34.63312291851204,1.698429688819518,0,0.1
75.16181993712259,-34.63322480886938,1.7156156751684724,0,0.1
75.68461173804933,-34.63332955573127,1.7328919383442012,0,0.1
76.21103984351666,-34.633425109376994,1.7502723124891375,0,0.1
76.74112954602285,-34.63352462796302,1.7677424539288877,0,0.1
77.27490631398935,-34.633609771108645,1.7853235679974997,0,0.1
77.81239579298456,-34.633687406431356,1.8030084734408574,0,0.1
78.3536238069559,-34.63375810600184,1.8207970630362122,0,0.1
78.8986163594705,-34.633835049065766,1.83867448949281,0,0.1
79.44739963496465,-34.63389361414892,1.856669940384935,0,0.1
80.00000000000179,-34.633946990719686,1.874768637823945,0,0.1
80.55644400453932,-34.633983169046104,1.8929854478434656,0,0.1
81.11675838320417,-34.63404055460585,1.9112750068717979,0,0.1
81.68097005657731,-34.63406303876402,1.9297051564868284,0,0.1
82.24910613248719,-34.63410164070642,1.9482149337377972,0,0.1
82.8211939073121,-34.63411286337757,1.9668578167387265,0,0.1
83.39726086729164,-34.63414143655517,1.985579530967093,0,0.1
83.97733468984731,-34.63413757011118,2.0044421736790787,0,0.1
84.56144324491237,-34.63414600541859,2.023390793916553,0,0.1
85.14961459627077,-34.63414847107864,2.042448624131823,0,0.1
85.74187700290544,-34.63413930383525,2.0616234875710573,0,0.1
86.33825892035618,-34.634125449888316,2.080907215935404,0,0.1
86.93878900208668,-34.63410125592421,2.100307702268969,0,0.1
87.54349610086122,-34.63407367861381,2.1198166100964286,0,0.1
88.15240927013093,-34.6340370745032,2.139441901096324,0,0.1
88.7655577654297,-34.633998410707704,2.1591750662230957,0,0.1
89.38297104577971,-34.63394575025514,2.179032539383385,0,0.1
90.00467877510688,-34.63389867701015,2.1989888866661897,0,0.1
90.63071082366605,-34.6338326565078,2.2190776043458085,0,0.1
91.26109726947607,-34.63376728307011,2.2392730176368087,0,0.1
91.895868399765,-34.63369694207577,2.259583289227881,0,0.1
92.53505471242522,-34.63360971873885,2.280025521412456,0,0.1
93.17868691747873,-34.633525223733,2.300573388332178,0,0.1
93.82679593855258,-34.63341894222635,2.3212616891193614,0,0.1
94.47941291436473,-34.63332310491791,2.342046026715951,0,0.1
95.13656920022001,-34.63320690007494,2.3629704361299395,0,0.1
95.79829636951663,-34.633089959210494,2.3840078927824737,0,0.1
96.4646262152632,-34.632966698650236,2.405166984113527,0,0.1
97.13559075160614,-34.63283784416659,2.426447354448065,0,0.1
97.81122221536789,-34.63270412600022,2.4478486151152876,0,0.1
98.49155306759573,-34.63255997231445,2.4693796523491334,0,0.1
99.17661599512138,-34.63240612124897,2.4910402127929356,0,0.1
99.86644391213144,-34.632249622225444,2.5128205656569955,0,0.1
100.56106996174877,-34.63207860797094,2.5347392126687267,0,0.1
101.26052751762494,-34.631906443506686,2.5567768410691802,0,0.1
101.96485018554354,-34.631733884402706,2.578932853590245,0,0.1
102.67407180503491,-34.6315490736187,2.601226060220541,0,0.1
103.388226451002,-34.63134015540059,2.623675797071662,0,0.1
104.10734843535732,-34.631145746581126,2.6462230180361033,0,0.1
104.83147230867174,-34.63092876428905,2.668926163982011,0,0.1
105.56063286183424,-34.63070890768213,2.691755283676116,0,0.1
106.29486512772365,-34.63048064357914,2.714719847981629,0,0.1
107.03420438289172,-34.630251061410476,2.7378092718237346,0,0.1
107.778686149258,-34.63001463382885,2.7610330931721503,0,0.1
108.52834619581655,-34.629746901719635,2.7844320098408923,0,0.1
109.28322054035448,-34.62949914091034,2.8079233576457527,0,0.1
110.04334545118235,-34.6292342758002,2.831568361357621,0,0.1
110.80875744887686,-34.628959410207415,2.855356317890326,0,0.1
111.57949330803534,-34.62868796487476,2.879265581159702,0,0.1
112.35559005904271,-34.62839548732782,2.9033379312065253,0,0.1
113.13708498985058,-34.62809540214177,2.9275517949936525,0,0.1
113.92401564776874,-34.627788511345955,2.951906612849696,0,0.1
114.71641984126921,-34.627475618965946,2.9764017838115664,0,0.1
115.51433564180275,-34.627157530815786,3.001036664956582,0,0.1
116.31780138562794,-34.62681610809917,3.025843782795193,0,0.1
117.12685567565316,-34.626477419114764,3.0507785246574617,0,0.1
117.94153738329126,-34.626123326317085,3.0758735740903482,0,0.1
118.76188565032712,-34.62576727190515,3.1011059788168454,0,0.1
119.58793989079828,-34.62540375075229,3.1264862759607803,0,0.1
120.41973979288862,-34.625027256420694,3.152025284773906,0,0.1
121.25732532083512,-34.62465123626069,3.1776994386074118,0,0.1
122.10073671684803,-34.624257547224545,3.203542669535452,0,0.1
122.95001450304433,-34.623853318022675,3.2295429683588086,0,0.1
123.80519948339456,-34.62343935928422,3.255699759698383,0,0.1
124.66633274568338,-34.623016481288424,3.2820124263855264,0,0.1
125.53345566348355,-34.622579172460405,3.308492287854257,0,0.1
126.40660989814381,-34.622147205392025,3.3351027053690534,0,0.1
127.28583740079048,-34.62169610170848,3.3618910215981668,0,0.1
128.17118041434307,-34.62125195645367,3.388808014751335,0,0.1
129.0626814755438,-34.620771312642596,3.415938610933249,0,0.1
129.9603834170013,-34.62029923405896,3.4431963542706345,0,0.1
130.86432936924862,-34.61980490083745,3.4706423139213416,0,0.1
131.77456276281538,-34.619308082603915,3.498238553359292,0,0.1
132.69112733031437,-34.61880957538323,3.5259840694775972,0,0.1
133.61406710854286,-34.61828486459582,3.553928909274584,0,0.1
134.5434264405981,-34.61775371485461,3.582034478899405,0,0.1
135.47924997800817,-34.61721691047294,3.610299921240995,0,0.1
136.42158268287693,-34.61666890291868,3.638737386708834,0,0.1
137.3704698300445,-34.61611046640806,3.6673462129746737,0,0.1
138.32595700926237,-34.61552970965006,3.6961521730691924,0,0.1
139.28809012738384,-34.61495271801516,3.725101767519461,0,0.1
140.25691541056963,-34.61435492771678,3.7542473574879116,0,0.1
141.23247940650882,-34.61375608668486,3.783548132092792,0,0.1
142.2148289866553,-34.6131379449608,3.8130438067228476,0,0.1
143.20401134847972,-34.61251390869554,3.8427066383186337,0,0.1
144.200074017737,-34.61187837835597,3.8725495132146417,0,0.1
145.20306485074994,-34.611232080215906,3.90257176077006,0,0.1
146.2130320367083,-34.61056939640125,3.9327866881187044,0,0.1
147.2300240999843,-34.60990371098254,3.9631656332049277,0,0.1
148.25408990246365,-34.60921037551595,3.993764373402169,0,0.1
149.28527864589356,-34.60850909507994,4.0245400750080735,0,0.1
150.32363987424628,-34.60780055542027,4.055491907203509,0,0.1
151.3692234760998,-34.607072750557194,4.0866480430728185,0,0.1
152.42207968703445,-34.60635171039837,4.117949723660074,0,0.1
153.48225909204683,-34.605612724846104,4.149454305229068,0,0.1
154.54981262797986,-34.604843746363095,4.181191121040975,0,0.1
155.6247915859703,-34.60407712362609,4.213085779881168,0,0.1
156.70724761391295,-34.603281753344405,4.245212171081913,0,0.1
157.79723271894218,-34.60248362344117,4.2775099541937305,0,0.1
158.8947992699305,-34.60167698547038,4.309993337745829,0,0.1
160.0000000000048,-34.60084972511591,4.342692302427619,0,0.1
161.11288800907985,-34.60000875671505,4.375591260975256,0,0.1
162.23351676640956,-34.599160984929924,4.408674176531046,0,0.1
163.36194011315587,-34.59829424784097,4.441971638415788,0,0.1
164.49821226497562,-34.59741542002428,4.475467694199048,0,0.1
165.6423878146254,-34.59650594751904,4.509209606866468,0,0.1
166.79452173458452,-34.595604446989846,4.543101711153403,0,0.1
167.9546693796959,-34.59467962248431,4.577223205011451,0,0.1
169.12288648982604,-34.59374464335879,4.611541745448073,0,0.1
170.29922919254284,-34.59279359388262,4.6460731940074735,0,0.1
171.4837540058122,-34.59182689603718,4.680817383892218,0,0.1
172.6765178407137,-34.59082586914868,4.715823972528805,0,0.1
173.87757800417467,-34.58983542556544,4.750976791109127,0,0.1
175.08699220172375,-34.58881139804396,4.78639217662035,0,0.1
176.30481854026317,-34.58777958141675,4.82200321278453,0,0.1
177.53111553086072,-34.586740304425554,4.857809417849758,0,0.1
178.7659420915608,-34.585674771529725,4.893861929342504,0,0.1
180.00935755021513,-34.58459599545093,4.9301267332638385,0,0.1
181.26142164733346,-34.583485125018456,4.966656102124603,0,0.1
182.52219453895353,-34.5823806166033,5.003345672896286,0,0.1
183.7917367995314,-34.581257204008566,5.040265092585965,0,0.1
185.07010942485184,-34.58009594981079,5.07746820222907,0,0.1
186.35737383495882,-34.57893525962885,5.114848872583692,0,0.1
187.65359187710658,-34.57774339579459,5.152496790163931,0,0.1
188.95882582873088,-34.57654597704625,5.190340412604467,0,0.1
190.27313840044144,-34.57532395618571,5.228434503095455,0,0.1
191.59659273903472,-34.5740901514874,5.266743120202755,0,0.1
192.92925243052787,-34.57281906482941,5.305340874473091,0,0.1
194.27118150321374,-34.571548996671204,5.344117316515179,0,0.1
195.62244443073726,-34.57025438963761,5.383147431536417,0,0.1
196.98310613519297,-34.5689351853676,5.422432435181561,0,0.1
198.35323199024427,-34.56760407577868,5.46193537362124,0,0.1
199.73288782426437,-34.56624177777319,5.501714566567926,0,0.1
201.12213992349908,-34.56488010393926,5.541674901296517,0,0.1
202.5210550352514,-34.56348052446759,5.58193342944186,0,0.1
203.9297003710886,-34.56206200729849,5.62243357989876,0,0.1
205.3481436100714,-34.56063071169051,5.6631568300988935,0,0.1
206.77645290200556,-34.55917357031253,5.704144024026614,0,0.1
208.21469687071618,-34.557696674340235,5.745376964994318,0,0.1
209.66294461734503,-34.55619968420343,5.786857223012521,0,0.1
211.12126572367004,-34.55466941424095,5.8286272128787715,0,0.1
212.5897302554489,-34.55313107458275,5.870607528120546,0,0.1
214.06840876578502,-34.5515585933734,5.9128818396139575,0,0.1
215.5573722985176,-34.549983535569424,5.9553490232404345,0,0.1
217.05669239163473,-34.548360506529434,5.998156563787608,0,0.1
218.5664410807106,-34.546714589336375,6.041224114891211,0,0.1
220.08669090236637,-34.545064443621825,6.084490358042623,0,0.1
221.6175148977554,-34.54337735865593,6.128063492004035,0,0.1
223.15898661607235,-34.54167191716886,6.171882481129354,0,0.1
224.71118011808713,-34.53993456862869,6.21599312908551,0,0.1
226.27416997970286,-34.5381774095244,6.260355207028826,0,0.1
227.8480312955392,-34.53639965705734,6.3049714376315595,0,0.1
229.43283968254013,-34.53459405750376,6.349866868940145,0,0.1
231.02867128360725,-34.53275973972976,6.395045026745844,0,0.1
232.63560277125762,-34.53088935603028,6.440532094240067,0,0.1
234.25371135130806,-34.52900769322205,6.486241914683451,0,0.1
235.88307476658426,-34.52709445615442,6.532245527051062,0,0.1
237.523771300656,-34.52514860443273,6.5785472215370495,0,0.1
239.17587978159838,-34.52318194286208,6.625105269501365,0,0.1
240.83947958577906,-34.52119335843046,6.671923409664417,0,0.1
242.51465064167206,-34.51916234656646,6.719075911150502,0,0.1
244.2014734336979,-34.51710058706456,6.7665212113831625,0,0.1
245.9000290060905,-34.515026189239315,6.814192890093156,0,0.1
247.61039896679097,-34.51291204998388,6.862190328651011,0,0.1
249.33266549136863,-34.510769736488356,6.910471181976203,0,0.1
251.06691132696898,-34.508604329011746,6.959016282645288,0,0.1
252.81321979628953,-34.50640147797044,7.007879374343062,0,0.1
254.5716748015829,-34.50416616876609,7.057041968160836,0,0.1
256.3423608286881,-34.5019098215868,7.106460361815163,0,0.1
258.12536295108947,-34.49961793938994,7.156189600315185,0,0.1
259.9207668340045,-34.497282431767516,7.206261256099849,0,0.1
261.72865873849923,-34.49492106543271,7.256606616899033,0,0.1
263.54912552563275,-34.492519184854736,7.3072826260872565,0,0.1
265.38225466063074,-34.49010097303921,7.358193885057681,0,0.1
267.2281342170877,-34.48763870969733,7.4094492803070375,0,0.1
269.08685288119824,-34.48515001561919,7.460978616684595,0,0.1
270.95849995601833,-34.48262002986503,7.512840942161523,0,0.1
272.8431653657559,-34.48005980787493,7.564991460917872,0,0.1
274.74093966009104,-34.47746088082796,7.617464004250295,0,0.1
276.6519140185268,-34.47482122281096,7.670266697077218,0,0.1
278.5761802547697,-34.47214526677413,7.723381037185866,0,0.1
280.51383082114137,-34.469437410736376,7.776788112772064,0,0.1
282.4649588130198,-34.466688990567455,7.830523294839752,0,0.1
284.42965797331277,-34.4639108323865,7.884540448328857,0,0.1
286.40802269696155,-34.46108113825478,7.938930927360303,0,0.1
288.40014803547615,-34.45823021473742,7.993565342989052,0,0.1
290.4061297015021,-34.455323112768674,8.048592028365064,0,0.1
292.42606407341884,-34.45239007911111,8.10388038673566,0,0.1
294.4600481999708,-34.44939603361074,8.159581471845014,0,0.1
296.50817980492957,-34.44637770351526,8.21553475838484,0,0.1
298.5705572917893,-34.44331951671951,8.27180669678731,0,0.1
300.64727974849484,-34.44021891749435,8.328407481940443,0,0.1
302.73844695220185,-34.43706020232546,8.38540637515773,0,0.1
304.84415937407124,-34.43387347136118,8.442667916629867,0,0.1
306.964518184096,-34.430629831106565,8.500320651025635,0,0.1
309.09962525596205,-34.42735934166556,8.558227256043244,0,0.1
311.24958317194296,-34.42403956528226,8.616487971483869,0,0.1
313.4144952278283,-34.420680824616646,8.675054086826394,0,0.1
315.59446543788675,-34.417253979744004,8.734059172154254,0,0.1
317.7895985398634,-34.41378899387835,8.793363393059396,0,0.1
320.000000000012,-34.4102961207819,8.85291612199325,0,0.1
322.22577601816215,-34.40673289925523,8.912915351602985,0,0.1
324.4670335328215,-34.40312924021556,8.97321868043906,0,0.1
326.7238802263142,-34.399475517047854,9.033869858567432,0,0.1
328.99642452995374,-34.395788451556044,9.094786341245284,0,0.1
331.2847756292533,-34.39202531855479,9.156172514065817,0,0.1
333.5890434691715,-34.38822257792292,9.217850344110216,0,0.1
335.90933875939425,-34.384377064758965,9.279832332012836,0,0.1
338.2457729796546,-34.380472332118146,9.342197044662242,0,0.1
340.5984583850881,-34.376524986367784,9.404860126793114,0,0.1
342.96750801162693,-34.37249860382341,9.46800110908585,0,0.1
345.3530356814299,-34.36844289625594,9.531369030480375,0,0.1
347.75515600835195,-34.36431471794376,9.595178319716895,0,0.1
350.1739844034501,-34.36015717309999,9.659207762383879,0,0.1
352.60963708052907,-34.35591369247852,9.723743260190037,0,0.1
355.0622310617241,-34.35162736701375,9.788561919801229,0,0.1
357.53188418312425,-34.347281435070315,9.853746909923345,0,0.1
360.0187151004329,-34.34288573309592,9.91924400622471,0,0.1
362.52284329466966,-34.33842341119072,9.985138263057914,0,0.1
365.0443890779098,-34.333904263049746,10.051375404351596,0,0.1
367.58347359906554,-34.32932472448559,10.117971019005582,0,0.1
370.14021884970646,-34.32467450860632,10.18497709809606,0,0.1
372.7147476699204,-34.31997006683842,10.252302332257077,0,0.1
375.30718375421594,-34.31520778116425,10.319962181293521,0,0.1
377.9176516574646,-34.310390716113645,10.387935849330306,0,0.1
380.5462768008857,-34.30548835110672,10.45638677444941,0,0.1
383.1931854780723,-34.30053054448376,10.525147990990229,0,0.1
385.85850486105863,-34.295513608901494,10.594235210357077,0,0.1
388.5423630064304,-34.290406889122366,10.663815574913997,0,0.1
391.2448888614774,-34.28526725349605,10.733566730528835,0,0.1
393.96621227038884,-34.28004379877572,10.803769685838368,0,0.1
396.7064639804915,-34.27473946015835,10.874404968205853,0,0.1
399.4657756485318,-34.26938422975949,10.945297197006463,0,0.1
402.24427984700117,-34.26393374807181,11.016696032601764,0,0.1
405.04211007050577,-34.25843156979642,11.088346319970803,0,0.1
407.85940074218024,-34.25286037146073,11.160342443507332,0,0.1
410.69628722014585,-34.2472095466721,11.232741480614159,0,0.1
413.55290580401413,-34.24148884012678,11.30548142058276,0,0.1
416.42939374143555,-34.23568081350585,11.378660374169515,0,0.1
419.3258892346932,-34.22980883857284,11.45213447632731,0,0.1
422.24253144734325,-34.22384181919051,11.52608419421355,0,0.1
425.179460510901,-34.21783048068382,11.60019876917582,0,0.1
428.13681753157323,-34.211709544670946,11.674866480838041,0,0.1
431.11474459703845,-34.20552296983524,11.749815503090446,0,0.1
434.11338478327275,-34.1992463886221,11.825188489946939,0,0.1
437.13288216142445,-34.19289650087322,11.900876831128903,0,0.1
440.173381804736,-34.186455742907526,11.976982844475152,0,0.1
443.23502979551404,-34.1799546329635,12.053309684583976,0,0.1
446.31797323214806,-34.17334808372847,12.130132570467929,0,0.1
449.4223602361776,-34.16666666140376,12.207253213514438,0,0.1
452.5483399594091,-34.15987894870618,12.28486396966483,0,0.1
455.6960625910818,-34.15302253206926,12.362718869930854,0,0.1
458.8656793650838,-34.14606596913736,12.441011512562188,0,0.1
462.0573425672179,-34.13904700550676,12.519490932639647,0,0.1
465.2712055425187,-34.131906405463425,12.598533128554148,0,0.1
468.5074227026196,-34.12467501553708,12.677931447925063,0,0.1
471.76614953317204,-34.11736994852665,12.757565031825012,0,0.1
475.04754260131557,-34.10994568372297,12.837725822933377,0,0.1
478.3517595632003,-34.102454220275284,12.91806147564147,0,0.1
481.6789591715617,-34.09484299025239,12.998913291703873,0,0.1
485.02930128334776,-34.08716419077884,13.07992319105477,0,0.1
488.40294686739946,-34.0793651504559,13.161436534101734,0,0.1
491.8000580121847,-34.07146315185286,13.24332899322244,0,0.1
495.2207979335857,-34.063468574795095,13.325520696633602,0,0.1
498.665330982741,-34.055377800461706,13.408026457995568,0,0.1
502.1338226539417,-34.047173103682596,13.490959153411282,0,0.1
505.62643959258287,-34.03888615744296,13.574089538890082,0,0.1
509.14334960316967,-34.030470990718634,13.657727641560152,0,0.1
512.68472165738,-34.021952282231325,13.74169209692916,0,0.1
516.2507259021829,-34.01332649231786,13.825997457353957,0,0.1
519.841533668013,-34.00459009237023,13.910658398326337,0,0.1
523.4573174770023,-33.995753820190735,13.99558759503296,0,0.1
527.0982510512695,-33.986807104259924,14.080849203691564,0,0.1
530.7645093212655,-33.97774648953061,14.166457123550462,0,0.1
534.4562684341794,-33.96856853426917,14.252425334432846,0,0.1
538.1737057624005,-33.95926981036703,14.338767889834342,0,0.1
541.9169999120409,-33.94985409451367,14.42544602107472,0,0.1
545.6863307315159,-33.94033243473183,14.51236625946276,0,0.1
549.4818793201863,-33.93068713133784,14.59964671707238,0,0.1
553.3038280370578,-33.92091485616429,14.687300499443467,0,0.1
557.1523605095437,-33.91101954206813,14.775286331632323,0,0.1
561.027661642287,-33.9010269718339,14.86339705176413,0,0.1
564.9299176260438,-33.89087589197456,14.95208137561451,0,0.1
568.8593159466297,-33.88062121590555,15.040911391468159,0,0.1
572.8160453939274,-33.87023801053255,15.130062182117118,0,0.1
576.8002960709567,-33.859730457142,15.219488063605324,0,0.1
580.8122594030085,-33.849066153485396,15.309425466381253,0,0.1
584.8521281468421,-33.83829330071899,15.39948844926613,0,0.1
588.920096399946,-33.82737955203629,15.489912882210001,0,0.1
593.0163596098636,-33.81634398862382,15.580535221288171,0,0.1
597.1411145835832,-33.8051689266563,15.671478801387957,0,0.1
601.2945594969942,-33.79385881127653,15.762693730545754,0,0.1
605.4768939044083,-33.78240331846978,15.854246744683017,0,0.1
609.688318748147,-33.770814414970914,15.946027210691453,0,0.1
613.9290363681965,-33.75907437689943,16.038161185678568,0,0.1
618.1992505119288,-33.74718780452917,16.130596503515054,0,0.1
622.4991663438906,-33.73518937703554,16.223035476017987,0,0.1
626.8289904556613,-33.723016462172744,16.315969037861834,0,0.1
631.1889308757782,-33.71069627311733,16.409160427100794,0,0.1
635.5791970797316,-33.69824878350511,16.502427928130142,0,0.1
640.0000000000289,-33.68561851857572,16.596210885445043,0,0.1
644.4515520363291,-33.67287092081371,16.689951127488204,0,0.1
648.9340670656479,-33.659950417733356,16.78409102191465,0,0.1
653.4477604526332,-33.64688482399765,16.878381166249948,0,0.1
657.9928490599125,-33.633664057059256,16.972886949950766,0,0.1
662.5695512585116,-33.620270315551736,17.067740198089812,0,0.1
667.178086938348,-33.60671641107394,17.162814597687007,0,0.1
671.8186775187937,-33.59303075927335,17.257848141844057,0,0.1
676.4915459593144,-33.57915711980942,17.353300474036505,0,0.1
681.1969167701814,-33.565123942782634,17.448909373117083,0,0.1
685.935016023259,-33.55092895766394,17.5446737810264,0,0.1
690.7060713628651,-33.53655433503213,17.64072775360301,0,0.1
695.5103120167091,-33.52203680809994,17.736731242825876,0,0.1
700.3479688069056,-33.507327362030495,17.833089963984055,0,0.1
705.2192741610634,-33.49245508182363,17.92952890029701,0,0.1
710.1244621234536,-33.477402138611716,18.0261829704749,0,0.1
715.0637683662537,-33.462182179409005,18.12290985669413,0,0.1
720.0374302008713,-33.4467773399138,18.219845606478053,0,0.1
725.0456865893448,-33.431185505830086,18.31698744780084,0,0.1
730.0887781558251,-33.41543651645431,18.414045353664495,0,0.1
735.1669471981365,-33.399496585497424,18.511298431303494,0,0.1
740.2804376994185,-33.383371716184186,18.608669831852296,0,0.1
745.4294953398465,-33.36703580930918,18.706373202270047,0,0.1
750.6143675084376,-33.350543325142716,18.803890194515738,0,0.1
755.8353033149348,-33.3338602700036,18.901504650035513,0,0.1
761.0925536017771,-33.316968532378375,18.999358644695395,0,0.1
766.3863709561504,-33.29989064004504,19.097221157528754,0,0.1
771.717009722123,-33.282624899365885,19.195081967317236,0,0.1
777.0847260128666,-33.26515320461575,19.293083220657046,0,0.1
782.4897777229608,-33.24749850803756,19.390985857860613,0,0.1
787.9324245407837,-33.22964273864395,19.488931468973664,0,0.1
793.412927960989,-33.21155931315033,19.587143604557465,0,0.1
798.9315512970695,-33.19330472098329,19.685065238174047,0,0.1
804.4885596940084,-33.17483587959355,19.78307390825237,0,0.1
810.0842201410177,-33.156142734915456,19.881238618652127,0,0.1
815.7188014843666,-33.13724887062357,19.979308586252582,0,0.1
821.392574440298,-33.11814441746198,20.07734938644947,0,0.1
827.1058116080346,-33.098836407962494,20.175265215082394,0,0.1
832.8587874828772,-33.07933203949733,20.272957313739347,0,0.1
838.6517784693928,-33.05957015536614,20.37098563229062,0,0.1
844.4850628946929,-33.03961767672956,20.46867645225018,0,0.1
850.3589210218082,-33.01943903970769,20.56634327918109,0,0.1
856.2736350631529,-32.99904150810098,20.663885990290726,0,0.1
862.2294891940834,-32.97838899161084,20.761627006507698,0,0.1
868.226769566552,-32.95756724047795,20.8586976194646,0,0.1
874.2657643228554,-32.93647036663814,20.956103588287355,0,0.1
880.3467636094787,-32.91516706715634,21.053140219500648,0,0.1
886.4700595910348,-32.893621017515486,21.150133444618753,0,0.1
892.635946464303,-32.871866464943935,21.24671268914623,0,0.1
898.844720472362,-32.84986685263885,21.34320749823512,0,0.1
905.096679918825,-32.82761194726999,21.439688374762248,0,0.1
911.3921251821704,-32.80512743823024,21.53586711588826,0,0.1
917.7313587301744,-32.78243048277425,21.63153786863802,0,0.1
924.1146851344428,-32.759447642810066,21.727403429396148,0,0.1
930.5424110850445,-32.736241258892974,21.822805066806115,0,0.1
937.0148454052463,-32.7128014369907,21.91780714867054,0,0.1
943.5322990663512,-32.68909969816307,22.012662855748747,0,0.1
950.0950852026382,-32.665144156185576,22.10725615431261,0,0.1
956.7035191264079,-32.64094313691678,22.201467592689042,0,0.1
963.3579183431307,-32.61648645896483,22.295365255239577,0,0.1
970.0586025667028,-32.591763793278965,22.389019223504867,0,0.1
976.8058937348063,-32.56681194829659,22.482017138205038,0,0.1
983.6001160243768,-32.5415639655688,22.575008262320086,0,0.1
990.4415958671789,-32.516094901558226,22.667186216725057,0,0.1
997.3306619654895,-32.49033734112156,22.759206454084094,0,0.1
1004.267645307891,-32.46431907522964,22.850746250398185,0,0.1
1011.2528791851732,-32.43802970576821,22.94187535048991,0,0.1
1018.2866992063468,-32.4114879512282,23.032362038838677,0,0.1
1025.3694433147675,-32.384663919279184,23.122477584228495,0,0.1
1032.5014518043733,-32.35755672307431,23.212193287421623,0,0.1
1039.6830673360337,-32.33019528512903,23.301169440072993,0,0.1
1046.9146349540124,-32.30252938761763,23.38988988919828,0,0.1
1054.1965021025467,-32.27460810661141,23.47780349257852,0,0.1
1061.5290186425389,-32.24639083725986,23.565294335332805,0,0.1
1068.9125368683667,-32.217907174216414,23.652012690482824,0,0.1
1076.347411524809,-32.189136387801895,23.73813494132317,0,0.1
1083.8339998240897,-32.160077865572994,23.823626803115275,0,0.1
1091.37266146304,-32.13072069765781,23.908561976942167,0,0.1
1098.9637586403808,-32.10106416640769,23.992906907940494,0,0.1
1106.607656074124,-32.071138990780234,24.076296031856074,0,0.1
1114.3047210190957,-32.04092405397774,24.158909337133366,0,0.1
1122.0553232845823,-32.01038716927786,24.2410443968709,0,0.1
1129.859835252096,-31.97957004722533,24.32221786751782,0,0.1
1137.7186318932681,-31.948451120175978,24.40261442220105,0,0.1
1145.6320907878635,-31.91700831926274,24.482424456884175,0,0.1
1153.600592141922,-31.8852843047412,24.561152211130604,0,0.1
1161.6245188060257,-31.853268187564872,24.638868508948956,0,0.1
1169.704256293693,-31.820904762289857,24.716114724986138,0,0.1
1177.840192799901,-31.788270538176167,24.792033833246393,0,0.1
1186.032719219736,-31.755310109535706,24.867168854491116,0,0.1
1194.2822291671753,-31.72203409688658,24.94136147291877,0,0.1
1202.5891189939975,-31.688419489458326,25.014810504559613,0,0.1
1210.9537878088256,-31.65453395346265,25.086749911326454,0,0.1
1219.3766374963034,-31.620309263118816,25.157858685553478,0,0.1
1227.8580727364024,-31.585756299781295,25.22797410828827,0,0.1
1236.3985010238666,-31.55086300398116,25.29717713646986,0,0.1
1244.9983326877905,-31.515687481933263,25.36480158851077,0,0.1
1253.657980911332,-31.48015948569904,25.431546935086782,0,0.1
1262.377861751566,-31.444314000694686,25.496992346090835,0,0.1
1271.1583941594727,-31.408103057490496,25.56159923679716,0,0.1
1280.0000000000673,-31.371598306413734,25.624556125201334,0,0.1
1288.9031040726677,-31.334763905328277,25.686194743849,0,0.1
1297.8681341313059,-31.297575246827925,25.746726565326423,0,0.1
1306.8955209052763,-31.260044176183964,25.805975103109887,0,0.1
1315.9856981198345,-31.22215799990879,25.86402412475122,0,0.1
1325.1391025170333,-31.183979214244232,25.920159368944454,0,0.1
1334.3561738767062,-31.145407415300753,25.975394166465506,0,0.1
1343.6373550375972,-31.106530911136282,26.028740375141272,0,0.1
1352.9830919186386,-31.06726036175031,26.081091551447816,0,0.1
1362.393833540373,-31.02768565440325,26.131443713229352,0,0.1
1371.8700320465282,-30.987729201894588,26.180563868419252,0,0.1
1381.4121427257405,-30.947429934752783,26.227986845452016,0,0.1
1391.0206240334287,-30.90677479837542,26.273796297907754,0,0.1
1400.6959376138216,-30.865763813204246,26.31793737391496,0,0.1
1410.4385483221372,-30.824410649857708,26.360211570894112,0,0.1
1420.2489242469178,-30.78267471271075,26.400989681645296,0,0.1
1430.1275367325184,-30.740569325755548,26.44007524687759,0,0.1
1440.0748604017533,-30.69812231612108,26.477120775344943,0,0.1
1450.0913731787002,-30.65529219206075,26.51250328480905,0,0.1
1460.177556311661,-30.612107052447097,26.54587199850762,0,0.1
1470.3338943962842,-30.56855308164046,26.57731336905882,0,0.1
1480.560875398848,-30.52463049164347,26.60676695555718,0,0.1
1490.8589906797042,-30.48031033832221,26.634473546187884,0,0.1
1501.2287350168863,-30.435636422571037,26.659920132129137,0,0.1
1511.670606629881,-30.39059471342142,26.683192872000156,0,0.1
1522.1851072035656,-30.345170701981928,26.704381164770183,0,0.1
1532.772741912312,-30.299334183515793,26.723733375469838,0,0.1
1543.4340194442575,-30.253145898786798,26.740564917077254,0,0.1
1554.1694520257447,-30.206576104780147,26.755119460863487,0,0.1
1564.9795554459333,-30.15962523915435,26.767330351515916,0,0.1
1575.8648490815792,-30.112262196084888,26.77745020629047,0,0.1
1586.8258559219898,-30.064534567449964,26.784932500993534,0,0.1
1597.863102594151,-30.016427416099113,26.789865837234814,0,0.1
1608.9771193880288,-29.967892614491248,26.79266976445096,0,0.1
1620.1684402820476,-29.919012001280166,26.792456844692346,0,0.1
1631.4376029687455,-29.869720990327796,26.789810112133125,0,0.1
1642.7851488806082,-29.82000282244958,26.784828205136282,0,0.1
1654.2116232160815,-29.769908220169153,26.776938852896457,0,0.1
1665.7175749657672,-29.71942134516933,26.76623311040845,0,0.1
1677.303556938798,-29.668525735476674,26.752805449674522,0,0.1
1688.9701257893985,-29.6172570928948,26.736236969103587,0,0.1
1700.7178420436294,-29.565581598346768,26.716791466714582,0,0.1
1712.5472701263188,-29.513499987574107,26.694391615475325,0,0.1
1724.4589783881795,-29.460976686846458,26.669310594790655,0,0.1
1736.453539133117,-29.408085119592023,26.640766502805914,0,0.1
1748.531528645724,-29.35479038856967,26.60902690851646,0,0.1
1760.6935272189705,-29.30107489289954,26.574188060934038,0,0.1
1772.940119182083,-29.24697754331739,26.535806466644658,0,0.1
1785.2718929286193,-29.192442635014423,26.494338516284067,0,0.1
1797.6894409447373,-29.13749004978818,26.449519760508828,0,0.1
1810.1933598376636,-29.08214074110675,26.401078934869115,0,0.1
1822.7842503643546,-29.026396759124427,26.348924093969174,0,0.1
1835.4627174603627,-28.97021978716686,26.293336533912015,0,0.1
1848.2293702688994,-28.913651817060856,26.233850901980702,0,0.1
1861.0848221701028,-28.85663310010237,26.170940193538613,0,0.1
1874.0296908105065,-28.79922728184079,26.10394268052823,0,0.1
1887.0645981327166,-28.741416076053955,26.03294999730082,0,0.1
1900.190170405291,-28.683201944339835,25.95786304938791,0,0.1
1913.4070382528298,-28.62456569030865,25.87877615557004,0,0.1
1926.715836686276,-28.565531549066385,25.795393561552018,0,0.1
1940.1172051334202,-28.506035285836894,25.708204221504456,0,0.1
1953.611787469627,-28.446145920334626,25.616514978336276,0,0.1
1967.2002320487684,-28.38591323752711,25.519815415459654,0,0.1
1980.8831917343723,-28.32515598952206,25.41960196556409,0,0.1
1994.661323930994,-28.264086031313134,25.31395553855029,0,0.1
2008.535290615797,-28.20256661964126,25.203976208581768,0,0.1
2022.5057583703617,-28.140648369118544,25.089146243643675,0,0.1
2036.573398412709,-28.07836014480278,24.96914237630576,0,0.1
2050.7388866295505,-28.01560729700911,24.844676371060736,0,0.1
2065.0029036087626,-27.95244230863119,24.715219707309775,0,0.1
2079.366134672083,-27.88897232172147,24.5798089016969,0,0.1
2093.8292699080407,-27.8250232662791,24.43979371156535,0,0.1
2108.3930042051093,-27.760755697052755,24.293779876404976,0,0.1
2123.0580372850936,-27.696016896004124,24.142919237207472,0,0.1
2137.82507373675,-27.6309454491938,23.986013501373264,0,0.1
2152.6948230496346,-27.565466712637292,23.823576238974695,0,0.1
2167.6679996481957,-27.499642190479715,23.655040129334456,0,0.1
2182.7453229260964,-27.433366008816545,23.4811448690603,0,0.1
2197.927517280778,-27.366786584729677,23.3006570983013,0,0.1
2213.2153121482643,-27.29982630805665,23.114095195074224,0,0.1
2228.6094420382083,-27.232522229582905,22.92109541352068,0,0.1
2244.1106465691814,-27.164853154739653,22.721736009555645,0,0.1
2259.7196705042093,-27.096827399778295,22.515871501775493,0,0.1
2275.4372637865536,-27.02842262012817,22.303580652098685,0,0.1
2291.2641815757443,-26.959805531598008,22.083576211641287,0,0.1
2307.2011842838615,-26.890766627939215,21.857295162630333,0,0.1
2323.2490376120686,-26.821475966602012,21.623440910899742,0,0.1
2339.4085125874035,-26.75178193497989,21.38300422096872,0,0.1
2355.6803855998196,-26.68189486908133,21.134440997990488,0,0.1
2372.0654384394898,-26.61159241037163,20.879209936144132,0,0.1
2388.5644583343683,-26.54116098181349,20.615285561251167,0,0.1
2405.178237988013,-26.47044486364115,20.34366275510163,0,0.1
2421.9075756176694,-26.399458119595725,20.064173913943065,0,0.1
2438.753274992625,-26.328142487440505,19.777121569297307,0,0.1
2455.716145472823,-26.256733489925903,19.48091602333158,0,0.1
2472.797002047752,-26.184990527521546,19.177037993183426,0,0.1
2489.9966653755996,-26.113118142899058,18.864125730372336,0,0.1
2507.3159618226828,-26.041139059998358,18.54199750463435,0,0.1
2524.755723503151,-25.96887865447667,18.211666838104815,0,0.1
2542.3167883189644,-25.896635012356526,17.871278901527578,0,0.1
2560.0000000001537,-25.82415126866777,17.52232674039653,0,0.1
2577.806208145355,-25.75165383652243,17.16342837206407,0,0.1
2595.736268262631,-25.679044670991495,16.79511951537381,0,0.1
2613.7910418105726,-25.606348177499445,16.417215939206574,0,0.1
2631.971396239689,-25.53359011565497,16.029532716344452,0,0.1
2650.2782050340866,-25.46106531482952,15.630441420781118,0,0.1
2668.7123477534324,-25.388316935365147,15.222403504899617,0,0.1
2687.274710075215,-25.315686772380527,14.803551131193759,0,0.1
2705.9661838372976,-25.24321122402071,14.373702525279347,0,0.1
2724.7876670807664,-25.17083309909411,13.933156833371152,0,0.1
2743.740064093077,-25.09863607641305,13.48149563854542,0,0.1
2762.824285451502,-25.026560934621234,13.019019261622198,0,0.1
2782.0412480668783,-24.954894488657693,12.544365756894777,0,0.1
2801.391875227664,-24.88322877011587,12.059499613601641,0,0.1
2820.8770966442953,-24.812059705319335,11.562124429825895,0,0.1
2840.4978484938565,-24.74123123380913,11.053026851421677,0,0.1
2860.2550734650586,-24.6707896657,10.53205110211625,0,0.1
2880.1497208035285,-24.600837650555775,9.998817217315933,0,0.1
2900.1827463574223,-24.531317580657692,9.453645658079399,0,0.1
2920.355112623344,-24.462335226891227,8.896170020508576,0,0.1
2940.6677887925907,-24.393830784832918,8.326714281937832,0,0.1
2961.121750797718,-24.32608693461991,7.744259685591802,0,0.1
2981.717981359431,-24.25904970450616,7.149155238592111,0,0.1
3002.4574700337953,-24.19283919090864,6.541091145735892,0,0.1
3023.3412132597846,-24.12739906156775,5.920425037209674,0,0.1
3044.3702144071544,-24.062790793139172,5.2870827455228016,0,0.1
3065.545483824648,-23.999140264820756,4.640796294891087,0,0.1
3086.868038888538,-23.93657885991218,3.9813270207175293,0,0.1
3108.338904051513,-23.874985885825858,3.3092709786830894,0,0.1
3129.9591108918903,-23.814557732321752,2.624213859863975,0,0.1
3151.7296981631816,-23.75536726515908,1.9261769767323693,0,0.1
3173.651711844004,-23.697488762836592,1.2152028016692376,0,0.1
3195.726205188326,-23.640929758229223,0.49153919693206105,0,0.1
3217.954238776082,-23.585902031604753,-0.24509667213677808,0,0.1
3240.3368805641194,-23.532067135844233,-0.9935397765224513,0,0.1
3262.8752059375156,-23.48019683058211,-1.7554079005474414,0,0.1
3285.570297761241,-23.429667915096868,-2.5288369937763373,0,0.1
3308.4232464321876,-23.38112556558614,-3.3149701079677594,0,0.1
3331.435149931559,-23.33421758350484,-4.112637156882894,0,0.1
3354.607113877621,-23.28916360874841,-4.921934342400694,0,0.1
3377.9402515788224,-23.246114598162215,-5.74274279769539,0,0.1
3401.4356840872842,-23.205299238686024,-6.575016867438399,0,0.1
3425.094540252663,-23.16634154514397,-7.4176450034769905,0,0.1
3448.9179567763854,-23.12961567553481,-8.270809073715762,0,0.1
3472.9070782662598,-23.095272680650517,-9.134222319698065,0,0.1
3497.0630572914743,-23.062917210446617,-10.006840679850075,0,0.1
3521.387054437968,-23.033160170223145,-10.888970200247705,0,0.1
3545.880238364193,-23.005754454790782,-11.779748760369316,0,0.1
3570.543785857265,-22.981079091644098,-12.679016315555574,0,0.1
3595.378881889502,-22.958715617591988,-13.585789220236808,0,0.1
3620.3867196753545,-22.93895661378121,-14.499782489128181,0,0.1
3645.5685007287366,-22.92201502820849,-15.420535238131935,0,0.1
3670.9254349207527,-22.907614524829135,-16.34725587080081,0,0.1
3696.458740537827,-22.895877143878394,-17.279429075042117,0,0.1
3722.1696443402334,-22.887167009504992,-18.216548976794773,0,0.1
3748.0593816210417,-22.880945009905112,-19.15781577509941,0,0.1
3774.129196265462,-22.877811479917042,-20.10271062617584,0,0.1
3800.3803408106105,-22.877543316204697,-21.050511106766297,0,0.1
3826.8140765056887,-22.880075154507864,-22.000565675535967,0,0.1
3853.43167337258,-22.88541834988223,-22.952228439676887,0,0.1
3880.2344102668694,-22.893660977117577,-23.90481451381631,0,0.1
3907.223574939284,-22.904967075430086,-24.85755552619072,0,0.1
3934.400464097566,-22.919003493452898,-25.80993445570417,0,0.1
3961.7663834687746,-22.93592334292452,-26.761207724676257,0,0.1
3989.322647862018,-22.955629098873892,-27.71078191543095,0,0.1
4017.070581231624,-22.978342299219968,-28.657782956759792,0,0.1
4045.011516740754,-23.003712174401755,-29.601874583971128,0,0.1
4073.1467968254487,-23.0320288088732,-30.542082378179245,0,0.1
4101.477773259132,-23.06285524996252,-31.478280642465464,0,0.1
4130.005807217556,-23.096391238588115,-32.40960169930093,0,0.1
4158.732269344197,-23.13259103129933,-33.33547002086685,0,0.1
4187.658539816113,-23.171327076019313,-34.25546523271078,0,0.1
4216.78600841025,-23.212624717197894,-35.16894044015694,0,0.1
4246.116074570219,-23.256503240697157,-36.07524164483054,0,0.1
4275.650147473531,-23.302824581429455,-36.9740232864498,0,0.1
4305.389646099301,-23.35145065122159,-37.86499722693943,0,0.1
4335.335999296423,-23.402169913783197,-38.74810153183817,0,0.1
4365.4906458522255,-23.455361390395744,-39.62193816460649,0,0.1
4395.8550345615895,-23.510658316279915,-40.48681341641426,0,0.1
4426.430624296562,-23.56792042032286,-41.34259731854516,0,0.1
4457.21888407645,-23.627363182844498,-42.188231682129164,0,0.1
4488.2212931383965,-23.68848928880389,-43.024608344799574,0,0.1
4519.439341008452,-23.751786419833756,-43.84988242641319,0,0.1
4550.874527573141,-23.81669373572722,-44.66524864545114,0,0.1
4582.528363151522,-23.883413030959147,-45.46968379645881,0,0.1
4614.402368567757,-23.951735113400026,-46.26344331708251,0,0.1
4646.498075224173,-24.021588899162577,-47.0463926105724,0,0.1
4678.817025174842,-24.092839867459816,-47.81865109641716,0,0.1
4711.360771199674,-24.16567364650676,-48.579203329375915,0,0.1
4744.130876879015,-24.239888541139965,-49.3284244769164,0,0.1
4777.128916668773,-24.31541404950932,-50.06625864663847,0,0.1
4810.356475976061,-24.391940364554372,-50.79365091451464,0,0.1
4843.815151235375,-24.469766400709567,-51.50913362124587,0,0.1
4877.506549985286,-24.548703576128744,-52.213192156694944,0,0.1
4911.432290945683,-24.628744380520672,-52.90559232603116,0,0.1
4945.594004095541,-24.709541638009544,-53.58764161966759,0,0.1
4979.9933307512365,-24.7914326335648,-54.25761165031183,0,0.1
5014.631923645403,-24.873968932107342,-54.9173674460975,0,0.1
5049.511447006339,-24.95737122051182,-55.56569977861951,0,0.1
5084.633576637967,-25.041580878331718,-56.202691681201294,0,0.1
5120.000000000346,-25.12643820035911,-56.82896787052293,0,0.1
5155.612416290749,-25.211894010135268,-57.444642212393546,0,0.1
5191.4725365253,-25.298000392417755,-58.04930254425156,0,0.1
5227.582083621183,-25.384657708296835,-58.64334066309712,0,0.1
5263.942792479418,-25.47177182505075,-59.227159851644345,0,0.1
5300.556410068212,-25.55930103214701,-59.800903108346134,0,0.1
5337.424695506905,-25.647251603744596,-60.364448465808124,0,0.1
5374.54942015047,-25.73567354582849,-60.91740641914844,0,0.1
5411.932367674636,-25.824211318311697,-61.46182543194207,0,0.1
5449.575334161574,-25.913233466085348,-61.99543096942697,0,0.1
5487.480128186196,-26.002394497619147,-62.520279896275504,0,0.1
5525.648570903045,-26.09192049222248,-63.03491292143736,0,0.1
5564.082496133798,-26.181565601102314,-63.54085117270539,0,0.1
5602.78375045537,-26.271303919570364,-64.03826240029073,0,0.1
5641.754193288633,-26.36127021472973,-64.52623486708231,0,0.1
5680.995696987757,-26.45131519160959,-65.0057498862248,0,0.1
5720.51014693016,-26.541453287940897,-65.47670816404603,0,0.1
5760.2994416071,-26.631659757792864,-65.93928073054613,0,0.1
5800.365492714889,-26.72191119489905,-66.3936383600488,0,0.1
5840.710225246731,-26.81214918995692,-66.84021816102442,0,0.1
5881.335577585225,-26.902390490768585,-67.27892104050922,0,0.1
5922.243501595481,-26.992650348499502,-67.70964995884624,0,0.1
5963.435962718906,-27.08287392992049,-68.1328388823401,0,0.1
6004.914940067636,-27.17304379105032,-68.54865341887519,0,0.1
6046.682426519615,-27.26311043884223,-68.95751981096407,0,0.1
6088.740428814354,-27.353157781408566,-69.35881337329626,0,0.1
6131.090967649341,-27.443040180613878,-69.75374126633596,0,0.1
6173.736077777122,-27.532810286518043,-70.14193696883065,0,0.1
6216.6778081030725,-27.622516978070916,-70.52304085803542,0,0.1
6259.918221783827,-27.71205444366109,-70.89798351325256,0,0.1
6303.4593963264115,-27.80141333260026,-71.26691268079901,0,0.1
6347.303423688055,-27.89064330077638,-71.62946554681876,0,0.1
6391.4524103767,-27.97976188958801,-71.98553985696746,0,0.1
6435.9084775522115,-28.06870096090104,-72.33579039866487,0,0.1
6480.673761128287,-28.15739710887978,-72.68085882277921,0,0.1
6525.750411875079,-28.245927223509256,-73.02013017204769,0,0.1
6571.140595522531,-28.334309608481867,-73.35349786676943,0,0.1
6616.846492864425,-28.422430197203163,-73.68208745523751,0,0.1
6662.870299863169,-28.510337465524202,-74.00553304782223,0,0.1
6709.214227755292,-28.598102071368817,-74.3232346265397,0,0.1
6755.880503157695,-28.685640544779993,-74.63605582617272,0,0.1
6802.871368174619,-28.772948550621532,-74.94412032775216,0,0.1
6850.189080505378,-28.859998111294473,-75.24778776022221,0,0.1
6897.835913552822,-28.9468815813747,-75.54622414218024,0,0.1
6945.814156532571,-29.033499176774896,-75.84050107515787,0,0.1
6994.126114583001,-29.119895100069435,-76.13025960163388,0,0.1
7042.774108875988,-29.206065809418114,-76.41561535533262,0,0.1
7091.760476728439,-29.291985999742245,-76.69691258437962,0,0.1
7141.087571714584,-29.377697472452184,-76.97379857844288,0,0.1
7190.757763779057,-29.463153815131434,-77.24684235528866,0,0.1
7240.773439350762,-29.548353883826763,-77.51614553775902,0,0.1
7291.137001457528,-29.633338244981626,-77.78135751311467,0,0.1
7341.850869841561,-29.718022652435046,-78.04347826286677,0,0.1
7392.917481075709,-29.802509029014836,-78.30148384161026,0,0.1
7444.339288680522,-29.88679428558779,-78.55548053397247,0,0.1
7496.118763242139,-29.970778415082066,-78.80666707326986,0,0.1
7548.258392530979,-30.054559220218277,-79.05403574809944,0,0.1
7600.760681621277,-30.138096725058535,-79.29811828805553,0,0.1
7653.628153011434,-30.221390663654518,-79.53900351857452,0,0.1
7706.863346745218,-30.304422682226217,-79.77699118368045,0,0.1
7760.468820533797,-30.38722969088775,-80.01173882120264,0,0.1
7814.447149878626,-30.469793385406454,-80.24354378797932,0,0.1
7868.800928195191,-30.5521141689403,-80.47248714410235,0,0.1
7923.532766937609,-30.634192586958196,-80.69864810538331,0,0.1
7978.645295724095,-30.716029318308586,-80.92210408198311,0,0.1
8034.141162463309,-30.79765853906086,-81.14252258855079,0,0.1
8090.023033481568,-30.87904681737939,-81.3603914804689,0,0.1
8146.293593650958,-30.96019521356515,-81.57578293553934,0,0.1
8202.955546518326,-31.04110488885307,-81.78876747552441,0,0.1
8260.011614435174,-31.121840045638614,-81.99862083717281,0,0.1
8317.464538688457,-31.202290743417386,-82.20680549664344,0,0.1
8375.317079632288,-31.282521611585445,-82.41259258264128,0,0.1
8433.572016820564,-31.362533515431075,-82.6160505531212,0,0.1
8492.232149140504,-31.442342280344402,-82.8170536954257,0,0.1
8551.300294947127,-31.52188971054439,-83.01643662897655,0,0.1
8610.779292198666,-31.601265502623544,-83.21311163906694,0,0.1
8670.671998592914,-31.68042629292411,-83.40771917604873,0,0.1
8730.981291704516,-31.75933120128978,-83.60088174862345,0,0.1
8791.710069123244,-31.838052659243836,-83.79171802987261,0,0.1
8852.86124859319,-31.916577259095213,-83.98047902358815,0,0.1
8914.437768152968,-31.99487893174794,-84.16759205351296,0,0.1
8976.44258627686,-32.07298639907349,-84.3527454395704,0,0.1
9038.878682016972,-32.15087442972708,-84.53635862369873,0,0.1
9101.74905514635,-32.22857112428208,-84.71812277176625,0,0.1
9165.056726303115,-32.306077649055844,-84.89809397718909,0,0.1
9228.804737135582,-32.38338259363237,-85.07650364567098,0,0.1
9292.996150448414,-32.46048772693126,-85.25340160350207,0,0.1
9357.634050349754,-32.53740716537258,-85.42866258506973,0,0.1
9422.721542399418,-32.61414227204889,-85.6023380066488,0,0.1
9488.261753758103,-32.69069445541086,-85.77447816471644,0,0.1
9554.257833337617,-32.76705331038311,-85.94530247268898,0,0.1
9620.712951952195,-32.84323247634837,-86.11468637413073,0,0.1
9687.630302470823,-32.919210342273445,-86.28301247760757,0,0.1
9755.013099970645,-32.995023575317866,-86.44981996319699,0,0.1
9822.864581891441,-33.07068460732827,-86.61499226443405,0,0.1
9891.188008191157,-33.14613848638704,-86.77940133113053,0,0.1
9959.98666150255,-33.221454140641036,-86.94210194615904,0,0.1
10029.26384729088,-33.29656673915249,-87.1041175259565,0,0.1
10099.022894012754,-33.371543651707086,-87.26451526735613,0,0.1
10169.26715327601,-33.4463216624704,-87.42430260908637,0,0.1
10240.000000000768,-33.52096663476323,-87.5825590178554,0,0.1
10311.224832581574,-33.59543766625316,-87.73996199634998,0,0.1
10382.945073050678,-33.66977792246526,-87.89592193202107,0,0.1
10455.164167242447,-33.74393738143908,-88.05126027742877,0,0.1
10527.885584958914,-33.81794861793571,-88.20554516224959,0,0.1
10601.112820136505,-33.891813082228694,-88.35881526171455,0,0.1
10674.849391013888,-33.965542052954206,-88.5109568770545,0,0.1
10749.098840301021,-34.039107597010066,-88.66246169776134,0,0.1
10823.864735349352,-34.112521460156515,-88.81321008660288,0,0.1
10899.15066832323,-34.185813936526145,-88.96278940564433,0,0.1
10974.960256372473,-34.25896716589507,-89.11153529088796,0,0.1
11051.297141806172,-34.331982699014816,-89.25948171366636,0,0.1
11128.16499226768,-34.40485291383505,-89.40680706145982,0,0.1
11205.567500910824,-34.477588762882384,-89.55339664302087,0,0.1
11283.508386577352,-34.550209806498,-89.69899615152649,0,0.1
11361.991393975597,-34.62268147671045,-89.84421111456788,0,0.1
11441.020293860403,-34.695032346457026,-89.98864276158344,0,0.1
11520.598883214287,-34.76725502913576,-90.13246398351288,0,0.1
11600.730985429864,-34.839359760578816,-90.27556489422746,0,0.1
11681.420450493551,-34.91135643126094,-90.41783892086075,0,0.1
11762.671155170538,-34.98321234131758,-90.55986816450422,0,0.1
11844.48700319105,-35.05497983786514,-90.70085733880751,0,0.1
11926.871925437901,-35.126609847318676,-90.84165559263488,0,0.1
12009.82988013536,-35.19813731848427,-90.98174640504752,0,0.1
12093.36485303932,-35.26956341059241,-91.12116092973315,0,0.1
12177.4808576288,-35.340865168159134,-91.26032660494899,0,0.1
12262.181935298773,-35.4120683794179,-91.39887075662814,0,0.1
12347.472155554336,-35.48315845867789,-91.5370835932894,0,0.1
12433.355616206238,-35.55414487946909,-91.674858743896,0,0.1
12519.836443567749,-35.62505230258339,-91.81183567230305,0,0.1
12606.918792652916,-35.69585083965875,-91.94855824979679,0,0.1
12694.606847376202,-35.76652696334898,-92.08530169557552,0,0.1
12782.904820753494,-35.83713545825189,-92.22120001963003,0,0.1
12871.816955104521,-35.907647109656644,-92.35678731798004,0,0.1
12961.347522256672,-35.97807077555072,-92.49196200831993,0,0.1
13051.500823750257,-36.0484003992071,-92.6268721506901,0,0.1
13142.28119104516,-36.11864471436329,-92.76141685446193,0,0.1
13233.69298572895,-36.188783415697905,-92.8959847101376,0,0.1
13325.740599726436,-36.25886829005065,-93.02974566148183,0,0.1
13418.428455510686,-36.32885745614824,-93.16345221385201,0,0.1
13511.761006315492,-36.39876660573562,-93.29688321403387,0,0.1
13605.74273634934,-36.468597045100616,-93.4300602988823,0,0.1
13700.378161010858,-36.5383569758461,-93.56288711040519,0,0.1
13795.671827105747,-36.60802021528062,-93.69585352779286,0,0.1
13891.628313065248,-36.6776360221444,-93.82816123480953,0,0.1
13988.252229166108,-36.74717145320689,-93.96041504227237,0,0.1
14085.548217752083,-36.816628011781454,-94.09263181618698,0,0.1
14183.520953456982,-36.886033628617405,-94.2243738656303,0,0.1
14282.175143429275,-36.95534983801677,-94.35634310366,0,0.1
14381.515527558222,-37.02461746935899,-94.48787852999735,0,0.1
14481.546878701633,-37.09381160605919,-94.61944943607035,0,0.1
14582.274002915165,-37.162952949070345,-94.75073914520664,0,0.1
14683.70173968323,-37.232036205340876,-94.88187850731623,0,0.1
14785.834962151528,-37.30104999610133,-95.01310390708649,0,0.1
14888.678577361155,-37.37000833219108,-95.1442123911253,0,0.1
14992.23752648439,-37.43890623791706,-95.27532905335799,0,0.1
15096.516785062071,-37.50776969374843,-95.4060416698839,0,0.1
15201.521363242668,-37.576568987442684,-95.53690384811357,0,0.1
15307.256306022984,-37.64531170148149,-95.66782222047839,0,0.1
15413.726693490553,-37.714017261807484,-95.79849657876714,0,0.1
15520.93764106771,-37.78268068369868,-95.92905060243085,0,0.1
15628.894299757369,-37.85127939681969,-96.0599145353785,0,0.1
15737.6018563905,-37.9198444693012,-96.19058395396044,0,0.1
15847.065533875337,-37.988359396656726,-96.32138299295191,0,0.1
15957.29059144831,-38.05683717674216,-96.4521211089305,0,0.1
16068.282324926739,-38.12527896616541,-96.58281388967727,0,0.1
16180.046066963258,-38.19367450100026,-96.71367629015937,0,0.1
16292.587187302037,-38.26204221947285,-96.84442146661716,0,0.1
16405.911093036775,-38.33036627707885,-96.97536152447574,0,0.1
16520.023228870472,-38.398664883474474,-97.10621283894322,0,0.1
16634.92907737704,-38.46692244499489,-97.23728285490857,0,0.1
16750.634159264704,-38.53515143027891,-97.36838775970332,0,0.1
16867.144033641256,-38.60334756489627,-97.49963651482621,0,0.1
16984.464298281135,-38.67151761920144,-97.6309444527316,0,0.1
17102.600589894384,-38.73965740593723,-97.76241857704956,0,0.1
17221.558584397462,-38.807795123368585,-97.89359824970792,0,0.1
17341.343997185955,-38.87587287422624,-98.02553114321525,0,0.1
17461.962583409164,-38.943956264901495,-98.15710066365827,0,0.1
17583.42013824662,-39.01200915029273,-98.28897296814192,0,0.1
17705.72249718651,-39.08003299364695,-98.42115498618905,0,0.1
17828.875536306066,-39.14805006129142,-98.55328888076752,0,0.1
17952.885172553855,-39.21604592182379,-98.68565970498224,0,0.1
18077.75736403408,-39.2840322211329,-98.81809537081604,0,0.1
18203.498110292836,-39.351989736725685,-98.95096438231404,0,0.1
18330.113452606365,-39.419945401673814,-99.08382650640525,0,0.1
18457.609474271307,-39.487890245336686,-99.21687029760308,0,0.1
18585.99230089697,-39.5558255738232,-99.35010409921067,0,0.1
18715.26810069965,-39.62374772198575,-99.4836230678704,0,0.1
18845.44308479898,-39.6916581004119,-99.61743329044155,0,0.1
18976.523507516347,-39.75957288047523,-99.75128256581044,0,0.1
19108.51566667538,-39.827473661408526,-99.88552321763488,0,0.1
19241.425903904536,-39.89537653998611,-100.01990412501965,0,0.1
19375.260604941792,-39.96327311362024,-100.1546023082407,0,0.1
19510.026199941436,-40.03116962578953,-100.28953866886874,0,0.1
19645.729163783028,-40.099067437861024,-100.42471930106854,0,0.1
19782.376016382463,-40.16696791846379,-100.5601500324642,0,0.1
19919.973323005244,-40.23487244348601,-100.6958364280853,0,0.1
20058.527694581913,-40.302782396128165,-100.83178379415179,0,0.1
20198.045788025658,-40.3706944988135,-100.96807844314507,0,0.1
20338.53430655217,-40.43861486969106,-101.10464290231305,0,0.1
20480.00000000169,-40.50654029687379,-101.2415619906413,0,0.1
20622.4496651633,-40.57448604009977,-101.37859926907316,0,0.1
20765.890146101516,-40.64243510475876,-101.51607884251605,0,0.1
20910.32833448505,-40.710402688783475,-101.6537652885438,0,0.1
21055.771169917985,-40.778376603752875,-101.79189855110678,0,0.1
21202.22564027317,-40.84636741968686,-101.93032351329047,0,0.1
21349.698782027936,-40.91436764866035,-102.06919801534087,0,0.1
21498.197680602203,-40.98240554900261,-102.20806104375335,0,0.1
21647.72947069887,-41.050446938155815,-102.34753208598241,0,0.1
21798.301336646622,-41.11851115303437,-102.48730437673899,0,0.1
21949.920512745113,-41.18659966857194,-102.62738025481472,0,0.1
22102.59428361251,-41.25469656299171,-102.7680618526288,0,0.1
22256.32998453553,-41.32282956726645,-102.90889836843036,0,0.1
22411.135001821818,-41.39098712329265,-103.05011656249411,0,0.1
22567.01677315487,-41.45918365299377,-103.1914956976326,0,0.1
22723.98278795137,-41.527382173217134,-103.33369865134333,0,0.1
22882.04058772098,-41.59563554607364,-103.47584415243429,0,0.1
23041.197766428744,-41.66390699641526,-103.61859075573841,0,0.1
23201.4619708599,-41.73221090465938,-103.76171838326947,0,0.1
23362.840900987278,-41.80054886977175,-103.90522641479878,0,0.1
23525.342310341253,-41.86891418285149,-104.04925616233956,0,0.1
23688.974006382276,-41.93732512318305,-104.19352167444981,0,0.1
23853.743850875984,-42.00576672003245,-104.33830521855923,0,0.1
24019.6597602709,-42.07424890843812,-104.4834634981232,0,0.1
24186.729706078822,-42.14276923930663,-104.62906453945085,0,0.1
24354.96171525778,-42.211333461002674,-104.7750366542387,0,0.1
24524.363870597732,-42.27993513757945,-104.92151535224922,0,0.1
24694.944311108862,-42.3485840637474,-105.0683601384953,0,0.1
24866.711232412665,-42.41727788904926,-105.21563690905714,0,0.1
25039.672887135683,-42.486018323876564,-105.36334247929123,0,0.1
25213.837585306024,-42.55479916167643,-105.51160751834846,0,0.1
25389.213694752598,-42.62363405928025,-105.6602265229809,0,0.1
25565.809641507185,-42.69251683641997,-105.80932958337455,0,0.1
25743.63391020923,-42.76145318002848,-105.95884613974235,0,0.1
25922.695044513537,-42.83044482038676,-106.10877251620195,0,0.1
26103.00164750071,-42.89948188475588,-106.25930015541924,0,0.1
26284.562382090517,-42.96857782526732,-106.41022774724736,0,0.1
26467.385971458098,-43.03773054881982,-106.56161569734039,0,0.1
26651.481199453076,-43.10694185197302,-106.71345889638191,0,0.1
26836.856911021572,-43.176209735510376,-106.8658157678503,0,0.1
27023.522012631187,-43.245539833910726,-107.01861675279518,0,0.1
27211.485472698885,-43.314926422885556,-107.17198232118177,0,0.1
27400.75632202192,-43.38438265059526,-107.32571741605142,0,0.1
27591.3436542117,-43.453887893941,-107.48019074866681,0,0.1
27783.256626130707,-43.52347763111758,-107.63483520250129,0,0.1
27976.504458332423,-43.59312389989974,-107.79014130248535,0,0.1
28171.096435504372,-43.66284342972885,-107.94585483700493,0,0.1
28367.04190691418,-43.73262704209711,-108.10215263097274,0,0.1
28564.35028685876,-43.80248034353214,-108.25896557855597,0,0.1
28763.031055116662,-43.872412505122114,-108.41616579551575,0,0.1
28963.093757403483,-43.94241449540213,-108.57392700092382,0,0.1
29164.548005830547,-44.012491869791866,-108.73218107324054,0,0.1
29367.403479366687,-44.082639370514144,-108.89103861228962,0,0.1
29571.669924303278,-44.15286969894936,-109.05031356689224,0,0.1
29777.35715472254,-44.2231740588649,-109.21017470699569,0,0.1
29984.475052969006,-44.29356151739179,-109.37049610711168,0,0.1
30193.03357012437,-44.36403045472132,-109.53132796456919,0,0.1
30403.042726485564,-44.43457580642431,-109.69277676232706,0,0.1
30614.512612046197,-44.50521356156632,-109.85460313812246,0,0.1
30827.45338698134,-44.57593167124283,-110.01702807834867,0,0.1
31041.875282135654,-44.6467390778121,-110.17992797607143,0,0.1
31257.788599514974,-44.717630824793474,-110.34340694432599,0,0.1
31475.203712781236,-44.78861578471344,-110.50734267209589,0,0.1
31694.13106775091,-44.85968222603138,-110.67194954790203,0,0.1
31914.581182896858,-44.93084923507695,-110.83693852047212,0,0.1
32136.564649853717,-45.00210514431203,-111.00252257090303,0,0.1
32360.09213392676,-45.073458729100665,-111.16858105733027,0,0.1
32585.17437460432,-45.14490187116651,-111.335268405399,0,0.1
32811.8221860738,-45.216443317344584,-111.50246437899419,0,0.1
33040.04645774119,-45.28808504068725,-111.67015902782451,0,0.1
33269.85815475433,-45.35982900671097,-111.8383424485436,0,0.1
33501.26831852966,-45.431667286759456,-112.00716498914947,0,0.1
33734.28806728276,-45.50361508396457,-112.17640183338354,0,0.1
33968.928596562524,-45.57565796222146,-112.34630829069941,0,0.1
34205.20117978902,-45.6478110333959,-112.51666104681838,0,0.1
34443.11716879519,-45.72006974196892,-112.68755502735998,0,0.1
34682.68799437217,-45.79243930696363,-112.85892692037353,0,0.1
34923.92516681859,-45.86491525030556,-113.0308698106041,0,0.1
35166.8402764935,-45.93749319462809,-113.2034746613348,0,0.1
35411.44499437329,-46.01019112970277,-113.37647167592053,0,0.1
35657.7510726124,-46.082995076004295,-113.55010603244797,0,0.1
35905.77034510798,-46.15592284803529,-113.72411044944391,0,0.1
36155.51472806843,-46.228960567039366,-113.89872725964088,0,0.1
36406.99622058595,-46.30211023227367,-114.07394238879711,0,0.1
36660.22690521301,-46.37538002816308,-114.24964147767729,0,0.1
36915.21894854289,-46.448777974486006,-114.42571153478397,0,0.1
37171.98460179422,-46.52229031298578,-114.60238661027121,0,0.1
37430.53620139958,-46.59592183715871,-114.77959869406708,0,0.1
37690.88616959824,-46.669673957045916,-114.95732642133737,0,0.1
37953.04701503298,-46.74355054390062,-115.13549346188441,0,0.1
38217.03133335104,-46.81754490693283,-115.31415710168697,0,0.1
38482.85180780936,-46.89165836231838,-115.49315121171618,0,0.1
38750.521209883875,-46.96586453033415,-115.67243526671245,0,0.1
39020.05239988316,-47.04006096649492,-115.8517868509511,0,0.1
39291.458327566346,-47.11384492255796,-116.03416957579091,0,0.1
39564.752032765224,-47.18904608156968,-116.22113160022374,0,0.1
39839.94664601079,-47.26418640047938,-116.40179573063494,0,0.1
40117.05538916413,-47.33918748002771,-116.58345438657814,0,0.1
40396.09157605162,-47.414273905436495,-116.76576723018017,0,0.1
40677.068613104646,-47.48947202999423,-116.94863935704392,0,0.1
40960.00000000368,-47.56477260100194,-117.13195815469979,0,0.1
41244.899330326916,-47.640121431483195,-117.31525973286794,0,0.1
41531.78029220334,-47.71508602584448,-117.49926611052946,0,0.1
41820.65666897041,-47.79094380933458,-117.6932165483231,0,0.1
42111.54233983629,-47.86743718106449,-117.87806782692486,0,0.1
42404.45128054665,-47.94361013109244,-118.06344918958203,0,0.1
42699.3975640562,-48.0198482637164,-118.24980571262765,0,0.1
42996.39536120473,-48.09621608315274,-118.43680923987485,0,0.1
43295.458941398065,-48.17271238795962,-118.62460307260021,0,0.1
43596.60267329357,-48.24936292400132,-118.8128129854168,0,0.1
43899.84102549055,-48.32616279951567,-119.00153547569062,0,0.1
44205.18856722535,-48.40311179797736,-119.19078830701777,0,0.1
44512.659969071385,-48.48020933808301,-119.38059417508947,0,0.1
44822.27000364397,-48.55746555076286,-119.5708046831609,0,0.1
45134.033546310086,-48.63487947552719,-119.76144847273076,0,0.1
45447.96557590307,-48.71244744087327,-119.95259755708696,0,0.1
45764.081175442305,-48.7901711817717,-120.14423764714307,0,0.1
46082.39553285784,-48.86805771685807,-120.33626993559149,0,0.1
46402.92394172015,-48.94610332401452,-120.52876712177233,0,0.1
46725.681801974904,-49.02431226472956,-120.72167417103545,0,0.1
47050.68462068286,-49.10268609461272,-120.91497910057703,0,0.1
47377.94801276491,-49.18121590432407,-121.10883728523937,0,0.1
47707.487701752325,-49.25991633358749,-121.30302695120578,0,0.1
48039.319520542165,-49.33878106811687,-121.49766152741326,0,0.1
48373.45941215801,-49.417816772554914,-121.69264630079248,0,0.1
48709.923430515926,-49.497017200192246,-121.88809331111246,0,0.1
49048.72774119583,-49.57638640717599,-122.0839491809954,0,0.1
49389.888622218095,-49.655928369481586,-122.28016143720711,0,0.1
49733.4224648257,-49.73564195243408,-122.47675939631668,0,0.1
50000.0,-49.797234809181774,-122.6286938285247,0,0.1
10.0,-27.001105989125996,-0.15351053266743586,1,0.2
10.069555500567189,-27.00137677209144,-0.15394143053790943,1,0.2
10.139594797900294,-27.001661119560026,-0.15436508672429933,1,0.2
10.210121257071936,-27.00192708271141,-0.15477778604477208,1,0.2
10.281138266560667,-27.00220663409802,-0.15518276327412975,1,0.2
10.352649238413779,-27.002487001821983,-0.1555783765926437,1,0.2
10.424657608411218,-27.002780981122015,-0.1559658047587875,1,0.2
10.497166836230678,-27.003069410092287,-0.15634265497238223,1,0.2
10.57018040561381,-27.00336508416195,-0.1567101040088078,1,0.2
10.643701824533608,-27.00364884364076,-0.15706570199314626,1,0.2
10.71773462536294,-27.003959046327605,-0.15741357934714104,1,0.2
10.792282365044281,-27.004250970976056,-0.1577483168218519,1,0.2
10.867348625260592,-27.004562973988268,-0.1580740878985571,1,0.2
10.942937012607405,-27.004863117886604,-0.15838688143302268,1,0.2
11.019051158766118,-27.005170587261958,-0.15868866303050116,1,0.2
11.095694720678463,-27.005485395918306,-0.15897916047188576,1,0.2
11.172871380722214,-27.005807557871183,-0.15925809785157688,1,0.2
11.250584846888108,-27.006117920208794,-0.1595228562014862,1,0.2
11.328838852958,-27.006448443529727,-0.15977702708800695,1,0.2
11.407637158684253,-27.00677997538073,-0.16001798383178348,1,0.2
11.486983549970367,-27.007112531373394,-0.1602454171940325,1,0.2
11.566881839052892,-27.007433351059568,-0.16045740551390064,1,0.2
11.647335864684578,-27.007780779471126,-0.16065845669307854,1,0.2
11.728349492318808,-27.00811011635977,-0.16084260749123555,1,0.2
11.809926614295325,-27.00845331773524,-0.16101359112252817,1,0.2
11.892071150027233,-27.008797624649894,-0.16116945749641726,1,0.2
11.97478704618931,-27.00915582819542,-0.16131154521044308,1,0.2
12.05807827690763,-27.009508784144664,-0.16143702875726917,1,0.2
12.141948843950495,-27.00986289741964,-0.1615463964851297,1,0.2
12.226402776920713,-27.010224572250525,-0.16164015889445027,1,0.2
12.31144413344919,-27.010587440160748,-0.16171712459666823,1,0.2
12.397076999389895,-27.010951519717032,-0.16177694065099035,1,0.2
12.48330548901615,-27.011323215234086,-0.16182012600125975,1,0.2
12.570133745218314,-27.01170254510542,-0.16184634035912115,1,0.2
12.657565939702833,-27.012076758041815,-0.16185346057668112,1,0.2
12.745606273192656,-27.012458644010838,-0.16184289058113913,1,0.2
12.834258975629076,-27.012841837835076,-0.16181337538605364,1,0.2
12.923528306374958,-27.013232744100556,-0.16176544962294565,1,0.2
13.013418554419374,-27.01361861482856,-0.16169691892374438,1,0.2
13.10393403858367,-27.0140058555161,-0.16160830314323693,1,0.2
13.195079107728983,-27.014420021076567,-0.1615029445676211,1,0.2
13.286858140965156,-27.014816448143076,-0.16137396133910142,1,0.2
13.379275547861162,-27.015227075384118,-0.16122562860742265,1,0.2
13.472335768656947,-27.0156327758734,-0.16105472850257668,1,0.2
13.566043274476765,-27.01604633769049,-0.16086276113998513,1,0.2
13.660402567544,-27.016455019117057,-0.16064740390760798,1,0.2
13.755418181397484,-27.016877989566375,-0.16041115762040956,1,0.2
13.851094681109295,-27.017308889714748,-0.1601526707623583,1,0.2
13.947436663504105,-27.017734980654645,-0.15986956465154564,1,0.2
14.044448757380025,-27.01816266862318,-0.15956239776127926,1,0.2
14.142135623731003,-27.018604739643113,-0.15923276575227432,1,0.2
14.240501955970773,-27.01904207658558,-0.15887723970256104,1,0.2
14.33955248015833,-27.019481086009538,-0.1584963919045906,1,0.2
14.439291955225018,-27.019934553310367,-0.15809185720042654,1,0.2
14.539725173203164,-27.02037060660018,-0.15765804166432937,1,0.2
14.640856959456315,-27.020827549660705,-0.15720073265188172,1,0.2
14.742692172911074,-27.021286270995585,-0.1567163892467734,1,0.2
14.845235706290554,-27.02175317679973,-0.15620563478229965,1,0.2
14.94849248634945,-27.022209160137074,-0.1556648222227844,1,0.2
15.05246747411074,-27.022679762581983,-0.1550977871994417,1,0.2
15.15716566510405,-27.023152256482984,-0.1545019443992744,1,0.2
15.26259208960566,-27.023620294299594,-0.15387573814518754,1,0.2
15.368751812880195,-27.024103037381447,-0.15322201656142984,1,0.2
15.475649935423972,-27.024581384871617,-0.1525370159495562,1,0.2
15.58329159321007,-27.02507449708907,-0.15182363340371322,1,0.2
15.69168195793509,-27.025550524534406,-0.15107577251149126,1,0.2
15.800826237267621,-27.02606050577107,-0.15030205904741334,1,0.2
15.910729675098453,-27.026553467207645,-0.14949291646829763,1,0.2
16.02139755179252,-27.027048569122623,-0.14865128803282363,1,0.2
16.13283518444261,-27.0275522193737,-0.14777787742517054,1,0.2
16.245047927124794,-27.02806445082024,-0.14687224044884128,1,0.2
16.358041171155712,-27.02855980190431,-0.14592915635023274,1,0.2
16.471820345351553,-27.029089297872435,-0.144957691144548,1,0.2
16.586390916288924,-27.029601984638187,-0.1439478073659222,1,0.2
16.70175838856748,-27.03012339212044,-0.14290383173287505,1,0.2
16.817928305074386,-27.0306535558492,-0.14182531489693023,1,0.2
16.93490624725064,-27.03117976795653,-0.14070932067540842,1,0.2
17.052697835359233,-27.03170843879219,-0.13955659150790212,1,0.2
17.17130872875518,-27.03223960663587,-0.13836664591374978,1,0.2
17.290744626157405,-27.032779681217676,-0.13714027568820408,1,0.2
17.411011265922586,-27.03332870087703,-0.13587702952608655,1,0.2
17.53211442632081,-27.03386759405683,-0.1345725720817615,1,0.2
17.654059925813208,-27.034421882707992,-0.1332315787748858,1,0.2
17.776853623331515,-27.034972497636044,-0.13184968256528015,1,0.2
17.900501418559564,-27.035532219822393,-0.13042902239000764,1,0.2
18.02500925221672,-27.036081984684408,-0.12896513541169116,1,0.2
18.150383106343334,-27.03664731067187,-0.12746286877650448,1,0.2
18.27662900458813,-27.03720276767399,-0.12591636823737237,1,0.2
18.403753012497624,-27.037786607403397,-0.12433331182397747,1,0.2
18.53176123780754,-27.038354300500668,-0.12270367936325981,1,0.2
18.660659830736275,-27.038924996301482,-0.12103107124651526,1,0.2
18.790454984280366,-27.039498741226655,-0.11931500982009931,1,0.2
18.921152934512047,-27.04008194826665,-0.11755643535688698,1,0.2
19.05275996087888,-27.040668298469765,-0.11575347979029364,1,0.2
19.18528238650542,-27.04126420545773,-0.113907110303409,1,0.2
19.31872657849705,-27.041837893427978,-0.11200963189333475,1,0.2
19.453098948245852,-27.042433967537015,-0.1100706793614739,1,0.2
19.588405951738682,-27.04303974691044,-0.10808694169214757,1,0.2
19.72465408986733,-27.043636191026387,-0.10605352630333828,1,0.2
19.861849908740865,-27.044236080717,-0.10397289861397477,1,0.2
20.00000000000015,-27.044852194264276,-0.10184762472878325,1,0.2
20.13911100113453,-27.045452771258706,-0.09966969562292192,1,0.2
20.279189595800737,-27.046056955509744,-0.09744315856697076,1,0.2
20.42024251414402,-27.046671163669384,-0.0951691133063573,1,0.2
20.56227653312149,-27.047276367238705,-0.09284245957592763,1,0.2
20.70529847682771,-27.047898068137005,-0.09046898230323736,1,0.2
20.849315216822593,-27.048523600964547,-0.08804513958113004,1,0.2
20.994333672461515,-27.04914666425788,-0.0855688920833307,1,0.2
21.14036081122778,-27.04977367794932,-0.08304138378095978,1,0.2
21.28740364906737,-27.050398343093246,-0.08046055648013357,1,0.2
21.43546925072604,-27.05103343904399,-0.07782923189325827,1,0.2
21.584564730088722,-27.051653593717212,-0.07514040343325894,1,0.2
21.734697250521346,-27.052297019919322,-0.07240355633227193,1,0.2
21.885874025214974,-27.052925633621037,-0.06960829705043167,1,0.2
22.038102317532406,-27.05357764424583,-0.06676428617262459,1,0.2
22.191389441357092,-27.054208618278665,-0.06385926079224155,1,0.2
22.345742761444598,-27.054863119105498,-0.060904744633557564,1,0.2
22.501169693776383,-27.055496721038622,-0.057888286935283265,1,0.2
22.657677705916175,-27.05614762819977,-0.054819865771528746,1,0.2
22.815274317368676,-27.056796842912707,-0.051693878171157386,1,0.2
22.973967099940907,-27.057444436517958,-0.048509907579477055,1,0.2
23.13376367810596,-27.058103188922157,-0.045271143395976744,1,0.2
23.29467172936933,-27.058760464015382,-0.041973639684214706,1,0.2
23.456698984637793,-27.05940998307726,-0.03861516702447195,1,0.2
23.619853228590827,-27.060064527728542,-0.035198977891671146,1,0.2
23.784142300054643,-27.060724172899675,-0.031724731081036496,1,0.2
23.949574092378796,-27.06138264296769,-0.02819021570150709,1,0.2
24.11615655381544,-27.062046367446015,-0.024596949961496233,1,0.2
24.28389768790117,-27.06271542437819,-0.020944613631558816,1,0.2
24.452805553841607,-27.063370842006293,-0.017227121663681618,1,0.2
24.622888266898567,-27.064038103933758,-0.01345178475250692,1,0.2
24.794153998779972,-27.064710940672416,-0.00961639639851261,1,0.2
24.966610978032485,-27.065376736680882,-0.005716720649881013,1,0.2
25.140267490436816,-27.06603557807025,-0.001752376038679166,1,0.2
25.315131879405854,-27.066706596388993,0.002270994982604928,1,0.2
25.4912125463855,-27.067370833100007,0.00635967778008257,1,0.2
25.668517951258348,-27.068047419325513,0.010507914412795328,1,0.2
25.847056612750112,-27.068730095030602,0.014717961785637983,1,0.2
26.026837108838944,-27.06938721792055,0.019000430980171606,1,0.2
26.20786807716754,-27.070063306045334,0.0233411783462319,1,0.2
26.390158215458165,-27.07073941207743,0.027746651721014384,1,0.2
26.573716281930512,-27.071415630183463,0.03221712127291397,1,0.2
26.758551095722524,-27.07209205571006,0.03675284901084361,1,0.2
26.944671537314093,-27.072762441192037,0.04135625050432663,1,0.2
27.13208654895373,-27.073433229421102,0.0460254454622886,1,0.2
27.320805135088207,-27.07412354905907,0.05075407706651152,1,0.2
27.510836362795175,-27.07478275466918,0.05555994048908603,1,0.2
27.7021893622188,-27.07546169286394,0.06042565275326196,1,0.2
27.89487332700842,-27.076128753432055,0.06536252646706966,1,0.2
28.088897514760255,-27.076822091743885,0.07035724246935086,1,0.2
28.284271247462218,-27.077491080536667,0.07542809866709521,1,0.2
28.48100391194176,-27.078167534646802,0.08056395583188469,1,0.2
28.679104960316874,-27.078838881006483,0.08576959233297082,1,0.2
28.878583910450253,-27.079511570308938,0.0910428844835115,1,0.2
29.079450346406546,-27.080185713703017,0.09638399089727169,1,0.2
29.28171391891285,-27.080855085007197,0.10179544957002842,1,0.2
29.485384345822368,-27.081526137850055,0.10727505213776947,1,0.2
29.690471412581335,-27.082192649799413,0.11282535865924254,1,0.2
29.896984972699123,-27.082873751292006,0.11843920613242158,1,0.2
30.104934948221704,-27.08353787321521,0.12412893108683219,1,0.2
30.314331330208326,-27.084197812428066,0.12988984248425617,1,0.2
30.52518417921155,-27.08487269990406,0.13571456692434702,1,0.2
30.73750362576062,-27.085537313269548,0.1416131903560168,1,0.2
30.951299870848175,-27.086204450025498,0.147580810699911,1,0.2
31.16658318642038,-27.086867901373974,0.15362006903931388,1,0.2
31.38336391587042,-27.087527796184695,0.15973108772621117,1,0.2
31.60165247453548,-27.088190598847287,0.16591136437607074,1,0.2
31.82145935019715,-27.088862773630655,0.1721583013591096,1,0.2
32.04279510358529,-27.089525452456126,0.178479843544189,1,0.2
32.26567036888546,-27.090166106684322,0.1848815078903305,1,0.2
32.49009585424984,-27.09083553485361,0.1913419404935411,1,0.2
32.716082342311665,-27.091489546750086,0.19787996329572063,1,0.2
32.94364069070335,-27.09213461669006,0.204493023783857,1,0.2
33.172781832578096,-27.092777218948974,0.21117847219189195,1,0.2
33.40351677713521,-27.093442819491177,0.21792517565407762,1,0.2
33.63585661014903,-27.094080918040078,0.22475543700543776,1,0.2
33.86981249450153,-27.094723315431125,0.23165535724036693,1,0.2
34.10539567071872,-27.09535750103871,0.23863061587834397,1,0.2
34.34261745751061,-27.09600261371863,0.2456726314585139,1,0.2
34.58148925231507,-27.09663981843179,0.2527900011698132,1,0.2
34.822022531845434,-27.09728192721686,0.25997692008358125,1,0.2
35.064228852641875,-27.09790378486751,0.26724514311476405,1,0.2
35.30811985162668,-27.098537189711656,0.2745799458414305,1,0.2
35.55370724666329,-27.099163319190275,0.28199017977656005,1,0.2
35.80100283711939,-27.099794989744773,0.28946981444147,1,0.2
36.05001850443371,-27.10041338639875,0.29702790584976374,1,0.2
36.30076621268694,-27.101043980373746,0.30465221647169266,1,0.2
36.55325800917653,-27.101655311413296,0.312358078672676,1,0.2
36.80750602499552,-27.102260203120917,0.3201393832830167,1,0.2
37.06352247561536,-27.102871477986813,0.32798981130422505,1,0.2
37.32131966147283,-27.1034893093699,0.33590920191368406,1,0.2
37.58090996856101,-27.104082254197003,0.3439134447553716,1,0.2
37.84230586902438,-27.1046884357342,0.35198332553907197,1,0.2
38.105519921758045,-27.10528906373163,0.3601283736454138,1,0.2
38.37056477301113,-27.10588432242375,0.36834855419458723,1,0.2
38.63745315699439,-27.106480720368896,0.37664050769843604,1,0.2
38.906197896491996,-27.10706580146148,0.3850107950837934,1,0.2
39.176811903477656,-27.107652400547263,0.3934526983510272,1,0.2
39.449308179734956,-27.108234388603904,0.4019694738161711,1,0.2
39.72369981748203,-27.108811961051803,0.41056105333023185,1,0.2
40.000000000000604,-27.109397956360052,0.4192204521889301,1,0.2
40.27822200226936,-27.109967292503782,0.42796135362320276,1,0.2
40.55837919160177,-27.11052017408257,0.4367838383913879,1,0.2
40.840485028288356,-27.111101043207306,0.4456632052570547,1,0.2
41.124553066243294,-27.11164059346888,0.45463817791036254,1,0.2
41.410596953655734,-27.112214864222054,0.46366600089284155,1,0.2
41.6986304336455,-27.112760878838916,0.4727823030909468,1,0.2
41.98866734492334,-27.113316763773522,0.48196538184226084,1,0.2
42.28072162245588,-27.113851146385844,0.4912333606915848,1,0.2
42.57480729813507,-27.114395835887905,0.500567801545651,1,0.2
42.8709385014524,-27.114925785046474,0.5099833668973222,1,0.2
43.16912946017777,-27.11546648741352,0.5194649949958687,1,0.2
43.46939450104301,-27.115999219965676,0.5290237700598462,1,0.2
43.771748050430276,-27.11651789819722,0.5386634629068169,1,0.2
44.07620463506514,-27.117048019829568,0.5483686312002131,1,0.2
44.38277888271451,-27.117564557579264,0.5581545111626074,1,0.2
44.69148552288952,-27.118061437021904,0.5680250439593102,1,0.2
45.00233938755311,-27.11857679083107,0.5779565739863859,1,0.2
45.315355411832684,-27.119085602952318,0.5879645986905593,1,0.2
45.63054863473769,-27.119588121571404,0.598049021614114,1,0.2
45.947934199882155,-27.120071970120247,0.608217852059684,1,0.2
46.26752735621227,-27.120562658471098,0.6184548264986977,1,0.2
46.58934345873901,-27.12105412859708,0.6287637596599117,1,0.2
46.913397969275934,-27.12152138771043,0.6391610485001206,1,0.2
47.23970645718201,-27.122015202856105,0.6496133792250242,1,0.2
47.56828460010965,-27.122472711719922,0.6601623199381051,1,0.2
47.89914818475796,-27.122944684683745,0.6707742163556092,1,0.2
48.232313107631235,-27.1234061440665,0.681465774291291,1,0.2
48.5677953758027,-27.12386367765046,0.6922326311725594,1,0.2
48.90561110768358,-27.124317564052017,0.7030746381529744,1,0.2
49.2457765337975,-27.124761773963666,0.7139960296711028,1,0.2
49.58830799756032,-27.125202904085004,0.7249923260022564,1,0.2
49.933221956065346,-27.125653863918295,0.7360544451540117,1,0.2
50.280534980874016,-27.1260770816582,0.747208966474108,1,0.2
50.630263758812085,-27.126517025957963,0.7584244336137412,1,0.2
50.982425092771386,-27.126929824064355,0.7697322958898644,1,0.2
51.33703590251707,-27.127353638476258,0.7811051913131862,1,0.2
51.69411322550061,-27.12776353552835,0.7925612555948104,1,0.2
52.05367421767828,-27.128172443777178,0.8040911597228297,1,0.2
52.41573615433548,-27.128574366627802,0.8156994064905893,1,0.2
52.78031643091672,-27.128975929452235,0.8273811467717116,1,0.2
53.14743256386143,-27.129364834741526,0.8391457277571431,1,0.2
53.517102191445446,-27.129754023590028,0.8509835054181778,1,0.2
53.8893430746286,-27.130137514756395,0.8628991056903349,1,0.2
54.264173097907864,-27.13051563943764,0.8748924023111235,1,0.2
54.64161027017682,-27.130888732566582,0.8869632629268537,1,0.2
55.02167272559077,-27.131263440371253,0.8991065761138014,1,0.2
55.40437872443802,-27.131633797475914,0.9113270922512297,1,0.2
55.78974665401725,-27.131993843079883,0.9236297091393834,1,0.2
56.17779502952094,-27.132337621024952,0.9360194744548791,1,0.2
56.56854249492486,-27.1326907136876,0.948475943107343,1,0.2
56.962007823883944,-27.133021945033068,0.961024549007018,1,0.2
57.358209920634174,-27.13336951738365,0.9736342189850477,1,0.2
57.75716782090094,-27.13369595762853,0.9863358987226762,1,0.2
58.158900692813525,-27.134020555770235,0.9991138879118258,1,0.2
58.56342783782614,-27.134337380113127,1.0119733145780414,1,0.2
58.97076869164518,-27.134646809469686,1.024914091083125,1,0.2
59.38094282516311,-27.13496183826877,1.0379252968660617,1,0.2
59.79396994539869,-27.135270241709133,1.0510174887648107,1,0.2
60.209869896443855,-27.135566105775055,1.0641960515332514,1,0.2
60.628662660417106,-27.13584982655589,1.077460992121091,1,0.2
61.05036835842356,-27.13614702507521,1.0907899860453303,1,0.2
61.4750072515217,-27.136426579239657,1.1042106331328139,1,0.2
61.90259974169682,-27.136701508294976,1.1177117112119226,1,0.2
62.33316637284123,-27.136972225284172,1.1312930662105842,1,0.2
62.766727831741306,-27.13723914768224,1.1449545344462517,1,0.2
63.20330494907143,-27.137502697430183,1.158695942282807,1,0.2
63.642918700394766,-27.137763300968444,1.1725171057785024,1,0.2
64.08559020717105,-27.13801508486081,1.1864237172321337,1,0.2
64.5313407377714,-27.138252180547767,1.200421637340489,1,0.2
64.98019170850016,-27.13849394145125,1.2144929900797783,1,0.2
65.43216468462381,-27.138715595361894,1.2286615025392946,1,0.2
65.8872813814072,-27.138949112894966,1.2428970064291662,1,0.2
66.34556366515669,-27.1391634275251,1.257229547529314,1,0.2
66.80703355427093,-27.139390518553014,1.2716284759866154,1,0.2
67.27171322029855,-27.13959302567497,1.2861304812059693,1,0.2
67.73962498900357,-27.13979663338688,1.3007108193997432,1,0.2
68.21079134143795,-27.139995511022175,1.3153754913311353,1,0.2
68.68523491502174,-27.14018383292066,1.3301306736257823,1,0.2
69.16297850463066,-27.140368385965935,1.3449699267261632,1,0.2
69.6440450636914,-27.140549658007412,1.3598930517068337,1,0.2
70.12845770528428,-27.140728141818204,1.3748998354021151,1,0.2
70.61623970325388,-27.140904335120833,1.3899900499298055,1,0.2
71.10741449332713,-27.14106613326575,1.4051766372747923,1,0.2
71.60200567423932,-27.141226651276508,1.4204463519824304,1,0.2
72.10003700886796,-27.141386401799,1.4357989210225381,1,0.2
72.60153242537443,-27.14152699166561,1.4512542817565137,1,0.2
73.10651601835362,-27.141674158074935,1.4667854107608105,1,0.2
73.61501204999159,-27.1418032143259,1.4824192092183541,1,0.2
74.12704495123128,-27.141927300485044,1.4981420072425224,1,0.2
74.64263932294622,-27.142053258164253,1.5139466559690666,1,0.2
75.16181993712259,-27.142169023070295,1.5298467779298535,1,0.2
75.68461173804933,-27.142281447069504,1.5458352406584448,1,0.2
76.21103984351666,-27.142384779710596,1.561918892418106,1,0.2
76.74112954602285,-27.142485883177805,1.5780904606384247,1,0.2
77.27490631398935,-27.142579017292935,1.5943568624179814,1,0.2
77.81239579298456,-27.142664750729097,1.6107179455259637,1,0.2
78.3536238069559,-27.14275626531393,1.6271589025237156,1,0.2
78.8986163594705,-27.142828924388848,1.6437087073696797,1,0.2
79.44739963496465,-27.142902224099025,1.660345194153342,1,0.2
80.00000000000179,-27.142957841646055,1.6770904152033375,1,0.2
80.55644400453932,-27.14302158823188,1.6939142977076969,1,0.2
81.11675838320417,-27.143062542571634,1.7108542056200597,1,0.2
81.68097005657731,-27.143106526699377,1.7278797463097708,1,0.2
82.24910613248719,-27.14314784668813,1.744998140652158,1,0.2
82.8211939073121,-27.143187118088527,1.7622090474523482,1,0.2
83.39726086729164,-27.143206047428137,1.7795355672671294,1,0.2
83.97733468984731,-27.143224174277606,1.7969541906805346,1,0.2
84.56144324491237,-27.14324212977898,1.8144645049400563,1,0.2
85.14961459627077,-27.1432605503334,1.8320660709659347,1,0.2
85.74187700290544,-27.14325485649898,1.8497906459636622,1,0.2
86.33825892035618,-27.143244609566075,1.8676141034194964,1,0.2
86.93878900208668,-27.14323046097403,1.8855361051761481,1,0.2
87.54349610086122,-27.143219373004385,1.9035480509121396,1,0.2
88.15240927013093,-27.14319309026848,1.9216742543488001,1,0.2
88.7655577654297,-27.143164890628917,1.9398979457771302,1,0.2
89.38297104577971,-27.14312283355731,1.9582355139237506,1,0.2
90.00467877510688,-27.14308020764991,1.9766698911536758,1,0.2
90.63071082366605,-27.14302508166345,1.9952176569434064,1,0.2
91.26109726947607,-27.142970754882928,2.013861439541486,1,0.2
91.895868399765,-27.142911612164408,2.0326093410021775,1,0.2
92.53505471242522,-27.14284204254615,2.0514696849483656,1,0.2
93.17868691747873,-27.142756439037615,2.0704510200856454,1,0.2
93.82679593855258,-27.14267442891022,2.0895266815082607,1,0.2
94.47941291436473,-27.14259672342234,2.108695975128932,1,0.2
95.13656920022001,-27.142486190344584,2.128012115283511,1,0.2
95.79829636951663,-27.14239401238018,2.147403067251804,1,0.2
96.4646262152632,-27.142283065202385,2.1669223738045353,1,0.2
97.13559075160614,-27.14216669331774,2.186551619297729,1,0.2
97.81122221536789,-27.142033011592396,2.2063088485169304,1,0.2
98.49155306759573,-27.14190799300546,2.2261566691917634,1,0.2
99.17661599512138,-27.141767142590737,2.246131706137597,1,0.2
99.86644391213144,-27.141630134278614,2.2662054161737064,1,0.2
100.56106996174877,-27.141466168460674,2.286424631205341,1,0.2
101.26052751762494,-27.141313858630006,2.3067319468341445,1,0.2
101.96485018554354,-27.141148722070817,2.3271649389033895,1,0.2
102.67407180503491,-27.140971519375597,2.3477233089593326,1,0.2
103.388226451002,-27.140789326354774,2.3683969150662905,1,0.2
104.10734843535732,-27.14059660046349,2.389195056724385,1,0.2
104.83147230867174,-27.140394113566,2.4101173295387186,1,0.2
105.56063286183424,-27.140201578195196,2.4311332189014685,1,0.2
106.29486512772365,-27.139988212725328,2.452292079270178,1,0.2
107.03420438289172,-27.139767423457837,2.4735734887636514,1,0.2
107.778686149258,-27.139552622777174,2.4949564033073464,1,0.2
108.52834619581655,-27.139313032396505,2.516491374800974,1,0.2
109.28322054035448,-27.139068383164652,2.538147258221541,1,0.2
110.04334545118235,-27.138819469580262,2.559923379298257,1,0.2
110.80875744887686,-27.138567088857716,2.581819022269248,1,0.2
111.57949330803534,-27.13830572549382,2.603844049381581,1,0.2
112.35559005904271,-27.13802986477998,2.626008586851193,1,0.2
113.13708498985058,-27.137746625133698,2.64830148091324,1,0.2
113.92401564776874,-27.13745681209227,2.670722080550184,1,0.2
114.71641984126921,-27.13716123326133,2.6932696928157926,1,0.2
115.51433564180275,-27.13686069804001,2.715943582159104,1,0.2
116.31780138562794,-27.13653706347452,2.7387762353786904,1,0.2
117.12685567565316,-27.136229049025186,2.7617005381651905,1,0.2
117.94153738329126,-27.135893240013523,2.784793646303553,1,0.2
118.76188565032712,-27.135549404200002,2.8080216294751943,1,0.2
119.58793989079828,-27.13521099612899,2.8313609574705394,1,0.2
120.41973979288862,-27.134859872740588,2.854844867998848,1,0.2
121.25732532083512,-27.134490527468422,2.878484387793987,1,0.2
122.10073671684803,-27.13411641649733,2.9022558572278423,1,0.2
122.95001450304433,-27.13373203416447,2.92617013798504,1,0.2
123.80519948339456,-27.133344517768286,2.9502147286072673,1,0.2
124.66633274568338,-27.132948360239265,2.974400570537723,1,0.2
125.53345566348355,-27.132525404288913,2.9987628969688243,1,0.2
126.40660989814381,-27.132114403581102,3.0232291734365515,1,0.2
127.28583740079048,-27.131697200753795,3.047834289414311,1,0.2
128.17118041434307,-27.13125563020018,3.072614126643469,1,0.2
129.0626814755438,-27.130809474040426,3.097531500891172,1,0.2
129.9603834170013,-27.130353213076887,3.1225978697279704,1,0.2
130.86432936924862,-27.129893978204855,3.1477999546674904,1,0.2
131.77456276281538,-27.129413588710847,3.173174529032479,1,0.2
132.69112733031437,-27.128925496604886,3.1986958864156954,1,0.2
133.61406710854286,-27.128436826864338,3.224350352291784,1,0.2
134.5434264405981,-27.127929384192896,3.250175386659174,1,0.2
135.47924997800817,-27.12741661486298,3.2761446185416654,1,0.2
136.42158268287693,-27.126892972800686,3.302270111423169,1,0.2
137.3704698300445,-27.12635923709382,3.328551094955147,1,0.2
138.32595700926237,-27.12580351678279,3.355013275611047,1,0.2
139.28809012738384,-27.12525191138385,3.3816029604197784,1,0.2
140.25691541056963,-27.124692521534794,3.408345588600275,1,0.2
141.23247940650882,-27.12411343651311,3.4352673198109067,1,0.2
142.2148289866553,-27.123521741063115,3.4623541248613785,1,0.2
143.20401134847972,-27.12293085331501,3.489577815794343,1,0.2
144.200074017737,-27.12232250446376,3.5169785661161264,1,0.2
145.20306485074994,-27.121697423728047,3.544555885756385,1,0.2
146.2130320367083,-27.121069010962078,3.5722811859787766,1,0.2
147.2300240999843,-27.120418965881793,3.6001957177331962,1,0.2
148.25408990246365,-27.119767014108906,3.628256493969001,1,0.2
149.28527864589356,-27.11911385840812,3.656462294055332,1,0.2
150.32363987424628,-27.118415796037162,3.6849129262625087,1,0.2
151.3692234760998,-27.117730582926743,3.7134783863570235,1,0.2
152.42207968703445,-27.11703352283514,3.7422153142390675,1,0.2
153.48225909204683,-27.11631893045344,3.7711377269788793,1,0.2
154.54981262797986,-27.115587452222925,3.8002451813558515,1,0.2
155.6247915859703,-27.11484607060255,3.8295222538402673,1,0.2
156.70724761391295,-27.11409541244405,3.8589681402500258,1,0.2
157.79723271894218,-27.11332974380951,3.888597184659316,1,0.2
158.8947992699305,-27.11254966452789,3.918408859165382,1,0.2
160.0000000000048,-27.111762112469485,3.948387229656654,1,0.2
161.11288800907985,-27.110954960515507,3.978562401941829,1,0.2
162.23351676640956,-27.110147824555103,4.008887302895036,1,0.2
163.36194011315587,-27.10930948642566,4.0394392694297565,1,0.2
164.49821226497562,-27.108465888157003,4.070155375947296,1,0.2
165.6423878146254,-27.107604836455764,4.1010665570445015,1,0.2
166.79452173458452,-27.10673318561641,4.13215647079023,1,0.2
167.9546693796959,-27.10583870280835,4.163456824229718,1,0.2
169.12288648982604,-27.104953646576718,4.194886246597958,1,0.2
170.29922919254284,-27.104033952312374,4.2265578561633195,1,0.2
171.4837540058122,-27.10311184818218,4.258389820009484,1,0.2
172.6765178407137,-27.102149573460895,4.290480941512113,1,0.2
173.87757800417467,-27.101198420191174,4.3226983410020114,1,0.2
175.08699220172375,-27.100214216819992,4.355158405706207,1,0.2
176.30481854026317,-27.09924187255226,4.387743017715652,1,0.2
177.53111553086072,-27.098237158529912,4.42057024125707,1,0.2
178.7659420915608,-27.09720037484037,4.453640916060827,1,0.2
180.00935755021513,-27.09617002365168,4.486851802351769,1,0.2
181.26142164733346,-27.095120896876193,4.520271493662478,1,0.2
182.52219453895353,-27.094046862675278,4.553917772978881,1,0.2
183.7917367995314,-27.092960884533433,4.587755782412489,1,0.2
185.07010942485184,-27.09185040895894,4.621821090557439,1,0.2
186.35737383495882,-27.09072835680869,4.6560784085404165,1,0.2
187.65359187710658,-27.08958849869656,4.690545777884578,1,0.2
188.95882582873088,-27.088450095499013,4.72516887087448,1,0.2
190.27313840044144,-27.087274963447726,4.760057080267372,1,0.2
191.59659273903472,-27.08608868976713,4.795138066217243,1,0.2
192.92925243052787,-27.084872164735167,4.830467794317545,1,0.2
194.27118150321374,-27.083657323364733,4.86595385877546,1,0.2
195.62244443073726,-27.082393060637237,4.901746743379902,1,0.2
196.98310613519297,-27.081143203090498,4.937658963537456,1,0.2
198.35323199024427,-27.079856571897093,4.973842454629021,1,0.2
199.73288782426437,-27.078565012115618,5.01020281435472,1,0.2
201.12213992349908,-27.077236427269632,5.04683721949794,1,0.2
202.5210550352514,-27.07590901290851,5.083630514550051,1,0.2
203.9297003710886,-27.074537802872452,5.120720380804349,1,0.2
205.3481436100714,-27.073154544317685,5.15801043813132,1,0.2
206.77645290200556,-27.071758980025805,5.195501496735721,1,0.2
208.21469687071618,-27.070344416651444,5.233214572296197,1,0.2
209.66294461734503,-27.068891310362847,5.2712118574922675,1,0.2
211.12126572367004,-27.067431313800014,5.309394158710864,1,0.2
212.5897302554489,-27.06594481358796,5.347823888768688,1,0.2
214.06840876578502,-27.06444419025238,5.386461854502495,1,0.2
215.5573722985176,-27.062916154433726,5.42535116232884,1,0.2
217.05669239163473,-27.061366607391868,5.464473266225682,1,0.2
218.5664410807106,-27.059801420950038,5.503809164991063,1,0.2
220.08669090236637,-27.058187928545617,5.543467069812432,1,0.2
221.6175148977554,-27.056576847122056,5.5832797526518325,1,0.2
223.15898661607235,-27.054935431341573,5.6233558615556305,1,0.2
224.71118011808713,-27.05327582573628,5.663655090654073,1,0.2
226.27416997970286,-27.05157801998789,5.704245497665928,1,0.2
227.8480312955392,-27.049873366383515,5.745020837180388,1,0.2
229.43283968254013,-27.04813534333025,5.786071689100702,1,0.2
231.02867128360725,-27.046363085133997,5.827401889651424,1,0.2
232.63560277125762,-27.044581424925134,5.868925433653833,1,0.2
234.25371135130806,-27.042763690679426,5.9107353050540965,1,0.2
235.88307476658426,-27.040915330272867,5.952813088135064,1,0.2
237.523771300656,-27.039054641942755,5.9950939603876305,1,0.2
239.17587978159838,-27.037167687038245,6.037627107240603,1,0.2
240.83947958577906,-27.03524691144178,6.080439901375234,1,0.2
242.51465064167206,-27.033297605911095,6.123513636884643,1,0.2
244.2014734336979,-27.03132502662904,6.166829176132959,1,0.2
245.9000290060905,-27.02932148673577,6.210414558353224,1,0.2
247.61039896679097,-27.02729215800778,6.254250773825723,1,0.2
249.33266549136863,-27.025235717821868,6.298342524060801,1,0.2
251.06691132696898,-27.023150798173162,6.342694753853773,1,0.2
252.81321979628953,-27.021035985304227,6.3873126584316635,1,0.2
254.5716748015829,-27.018889819420664,6.432201690690239,1,0.2
256.3423608286881,-27.016704324382474,6.477392397585762,1,0.2
258.12536295108947,-27.01449735754562,6.5228162821593765,1,0.2
259.9207668340045,-27.01225438488004,6.568528922201999,1,0.2
261.72865873849923,-27.009986716757286,6.614486158257015,1,0.2
263.54912552563275,-27.007686195329427,6.660719304030149,1,0.2
265.38225466063074,-27.00535108825504,6.707234964472896,1,0.2
267.2281342170877,-27.002986103018962,6.754014151930743,1,0.2
269.08685288119824,-27.00058293096811,6.80108961517432,1,0.2
270.95849995601833,-26.998159176973967,6.848390104399266,1,0.2
272.8431653657559,-26.995699953095848,6.89597470582606,1,0.2
274.74093966009104,-26.99319029897766,6.943904302583588,1,0.2
276.6519140185268,-26.990654197384053,6.992080699838209,1,0.2
278.5761802547697,-26.988076598404795,7.040565083230732,1,0.2
280.51383082114137,-26.985474924745944,7.089284507569359,1,0.2
282.4649588130198,-26.98283402796409,7.138301028514551,1,0.2
284.42965797331277,-26.980158233309083,7.18759584150472,1,0.2
286.40802269696155,-26.97743879302751,7.237205278305153,1,0.2
288.40014803547615,-26.974706035322498,7.286999000934333,1,0.2
290.4061297015021,-26.971898941202888,7.337237436999042,1,0.2
292.42606407341884,-26.96907385666107,7.387677943442239,1,0.2
294.4600481999708,-26.96619573855219,7.438471008145744,1,0.2
296.50817980492957,-26.96330133452935,7.489455095867532,1,0.2
298.5705572917893,-26.96036202383069,7.540753886253133,1,0.2
300.64727974849484,-26.95736216934129,7.592436343346048,1,0.2
302.73844695220185,-26.954338445905076,7.64433848758137,1,0.2
304.84415937407124,-26.951268601694434,7.69655804152645,1,0.2
306.964518184096,-26.948156518575793,7.749076457307454,1,0.2
309.09962525596205,-26.944999488194657,7.801904768647965,1,0.2
311.24958317194296,-26.941807886156997,7.854994012773769,1,0.2
313.4144952278283,-26.93857237000568,7.908385216970204,1,0.2
315.59446543788675,-26.935276963656957,7.962151313198736,1,0.2
317.7895985398634,-26.931938498708977,8.01621314084065,1,0.2
320.000000000012,-26.928586976811033,8.07042726304877,1,0.2
322.22577601816215,-26.92516024254779,8.12508429323869,1,0.2
324.4670335328215,-26.92169479370492,8.180010594010808,1,0.2
326.7238802263142,-26.91817443416508,8.235281504436399,1,0.2
328.99642452995374,-26.914622485712197,8.290782894757353,1,0.2
331.2847756292533,-26.91101607514995,8.346622713926505,1,0.2
333.5890434691715,-26.907338841949326,8.402879654620447,1,0.2
335.90933875939425,-26.903640480383764,8.459308432971127,1,0.2
338.2457729796546,-26.899891380289862,8.51605118495215,1,0.2
340.5984583850881,-26.896088308329663,8.573121812840592,1,0.2
342.96750801162693,-26.892221364832125,8.630567999707827,1,0.2
345.3530356814299,-26.88830712425604,8.688304622067859,1,0.2
347.75515600835195,-26.884348908266013,8.74631178720904,1,0.2
350.1739844034501,-26.880343379896303,8.804603137040603,1,0.2
352.60963708052907,-26.876260572911043,8.863329825381356,1,0.2
355.0622310617241,-26.872136940201997,8.922302260254455,1,0.2
357.53188418312425,-26.86796241354237,8.981568769622594,1,0.2
360.0187151004329,-26.863726870283834,9.041179103996736,1,0.2
362.52284329466966,-26.859433473821635,9.101113981591535,1,0.2
365.0443890779098,-26.855072025892408,9.161424575971774,1,0.2
367.58347359906554,-26.850672364244073,9.221949116243168,1,0.2
370.14021884970646,-26.846210911609628,9.282809180109075,1,0.2
372.7147476699204,-26.841690765581895,9.343984856557324,1,0.2
375.30718375421594,-26.837094920636204,9.405565164063999,1,0.2
377.9176516574646,-26.832453232749973,9.467384382641502,1,0.2
380.5462768008857,-26.827741960206414,9.529568177411125,1,0.2
383.1931854780723,-26.822970850392252,9.592059425234497,1,0.2
385.85850486105863,-26.818142951166703,9.65483690546445,1,0.2
388.5423630064304,-26.813234389823855,9.718029966517568,1,0.2
391.2448888614774,-26.808281825555458,9.781429045165018,1,0.2
393.96621227038884,-26.80324112862372,9.845278559076071,1,0.2
396.7064639804915,-26.798155742395657,9.909328041982263,1,0.2
399.4657756485318,-26.792988192550364,9.97378632458439,1,0.2
402.24427984700117,-26.787761724554375,10.038515828446759,1,0.2
405.04211007050577,-26.782465820519988,10.103572111329774,1,0.2
407.85940074218024,-26.77709669483221,10.168972556467924,1,0.2
410.69628722014585,-26.771643759345146,10.234774942705993,1,0.2
413.55290580401413,-26.76614392760718,10.300756818260055,1,0.2
416.42939374143555,-26.760566274969708,10.367094742788689,1,0.2
419.3258892346932,-26.754906974096393,10.433806911243343,1,0.2
422.24253144734325,-26.74918262862523,10.500788601153634,1,0.2
425.179460510901,-26.743368984856133,10.568180419986849,1,0.2
428.13681753157323,-26.737496328760265,10.63579332474197,1,0.2
431.11474459703845,-26.731526707830216,10.70385264359176,1,0.2
434.11338478327275,-26.725504158944844,10.772082616631794,1,0.2
437.13288216142445,-26.71937697034723,10.840795621010724,1,0.2
440.173381804736,-26.71319613809387,10.909669606446643,1,0.2
443.23502979551404,-26.706923588638848,10.978934572114392,1,0.2
446.31797323214806,-26.70056923403378,11.048522524738374,1,0.2
449.4223602361776,-26.694136160348272,11.11840716889415,1,0.2
452.5483399594091,-26.68762058679439,11.188605401983565,1,0.2
455.6960625910818,-26.68100491656585,11.259223246968597,1,0.2
458.8656793650838,-26.67431297024163,11.330101229762924,1,0.2
462.0573425672179,-26.66754793774739,11.401210272358622,1,0.2
465.2712055425187,-26.660685310663396,11.472701707019267,1,0.2
468.5074227026196,-26.653728241940428,11.544548280137862,1,0.2
471.76614953317204,-26.646686875144553,11.616675757293148,1,0.2
475.04754260131557,-26.63956446966973,11.689053906988006,1,0.2
478.3517595632003,-26.632336437367996,11.761838005887324,1,0.2
481.6789591715617,-26.625019969191275,11.8349056824493,1,0.2
485.02930128334776,-26.61761839475506,11.908225461928504,1,0.2
488.40294686739946,-26.610128087147416,11.98181238998258,1,0.2
491.8000580121847,-26.60251035906136,12.055921561245764,1,0.2
495.2207979335857,-26.594817630024433,12.130187022389059,1,0.2
498.665330982741,-26.5870323191487,12.204718670344935,1,0.2
502.1338226539417,-26.579136768886737,12.279629285381947,1,0.2
505.62643959258287,-26.571141469211863,12.354837226034274,1,0.2
509.14334960316967,-26.563049939645094,12.430307938975146,1,0.2
512.68472165738,-26.55485867592455,12.506055655496038,1,0.2
516.2507259021829,-26.54656418506224,12.582094736453906,1,0.2
519.841533668013,-26.53815588312126,12.658490409352064,1,0.2
523.4573174770023,-26.529637379589282,12.735207247198042,1,0.2
527.0982510512695,-26.52102659683912,12.812105581416644,1,0.2
530.7645093212655,-26.51230592245334,12.889300615976326,1,0.2
534.4562684341794,-26.503486265878614,12.966701766095682,1,0.2
538.1737057624005,-26.494521340198016,13.044636049019923,1,0.2
541.9169999120409,-26.48545786563107,13.122751325801852,1,0.2
545.6863307315159,-26.47630698772354,13.200951637090805,1,0.2
549.4818793201863,-26.467007946473977,13.279674824270586,1,0.2
553.3038280370578,-26.45761503568613,13.358505866347821,1,0.2
557.1523605095437,-26.448096236710125,13.437670910233534,1,0.2
561.027661642287,-26.438462793924774,13.517073246077628,1,0.2
564.9299176260438,-26.428697049789815,13.596833925991138,1,0.2
568.8593159466297,-26.41882488370294,13.676743464017237,1,0.2
572.8160453939274,-26.40882870519748,13.756922058920694,1,0.2
576.8002960709567,-26.398712731682416,13.83732381207761,1,0.2
580.8122594030085,-26.388466628518223,13.918014753762455,1,0.2
584.8521281468421,-26.378094683616027,13.99894804913505,1,0.2
588.920096399946,-26.367593920187048,14.080132767162567,1,0.2
593.0163596098636,-26.356954021538222,14.161635880548452,1,0.2
597.1411145835832,-26.34619413850817,14.243292230489,1,0.2
601.2945594969942,-26.335318847566555,14.325049255180224,1,0.2
605.4768939044083,-26.32428835861416,14.407208037772872,1,0.2
609.688318748147,-26.313121985229287,14.48960054038345,1,0.2
613.9290363681965,-26.301839260260493,14.572053547616116,1,0.2
618.1992505119288,-26.290400268140885,14.654872671219684,1,0.2
622.4991663438906,-26.27883954335752,14.737762443993727,1,0.2
626.8289904556613,-26.26712454370749,14.820970973405048,1,0.2
631.1889308757782,-26.255282565684904,14.90425860569931,1,0.2
635.5791970797316,-26.24327344835042,14.987938708528032,1,0.2
640.0000000000289,-26.231147269240523,15.071580951735827,1,0.2
644.4515520363291,-26.21885628139892,15.155563092829837,1,0.2
648.9340670656479,-26.206420585541462,15.239701087452923,1,0.2
653.4477604526332,-26.193852928957067,15.323869289259942,1,0.2
657.9928490599125,-26.18112812283087,15.4082605550293,1,0.2
662.5695512585116,-26.168243702923796,15.492878067042849,1,0.2
667.178086938348,-26.155204893569266,15.577659317801663,1,0.2
671.8186775187937,-26.142017025438385,15.662539647276752,1,0.2
676.4915459593144,-26.128670130630375,15.747584871458256,1,0.2
681.1969167701814,-26.115169636525728,15.832728723755672,1,0.2
685.935016023259,-26.10150559045809,15.918037259584453,1,0.2
690.7060713628651,-26.087675750420814,16.003510315400458,1,0.2
695.5103120167091,-26.073693480253283,16.08901088582199,1,0.2
700.3479688069056,-26.059541102575462,16.174672619986193,1,0.2
705.2192741610634,-26.045224293130275,16.260425011994364,1,0.2
710.1244621234536,-26.030733132902256,16.346334614400597,1,0.2
715.0637683662537,-26.016089159165414,16.432188734857444,1,0.2
720.0374302008713,-26.001266798375244,16.518192497188814,1,0.2
725.0456865893448,-25.986264006153178,16.604342968021324,1,0.2
730.0887781558251,-25.97108671710503,16.69056508014473,1,0.2
735.1669471981365,-25.955756944079212,16.776636846901297,1,0.2
740.2804376994185,-25.940249022812722,16.86276607380515,1,0.2
745.4294953398465,-25.92453702122949,16.94916624488371,1,0.2
750.6143675084376,-25.908667198656513,17.035392631420528,1,0.2
755.8353033149348,-25.892589524029177,17.121879106917905,1,0.2
761.0925536017771,-25.87635062615265,17.20817369378906,1,0.2
766.3863709561504,-25.859924616459217,17.294489474253638,1,0.2
771.717009722123,-25.84330979365991,17.380817683487194,1,0.2
777.0847260128666,-25.826496300030087,17.467225480352806,1,0.2
782.4897777229608,-25.809498841805336,17.55355069977362,1,0.2
787.9324245407837,-25.792332383002563,17.639626264223548,1,0.2
793.412927960989,-25.774929422491,17.726061044385613,1,0.2
798.9315512970695,-25.757371001979678,17.812065378831285,1,0.2
804.4885596940084,-25.73958939212066,17.898252553427007,1,0.2
810.0842201410177,-25.721599566197707,17.984455462290672,1,0.2
815.7188014843666,-25.70344195151932,18.070260874297187,1,0.2
821.392574440298,-25.685056525552756,18.156214614959133,1,0.2
827.1058116080346,-25.66649236489672,18.241818451872273,1,0.2
832.8587874828772,-25.647697467849845,18.327544683422236,1,0.2
838.6517784693928,-25.628721360498584,18.412886907346522,1,0.2
844.4850628946929,-25.60950316214695,18.49840644663198,1,0.2
850.3589210218082,-25.59010135029951,18.58350651657637,1,0.2
856.2736350631529,-25.570480515762082,18.66850208605374,1,0.2
862.2294891940834,-25.550630712873353,18.75346186823494,1,0.2
868.226769566552,-25.530576668081032,18.838113666620742,1,0.2
874.2657643228554,-25.51031737528005,18.922436182647182,1,0.2
880.3467636094787,-25.489825561985512,19.006668153404117,1,0.2
886.4700595910348,-25.46910877156368,19.09070494289164,1,0.2
892.635946464303,-25.448174729128674,19.174438766918676,1,0.2
898.844720472362,-25.42700470072406,19.25802502941879,1,0.2
905.096679918825,-25.405633206807533,19.34108691919077,1,0.2
911.3921251821704,-25.384005822183763,19.424137457840207,1,0.2
917.7313587301744,-25.362175219891682,19.506615727319282,1,0.2
924.1146851344428,-25.34008656936363,19.58904105707605,1,0.2
930.5424110850445,-25.31777493276579,19.67102741263387,1,0.2
937.0148454052463,-25.295221314569517,19.752733706886954,1,0.2
943.5322990663512,-25.272433926861805,19.834043343887295,1,0.2
950.0950852026382,-25.24943040523241,19.91474230022087,1,0.2
956.7035191264079,-25.226163973580135,19.995273364738093,1,0.2
963.3579183431307,-25.202633518043083,20.07561518965921,1,0.2
970.0586025667028,-25.17888469897265,20.155265360400552,1,0.2
976.8058937348063,-25.154907763346866,20.23428757071168,1,0.2
983.6001160243768,-25.130645604159334,20.31323480747305,1,0.2
990.4415958671789,-25.10616339546299,20.39139987349332,1,0.2
997.3306619654895,-25.081422759351003,20.469142786188723,1,0.2
1004.267645307891,-25.05641334753485,20.5465353290252,1,0.2
1011.2528791851732,-25.03116320970523,20.62325016802964,1,0.2
1018.2866992063468,-25.005652584782805,20.69945573279918,1,0.2
1025.3694433147675,-24.9798905759333,20.77502016594926,1,0.2
1032.5014518043733,-24.953857146221115,20.85011539570855,1,0.2
1039.6830673360337,-24.927561427530623,20.924608741372893,1,0.2
1046.9146349540124,-24.901012808033308,20.99836378283715,1,0.2
1054.1965021025467,-24.874181093374126,21.0716592448905,1,0.2
1061.5290186425389,-24.847095571750465,21.14414913390334,1,0.2
1068.9125368683667,-24.81975602770952,21.215796327508567,1,0.2
1076.347411524809,-24.792111622345345,21.287097973986157,1,0.2
1083.8339998240897,-24.764202131408297,21.35759564414026,1,0.2
1091.37266146304,-24.736037559356305,21.42714346439936,1,0.2
1098.9637586403808,-24.707586939829266,21.496029034634038,1,0.2
1106.607656074124,-24.67887051068179,21.56399777379083,1,0.2
1114.3047210190957,-24.649856843802787,21.631342701759436,1,0.2
1122.0553232845823,-24.620545312863147,21.6980303302955,1,0.2
1129.859835252096,-24.590977623817977,21.763576114909853,1,0.2
1137.7186318932681,-24.561132747046347,21.828161985803145,1,0.2
1145.6320907878635,-24.53098917435632,21.891975508883817,1,0.2
1153.600592141922,-24.50053567607049,21.955094963385122,1,0.2
1161.6245188060257,-24.46982587478551,22.01690593436816,1,0.2
1169.704256293693,-24.438805658995314,22.07794351871059,1,0.2
1177.840192799901,-24.40748549292804,22.138053425942317,1,0.2
1186.032719219736,-24.375898310759545,22.196840330769312,1,0.2
1194.2822291671753,-24.34400000036473,22.254732636813394,1,0.2
1202.5891189939975,-24.311801392254498,22.311570949648857,1,0.2
1210.9537878088256,-24.279302374977018,22.36731256530325,1,0.2
1219.3766374963034,-24.24650289008239,22.42191390305351,1,0.2
1227.8580727364024,-24.21339147623605,22.475453266985397,1,0.2
1236.3985010238666,-24.179979479612417,22.527764304905414,1,0.2
1244.9983326877905,-24.146278630706654,22.578676204069723,1,0.2
1253.657980911332,-24.112265935563798,22.628390014418407,1,0.2
1262.377861751566,-24.07792957428049,22.67698673117898,1,0.2
1271.1583941594727,-24.043269313578897,22.72442282879359,1,0.2
1280.0000000000673,-24.00833285925757,22.770141031251352,1,0.2
1288.9031040726677,-23.97308497974434,22.81447234284776,1,0.2
1297.8681341313059,-23.9374772635311,22.857888059603003,1,0.2
1306.8955209052763,-23.901582364069746,22.899563313760392,1,0.2
1315.9856981198345,-23.865339448256933,22.940101451809,1,0.2
1325.1391025170333,-23.828810266867997,22.97879449707881,1,0.2
1334.3561738767062,-23.791945700054736,23.01611950493656,1,0.2
1343.6373550375972,-23.75473303945075,23.05216336948757,1,0.2
1352.9830919186386,-23.71723571520143,23.08620081005468,1,0.2
1362.393833540373,-23.679403615075685,23.11871757184716,1,0.2
1371.8700320465282,-23.641223904407383,23.149800656030827,1,0.2
1381.4121427257405,-23.602722586346566,23.17912358597436,1,0.2
1391.0206240334287,-23.563887060492014,23.206770449683898,1,0.2
1400.6959376138216,-23.524744236653284,23.2324057811824,1,0.2
1410.4385483221372,-23.48524155994692,23.256536257928772,1,0.2
1420.2489242469178,-23.445419383949265,23.278683532300988,1,0.2
1430.1275367325184,-23.40523767102804,23.29921958326573,1,0.2
1440.0748604017533,-23.364723853081024,23.317802874192896,1,0.2
1450.0913731787002,-23.323906406831814,23.33408251142272,1,0.2
1460.177556311661,-23.28270277093772,23.348874850114466,1,0.2
1470.3338943962842,-23.241197158854053,23.36124270667999,1,0.2
1480.560875398848,-23.199319927024934,23.37186380033299,1,0.2
1490.8589906797042,-23.157085346282305,23.380534374464556,1,0.2
1501.2287350168863,-23.114537373673343,23.386742560723658,1,0.2
1511.670606629881,-23.071633604850554,23.390877231894937,1,0.2
1522.1851072035656,-23.028389362086727,23.39272492929433,1,0.2
1532.772741912312,-22.98476075757374,23.392685426993495,1,0.2
1543.4340194442575,-22.940838262169475,23.3897685386408,1,0.2
1554.1694520257447,-22.896502319295386,23.385152998889573,1,0.2
1564.9795554459333,-22.851875283425574,23.377523622319732,1,0.2
1575.8648490815792,-22.806866540852354,23.36775641640216,1,0.2
1586.8258559219898,-22.761491943210878,23.355631216731005,1,0.2
1597.863102594151,-22.71578393993636,23.340760717681338,1,0.2
1608.9771193880288,-22.66969613712183,23.323560276588353,1,0.2
1620.1684402820476,-22.6233099995841,23.303147762698032,1,0.2
1631.4376029687455,-22.576497461072385,23.28076069230286,1,0.2
1642.7851488806082,-22.529373479505107,23.255181159925904,1,0.2
1654.2116232160815,-22.48185716415177,23.227164558443487,1,0.2
1665.7175749657672,-22.434016441354867,23.19597242313109,1,0.2
1677.303556938798,-22.385768363932968,23.162372920878987,1,0.2
1688.9701257893985,-22.337181988628476,23.125619140650546,1,0.2
1700.7178420436294,-22.288277062887186,23.08545989133856,1,0.2
1712.5472701263188,-22.23896824645127,23.042677310050564,1,0.2
1724.4589783881795,-22.189273643806526,22.997029562718062,1,0.2
1736.453539133117,-22.139248396833075,22.947917309287714,1,0.2
1748.531528645724,-22.08893195754377,22.894902125996687,1,0.2
1760.6935272189705,-22.038162277335935,22.839493750892206,1,0.2
1772.940119182083,-21.987050384476255,22.780554337028146,1,0.2
1785.2718929286193,-21.935580135830676,22.718179263096275,1,0.2
1797.6894409447373,-21.883772978059127,22.652103731723816,1,0.2
1810.1933598376636,-21.831535205334372,22.58315497118332,1,0.2
1822.7842503643546,-21.77898433350149,22.510156081865553,1,0.2
1835.4627174603627,-21.726045224025547,22.43375448139191,1,0.2
1848.2293702688994,-21.672839963669006,22.35274779972749,1,0.2
1861.0848221701028,-21.619171427272544,22.26891135341519,1,0.2
1874.0296908105065,-21.565162072486388,22.181039708160135,1,0.2
1887.0645981327166,-21.510815534361633,22.08903928979854,1,0.2
1900.190170405291,-21.45613568785951,21.992814929084954,1,0.2
1913.4070382528298,-21.401041192429233,21.893042341640115,1,0.2
1926.715836686276,-21.34561972435586,21.788860722491567,1,0.2
1940.1172051334202,-21.289853964974732,21.680365672587076,1,0.2
1953.611787469627,-21.233725747846684,21.567656185328698,1,0.2
1967.2002320487684,-21.177283485003507,21.45024009589853,1,0.2
1980.8831917343723,-21.12048705219963,21.328411205457293,1,0.2
1994.661323930994,-21.063294241620987,21.202471685793224,1,0.2
2008.535290615797,-21.00575423256467,21.071924227312977,1,0.2
2022.5057583703617,-20.947918921774633,20.93625970636616,1,0.2
2036.573398412709,-20.889746949157914,20.795775061033037,1,0.2
2050.7388866295505,-20.831194728600334,20.65077545931546,1,0.2
2065.0029036087626,-20.772339776994247,20.50053951430692,1,0.2
2079.366134672083,-20.713213897096246,20.344745524557293,1,0.2
2093.8292699080407,-20.65364766637016,20.184740273142076,1,0.2
2108.3930042051093,-20.593873897595316,20.018533152192642,1,0.2
2123.0580372850936,-20.533695022151058,19.8476889102617,1,0.2
2137.82507373675,-20.47324625438092,19.67103985341536,1,0.2
2152.6948230496346,-20.412509560413568,19.488677715751937,1,0.2
2167.6679996481957,-20.351384195374695,19.301343343306428,1,0.2
2182.7453229260964,-20.290067379657334,19.10741246339395,1,0.2
2197.927517280778,-20.228431653802254,18.907838825491993,1,0.2
2213.2153121482643,-20.166484170873822,18.702503248342648,1,0.2
2228.6094420382083,-20.104290204517174,18.49084478976978,1,0.2
2244.1106465691814,-20.04180182634524,18.273175946470737,1,0.2
2259.7196705042093,-19.979027622962903,18.04937197642284,1,0.2
2275.4372637865536,-19.91603697127249,17.818859982004902,1,0.2
2291.2641815757443,-19.852811609328562,17.58172954835992,1,0.2
2307.2011842838615,-19.78930104373834,17.33829797184292,1,0.2
2323.2490376120686,-19.725609276679425,17.08775797218618,1,0.2
2339.4085125874035,-19.66165459809082,16.830651700975878,1,0.2
2355.6803855998196,-19.59754512737475,16.566162868511842,1,0.2
2372.0654384394898,-19.53316465047547,16.295065226566127,1,0.2
2388.5644583343683,-19.468624108925795,16.016536682618398,1,0.2
2405.178237988013,-19.403973232428527,15.730204699174907,1,0.2
2421.9075756176694,-19.339126513684878,15.43661800111279,1,0.2
2438.753274992625,-19.27409813411598,15.135637127781628,1,0.2
2455.716145472823,-19.208974280260016,14.826655726442514,1,0.2
2472.797002047752,-19.14373784215846,14.509761354888179,1,0.2
2489.9966653755996,-19.078370382310077,14.185043429986019,1,0.2
2507.3159618226828,-19.01292672259241,13.852123779828949,1,0.2
2524.755723503151,-18.94738909370044,13.511091584736656,1,0.2
2542.3167883189644,-18.881892379466723,13.161095574231181,1,0.2
2560.0000000001537,-18.816344980297618,12.802694668080205,1,0.2
2577.806208145355,-18.75072852552026,12.435980035436211,1,0.2
2595.736268262631,-18.68522503526843,12.059861976628243,1,0.2
2613.7910418105726,-18.619658616110865,11.675376747849631,1,0.2
2631.971396239689,-18.554216661260213,11.281434690551881,1,0.2
2650.2782050340866,-18.488801827544187,10.87860219084552,1,0.2
2668.7123477534324,-18.42356802752319,10.466027587479353,1,0.2
2687.274710075215,-18.358416360685,10.04428029797161,1,0.2
2705.9661838372976,-18.293329720904545,9.613457303734167,1,0.2
2724.7876670807664,-18.228605003830403,9.172005453607838,1,0.2
2743.740064093077,-18.163961968959182,8.721442773416111,1,0.2
2762.824285451502,-18.0996134525035,8.260694880426879,1,0.2
2782.0412480668783,-18.035643406565075,7.789401757499976,1,0.2
2801.391875227664,-17.97190016534603,7.30837762624833,1,0.2
2820.8770966442953,-17.908562797238258,6.816801233221673,1,0.2
2840.4978484938565,-17.845573222266047,6.3150240393331964,1,0.2
2860.2550734650586,-17.783069793023774,5.802473522134513,1,0.2
2880.1497208035285,-17.720994222785404,5.279508607279454,1,0.2
2900.1827463574223,-17.659490775528294,4.745574073066603,1,0.2
2920.355112623344,-17.598500912039693,4.201037709714487,1,0.2
2940.6677887925907,-17.53806802599318,3.6458138839819676,1,0.2
2961.121750797718,-17.47834531965922,3.0793797243393786,1,0.2
2981.717981359431,-17.419163649339605,2.5025597349339255,1,0.2
3002.4574700337953,-17.360844813510525,1.9141898421307602,1,0.2
3023.3412132597846,-17.303161669272324,1.3153204197220563,1,0.2
3044.3702144071544,-17.24650417084038,0.704616767107686,1,0.2
3065.545483824648,-17.19058375082834,0.08334763279928184,1,0.2
3086.868038888538,-17.13562528421062,-0.5491423918579028,1,0.2
3108.338904051513,-17.081624921180637,-1.1926418798662775,1,0.2
3129.9591108918903,-17.028758773336783,-1.8475430556929133,1,0.2
3151.7296981631816,-16.976779661006844,-2.5128079518282775,1,0.2
3173.651711844004,-16.926173226089194,-3.1897909682946137,1,0.2
3195.726205188326,-16.87669068223218,-3.877435987726509,1,0.2
3217.954238776082,-16.828451513644847,-4.575867816909354,1,0.2
3240.3368805641194,-16.781449482549935,-5.284812938253768,1,0.2
3262.8752059375156,-16.735872197009442,-6.0045333901234565,1,0.2
3285.570297761241,-16.691714912284,-6.734715724649686,1,0.2
3308.4232464321876,-16.649171045468467,-7.47555340415688,1,0.2
3331.435149931559,-16.60810100480765,-8.2263595686442,1,0.2
3354.607113877621,-16.568698647943304,-8.987282990690813,1,0.2
3377.9402515788224,-16.530886332916253,-9.75779575084389,1,0.2
3401.4356840872842,-16.494789948408474,-10.537837715361416,1,0.2
3425.094540252663,-16.460608022089133,-11.327449155709651,1,0.2
3448.9179567763854,-16.428044607645123,-12.125646489848407,1,0.2
3472.9070782662598,-16.397364731397666,-12.932589534231907,1,0.2
3497.0630572914743,-16.368694769556182,-13.748097334215474,1,0.2
3521.387054437968,-16.34208876593436,-14.5718253700524,1,0.2
3545.880238364193,-16.31752518298985,-15.403297387874996,1,0.2
3570.543785857265,-16.294904063103633,-16.241939907817198,1,0.2
3595.378881889502,-16.274492421528006,-17.087703282596596,1,0.2
3620.3867196753545,-16.256260380541196,-17.940075686258442,1,0.2
3645.5685007287366,-16.240324557251085,-18.798722454320714,1,0.2
3670.9254349207527,-16.226420764261434,-19.66288503034453,1,0.2
3696.458740537827,-16.21488600698185,-20.5324544967747,1,0.2
3722.1696443402334,-16.205753544694865,-21.4069463383113,1,0.2
3748.0593816210417,-16.198822463277285,-22.28570390492393,1,0.2
3774.129196265462,-16.194502128020474,-23.168513861209018,1,0.2
3800.3803408106105,-16.192275016395797,-24.054548506210867,1,0.2
3826.8140765056887,-16.192621865154816,-24.94357567403843,1,0.2
3853.43167337258,-16.19540267529,-25.834994618675978,1,0.2
3880.2344102668694,-16.200472402570377,-26.72826278044286,1,0.2
3907.223574939284,-16.207992688193208,-27.622921075681493,1,0.2
3934.400464097566,-16.218043989540146,-28.51844746980363,1,0.2
3961.7663834687746,-16.230469517259575,-29.41431877008519,1,0.2
3989.322647862018,-16.245341806032737,-30.3100229267214,1,0.2
4017.070581231624,-16.262496697909075,-31.20509775261674,1,0.2
4045.011516740754,-16.282231584518826,-32.098945946196054,1,0.2
4073.1467968254487,-16.30429726442307,-32.99114332259459,1,0.2
4101.477773259132,-16.328673984337748,-33.88121945491972,1,0.2
4130.005807217556,-16.35549195079352,-34.76859940223076,1,0.2
4158.732269344197,-16.38449395406394,-35.65298145826118,1,0.2
4187.658539816113,-16.415955398268974,-36.53366262405787,1,0.2
4216.78600841025,-16.449462337286253,-37.41054902350956,1,0.2
4246.116074570219,-16.485432956359652,-38.28275597094753,1,0.2
4275.650147473531,-16.523300721782448,-39.15045896794235,1,0.2
4305.389646099301,-16.5634749210801,-40.01274108180729,1,0.2
4335.335999296423,-16.60576084733424,-40.8693948949398,1,0.2
4365.4906458522255,-16.649819082449937,-41.72051355252237,1,0.2
4395.8550345615895,-16.696334638715513,-42.56462982675131,1,0.2
4426.430624296562,-16.744526197720702,-43.40257009077962,1,0.2
4457.21888407645,-16.79456361633585,-44.233707548565484,1,0.2
4488.2212931383965,-16.846395845293763,-45.05777561840932,1,0.2
4519.439341008452,-16.900111198848872,-45.87423866340233,1,0.2
4550.874527573141,-16.955583247598284,-46.682984726201525,1,0.2
4582.528363151522,-17.012756298832507,-47.48378948571197,1,0.2
4614.402368567757,-17.071437880122673,-48.276768625099905,1,0.2
4646.498075224173,-17.131710514805334,-49.06143711295506,1,0.2
4678.817025174842,-17.193650836679637,-49.837288955671326,1,0.2
4711.360771199674,-17.25686805229451,-50.60502059310233,1,0.2
4744.130876879015,-17.321572969787358,-51.36382871586247,1,0.2
4777.128916668773,-17.387578217716182,-52.11395461413502,1,0.2
4810.356475976061,-17.45489385958753,-52.85512956505416,1,0.2
4843.815151235375,-17.523338870120096,-53.58765701737807,1,0.2
4877.506549985286,-17.593235741042378,-54.310331947934294,1,0.2
4911.432290945683,-17.66396958546529,-55.02484441211122,1,0.2
4945.594004095541,-17.735983212962743,-55.72960599298274,1,0.2
4979.9933307512365,-17.8089786302138,-56.42538572273975,1,0.2
5014.631923645403,-17.882966110740313,-57.11198139326652,1,0.2
5049.511447006339,-17.957721331136018,-57.790029498286515,1,0.2
5084.633576637967,-18.033546706537475,-58.45830050734517,1,0.2
5120.000000000346,-18.110048223231523,-59.118089141999185,1,0.2
5155.612416290749,-18.187353961075626,-59.76880688778534,1,0.2
5191.4725365253,-18.26563888141906,-60.409628434793134,1,0.2
5227.582083621183,-18.34441612607251,-61.042355103853986,1,0.2
5263.942792479418,-18.423812943328702,-61.666409919825945,1,0.2
5300.556410068212,-18.503948639291036,-62.28120046066156,1,0.2
5337.424695506905,-18.584571171010886,-62.887702067502026,1,0.2
5374.54942015047,-18.665800258546557,-63.485331051717964,1,0.2
5411.932367674636,-18.747546186650435,-64.07440624707023,1,0.2
5449.575334161574,-18.829822994893483,-64.65479830162907,1,0.2
5487.480128186196,-18.912398226787626,-65.22753087883937,1,0.2
5525.648570903045,-18.995438426864546,-65.79179631655364,1,0.2
5564.082496133798,-19.078862149341045,-66.34793683479936,1,0.2
5602.78375045537,-19.162638945160687,-66.8960686317113,1,0.2
5641.754193288633,-19.24669346635688,-67.4365443122613,1,0.2
5680.995696987757,-19.331045293028993,-67.96925316176745,1,0.2
5720.51014693016,-19.415802076425063,-68.49361579074008,1,0.2
5760.2994416071,-19.500667415358375,-69.01116271683713,1,0.2
5800.365492714889,-19.585753321871668,-69.52131906209657,1,0.2
5840.710225246731,-19.67090797156853,-70.02491803214308,1,0.2
5881.335577585225,-19.756410325018116,-70.52044343192122,1,0.2
5922.243501595481,-19.84198215988711,-71.00943483636763,1,0.2
5963.435962718906,-19.92777095797736,-71.4910817101956,1,0.2
6004.914940067636,-20.013552136569498,-71.96668924706923,1,0.2
6046.682426519615,-20.099551547028923,-72.43497735846263,1,0.2
6088.740428814354,-20.18558992674658,-72.89701541087305,1,0.2
6131.090967649341,-20.271652728494427,-73.35293166423295,1,0.2
6173.736077777122,-20.357802302794727,-73.80238578243747,1,0.2
6216.6778081030725,-20.443984876459798,-74.2457397597899,1,0.2
6259.918221783827,-20.530149727432892,-74.68335305470121,1,0.2
6303.4593963264115,-20.61632186768236,-75.11511718838197,1,0.2
6347.303423688055,-20.702524894763762,-75.54092443033021,1,0.2
6391.4524103767,-20.788674973326913,-75.96136186489034,1,0.2
6435.9084775522115,-20.87486734714799,-76.3758572854974,1,0.2
6480.673761128287,-20.960951398639054,-76.78545439322804,1,0.2
6525.750411875079,-21.0469544163074,-77.19003830339166,1,0.2
6571.140595522531,-21.133002425356985,-77.58880958711755,1,0.2
6616.846492864425,-21.218951125850744,-77.98280104892665,1,0.2
6662.870299863169,-21.30476169343092,-78.3723507555774,1,0.2
6709.214227755292,-21.39065358255825,-78.75598275115264,1,0.2
6755.880503157695,-21.476329351796387,-79.1358467500556,1,0.2
6802.871368174619,-21.561974760922,-79.5106942972924,1,0.2
6850.189080505378,-21.64745868507477,-79.88153081350384,1,0.2
6897.835913552822,-21.73283886761132,-80.24801008129933,1,0.2
6945.814156532571,-21.818140227212517,-80.61001286901643,1,0.2
6994.126114583001,-21.903386470373434,-80.96742187222104,1,0.2
7042.774108875988,-21.988425848782548,-81.32144013220325,1,0.2
7091.760476728439,-22.073401473493423,-81.67106204634793,1,0.2
7141.087571714584,-22.158307637559975,-82.01638845893855,1,0.2
7190.757763779057,-22.242999542291216,-82.35860207609595,1,0.2
7240.773439350762,-22.327615505137395,-82.69670647139063,1,0.2
7291.137001457528,-22.41209658239613,-83.03122644444596,1,0.2
7341.850869841561,-22.49638703477824,-83.36267672207353,1,0.2
7392.917481075709,-22.580566543240735,-83.69049893768069,1,0.2
7444.339288680522,-22.664606352728306,-84.0149915536116,1,0.2
7496.118763242139,-22.748556729845713,-84.33581567390979,1,0.2
7548.258392530979,-22.832312730214205,-84.65389544811188,1,0.2
7600.760681621277,-22.9160011997148,-84.96826141617643,1,0.2
7653.628153011434,-22.99949447445011,-85.28003611133025,1,0.2
7706.863346745218,-23.082867588019617,-85.5886696744807,1,0.2
7760.468820533797,-23.166046725348753,-85.89485381403061,1,0.2
7814.447149878626,-23.249105402890127,-86.19804180545827,1,0.2
7868.800928195191,-23.332066473603422,-86.4981040881427,1,0.2
7923.532766937609,-23.41483511970894,-86.79592266604557,1,0.2
7978.645295724095,-23.497459623735658,-87.091156458514,1,0.2
8034.141162463309,-23.58000892996513,-87.38327203052302,1,0.2
8090.023033481568,-23.662368744005743,-87.67333529584602,1,0.2
8146.293593650958,-23.744563813187636,-87.96120450668131,1,0.2
8202.955546518326,-23.8266398952228,-88.24654455801436,1,0.2
8260.011614435174,-23.908597322359814,-88.52941800689922,1,0.2
8317.464538688457,-23.990393604716562,-88.81027413260439,1,0.2
8375.317079632288,-24.072052064689732,-89.08897310391093,1,0.2
8433.572016820564,-24.153595128372935,-89.36537808761737,1,0.2
8492.232149140504,-24.23500285593245,-89.63973687120617,1,0.2
8551.300294947127,-24.31623583567534,-89.91248128711551,1,0.2
8610.779292198666,-24.39739861776664,-90.1827127275621,1,0.2
8670.671998592914,-24.47839061128892,-90.45142855481342,1,0.2
8730.981291704516,-24.559294407172704,-90.71792493616952,1,0.2
8791.710069123244,-24.63999285809871,-90.9833681664064,1,0.2
8852.86124859319,-24.72064586449473,-91.24631680110551,1,0.2
8914.437768152968,-24.801137711114983,-91.50792835114805,1,0.2
8976.44258627686,-24.88150977160732,-91.76787585246679,1,0.2
9038.878682016972,-24.96176421780615,-92.02620205566028,1,0.2
9101.74905514635,-25.041903273798365,-92.28294861671529,1,0.2
9165.056726303115,-25.121947617571763,-92.53797703920961,1,0.2
9228.804737135582,-25.201826140246784,-92.79204214696331,1,0.2
9292.996150448414,-25.28165105848884,-93.04411107835004,1,0.2
9357.634050349754,-25.36135173016926,-93.29493455199744,1,0.2
9422.721542399418,-25.440931150656176,-93.54454600880764,1,0.2
9488.261753758103,-25.520374852320096,-93.79315190529208,1,0.2
9554.257833337617,-25.599755603152495,-94.04008910081728,1,0.2
9620.712951952195,-25.679040617179343,-94.28574123932927,1,0.2
9687.630302470823,-25.75818156995084,-94.5306539229979,1,0.2
9755.013099970645,-25.837283314535618,-94.77383057875096,1,0.2
9822.864581891441,-25.916247178729726,-95.0163249012964,1,0.2
9891.188008191157,-25.99512665445394,-95.257654429656,1,0.2
9959.98666150255,-26.073908062318203,-95.49801564150043,1,0.2
10029.26384729088,-26.15262682833396,-95.73710228528309,1,0.2
10099.022894012754,-26.231285152967367,-95.97494517796727,1,0.2
10169.26715327601,-26.309790175717836,-96.21255891233172,1,0.2
10240.000000000768,-26.388272436537378,-96.44865043601186,1,0.2
10311.224832581574,-26.46662442856409,-96.6843894038459,1,0.2
10382.945073050678,-26.544943059509286,-96.91882193927545,1,0.2
10455.164167242447,-26.623184380107617,-97.15245897893477,1,0.2
10527.885584958914,-26.70133640968541,-97.38548078384306,1,0.2
10601.112820136505,-26.779432687546976,-97.61758783894447,1,0.2
10674.849391013888,-26.857446229532638,-97.84911766985417,1,0.2
10749.098840301021,-26.935424740161324,-98.07961654749928,1,0.2
10823.864735349352,-27.013297595748753,-98.30988719699816,1,0.2
10899.15066832323,-27.09114140388558,-98.53916500584174,1,0.2
10974.960256372473,-27.168929835446324,-98.7677806307383,1,0.2
11051.297141806172,-27.246666000795983,-98.99575083567345,1,0.2
11128.16499226768,-27.32433891465714,-99.22324410435958,1,0.2
11205.567500910824,-27.401979969110624,-99.44997079549557,1,0.2
11283.508386577352,-27.479536498035422,-99.6765508144177,1,0.2
11361.991393975597,-27.557081284992147,-99.90224286458056,1,0.2
11441.020293860403,-27.634575846468064,-100.12751280186257,1,0.2
11520.598883214287,-27.712037077371047,-100.35222392568225,1,0.2
11600.730985429864,-27.789468015732453,-100.57638960341617,1,0.2
11681.420450493551,-27.866845139988033,-100.80031540000287,1,0.2
11762.671155170538,-27.94418528986913,-101.0238633802148,1,0.2
11844.48700319105,-28.021517900184207,-101.24675383597875,1,0.2
11926.871925437901,-28.098819731548797,-101.46928866058258,1,0.2
12009.82988013536,-28.17608122803626,-101.69161981544822,1,0.2
12093.36485303932,-28.25333145278706,-101.91346888938136,1,0.2
12177.4808576288,-28.33056070376845,-102.13498794806537,1,0.2
12262.181935298773,-28.407759670267975,-102.35632555071834,1,0.2
12347.472155554336,-28.48495673605257,-102.57720703712954,1,0.2
12433.355616206238,-28.562117766702233,-102.79805942085338,1,0.2
12519.836443567749,-28.63930772909007,-103.01819305257138,1,0.2
12606.918792652916,-28.716468158636278,-103.23830956648547,1,0.2
12694.606847376202,-28.793614803718462,-103.45827385518093,1,0.2
12782.904820753494,-28.870751043796986,-103.67808972061722,1,0.2
12871.816955104521,-28.94791583650667,-103.89735454672082,1,0.2
12961.347522256672,-29.025064576529637,-104.1166169042403,1,0.2
13051.500823750257,-29.102224215723286,-104.33560979707212,1,0.2
13142.28119104516,-29.179386164005436,-104.55447144425001,1,0.2
13233.69298572895,-29.256530648226786,-104.77346943262762,1,0.2
13325.740599726436,-29.333707113337407,-104.99207480041579,1,0.2
13418.428455510686,-29.410895556428084,-105.21055616286785,1,0.2
13511.761006315492,-29.488110402452882,-105.42878516486124,1,0.2
13605.74273634934,-29.565332198312596,-105.64702506149597,1,0.2
13700.378161010858,-29.642564309083195,-105.86527540970759,1,0.2
13795.671827105747,-29.719843092765622,-106.08315072411742,1,0.2
13891.628313065248,-29.797138340235986,-106.30103924854653,1,0.2
13988.252229166108,-29.874431630283716,-106.51919397030588,1,0.2
14085.548217752083,-29.951791296887876,-106.73685216516178,1,0.2
14183.520953456982,-30.029176844518894,-106.9545231245951,1,0.2
14282.175143429275,-30.10658084287439,-107.17233049660814,1,0.2
14381.515527558222,-30.18401721190824,-107.39014659029881,1,0.2
14481.546878701633,-30.26148907026874,-107.60796988384477,1,0.2
14582.274002915165,-30.339020282678142,-107.82555270592931,1,0.2
14683.70173968323,-30.416572202305694,-108.0433866823616,1,0.2
14785.834962151528,-30.49418926449769,-108.26097914995653,1,0.2
14888.678577361155,-30.571833350198272,-108.4788164497855,1,0.2
14992.23752648439,-30.64951795374605,-108.69677230112339,1,0.2
15096.516785062071,-30.72727630141314,-108.91448307781236,1,0.2
15201.521363242668,-30.80509095661023,-109.13218882990832,1,0.2
15307.256306022984,-30.8829351276204,-109.35024328591871,1,0.2
15413.726693490553,-30.96086137021696,-109.56804831238233,1,0.2
15520.93764106771,-31.0388330761537,-109.78607498579206,1,0.2
15628.894299757369,-31.116853427968074,-110.00431725219573,1,0.2
15737.6018563905,-31.194964037151255,-110.22230387087308,1,0.2
15847.065533875337,-31.273119462702862,-110.44061430896168,1,0.2
15957.29059144831,-31.351360917290517,-110.65878016010429,1,0.2
16068.282324926739,-31.429653172449548,-110.87725867929683,1,0.2
16180.046066963258,-31.50803684795376,-111.09558602155556,1,0.2
16292.587187302037,-31.586477167658824,-111.31421478350666,1,0.2
16405.911093036775,-31.664986483205627,-111.53302420035747,1,0.2
16520.023228870472,-31.743586020288635,-111.75178345363649,1,0.2
16634.92907737704,-31.82226915998988,-111.97060139939771,1,0.2
16750.634159264704,-31.901020458468707,-112.18969585467157,1,0.2
16867.144033641256,-31.979869829596666,-112.40872696340354,1,0.2
16984.464298281135,-32.058792901811245,-112.62802209489747,1,0.2
17102.600589894384,-32.13780143324501,-112.84746380849089,1,0.2
17221.558584397462,-32.216915703185876,-113.06682776854724,1,0.2
17341.343997185955,-32.29609429948786,-113.28665353761762,1,0.2
17461.962583409164,-32.37540113174059,-113.50617415720514,1,0.2
17583.42013824662,-32.45477771035412,-113.72614203041735,1,0.2
17705.72249718651,-32.53424422758739,-113.94633234789568,1,0.2
17828.875536306066,-32.613837385900446,-114.16631157455244,1,0.2
17952.885172553855,-32.693508434757646,-114.38671377460878,1,0.2
18077.75736403408,-32.773293890305034,-114.60710645903009,1,0.2
18203.498110292836,-32.853170965809284,-114.82779979200606,1,0.2
18330.113452606365,-32.93315891780692,-115.04857576186961,1,0.2
18457.609474271307,-33.01326006741285,-115.26942825410076,1,0.2
18585.99230089697,-33.093493040793454,-115.49014425989732,1,0.2
18715.26810069965,-33.17380295248451,-115.7114413768009,1,0.2
18845.44308479898,-33.25423314142532,-115.9327938392372,1,0.2
18976.523507516347,-33.334785784676704,-116.1541956148584,1,0.2
19108.51566667538,-33.41544711861279,-116.37584373459708,1,0.2
19241.425903904536,-33.49623536976734,-116.59752724829058,1,0.2
19375.260604941792,-33.57713691577279,-116.81944134495076,1,0.2
19510.026199941436,-33.658161902051326,-117.04147714934825,1,0.2
19645.729163783028,-33.73930474357597,-117.26372699271947,1,0.2
19782.376016382463,-33.82058309355041,-117.48598383097965,1,0.2
19919.973323005244,-33.90197596754457,-117.70853798435844,1,0.2
20058.527694581913,-33.98351606219237,-117.93098640279457,1,0.2
20198.045788025658,-34.065174941924184,-118.15371591899768,1,0.2
20338.53430655217,-34.14696236913553,-118.37661930767577,1,0.2
20480.00000000169,-34.22888786371319,-118.59959119450437,1,0.2
20622.4496651633,-34.31094594245228,-118.82272099464544,1,0.2
20765.890146101516,-34.39313861840166,-119.04600034803289,1,0.2
20910.32833448505,-34.475467867092064,-119.26942094128117,1,0.2
21055.771169917985,-34.557935626653666,-119.49297450700794,1,0.2
21202.22564027317,-34.6405581631629,-119.71646334529557,1,0.2
21349.698782027936,-34.723294244666356,-119.9404477122049,1,0.2
21498.197680602203,-34.80620296259356,-120.16416327576633,1,0.2
21647.72947069887,-34.88925034191859,-120.38807434430379,1,0.2
21798.301336646622,-34.97242430737019,-120.61235766140598,1,0.2
21949.920512745113,-35.055761706184796,-120.83653835600632,1,0.2
22102.59428361251,-35.139243255120206,-121.06088757983125,1,0.2
22256.32998453553,-35.22287074089411,-121.28539616601816,1,0.2
22411.135001821818,-35.30665270869911,-121.50996362828447,1,0.2
22567.01677315487,-35.390604225898244,-121.73440020821906,1,0.2
22723.98278795137,-35.47469303542054,-121.95915334202584,1,0.2
22882.04058772098,-35.55894767777045,-122.18385101017914,1,0.2
23041.197766428744,-35.64335625834183,-122.40866620925003,1,0.2
23201.4619708599,-35.72790721978084,-122.63376875412571,1,0.2
23362.840900987278,-35.81262843124714,-122.85879162344372,1,0.2
23525.342310341253,-35.897521108425764,-123.08372842426344,1,0.2
23688.974006382276,-35.98256716221945,-123.3088372636881,1,0.2
23853.743850875984,-36.06777452953659,-123.53402049660737,1,0.2
24019.6597602709,-36.15314459584543,-123.7592694738947,1,0.2
24186.729706078822,-36.23867242353955,-123.98466258090417,1,0.2
24354.96171525778,-36.32438443103552,-124.209843688699,1,0.2
24524.363870597732,-36.41024430839277,-124.43532505761485,1,0.2
24694.944311108862,-36.49628446601875,-124.66066558186239,1,0.2
24866.711232412665,-36.58249362859002,-124.8860300322567,1,0.2
25039.672887135683,-36.66886690663672,-125.11149509339049,1,0.2
25213.837585306024,-36.75541761179546,-125.33688188217722,1,0.2
25389.213694752598,-36.842140741235035,-125.56226754428324,1,0.2
25565.809641507185,-36.92901957026837,-125.78789566733475,1,0.2
25743.63391020923,-37.01608497025542,-126.0133367720331,1,0.2
25922.695044513537,-37.10332014765002,-126.23883453578136,1,0.2
26103.00164750071,-37.19073780470801,-126.46421402009013,1,0.2
26284.562382090517,-37.278338747497756,-126.68946822064207,1,0.2
26467.385971458098,-37.366112318798514,-126.91475438534968,1,0.2
26651.481199453076,-37.45405951712937,-127.14006338617786,1,0.2
26836.856911021572,-37.54217004687396,-127.36554891598087,1,0.2
27023.522012631187,-37.63048420852596,-127.59063259047606,1,0.2
27211.485472698885,-37.718963446466475,-127.81587548670167,1,0.2
27400.75632202192,-37.80763089358639,-128.040945259494,1,0.2
27591.3436542117,-37.89647620803548,-128.265995049344,1,0.2
27783.256626130707,-37.98551103053002,-128.49085678566306,1,0.2
27976.504458332423,-38.07471974586454,-128.71576150485194,1,0.2
28171.096435504372,-38.164113889633256,-128.94054156982847,1,0.2
28367.04190691418,-38.25369404354048,-129.1651892888477,1,0.2
28564.35028685876,-38.3434502499981,-129.38985339978794,1,0.2
28763.031055116662,-38.433414556015705,-129.61405709651365,1,0.2
28963.093757403483,-38.523545580800516,-129.83841698259417,1,0.2
29164.548005830547,-38.613864801809896,-130.06261272384063,1,0.2
29367.403479366687,-38.7043726494477,-130.28663680959497,1,0.2
29571.669924303278,-38.79506447352377,-130.51055823571565,1,0.2
29777.35715472254,-38.88594577769912,-130.73429240553702,1,0.2
29984.475052969006,-38.97701193361457,-130.9579077056747,1,0.2
30193.03357012437,-39.0682683064529,-131.1813202977809,1,0.2
30403.042726485564,-39.159710290140424,-131.4045979634169,1,0.2
30614.512612046197,-39.25134796540802,-131.6275828402575,1,0.2
30827.45338698134,-39.343167004980856,-131.85049199874734,1,0.2
31041.875282135654,-39.43518694178332,-132.07301977401323,1,0.2
31257.788599514974,-39.527384042267244,-132.2955298438851,1,0.2
31475.203712781236,-39.619772892691635,-132.51779173108676,1,0.2
31694.13106775091,-39.71234895643684,-132.73987142526286,1,0.2
31914.581182896858,-39.805130918992376,-132.96146973086834,1,0.2
32136.564649853717,-39.898081858964936,-133.18316215996265,1,0.2
32360.09213392676,-39.99123418933938,-133.40443190715095,1,0.2
32585.17437460432,-40.08457418480709,-133.62548933633042,1,0.2
32811.8221860738,-40.17810641709921,-133.8462550414159,1,0.2
33040.04645774119,-40.27182642359003,-134.0667932373954,1,0.2
33269.85815475433,-40.36573864980171,-134.28702523209589,1,0.2
33501.26831852966,-40.459838658340495,-134.50701464680552,1,0.2
33734.28806728276,-40.55413940400424,-134.7265431464231,1,0.2
33968.928596562524,-40.64861913302278,-134.94595508108472,1,0.2
34205.20117978902,-40.74329923763533,-135.16489309341478,1,0.2
34443.11716879519,-40.83815407868617,-135.3837675495919,1,0.2
34682.68799437217,-40.9332130812095,-135.60208557205863,1,0.2
34923.92516681859,-41.02845502092478,-135.82018606333156,1,0.2
35166.8402764935,-41.123892155912785,-136.03785549543787,1,0.2
35411.44499437329,-41.219511915991916,-136.25529172353433,1,0.2
35657.7510726124,-41.31533031682181,-136.47221536766628,1,0.2
35905.77034510798,-41.41133085244536,-136.68889042389873,1,0.2
36155.51472806843,-41.507513374899226,-136.9053076810508,1,0.2
36406.99622058595,-41.60389729676928,-137.12112423573112,1,0.2
36660.22690521301,-41.70047020675465,-137.33653392423372,1,0.2
36915.21894854289,-41.79722390550121,-137.55166005412707,1,0.2
37171.98460179422,-41.894165642230725,-137.76635931317676,1,0.2
37430.53620139958,-41.99129467886508,-137.9806198256276,1,0.2
37690.88616959824,-42.08861374698955,-138.19436121327092,1,0.2
37953.04701503298,-42.18611743345793,-138.40762764362964,1,0.2
38217.03133335104,-42.283795359170504,-138.62051372466692,1,0.2
38482.85180780936,-42.38165147275979,-138.83276196981015,1,0.2
38750.521209883875,-42.479652069999716,-139.04443360318058,1,0.2
39020.05239988316,-42.57771031587552,-139.25499291498406,1,0.2
39291.458327566346,-42.67540708060868,-139.46765005962,1,0.2
39564.752032765224,-42.77457498180401,-139.68387995763874,1,0.2
39839.94664601079,-42.8737222662223,-139.8929847776562,1,0.2
40117.05538916413,-42.97278871292275,-140.10193328479014,1,0.2
40396.09157605162,-43.07197193480774,-140.31079776985302,1,0.2
40677.068613104646,-43.17131833168251,-140.51910002087217,1,0.2
40960.00000000368,-43.27082173743979,-140.7266436220368,1,0.2
41244.899330326916,-43.370403293597725,-140.93335690038148,1,0.2
41531.78029220334,-43.46963809704863,-141.13978332887658,1,0.2
41820.65666897041,-43.56980878221769,-141.3550626072265,1,0.2
42111.54233983629,-43.67064990818791,-141.5602351740564,1,0.2
42404.45128054665,-43.77120687362684,-141.76484741052036,1,0.2
42699.3975640562,-43.871852403430694,-141.96956143413706,1,0.2
42996.39536120473,-43.9726521505154,-142.17398000419743,1,0.2
43295.458941398065,-44.073622266982284,-142.37792702443514,1,0.2
43596.60267329357,-44.17476940206921,-142.58128961902457,1,0.2
43899.84102549055,-44.27607918006246,-142.78433200046982,1,0.2
44205.18856722535,-44.37756994655758,-142.9866834344051,1,0.2
44512.659969071385,-44.47923212302164,-143.18850720386232,1,0.2
44822.27000364397,-44.58106808579278,-143.38973569002974,1,0.2
45134.033546310086,-44.68307415166889,-143.59041897273408,1,0.2
45447.96557590307,-44.78524958295938,-143.790550082099,1,0.2
45764.081175442305,-44.88759932260003,-143.99000929435314,1,0.2
46082.39553285784,-44.9901082354735,-144.18907505617878,1,0.2
46402.92394172015,-45.09279537366156,-144.38734619314695,1,0.2
46725.681801974904,-45.195645681411875,-144.58510068222543,1,0.2
47050.68462068286,-45.298666627177994,-144.78216607416948,1,0.2
47377.94801276491,-45.40184902192412,-144.97870551635987,1,0.2
47707.487701752325,-45.505200143390425,-145.17454861930133,1,0.2
48039.319520542165,-45.60871361439461,-145.3698023489251,1,0.2
48373.45941215801,-45.7123911759911,-145.56440808328597,1,0.2
48709.923430515926,-45.81622662877641,-145.75847102861664,1,0.2
49048.72774119583,-45.920229467379095,-145.9517707455906,1,0.2
49389.888622218095,-46.0243959791419,-146.14435955691013,1,0.2
49733.4224648257,-46.1287149733404,-146.33644880284407,1,0.2
50000.0,-46.209282665213266,-146.4840544321434,1,0.2
10.0,-21.982165207413573,-0.18674293553226465,2,0.3
10.069555500567189,-21.98241717835166,-0.1874024956608002,2,0.3
10.139594797900294,-21.98269552072276,-0.18805777712646887,2,0.3
10.210121257071936,-21.982981054707558,-0.18870650335853448,2,0.3
10.281138266560667,-21.983254602943916,-0.18934633088683467,2,0.3
10.352649238413779,-21.983541763514953,-0.18997984014689656,2,0.3
10.424657608411218,-21.9838233600238,-0.190604664139185,2,0.3
10.497166836230678,-21.98411859306498,-0.19122271139243907,2,0.3
10.57018040561381,-21.984408287812688,-0.19183157494972952,2,0.3
10.643701824533608,-21.984711644088947,-0.19243318900990092,2,0.3
10.71773462536294,-21.98500309350663,-0.1930243651495324,2,0.3
10.792282365044281,-21.985301835697282,-0.19360704668074413,2,0.3
10.867348625260592,-21.985601489155325,-0.19418023209037943,2,0.3
10.942937012607405,-21.985921251446698,-0.19474592549941747,2,0.3
11.019051158766118,-21.986229163469893,-0.19530008579444527,2,0.3
11.095694720678463,-21.986531635067422,-0.19584317001128723,2,0.3
11.172871380722214,-21.98685425706332,-0.19637798163256578,2,0.3
11.250584846888108,-21.98718425518369,-0.19690272534237657,2,0.3
11.328838852958,-21.98750246365691,-0.1974147667714138,2,0.3
11.407637158684253,-21.987821685651767,-0.19791536410789126,2,0.3
11.486983549970367,-21.988161115759446,-0.19840662011403606,2,0.3
11.566881839052892,-21.988501589629287,-0.19888587081270978,2,0.3
11.647335864684578,-21.988830338429203,-0.19935118669739277,2,0.3
11.728349492318808,-21.98917294906292,-0.19980549634452713,2,0.3
11.809926614295325,-21.989503868664745,-0.20024522464872918,2,0.3
11.892071150027233,-21.989867858255604,-0.20067583729199023,2,0.3
11.97478704618931,-21.990213798927243,-0.2010904066862683,2,0.3
12.05807827690763,-21.990567275633566,-0.2014919283218621,2,0.3
12.141948843950495,-21.990921914345268,-0.2018792425881867,2,0.3
12.226402776920713,-21.991290514764636,-0.20225373295309448,2,0.3
12.31144413344919,-21.991634750269785,-0.2026099170517078,2,0.3
12.397076999389895,-21.992018545801272,-0.20295608630684248,2,0.3
12.48330548901615,-21.992384405006547,-0.20328411722702427,2,0.3
12.570133745218314,-21.992764298504692,-0.20359802553130538,2,0.3
12.657565939702833,-21.99313907560135,-0.2038948261143016,2,0.3
12.745606273192656,-21.99352792478646,-0.2041768397672924,2,0.3
12.834258975629076,-21.993898919467583,-0.20443922071156656,2,0.3
12.923528306374958,-21.99430319264453,-0.20468884685292385,2,0.3
13.013418554419374,-21.99468326455653,-0.20491717777153487,2,0.3
13.10393403858367,-21.99508387715693,-0.20513024942338443,2,0.3
13.195079107728983,-21.995473109663003,-0.20532308017328585,2,0.3
13.286858140965156,-21.995876536228806,-0.20549901758508315,2,0.3
13.379275547861162,-21.996287789913687,-0.20565677599281304,2,0.3
13.472335768656947,-21.996694118115325,-0.20579407980511635,2,0.3
13.566043274476765,-21.99711470497407,-0.20591341301698873,2,0.3
13.660402567544,-21.997536798867227,-0.20601248588427248,2,0.3
13.755418181397484,-21.997954037065437,-0.2060899243610212,2,0.3
13.851094681109295,-21.99837283031424,-0.2061462954715246,2,0.3
13.947436663504105,-21.998812359986204,-0.2061841851503888,2,0.3
14.044448757380025,-21.99924072109409,-0.20619824254695956,2,0.3
14.142135623731003,-21.99967071066427,-0.20619003591143295,2,0.3
14.240501955970773,-22.00010235413576,-0.2061591547118027,2,0.3
14.33955248015833,-22.00055483084439,-0.206108268505114,2,0.3
14.439291955225018,-22.00100262755404,-0.20603289062050306,2,0.3
14.539725173203164,-22.001452155656732,-0.2059336213760448,2,0.3
14.640856959456315,-22.001903442237744,-0.20581003855131086,2,0.3
14.742692172911074,-22.002362898040566,-0.20566277805833805,2,0.3
14.845235706290554,-22.002824167113463,-0.2054903680435389,2,0.3
14.94849248634945,-22.00328089511192,-0.20529130010112104,2,0.3
15.05246747411074,-22.00375225873916,-0.20506837545603332,2,0.3
15.15716566510405,-22.004225521317174,-0.20481901984746262,2,0.3
15.26259208960566,-22.004700712521572,-0.20454279553775348,2,0.3
15.368751812880195,-22.005184243853748,-0.20424037555508798,2,0.3
15.475649935423972,-22.005663382855595,-0.20390910020831896,2,0.3
15.58329159321007,-22.006157303652955,-0.20355189146419156,2,0.3
15.69168195793509,-22.006640514418685,-0.2031637963375649,2,0.3
15.800826237267621,-22.0071385692591,-0.20274890932745906,2,0.3
15.910729675098453,-22.007625979938798,-0.20230220056605897,2,0.3
16.02139755179252,-22.008128298881644,-0.2018278345439238,2,0.3
16.13283518444261,-22.008645557593056,-0.20132541398955273,2,0.3
16.245047927124794,-22.00914589478034,-0.20078860540997903,2,0.3
16.358041171155712,-22.0096612396209,-0.20022284996285553,2,0.3
16.471820345351553,-22.010166113331625,-0.19962292192047812,2,0.3
16.586390916288924,-22.010698819240346,-0.19899560130158914,2,0.3
16.70175838856748,-22.011208371302295,-0.19833073705444132,2,0.3
16.817928305074386,-22.01173944870306,-0.19763640204927616,2,0.3
16.93490624725064,-22.012266579424885,-0.1969072398165785,2,0.3
17.052697835359233,-22.012802554656737,-0.19614527041518365,2,0.3
17.17130872875518,-22.013341035942638,-0.19534879494927024,2,0.3
17.290744626157405,-22.01387568683467,-0.1945160732761701,2,0.3
17.411011265922586,-22.014419298159883,-0.19364918528969902,2,0.3
17.53211442632081,-22.014965534234786,-0.1927464006870039,2,0.3
17.654059925813208,-22.015514435854286,-0.1918072557178045,2,0.3
17.776853623331515,-22.016066044424427,-0.1908312867359955,2,0.3
17.900501418559564,-22.016626775464392,-0.1898193603504913,2,0.3
18.02500925221672,-22.017183924107254,-0.18876836445138753,2,0.3
18.150383106343334,-22.017750280397614,-0.18768050768652156,2,0.3
18.27662900458813,-22.01831951461323,-0.18655399858507127,2,0.3
18.403753012497624,-22.018898043364704,-0.18538975072257521,2,0.3
18.53176123780754,-22.01946679579133,-0.18418318192096694,2,0.3
18.660659830736275,-22.02003219130195,-0.18293516254804681,2,0.3
18.790454984280366,-22.020619761166024,-0.18165083419724337,2,0.3
18.921152934512047,-22.021197696667926,-0.18032274512908425,2,0.3
19.05275996087888,-22.021778788296217,-0.17895323479945674,2,0.3
19.18528238650542,-22.02236308472348,-0.17754185070842787,2,0.3
19.31872657849705,-22.022957004547248,-0.17608959771405233,2,0.3
19.453098948245852,-22.023554227780416,-0.1745945960582561,2,0.3
19.588405951738682,-22.024148436770098,-0.17305492044386653,2,0.3
19.72465408986733,-22.024752420376245,-0.171473074381282,2,0.3
19.861849908740865,-22.025353494384056,-0.16984564572551217,2,0.3
20.00000000000015,-22.025964447536033,-0.16817519234598366,2,0.3
20.13911100113453,-22.0265662318946,-0.1664567294749042,2,0.3
20.279189595800737,-22.027178003860435,-0.16469437464092632,2,0.3
20.42024251414402,-22.027793451499754,-0.1628861826012777,2,0.3
20.56227653312149,-22.028406265425062,-0.16103016073008683,2,0.3
20.70529847682771,-22.029035599393726,-0.15913058968273802,2,0.3
20.849315216822593,-22.029656049643535,-0.15718075602897102,2,0.3
20.994333672461515,-22.030267677247252,-0.15518016704893858,2,0.3
21.14036081122778,-22.030908727844867,-0.1531380533609391,2,0.3
21.28740364906737,-22.03152834852574,-0.15104110191892206,2,0.3
21.43546925072604,-22.032158421001263,-0.14889698516787528,2,0.3
21.584564730088722,-22.0327926433054,-0.1467036864231271,2,0.3
21.734697250521346,-22.033424716115995,-0.14445913932289972,2,0.3
21.885874025214974,-22.034067428134986,-0.1421662925368791,2,0.3
22.038102317532406,-22.03470175855456,-0.139819698527598,2,0.3
22.191389441357092,-22.035346858430003,-0.1374240465905791,2,0.3
22.345742761444598,-22.035996432414436,-0.13497727728080566,2,0.3
22.501169693776383,-22.036637827736637,-0.13247553439371712,2,0.3
22.657677705916175,-22.03729019434939,-0.1299236516291039,2,0.3
22.815274317368676,-22.037947240985957,-0.1273195443130804,2,0.3
22.973967099940907,-22.038596320420286,-0.12465928600320153,2,0.3
23.13376367810596,-22.03925022312458,-0.12194605513715777,2,0.3
23.29467172936933,-22.03990902136843,-0.11917951653752167,2,0.3
23.456698984637793,-22.040566430856202,-0.11635750701575943,2,0.3
23.619853228590827,-22.04122252717388,-0.11347965901609368,2,0.3
23.784142300054643,-22.041890099967,-0.1105493421562206,2,0.3
23.949574092378796,-22.042543799704287,-0.1075587707629419,2,0.3
24.11615655381544,-22.043209130385083,-0.10451508997143392,2,0.3
24.28389768790117,-22.043873458517425,-0.101414227881261,2,0.3
24.452805553841607,-22.044536864895697,-0.09825585033897494,2,0.3
24.622888266898567,-22.045212140025377,-0.09504351949433494,2,0.3
24.794153998779972,-22.04588030239082,-0.09177112992214075,2,0.3
24.966610978032485,-22.046547790853083,-0.08844029768197961,2,0.3
25.140267490436816,-22.047214690483155,-0.08505071760786614,2,0.3
25.315131879405854,-22.047881087579967,-0.0816020919987401,2,0.3
25.4912125463855,-22.04854706950307,-0.07809413074445304,2,0.3
25.668517951258348,-22.049231779813326,-0.07453268413361633,2,0.3
25.847056612750112,-22.049909899295983,-0.07090938607954961,2,0.3
26.026837108838944,-22.05056881858595,-0.06721976250470939,2,0.3
26.20786807716754,-22.051253086131332,-0.0634780706697892,2,0.3
26.390158215458165,-22.051931040352947,-0.05967370280325369,2,0.3
26.573716281930512,-22.05260277713581,-0.055806365084064995,2,0.3
26.758551095722524,-22.053281091491446,-0.05188006891123608,2,0.3
26.944671537314093,-22.053959730488025,-0.04789247641837107,2,0.3
27.13208654895373,-22.054632444217738,-0.04384118679838112,2,0.3
27.320805135088207,-22.05531837649364,-0.03973254751752615,2,0.3
27.510836362795175,-22.055979542178996,-0.03555314070208708,2,0.3
27.7021893622188,-22.05666682272538,-0.03132047529555379,2,0.3
27.89487332700842,-22.05733589197066,-0.027018781971047703,2,0.3
28.088897514760255,-22.058024933849776,-0.022661385533350474,2,0.3
28.284271247462218,-22.05869597789023,-0.018234513471840852,2,0.3
28.48100391194176,-22.059368170402443,-0.013744787546412625,2,0.3
28.679104960316874,-22.060047964683804,-0.009194397437543043,2,0.3
28.878583910450253,-22.060716437322423,-0.004576201638857698,2,0.3
29.079450346406546,-22.061392733450923,0.00010292143893126972,2,0.3
29.28171391891285,-22.062064278303396,0.004847818438225079,2,0.3
29.485384345822368,-22.0627438731754,0.009653829508899366,2,0.3
29.690471412581335,-22.063418947954748,0.014525861591119038,2,0.3
29.896984972699123,-22.06409596315931,0.01946161042971587,2,0.3
30.104934948221704,-22.064762354750187,0.024466105617509195,2,0.3
30.314331330208326,-22.06542458664733,0.029537046027864958,2,0.3
30.52518417921155,-22.066108144188878,0.03466449180657756,2,0.3
30.73750362576062,-22.066775106111017,0.03986352931659655,2,0.3
30.951299870848175,-22.067438280596843,0.045129274002580655,2,0.3
31.16658318642038,-22.06810413465519,0.050459243946996885,2,0.3
31.38336391587042,-22.068772796332674,0.05585346358553042,2,0.3
31.60165247453548,-22.06943171853051,0.061317192163774015,2,0.3
31.82145935019715,-22.07010638687265,0.06683998921156195,2,0.3
32.04279510358529,-22.070758906619794,0.07243771504508852,2,0.3
32.26567036888546,-22.071421102888188,0.0780971803072634,2,0.3
32.49009585424984,-22.07208677396804,0.08382100640302954,2,0.3
32.716082342311665,-22.07273071288452,0.08962009178146484,2,0.3
32.94364069070335,-22.073384743411204,0.09548088917898838,2,0.3
33.172781832578096,-22.074042670212712,0.10140605865540288,2,0.3
33.40351677713521,-22.074691966511168,0.10740114238359201,2,0.3
33.63585661014903,-22.07533911426077,0.11346338538044595,2,0.3
33.86981249450153,-22.075984261395387,0.11959277933750675,2,0.3
34.10539567071872,-22.07662755765441,0.1257893073387758,2,0.3
34.34261745751061,-22.077281821218065,0.13204715460234112,2,0.3
34.58148925231507,-22.077909205680044,0.13838365490122714,2,0.3
34.822022531845434,-22.078554198587703,0.14477845526867325,2,0.3
35.064228852641875,-22.079185293097847,0.15124612143103297,2,0.3
35.30811985162668,-22.079821645738917,0.15777776621838163,2,0.3
35.55370724666329,-22.08045708499666,0.16437626408725806,2,0.3
35.80100283711939,-22.08108544301504,0.17104457901649525,2,0.3
36.05001850443371,-22.081706885965247,0.1777827009670438,2,0.3
36.30076621268694,-22.082334242035735,0.1845844315159502,2,0.3
36.55325800917653,-22.082961349360005,0.1914527101012474,2,0.3
36.80750602499552,-22.08356306192337,0.19839999301895386,2,0.3
37.06352247561536,-22.084177530682343,0.20540746841972643,2,0.3
37.32131966147283,-22.084798600023404,0.21247805035270587,2,0.3
37.58090996856101,-22.085401133609338,0.2196244040749057,2,0.3
37.84230586902438,-22.085997969800744,0.22684013368402922,2,0.3
38.105519921758045,-22.086608273296584,0.23411535487609983,2,0.3
38.37056477301113,-22.08721324474217,0.24145964768095768,2,0.3
38.63745315699439,-22.087800418042875,0.2488795787048718,2,0.3
38.906197896491996,-22.08839528968599,0.2563618092501647,2,0.3
39.176811903477656,-22.088985397299766,0.26391283847689523,2,0.3
39.449308179734956,-22.089570934818745,0.27153256162722084,2,0.3
39.72369981748203,-22.090145773290693,0.27922430208404514,2,0.3
40.000000000000604,-22.09074173605371,0.28697071128030044,2,0.3
40.27822200226936,-22.091314748987227,0.2947957639396326,2,0.3
40.55837919160177,-22.091877666630616,0.3026925428063658,2,0.3
40.840485028288356,-22.09244966674527,0.31065035215246584,2,0.3
41.124553066243294,-22.092999338727253,0.3186867570537466,2,0.3
41.410596953655734,-22.09357748019231,0.3267730236940758,2,0.3
41.6986304336455,-22.094121072606697,0.3349449017343911,2,0.3
41.98866734492334,-22.09467459283018,0.34317701883113644,2,0.3
42.28072162245588,-22.095225613116767,0.3514764140687098,2,0.3
42.57480729813507,-22.095768032568948,0.3598466324463848,2,0.3
42.8709385014524,-22.096302075554505,0.3682875793578129,2,0.3
43.16912946017777,-22.09685325298638,0.3767840227966584,2,0.3
43.46939450104301,-22.097390187352225,0.3853545600706495,2,0.3
43.771748050430276,-22.09792575265454,0.39399148193765926,2,0.3
44.07620463506514,-22.098447543020647,0.402702327916552,2,0.3
44.38277888271451,-22.098962116921847,0.4114831616736267,2,0.3
44.69148552288952,-22.099482353729517,0.42032598075412747,2,0.3
45.00233938755311,-22.099989537799736,0.4292423685184167,2,0.3
45.315355411832684,-22.100496553863984,0.438224279291293,2,0.3
45.63054863473769,-22.101003650165502,0.4472714724154599,2,0.3
45.947934199882155,-22.10149844155415,0.4563918292407513,2,0.3
46.26752735621227,-22.10200013750245,0.4655729996336622,2,0.3
46.58934345873901,-22.102490041500246,0.4748270142039134,2,0.3
46.913397969275934,-22.102968415398617,0.4841538027731052,2,0.3
47.23970645718201,-22.103460792163474,0.4935365100111032,2,0.3
47.56828460010965,-22.103923219134302,0.5030042575728039,2,0.3
47.89914818475796,-22.104400185106073,0.5125274271033295,2,0.3
48.232313107631235,-22.104866696189347,0.5221227089173655,2,0.3
48.5677953758027,-22.105335661500987,0.5317813482755512,2,0.3
48.90561110768358,-22.105782097356585,0.5415204964802857,2,0.3
49.2457765337975,-22.106237866018912,0.5513182621524383,2,0.3
49.58830799756032,-22.10669062190376,0.5611830906678072,2,0.3
49.933221956065346,-22.10713433959573,0.5711192297748764,2,0.3
50.280534980874016,-22.107575627414068,0.5811220549361156,2,0.3
50.630263758812085,-22.108008467176845,0.5911958726128902,2,0.3
50.982425092771386,-22.108445787557464,0.6013314019400956,2,0.3
51.33703590251707,-22.10885632138638,0.6115513426365051,2,0.3
51.69411322550061,-22.10928457386329,0.6218233501536923,2,0.3
52.05367421767828,-22.109699285689025,0.6321702557980894,2,0.3
52.41573615433548,-22.1101070850952,0.6425872944545938,2,0.3
52.78031643091672,-22.110508290034442,0.653074305793199,2,0.3
53.14743256386143,-22.1109158475962,0.6636215359209476,2,0.3
53.517102191445446,-22.11130483130276,0.6742479132593965,2,0.3
53.8893430746286,-22.111688196018658,0.6849437461599556,2,0.3
54.264173097907864,-22.112085210840185,0.6956941290971743,2,0.3
54.64161027017682,-22.112464650372385,0.7065232528913358,2,0.3
55.02167272559077,-22.11283316770537,0.7174261645751046,2,0.3
55.40437872443802,-22.113203730555608,0.7283927300728443,2,0.3
55.78974665401725,-22.113570374689978,0.7394276819533606,2,0.3
56.17779502952094,-22.113920829381794,0.7505410016538108,2,0.3
56.56854249492486,-22.11428700656992,0.7617069978607504,2,0.3
56.962007823883944,-22.114637709932772,0.772950978825145,2,0.3
57.358209920634174,-22.114973304075175,0.7842729409781041,2,0.3
57.75716782090094,-22.115319399835506,0.7956518339473825,2,0.3
58.158900692813525,-22.115651126412452,0.8071083607852539,2,0.3
58.56342783782614,-22.11598148109185,0.8186318150079007,2,0.3
58.97076869164518,-22.116298223684364,0.8302326876426779,2,0.3
59.38094282516311,-22.116620669068983,0.8418946689446734,2,0.3
59.79396994539869,-22.116917656293293,0.8536446730364733,2,0.3
60.209869896443855,-22.11723374715745,0.8654443420972955,2,0.3
60.628662660417106,-22.11753148037746,0.8773262895807797,2,0.3
61.05036835842356,-22.11783649591156,0.8892682024504719,2,0.3
61.4750072515217,-22.11812396201333,0.9012921654331544,2,0.3
61.90259974169682,-22.118400598954395,0.9133925443036722,2,0.3
62.33316637284123,-22.118685748961585,0.9255520789932932,2,0.3
62.766727831741306,-22.118960903897523,0.9377875756065286,2,0.3
63.20330494907143,-22.119239105458398,0.950087301643838,2,0.3
63.642918700394766,-22.119489238129354,0.9624801458176043,2,0.3
64.08559020717105,-22.119749587574486,0.9749309806506792,2,0.3
64.5313407377714,-22.120007973561115,0.9874511523807598,2,0.3
64.98019170850016,-22.120252221312402,1.0000523537676946,2,0.3
65.43216468462381,-22.120489086398806,1.0127285234356542,2,0.3
65.8872813814072,-22.120725328646067,1.0254734074730147,2,0.3
66.34556366515669,-22.120955095993388,1.038292810982811,2,0.3
66.80703355427093,-22.121178849434937,1.0511865374955842,2,0.3
67.27171322029855,-22.12139705482793,1.0641543784480845,2,0.3
67.73962498900357,-22.12161018274393,1.0771961127497125,2,0.3
68.21079134143795,-22.121818708601996,1.0903115063530324,2,0.3
68.68523491502174,-22.1220357284661,1.1034875856066175,2,0.3
69.16297850463066,-22.122230187947626,1.116755856636411,2,0.3
69.6440450636914,-22.122421500936728,1.1300970987472638,2,0.3
70.12845770528428,-22.122610162417583,1.1435110224919764,2,0.3
70.61623970325388,-22.122784056831026,1.1570104378538828,2,0.3
71.10741449332713,-22.12295630469069,1.1705821071819509,2,0.3
71.60200567423932,-22.12313372368456,1.1842190392643817,2,0.3
72.10003700886796,-22.123285290159316,1.197954264932318,2,0.3
72.60153242537443,-22.12343675511995,1.2117609914594114,2,0.3
73.10651601835362,-22.12360125904427,1.2256252199912847,2,0.3
73.61501204999159,-22.12374779361403,1.2395805356332148,2,0.3
74.12704495123128,-22.123883201823546,1.2536200680711458,2,0.3
74.64263932294622,-22.124020639545954,1.2677297648991277,2,0.3
75.16181993712259,-22.124154344621797,1.2819161828681906,2,0.3
75.68461173804933,-22.124265944502163,1.2962002007024402,2,0.3
76.21103984351666,-22.124393841705214,1.3105392389945927,2,0.3
76.74112954602285,-22.124500750531997,1.3249754974413308,2,0.3
77.27490631398935,-22.12461246854457,1.339480174854577,2,0.3
77.81239579298456,-22.124716951480238,1.3540672720714346,2,0.3
78.3536238069559,-22.12480846800874,1.368743866226039,2,0.3
78.8986163594705,-22.124893907870018,1.3835024558858393,2,0.3
79.44739963496465,-22.124986474284544,1.3983278579591096,2,0.3
80.00000000000179,-22.125061527320952,1.4132494186731004,2,0.3
80.55644400453932,-22.12511966405525,1.4282671311773985,2,0.3
81.11675838320417,-22.125186720182683,1.4433505281945511,2,0.3
81.68097005657731,-22.125244378963433,1.4585218903126842,2,0.3
82.24910613248719,-22.125305870460934,1.473765532327176,2,0.3
82.8211939073121,-22.12534027049437,1.4891197572869312,2,0.3
83.39726086729164,-22.12539236264472,1.5045299280303546,2,0.3
83.97733468984731,-22.125412306381783,1.5200582183833862,2,0.3
84.56144324491237,-22.125444896831276,1.5356493101877795,2,0.3
85.14961459627077,-22.125471847093927,1.5513263633258803,2,0.3
85.74187700290544,-22.125500110696915,1.5670809230061256,2,0.3
86.33825892035618,-22.125498791118513,1.5829530657161812,2,0.3
86.93878900208668,-22.125512707642116,1.5988857272659573,2,0.3
87.54349610086122,-22.125504663877926,1.6149274234969284,2,0.3
88.15240927013093,-22.125494252825884,1.6310532699894353,2,0.3
88.7655577654297,-22.12547583477062,1.6472711261128146,2,0.3
89.38297104577971,-22.12545639461173,1.6635721950112479,2,0.3
90.00467877510688,-22.125436612762318,1.679955902419286,2,0.3
90.63071082366605,-22.12539824336246,1.6964473256631012,2,0.3
91.26109726947607,-22.12536721774146,1.7130118980782865,2,0.3
91.895868399765,-22.125312677903636,1.729692198815207,2,0.3
92.53505471242522,-22.125266876961426,1.7464445379015752,2,0.3
93.17868691747873,-22.125198964855187,1.7633120672916944,2,0.3
93.82679593855258,-22.12514751775423,1.7802415193350212,2,0.3
94.47941291436473,-22.125069070694256,1.7972943180880954,2,0.3
95.13656920022001,-22.12497696386343,1.814452589731636,2,0.3
95.79829636951663,-22.12490979227626,1.8316616066944535,2,0.3
96.4646262152632,-22.124798851915838,1.84902043337587,2,0.3
97.13559075160614,-22.12471430903292,1.8664284325750198,2,0.3
97.81122221536789,-22.12461902748698,1.8839396827649006,2,0.3
98.49155306759573,-22.12450743500868,1.9015631195280185,2,0.3
99.17661599512138,-22.124373962625654,1.919307917827253,2,0.3
99.86644391213144,-22.124257239725257,1.9371171339085023,2,0.3
100.56106996174877,-22.124126453936054,1.9550371803884383,2,0.3
101.26052751762494,-22.123988676404586,1.9730581005191394,2,0.3
101.96485018554354,-22.123838354691195,1.9911890018530216,2,0.3
102.67407180503491,-22.12368888335323,2.0094099591090138,2,0.3
103.388226451002,-22.123528403069862,2.0277397653404594,2,0.3
104.10734843535732,-22.12337031739397,2.0461581372991575,2,0.3
104.83147230867174,-22.123190141993355,2.0647040207764835,2,0.3
105.56063286183424,-22.12300760307737,2.0833471560595567,2,0.3
106.29486512772365,-22.12281716896271,2.102096851670741,2,0.3
107.03420438289172,-22.122632260107963,2.120932092009368,2,0.3
107.778686149258,-22.122422083620087,2.1399030921485966,2,0.3
108.52834619581655,-22.122212699549827,2.1589684464063854,2,0.3
109.28322054035448,-22.121998587774723,2.1781375947978545,2,0.3
110.04334545118235,-22.12178054785822,2.1974097437745845,2,0.3
110.80875744887686,-22.121546744973365,2.216805189870697,2,0.3
111.57949330803534,-22.121316938738524,2.2362915845990883,2,0.3
112.35559005904271,-22.12106034107422,2.255921374976015,2,0.3
113.13708498985058,-22.12080303616262,2.2756513366440942,2,0.3
113.92401564776874,-22.120558476515626,2.295458715196364,2,0.3
114.71641984126921,-22.120270593418155,2.315440568808861,2,0.3
115.51433564180275,-22.11999708350504,2.33549816530504,2,0.3
116.31780138562794,-22.119719802905678,2.3556632263297086,2,0.3
117.12685567565316,-22.11942060398742,2.375968379904608,2,0.3
117.94153738329126,-22.119112947057854,2.3963908134334817,2,0.3
118.76188565032712,-22.118803974480564,2.416918382381755,2,0.3
119.58793989079828,-22.118488184773376,2.437561442770726,2,0.3
120.41973979288862,-22.118166399192937,2.4583191146882797,2,0.3
121.25732532083512,-22.11783943964804,2.4791904736278387,2,0.3
122.10073671684803,-22.11749547872732,2.500197917622166,2,0.3
122.95001450304433,-22.117141661262757,2.52132916713907,2,0.3
123.80519948339456,-22.116772482219233,2.542595269824332,2,0.3
124.66633274568338,-22.116420393143343,2.5639359455657007,2,0.3
125.53345566348355,-22.116035604530907,2.58544546118152,2,0.3
126.40660989814381,-22.11565689476184,2.6070512539958117,2,0.3
127.28583740079048,-22.115266101345988,2.6287884124981815,2,0.3
128.17118041434307,-22.114857711187106,2.650668454821582,2,0.3
129.0626814755438,-22.114445195360023,2.6726660941141978,2,0.3
129.9603834170013,-22.114023038170455,2.694792676725168,2,0.3
130.86432936924862,-22.113598380559253,2.717034760487303,2,0.3
131.77456276281538,-22.113146707933645,2.7394416980782434,2,0.3
132.69112733031437,-22.112719474716542,2.7619114837914536,2,0.3
133.61406710854286,-22.11225416879282,2.7845699425295933,2,0.3
134.5434264405981,-22.111783245723945,2.8073528148199656,2,0.3
135.47924997800817,-22.111313835533473,2.83024598940893,2,0.3
136.42158268287693,-22.110827729494677,2.8532873308725666,2,0.3
137.3704698300445,-22.11032571212446,2.8764762042489846,2,0.3
138.32595700926237,-22.109821235102885,2.8997853664415034,2,0.3
139.28809012738384,-22.1093087414984,2.9232269205303654,2,0.3
140.25691541056963,-22.108782666485634,2.9468133072282434,2,0.3
141.23247940650882,-22.108243774910093,2.970543739134782,2,0.3
142.2148289866553,-22.10769916473151,2.994403723281461,2,0.3
143.20401134847972,-22.10714325172298,3.018405873548749,2,0.3
144.200074017737,-22.106576782536173,3.0425492915529455,2,0.3
145.20306485074994,-22.10600683804621,3.066819079456176,2,0.3
146.2130320367083,-22.105408785742814,3.091270220820874,2,0.3
147.2300240999843,-22.104815056939692,3.1158317939095634,2,0.3
148.25408990246365,-22.1041946560615,3.140573477608472,2,0.3
149.28527864589356,-22.10358635059009,3.1654089173099442,2,0.3
150.32363987424628,-22.102946431675825,3.190437364986793,2,0.3
151.3692234760998,-22.102300964336518,3.2156006301734195,2,0.3
152.42207968703445,-22.10165697688673,3.240882871163145,2,0.3
153.48225909204683,-22.100977056310263,3.2663712480334826,2,0.3
154.54981262797986,-22.100306291483104,3.291961916242627,2,0.3
155.6247915859703,-22.09961358969556,3.31772793565094,2,0.3
156.70724761391295,-22.098912282849383,3.3436387842719637,2,0.3
157.79723271894218,-22.098196643761966,3.3697086762171016,2,0.3
158.8947992699305,-22.097473634454605,3.3959216106773864,2,0.3
160.0000000000048,-22.096731147413053,3.4223073938148576,2,0.3
161.11288800907985,-22.095976117800387,3.448850096775474,2,0.3
162.23351676640956,-22.095228182135752,3.475502058306672,2,0.3
163.36194011315587,-22.094449766062517,3.5023560277960977,2,0.3
164.49821226497562,-22.093660474390756,3.5293646459308166,2,0.3
165.6423878146254,-22.092841757265,3.556575055129889,2,0.3
166.79452173458452,-22.092032274231514,3.5838909510740407,2,0.3
167.9546693796959,-22.091213447017243,3.6113591185059493,2,0.3
169.12288648982604,-22.09037302982875,3.639011381137339,2,0.3
170.29922919254284,-22.089511476956364,3.6668476158864305,2,0.3
171.4837540058122,-22.088648317668497,3.694818057060614,2,0.3
172.6765178407137,-22.087745788395882,3.7230215381032488,2,0.3
173.87757800417467,-22.086861577393805,3.7513079514611296,2,0.3
175.08699220172375,-22.08594514429005,3.7798102950762176,2,0.3
176.30481854026317,-22.085015949484834,3.8084781262664555,2,0.3
177.53111553086072,-22.08408070721466,3.8372938691673357,2,0.3
178.7659420915608,-22.083133372933137,3.866274005513121,2,0.3
180.00935755021513,-22.082148757612323,3.8954876769785076,2,0.3
181.26142164733346,-22.081171744119995,3.9248134011815443,2,0.3
182.52219453895353,-22.08017072496714,3.9543378750540654,2,0.3
183.7917367995314,-22.079145926800834,3.984061504614671,2,0.3
185.07010942485184,-22.078116686726315,4.0139310799652685,2,0.3
186.35737383495882,-22.077064057499843,4.043999976353147,2,0.3
187.65359187710658,-22.07599457389516,4.074250572005505,2,0.3
188.95882582873088,-22.07492113314001,4.104646511916211,2,0.3
190.27313840044144,-22.073818316279663,4.135260822048565,2,0.3
191.59659273903472,-22.072705350484192,4.166038968838345,2,0.3
192.92925243052787,-22.07156952064864,4.19701818832393,2,0.3
194.27118150321374,-22.070423624514362,4.228161668591549,2,0.3
195.62244443073726,-22.069254885442945,4.259507279804782,2,0.3
196.98310613519297,-22.06807605034549,4.291017801167324,2,0.3
198.35323199024427,-22.066874278624166,4.322731759049,2,0.3
199.73288782426437,-22.065655870157755,4.354630855380948,2,0.3
201.12213992349908,-22.064414308943675,4.386735244858668,2,0.3
202.5210550352514,-22.063155836578048,4.4190265136857345,2,0.3
203.9297003710886,-22.061893068847045,4.451466046384498,2,0.3
205.3481436100714,-22.06058099543741,4.484193071399161,2,0.3
206.77645290200556,-22.059270564044958,4.517050597415546,2,0.3
208.21469687071618,-22.057942296947193,4.550098956157516,2,0.3
209.66294461734503,-22.05658947411992,4.583359670071334,2,0.3
211.12126572367004,-22.05521174204364,4.616834496700934,2,0.3
212.5897302554489,-22.05382794109884,4.65046355256174,2,0.3
214.06840876578502,-22.052418429474564,4.6843097150375295,2,0.3
215.5573722985176,-22.050982747502776,4.718375092100369,2,0.3
217.05669239163473,-22.04952681415059,4.7526408984796245,2,0.3
218.5664410807106,-22.04805010185543,4.787109063602015,2,0.3
220.08669090236637,-22.04655846477688,4.821760331121423,2,0.3
221.6175148977554,-22.04503204281629,4.856660867943824,2,0.3
223.15898661607235,-22.043502297972687,4.891705818719778,2,0.3
224.71118011808713,-22.041930017855268,4.927026965000218,2,0.3
226.27416997970286,-22.040340172971735,4.962540630181002,2,0.3
227.8480312955392,-22.038732010007628,4.998249178378255,2,0.3
229.43283968254013,-22.037098304118622,5.034177374572395,2,0.3
231.02867128360725,-22.035451081678296,5.070283597218466,2,0.3
232.63560277125762,-22.033757295666344,5.106683007394743,2,0.3
234.25371135130806,-22.03206750565488,5.14319888125576,2,0.3
235.88307476658426,-22.030335698735154,5.179992648065005,2,0.3
237.523771300656,-22.02858662279464,5.216977069320005,2,0.3
239.17587978159838,-22.026806351210695,5.254201693947538,2,0.3
240.83947958577906,-22.02500668370396,5.291624152546278,2,0.3
242.51465064167206,-22.0231800470061,5.329271544590251,2,0.3
244.2014734336979,-22.021318814452428,5.367171846140216,2,0.3
245.9000290060905,-22.019434668011186,5.405282370587493,2,0.3
247.61039896679097,-22.017545721410045,5.443535311678013,2,0.3
249.33266549136863,-22.01560548116673,5.48210296388451,2,0.3
251.06691132696898,-22.013644879553755,5.520870294607126,2,0.3
252.81321979628953,-22.011656067956157,5.55986630736619,2,0.3
254.5716748015829,-22.009637608765004,5.599096242740556,2,0.3
256.3423608286881,-22.007594488041796,5.638540729311123,2,0.3
258.12536295108947,-22.00551871163727,5.678230071192244,2,0.3
259.9207668340045,-22.003415178387232,5.718145093861833,2,0.3
261.72865873849923,-22.00128875149491,5.758266200538956,2,0.3
263.54912552563275,-21.99912481658092,5.798650117618504,2,0.3
265.38225466063074,-21.996921656819524,5.839303770657414,2,0.3
267.2281342170877,-21.994703454002618,5.8801306179315365,2,0.3
269.08685288119824,-21.992455452907546,5.92118827776879,2,0.3
270.95849995601833,-21.99016932020534,5.962509821644461,2,0.3
272.8431653657559,-21.98785614943137,6.004049893240651,2,0.3
274.74093966009104,-21.98550101705402,6.045868704434299,2,0.3
276.6519140185268,-21.983121435418447,6.087893949356868,2,0.3
278.5761802547697,-21.980708887904502,6.130159634807689,2,0.3
280.51383082114137,-21.978254797909685,6.172700860555974,2,0.3
282.4649588130198,-21.97577657338126,6.2154440855142035,2,0.3
284.42965797331277,-21.973252527047066,6.2584796084720065,2,0.3
286.40802269696155,-21.970706509612423,6.301705626275297,2,0.3
288.40014803547615,-21.968129772136002,6.345157693261721,2,0.3
290.4061297015021,-21.96549393138004,6.388957158407531,2,0.3
292.42606407341884,-21.96284883969082,6.432887921837262,2,0.3
294.4600481999708,-21.96014643904252,6.47715713987509,2,0.3
296.50817980492957,-21.9574169493158,6.521632151675622,2,0.3
298.5705572917893,-21.954638304239023,6.566408816932319,2,0.3
300.64727974849484,-21.95184068871569,6.611352044695931,2,0.3
302.73844695220185,-21.949001944986716,6.656558477828343,2,0.3
304.84415937407124,-21.946106375245034,6.702097985151126,2,0.3
306.964518184096,-21.94318408364518,6.747833618410449,2,0.3
309.09962525596205,-21.940212743098,6.793865091964178,2,0.3
311.24958317194296,-21.937215868246774,6.840083214730952,2,0.3
313.4144952278283,-21.934184163696102,6.886528208405085,2,0.3
315.59446543788675,-21.931088564558472,6.933333624631317,2,0.3
317.7895985398634,-21.927952489746097,6.9803896485485035,2,0.3
320.000000000012,-21.924786224394165,7.02764570253599,2,0.3
322.22577601816215,-21.921573714696024,7.075175257727689,2,0.3
324.4670335328215,-21.918312004723603,7.122990849639882,2,0.3
326.7238802263142,-21.915011279276456,7.171041899853212,2,0.3
328.99642452995374,-21.911668525726075,7.219340510174861,2,0.3
331.2847756292533,-21.908274090913785,7.2679314549415945,2,0.3
333.5890434691715,-21.90482486833421,7.316828407168774,2,0.3
335.90933875939425,-21.90135736828056,7.365849403716557,2,0.3
338.2457729796546,-21.89781557634339,7.415268226015272,2,0.3
340.5984583850881,-21.89423595383273,7.464902452562258,2,0.3
342.96750801162693,-21.8906086725166,7.514798215212006,2,0.3
345.3530356814299,-21.886937105437234,7.564935809706973,2,0.3
347.75515600835195,-21.883211342018114,7.61536274497185,2,0.3
350.1739844034501,-21.87942805478883,7.666093854358492,2,0.3
352.60963708052907,-21.8756171000442,7.7169728261035635,2,0.3
355.0622310617241,-21.8717419132035,7.768184653683186,2,0.3
357.53188418312425,-21.867799063753303,7.819745578975272,2,0.3
360.0187151004329,-21.863825045177173,7.871462021555139,2,0.3
362.52284329466966,-21.85978979766972,7.923487963287488,2,0.3
365.0443890779098,-21.855703166900167,7.975768511562976,2,0.3
367.58347359906554,-21.851548307746697,8.028390436067395,2,0.3
370.14021884970646,-21.847348390929962,8.081226700518453,2,0.3
372.7147476699204,-21.843099899257826,8.134291902910544,2,0.3
375.30718375421594,-21.838792594906028,8.187637642214469,2,0.3
377.9176516574646,-21.834422889096594,8.241280182486843,2,0.3
380.5462768008857,-21.830000576989576,8.295162112220446,2,0.3
383.1931854780723,-21.825515342742445,8.349336392017202,2,0.3
385.85850486105863,-21.82096353909193,8.403819885330623,2,0.3
388.5423630064304,-21.81635494217495,8.45855420361549,2,0.3
391.2448888614774,-21.81169262546602,8.513517414392396,2,0.3
393.96621227038884,-21.80697292997599,8.568725344325166,2,0.3
396.7064639804915,-21.80216520443432,8.624348885796435,2,0.3
399.4657756485318,-21.797333166384053,8.680018683438648,2,0.3
402.24427984700117,-21.792405654112137,8.73613899763971,2,0.3
405.04211007050577,-21.787419428681055,8.792493803067305,2,0.3
407.85940074218024,-21.78237754659311,8.849059681661835,2,0.3
410.69628722014585,-21.777262745342433,8.905932616590388,2,0.3
413.55290580401413,-21.772091611695924,8.963009656839157,2,0.3
416.42939374143555,-21.76684005555166,9.020428475652572,2,0.3
419.3258892346932,-21.76152467834717,9.07808524535621,2,0.3
422.24253144734325,-21.756128126302148,9.13607897591454,2,0.3
425.179460510901,-21.750680669272295,9.194221145971731,2,0.3
428.13681753157323,-21.745137684045297,9.25277709917385,2,0.3
431.11474459703845,-21.739549959458255,9.311430918641268,2,0.3
434.11338478327275,-21.733872808302856,9.370450436837345,2,0.3
437.13288216142445,-21.728116105274815,9.429769831004709,2,0.3
440.173381804736,-21.7222966337585,9.489278333502691,2,0.3
443.23502979551404,-21.71639010204074,9.54912136410061,2,0.3
446.31797323214806,-21.710433939200996,9.609056411123682,2,0.3
449.4223602361776,-21.70437635882856,9.669404036285814,2,0.3
452.5483399594091,-21.698247971316796,9.729963803779924,2,0.3
455.6960625910818,-21.692038184640325,9.790796252708741,2,0.3
458.8656793650838,-21.685743274448832,9.851918689527926,2,0.3
462.0573425672179,-21.67938025381631,9.913213438699415,2,0.3
465.2712055425187,-21.67293855614468,9.974740980629674,2,0.3
468.5074227026196,-21.66637985569649,10.036746266659636,2,0.3
471.76614953317204,-21.659769749314233,10.098790127990224,2,0.3
475.04754260131557,-21.653056061717088,10.16120921386238,2,0.3
478.3517595632003,-21.646276830202986,10.223742335010247,2,0.3
481.6789591715617,-21.63939366526574,10.286638071986978,2,0.3
485.02930128334776,-21.632430799858003,10.349725539695722,2,0.3
488.40294686739946,-21.62539166333761,10.412971876756007,2,0.3
491.8000580121847,-21.618230737241007,10.47667931186543,2,0.3
495.2207979335857,-21.611000400605647,10.540481170255548,2,0.3
498.665330982741,-21.6036831693958,10.60448726186026,2,0.3
502.1338226539417,-21.59625445516709,10.668859333923217,2,0.3
505.62643959258287,-21.588738841714907,10.733417643336484,2,0.3
509.14334960316967,-21.581125832668853,10.798225821995395,2,0.3
512.68472165738,-21.573419026548663,10.86324884435348,2,0.3
516.2507259021829,-21.56561500320448,10.928500869840663,2,0.3
519.841533668013,-21.557724527948636,10.99389457087858,2,0.3
523.4573174770023,-21.549715883802506,11.059646855273803,2,0.3
527.0982510512695,-21.541606949177336,11.125619810835166,2,0.3
530.7645093212655,-21.53340863558391,11.191723191775147,2,0.3
534.4562684341794,-21.52511056485632,11.258020666813263,2,0.3
538.1737057624005,-21.51668803488072,11.324682660859423,2,0.3
541.9169999120409,-21.508180637450263,11.391407181097673,2,0.3
545.6863307315159,-21.499549398235573,11.458470373446382,2,0.3
549.4818793201863,-21.490819762967362,11.525672230415461,2,0.3
553.3038280370578,-21.481981415452566,11.593077342407536,2,0.3
557.1523605095437,-21.47303842695799,11.660642814050362,2,0.3
561.027661642287,-21.46398049384786,11.728433981348637,2,0.3
564.9299176260438,-21.454797278204623,11.796517702189416,2,0.3
568.8593159466297,-21.445514661873037,11.864684067302969,2,0.3
572.8160453939274,-21.436115178147297,11.933053204031095,2,0.3
576.8002960709567,-21.42660310782931,12.001578969777109,2,0.3
580.8122594030085,-21.416968222784458,12.070327266772836,2,0.3
584.8521281468421,-21.407214875504785,12.1392510200422,2,0.3
588.920096399946,-21.3973401758344,12.208359117211982,2,0.3
593.0163596098636,-21.38734859453247,12.277602285822645,2,0.3
597.1411145835832,-21.37722997881375,12.347046445124146,2,0.3
601.2945594969942,-21.367003615009157,12.41652350091228,2,0.3
605.4768939044083,-21.356622536219902,12.486393928553838,2,0.3
609.688318748147,-21.346143032976265,12.55619202804852,2,0.3
613.9290363681965,-21.335510675360986,12.626340596048959,2,0.3
618.1992505119288,-21.324767240764835,12.69648675541418,2,0.3
622.4991663438906,-21.31390277495319,12.766694177832294,2,0.3
626.8289904556613,-21.302884882544888,12.837212283860776,2,0.3
631.1889308757782,-21.29175576674079,12.90767864265092,2,0.3
635.5791970797316,-21.28046804637679,12.978467687499263,2,0.3
640.0000000000289,-21.269064183760502,13.049211324857506,2,0.3
644.4515520363291,-21.25751171628737,13.120162408225339,2,0.3
648.9340670656479,-21.24583836912044,13.191071638569644,2,0.3
653.4477604526332,-21.234011591505,13.262194872399263,2,0.3
657.9928490599125,-21.22204412384405,13.33340772839699,2,0.3
662.5695512585116,-21.20994127152459,13.404646901339511,2,0.3
667.178086938348,-21.19768554956164,13.476043273763668,2,0.3
671.8186775187937,-21.185282300518825,13.547533380296784,2,0.3
676.4915459593144,-21.17272930156595,13.619117961208055,2,0.3
681.1969167701814,-21.160039742035792,13.690663739366354,2,0.3
685.935016023259,-21.147188441421562,13.762369895340239,2,0.3
690.7060713628651,-21.134211867924996,13.833898593564367,2,0.3
695.5103120167091,-21.121069393902676,13.905584794675008,2,0.3
700.3479688069056,-21.107758877958386,13.97742889664797,2,0.3
705.2192741610634,-21.094309397264933,14.049153966161354,2,0.3
710.1244621234536,-21.080695668814876,14.120963002133104,2,0.3
715.0637683662537,-21.066915702019116,14.192853790655448,2,0.3
720.0374302008713,-21.052991131562536,14.264611534244358,2,0.3
725.0456865893448,-21.038888677352627,14.336513611249433,2,0.3
730.0887781558251,-21.02463801624909,14.40827112488715,2,0.3
735.1669471981365,-21.010229552770614,14.479947847998844,2,0.3
740.2804376994185,-20.995645668783162,14.551681857524226,2,0.3
745.4294953398465,-20.980892537852846,14.623395056172983,2,0.3
750.6143675084376,-20.965960441839265,14.695154398397182,2,0.3
755.8353033149348,-20.950879770768495,14.766656870316751,2,0.3
761.0925536017771,-20.935600741105493,14.838338983728848,2,0.3
766.3863709561504,-20.920178119502857,14.909669558024003,2,0.3
771.717009722123,-20.904578184123448,14.98093700050315,2,0.3
777.0847260128666,-20.8887668224609,15.052437735798486,2,0.3
782.4897777229608,-20.87280754029247,15.123552434324521,2,0.3
787.9324245407837,-20.856674593743882,15.194496762435502,2,0.3
793.412927960989,-20.84033371713093,15.26557045466848,2,0.3
798.9315512970695,-20.82383275658513,15.336295082141486,2,0.3
804.4885596940084,-20.807137455092516,15.406970371098232,2,0.3
810.0842201410177,-20.790246372341112,15.477585341243136,2,0.3
815.7188014843666,-20.773183125902648,15.547887446986733,2,0.3
821.392574440298,-20.755921492456526,15.618102179869592,2,0.3
827.1058116080346,-20.738468532042678,15.688135357659778,2,0.3
832.8587874828772,-20.720839897139722,15.757807835466934,2,0.3
838.6517784693928,-20.703000725973077,15.827431086131165,2,0.3
844.4850628946929,-20.68497517715141,15.896742659920616,2,0.3
850.3589210218082,-20.66674516970896,15.96589157734487,2,0.3
856.2736350631529,-20.648318092435165,16.034777690019858,2,0.3
862.2294891940834,-20.62969290263066,16.103382858337884,2,0.3
868.226769566552,-20.610885863809653,16.17151701809106,2,0.3
874.2657643228554,-20.591844196741103,16.239674547359936,2,0.3
880.3467636094787,-20.572610073198728,16.307408371988267,2,0.3
886.4700595910348,-20.553156478438307,16.374958322802513,2,0.3
892.635946464303,-20.533517448655022,16.441954260759026,2,0.3
898.844720472362,-20.51366593773817,16.508636505006503,2,0.3
905.096679918825,-20.493601052552812,16.574984113591245,2,0.3
911.3921251821704,-20.47330415158349,16.641155481982295,2,0.3
917.7313587301744,-20.45281883884419,16.706678909375643,2,0.3
924.1146851344428,-20.432090858363786,16.772073385767705,2,0.3
930.5424110850445,-20.411164164374064,16.836861316175145,2,0.3
937.0148454052463,-20.390011136448617,16.90129220077295,2,0.3
943.5322990663512,-20.36864007963626,16.96524963096923,2,0.3
950.0950852026382,-20.34703209412597,17.028895645060206,2,0.3
956.7035191264079,-20.325232236925462,17.091734666073293,2,0.3
963.3579183431307,-20.30318501239637,17.154305036365272,2,0.3
970.0586025667028,-20.280908059224338,17.216392889437152,2,0.3
976.8058937348063,-20.258419408356474,17.277778200435996,2,0.3
983.6001160243768,-20.235690701807414,17.33872140189624,2,0.3
990.4415958671789,-20.21273069550649,17.39909832073868,2,0.3
997.3306619654895,-20.189538919264244,17.458880002544806,2,0.3
1004.267645307891,-20.166105444345273,17.51813618774032,2,0.3
1011.2528791851732,-20.142429740575444,17.576838540527778,2,0.3
1018.2866992063468,-20.1185305179892,17.63475622536084,2,0.3
1025.3694433147675,-20.09437867906196,17.69215989285603,2,0.3
1032.5014518043733,-20.069993071507568,17.7488164577119,2,0.3
1039.6830673360337,-20.04535398222423,17.80489849597542,2,0.3
1046.9146349540124,-20.02050016576648,17.859960872078304,2,0.3
1054.1965021025467,-19.995382530007074,17.91448672827624,2,0.3
1061.5290186425389,-19.97001044414061,17.968341533910888,2,0.3
1068.9125368683667,-19.944403508449668,18.02128095940481,2,0.3
1076.347411524809,-19.918531678899946,18.073587888895062,2,0.3
1083.8339998240897,-19.892414704826372,18.125015664622715,2,0.3
1091.37266146304,-19.866052555224936,18.175527408660777,2,0.3
1098.9637586403808,-19.839424844553864,18.225303678163023,2,0.3
1106.607656074124,-19.812541550024825,18.274200729722722,2,0.3
1114.3047210190957,-19.785412938312742,18.322070894634567,2,0.3
1122.0553232845823,-19.757987248900925,18.369431487046082,2,0.3
1129.859835252096,-19.730336927640472,18.415467423514595,2,0.3
1137.7186318932681,-19.70243109632186,18.460471381461115,2,0.3
1145.6320907878635,-19.67424874521023,18.504630928494443,2,0.3
1153.600592141922,-19.64578968444815,18.547909868332475,2,0.3
1161.6245188060257,-19.617075202378256,18.59004011245674,2,0.3
1169.704256293693,-19.588105615252754,18.63097891799237,2,0.3
1177.840192799901,-19.55884873455585,18.671034340920787,2,0.3
1186.032719219736,-19.52932621403538,18.709933345625586,2,0.3
1194.2822291671753,-19.499549332697235,18.747514250234804,2,0.3
1202.5891189939975,-19.469452210997726,18.78444946130185,2,0.3
1210.9537878088256,-19.439123316283723,18.819742366148482,2,0.3
1219.3766374963034,-19.408518886826887,18.85382585069801,2,0.3
1227.8580727364024,-19.37762791488482,18.886778674465887,2,0.3
1236.3985010238666,-19.34645051845282,18.918559017234486,2,0.3
1244.9983326877905,-19.3150097932866,18.948875980195062,2,0.3
1253.657980911332,-19.283283370066062,18.977930782355834,2,0.3
1262.377861751566,-19.2512599154976,19.00580499139984,2,0.3
1271.1583941594727,-19.218962951784683,19.03220248127428,2,0.3
1280.0000000000673,-19.1863813499683,19.057202219485827,2,0.3
1288.9031040726677,-19.153527473367234,19.080628642337132,2,0.3
1297.8681341313059,-19.120378185217074,19.10269033302896,2,0.3
1306.8955209052763,-19.086921765796742,19.123471889550604,2,0.3
1315.9856981198345,-19.053194815128442,19.142535058304308,2,0.3
1325.1391025170333,-19.019198360299214,19.159826590405935,2,0.3
1334.3561738767062,-18.98488412860332,19.175825595881765,2,0.3
1343.6373550375972,-18.95027704075707,19.190219820672798,2,0.3
1352.9830919186386,-18.91537777378321,19.202958993777106,2,0.3
1362.393833540373,-18.880212362738092,19.213719522970326,2,0.3
1371.8700320465282,-18.844693030599736,19.223403791569712,2,0.3
1381.4121427257405,-18.808934771646662,19.23072997518401,2,0.3
1391.0206240334287,-18.772875048119438,19.236328142574852,2,0.3
1400.6959376138216,-18.736475418280392,19.240566855118637,2,0.3
1410.4385483221372,-18.69982792902822,19.242414266819925,2,0.3
1420.2489242469178,-18.66284181073078,19.24279974849573,2,0.3
1430.1275367325184,-18.625570622089697,19.241105078625804,2,0.3
1440.0748604017533,-18.588002249265138,19.237415855988075,2,0.3
1450.0913731787002,-18.55012420549037,19.231820803182845,2,0.3
1460.177556311661,-18.511951119116976,19.224119311866446,2,0.3
1470.3338943962842,-18.473456562529634,19.2145475710082,2,0.3
1480.560875398848,-18.434697206046174,19.20245911426071,2,0.3
1490.8589906797042,-18.395590557962887,19.18868366673877,2,0.3
1501.2287350168863,-18.356193714218175,19.172570761618953,2,0.3
1511.670606629881,-18.31650837751074,19.154058103527362,2,0.3
1522.1851072035656,-18.27652184130969,19.13323497276297,2,0.3
1532.772741912312,-18.236191655314393,19.11050127769491,2,0.3
1543.4340194442575,-18.19554778759278,19.085495162122296,2,0.3
1554.1694520257447,-18.154651273579496,19.05753343443517,2,0.3
1564.9795554459333,-18.1133996581847,19.02764077254408,2,0.3
1575.8648490815792,-18.07185404938701,18.99513305445605,2,0.3
1586.8258559219898,-18.030031870487324,18.959784981639125,2,0.3
1597.863102594151,-17.98787363382322,18.922167117549673,2,0.3
1608.9771193880288,-17.945395940476438,18.882059878279602,2,0.3
1620.1684402820476,-17.902616107186653,18.839238195979483,2,0.3
1631.4376029687455,-17.859536196701043,18.793635106711807,2,0.3
1642.7851488806082,-17.816142233221516,18.745347378401448,2,0.3
1654.2116232160815,-17.772436039923413,18.694309335617177,2,0.3
1665.7175749657672,-17.728436062931664,18.64028715146786,2,0.3
1677.303556938798,-17.684111536297287,18.583546058027956,2,0.3
1688.9701257893985,-17.639497843600584,18.523681818353655,2,0.3
1700.7178420436294,-17.594563791046586,18.46096211404681,2,0.3
1712.5472701263188,-17.54929409630335,18.395491113451428,2,0.3
1724.4589783881795,-17.503777272906486,18.326339057516215,2,0.3
1736.453539133117,-17.457912226104547,18.254466656942977,2,0.3
1748.531528645724,-17.411771301079103,18.17910894893437,2,0.3
1760.6935272189705,-17.36530421179718,18.100716221187422,2,0.3
1772.940119182083,-17.318513008206242,18.01921888366531,2,0.3
1785.2718929286193,-17.271455046728313,17.934009619627727,2,0.3
1797.6894409447373,-17.224097331083115,17.84536591561299,2,0.3
1810.1933598376636,-17.176424190255535,17.753392407571074,2,0.3
1822.7842503643546,-17.128438291835252,17.65801490445154,2,0.3
1835.4627174603627,-17.08016171504427,17.558974357256606,2,0.3
1848.2293702688994,-17.03161760830284,17.456005686265907,2,0.3
1861.0848221701028,-16.982771115701368,17.34939609912494,2,0.3
1874.0296908105065,-16.933585739521707,17.239441309772786,2,0.3
1887.0645981327166,-16.884164532029715,17.125125713061973,2,0.3
1900.190170405291,-16.834411307173852,17.007305818214697,2,0.3
1913.4070382528298,-16.784390592820905,16.885333369589254,2,0.3
1926.715836686276,-16.73406547780211,16.759505295343878,2,0.3
1940.1172051334202,-16.68350316667966,16.629159885917645,2,0.3
1953.611787469627,-16.63260263744141,16.495176765279226,2,0.3
1967.2002320487684,-16.581474976989263,16.3564999838478,2,0.3
1980.8831917343723,-16.52999500818558,16.21421595496981,2,0.3
1994.661323930994,-16.478298422623027,16.067059362146086,2,0.3
2008.535290615797,-16.426347451809022,15.915330619217197,2,0.3
2022.5057583703617,-16.374079518102487,15.759539342172456,2,0.3
2036.573398412709,-16.321613909369294,15.59859286146982,2,0.3
2050.7388866295505,-16.26884174443032,15.433404568768244,2,0.3
2065.0029036087626,-16.215838372411326,15.263275902016835,2,0.3
2079.366134672083,-16.16261094828302,15.088109269730092,2,0.3
2093.8292699080407,-16.109069459184337,14.908632743968099,2,0.3
2108.3930042051093,-16.055366099397656,14.723513068365804,2,0.3
2123.0580372850936,-16.00138584944365,14.533687285795688,2,0.3
2137.82507373675,-15.947185019630915,14.338642991800057,2,0.3
2152.6948230496346,-15.892720092127197,14.138702792251935,2,0.3
2167.6679996481957,-15.83802333421479,13.933559672112587,2,0.3
2182.7453229260964,-15.783181619279983,13.722473471386127,2,0.3
2197.927517280778,-15.728072228364464,13.50640763758718,2,0.3
2213.2153121482643,-15.672864333036742,13.283972046226921,2,0.3
2228.6094420382083,-15.617350907137965,13.05678672312073,2,0.3
2244.1106465691814,-15.561704180756912,12.823452653418393,2,0.3
2259.7196705042093,-15.505879503940513,12.58429680866617,2,0.3
2275.4372637865536,-15.449800839441703,12.339873790921134,2,0.3
2291.2641815757443,-15.393708182280383,12.08831661706598,2,0.3
2307.2011842838615,-15.337382415389389,11.83127965818623,2,0.3
2323.2490376120686,-15.280951272524648,11.567770604616145,2,0.3
2339.4085125874035,-15.224306547674761,11.29857339821286,2,0.3
2355.6803855998196,-15.167611194249204,11.022461039835859,2,0.3
2372.0654384394898,-15.110724624055305,10.740446548085423,2,0.3
2388.5644583343683,-15.053815296025501,10.451292192681432,2,0.3
2405.178237988013,-14.996771503567764,10.155791050321735,2,0.3
2421.9075756176694,-14.939638132332764,9.85360688785043,2,0.3
2438.753274992625,-14.882495707420997,9.544170435775593,2,0.3
2455.716145472823,-14.825261014092991,9.228055863227747,2,0.3
2472.797002047752,-14.76801637182027,8.904692610042886,2,0.3
2489.9966653755996,-14.710640805142042,8.574892295435149,2,0.3
2507.3159618226828,-14.65335758188251,8.23715727821578,2,0.3
2524.755723503151,-14.596046102695768,7.892300501411408,2,0.3
2542.3167883189644,-14.538795519880303,7.539746164935797,2,0.3
2560.0000000001537,-14.481626466312072,7.179381765254363,2,0.3
2577.806208145355,-14.424411100494808,6.812031383566866,2,0.3
2595.736268262631,-14.367278659202004,6.436885959362854,2,0.3
2613.7910418105726,-14.310250493359762,6.0538364324063725,2,0.3
2631.971396239689,-14.253387812424483,5.6625399796993126,2,0.3
2650.2782050340866,-14.196636177087466,5.263359550318879,2,0.3
2668.7123477534324,-14.13997752313406,4.85642587056307,2,0.3
2687.274710075215,-14.083473830889083,4.441400820282637,2,0.3
2705.9661838372976,-14.027190327665853,4.017947545856866,2,0.3
2724.7876670807664,-13.97123763208699,3.585496258915022,2,0.3
2743.740064093077,-13.915476302259078,3.144891083304419,2,0.3
2762.824285451502,-13.859930987818359,2.696037108436007,2,0.3
2782.0412480668783,-13.804671151845243,2.238607271098801,2,0.3
2801.391875227664,-13.749814345442173,1.7720446832739967,2,0.3
2820.8770966442953,-13.695212753091537,1.297200919821935,2,0.3
2840.4978484938565,-13.641076355365186,0.8130595182807966,2,0.3
2860.2550734650586,-13.587300548227908,0.32024357667142306,2,0.3
2880.1497208035285,-13.53410458527475,-0.1822476853931932,2,0.3
2900.1827463574223,-13.481287869342895,-0.6933217563777045,2,0.3
2920.355112623344,-13.428880319304625,-1.2130467102512956,2,0.3
2940.6677887925907,-13.377110185849542,-1.7423998801795515,2,0.3
2961.121750797718,-13.325817288749493,-2.28051691380131,2,0.3
2981.717981359431,-13.275135756464284,-2.8279020940229387,2,0.3
3002.4574700337953,-13.225103284234027,-3.3845938091852705,2,0.3
3023.3412132597846,-13.175758447205304,-3.9506231323211556,2,0.3
3044.3702144071544,-13.12714067471999,-4.526013368953524,2,0.3
3065.545483824648,-13.079290219902,-5.110779599625836,2,0.3
3086.868038888538,-13.0322481243868,-5.704928218998223,2,0.3
3108.338904051513,-12.986001062094385,-6.308241400427756,2,0.3
3129.9591108918903,-12.940533493083198,-6.920500758854147,2,0.3
3151.7296981631816,-12.895997332718142,-7.542119545572492,2,0.3
3173.651711844004,-12.852493627137026,-8.173274002712333,2,0.3
3195.726205188326,-12.809836721863505,-8.813092814365689,2,0.3
3217.954238776082,-12.768358615542494,-9.462558857823948,2,0.3
3240.3368805641194,-12.727811427814252,-10.120592738680148,2,0.3
3262.8752059375156,-12.688535140234325,-10.788125865554676,2,0.3
3285.570297761241,-12.650275243651736,-11.464085044347204,2,0.3
3308.4232464321876,-12.613194464563467,-12.148777450815833,2,0.3
3331.435149931559,-12.577461295721793,-12.842470973545845,2,0.3
3354.607113877621,-12.542934743565235,-13.544480617310851,2,0.3
3377.9402515788224,-12.50978384908817,-14.255044412075904,2,0.3
3401.4356840872842,-12.477989807698373,-14.97383359490375,2,0.3
3425.094540252663,-12.447595809515377,-15.700692064931276,2,0.3
3448.9179567763854,-12.41871028291246,-16.435615843504678,2,0.3
3472.9070782662598,-12.391112137535146,-17.177765209064194,2,0.3
3497.0630572914743,-12.365238838749237,-17.927922791104997,2,0.3
3521.387054437968,-12.340799046928634,-18.685079968451973,2,0.3
3545.880238364193,-12.317897158322417,-19.449189916876033,2,0.3
3570.543785857265,-12.296845100073629,-20.220597398634478,2,0.3
3595.378881889502,-12.277339416549555,-20.998327667971246,2,0.3
3620.3867196753545,-12.259622567406716,-21.782542941205566,2,0.3
3645.5685007287366,-12.243590564174927,-22.572703552655835,2,0.3
3670.9254349207527,-12.22927539701901,-23.368541040020016,2,0.3
3696.458740537827,-12.216778786215963,-24.169889683092098,2,0.3
3722.1696443402334,-12.206274287472205,-24.976657427032695,2,0.3
3748.0593816210417,-12.197432234859946,-25.787982929517185,2,0.3
3774.129196265462,-12.19056526380312,-26.603975002001985,2,0.3
3800.3803408106105,-12.185553115066593,-27.42410051917253,2,0.3
3826.8140765056887,-12.182490080104131,-28.248116600931503,2,0.3
3853.43167337258,-12.181469605211596,-29.075747793731058,2,0.3
3880.2344102668694,-12.18221501304649,-29.90633585339473,2,0.3
3907.223574939284,-12.185109351820195,-30.739892450064772,2,0.3
3934.400464097566,-12.18979560578812,-31.57572433384245,2,0.3
3961.7663834687746,-12.196580117536088,-32.413719108950595,2,0.3
3989.322647862018,-12.205471375882695,-33.253480838447814,2,0.3
4017.070581231624,-12.216101390831808,-34.094426541089454,2,0.3
4045.011516740754,-12.228920712111533,-34.93643908407879,2,0.3
4073.1467968254487,-12.243705468177001,-35.77902853516844,2,0.3
4101.477773259132,-12.260378281913377,-36.62182017243135,2,0.3
4130.005807217556,-12.279234203225148,-37.4645183697936,2,0.3
4158.732269344197,-12.299816313658333,-38.30668948581543,2,0.3
4187.658539816113,-12.32256481365046,-39.1480243003256,2,0.3
4216.78600841025,-12.3471680947345,-39.98815800763568,2,0.3
4246.116074570219,-12.373761797552314,-40.82673801704517,2,0.3
4275.650147473531,-12.402180232100937,-41.66345797809912,2,0.3
4305.389646099301,-12.432703171724214,-42.49789270797878,2,0.3
4335.335999296423,-12.46486347723707,-43.32988284151662,2,0.3
4365.4906458522255,-12.49915860729992,-44.15887872383018,2,0.3
4395.8550345615895,-12.535045620048258,-44.98484576339076,2,0.3
4426.430624296562,-12.572941724388997,-45.80721928808316,2,0.3
4457.21888407645,-12.612378090440298,-46.62603032844577,2,0.3
4488.2212931383965,-12.653547083898545,-47.44086204437085,2,0.3
4519.439341008452,-12.696490997351141,-48.25138195505304,2,0.3
4550.874527573141,-12.741177272091036,-49.05732457037368,2,0.3
4582.528363151522,-12.787500367387413,-49.85852130862991,2,0.3
4614.402368567757,-12.83528396209797,-50.65492867775449,2,0.3
4646.498075224173,-12.884708497318723,-51.44608052492441,2,0.3
4678.817025174842,-12.935737222340041,-52.23176034661258,2,0.3
4711.360771199674,-12.988262656173362,-53.01187081860518,2,0.3
4744.130876879015,-13.04210914887311,-53.78645922441146,2,0.3
4777.128916668773,-13.09744922693745,-54.55504338451289,2,0.3
4810.356475976061,-13.154106960857847,-55.31769917062258,2,0.3
4843.815151235375,-13.21218181809688,-56.07404973301912,2,0.3
4877.506549985286,-13.27149947681445,-56.824214009569445,2,0.3
4911.432290945683,-13.332090233569975,-57.56795460041489,2,0.3
4945.594004095541,-13.3940483975587,-58.3048887318758,2,0.3
4979.9933307512365,-13.457069945355002,-59.03547009972683,2,0.3
5014.631923645403,-13.521055421067597,-59.75978757860027,2,0.3
5049.511447006339,-13.586294824126872,-60.47704911696356,2,0.3
5084.633576637967,-13.652747309949419,-61.187169201373486,2,0.3
5120.000000000346,-13.719992816856072,-61.89102276604684,2,0.3
5155.612416290749,-13.788315365920097,-62.58780097051942,2,0.3
5191.4725365253,-13.857615121310822,-63.27762422502948,2,0.3
5227.582083621183,-13.927733831683405,-63.9608032926136,2,0.3
5263.942792479418,-13.998761941140526,-64.636997336249,2,0.3
5300.556410068212,-14.070785549854348,-65.30584876296116,2,0.3
5337.424695506905,-14.14346968221218,-65.9682228627567,2,0.3
5374.54942015047,-14.217022728141458,-66.62343195465947,2,0.3
5411.932367674636,-14.291119278376616,-67.27239022121114,2,0.3
5449.575334161574,-14.366139003267266,-67.91385478254855,2,0.3
5487.480128186196,-14.441760507347794,-68.54876196838669,2,0.3
5525.648570903045,-14.518070479074455,-69.17677757901635,2,0.3
5564.082496133798,-14.595039845729225,-69.79793680617084,2,0.3
5602.78375045537,-14.672474888854026,-70.41285864309368,2,0.3
5641.754193288633,-14.750571845777007,-71.0208257684238,2,0.3
5680.995696987757,-14.829086541878349,-71.62266747613826,2,0.3
5720.51014693016,-14.908265158155809,-72.21746066971107,2,0.3
5760.2994416071,-14.987920902498619,-72.80585098476767,2,0.3
5800.365492714889,-15.067875104260928,-73.38850621452109,2,0.3
5840.710225246731,-15.14836898000636,-73.96449275295465,2,0.3
5881.335577585225,-15.229276282662497,-74.53427902557031,2,0.3
5922.243501595481,-15.310576916118535,-75.09793614075043,2,0.3
5963.435962718906,-15.392301253102936,-75.65533097079594,2,0.3
6004.914940067636,-15.474281553791869,-76.20715663450466,2,0.3
6046.682426519615,-15.556746208139751,-76.75245464132404,2,0.3
6088.740428814354,-15.639432980369934,-77.29233929467925,2,0.3
6131.090967649341,-15.722423688299932,-77.82647477566884,2,0.3
6173.736077777122,-15.805561970306828,-78.3555720712909,2,0.3
6216.6778081030725,-15.889161908216597,-78.87823900550072,2,0.3
6259.918221783827,-15.972927848673582,-79.3958192537623,2,0.3
6303.4593963264115,-16.056939712340398,-79.90797274677155,2,0.3
6347.303423688055,-16.141050216612783,-80.41541912809568,2,0.3
6391.4524103767,-16.22556071213761,-80.91675114396443,2,0.3
6435.9084775522115,-16.310190999700158,-81.4133268583355,2,0.3
6480.673761128287,-16.395019031821228,-81.90480195801719,2,0.3
6525.750411875079,-16.479991291645288,-82.39147166239617,2,0.3
6571.140595522531,-16.565098932611612,-82.8734174210317,2,0.3
6616.846492864425,-16.6503335908601,-83.35072004662268,2,0.3
6662.870299863169,-16.735687368599145,-83.82345965059167,2,0.3
6709.214227755292,-16.821274817731314,-84.29107162912038,2,0.3
6755.880503157695,-16.906964077308974,-84.75427833167421,2,0.3
6802.871368174619,-16.992629438489516,-85.21380175387092,2,0.3
6850.189080505378,-17.078543756715444,-85.66821631220887,2,0.3
6897.835913552822,-17.16446292214127,-86.11888597455858,2,0.3
6945.814156532571,-17.2505377051307,-86.56502772153569,2,0.3
6994.126114583001,-17.33657083703452,-87.00778763746806,2,0.3
7042.774108875988,-17.42282394735714,-87.44573898805483,2,0.3
7091.760476728439,-17.509065200850745,-87.88023908698466,2,0.3
7141.087571714584,-17.59532977985241,-88.31114395980862,2,0.3
7190.757763779057,-17.681723842518533,-88.7378827733365,2,0.3
7240.773439350762,-17.768134085420254,-89.16116485431236,2,0.3
7291.137001457528,-17.85462937813716,-89.58063158899158,2,0.3
7341.850869841561,-17.94110067118525,-89.9969872633585,2,0.3
7392.917481075709,-18.027651514687015,-90.40965928207335,2,0.3
7444.339288680522,-18.11420993446358,-90.81913587697271,2,0.3
7496.118763242139,-18.200842589847174,-91.22505663492286,2,0.3
7548.258392530979,-18.28741262209914,-91.62832712491902,2,0.3
7600.760681621277,-18.374120139053353,-92.02774293335271,2,0.3
7653.628153011434,-18.460862168243406,-92.42399678984998,2,0.3
7706.863346745218,-18.54754035771012,-92.8177746326817,2,0.3
7760.468820533797,-18.634220784507775,-93.2087117909237,2,0.3
7814.447149878626,-18.720966809578886,-93.5964464062052,2,0.3
7868.800928195191,-18.807745272072353,-93.98124256134312,2,0.3
7923.532766937609,-18.894524563857587,-94.36336110638715,2,0.3
7978.645295724095,-18.98124394521186,-94.74326601335594,2,0.3
8034.141162463309,-19.06799691449286,-95.12038597003003,2,0.3
8090.023033481568,-19.154813179854685,-95.4945660914862,2,0.3
8146.293593650958,-19.2415730500488,-95.86667642026485,2,0.3
8202.955546518326,-19.328426053121696,-96.23573932945915,2,0.3
8260.011614435174,-19.415225297687012,-96.6028232316438,2,0.3
8317.464538688457,-19.50208864564887,-96.96715737642889,2,0.3
8375.317079632288,-19.588873422617496,-97.32980001976532,2,0.3
8433.572016820564,-19.675667973871903,-97.69018301792279,2,0.3
8492.232149140504,-19.76252929277601,-98.04794581822125,2,0.3
8551.300294947127,-19.849429526041618,-98.40333295641388,2,0.3
8610.779292198666,-19.936287580621688,-98.75698462516591,2,0.3
8670.671998592914,-20.023133687898365,-99.1087363367039,2,0.3
8730.981291704516,-20.109996976706718,-99.45842530857175,2,0.3
8791.710069123244,-20.19685267960319,-99.80628569607217,2,0.3
8852.86124859319,-20.283781736820817,-100.15176044159455,2,0.3
8914.437768152968,-20.370654884709367,-100.49586951686281,2,0.3
8976.44258627686,-20.45762997669491,-100.83746756422178,2,0.3
9038.878682016972,-20.544579689598947,-101.17756804852185,2,0.3
9101.74905514635,-20.6315074170941,-101.51619908719402,2,0.3
9165.056726303115,-20.71844139320095,-101.85319454399901,2,0.3
9228.804737135582,-20.805482654407555,-102.18781212346707,2,0.3
9292.996150448414,-20.892460387264155,-102.52143217835619,2,0.3
9357.634050349754,-20.97947590607216,-102.85331018392766,2,0.3
9422.721542399418,-21.06650726403082,-103.18366516206267,2,0.3
9488.261753758103,-21.153580758750405,-103.5123328057494,2,0.3
9554.257833337617,-21.240674936519916,-103.83952929299865,2,0.3
9620.712951952195,-21.32776927468032,-104.1654672642774,2,0.3
9687.630302470823,-21.414890058435915,-104.48998033768163,2,0.3
9755.013099970645,-21.50206265425617,-104.81290432333248,2,0.3
9822.864581891441,-21.58926651688681,-105.13444988514578,2,0.3
9891.188008191157,-21.676459685722264,-105.45500980742759,2,0.3
9959.98666150255,-21.763756451838706,-105.7736763163045,2,0.3
10029.26384729088,-21.85107002650113,-106.09121291199247,2,0.3
10099.022894012754,-21.938381975844273,-106.40782069262396,2,0.3
10169.26715327601,-22.02576045777377,-106.72296635290346,2,0.3
10240.000000000768,-22.113164907647693,-107.0370347625976,2,0.3
10311.224832581574,-22.200619500970426,-107.34986058642419,2,0.3
10382.945073050678,-22.288147581413806,-107.66128081570047,2,0.3
10455.164167242447,-22.375647812305086,-107.9722141488912,2,0.3
10527.885584958914,-22.46328860372158,-108.28123515633622,2,0.3
10601.112820136505,-22.550908000624688,-108.58979626596756,2,0.3
10674.849391013888,-22.63859098130905,-108.89719352237759,2,0.3
10749.098840301021,-22.726379679088986,-109.20308796541872,2,0.3
10823.864735349352,-22.81415716794053,-109.50855667609576,2,0.3
10899.15066832323,-22.902006032229085,-109.81290285937662,2,0.3
10974.960256372473,-22.98994788939111,-110.11596541131166,2,0.3
11051.297141806172,-23.077965316365873,-110.41793411335964,2,0.3
11128.16499226768,-23.165984674349044,-110.7195161702712,2,0.3
11205.567500910824,-23.25408546975766,-111.02002442012227,2,0.3
11283.508386577352,-23.34228849122931,-111.31929895073722,2,0.3
11361.991393975597,-23.43050311610334,-111.61821101059974,2,0.3
11441.020293860403,-23.518843179110895,-111.91573916963965,2,0.3
11520.598883214287,-23.607237293941385,-112.21257902934278,2,0.3
11600.730985429864,-23.695706453997353,-112.50856785293217,2,0.3
11681.420450493551,-23.784253163854785,-112.80371403196466,2,0.3
11762.671155170538,-23.87287988851226,-113.09802563462324,2,0.3
11844.48700319105,-23.96157159724833,-113.39167774570019,2,0.3
11926.871925437901,-24.05036574752646,-113.6843424666258,2,0.3
12009.82988013536,-24.139229929302395,-113.97636093138334,2,0.3
12093.36485303932,-24.228200882361573,-114.2674073771308,2,0.3
12177.4808576288,-24.31724674881079,-114.55781964623891,2,0.3
12262.181935298773,-24.40637021471788,-114.84760201622613,2,0.3
12347.472155554336,-24.495606962509537,-115.13643196174294,2,0.3
12433.355616206238,-24.584909561904436,-115.42480508300858,2,0.3
12519.836443567749,-24.674329679032763,-115.71223708503506,2,0.3
12606.918792652916,-24.76383677323678,-115.99905779088814,2,0.3
12694.606847376202,-24.853449231583514,-116.28510963860126,2,0.3
12782.904820753494,-24.94315324315796,-116.57055738339108,2,0.3
12871.816955104521,-25.03296681594923,-116.85524433828732,2,0.3
12961.347522256672,-25.122876341216283,-117.13933349725893,2,0.3
13051.500823750257,-25.21289945410149,-117.42266906418843,2,0.3
13142.28119104516,-25.303022743341415,-117.70541230369018,2,0.3
13233.69298572895,-25.393248393839617,-117.98756499872997,2,0.3
13325.740599726436,-25.483623384483444,-118.26866067167067,2,0.3
13418.428455510686,-25.574074532103396,-118.54948344298452,2,0.3
13511.761006315492,-25.664648731082934,-118.82956646442261,2,0.3
13605.74273634934,-25.755333043051788,-119.10906681100296,2,0.3
13700.378161010858,-25.84612943115763,-119.3879853670437,2,0.3
13795.671827105747,-25.937054095130037,-119.66617004510671,2,0.3
13891.628313065248,-26.02810851983984,-119.9436233208516,2,0.3
13988.252229166108,-26.11928012905661,-120.2204990420141,2,0.3
14085.548217752083,-26.21055681847176,-120.49694836225994,2,0.3
14183.520953456982,-26.30198202475969,-120.77251867958655,2,0.3
14282.175143429275,-26.393529408776992,-121.04751302828078,2,0.3
14381.515527558222,-26.48516007323615,-121.32237827629544,2,0.3
14481.546878701633,-26.57697053070042,-121.59606976655365,2,0.3
14582.274002915165,-26.66888123364544,-121.86948115761365,2,0.3
14683.70173968323,-26.760960220863748,-122.14187244341966,2,0.3
14785.834962151528,-26.853142732302047,-122.41398114441498,2,0.3
14888.678577361155,-26.945443857607433,-122.68565684260909,2,0.3
14992.23752648439,-27.03787816117537,-122.9567514978056,2,0.3
15096.516785062071,-27.130472372194802,-123.22697475918997,2,0.3
15201.521363242668,-27.223214558440656,-123.4964732527542,2,0.3
15307.256306022984,-27.316055874184944,-123.7658213702892,2,0.3
15413.726693490553,-27.409047942845426,-124.0344409517036,2,0.3
15520.93764106771,-27.502191633769524,-124.3023324136397,2,0.3
15628.894299757369,-27.59547567459488,-124.56963769270511,2,0.3
15737.6018563905,-27.688901202828916,-124.83635519113186,2,0.3
15847.065533875337,-27.782445546259527,-125.10276404970807,2,0.3
15957.29059144831,-27.8761575286682,-125.36829965245225,2,0.3
16068.282324926739,-27.970014180770985,-125.63324218645853,2,0.3
16180.046066963258,-28.064016488962622,-125.89758973215447,2,0.3
16292.587187302037,-28.158153951772785,-126.16147831019428,2,0.3
16405.911093036775,-28.25243914647093,-126.42476665307878,2,0.3
16520.023228870472,-28.346884186195673,-126.68731581193317,2,0.3
16634.92907737704,-28.441478461199424,-126.94926160608533,2,0.3
16750.634159264704,-28.536211747786282,-127.21073741860903,2,0.3
16867.144033641256,-28.6311069793435,-127.47146906662566,2,0.3
16984.464298281135,-28.72613211118304,-127.731859331038,2,0.3
17102.600589894384,-28.821331343483774,-127.99136676973454,2,0.3
17221.558584397462,-28.91668349207687,-128.25025900597697,2,0.3
17341.343997185955,-29.012168150647145,-128.5087989228621,2,0.3
17461.962583409164,-29.107828202074636,-128.7664519693928,2,0.3
17583.42013824662,-29.203622329255552,-129.0237451868371,2,0.3
17705.72249718651,-29.299602778196224,-129.28001764384837,2,0.3
17828.875536306066,-29.395708411961373,-129.53605414577305,2,0.3
17952.885172553855,-29.49198069664018,-129.7913275510844,2,0.3
18077.75736403408,-29.588409847933185,-130.04596605895804,2,0.3
18203.498110292836,-29.68498643562267,-130.30009552924489,2,0.3
18330.113452606365,-29.781730611857753,-130.55345526491422,2,0.3
18457.609474271307,-29.878632791020095,-130.80617164416634,2,0.3
18585.99230089697,-29.975693292514094,-131.0582417936983,2,0.3
18715.26810069965,-30.072912406537927,-131.30966281746646,2,0.3
18845.44308479898,-30.170290394537666,-131.5604317985033,2,0.3
18976.523507516347,-30.26781820608815,-131.81067102811394,2,0.3
19108.51566667538,-30.365505510255687,-132.060251194205,2,0.3
19241.425903904536,-30.46336158611927,-132.30904523751525,2,0.3
19375.260604941792,-30.561377300535856,-132.557175405393,2,0.3
19510.026199941436,-30.659534923954098,-132.804884645092,2,0.3
19645.729163783028,-30.757870434604875,-133.05167695816678,2,0.3
19782.376016382463,-30.85634837013249,-133.29804009573746,2,0.3
19919.973323005244,-30.95500395641155,-133.54348253940083,2,0.3
20058.527694581913,-31.05381095581036,-133.78836681902973,2,0.3
20198.045788025658,-31.152786608866258,-134.03244790175256,2,0.3
20338.53430655217,-31.251913810012752,-134.27596367613543,2,0.3
20480.00000000169,-31.351209411455876,-134.51867133940954,2,0.3
20622.4496651633,-31.45064835320289,-134.7609250709203,2,0.3
20765.890146101516,-31.55026367631416,-135.00224672557272,2,0.3
20910.32833448505,-31.65003860370048,-135.2428714295565,2,0.3
21055.771169917985,-31.749956992642808,-135.48302990267405,2,0.3
21202.22564027317,-31.850050831473503,-135.72225064699657,2,0.3
21349.698782027936,-31.950303771363163,-135.96076550455098,2,0.3
21498.197680602203,-32.05072336076298,-136.19845630889486,2,0.3
21647.72947069887,-32.15127841133921,-136.43578041806302,2,0.3
21798.301336646622,-32.25201498844499,-136.6720452774188,2,0.3
21949.920512745113,-32.35289449587611,-136.90782076483177,2,0.3
22102.59428361251,-32.453924552660354,-137.14298769984666,2,0.3
22256.32998453553,-32.55513456016512,-137.37709161597382,2,0.3
22411.135001821818,-32.65649432046502,-137.61058235073273,2,0.3
22567.01677315487,-32.758010932291775,-137.84334404420076,2,0.3
22723.98278795137,-32.85968402845522,-138.0753738959196,2,0.3
22882.04058772098,-32.96152736827993,-138.30644844865898,2,0.3
23041.197766428744,-33.063519112557906,-138.5368975830763,2,0.3
23201.4619708599,-33.165652137121945,-138.76682623852162,2,0.3
23362.840900987278,-33.26795385609489,-138.99579356843566,2,0.3
23525.342310341253,-33.370416602875245,-139.22390831157605,2,0.3
23688.974006382276,-33.47303298582848,-139.45127709994924,2,0.3
23853.743850875984,-33.575782600922395,-139.67821876052795,2,0.3
24019.6597602709,-33.67871157782881,-139.9039796476589,2,0.3
24186.729706078822,-33.78178605951803,-140.1290940048051,2,0.3
24354.96171525778,-33.885012160756254,-140.35345218092718,2,0.3
24524.363870597732,-33.98838934110711,-140.57705170575395,2,0.3
24694.944311108862,-34.09192964071274,-140.79968111958746,2,0.3
24866.711232412665,-34.19560716852899,-141.02175712343842,2,0.3
25039.672887135683,-34.2994464005569,-141.24286034840452,2,0.3
25213.837585306024,-34.40343415158117,-141.46319749390668,2,0.3
25389.213694752598,-34.50756981830065,-141.68276627329024,2,0.3
25565.809641507185,-34.61185278522151,-141.9015644402071,2,0.3
25743.63391020923,-34.71627652172919,-142.1196911830099,2,0.3
25922.695044513537,-34.820858098582924,-142.33684015800276,2,0.3
26103.00164750071,-34.92559070846119,-142.55311269802212,2,0.3
26284.562382090517,-35.030462076668165,-142.76870796154137,2,0.3
26467.385971458098,-35.13548302411984,-142.98342369478937,2,0.3
26651.481199453076,-35.24065268569142,-143.197259436442,2,0.3
26836.856911021572,-35.34595360308981,-143.4105097157198,2,0.3
27023.522012631187,-35.45141278412228,-143.6226805237433,2,0.3
27211.485472698885,-35.5570181629608,-143.83396917078022,2,0.3
27400.75632202192,-35.662752801219376,-144.04466574079436,2,0.3
27591.3436542117,-35.76863220142132,-144.25447654914353,2,0.3
27783.256626130707,-35.87466068725607,-144.46330558955557,2,0.3
27976.504458332423,-35.98082165194085,-144.6714400522164,2,0.3
28171.096435504372,-36.08711964006514,-144.8787820052517,2,0.3
28367.04190691418,-36.19356401705063,-145.08514128128311,2,0.3
28564.35028685876,-36.30013367357351,-145.29089448337038,2,0.3
28763.031055116662,-36.40685786183696,-145.49547736810788,2,0.3
28963.093757403483,-36.51371068619747,-145.69935842176164,2,0.3
29164.548005830547,-36.62070121014557,-145.90235013908654,2,0.3
29367.403479366687,-36.72782370631745,-146.10454444694966,2,0.3
29571.669924303278,-36.835077388232975,-146.3059400275506,2,0.3
29777.35715472254,-36.942466138668955,-146.50644478068182,2,0.3
29984.475052969006,-37.049993623382505,-146.7059686081372,2,0.3
30193.03357012437,-37.15764501764014,-146.90478282260642,2,0.3
30403.042726485564,-37.26542870933069,-147.10270609089076,2,0.3
30614.512612046197,-37.37333926830429,-147.2998276678448,2,0.3
30827.45338698134,-37.48138912809808,-147.4958813032736,2,0.3
31041.875282135654,-37.589559558096774,-147.69122202491556,2,0.3
31257.788599514974,-37.69785420665637,-147.88575999321276,2,0.3
31475.203712781236,-37.806285048229384,-148.07923340957427,2,0.3
31694.13106775091,-37.9148255178966,-148.2721646282267,2,0.3
31914.581182896858,-38.02350857061802,-148.46386044878025,2,0.3
32136.564649853717,-38.132299695471225,-148.65501151238456,2,0.3
32360.09213392676,-38.24122292554412,-148.8451024264036,2,0.3
32585.17437460432,-38.35026090194856,-149.03447511407106,2,0.3
32811.8221860738,-38.4594288439228,-149.22279100161956,2,0.3
33040.04645774119,-38.56870977048649,-149.41038830664712,2,0.3
33269.85815475433,-38.678118527735,-149.5969322682549,2,0.3
33501.26831852966,-38.7876346650572,-149.7828401385774,2,0.3
33734.28806728276,-38.89727279784995,-149.96777954363566,2,0.3
33968.928596562524,-39.00702806616872,-150.15183454571707,2,0.3
34205.20117978902,-39.11689949674884,-150.33500602708924,2,0.3
34443.11716879519,-39.22687878965375,-150.51745663741423,2,0.3
34682.68799437217,-39.336983333802,-150.6987823893284,2,0.3
34923.92516681859,-39.44719388129403,-150.87938809904819,2,0.3
35166.8402764935,-39.557516785566534,-151.05911283183093,2,0.3
35411.44499437329,-39.66794757823263,-151.23803642024782,2,0.3
35657.7510726124,-39.77849576281947,-151.41592235160095,2,0.3
35905.77034510798,-39.88914987738207,-151.593008353415,2,0.3
36155.51472806843,-39.999905685944135,-151.76937112457705,2,0.3
36406.99622058595,-40.11078241033046,-151.94454438816555,2,0.3
36660.22690521301,-40.22175880545966,-152.11899398852592,2,0.3
36915.21894854289,-40.33283079958517,-152.29279246253913,2,0.3
37171.98460179422,-40.444016890644015,-152.4654778402947,2,0.3
37430.53620139958,-40.55531230269446,-152.63712530984637,2,0.3
37690.88616959824,-40.666699623201,-152.8081051506379,2,0.3
37953.04701503298,-40.77818641887813,-152.97817552748754,2,0.3
38217.03133335104,-40.88977533708787,-153.14716119265526,2,0.3
38482.85180780936,-41.00144342352306,-153.31537805492943,2,0.3
38750.521209883875,-41.113185752245755,-153.4822583650449,2,0.3
39020.05239988316,-41.2248789852281,-153.6480349802145,2,0.3
39291.458327566346,-41.3361294575547,-153.81536669214938,2,0.3
39564.752032765224,-41.448769858588214,-153.9857475070573,2,0.3
39839.94664601079,-41.561295895673574,-154.1487667607535,2,0.3
40117.05538916413,-41.6736556821352,-154.31118447420815,2,0.3
40396.09157605162,-41.78605049227936,-154.47302822115296,2,0.3
40677.068613104646,-41.89851548728782,-154.63400567822944,2,0.3
40960.00000000368,-42.011038932586274,-154.79406709652565,2,0.3
41244.899330326916,-42.12356064971331,-154.95276130390135,2,0.3
41531.78029220334,-42.23564009990862,-155.11096294138613,2,0.3
41820.65666897041,-42.3485742554326,-155.2774895517439,2,0.3
42111.54233983629,-42.462083685441186,-155.43372560213027,2,0.3
42404.45128054665,-42.57520934790136,-155.58926636611653,2,0.3
42699.3975640562,-42.68834493608165,-155.74434506504053,2,0.3
42996.39536120473,-42.80154687131896,-155.89876163976191,2,0.3
43295.458941398065,-42.91481820620284,-156.05267406124602,2,0.3
43596.60267329357,-43.028174915399156,-156.20569944704835,2,0.3
43899.84102549055,-43.141610566404,-156.35801474062592,2,0.3
44205.18856722535,-43.25513703945151,-156.50927955304752,2,0.3
44512.659969071385,-43.368732573877004,-156.66007814822302,2,0.3
44822.27000364397,-43.482420055729854,-156.8097546929101,2,0.3
45134.033546310086,-43.59618017094974,-156.95882812847898,2,0.3
45447.96557590307,-43.71002368485588,-157.10697528577876,2,0.3
45764.081175442305,-43.82394524017795,-157.25432610485512,2,0.3
46082.39553285784,-43.93793969263258,-157.40100790231207,2,0.3
46402.92394172015,-44.05201941886471,-157.54664337052006,2,0.3
46725.681801974904,-44.16617050267707,-157.69161291474538,2,0.3
47050.68462068286,-44.28040077430932,-157.8356682154722,2,0.3
47377.94801276491,-44.3947009741008,-157.97905992379415,2,0.3
47707.487701752325,-44.5090787225941,-158.12154303493986,2,0.3
48039.319520542165,-44.62353107150916,-158.26318285844243,2,0.3
48373.45941215801,-44.7380531775022,-158.4041037180804,2,0.3
48709.923430515926,-44.85264238601535,-158.54436691798557,2,0.3
49048.72774119583,-44.96730787507165,-158.68367404543687,2,0.3
49389.888622218095,-45.08204481824535,-158.82214956975344,2,0.3
49733.4224648257,-45.19685240647239,-158.95979706909455,2,0.3
50000.0,-45.285438263643336,-159.06557497279536,2,0.3
10.0,-17.978965649995516,-0.23012184294190674,3,0.4
10.069555500567189,-17.979224542936777,-0.23108328072502235,3,0.4
10.139594797900294,-17.979509835336493,-0.23204254367178032,3,0.4
10.210121257071936,-17.97978312248453,-0.23299524950899128,3,0.4
10.281138266560667,-17.980063624474777,-0.23394327424040182,3,0.4
10.352649238413779,-17.98034495116033,-0.2348856931677727,3,0.4
10.424657608411218,-17.98063351703736,-0.23582299807769191,3,0.4
10.497166836230678,-17.98092933436892,-0.23675497277337704,3,0.4
10.57018040561381,-17.981219612748895,-0.23767993380997204,3,0.4
10.643701824533608,-17.98151716854784,-0.23859909960177053,3,0.4
10.71773462536294,-17.981815613528816,-0.23951150023956072,3,0.4
10.792282365044281,-17.98212136223684,-0.24041763733317414,3,0.4
10.867348625260592,-17.98242162674069,-0.24131576783453942,3,0.4
10.942937012607405,-17.982729222587135,-0.24220714057942108,3,0.4
11.019051158766118,-17.983050563670194,-0.24309228084555343,3,0.4
11.095694720678463,-17.983353663453087,-0.24396710087780973,3,0.4
11.172871380722214,-17.983670537425557,-0.24483517212911812,3,0.4
11.250584846888108,-17.983988400305712,-0.2456946923599093,3,0.4
11.328838852958,-17.984326465216988,-0.24654775871118498,3,0.4
11.407637158684253,-17.984646351213136,-0.24738937098659483,3,0.4
11.486983549970367,-17.984980070355824,-0.2482232054532433,3,0.4
11.566881839052892,-17.98532123866713,-0.24904820575372774,3,0.4
11.647335864684578,-17.985650676548225,-0.24986165736159666,3,0.4
11.728349492318808,-17.985987596387336,-0.2506656940340304,3,0.4
11.809926614295325,-17.986332014277796,-0.25146003860738136,3,0.4
11.892071150027233,-17.986690344284202,-0.25224524450470964,3,0.4
11.97478704618931,-17.987037012428136,-0.25301768472626346,3,0.4
12.05807827690763,-17.987391229391672,-0.2537795542633398,3,0.4
12.141948843950495,-17.987746615361118,-0.25452970794214264,3,0.4
12.226402776920713,-17.98810318848927,-0.25526783087490884,3,0.4
12.31144413344919,-17.98846736368375,-0.2559944714919742,3,0.4
12.397076999389895,-17.988851951377804,-0.25671107544099514,3,0.4
12.48330548901615,-17.98921859251689,-0.257412093877677,3,0.4
12.570133745218314,-17.98959928723071,-0.25810157357632624,3,0.4
12.657565939702833,-17.989962076429308,-0.2587747498781926,3,0.4
12.745606273192656,-17.99034535344924,-0.25943663234471454,3,0.4
12.834258975629076,-17.990736346367676,-0.26008512625717223,3,0.4
12.923528306374958,-17.991122285703266,-0.2607180772071053,3,0.4
13.013418554419374,-17.9915223762108,-0.26133788503755756,3,0.4
13.10393403858367,-17.991911061107842,-0.26194052075165886,3,0.4
13.195079107728983,-17.99231393892115,-0.26252933628284897,3,0.4
13.286858140965156,-17.992718242787806,-0.2631021274422817,3,0.4
13.379275547861162,-17.993130388226856,-0.2636594851065521,3,0.4
13.472335768656947,-17.993537611034526,-0.2641991467359396,3,0.4
13.566043274476765,-17.993959113061514,-0.264723624125521,3,0.4
13.660402567544,-17.994369346238088,-0.2652286902476761,3,0.4
13.755418181397484,-17.994800296649288,-0.26571883903921956,3,0.4
13.851094681109295,-17.99521363464304,-0.26618781731790914,3,0.4
13.947436663504105,-17.995647736640002,-0.2666411653471455,3,0.4
14.044448757380025,-17.996077059669478,-0.2670745432030389,3,0.4
14.142135623731003,-17.996520802740097,-0.26749058344962673,3,0.4
14.240501955970773,-17.996953426981918,-0.2678848530776763,3,0.4
14.33955248015833,-17.997400521625526,-0.26826103352267694,3,0.4
14.439291955225018,-17.99785572121294,-0.26861773851834786,3,0.4
14.539725173203164,-17.998306272045987,-0.26895249921879616,3,0.4
14.640856959456315,-17.99875220229632,-0.2692648889994817,3,0.4
14.742692172911074,-17.999219097031148,-0.2695587349810997,3,0.4
14.845235706290554,-17.99968142629572,-0.2698294155715697,3,0.4
14.94849248634945,-18.00013921945331,-0.27007649578841925,3,0.4
15.05246747411074,-18.0006116709573,-0.2703028077841395,3,0.4
15.15716566510405,-18.001086032572754,-0.27050579200144886,3,0.4
15.26259208960566,-18.00155594661335,-0.2706839244637875,3,0.4
15.368751812880195,-18.00203421879924,-0.27083899289479696,3,0.4
15.475649935423972,-18.002514491970658,-0.270969477802247,3,0.4
15.58329159321007,-18.00301595703725,-0.2710783601841465,3,0.4
15.69168195793509,-18.003493939281007,-0.2711572915846365,3,0.4
15.800826237267621,-18.003999561929025,-0.2712149591496713,3,0.4
15.910729675098453,-18.00449454037694,-0.27124407247412224,3,0.4
16.02139755179252,-18.004998065472964,-0.27124766107019327,3,0.4
16.13283518444261,-18.00549740025816,-0.27122295990715145,3,0.4
16.245047927124794,-18.006018117914067,-0.2711742709016267,3,0.4
16.358041171155712,-18.00652832936222,-0.27109524515979777,3,0.4
16.471820345351553,-18.007040839572387,-0.27098781023634777,3,0.4
16.586390916288924,-18.007562067852845,-0.27085275025338934,3,0.4
16.70175838856748,-18.008085666338985,-0.27068842833123974,3,0.4
16.817928305074386,-18.008618054715132,-0.27049564702907586,3,0.4
16.93490624725064,-18.009146504679784,-0.27027149872413503,3,0.4
17.052697835359233,-18.00967105527284,-0.27001551460443257,3,0.4
17.17130872875518,-18.01021089118343,-0.2697310361353042,3,0.4
17.290744626157405,-18.010753286862602,-0.26941512443610444,3,0.4
17.411011265922586,-18.011298282137247,-0.26906734039707886,3,0.4
17.53211442632081,-18.011845917313966,-0.2686872449054255,3,0.4
17.654059925813208,-18.012402613586627,-0.2682757114105782,3,0.4
17.776853623331515,-18.01295565190236,-0.267829687097198,3,0.4
17.900501418559564,-18.013517834352363,-0.26735136948111093,3,0.4
18.02500925221672,-18.014063686583558,-0.26683497392549005,3,0.4
18.150383106343334,-18.014631527451577,-0.2662881002694369,3,0.4
18.27662900458813,-18.0151958845173,-0.26570494361261765,3,0.4
18.403753012497624,-18.015775937414496,-0.2650891704617402,3,0.4
18.53176123780754,-18.016346219354254,-0.2644348563280925,3,0.4
18.660659830736275,-18.016919532921943,-0.2637443028675434,3,0.4
18.790454984280366,-18.017508678430772,-0.2630199042500968,3,0.4
18.921152934512047,-18.01810094830657,-0.2622584524500551,3,0.4
19.05275996087888,-18.018683638971876,-0.26145664865936713,3,0.4
19.18528238650542,-18.01926955277571,-0.26061689253803627,3,0.4
19.31872657849705,-18.019865114379627,-0.25974022046107725,3,0.4
19.453098948245852,-18.02046399825654,-0.2588247757564504,3,0.4
19.588405951738682,-18.021053506914683,-0.2578671723425471,3,0.4
19.72465408986733,-18.021652816230144,-0.25687140969447264,3,0.4
19.861849908740865,-18.022268351140333,-0.25583862013092074,3,0.4
20.00000000000015,-18.022881043190168,-0.2547639053757016,3,0.4
20.13911100113453,-18.023478202423476,-0.2536437542388321,3,0.4
20.279189595800737,-18.024098121020135,-0.2524869272424483,3,0.4
20.42024251414402,-18.024715363484987,-0.2512869025155103,3,0.4
20.56227653312149,-18.025329987621358,-0.25004324538258255,3,0.4
20.70529847682771,-18.025942051882836,-0.2487555243695484,3,0.4
20.849315216822593,-18.02656435690187,-0.2474265078622233,3,0.4
20.994333672461515,-18.02719696027956,-0.24605585088420792,3,0.4
21.14036081122778,-18.02782081135068,-0.2446383388725492,3,0.4
21.28740364906737,-18.0284550811743,-0.2431784309081915,3,0.4
21.43546925072604,-18.02908709223654,-0.24167249277374486,3,0.4
21.584564730088722,-18.02972964502902,-0.24012344896795357,3,0.4
21.734697250521346,-18.030363697410046,-0.23852594124950055,3,0.4
21.885874025214974,-18.031008418945436,-0.23688461106146105,3,0.4
22.038102317532406,-18.031657506099247,-0.23519744234994772,3,0.4
22.191389441357092,-18.032291924647698,-0.23345892480265984,3,0.4
22.345742761444598,-18.0329435768546,-0.23167727150156978,3,0.4
22.501169693776383,-18.033587064350275,-0.2298452324635236,3,0.4
22.657677705916175,-18.034241554878676,-0.22796768874065165,3,0.4
22.815274317368676,-18.034894386720115,-0.2260408028603973,3,0.4
22.973967099940907,-18.035539267339512,-0.22406242065240206,3,0.4
23.13376367810596,-18.036208091561708,-0.22204119263547845,3,0.4
23.29467172936933,-18.03685638229203,-0.21996417794103104,3,0.4
23.456698984637793,-18.037522397829505,-0.21784194000509574,3,0.4
23.619853228590827,-18.038187121802125,-0.21566871564682608,3,0.4
23.784142300054643,-18.038856993452807,-0.2134460484527,3,0.4
23.949574092378796,-18.039513003793004,-0.21116800487724677,3,0.4
24.11615655381544,-18.040174318897186,-0.20883988377129303,3,0.4
24.28389768790117,-18.0408473785346,-0.20646334353172094,3,0.4
24.452805553841607,-18.041506818958567,-0.20403044342976134,3,0.4
24.622888266898567,-18.04218452575071,-0.20155054636867234,3,0.4
24.794153998779972,-18.042848779755694,-0.19901368021344215,3,0.4
24.966610978032485,-18.04353146440849,-0.19642938501598728,3,0.4
25.140267490436816,-18.04418814962247,-0.1937835423383583,3,0.4
25.315131879405854,-18.0448697943438,-0.19109182148742218,3,0.4
25.4912125463855,-18.045538333608867,-0.18834197056070198,3,0.4
25.668517951258348,-18.04621928889434,-0.1855418431629191,3,0.4
25.847056612750112,-18.046893676759947,-0.1826851021660489,3,0.4
26.026837108838944,-18.047567946433425,-0.1797735514356037,3,0.4
26.20786807716754,-18.048248546582947,-0.17680907195150375,3,0.4
26.390158215458165,-18.04893556958567,-0.1737915038015255,3,0.4
26.573716281930512,-18.049610043564428,-0.1707142847400364,3,0.4
26.758551095722524,-18.050291131659606,-0.1675835784306504,3,0.4
26.944671537314093,-18.050966221398944,-0.16439490600586473,3,0.4
27.13208654895373,-18.05164812053851,-0.1611524181124921,3,0.4
27.320805135088207,-18.052324221021145,-0.1578515816498673,3,0.4
27.510836362795175,-18.053000978419323,-0.15449440980847337,3,0.4
27.7021893622188,-18.053678495349526,-0.15108075178182948,3,0.4
27.89487332700842,-18.0543568757086,-0.14761046594255914,3,0.4
28.088897514760255,-18.05503622484654,-0.14408341991513932,3,0.4
28.284271247462218,-18.05572300050909,-0.14050179392656728,3,0.4
28.48100391194176,-18.05639190646239,-0.1368562420460964,3,0.4
28.679104960316874,-18.05708115772848,-0.13316053734030528,3,0.4
28.878583910450253,-18.057759111913644,-0.12940295310167615,3,0.4
29.079450346406546,-18.058438582622905,-0.12558804875716048,3,0.4
29.28171391891285,-18.05911333447723,-0.12171334755714307,3,0.4
29.485384345822368,-18.0597834839197,-0.11777872332653364,3,0.4
29.690471412581335,-18.060474540921874,-0.11379382274156173,3,0.4
29.896984972699123,-18.06114218624074,-0.10974155171118274,3,0.4
30.104934948221704,-18.06182462759836,-0.10563651899981649,3,0.4
30.314331330208326,-18.06249024971715,-0.10146630781128536,3,0.4
30.52518417921155,-18.06315821787622,-0.0972382831078891,3,0.4
30.73750362576062,-18.063847693624165,-0.09296006844314911,3,0.4
30.951299870848175,-18.064514380786232,-0.08861389745169534,3,0.4
31.16658318642038,-18.06518379162482,-0.08420987345136129,3,0.4
31.38336391587042,-18.06584336583088,-0.07974280055412855,3,0.4
31.60165247453548,-18.06651226865833,-0.07522046854696147,3,0.4
31.82145935019715,-18.067177943464806,-0.07063767910271065,3,0.4
32.04279510358529,-18.06784686841386,-0.06599708974303109,3,0.4
32.26567036888546,-18.068506493204023,-0.061293368568551124,3,0.4
32.49009585424984,-18.06918232687366,-0.056537323155371515,3,0.4
32.716082342311665,-18.069830111961814,-0.051709983597033424,3,0.4
32.94364069070335,-18.070494385913122,-0.046830441594276635,3,0.4
33.172781832578096,-18.07114992388449,-0.04188778730615883,3,0.4
33.40351677713521,-18.07180955370122,-0.036887608828403,3,0.4
33.63585661014903,-18.07246708080892,-0.03182719112587538,3,0.4
33.86981249450153,-18.07310997432519,-0.026700880146179523,3,0.4
34.10539567071872,-18.073757405537673,-0.021517237999022797,3,0.4
34.34261745751061,-18.074409525639652,-0.016276409783829802,3,0.4
34.58148925231507,-18.07504747184599,-0.010969770288037922,3,0.4
34.822022531845434,-18.075696755468478,-0.005609071194178084,3,0.4
35.064228852641875,-18.07633218107131,-0.00018265817101649164,3,0.4
35.30811985162668,-18.07696658580054,0.005303505835012322,3,0.4
35.55370724666329,-18.077606468421518,0.010846278344608166,3,0.4
35.80100283711939,-18.078245655091262,0.01644850693441411,3,0.4
36.05001850443371,-18.078865303327536,0.02211927755177314,3,0.4
36.30076621268694,-18.0794909274484,0.027846274769890732,3,0.4
36.55325800917653,-18.08012269620024,0.033629270314223324,3,0.4
36.80750602499552,-18.080741775574413,0.039477476959970816,3,0.4
37.06352247561536,-18.08135467644358,0.04538770275831986,3,0.4
37.32131966147283,-18.081967910360554,0.05135664557135604,3,0.4
37.58090996856101,-18.082594323058817,0.057377662988224463,3,0.4
37.84230586902438,-18.08319609241433,0.06346992958304817,3,0.4
38.105519921758045,-18.083805070572204,0.06961715420114943,3,0.4
38.37056477301113,-18.084408776023118,0.07582566185888308,3,0.4
38.63745315699439,-18.085013729100446,0.08209197910565236,3,0.4
38.906197896491996,-18.085613787299117,0.08841924052618104,3,0.4
39.176811903477656,-18.08620914322752,0.09480729237011225,3,0.4
39.449308179734956,-18.08679366082089,0.10125939050269446,3,0.4
39.72369981748203,-18.087380199956257,0.10776856093830867,3,0.4
40.000000000000604,-18.08796262874799,0.11433801768779768,3,0.4
40.27822200226936,-18.08856013939305,0.12095707645956275,3,0.4
40.55837919160177,-18.089122295671302,0.12765352457453014,3,0.4
40.840485028288356,-18.089706273607753,0.13439557405369365,3,0.4
41.124553066243294,-18.09027430455712,0.141204195295503,3,0.4
41.410596953655734,-18.090839259623426,0.1480721196977019,3,0.4
41.6986304336455,-18.09139502484818,0.15500277411347085,3,0.4
41.98866734492334,-18.091967129783793,0.16198132659534273,3,0.4
42.28072162245588,-18.092505170180026,0.169036907522296,3,0.4
42.57480729813507,-18.093072645593494,0.17613239129863792,3,0.4
42.8709385014524,-18.09361283341339,0.18330095369615604,3,0.4
43.16912946017777,-18.09415759786847,0.19052373590448804,3,0.4
43.46939450104301,-18.09470084171865,0.19780421224403513,3,0.4
43.771748050430276,-18.095223819898234,0.20515368087470212,3,0.4
44.07620463506514,-18.095764724451907,0.21254883319135448,3,0.4
44.38277888271451,-18.0962921642845,0.22000869472148535,3,0.4
44.69148552288952,-18.09680005738121,0.22753711445853325,3,0.4
45.00233938755311,-18.097332923161645,0.2351062261327724,3,0.4
45.315355411832684,-18.097846734143456,0.24274343027644632,3,0.4
45.63054863473769,-18.098348066841016,0.2504446637144043,3,0.4
45.947934199882155,-18.098856147010025,0.2581975798760269,3,0.4
46.26752735621227,-18.099364905803665,0.2660058706221459,3,0.4
46.58934345873901,-18.09986195553347,0.27387749072877304,3,0.4
46.913397969275934,-18.10035388247234,0.2818081297901529,3,0.4
47.23970645718201,-18.100853597407777,0.28978913329351785,3,0.4
47.56828460010965,-18.1013360780005,0.2978370151044324,3,0.4
47.89914818475796,-18.10180791979337,0.30594744865312185,3,0.4
48.232313107631235,-18.102275720339737,0.31411596856353086,3,0.4
48.5677953758027,-18.10275872214839,0.322329284582024,3,0.4
48.90561110768358,-18.103212955714024,0.3306174495774766,3,0.4
49.2457765337975,-18.103682955447894,0.3389497236260903,3,0.4
49.58830799756032,-18.1041437242054,0.3473432920476944,3,0.4
49.933221956065346,-18.104589233508776,0.355802448210037,3,0.4
50.280534980874016,-18.105038740121103,0.36431355800349435,3,0.4
50.630263758812085,-18.10547990138473,0.3728853137884603,3,0.4
50.982425092771386,-18.105913019441207,0.38151751139040374,3,0.4
51.33703590251707,-18.10634471945901,0.3902053178121549,3,0.4
51.69411322550061,-18.106775309812807,0.39894840861989117,3,0.4
52.05367421767828,-18.107192464483596,0.40775584392430614,3,0.4
52.41573615433548,-18.107621775389408,0.41660857397546325,3,0.4
52.78031643091672,-18.108044604783775,0.4255203403515927,3,0.4
53.14743256386143,-18.10844232119075,0.4345053210255027,3,0.4
53.517102191445446,-18.108846844173513,0.44353938120601716,3,0.4
53.8893430746286,-18.109252185398937,0.45262692242565133,3,0.4
54.264173097907864,-18.10964604347908,0.46177740892306196,3,0.4
54.64161027017682,-18.11002875740303,0.47099068532699756,3,0.4
55.02167272559077,-18.110406987221626,0.4802615932489707,3,0.4
55.40437872443802,-18.11079371316946,0.48957977685351095,3,0.4
55.78974665401725,-18.111170333261676,0.4989599362898409,3,0.4
56.17779502952094,-18.111530885266777,0.5084070037826526,3,0.4
56.56854249492486,-18.11190099418684,0.5179002920582516,3,0.4
56.962007823883944,-18.112268388098688,0.5274496355207967,3,0.4
57.358209920634174,-18.112614484296007,0.5370704125972728,3,0.4
57.75716782090094,-18.1129712343052,0.5467362794743404,3,0.4
58.158900692813525,-18.11331374774987,0.5564679139140715,3,0.4
58.56342783782614,-18.113648719537455,0.566259854143173,3,0.4
58.97076869164518,-18.113982847928753,0.5761064669284147,3,0.4
59.38094282516311,-18.114310204209204,0.586012823483837,3,0.4
59.79396994539869,-18.114624864391274,0.5959841522356283,3,0.4
60.209869896443855,-18.11495248471841,0.6059982240206787,3,0.4
60.628662660417106,-18.115261889174185,0.6160822165395194,3,0.4
61.05036835842356,-18.11557242715976,0.6262192783350491,3,0.4
61.4750072515217,-18.11587187752118,0.6364202936657626,3,0.4
61.90259974169682,-18.116166968193067,0.6466793966786136,3,0.4
62.33316637284123,-18.116458116628046,0.6569962770224484,3,0.4
62.766727831741306,-18.116752059081463,0.6673648312917438,3,0.4
63.20330494907143,-18.11703027907518,0.6778020743421785,3,0.4
63.642918700394766,-18.11731846466448,0.6882844446324579,3,0.4
64.08559020717105,-18.117572852936913,0.6988527292268618,3,0.4
64.5313407377714,-18.11785071059417,0.7094535884003338,3,0.4
64.98019170850016,-18.11811459858933,0.7201221382756648,3,0.4
65.43216468462381,-18.118352339662895,0.7308703635428685,3,0.4
65.8872813814072,-18.118608584483948,0.7416557263481937,3,0.4
66.34556366515669,-18.118852223648624,0.7525081160649244,3,0.4
66.80703355427093,-18.119096348341948,0.7634149990321208,3,0.4
67.27171322029855,-18.1193351138742,0.7743821684180479,3,0.4
67.73962498900357,-18.11956268055876,0.7854155912347105,3,0.4
68.21079134143795,-18.119785840423372,0.7965087461057578,3,0.4
68.68523491502174,-18.12000507686655,0.8076612883312406,3,0.4
69.16297850463066,-18.12021456513925,0.8188792872435414,3,0.4
69.6440450636914,-18.120421111787632,0.8301560370575606,3,0.4
70.12845770528428,-18.12062521508696,0.8414911489938572,3,0.4
70.61623970325388,-18.120821065286826,0.8528907934290252,3,0.4
71.10741449332713,-18.121009170711076,0.8643546976570828,3,0.4
71.60200567423932,-18.121202670871156,0.8758692250311657,3,0.4
72.10003700886796,-18.121376832147917,0.8874606699351409,3,0.4
72.60153242537443,-18.12154480423156,0.8991154639383104,3,0.4
73.10651601835362,-18.121713428705416,0.9108264453073668,3,0.4
73.61501204999159,-18.1218706134852,0.9226068622065489,3,0.4
74.12704495123128,-18.122023210479487,0.9344495691487696,3,0.4
74.64263932294622,-18.122190702801056,0.9463332356922779,3,0.4
75.16181993712259,-18.12233576181448,0.9582991820355585,3,0.4
75.68461173804933,-18.12247788108472,0.9703261954904927,3,0.4
76.21103984351666,-18.122611307294495,0.9824209682897126,3,0.4
76.74112954602285,-18.12274923150724,0.9945688103079895,3,0.4
77.27490631398935,-18.122866971713783,1.006798055501123,3,0.4
77.81239579298456,-18.122984042456586,1.0190867826530163,3,0.4
78.3536238069559,-18.1230947113852,1.031441817331958,3,0.4
78.8986163594705,-18.123212190966033,1.0438479557701885,3,0.4
79.44739963496465,-18.12331181951216,1.0563343136472565,3,0.4
80.00000000000179,-18.12340681999994,1.0688857535365484,3,0.4
80.55644400453932,-18.123504107592275,1.0814942480595697,3,0.4
81.11675838320417,-18.12357903575088,1.094189677500457,3,0.4
81.68097005657731,-18.123670097608723,1.1069259242600797,3,0.4
82.24910613248719,-18.123740029725692,1.1197484222385679,3,0.4
82.8211939073121,-18.123808395611803,1.1326337312842012,3,0.4
83.39726086729164,-18.12387582362329,1.145581278865052,3,0.4
83.97733468984731,-18.123917691728174,1.1586221378627857,3,0.4
84.56144324491237,-18.123972521818974,1.1717085253656627,3,0.4
85.14961459627077,-18.124028330553113,1.1848555093452398,3,0.4
85.74187700290544,-18.12406682459513,1.1980866936875547,3,0.4
86.33825892035618,-18.124088657756342,1.2114019062125594,3,0.4
86.93878900208668,-18.124126061550328,1.2247598790022947,3,0.4
87.54349610086122,-18.12414181409995,1.23820913632443,3,0.4
88.15240927013093,-18.12415552870325,1.2517246041127292,3,0.4
88.7655577654297,-18.12418051057137,1.2652888471834771,3,0.4
89.38297104577971,-18.124179550472377,1.2789515787073074,3,0.4
90.00467877510688,-18.124184908528026,1.292670233592013,3,0.4
90.63071082366605,-18.1241656987433,1.306486811549475,3,0.4
91.26109726947607,-18.124154193012316,1.3203580685670113,3,0.4
91.895868399765,-18.12413846109345,1.3343004406489118,3,0.4
92.53505471242522,-18.124106576501873,1.3483308378022312,3,0.4
93.17868691747873,-18.124078196891674,1.3624224596519787,3,0.4
93.82679593855258,-18.1240414053839,1.3765922168528784,3,0.4
94.47941291436473,-18.12400323813786,1.390830599749654,3,0.4
95.13656920022001,-18.12395178652488,1.405154905754087,3,0.4
95.79829636951663,-18.123894096081866,1.419555625216406,3,0.4
96.4646262152632,-18.123824583483394,1.434041284302849,3,0.4
97.13559075160614,-18.12376293888575,1.4485837090847895,3,0.4
97.81122221536789,-18.123690953758594,1.463209688775826,3,0.4
98.49155306759573,-18.123609375084296,1.477918679468501,3,0.4
99.17661599512138,-18.12352527248017,1.4927006663619085,3,0.4
99.86644391213144,-18.123426765651182,1.5075738414697062,3,0.4
100.56106996174877,-18.123327251418388,1.5225186130384076,3,0.4
101.26052751762494,-18.123221175919387,1.5375437316107559,3,0.4
101.96485018554354,-18.123115627070856,1.5526387591799202,3,0.4
102.67407180503491,-18.122986100152787,1.5678418633633657,3,0.4
103.388226451002,-18.122864968444155,1.583103600955227,3,0.4
104.10734843535732,-18.122727733705435,1.5984624173619222,3,0.4
104.83147230867174,-18.12258149900067,1.61390786514858,3,0.4
105.56063286183424,-18.122446013767703,1.6294090263542311,3,0.4
106.29486512772365,-18.122290466233636,1.6450152322036136,3,0.4
107.03420438289172,-18.12212829155673,1.6607057023859566,3,0.4
107.778686149258,-18.121972930944736,1.6764590298956485,3,0.4
108.52834619581655,-18.121787254657768,1.6923361115419338,3,0.4
109.28322054035448,-18.121622642397227,1.7082533994236269,3,0.4
110.04334545118235,-18.121429322879077,1.7242931894289093,3,0.4
110.80875744887686,-18.121233394490268,1.7404130241684213,3,0.4
111.57949330803534,-18.121041993659702,1.7566012018833626,3,0.4
112.35559005904271,-18.120830640982128,1.772899407261144,3,0.4
113.13708498985058,-18.12061912399377,1.789274739247564,3,0.4
113.92401564776874,-18.120401938052066,1.8057369369652758,3,0.4
114.71641984126921,-18.120160928851533,1.8223179718283373,3,0.4
115.51433564180275,-18.119928543807088,1.8389622288102663,3,0.4
116.31780138562794,-18.119692958462885,1.8556904515166903,3,0.4
117.12685567565316,-18.11943602008997,1.8725351948796942,3,0.4
117.94153738329126,-18.119171206678438,1.8894734253450816,3,0.4
118.76188565032712,-18.118918328578488,1.9064700372964813,3,0.4
119.58793989079828,-18.11864025213041,1.923592088401911,3,0.4
120.41973979288862,-18.118356788258723,1.9408046275277855,3,0.4
121.25732532083512,-18.118068767865335,1.9581065648892726,3,0.4
122.10073671684803,-18.117770693118008,1.9755084791807256,3,0.4
122.95001450304433,-18.1174760538541,1.9929858421405395,3,0.4
123.80519948339456,-18.117166692472807,2.010572821902146,3,0.4
124.66633274568338,-18.116837106891893,2.0282806210331277,3,0.4
125.53345566348355,-18.116513449246977,2.0460604698952336,3,0.4
126.40660989814381,-18.11617122424279,2.063959307440959,3,0.4
127.28583740079048,-18.115823922000217,2.0819520423552484,3,0.4
128.17118041434307,-18.11549770186013,2.0999882107328314,3,0.4
129.0626814755438,-18.115123727150674,2.1182019544728523,3,0.4
129.9603834170013,-18.114759817788276,2.1364814004866446,3,0.4
130.86432936924862,-18.114375125940782,2.1548875895419104,3,0.4
131.77456276281538,-18.1139894728553,2.173381927270552,3,0.4
132.69112733031437,-18.113603676572836,2.1919629841337063,3,0.4
133.61406710854286,-18.113205879220878,2.2106549915680427,3,0.4
134.5434264405981,-18.11279055235126,2.2294699211138895,3,0.4
135.47924997800817,-18.11237117510814,2.248380955771143,3,0.4
136.42158268287693,-18.111954889690224,2.267373627722355,3,0.4
137.3704698300445,-18.111504462779365,2.2865256311744906,3,0.4
138.32595700926237,-18.111058719030947,2.3057570312156295,3,0.4
139.28809012738384,-18.110605770477843,2.3250929095225548,3,0.4
140.25691541056963,-18.11014640124647,2.3445320414757633,3,0.4
141.23247940650882,-18.109662364243626,2.3641139841331924,3,0.4
142.2148289866553,-18.10917345449925,2.383797188523009,3,0.4
143.20401134847972,-18.108680439354778,2.40358031108955,3,0.4
144.200074017737,-18.10819042417131,2.423448066031795,3,0.4
145.20306485074994,-18.107672440965526,2.443468730377971,3,0.4
146.2130320367083,-18.10715895669031,2.4635715331954815,3,0.4
147.2300240999843,-18.106618981287316,2.483825672714505,3,0.4
148.25408990246365,-18.106084974217357,2.5041593120199965,3,0.4
149.28527864589356,-18.105525921494422,2.524642585706633,3,0.4
150.32363987424628,-18.10495522688627,2.545246095613716,3,0.4
151.3692234760998,-18.104386291741164,2.5659395957166757,3,0.4
152.42207968703445,-18.103807112130188,2.5867508296104273,3,0.4
153.48225909204683,-18.103224722110347,2.607663888065362,3,0.4
154.54981262797986,-18.10260803458857,2.628751947443615,3,0.4
155.6247915859703,-18.101995820181315,2.6499249577658937,3,0.4
156.70724761391295,-18.10135696372394,2.6712567865427377,3,0.4
157.79723271894218,-18.10073022635533,2.6926557439643695,3,0.4
158.8947992699305,-18.10008446310357,2.7141963937640514,3,0.4
160.0000000000048,-18.09941392555704,2.735893601001489,3,0.4
161.11288800907985,-18.098744638375003,2.7576848059027403,3,0.4
162.23351676640956,-18.09807719237699,2.779568394138822,3,0.4
163.36194011315587,-18.097374005102367,2.801637475907296,3,0.4
164.49821226497562,-18.096667425970992,2.8238128853967357,3,0.4
165.6423878146254,-18.095945275906633,2.846125321106057,3,0.4
166.79452173458452,-18.09522716737586,2.8685257233747126,3,0.4
167.9546693796959,-18.094475432805044,2.891109853514465,3,0.4
169.12288648982604,-18.093728744619153,2.913779904244554,3,0.4
170.29922919254284,-18.09296848790226,2.9365835762107713,3,0.4
171.4837540058122,-18.092176017347512,2.959569955408533,3,0.4
172.6765178407137,-18.091389972543663,2.982639153485084,3,0.4
173.87757800417467,-18.090591675036073,3.005839910788885,3,0.4
175.08699220172375,-18.08976241386371,3.029222387742652,3,0.4
176.30481854026317,-18.088947163934286,3.052667522622577,3,0.4
177.53111553086072,-18.08810168918313,3.076293523756088,3,0.4
178.7659420915608,-18.087226319920653,3.1001008315456664,3,0.4
180.00935755021513,-18.086365994270473,3.123967893908522,3,0.4
181.26142164733346,-18.085476387511605,3.1480155085332076,3,0.4
182.52219453895353,-18.084583276930235,3.1721734777554143,3,0.4
183.7917367995314,-18.08367416082589,3.196476466077055,3,0.4
185.07010942485184,-18.08273012336994,3.2209780943586637,3,0.4
186.35737383495882,-18.081783264976778,3.24558908409726,3,0.4
187.65359187710658,-18.080833771306942,3.2703085776700322,3,0.4
188.95882582873088,-18.079875418459523,3.295154058953096,3,0.4
190.27313840044144,-18.07888279319773,3.320198886612821,3,0.4
191.59659273903472,-18.077881534032148,3.3453699657212512,3,0.4
192.92925243052787,-18.07685255245549,3.370723091764984,3,0.4
194.27118150321374,-18.07582144841646,3.3961838440992818,3,0.4
195.62244443073726,-18.074769073983198,3.4218085204418824,3,0.4
196.98310613519297,-18.07370820207678,3.4475595627159215,3,0.4
198.35323199024427,-18.072626009057444,3.4734753518867842,3,0.4
199.73288782426437,-18.071541611879766,3.4994985531861524,3,0.4
201.12213992349908,-18.070422931861174,3.525726344152341,3,0.4
202.5210550352514,-18.06929542459418,3.552081896310984,3,0.4
203.9297003710886,-18.068152533874485,3.5785851890801834,3,0.4
205.3481436100714,-18.06697485972107,3.605296688609548,3,0.4
206.77645290200556,-18.065800590155767,3.6320980465157646,3,0.4
208.21469687071618,-18.064597452698646,3.6590899068169627,3,0.4
209.66294461734503,-18.06338437055521,3.6862130480025157,3,0.4
211.12126572367004,-18.062128976941686,3.713570584424948,3,0.4
212.5897302554489,-18.060882182892733,3.741000337569857,3,0.4
214.06840876578502,-18.059611550341355,3.768605786288042,3,0.4
215.5573722985176,-18.05831664486307,3.796388786730407,3,0.4
217.05669239163473,-18.05700982925677,3.8243091717737556,3,0.4
218.5664410807106,-18.055684188634785,3.8523893959892304,3,0.4
220.08669090236637,-18.05433918425771,3.8806312655629362,3,0.4
221.6175148977554,-18.052961394854293,3.909079775678899,3,0.4
223.15898661607235,-18.051582316031368,3.9376295456629986,3,0.4
224.71118011808713,-18.05016275449899,3.966412423692278,3,0.4
226.27416997970286,-18.048740570014605,3.9953002940279156,3,0.4
227.8480312955392,-18.047289327801337,4.024382881611216,3,0.4
229.43283968254013,-18.04581468250688,4.053641088972369,3,0.4
231.02867128360725,-18.04431582212517,4.083077822726486,3,0.4
232.63560277125762,-18.04279833026896,4.112673563243533,3,0.4
234.25371135130806,-18.041274196486064,4.142385575855749,3,0.4
235.88307476658426,-18.039710300059607,4.1723305209758665,3,0.4
237.523771300656,-18.038131422171034,4.202420671513915,3,0.4
239.17587978159838,-18.036517219739423,4.232728677159572,3,0.4
240.83947958577906,-18.034898860467468,4.263142038057756,3,0.4
242.51465064167206,-18.033262365342825,4.293710240569636,3,0.4
244.2014734336979,-18.031574337113796,4.324555530863381,3,0.4
245.9000290060905,-18.029891651588514,4.355468956345488,3,0.4
247.61039896679097,-18.028167914366115,4.386621046977192,3,0.4
249.33266549136863,-18.02642121334672,4.417944792524591,3,0.4
251.06691132696898,-18.02466315902114,4.449395820419421,3,0.4
252.81321979628953,-18.022866550534925,4.481076178742445,3,0.4
254.5716748015829,-18.021042903173935,4.512942342451444,3,0.4
256.3423608286881,-18.01919076786178,4.544999548059506,3,0.4
258.12536295108947,-18.017315121889915,4.5772281911708035,3,0.4
259.9207668340045,-18.015420907157914,4.609608240873604,3,0.4
261.72865873849923,-18.01349359784319,4.642195635343597,3,0.4
263.54912552563275,-18.01153804095964,4.674971086484353,3,0.4
265.38225466063074,-18.009565530927016,4.707889061815594,3,0.4
267.2281342170877,-18.007554909158717,4.74103291573319,3,0.4
269.08685288119824,-18.0055238684361,4.774331350255734,3,0.4
270.95849995601833,-18.00345763142847,4.807843054027439,3,0.4
272.8431653657559,-18.001373823252717,4.841495712714084,3,0.4
274.74093966009104,-17.999251072907033,4.875375579341485,3,0.4
276.6519140185268,-17.997100429128277,4.909436812083867,3,0.4
278.5761802547697,-17.994913407340388,4.943713771663353,3,0.4
280.51383082114137,-17.99270098357355,4.978159983159389,3,0.4
282.4649588130198,-17.990461092537146,5.012782802894091,3,0.4
284.42965797331277,-17.988198135385588,5.047562237965938,3,0.4
286.40802269696155,-17.985890414764697,5.0825894409214465,3,0.4
288.40014803547615,-17.983548745249852,5.117817830915338,3,0.4
290.4061297015021,-17.981183921097916,5.153199637466434,3,0.4
292.42606407341884,-17.978787138630423,5.1887713307288506,3,0.4
294.4600481999708,-17.976343004998366,5.224599233422326,3,0.4
296.50817980492957,-17.973881785709224,5.260549473313051,3,0.4
298.5705572917893,-17.971388013788896,5.296688144433723,3,0.4
300.64727974849484,-17.9688396088109,5.333112640166471,3,0.4
302.73844695220185,-17.966279840214415,5.369628252569757,3,0.4
304.84415937407124,-17.96367346418564,5.406391356176626,3,0.4
306.964518184096,-17.961024426432243,5.443383400846707,3,0.4
309.09962525596205,-17.958343198102995,5.480555305477185,3,0.4
311.24958317194296,-17.9556402367511,5.517856727223601,3,0.4
313.4144952278283,-17.95288661102925,5.5554193161198615,3,0.4
315.59446543788675,-17.950092684421215,5.5931939959629355,3,0.4
317.7895985398634,-17.94726223833994,5.6311613906702735,3,0.4
320.000000000012,-17.944399028078642,5.66930169409911,3,0.4
322.22577601816215,-17.94150678360011,5.707594661746361,3,0.4
324.4670335328215,-17.93855629498791,5.746177765128443,3,0.4
326.7238802263142,-17.935570943117067,5.784937621124548,3,0.4
328.99642452995374,-17.93254776962232,5.823886058243669,3,0.4
331.2847756292533,-17.92947718065153,5.863067651946658,3,0.4
333.5890434691715,-17.92636932704908,5.902430745214178,3,0.4
335.90933875939425,-17.923221146635548,5.941987836584635,3,0.4
338.2457729796546,-17.920042758456493,5.981685901816173,3,0.4
340.5984583850881,-17.91679798236266,6.021703055533718,3,0.4
342.96750801162693,-17.913510077826267,6.061921449575606,3,0.4
345.3530356814299,-17.91020234284698,6.102219979396124,3,0.4
347.75515600835195,-17.906838461677594,6.1427795297801735,3,0.4
350.1739844034501,-17.90342178726281,6.183581209109918,3,0.4
352.60963708052907,-17.89996229590594,6.224571251417144,3,0.4
355.0622310617241,-17.89645668381554,6.265763722536679,3,0.4
357.53188418312425,-17.892901614944016,6.307173151730767,3,0.4
360.0187151004329,-17.88930702856124,6.348744277569636,3,0.4
362.52284329466966,-17.885669557164267,6.390491090691505,3,0.4
365.0443890779098,-17.8819591470864,6.432570531318234,3,0.4
367.58347359906554,-17.87821232447805,6.474785261402206,3,0.4
370.14021884970646,-17.874425666629755,6.517149159309016,3,0.4
372.7147476699204,-17.870589043522457,6.559712926958529,3,0.4
375.30718375421594,-17.86668559008422,6.602565367863802,3,0.4
377.9176516574646,-17.862745212926157,6.645539568966395,3,0.4
380.5462768008857,-17.858724233382226,6.688872569989463,3,0.4
383.1931854780723,-17.85467265886092,6.732284360631185,3,0.4
385.85850486105863,-17.85058027591702,6.775826086446094,3,0.4
388.5423630064304,-17.846403247991805,6.819740048703877,3,0.4
391.2448888614774,-17.842191675135556,6.86374052801469,3,0.4
393.96621227038884,-17.83792855356947,6.907918433538553,3,0.4
396.7064639804915,-17.833576608007434,6.952483463965657,3,0.4
399.4657756485318,-17.82920626759486,6.9970269917858365,3,0.4
402.24427984700117,-17.824760029882285,7.0418752708939865,3,0.4
405.04211007050577,-17.82024770557906,7.086968125812421,3,0.4
407.85940074218024,-17.81569942257268,7.132124103056412,3,0.4
410.69628722014585,-17.811064221333417,7.177638016988576,3,0.4
413.55290580401413,-17.806385775483996,7.223247342191596,3,0.4
416.42939374143555,-17.801653689264498,7.269007544077056,3,0.4
419.3258892346932,-17.796837162984673,7.315098512470835,3,0.4
422.24253144734325,-17.79195283915213,7.361416331941397,3,0.4
425.179460510901,-17.787044645605846,7.407687865879921,3,0.4
428.13681753157323,-17.78203412587974,7.454385283469586,3,0.4
431.11474459703845,-17.77697202239693,7.501193498433635,3,0.4
434.11338478327275,-17.771841057838845,7.548212673244289,3,0.4
437.13288216142445,-17.7666443862575,7.595417524862261,3,0.4
440.173381804736,-17.761371505329283,7.642867986877476,3,0.4
443.23502979551404,-17.756046119404367,7.6904089242630915,3,0.4
446.31797323214806,-17.75065091634642,7.738142480799901,3,0.4
449.4223602361776,-17.745182246885257,7.7860856875180255,3,0.4
452.5483399594091,-17.739643332618023,7.834211663893398,3,0.4
455.6960625910818,-17.73401678220073,7.88262628264013,3,0.4
458.8656793650838,-17.728333366264415,7.931124157043199,3,0.4
462.0573425672179,-17.722582634668136,7.9797650354838785,3,0.4
465.2712055425187,-17.716747197530886,8.02865570238316,3,0.4
468.5074227026196,-17.71083726229793,8.077722496180863,3,0.4
471.76614953317204,-17.704856184916007,8.12693562252513,3,0.4
475.04754260131557,-17.698786557912232,8.176403655336435,3,0.4
478.3517595632003,-17.69265951214248,8.225910488509736,3,0.4
481.6789591715617,-17.686443790970618,8.27565779881427,3,0.4
485.02930128334776,-17.680135844998862,8.325662952824278,3,0.4
488.40294686739946,-17.673766993787645,8.375704646034416,3,0.4
491.8000580121847,-17.667298935465094,8.426036306111396,3,0.4
495.2207979335857,-17.66075611145125,8.476482168709317,3,0.4
498.665330982741,-17.654149127355375,8.52695885503923,3,0.4
502.1338226539417,-17.64743257916829,8.577773545154894,3,0.4
505.62643959258287,-17.640638082088806,8.628697492131236,3,0.4
509.14334960316967,-17.63376230186119,8.679744384369732,3,0.4
512.68472165738,-17.626794872941616,8.730978234275915,3,0.4
516.2507259021829,-17.6197395107979,8.782363524318528,3,0.4
519.841533668013,-17.612599988298463,8.83386345829202,3,0.4
523.4573174770023,-17.60535182630284,8.885644928684057,3,0.4
527.0982510512695,-17.59804131643143,8.937363149153667,3,0.4
530.7645093212655,-17.590622777587935,8.98933895973225,3,0.4
534.4562684341794,-17.583128504260866,9.041326272604872,3,0.4
538.1737057624005,-17.575505551961907,9.093704222206364,3,0.4
541.9169999120409,-17.567807703592933,9.14606619376748,3,0.4
545.6863307315159,-17.560024809478385,9.198474804812287,3,0.4
549.4818793201863,-17.55212520894552,9.251155646550348,3,0.4
553.3038280370578,-17.544134449398623,9.303906733606794,3,0.4
557.1523605095437,-17.53604955396949,9.35673838053437,3,0.4
561.027661642287,-17.52785316865699,9.409770826614487,3,0.4
564.9299176260438,-17.51956391809276,9.462850600984467,3,0.4
568.8593159466297,-17.511171703413495,9.516042544905837,3,0.4
572.8160453939274,-17.502688112914072,9.569244599990048,3,0.4
576.8002960709567,-17.494074095233547,9.622747231563652,3,0.4
580.8122594030085,-17.48536301541214,9.67627946622299,3,0.4
584.8521281468421,-17.47654485312243,9.729906293840742,3,0.4
588.920096399946,-17.467616851392535,9.783636478837895,3,0.4
593.0163596098636,-17.458598207462643,9.837304264576064,3,0.4
597.1411145835832,-17.449449721024187,9.891207285653259,3,0.4
601.2945594969942,-17.440205318912724,9.945061624667167,3,0.4
605.4768939044083,-17.430833058059726,9.99910937937515,3,0.4
609.688318748147,-17.421359741095127,10.053120783164541,3,0.4
613.9290363681965,-17.411753354901613,10.107340952170967,3,0.4
618.1992505119288,-17.40204827970825,10.161475811825818,3,0.4
622.4991663438906,-17.392212477358623,10.21577222857311,3,0.4
626.8289904556613,-17.382265720508588,10.27005322072451,3,0.4
631.1889308757782,-17.37220565221769,10.32432223284353,3,0.4
635.5791970797316,-17.362015008314472,10.378707211863661,3,0.4
640.0000000000289,-17.351706357940813,10.433088141146362,3,0.4
644.4515520363291,-17.341269927647744,10.487531000694919,3,0.4
648.9340670656479,-17.33071094321203,10.541975896455272,3,0.4
653.4477604526332,-17.320027191804932,10.59642503216572,3,0.4
657.9928490599125,-17.309216489936876,10.650880331079673,3,0.4
662.5695512585116,-17.298276683666117,10.705343427198944,3,0.4
667.178086938348,-17.287198055124463,10.75988116981177,3,0.4
671.8186775187937,-17.2760012900136,10.814298047739355,3,0.4
676.4915459593144,-17.264669174436747,10.868724873440085,3,0.4
681.1969167701814,-17.25319967380962,10.923162025758279,3,0.4
685.935016023259,-17.24159845437681,10.9775421682695,3,0.4
690.7060713628651,-17.22987129268567,11.03179572037129,3,0.4
695.5103120167091,-17.217977808229385,11.086260833664287,3,0.4
700.3479688069056,-17.20597776145314,11.140390260870523,3,0.4
705.2192741610634,-17.193823061086615,11.19459116904493,3,0.4
710.1244621234536,-17.181519566783248,11.248793429426389,3,0.4
715.0637683662537,-17.169088846393276,11.302784002785295,3,0.4
720.0374302008713,-17.156513668551366,11.35669741745948,3,0.4
725.0456865893448,-17.143776658990703,11.410671735630622,3,0.4
730.0887781558251,-17.130907476512334,11.464417891824546,3,0.4
735.1669471981365,-17.117896742714777,11.51799978047767,3,0.4
740.2804376994185,-17.10471129133164,11.57170126341141,3,0.4
745.4294953398465,-17.091381082402627,11.625227394545702,3,0.4
750.6143675084376,-17.077936487665426,11.678274533562394,3,0.4
755.8353033149348,-17.064288567119256,11.731645602203647,3,0.4
761.0925536017771,-17.050515486590324,11.78459344421427,3,0.4
766.3863709561504,-17.03658398363388,11.837405190002016,3,0.4
771.717009722123,-17.02250071928262,11.889996165340055,3,0.4
777.0847260128666,-17.008232070834126,11.942661473238537,3,0.4
782.4897777229608,-16.993825135068995,11.99493405444455,3,0.4
787.9324245407837,-16.979246304198067,12.047109045699003,3,0.4
793.412927960989,-16.964502399278132,12.099099153169378,3,0.4
798.9315512970695,-16.949616767786317,12.150657002412785,3,0.4
804.4885596940084,-16.934563806358426,12.202003381530128,3,0.4
810.0842201410177,-16.919317611919926,12.253365179859244,3,0.4
815.7188014843666,-16.903909913151438,12.30441299455127,3,0.4
821.392574440298,-16.888348014112143,12.355050597990491,3,0.4
827.1058116080346,-16.872606029038753,12.405504868511247,3,0.4
832.8587874828772,-16.856707952395315,12.455516504470689,3,0.4
838.6517784693928,-16.84061099817043,12.505479932303217,3,0.4
844.4850628946929,-16.824339230468553,12.555134674442538,3,0.4
850.3589210218082,-16.807900200159388,12.604380307045437,3,0.4
856.2736350631529,-16.791293131035957,12.65319783933176,3,0.4
862.2294891940834,-16.774491710743458,12.701822713543267,3,0.4
868.226769566552,-16.757529180811833,12.749897523281687,3,0.4
874.2657643228554,-16.740362022272933,12.797830705404976,3,0.4
880.3467636094787,-16.723023716852655,12.845260570936393,3,0.4
886.4700595910348,-16.705496363774728,12.892339794795767,3,0.4
892.635946464303,-16.68778791308069,12.93896106148014,3,0.4
898.844720472362,-16.669897762956403,12.985102621178118,3,0.4
905.096679918825,-16.65181658365473,13.030831384876944,3,0.4
911.3921251821704,-16.63351732747907,13.076396063697517,3,0.4
917.7313587301744,-16.615069813251896,13.12105560086272,3,0.4
924.1146851344428,-16.59640300336698,13.165507891955263,3,0.4
930.5424110850445,-16.57754280253512,13.209459777464694,3,0.4
937.0148454052463,-16.5584708190221,13.25307245458089,3,0.4
943.5322990663512,-16.539231380504148,13.295859165683053,3,0.4
950.0950852026382,-16.51978829905737,13.338164172197798,3,0.4
956.7035191264079,-16.500150188713004,13.379868879988829,3,0.4
963.3579183431307,-16.48029850095314,13.421136970379226,3,0.4
970.0586025667028,-16.46025105520104,13.4617532353434,3,0.4
976.8058937348063,-16.440016845069675,13.501592916205546,3,0.4
983.6001160243768,-16.4195495673828,13.541111339371962,3,0.4
990.4415958671789,-16.39888575781295,13.579895303135633,3,0.4
997.3306619654895,-16.378015993315287,13.61801307691483,3,0.4
1004.267645307891,-16.356921326654465,13.655634326038276,3,0.4
1011.2528791851732,-16.335648533454293,13.692233225445666,3,0.4
1018.2866992063468,-16.314150543738457,13.72827672830432,3,0.4
1025.3694433147675,-16.29244610508912,13.763534875905785,3,0.4
1032.5014518043733,-16.27051607428335,13.798180068557125,3,0.4
1039.6830673360337,-16.248389112561856,13.831875085076549,3,0.4
1046.9146349540124,-16.2260267615051,13.864998874383671,3,0.4
1054.1965021025467,-16.203457925911966,13.897210546364095,3,0.4
1061.5290186425389,-16.180653466333325,13.92879048784343,3,0.4
1068.9125368683667,-16.157642689920667,13.959391900679543,3,0.4
1076.347411524809,-16.134425915970173,13.988978187760392,3,0.4
1083.8339998240897,-16.11097367949125,14.017834167445853,3,0.4
1091.37266146304,-16.087285913959604,14.04592850166178,3,0.4
1098.9637586403808,-16.063382716405716,14.073011248612296,3,0.4
1106.607656074124,-16.03925433802724,14.099154685736405,3,0.4
1114.3047210190957,-16.01490102938832,14.124322916219581,3,0.4
1122.0553232845823,-15.990323094330607,14.14847926938521,3,0.4
1129.859835252096,-15.965500299851165,14.171810445366988,3,0.4
1137.7186318932681,-15.940474121624636,14.193831499808198,3,0.4
1145.6320907878635,-15.915193302131856,14.215066997625478,3,0.4
1153.600592141922,-15.889699735494192,14.23502644804129,3,0.4
1161.6245188060257,-15.863962555443019,14.254012720365129,3,0.4
1169.704256293693,-15.83799263133615,14.271873201071388,3,0.4
1177.840192799901,-15.811801151009984,14.288451222661507,3,0.4
1186.032719219736,-15.785378136497217,14.303821554373414,3,0.4
1194.2822291671753,-15.758670132812567,14.318535941557188,3,0.4
1202.5891189939975,-15.731763881151187,14.331609237523898,3,0.4
1210.9537878088256,-15.70461692993552,14.343472174404818,3,0.4
1219.3766374963034,-15.677207817910759,14.354325920273425,3,0.4
1227.8580727364024,-15.649581184020057,14.363645597051853,3,0.4
1236.3985010238666,-15.621715835999211,14.371629080271987,3,0.4
1244.9983326877905,-15.593590051748663,14.378480358464342,3,0.4
1253.657980911332,-15.565249556388622,14.383661780798361,3,0.4
1262.377861751566,-15.536615854942863,14.388001617122912,3,0.4
1271.1583941594727,-15.507769187511492,14.390582307567504,3,0.4
1280.0000000000673,-15.478699517776683,14.391479067958223,3,0.4
1288.9031040726677,-15.449349943112496,14.39128271111425,3,0.4
1297.8681341313059,-15.419779369543505,14.389310048785621,3,0.4
1306.8955209052763,-15.389942023681051,14.386029305529158,3,0.4
1315.9856981198345,-15.359850396544566,14.381267720762658,3,0.4
1325.1391025170333,-15.329529393463435,14.374716174705073,3,0.4
1334.3561738767062,-15.298956339944546,14.366588609910735,3,0.4
1343.6373550375972,-15.26812010116494,14.356971847753199,3,0.4
1352.9830919186386,-15.237033797204791,14.345686253724221,3,0.4
1362.393833540373,-15.205710993386472,14.332547606699887,3,0.4
1371.8700320465282,-15.17410337542019,14.318050191760532,3,0.4
1381.4121427257405,-15.142261683319287,14.301602098725338,3,0.4
1391.0206240334287,-15.110187640520145,14.283149427450967,3,0.4
1400.6959376138216,-15.077857529616132,14.262916500622907,3,0.4
1410.4385483221372,-15.045272648360173,14.240853568380563,3,0.4
1420.2489242469178,-15.012408421220549,14.21719311342543,3,0.4
1430.1275367325184,-14.979304918934774,14.191462175167903,3,0.4
1440.0748604017533,-14.945937618636583,14.163892619091875,3,0.4
1450.0913731787002,-14.912361031335625,14.133856317759735,3,0.4
1460.177556311661,-14.878497390424961,14.10216357696205,3,0.4
1470.3338943962842,-14.844361022182666,14.068622275980774,3,0.4
1480.560875398848,-14.809980428798603,14.032887842626003,3,0.4
1490.8589906797042,-14.77537137222443,13.994755276090768,3,0.4
1501.2287350168863,-14.740480766726527,13.954762915889859,3,0.4
1511.670606629881,-14.70533773891011,13.912560616584976,3,0.4
1522.1851072035656,-14.669986623837897,13.86763726910337,3,0.4
1532.772741912312,-14.634316498178773,13.821149355034697,3,0.4
1543.4340194442575,-14.598413926160244,13.772131919714157,3,0.4
1554.1694520257447,-14.562281533201443,13.720523426828482,3,0.4
1564.9795554459333,-14.52586343683895,13.666885612015523,3,0.4
1575.8648490815792,-14.489175673035646,13.61101099099602,3,0.4
1586.8258559219898,-14.452309581036232,13.551895867007724,3,0.4
1597.863102594151,-14.41513385484632,13.490899112696084,3,0.4
1608.9771193880288,-14.377725267008808,13.427172430446618,3,0.4
1620.1684402820476,-14.34004064546894,13.361136803050083,3,0.4
1631.4376029687455,-14.302128259004753,13.292249882010035,3,0.4
1642.7851488806082,-14.263944283634162,13.220937567323931,3,0.4
1654.2116232160815,-14.225490652149585,13.147143712267457,3,0.4
1665.7175749657672,-14.186849301104296,13.069981365050895,3,0.4
1677.303556938798,-14.14791178477433,12.990545619717304,3,0.4
1688.9701257893985,-14.108760933291947,12.907943246948452,3,0.4
1700.7178420436294,-14.069351212035402,12.822612644027025,3,0.4
1712.5472701263188,-14.029701786156403,12.734322813387962,3,0.4
1724.4589783881795,-13.989799005452369,12.643180706861001,3,0.4
1736.453539133117,-13.949645650045428,12.549124145751295,3,0.4
1748.531528645724,-13.909278965766843,12.45174202324374,3,0.4
1760.6935272189705,-13.868616341444167,12.351839390274296,3,0.4
1772.940119182083,-13.827764524970172,12.24830375393544,3,0.4
1785.2718929286193,-13.786675363831124,12.141591481348026,3,0.4
1797.6894409447373,-13.745316526318572,12.031993396538944,3,0.4
1810.1933598376636,-13.703744832455964,11.918909385415466,3,0.4
1822.7842503643546,-13.661909743413855,11.802810763766496,3,0.4
1835.4627174603627,-13.619851047546724,11.68327081767668,3,0.4
1848.2293702688994,-13.577629039232637,11.559668963078911,3,0.4
1861.0848221701028,-13.535098462232378,11.433400637878103,3,0.4
1874.0296908105065,-13.492394658275176,11.303110769534431,3,0.4
1887.0645981327166,-13.449465505988584,11.16928042954491,3,0.4
1900.190170405291,-13.406315226280572,11.031839393996053,3,0.4
1913.4070382528298,-13.36290859263711,10.891095453563569,3,0.4
1926.715836686276,-13.31928890546892,10.746602485662436,3,0.4
1940.1172051334202,-13.275521773207421,10.597711972182736,3,0.4
1953.611787469627,-13.231470674687124,10.445690745629165,3,0.4
1967.2002320487684,-13.187283254633071,10.289118613343867,3,0.4
1980.8831917343723,-13.142820041568775,10.12927748333999,3,0.4
1994.661323930994,-13.098232515202461,9.964728503051319,3,0.4
2008.535290615797,-13.053378159255956,9.796768668297496,3,0.4
2022.5057583703617,-13.008347087894556,9.624537768446798,3,0.4
2036.573398412709,-12.963123559863355,9.448156933669127,3,0.4
2050.7388866295505,-12.917735657800035,9.267348236338695,3,0.4
2065.0029036087626,-12.872167606541208,9.082233471716597,3,0.4
2079.366134672083,-12.826379894536377,8.893142240271578,3,0.4
2093.8292699080407,-12.78047000870751,8.699182383702043,3,0.4
2108.3930042051093,-12.734376061402372,8.50088567940105,3,0.4
2123.0580372850936,-12.688151750460499,8.29776012357648,3,0.4
2137.82507373675,-12.641709046011966,8.090555103023013,3,0.4
2152.6948230496346,-12.595125945443703,7.878569527537986,3,0.4
2167.6679996481957,-12.548410353191343,7.661720280470529,3,0.4
2182.7453229260964,-12.501520463276659,7.440347650528449,3,0.4
2197.927517280778,-12.45448820729398,7.214160668855351,3,0.4
2213.2153121482643,-12.407424135430867,6.9822199380808225,3,0.4
2228.6094420382083,-12.360132389058782,6.746153125881614,3,0.4
2244.1106465691814,-12.31272282949844,6.505023925386497,3,0.4
2259.7196705042093,-12.26520429279491,6.258748238541031,3,0.4
2275.4372637865536,-12.21761302855018,6.007022528115351,3,0.4
2291.2641815757443,-12.169959673502778,5.749758203794895,3,0.4
2307.2011842838615,-12.122171880735383,5.487528934013708,3,0.4
2323.2490376120686,-12.074314084030553,5.219810668464232,3,0.4
2339.4085125874035,-12.026311309917668,4.947185393028399,3,0.4
2355.6803855998196,-11.978344852888869,4.668230794865475,3,0.4
2372.0654384394898,-11.93028303300725,4.383974922498365,3,0.4
2388.5644583343683,-11.882194900570038,4.0938835505934845,3,0.4
2405.178237988013,-11.834002357646922,3.7985488552406577,3,0.4
2421.9075756176694,-11.785836803503303,3.4969791305438744,3,0.4
2438.753274992625,-11.737557757109299,3.190226230553621,3,0.4
2455.716145472823,-11.68936241827804,2.8768339779364407,3,0.4
2472.797002047752,-11.6412038650144,2.557168823945171,3,0.4
2489.9966653755996,-11.59299988441272,2.2318354695671885,3,0.4
2507.3159618226828,-11.544794450643291,1.9005200601202497,3,0.4
2524.755723503151,-11.496633797930935,1.5629054497767845,3,0.4
2542.3167883189644,-11.448566508156514,1.2186715926493377,3,0.4
2560.0000000001537,-11.400541046787044,0.8681986600868664,3,0.4
2577.806208145355,-11.352571929742885,0.5114029019254211,3,0.4
2595.736268262631,-11.304709344053492,0.14796536711297642,3,0.4
2613.7910418105726,-11.256899018143429,-0.22172660267058267,3,0.4
2631.971396239689,-11.209264042516686,-0.5984636381068984,3,0.4
2650.2782050340866,-11.161787460275685,-0.9820935162492049,3,0.4
2668.7123477534324,-11.114413672436907,-1.3722234396170672,3,0.4
2687.274710075215,-11.06715892846789,-1.7689321185641638,3,0.4
2705.9661838372976,-11.020116564642654,-2.1727740275270424,3,0.4
2724.7876670807664,-10.973229556709159,-2.5833509226273255,3,0.4
2743.740064093077,-10.926594597629355,-3.0012161369349175,3,0.4
2762.824285451502,-10.880193639846086,-3.4262064024176815,3,0.4
2782.0412480668783,-10.83400703602088,-3.858155962737574,3,0.4
2801.391875227664,-10.788136702875988,-4.297614367591205,3,0.4
2820.8770966442953,-10.742523182875326,-4.744172970167072,3,0.4
2840.4978484938565,-10.697271990750023,-5.1983772659750995,3,0.4
2860.2550734650586,-10.652322647341748,-5.659813977222443,3,0.4
2880.1497208035285,-10.607697446768062,-6.128545840041307,3,0.4
2900.1827463574223,-10.563463368832407,-6.604871538083103,3,0.4
2920.355112623344,-10.519556457068717,-7.08837158478635,3,0.4
2940.6677887925907,-10.47618024589704,-7.5800521694625544,3,0.4
2961.121750797718,-10.433089625603873,-8.078537988506104,3,0.4
2981.717981359431,-10.390583776012903,-8.585300793571275,3,0.4
3002.4574700337953,-10.348505707314024,-9.09943621788943,3,0.4
3023.3412132597846,-10.306975938955059,-9.621456778937176,3,0.4
3044.3702144071544,-10.265926760205764,-10.150928191800336,3,0.4
3065.545483824648,-10.225433340044528,-10.688118350346759,3,0.4
3086.868038888538,-10.18552423885631,-11.233054848824684,3,0.4
3108.338904051513,-10.1462286052796,-11.785760447019785,3,0.4
3129.9591108918903,-10.107627325104115,-12.346482357186218,3,0.4
3151.7296981631816,-10.06964902419143,-12.914772365215066,3,0.4
3173.651711844004,-10.032375011975907,-13.490867932519526,3,0.4
3195.726205188326,-9.995889809996246,-14.07499484074569,3,0.4
3217.954238776082,-9.960119537056665,-14.666695720024626,3,0.4
3240.3368805641194,-9.925094432924986,-15.265963740386988,3,0.4
3262.8752059375156,-9.891010868861057,-15.873444778604425,3,0.4
3285.570297761241,-9.85762645173267,-16.488013453242182,3,0.4
3308.4232464321876,-9.825025098957594,-17.109871381921735,3,0.4
3331.435149931559,-9.793465648130073,-17.73984472477715,3,0.4
3354.607113877621,-9.76281235885413,-18.377240243474382,3,0.4
3377.9402515788224,-9.733156141048976,-19.022218059213337,3,0.4
3401.4356840872842,-9.704472161182384,-19.674509356310427,3,0.4
3425.094540252663,-9.676853019333539,-20.33425321525601,3,0.4
3448.9179567763854,-9.650212091410534,-21.000970261448604,3,0.4
3472.9070782662598,-9.624702782281801,-21.674982993771053,3,0.4
3497.0630572914743,-9.600173837189732,-22.35561420969145,3,0.4
3521.387054437968,-9.576904573199624,-23.043547558623736,3,0.4
3545.880238364193,-9.554741566452309,-23.738098612399856,3,0.4
3570.543785857265,-9.533907029602654,-24.439713594108554,3,0.4
3595.378881889502,-9.51430773397447,-25.147890054762783,3,0.4
3620.3867196753545,-9.495845060332055,-25.86214612803685,3,0.4
3645.5685007287366,-9.478809843197832,-26.58305135370345,3,0.4
3670.9254349207527,-9.462904688809598,-27.309596888557913,3,0.4
3696.458740537827,-9.448355580551773,-28.04215264399713,3,0.4
3722.1696443402334,-9.435327469914746,-28.780871138421524,3,0.4
3748.0593816210417,-9.42364857867981,-29.52508949299531,3,0.4
3774.129196265462,-9.41348293362452,-30.274938093466123,3,0.4
3800.3803408106105,-9.404652149634456,-31.029777672838296,3,0.4
3826.8140765056887,-9.397249476111817,-31.789578284478193,3,0.4
3853.43167337258,-9.391369391051175,-32.55428363769057,3,0.4
3880.2344102668694,-9.3868953261475,-33.323420148969575,3,0.4
3907.223574939284,-9.384203929287807,-34.09742212521001,3,0.4
3934.400464097566,-9.382892310103783,-34.87529720741744,3,0.4
3961.7663834687746,-9.38312192484916,-35.65708701483951,3,0.4
3989.322647862018,-9.38505653906227,-36.44278487848152,3,0.4
4017.070581231624,-9.388497753166012,-37.231818086396444,3,0.4
4045.011516740754,-9.393533956600127,-38.0240658047706,3,0.4
4073.1467968254487,-9.400253715325514,-38.81938023413837,3,0.4
4101.477773259132,-9.408671684459156,-39.617500087354856,3,0.4
4130.005807217556,-9.418578622906356,-40.41791882813812,3,0.4
4158.732269344197,-9.430281203565132,-41.22071816723938,3,0.4
4187.658539816113,-9.443641046562398,-42.02547144381405,3,0.4
4216.78600841025,-9.458516205152806,-42.8317969963422,3,0.4
4246.116074570219,-9.47513695450214,-43.639642106164835,3,0.4
4275.650147473531,-9.493508726902146,-44.44872909677433,3,0.4
4305.389646099301,-9.51348449140125,-45.25869063574665,3,0.4
4335.335999296423,-9.535141083080939,-46.06932259200462,3,0.4
4365.4906458522255,-9.558403117569329,-46.8803325196016,3,0.4
4395.8550345615895,-9.583496165803796,-47.69155708949861,3,0.4
4426.430624296562,-9.610114813311517,-48.50262200019433,3,0.4
4457.21888407645,-9.638406070656298,-49.31333496789578,3,0.4
4488.2212931383965,-9.668288453705443,-50.123434332864804,3,0.4
4519.439341008452,-9.699906377849336,-50.93268987799186,3,0.4
4550.874527573141,-9.733024072897354,-51.740849268399835,3,0.4
4582.528363151522,-9.767707630592211,-52.54769377365518,3,0.4
4614.402368567757,-9.80417278668454,-53.35295065799655,3,0.4
4646.498075224173,-9.841878451779975,-54.156507613861734,3,0.4
4678.817025174842,-9.88149047888552,-54.957964271241494,3,0.4
4711.360771199674,-9.922466378364698,-55.75726623439541,3,0.4
4744.130876879015,-9.96509144173402,-56.554084109151674,3,0.4
4777.128916668773,-10.009123836801315,-57.348324908145095,3,0.4
4810.356475976061,-10.054621286692715,-58.13976284580841,3,0.4
4843.815151235375,-10.101491271315838,-58.92827056612866,3,0.4
4877.506549985286,-10.150011441767115,-59.71343303165601,3,0.4
4911.432290945683,-10.199938333254469,-60.49523448785649,3,0.4
4945.594004095541,-10.251104508615924,-61.27365811925634,3,0.4
4979.9933307512365,-10.3037097977777,-62.048338986166016,3,0.4
5014.631923645403,-10.357658667325696,-62.81919405176441,3,0.4
5049.511447006339,-10.412784022812545,-63.5862583201132,3,0.4
5084.633576637967,-10.469569178944809,-64.34875934952554,3,0.4
5120.000000000346,-10.527269145923757,-65.1074908344684,3,0.4
5155.612416290749,-10.586293387736376,-65.86177391071047,3,0.4
5191.4725365253,-10.64647525349371,-66.61169610879,3,0.4
5227.582083621183,-10.708002912592837,-67.35681850918057,3,0.4
5263.942792479418,-10.770569792529415,-68.09748564783024,3,0.4
5300.556410068212,-10.834292961698056,-68.83338171970925,3,0.4
5337.424695506905,-10.899285772937917,-69.56416159591771,3,0.4
5374.54942015047,-10.96517823878228,-70.29037625075586,3,0.4
5411.932367674636,-11.03222203641099,-71.01144285346098,3,0.4
5449.575334161574,-11.100188531935553,-71.72769918421075,3,0.4
5487.480128186196,-11.169190173256133,-72.43881701457278,3,0.4
5525.648570903045,-11.239202520900447,-73.14473811445177,3,0.4
5564.082496133798,-11.310135303783369,-73.84556182586283,3,0.4
5602.78375045537,-11.381965966679209,-74.5412526038601,3,0.4
5641.754193288633,-11.45473709214415,-75.23162128246646,3,0.4
5680.995696987757,-11.528360639794426,-75.91679410227869,3,0.4
5720.51014693016,-11.602814818256018,-76.59675044015613,3,0.4
5760.2994416071,-11.678078141419132,-77.2714741888325,3,0.4
5800.365492714889,-11.754254877223415,-77.94061036698238,3,0.4
5840.710225246731,-11.831072231084763,-78.60483182627286,3,0.4
5881.335577585225,-11.908697873301296,-79.26362042168911,3,0.4
5922.243501595481,-11.987048985421334,-79.9171482193809,3,0.4
5963.435962718906,-12.066166320080349,-80.56523638675209,3,0.4
6004.914940067636,-12.145909036987488,-81.20825567835901,3,0.4
6046.682426519615,-12.226319247423323,-81.84603663922458,3,0.4
6088.740428814354,-12.30737843417835,-82.47859313816765,3,0.4
6131.090967649341,-12.389126701504864,-83.10574930756172,3,0.4
6173.736077777122,-12.471429385219594,-83.72790780604062,3,0.4
6216.6778081030725,-12.55427092774763,-84.34509739309215,3,0.4
6259.918221783827,-12.637692699160482,-84.9571497227372,3,0.4
6303.4593963264115,-12.721678288108782,-85.56409139339854,3,0.4
6347.303423688055,-12.806211708664573,-86.16595114199274,3,0.4
6391.4524103767,-12.891222586482996,-86.76296429535677,3,0.4
6435.9084775522115,-12.97686022366568,-87.35454964558892,3,0.4
6480.673761128287,-13.062945463795305,-87.94135528189543,3,0.4
6525.750411875079,-13.149412548470634,-88.52363139140643,3,0.4
6571.140595522531,-13.236461248537703,-89.10058044286065,3,0.4
6616.846492864425,-13.323762578595058,-89.67350617956943,3,0.4
6662.870299863169,-13.411567465225867,-90.24139619776261,3,0.4
6709.214227755292,-13.499912504873908,-90.80407201061267,3,0.4
6755.880503157695,-13.588479767756112,-91.36286435276072,3,0.4
6802.871368174619,-13.677513104670291,-91.91674339605238,3,0.4
6850.189080505378,-13.766950029468543,-92.46596696561924,3,0.4
6897.835913552822,-13.856681786039422,-93.01101721512657,3,0.4
6945.814156532571,-13.946700729886787,-93.55194405288819,3,0.4
6994.126114583001,-14.037190483443192,-94.0879130147108,3,0.4
7042.774108875988,-14.127996121601935,-94.61962946493475,3,0.4
7091.760476728439,-14.219109408596688,-95.14714109445605,3,0.4
7141.087571714584,-14.31061480086074,-95.67004894551214,3,0.4
7190.757763779057,-14.402273210619263,-96.18951668314185,3,0.4
7240.773439350762,-14.494217401599974,-96.70492385362488,3,0.4
7291.137001457528,-14.586574359437103,-97.21564231533651,3,0.4
7341.850869841561,-14.679067724550093,-97.72306851414548,3,0.4
7392.917481075709,-14.771870219485738,-98.22634947463779,3,0.4
7444.339288680522,-14.865017342210272,-98.72530407628216,3,0.4
7496.118763242139,-14.958414750635331,-99.22043036866621,3,0.4
7548.258392530979,-15.051972211842797,-99.71222918317548,3,0.4
7600.760681621277,-15.145854200586871,-100.19983829766575,3,0.4
7653.628153011434,-15.239887362437312,-100.68421261701943,3,0.4
7706.863346745218,-15.334273696852897,-101.16425889594562,3,0.4
7760.468820533797,-15.428761855714626,-101.64138886825005,3,0.4
7814.447149878626,-15.523471133581985,-102.11496344549128,3,0.4
7868.800928195191,-15.618476060095487,-102.58456959663602,3,0.4
7923.532766937609,-15.713613513312543,-103.0511637260794,3,0.4
7978.645295724095,-15.808920686260963,-103.51456044438842,3,0.4
8034.141162463309,-15.904433152550578,-103.97457346206937,3,0.4
8090.023033481568,-16.000222647598132,-104.43078749669057,3,0.4
8146.293593650958,-16.09617108178416,-104.88392893852561,3,0.4
8202.955546518326,-16.192239425280487,-105.33426638539946,3,0.4
8260.011614435174,-16.28857282503749,-105.78092658272276,3,0.4
8317.464538688457,-16.385057467178147,-106.22463361743264,3,0.4
8375.317079632288,-16.481691597386366,-106.66542582683458,3,0.4
8433.572016820564,-16.5785088201706,-107.1031132115409,3,0.4
8492.232149140504,-16.675541243605046,-107.53750594082503,3,0.4
8551.300294947127,-16.77264723362758,-107.96955033483866,3,0.4
8610.779292198666,-16.869930016052407,-108.39859983245225,3,0.4
8670.671998592914,-16.967387174697038,-108.82469014560381,3,0.4
8730.981291704516,-17.065082995045607,-109.24740385423375,3,0.4
8791.710069123244,-17.16284841094568,-109.66790728261557,3,0.4
8852.86124859319,-17.260814886145763,-110.08532900538518,3,0.4
8914.437768152968,-17.35891493874999,-110.50015398269052,3,0.4
8976.44258627686,-17.457115937300664,-110.9126387765976,3,0.4
9038.878682016972,-17.555512546302523,-111.32213992321229,3,0.4
9101.74905514635,-17.654008637758583,-111.72936234587654,3,0.4
9165.056726303115,-17.752696842225184,-112.1336638150551,3,0.4
9228.804737135582,-17.851544078957954,-112.53529930274372,3,0.4
9292.996150448414,-17.950488707632328,-112.93474409419194,3,0.4
9357.634050349754,-18.04959068048412,-113.33158042703,3,0.4
9422.721542399418,-18.148877903337663,-113.72561550611832,3,0.4
9488.261753758103,-18.24823188725408,-114.11776377142493,3,0.4
9554.257833337617,-18.347740368095906,-114.50738650947879,3,0.4
9620.712951952195,-18.447458778714875,-114.89407083627677,3,0.4
9687.630302470823,-18.547215681718534,-115.27916390506748,3,0.4
9755.013099970645,-18.647124631920825,-115.66180947742997,3,0.4
9822.864581891441,-18.74712965090292,-116.04247000518431,3,0.4
9891.188008191157,-18.84733986358984,-116.42029607192309,3,0.4
9959.98666150255,-18.94767196460339,-116.79596753244296,3,0.4
10029.26384729088,-19.04809935698428,-117.16972344339058,3,0.4
10099.022894012754,-19.148701369465535,-117.54093607059697,3,0.4
10169.26715327601,-19.24937261077438,-117.91049191789162,3,0.4
10240.000000000768,-19.350242690882993,-118.27733475919895,3,0.4
10311.224832581574,-19.45113190347736,-118.64298913261874,3,0.4
10382.945073050678,-19.552268666888562,-119.00554685536137,3,0.4
10455.164167242447,-19.653475657327235,-119.36652640723113,3,0.4
10527.885584958914,-19.75482785657568,-119.72530683099652,3,0.4
10601.112820136505,-19.85627611818941,-120.08233158895985,3,0.4
10674.849391013888,-19.957869018182468,-120.43719557703207,3,0.4
10749.098840301021,-20.059582137289944,-120.79012870902733,3,0.4
10823.864735349352,-20.161415487272013,-121.14114844851952,3,0.4
10899.15066832323,-20.26339214052969,-121.49006329269069,3,0.4
10974.960256372473,-20.365534111526642,-121.8366842084078,3,0.4
11051.297141806172,-20.467749726305854,-122.18186032725924,3,0.4
11128.16499226768,-20.57008512533895,-122.52519045030219,3,0.4
11205.567500910824,-20.672518314274654,-122.86689580301879,3,0.4
11283.508386577352,-20.775137124866134,-123.20616965840014,3,0.4
11361.991393975597,-20.877874772599235,-123.54364609887746,3,0.4
11441.020293860403,-20.980710022032277,-123.87954310047029,3,0.4
11520.598883214287,-21.083664652368384,-124.213669930196,3,0.4
11600.730985429864,-21.1867178976987,-124.54624238484631,3,0.4
11681.420450493551,-21.289932093599813,-124.87666823941875,3,0.4
11762.671155170538,-21.39324490825667,-125.20556652051665,3,0.4
11844.48700319105,-21.496717240462285,-125.5323489892812,3,0.4
11926.871925437901,-21.600327849254803,-125.85723180132834,3,0.4
12009.82988013536,-21.70399762333956,-126.1810219882985,3,0.4
12093.36485303932,-21.807825479631088,-126.50273816730606,3,0.4
12177.4808576288,-21.911752574400722,-126.82298640443516,3,0.4
12262.181935298773,-22.01583632888081,-127.14118874360449,3,0.4
12347.472155554336,-22.120000532926465,-127.4581409829613,3,0.4
12433.355616206238,-22.224301922250493,-127.77326702365394,3,0.4
12519.836443567749,-22.32873978097394,-128.08658007892765,3,0.4
12606.918792652916,-22.433259201613485,-128.3986707890507,3,0.4
12694.606847376202,-22.53793278791069,-128.70877773528673,3,0.4
12782.904820753494,-22.642723896047894,-129.01729776763852,3,0.4
12871.816955104521,-22.747614985906488,-129.32443096626983,3,0.4
12961.347522256672,-22.852658270313047,-129.62961663695154,3,0.4
13051.500823750257,-22.957784268983122,-129.9336232533426,3,0.4
13142.28119104516,-23.063061398629436,-130.2357044246621,3,0.4
13233.69298572895,-23.168438407236195,-130.5364348623389,3,0.4
13325.740599726436,-23.273948620771385,-130.8354488992721,3,0.4
13418.428455510686,-23.379591294409995,-131.13275774858036,3,0.4
13511.761006315492,-23.48533356113795,-131.42874136900195,3,0.4
13605.74273634934,-23.591175809688284,-131.72340573597668,3,0.4
13700.378161010858,-23.697165464323472,-132.01620818992808,3,0.4
13795.671827105747,-23.803270201573884,-132.30752574754126,3,0.4
13891.628313065248,-23.909489809601816,-132.59736635502628,3,0.4
13988.252229166108,-24.01579378731151,-132.88609852602494,3,0.4
14085.548217752083,-24.12225777280348,-133.17282729177307,3,0.4
14183.520953456982,-24.228820783894772,-133.45828241903916,3,0.4
14282.175143429275,-24.335512310789134,-133.74211302833095,3,0.4
14381.515527558222,-24.442288258088634,-134.02486003184117,3,0.4
14481.546878701633,-24.549206437504154,-134.30582062263457,3,0.4
14582.274002915165,-24.656237345951784,-134.58535757096465,3,0.4
14683.70173968323,-24.763394615732963,-134.86330314913482,3,0.4
14785.834962151528,-24.870663680028,-135.13984035258454,3,0.4
14888.678577361155,-24.978017026964213,-135.41532171064839,3,0.4
14992.23752648439,-25.08549561769252,-135.68923244419622,3,0.4
15096.516785062071,-25.193125182657347,-135.96123885788526,3,0.4
15201.521363242668,-25.300812112342037,-136.2325480025013,3,0.4
15307.256306022984,-25.408635718071938,-136.50213832382855,3,0.4
15413.726693490553,-25.51656908007528,-136.77035854733012,3,0.4
15520.93764106771,-25.624649787283783,-137.03671070652533,3,0.4
15628.894299757369,-25.73281357701097,-137.30204405685103,3,0.4
15737.6018563905,-25.841060969749844,-137.5663595286016,3,0.4
15847.065533875337,-25.949453480616086,-137.82883029814104,3,0.4
15957.29059144831,-26.05795319825329,-138.08996360858166,3,0.4
16068.282324926739,-26.16657162405884,-138.34960119321494,3,0.4
16180.046066963258,-26.275249058304016,-138.60856644251328,3,0.4
16292.587187302037,-26.384079801278027,-138.8655569588207,3,0.4
16405.911093036775,-26.493015767126614,-139.12123373677295,3,0.4
16520.023228870472,-26.602056513955006,-139.37560212485099,3,0.4
16634.92907737704,-26.711190380021307,-139.62882721642217,3,0.4
16750.634159264704,-26.820450541997435,-139.88043481325278,3,0.4
16867.144033641256,-26.929824782533373,-140.1305931467602,3,0.4
16984.464298281135,-27.039268997958242,-140.3799392308249,3,0.4
17102.600589894384,-27.148826608470316,-140.62784459223266,3,0.4
17221.558584397462,-27.258507279734076,-140.87416092208468,3,0.4
17341.343997185955,-27.368299326670318,-141.11905296750356,3,0.4
17461.962583409164,-27.47816070368659,-141.36314457897572,3,0.4
17583.42013824662,-27.58815304749653,-141.60551340054153,3,0.4
17705.72249718651,-27.698254639468413,-141.84647653605984,3,0.4
17828.875536306066,-27.80844476118161,-142.08634459928214,3,0.4
17952.885172553855,-27.91872326524245,-142.32511990937326,3,0.4
18077.75736403408,-28.029109348437654,-142.56250451854396,3,0.4
18203.498110292836,-28.13960212343605,-142.79850547672274,3,0.4
18330.113452606365,-28.25018181906699,-143.03342684093968,3,0.4
18457.609474271307,-28.360894884854773,-143.2665321494091,3,0.4
18585.99230089697,-28.471674913432516,-143.49886403667864,3,0.4
18715.26810069965,-28.582558788841045,-143.72983529411675,3,0.4
18845.44308479898,-28.69353663811511,-143.95959813455548,3,0.4
18976.523507516347,-28.804616786985953,-144.18801243955193,3,0.4
19108.51566667538,-28.91578958510705,-144.41522877895116,3,0.4
19241.425903904536,-29.02705447688998,-144.6412515492047,3,0.4
19375.260604941792,-29.138419453669417,-144.86594289938984,3,0.4
19510.026199941436,-29.24987518872722,-145.0894509604325,3,0.4
19645.729163783028,-29.361429458571536,-145.3116393868995,3,0.4
19782.376016382463,-29.473064911034562,-145.5327945886321,3,0.4
19919.973323005244,-29.58480568942184,-145.75250116433625,3,0.4
20058.527694581913,-29.696626511806663,-145.97118304650581,3,0.4
20198.045788025658,-29.808558841530516,-146.18829184125798,3,0.4
20338.53430655217,-29.92055420367057,-146.4046595494638,3,0.4
20480.00000000169,-30.032651592683543,-146.61960323202453,3,0.4
20622.4496651633,-30.1448345655554,-146.83340222621544,3,0.4
20765.890146101516,-30.257117633483453,-147.0457916378604,3,0.4
20910.32833448505,-30.369477297702254,-147.2571814736462,3,0.4
21055.771169917985,-30.48192061862079,-147.4674405752371,3,0.4
21202.22564027317,-30.59445427917248,-147.6764407959524,3,0.4
21349.698782027936,-30.70707742186563,-147.88418849213826,3,0.4
21498.197680602203,-30.81978210996432,-148.0908207614651,3,0.4
21647.72947069887,-30.93256776219932,-148.29634167484954,3,0.4
21798.301336646622,-31.045440702496492,-148.500626014762,3,0.4
21949.920512745113,-31.158393265862433,-148.7038085927408,3,0.4
22102.59428361251,-31.271424869785974,-148.90589344534635,3,0.4
22256.32998453553,-31.384548228296552,-149.10663046882595,3,0.4
22411.135001821818,-31.49774255818466,-149.30640708017592,3,0.4
22567.01677315487,-31.61102697444533,-149.50484827762986,3,0.4
22723.98278795137,-31.72437480186165,-149.7024619302027,3,0.4
22882.04058772098,-31.837823861655174,-149.89850275853678,3,0.4
23041.197766428744,-31.951335175259253,-150.09372399256029,3,0.4
23201.4619708599,-32.06492096313818,-150.28787984693162,3,0.4
23362.840900987278,-32.17859280843086,-150.48073029711315,3,0.4
23525.342310341253,-32.292349667530125,-150.67228358547408,3,0.4
23688.974006382276,-32.40616679619758,-150.86303018739096,3,0.4
23853.743850875984,-32.52006163519668,-151.05261019065722,3,0.4
24019.6597602709,-32.634027608401695,-151.24114879493652,3,0.4
24186.729706078822,-32.74808125660542,-151.42829456818373,3,0.4
24354.96171525778,-32.86218756482167,-151.6147642238463,3,0.4
24524.363870597732,-32.976379973921546,-151.79985305889275,3,0.4
24694.944311108862,-33.09063532007015,-151.98403666237672,3,0.4
24866.711232412665,-33.204974924260675,-152.16685417891478,3,0.4
25039.672887135683,-33.31937085371002,-152.34889057526703,3,0.4
25213.837585306024,-33.43384408471187,-152.52968843458257,3,0.4
25389.213694752598,-33.54838322548931,-152.70948294229575,3,0.4
25565.809641507185,-33.66298772151335,-152.88827795198137,3,0.4
25743.63391020923,-33.77766717832867,-153.06585282123476,3,0.4
25922.695044513537,-33.89240560868623,-153.24255016579622,3,0.4
26103.00164750071,-34.00721255891603,-153.41815000013327,3,0.4
26284.562382090517,-34.12208728984447,-153.59265816941465,3,0.4
26467.385971458098,-34.23702906819551,-153.76608049983582,3,0.4
26651.481199453076,-34.35203240566889,-153.93853169943657,3,0.4
26836.856911021572,-34.467096765066,-154.11001557461057,3,0.4
27023.522012631187,-34.5822308881159,-154.28032076472522,3,0.4
27211.485472698885,-34.6974247231411,-154.44966885738899,3,0.4
27400.75632202192,-34.81267774173473,-154.6180636367547,3,0.4
27591.3436542117,-34.92798941708997,-154.78550888540508,3,0.4
27783.256626130707,-35.04337683732533,-154.95158845777183,3,0.4
27976.504458332423,-35.15881271648907,-155.1169398804223,3,0.4
28171.096435504372,-35.27430974919407,-155.28125195972868,3,0.4
28367.04190691418,-35.38986301839722,-155.4446334265663,3,0.4
28564.35028685876,-35.505480370731576,-155.6068831732293,3,0.4
28763.031055116662,-35.6211527204377,-155.76821232483707,3,0.4
28963.093757403483,-35.73688770609377,-155.92842227062218,3,0.4
29164.548005830547,-35.85266843432732,-156.0879226573177,3,0.4
29367.403479366687,-35.96851058696109,-156.24631377178721,3,0.4
29571.669924303278,-36.084405527161735,-156.40380165146277,3,0.4
29777.35715472254,-36.20036048932733,-156.5601926237453,3,0.4
29984.475052969006,-36.31635942948392,-156.715886352456,3,0.4
30193.03357012437,-36.43242850371291,-156.87020061704467,3,0.4
30403.042726485564,-36.548536777440155,-157.023923052648,3,0.4
30614.512612046197,-36.664706205543844,-157.17647435964483,3,0.4
30827.45338698134,-36.78092140907449,-157.32824620891893,3,0.4
31041.875282135654,-36.89718920023727,-157.47905033644915,3,0.4
31257.788599514974,-37.01350896915356,-157.62889216448283,3,0.4
31475.203712781236,-37.12988011172651,-157.7777770919158,3,0.4
31694.13106775091,-37.24630202960142,-157.92571049367973,3,0.4
31914.581182896858,-37.36276735699004,-158.07288309333146,3,0.4
32136.564649853717,-37.479285799927936,-158.2190204047753,3,0.4
32360.09213392676,-37.59585664198195,-158.36412948535872,3,0.4
32585.17437460432,-37.712466156123384,-158.50858112724325,3,0.4
32811.8221860738,-37.82913021755168,-158.65192354709401,3,0.4
33040.04645774119,-37.945832153856756,-158.7946144055666,3,0.4
33269.85815475433,-38.06258741978193,-158.93620761808972,3,0.4
33501.26831852966,-38.17938594681636,-159.07697774818337,3,0.4
33734.28806728276,-38.29623035082748,-159.2168401237165,3,0.4
33968.928596562524,-38.41311707687111,-159.355887369834,3,0.4
34205.20117978902,-38.53005163257417,-159.4939488786511,3,0.4
34443.11716879519,-38.647027505008936,-159.63120416018953,3,0.4
34682.68799437217,-38.7640442748571,-159.76765647201998,3,0.4
34923.92516681859,-38.8811100748045,-159.90305301315976,3,0.4
35166.8402764935,-38.998210083838,-160.03782574479683,3,0.4
35411.44499437329,-39.115360763668406,-160.1714689334731,3,0.4
35657.7510726124,-39.23254756006564,-160.3044104543937,3,0.4
35905.77034510798,-39.34977556895695,-160.4364850184361,3,0.4
36155.51472806843,-39.46703358929861,-160.56802718988314,3,0.4
36406.99622058595,-39.584342552516546,-160.69837740743264,3,0.4
36660.22690521301,-39.701685892802566,-160.82803462758991,3,0.4
36915.21894854289,-39.819073467661845,-160.95667382283946,3,0.4
37171.98460179422,-39.93649935250527,-161.08446031725833,3,0.4
37430.53620139958,-40.05395777246033,-161.21155325451153,3,0.4
37690.88616959824,-40.17145281068853,-161.33778621611313,3,0.4
37953.04701503298,-40.288982865337324,-161.46314849620205,3,0.4
38217.03133335104,-40.40654013973203,-161.58777342986255,3,0.4
38482.85180780936,-40.524122409784056,-161.71144973041402,3,0.4
38750.521209883875,-40.641711632718156,-161.83390175993466,3,0.4
39020.05239988316,-40.75919357796151,-161.9552350352032,3,0.4
39291.458327566346,-40.87617169670516,-162.078092315327,3,0.4
39564.752032765224,-40.99446852534341,-162.20435623499597,3,0.4
39839.94664601079,-41.11259578799328,-162.32317204556668,3,0.4
40117.05538916413,-41.23049343266545,-162.44151880516168,3,0.4
40396.09157605162,-41.34836608667151,-162.5593548734828,3,0.4
40677.068613104646,-41.46624876754827,-162.67638706713845,3,0.4
40960.00000000368,-41.584131455361806,-162.79257572076082,3,0.4
41244.899330326916,-41.7019470132429,-162.907684254749,3,0.4
41531.78029220334,-41.819267044954415,-163.0222298977216,3,0.4
41820.65666897041,-41.93737897352311,-163.1453136612362,3,0.4
42111.54233983629,-42.05601235767337,-163.2581185321492,3,0.4
42404.45128054665,-42.17420930174544,-163.37016563484832,3,0.4
42699.3975640562,-42.292351052785705,-163.4821111491712,3,0.4
42996.39536120473,-42.41050305149049,-163.59347443529578,3,0.4
43295.458941398065,-42.528676762534026,-163.70421907634798,3,0.4
43596.60267329357,-42.6468725319831,-163.8144380797414,3,0.4
43899.84102549055,-42.76509922925065,-163.9238324823871,3,0.4
44205.18856722535,-42.88334992417076,-164.03266899624137,3,0.4
44512.659969071385,-43.00162838305611,-164.1408050042513,3,0.4
44822.27000364397,-43.11993447847559,-164.2482395557914,3,0.4
45134.033546310086,-43.23827146330991,-164.35483934752673,3,0.4
45447.96557590307,-43.35663037249959,-164.46094202388755,3,0.4
45764.081175442305,-43.4750178796524,-164.5662814845561,3,0.4
46082.39553285784,-43.59343027779453,-164.6709935735854,3,0.4
46402.92394172015,-43.71187225313563,-164.774884404455,3,0.4
46725.681801974904,-43.83033686839711,-164.8782196425092,3,0.4
47050.68462068286,-43.948828737993146,-164.98080705919037,3,0.4
47377.94801276491,-44.067344322310646,-165.08277979327104,3,0.4
47707.487701752325,-44.18588648405024,-165.18401324952652,3,0.4
48039.319520542165,-44.3044502367181,-165.28470216519747,3,0.4
48373.45941215801,-44.423041456134214,-165.3845969450957,3,0.4
48709.923430515926,-44.54165522396099,-165.4838911205208,3,0.4
49048.72774119583,-44.66028834489165,-165.58271131396233,3,0.4
49389.888622218095,-44.77895088196096,-165.68062718744955,3,0.4
49733.4224648257,-44.89763655495888,-165.77789212956424,3,0.4
50000.0,-44.98918134615711,-165.85270925691495,3,0.4
10.0,-14.548539994727891,-0.28506109304368227,4,0.5
10.069555500567189,-14.548799613733642,-0.2864039924572874,4,0.5
10.139594797900294,-14.549085668396282,-0.28774736787397204,4,0.5
10.210121257071936,-14.549353300599524,-0.28908613249148973,4,0.5
10.281138266560667,-14.549640981588492,-0.290424310042684,4,0.5
10.352649238413779,-14.549923084868004,-0.2917588699946372,4,0.5
10.424657608411218,-14.550199623783694,-0.29308958550003295,4,0.5
10.497166836230678,-14.55050265658719,-0.2944198712115747,4,0.5
10.57018040561381,-14.550787332903198,-0.295744433821845,4,0.5
10.643701824533608,-14.55109852769257,-0.29706818379555083,4,0.5
10.71773462536294,-14.55138498539888,-0.29838499691971315,4,0.5
10.792282365044281,-14.551691579160575,-0.2996998383560289,4,0.5
10.867348625260592,-14.55199268950405,-0.3010094983022309,4,0.5
10.942937012607405,-14.5523075543924,-0.30231601386956136,4,0.5
11.019051158766118,-14.552623372051425,-0.3036176430398332,4,0.5
11.095694720678463,-14.552940157176513,-0.30491414347229967,4,0.5
11.172871380722214,-14.55324511060435,-0.3062037071139714,4,0.5
11.250584846888108,-14.553576689829415,-0.3074907704391641,4,0.5
11.328838852958,-14.553902874470943,-0.30877118707340695,4,0.5
11.407637158684253,-14.554223680902874,-0.31004468190452333,4,0.5
11.486983549970367,-14.554558344150482,-0.3113133921336412,4,0.5
11.566881839052892,-14.55490047306826,-0.3125762790821779,4,0.5
11.647335864684578,-14.555230866304159,-0.31383063993575755,4,0.5
11.728349492318808,-14.555575163724994,-0.3150794625481845,4,0.5
11.809926614295325,-14.55592057041283,-0.31632084856294557,4,0.5
11.892071150027233,-14.556273508589868,-0.31755535645444904,4,0.5
11.97478704618931,-14.556621185413661,-0.3187810360327507,4,0.5
12.05807827690763,-14.556976428387546,-0.31999928220995427,4,0.5
12.141948843950495,-14.557332850551122,-0.32120896828007295,4,0.5
12.226402776920713,-14.55770327820559,-0.32241152816747765,4,0.5
12.31144413344919,-14.558068517198864,-0.323604094589401,4,0.5
12.397076999389895,-14.558441394208872,-0.32478810123542506,4,0.5
12.48330548901615,-14.55880912106827,-0.3259614968677642,4,0.5
12.570133745218314,-14.559184524044328,-0.3271257351819081,4,0.5
12.657565939702833,-14.559574024873376,-0.3282814239302514,4,0.5
12.745606273192656,-14.5599520322632,-0.3294246712986748,4,0.5
12.834258975629076,-14.560344176972606,-0.3305587651363447,4,0.5
12.923528306374958,-14.560731272434829,-0.33168066944067387,4,0.5
13.013418554419374,-14.561119742057858,-0.33279096438706973,4,0.5
13.10393403858367,-14.561516008686102,-0.33389025551144985,4,0.5
13.195079107728983,-14.561913692126915,-0.33497729223661127,4,0.5
13.286858140965156,-14.562325616132883,-0.3360536368002081,4,0.5
13.379275547861162,-14.562745400886525,-0.3371180400597486,4,0.5
13.472335768656947,-14.56314746729814,-0.3381663295255665,4,0.5
13.566043274476765,-14.563563840854389,-0.3392029483912839,4,0.5
13.660402567544,-14.563981744000895,-0.34022563724789723,4,0.5
13.755418181397484,-14.564407600012148,-0.34123503212543543,4,0.5
13.851094681109295,-14.564841432247439,-0.3422308028139914,4,0.5
13.947436663504105,-14.565264068022639,-0.3432096094421424,4,0.5
14.044448757380025,-14.56570112810602,-0.3441750861244953,4,0.5
14.142135623731003,-14.56614623792693,-0.3451259000586036,4,0.5
14.240501955970773,-14.566567432720696,-0.3460565781505974,4,0.5
14.33955248015833,-14.567028718579758,-0.3469770008901,4,0.5
14.439291955225018,-14.567466143451746,-0.3478765165579625,4,0.5
14.539725173203164,-14.567918119995067,-0.3487609598428666,4,0.5
14.640856959456315,-14.568378277143587,-0.3496289453258817,4,0.5
14.742692172911074,-14.568840245420848,-0.350479052037908,4,0.5
14.845235706290554,-14.569304053167151,-0.3513108994503352,4,0.5
14.94849248634945,-14.569776124745859,-0.35212518994533704,4,0.5
15.05246747411074,-14.570243697559349,-0.3529193764635761,4,0.5
15.15716566510405,-14.570719592408487,-0.35369525102406457,4,0.5
15.26259208960566,-14.571191048832903,-0.35445022741355586,4,0.5
15.368751812880195,-14.571677281784286,-0.35518724920976547,4,0.5
15.475649935423972,-14.572159137810026,-0.35590258824806453,4,0.5
15.58329159321007,-14.57264943703958,-0.3565980997562728,4,0.5
15.69168195793509,-14.573141816988546,-0.3572722665545426,4,0.5
15.800826237267621,-14.573636310178813,-0.35792469039873165,4,0.5
15.910729675098453,-14.574132949462538,-0.3585549715137206,4,0.5
16.02139755179252,-14.57465094568542,-0.3591662364624021,4,0.5
16.13283518444261,-14.575151977228929,-0.35975105572767546,4,0.5
16.245047927124794,-14.575661648568136,-0.3603137200963692,4,0.5
16.358041171155712,-14.576173602351208,-0.3608526490826559,4,0.5
16.471820345351553,-14.576687874139498,-0.3613674371534441,4,0.5
16.586390916288924,-14.577217281480642,-0.36186012663809236,4,0.5
16.70175838856748,-14.57774907809963,-0.36232790150616384,4,0.5
16.817928305074386,-14.57826413133663,-0.36276662156528505,4,0.5
16.93490624725064,-14.578813599158266,-0.3631858237562415,4,0.5
17.052697835359233,-14.579340011122978,-0.3635738704075307,4,0.5
17.17130872875518,-14.579875354979233,-0.36393660513173437,4,0.5
17.290744626157405,-14.58041966914594,-0.36427365033315634,4,0.5
17.411011265922586,-14.58096021637778,-0.3645820372714601,4,0.5
17.53211442632081,-14.581522589478846,-0.36486655210146085,4,0.5
17.654059925813208,-14.582068502058917,-0.3651189801740075,4,0.5
17.776853623331515,-14.582623547566309,-0.36534412966722146,4,0.5
17.900501418559564,-14.583200540591246,-0.36554430404467464,4,0.5
18.02500925221672,-14.583748430898211,-0.36570839828989515,4,0.5
18.150383106343334,-14.584318355097224,-0.3658467292020923,4,0.5
18.27662900458813,-14.584897583127871,-0.36595624910316715,4,0.5
18.403753012497624,-14.585467003732264,-0.36603243999884527,4,0.5
18.53176123780754,-14.586039434525711,-0.3660776226351461,4,0.5
18.660659830736275,-14.586614921889979,-0.3660913976953759,4,0.5
18.790454984280366,-14.58721266489215,-0.3660776205376084,4,0.5
18.921152934512047,-14.587800790089616,-0.36602885393924056,4,0.5
19.05275996087888,-14.588385731623141,-0.365946075688435,4,0.5
19.18528238650542,-14.58897392275433,-0.36583031206761313,4,0.5
19.31872657849705,-14.589571795708808,-0.3656826390705067,4,0.5
19.453098948245852,-14.590166636228181,-0.3654997525222751,4,0.5
19.588405951738682,-14.590764878574795,-0.3652827217509043,4,0.5
19.72465408986733,-14.591366574864198,-0.3650311660468808,4,0.5
19.861849908740865,-14.591984539598286,-0.3647477356525656,4,0.5
20.00000000000015,-14.592593302787893,-0.3644260255135546,4,0.5
20.13911100113453,-14.593199301359865,-0.3640671286743296,4,0.5
20.279189595800737,-14.593821730314332,-0.36367529507321633,4,0.5
20.42024251414402,-14.594435126970923,-0.363243979276303,4,0.5
20.56227653312149,-14.595058686740325,-0.3627774771941492,4,0.5
20.70529847682771,-14.595673331354808,-0.3622707001607208,4,0.5
20.849315216822593,-14.596298255372755,-0.3617280296596988,4,0.5
20.994333672461515,-14.596933516811763,-0.36114915833614963,4,0.5
21.14036081122778,-14.597560043911603,-0.36052889225184104,4,0.5
21.28740364906737,-14.598203406269313,-0.35987338983964784,4,0.5
21.43546925072604,-14.598831782943662,-0.35917411107140906,4,0.5
21.584564730088722,-14.599477118804273,-0.3584389632309208,4,0.5
21.734697250521346,-14.600113974127009,-0.3576609650796906,4,0.5
21.885874025214974,-14.60075516576001,-0.356843115323852,4,0.5
22.038102317532406,-14.601400759113305,-0.35598510270672135,4,0.5
22.191389441357092,-14.60204444680205,-0.3550848939132591,4,0.5
22.345742761444598,-14.602699044440254,-0.3541456311616487,4,0.5
22.501169693776383,-14.603351872840983,-0.35316355087505846,4,0.5
22.657677705916175,-14.603996630054771,-0.3521365510291757,4,0.5
22.815274317368676,-14.604652505378779,-0.3510696213568286,4,0.5
22.973967099940907,-14.605313197050942,-0.34996073095341534,4,0.5
23.13376367810596,-14.6059851484275,-0.3488114288218959,4,0.5
23.29467172936933,-14.60663657715614,-0.34761234389459167,4,0.5
23.456698984637793,-14.6072930442711,-0.3463704267039065,4,0.5
23.619853228590827,-14.607954625086421,-0.34508543067072983,4,0.5
23.784142300054643,-14.608634134785127,-0.34376087178993797,4,0.5
23.949574092378796,-14.609293433530786,-0.34238525372238365,4,0.5
24.11615655381544,-14.609964448143234,-0.34096770909172486,4,0.5
24.28389768790117,-14.610634520215433,-0.33950421968079186,4,0.5
24.452805553841607,-14.611297363903113,-0.3379925886618441,4,0.5
24.622888266898567,-14.611978532604326,-0.336440347840251,4,0.5
24.794153998779972,-14.612652638794216,-0.3348395090866829,4,0.5
24.966610978032485,-14.613326135447124,-0.3331917808924009,4,0.5
25.140267490436816,-14.613999108686011,-0.3314969386936495,4,0.5
25.315131879405854,-14.614671645999104,-0.3297547659665686,4,0.5
25.4912125463855,-14.615356565983312,-0.32796913495026736,4,0.5
25.668517951258348,-14.61604122635288,-0.3261358331843947,4,0.5
25.847056612750112,-14.616725718096806,-0.32425466989717705,4,0.5
26.026837108838944,-14.617397405828322,-0.3223212792062461,4,0.5
26.20786807716754,-14.618081838525343,-0.3203438199399937,4,0.5
26.390158215458165,-14.61876638231688,-0.3183179782932818,4,0.5
26.573716281930512,-14.61944477069287,-0.31624145367389184,4,0.5
26.758551095722524,-14.620123463814156,-0.3141162080179096,4,0.5
26.944671537314093,-14.620821644243252,-0.3119486449545409,4,0.5
27.13208654895373,-14.621488519425123,-0.3097212084876628,4,0.5
27.320805135088207,-14.622181441903866,-0.3074534595776588,4,0.5
27.510836362795175,-14.622862347751898,-0.30513209471882846,4,0.5
27.7021893622188,-14.623544062364358,-0.3027614105862407,4,0.5
27.89487332700842,-14.62423304961376,-0.30034358886950263,4,0.5
28.088897514760255,-14.624916696864787,-0.29787402035473104,4,0.5
28.284271247462218,-14.625595112854432,-0.29535257600517756,4,0.5
28.48100391194176,-14.626281123432285,-0.29278379662206466,4,0.5
28.679104960316874,-14.626968480065845,-0.29016533753029616,4,0.5
28.878583910450253,-14.627657294368419,-0.28749715607355175,4,0.5
29.079450346406546,-14.628328609901615,-0.2847720518371955,4,0.5
29.28171391891285,-14.629007969290148,-0.28199945963545686,4,0.5
29.485384345822368,-14.629695487238987,-0.27917942561728015,4,0.5
29.690471412581335,-14.630378569431928,-0.2763071081760561,4,0.5
29.896984972699123,-14.631063690799236,-0.2733849232017985,4,0.5
30.104934948221704,-14.631744617461898,-0.27041039732209077,4,0.5
30.314331330208326,-14.632415118833551,-0.26738098460095516,4,0.5
30.52518417921155,-14.633107087898594,-0.26430925639723307,4,0.5
30.73750362576062,-14.633782528056136,-0.2611801307139375,4,0.5
30.951299870848175,-14.634454274827938,-0.2579986232372035,4,0.5
31.16658318642038,-14.635128809735523,-0.25476733246427125,4,0.5
31.38336391587042,-14.635806262533045,-0.2514863353847234,4,0.5
31.60165247453548,-14.63647406223883,-0.24815044190583177,4,0.5
31.82145935019715,-14.637145045979818,-0.24476493988595302,4,0.5
32.04279510358529,-14.637819348435572,-0.24132993661122237,4,0.5
32.26567036888546,-14.638490756087162,-0.23784284494034488,4,0.5
32.49009585424984,-14.639153058847732,-0.23430099865129156,4,0.5
32.716082342311665,-14.63981909710574,-0.23070990023328924,4,0.5
32.94364069070335,-14.640476315249591,-0.22706415214400977,4,0.5
33.172781832578096,-14.641137555324343,-0.22336936600797308,4,0.5
33.40351677713521,-14.641809310163243,-0.2196285279418509,4,0.5
33.63585661014903,-14.642459988771128,-0.21582767647868023,4,0.5
33.86981249450153,-14.643121479331658,-0.2119810457837618,4,0.5
34.10539567071872,-14.643781238129947,-0.2080831262110232,4,0.5
34.34261745751061,-14.644433072789479,-0.2041311419340958,4,0.5
34.58148925231507,-14.645083485566072,-0.20012810397937456,4,0.5
34.822022531845434,-14.64572628867505,-0.19607120650941243,4,0.5
35.064228852641875,-14.646380677062766,-0.19196949657188705,4,0.5
35.30811985162668,-14.647008743180248,-0.18780523579999053,4,0.5
35.55370724666329,-14.647667750900705,-0.18360562159428687,4,0.5
35.80100283711939,-14.648300767123388,-0.179343683341252,4,0.5
36.05001850443371,-14.648933336651272,-0.175031660463731,4,0.5
36.30076621268694,-14.649571971350317,-0.1706728722586812,4,0.5
36.55325800917653,-14.650204156588098,-0.1662613432437071,4,0.5
36.80750602499552,-14.650836408927217,-0.1618003857277505,4,0.5
37.06352247561536,-14.65144987895853,-0.1572806762271981,4,0.5
37.32131966147283,-14.652076453818646,-0.1527182905572023,4,0.5
37.58090996856101,-14.652690947554914,-0.14810068312760644,4,0.5
37.84230586902438,-14.653306225307203,-0.1434344899149717,4,0.5
38.105519921758045,-14.653922471029993,-0.1387199823084926,4,0.5
38.37056477301113,-14.654546210759875,-0.13396075966538465,4,0.5
38.63745315699439,-14.655158614006872,-0.12914715431304344,4,0.5
38.906197896491996,-14.65575987399053,-0.12427930176397194,4,0.5
39.176811903477656,-14.656369201461247,-0.11936754610013203,4,0.5
39.449308179734956,-14.656961438344137,-0.11439857127248976,4,0.5
39.72369981748203,-14.657555798972625,-0.10938281900546937,4,0.5
40.000000000000604,-14.658146146059936,-0.10431713595820626,4,0.5
40.27822200226936,-14.658739020408012,-0.09920528949215468,4,0.5
40.55837919160177,-14.659321953633507,-0.09404054579165835,4,0.5
40.840485028288356,-14.659901491607934,-0.08882665917734293,4,0.5
41.124553066243294,-14.660477845462056,-0.08356390735535466,4,0.5
41.410596953655734,-14.661051228666658,-0.07825257559787084,4,0.5
41.6986304336455,-14.661628192536714,-0.07289661342252596,4,0.5
41.98866734492334,-14.662196284798966,-0.06748903726118388,4,0.5
42.28072162245588,-14.662755727833723,-0.06203006653234977,4,0.5
42.57480729813507,-14.663319414896304,-0.05652741852091438,4,0.5
42.8709385014524,-14.663868569828038,-0.05097017813610756,4,0.5
43.16912946017777,-14.664435091566773,-0.04537752515906379,4,0.5
43.46939450104301,-14.664968543300636,-0.03971937676255918,4,0.5
43.771748050430276,-14.66551982772229,-0.034026558378116745,4,0.5
44.07620463506514,-14.66605751648708,-0.028280206542265353,4,0.5
44.38277888271451,-14.666594516253115,-0.02248835373266192,4,0.5
44.69148552288952,-14.667131070084201,-0.016651366393319034,4,0.5
45.00233938755311,-14.667654760694885,-0.010761632800776388,4,0.5
45.315355411832684,-14.66819116399825,-0.00483544261831896,4,0.5
45.63054863473769,-14.668702543964582,0.0011509647360872586,4,0.5
45.947934199882155,-14.669220812492906,0.007177133806632545,4,0.5
46.26752735621227,-14.669739895903984,0.013246686291831492,4,0.5
46.58934345873901,-14.670247394851188,0.019367520411509135,4,0.5
46.913397969275934,-14.67073724513984,0.025543603018022627,4,0.5
47.23970645718201,-14.671241363909706,0.031753703512129174,4,0.5
47.56828460010965,-14.671741031701542,0.03800995253768978,4,0.5
47.89914818475796,-14.672236522657645,0.044312010206852576,4,0.5
48.232313107631235,-14.672715456796407,0.050668173868948625,4,0.5
48.5677953758027,-14.673190772913593,0.05706958260286027,4,0.5
48.90561110768358,-14.673675411093708,0.06350709588004479,4,0.5
49.2457765337975,-14.674144345252804,0.06999784074394733,4,0.5
49.58830799756032,-14.674610522632488,0.07653273128169558,4,0.5
49.933221956065346,-14.675086891486323,0.08310239593565226,4,0.5
50.280534980874016,-14.675529458044817,0.08973794980642535,4,0.5
50.630263758812085,-14.675989141136998,0.09640299883018812,4,0.5
50.982425092771386,-14.676440936193238,0.10311522826125398,4,0.5
51.33703590251707,-14.676891477922382,0.10986969695346234,4,0.5
51.69411322550061,-14.677334751259309,0.1166706615004991,4,0.5
52.05367421767828,-14.677764745727252,0.12352251698092365,4,0.5
52.41573615433548,-14.678207083367385,0.1304060573576001,4,0.5
52.78031643091672,-14.67862413253032,0.13734933231837215,4,0.5
53.14743256386143,-14.679041522085273,0.14433304816904283,4,0.5
53.517102191445446,-14.679472231208962,0.15134702728847182,4,0.5
53.8893430746286,-14.679878643338375,0.15841996794455687,4,0.5
54.264173097907864,-14.680280071431804,0.1655370422076926,4,0.5
54.64161027017682,-14.680683181106417,0.17269290808813828,4,0.5
55.02167272559077,-14.681088316915737,0.17988707470188953,4,0.5
55.40437872443802,-14.681476855692132,0.18713419982943427,4,0.5
55.78974665401725,-14.681868122620545,0.19441884990125763,4,0.5
56.17779502952094,-14.682256150628742,0.201745638103104,4,0.5
56.56854249492486,-14.682641300691738,0.20911415497740377,4,0.5
56.962007823883944,-14.68302393788278,0.2165239820244903,4,0.5
57.358209920634174,-14.683385462343093,0.22399044628996817,4,0.5
57.75716782090094,-14.68374521730593,0.23149759906305561,4,0.5
58.158900692813525,-14.684109902617472,0.23903966253732453,4,0.5
58.56342783782614,-14.684454609645453,0.24663755540425758,4,0.5
58.97076869164518,-14.684811336940873,0.2542641062325645,4,0.5
59.38094282516311,-14.685155185170924,0.2619404200898446,4,0.5
59.79396994539869,-14.685492871519518,0.26966076278956136,4,0.5
60.209869896443855,-14.685831116868698,0.27741922322379486,4,0.5
60.628662660417106,-14.686157680998909,0.2852264626696867,4,0.5
61.05036835842356,-14.686485615232224,0.2930709652746472,4,0.5
61.4750072515217,-14.686809010041733,0.30095787174375893,4,0.5
61.90259974169682,-14.687121960919532,0.3088924839007005,4,0.5
62.33316637284123,-14.687431210663382,0.31686875275886267,4,0.5
62.766727831741306,-14.687743506095652,0.3248804435399282,4,0.5
63.20330494907143,-14.688040314503532,0.3329445146727457,4,0.5
63.642918700394766,-14.688334713149061,0.34104899493254304,4,0.5
64.08559020717105,-14.6886208210088,0.34919935010298037,4,0.5
64.5313407377714,-14.688918044333914,0.3573772925653717,4,0.5
64.98019170850016,-14.68918890865605,0.3656182093945766,4,0.5
65.43216468462381,-14.689459150498541,0.3738978534821768,4,0.5
65.8872813814072,-14.68973554856409,0.3822095860779099,4,0.5
66.34556366515669,-14.689993285133173,0.3905773892645167,4,0.5
66.80703355427093,-14.690251789425098,0.39898249932492524,4,0.5
67.27171322029855,-14.690511534578356,0.4074243520550858,4,0.5
67.73962498900357,-14.690760358474218,0.415914978222079,4,0.5
68.21079134143795,-14.691005064327456,0.42444771435282014,4,0.5
68.68523491502174,-14.691246140100997,0.43302209302012035,4,0.5
69.16297850463066,-14.691471439268343,0.44165053050329,4,0.5
69.6440450636914,-14.691700419396607,0.45031332545099506,4,0.5
70.12845770528428,-14.691939903088727,0.4590032704921024,4,0.5
70.61623970325388,-14.692152480180344,0.46775911803233927,4,0.5
71.10741449332713,-14.692363942794618,0.4765543288129415,4,0.5
71.60200567423932,-14.692581128897917,0.48538164238637455,4,0.5
72.10003700886796,-14.692772963930803,0.4942740579358767,4,0.5
72.60153242537443,-14.692984213794666,0.5031840003494238,4,0.5
73.10651601835362,-14.693177494719468,0.5121514820287038,4,0.5
73.61501204999159,-14.693365985042226,0.521162524945556,4,0.5
74.12704495123128,-14.693550228977614,0.5302166256670984,4,0.5
74.64263932294622,-14.69373077603624,0.5393132617056552,4,0.5
75.16181993712259,-14.693901861405994,0.5484589466764134,4,0.5
75.68461173804933,-14.69407036476278,0.5576461680397281,4,0.5
76.21103984351666,-14.69422421228044,0.5668886669415863,4,0.5
76.74112954602285,-14.694376613643902,0.5761717306330474,4,0.5
77.27490631398935,-14.694528144877605,0.5854947358802114,4,0.5
77.81239579298456,-14.69468570681466,0.5948497138147426,4,0.5
78.3536238069559,-14.694824607620237,0.6042653422541192,4,0.5
78.8986163594705,-14.694958078472794,0.6137265564588096,4,0.5
79.44739963496465,-14.695105675791977,0.6232103438265368,4,0.5
80.00000000000179,-14.695223764182114,0.6327684354389711,4,0.5
80.55644400453932,-14.695338230345916,0.6423705067750192,4,0.5
81.11675838320417,-14.695456007718118,0.6520082833033796,4,0.5
81.68097005657731,-14.695565075242156,0.6616963764820937,4,0.5
82.24910613248719,-14.695672376958624,0.6714265178841154,4,0.5
82.8211939073121,-14.695778542440255,0.6811980123968638,4,0.5
83.39726086729164,-14.695865245979121,0.6910337938476672,4,0.5
83.97733468984731,-14.695952088146857,0.7009098068582338,4,0.5
84.56144324491237,-14.696039714556097,0.7108252771760835,4,0.5
85.14961459627077,-14.69612877642441,0.7207794016815603,4,0.5
85.74187700290544,-14.696194647654991,0.7308038311178745,4,0.5
86.33825892035618,-14.69626327181944,0.7408656979401643,4,0.5
86.93878900208668,-14.696316353471495,0.7509888359560584,4,0.5
87.54349610086122,-14.69637984795915,0.7611396629264816,4,0.5
88.15240927013093,-14.696441791263249,0.7713337711363836,4,0.5
88.7655577654297,-14.69647758116344,0.7816040581300517,4,0.5
89.38297104577971,-14.696519510930031,0.7919080033461023,4,0.5
90.00467877510688,-14.696549309659577,0.8022702066953293,4,0.5
90.63071082366605,-14.696573996468178,0.8126815396187398,4,0.5
91.26109726947607,-14.696613240201916,0.8231152424343648,4,0.5
91.895868399765,-14.69662981837331,0.8336224051501757,4,0.5
92.53505471242522,-14.696649731777551,0.8441675903035566,4,0.5
93.17868691747873,-14.69664840986244,0.8547852378995309,4,0.5
93.82679593855258,-14.696651864725839,0.865439335145782,4,0.5
94.47941291436473,-14.696654502712983,0.8761377820522845,4,0.5
95.13656920022001,-14.696638088292701,0.8869068290966381,4,0.5
95.79829636951663,-14.696622327508846,0.8977187096693827,4,0.5
96.4646262152632,-14.696601640211034,0.9085816109348802,4,0.5
97.13559075160614,-14.696576773667777,0.9194946872087609,4,0.5
97.81122221536789,-14.696548479924822,0.9304570563689574,4,0.5
98.49155306759573,-14.696517515690408,0.9414677990641147,4,0.5
99.17661599512138,-14.696471993711908,0.952544892183493,4,0.5
99.86644391213144,-14.696431651959706,0.9636591449839148,4,0.5
100.56106996174877,-14.696365637635317,0.9748573437536223,4,0.5
101.26052751762494,-14.696312672468906,0.9860811998203375,4,0.5
101.96485018554354,-14.696248235901393,0.9973681637117444,4,0.5
102.67407180503491,-14.696173109493515,1.0087175051623773,4,0.5
103.388226451002,-14.696094404802611,1.0201185688774193,4,0.5
104.10734843535732,-14.696019238534346,1.0315603745020043,4,0.5
104.83147230867174,-14.69592310038599,1.043081771174299,4,0.5
105.56063286183424,-14.69581943939858,1.0546620983524788,4,0.5
106.29486512772365,-14.69573436506598,1.0662597189156195,4,0.5
107.03420438289172,-14.695624394331087,1.077944544882905,4,0.5
107.778686149258,-14.695509315732506,1.089685252968384,4,0.5
108.52834619581655,-14.695389940984217,1.1014807918749978,4,0.5
109.28322054035448,-14.695267085085078,1.1133300671207305,4,0.5
110.04334545118235,-14.695135237550671,1.1252424921752515,4,0.5
110.80875744887686,-14.695001547473336,1.1372064845891625,4,0.5
111.57949330803534,-14.694860509643794,1.1492315223306537,4,0.5
112.35559005904271,-14.6947002901974,1.1613381287309974,4,0.5
113.13708498985058,-14.69454070579647,1.1734931054374607,4,0.5
113.92401564776874,-14.694395249379808,1.1856732138956778,4,0.5
114.71641984126921,-14.694207779161188,1.1979757276465868,4,0.5
115.51433564180275,-14.69403610529752,1.210300981012648,4,0.5
116.31780138562794,-14.69386207348645,1.2226805240123297,4,0.5
117.12685567565316,-14.693673858453506,1.2351355585452914,4,0.5
117.94153738329126,-14.693478630891486,1.2476538718196806,4,0.5
118.76188565032712,-14.69327723174857,1.2602343026684981,4,0.5
119.58793989079828,-14.693076836724533,1.2728641418457864,4,0.5
120.41973979288862,-14.692859288528762,1.2855766423461974,4,0.5
121.25732532083512,-14.692638097342876,1.298347665147921,4,0.5
122.10073671684803,-14.692407773133516,1.3111876156679627,4,0.5
122.95001450304433,-14.692169159680006,1.3240953522825836,4,0.5
123.80519948339456,-14.691923100992073,1.337069688011293,4,0.5
124.66633274568338,-14.691676777619922,1.35009738296982,4,0.5
125.53345566348355,-14.69142469810883,1.363188992736393,4,0.5
126.40660989814381,-14.691161368452565,1.3763553694766313,4,0.5
127.28583740079048,-14.690887630004868,1.3895954001498945,4,0.5
128.17118041434307,-14.690623338319728,1.4028708619271741,4,0.5
129.0626814755438,-14.690331303494338,1.4162544186242776,4,0.5
129.9603834170013,-14.690037716475395,1.4296954889525797,4,0.5
130.86432936924862,-14.689743414797485,1.4431925117789004,4,0.5
131.77456276281538,-14.689423871553654,1.4567947284849665,4,0.5
132.69112733031437,-14.689130643478869,1.470399139741515,4,0.5
133.61406710854286,-14.688801149896094,1.4841318987840406,4,0.5
134.5434264405981,-14.688480605720883,1.4979019920482857,4,0.5
135.47924997800817,-14.688144465560393,1.5117596639985373,4,0.5
136.42158268287693,-14.687799889391922,1.5256907306491185,4,0.5
137.3704698300445,-14.687447691641886,1.5396938604153059,4,0.5
138.32595700926237,-14.68707599248762,1.5537944040470446,4,0.5
139.28809012738384,-14.686710976757194,1.567937683502071,4,0.5
140.25691541056963,-14.686340756999972,1.5821487737913933,4,0.5
141.23247940650882,-14.685959782342124,1.5964398215983493,4,0.5
142.2148289866553,-14.685549798532495,1.6108508163929787,4,0.5
143.20401134847972,-14.685162369802471,1.625270576370153,4,0.5
144.200074017737,-14.684753839727724,1.6397939087464664,4,0.5
145.20306485074994,-14.684337674266825,1.6543919455857448,4,0.5
146.2130320367083,-14.683914637137756,1.669063277103333,4,0.5
147.2300240999843,-14.683472782084834,1.6838349455283839,4,0.5
148.25408990246365,-14.683031910014986,1.6986630347008889,4,0.5
149.28527864589356,-14.682586411224069,1.713560168378199,4,0.5
150.32363987424628,-14.682124310901546,1.7285538918948455,4,0.5
151.3692234760998,-14.681652682746002,1.7436285779626048,4,0.5
152.42207968703445,-14.681184949700647,1.7587533962420847,4,0.5
153.48225909204683,-14.68069639471144,1.773985829815113,4,0.5
154.54981262797986,-14.680187705306956,1.7893251350630326,4,0.5
155.6247915859703,-14.679678632332848,1.8047253199646476,4,0.5
156.70724761391295,-14.67917620842636,1.820169453634627,4,0.5
157.79723271894218,-14.678655660117293,1.8357165962619992,4,0.5
158.8947992699305,-14.67811126992662,1.8513813112715427,4,0.5
160.0000000000048,-14.677569111373627,1.867101039015474,4,0.5
161.11288800907985,-14.677010723403761,1.8829207793104852,4,0.5
162.23351676640956,-14.676455800543808,1.8987924562597904,4,0.5
163.36194011315587,-14.675873120733387,1.9147933713500263,4,0.5
164.49821226497562,-14.675288715913098,1.9308594658620908,4,0.5
165.6423878146254,-14.674703153951862,1.9469891367141676,4,0.5
166.79452173458452,-14.674097885963114,1.963229304225697,4,0.5
167.9546693796959,-14.673473440120365,1.9795793626444134,4,0.5
169.12288648982604,-14.67286854443281,1.995940241852137,4,0.5
170.29922919254284,-14.672226379612399,2.0124579851872166,4,0.5
171.4837540058122,-14.671566528660422,2.0290830972833653,4,0.5
172.6765178407137,-14.670908569609875,2.0457646876383073,4,0.5
173.87757800417467,-14.6702529544197,2.0625010897534226,4,0.5
175.08699220172375,-14.66956186820397,2.079392630349103,4,0.5
176.30481854026317,-14.668873960301344,2.0963370778308863,4,0.5
177.53111553086072,-14.66818324842911,2.1133500106642136,4,0.5
178.7659420915608,-14.667464590899687,2.1304995851846473,4,0.5
180.00935755021513,-14.666731082702395,2.1477510146849688,4,0.5
181.26142164733346,-14.666008568045454,2.1650333349373976,4,0.5
182.52219453895353,-14.665252688801008,2.182468687974236,4,0.5
183.7917367995314,-14.664489243425592,2.1999862774126346,4,0.5
185.07010942485184,-14.663712105898945,2.21760325998501,4,0.5
186.35737383495882,-14.662927892484303,2.235301101869616,4,0.5
187.65359187710658,-14.662136813712529,2.2530790329438384,4,0.5
188.95882582873088,-14.661326279209263,2.270973054552637,4,0.5
190.27313840044144,-14.660490052255266,2.289001742396786,4,0.5
191.59659273903472,-14.65966021002966,2.3070724659537043,4,0.5
192.92925243052787,-14.65879851583306,2.325296397031551,4,0.5
194.27118150321374,-14.657943396842914,2.3435611965151564,4,0.5
195.62244443073726,-14.657056545468489,2.3619797208932285,4,0.5
196.98310613519297,-14.65617635004616,2.3804381559242422,4,0.5
198.35323199024427,-14.655264429395245,2.399051079492489,4,0.5
199.73288782426437,-14.654352732117463,2.4177226282991673,4,0.5
201.12213992349908,-14.653421998959713,2.4365108420265544,4,0.5
202.5210550352514,-14.65247853242316,2.455396649674791,4,0.5
203.9297003710886,-14.651522206319305,2.474380355798814,4,0.5
205.3481436100714,-14.650533646333155,2.4935223073250694,4,0.5
206.77645290200556,-14.649551091703348,2.5127034850399914,4,0.5
208.21469687071618,-14.648542291013108,2.5320245348848727,4,0.5
209.66294461734503,-14.64752621087663,2.551425744288863,4,0.5
211.12126572367004,-14.646470507456728,2.5710102339894783,4,0.5
212.5897302554489,-14.645426148426122,2.5906150163392527,4,0.5
214.06840876578502,-14.644360719610436,2.610343575249489,4,0.5
215.5573722985176,-14.643273823921382,2.6301974587306387,4,0.5
217.05669239163473,-14.642177866478326,2.650136061790479,4,0.5
218.5664410807106,-14.641065968065801,2.6701815917701093,4,0.5
220.08669090236637,-14.639937628550763,2.69033554324927,4,0.5
221.6175148977554,-14.638779461581432,2.710642730420084,4,0.5
223.15898661607235,-14.637623012722646,2.730997131608356,4,0.5
224.71118011808713,-14.63643554484568,2.7515087813339054,4,0.5
226.27416997970286,-14.635235685429764,2.772114537741377,4,0.5
227.8480312955392,-14.634022749779705,2.792816186106192,4,0.5
229.43283968254013,-14.632776711757652,2.8136827556660866,4,0.5
231.02867128360725,-14.63150966174085,2.834672741727433,4,0.5
232.63560277125762,-14.630240103762514,2.855720890099858,4,0.5
234.25371135130806,-14.628960765255064,2.8768515638939816,4,0.5
235.88307476658426,-14.62765144015652,2.8981359351554303,4,0.5
237.523771300656,-14.626317633086591,2.9195546711123885,4,0.5
239.17587978159838,-14.624958368701169,2.9411113226366363,4,0.5
240.83947958577906,-14.623598424061388,2.962715715514561,4,0.5
242.51465064167206,-14.622217412490476,2.9844408041745774,4,0.5
244.2014734336979,-14.620807784336588,3.006314105752687,4,0.5
245.9000290060905,-14.619387759303212,3.0282681015101724,4,0.5
247.61039896679097,-14.617923879139669,3.0504267071055007,4,0.5
249.33266549136863,-14.61647303647033,3.072576958901874,4,0.5
251.06691132696898,-14.614969377631057,3.0949653678274744,4,0.5
252.81321979628953,-14.613476207163147,3.117352252712807,4,0.5
254.5716748015829,-14.611927534864824,3.1399880480237123,4,0.5
256.3423608286881,-14.61038015434304,3.1626551650351287,4,0.5
258.12536295108947,-14.608806763102397,3.1854574398439888,4,0.5
259.9207668340045,-14.607205872984908,3.2084003301915103,4,0.5
261.72865873849923,-14.605582427836923,3.2314640380132205,4,0.5
263.54912552563275,-14.603941336328031,3.254628342364945,4,0.5
265.38225466063074,-14.602268023647495,3.2779503024264676,4,0.5
267.2281342170877,-14.600580275519848,3.301358304846045,4,0.5
269.08685288119824,-14.598876399456799,3.324857659305853,4,0.5
270.95849995601833,-14.597128693225734,3.348559785411179,4,0.5
272.8431653657559,-14.595374302432964,3.3723130083945483,4,0.5
274.74093966009104,-14.593578930561284,3.3962565845872827,4,0.5
276.6519140185268,-14.591760174766533,3.4203177438704992,4,0.5
278.5761802547697,-14.58992911840748,3.444449000577893,4,0.5
280.51383082114137,-14.588057789144923,3.468766042061315,4,0.5
282.4649588130198,-14.586163681187722,3.493194866729018,4,0.5
284.42965797331277,-14.58425776752396,3.517687302136941,4,0.5
286.40802269696155,-14.582311911451178,3.5423618157886865,4,0.5
288.40014803547615,-14.580350024475624,3.5671150031861427,4,0.5
290.4061297015021,-14.57834385389557,3.5920676268710996,4,0.5
292.42606407341884,-14.576323770084109,3.6170868975810997,4,0.5
294.4600481999708,-14.574261413693478,3.6422953246147536,4,0.5
296.50817980492957,-14.572200169707282,3.6675003604471965,4,0.5
298.5705572917893,-14.570085455333752,3.6929417568816323,4,0.5
300.64727974849484,-14.567947527658657,3.718484279119471,4,0.5
302.73844695220185,-14.565777419669102,3.7441665011734533,4,0.5
304.84415937407124,-14.563572651578438,3.7699984367790083,4,0.5
306.964518184096,-14.561343797048501,3.7959305179770464,4,0.5
309.09962525596205,-14.559094863296927,3.821942126138338,4,0.5
311.24958317194296,-14.556803605992153,3.8481338911497036,4,0.5
313.4144952278283,-14.554480492268645,3.874456242925183,4,0.5
315.59446543788675,-14.552135976971991,3.9008583378225596,4,0.5
317.7895985398634,-14.549734532921166,3.927505491146996,4,0.5
320.000000000012,-14.54732594021997,3.954161119493017,4,0.5
322.22577601816215,-14.54486801094463,3.9810231265201574,4,0.5
324.4670335328215,-14.542390793403825,4.0079461714894205,4,0.5
326.7238802263142,-14.539878293715411,4.035004553572963,4,0.5
328.99642452995374,-14.537321033879929,4.062242623904204,4,0.5
331.2847756292533,-14.534729255484407,4.089608906569177,4,0.5
333.5890434691715,-14.532100003828987,4.117115823235929,4,0.5
335.90933875939425,-14.529450087522754,4.14467770201076,4,0.5
338.2457729796546,-14.526756702974433,4.172405055719423,4,0.5
340.5984583850881,-14.524030003462977,4.2002450574232775,4,0.5
342.96750801162693,-14.521260301592232,4.22824412521473,4,0.5
345.3530356814299,-14.518464329644978,4.256314954604977,4,0.5
347.75515600835195,-14.515612481567079,4.284606000398375,4,0.5
350.1739844034501,-14.512747945828918,4.3128931662057886,4,0.5
352.60963708052907,-14.509821158791109,4.341429076235538,4,0.5
355.0622310617241,-14.506855399204937,4.370091437838292,4,0.5
357.53188418312425,-14.50386734982574,4.398789550801471,4,0.5
360.0187151004329,-14.5008271936078,4.4276768285100685,4,0.5
362.52284329466966,-14.497744916581086,4.456698237726525,4,0.5
365.0443890779098,-14.494617201795903,4.485868689040708,4,0.5
367.58347359906554,-14.491460691375877,4.515095648385832,4,0.5
370.14021884970646,-14.488265392544456,4.544428929591953,4,0.5
372.7147476699204,-14.48501459285283,4.57395628708534,4,0.5
375.30718375421594,-14.481724903201187,4.6035843131907175,4,0.5
377.9176516574646,-14.478392923273054,4.633327970133348,4,0.5
380.5462768008857,-14.475008539762054,4.663239926564299,4,0.5
383.1931854780723,-14.471595069975987,4.693186798197837,4,0.5
385.85850486105863,-14.468122293113417,4.723333659645093,4,0.5
388.5423630064304,-14.464593409010853,4.753660057541003,4,0.5
391.2448888614774,-14.46104518317149,4.783953422454922,4,0.5
393.96621227038884,-14.45742716259971,4.81449666870238,4,0.5
396.7064639804915,-14.453776129243973,4.845075708709199,4,0.5
399.4657756485318,-14.450088608487723,4.875705101609663,4,0.5
402.24427984700117,-14.446313950727221,4.906675552247649,4,0.5
405.04211007050577,-14.442509209490703,4.937651250710979,4,0.5
407.85940074218024,-14.438657403387229,4.968726263466993,4,0.5
410.69628722014585,-14.434761756050483,4.999876617456251,4,0.5
413.55290580401413,-14.430805216146341,5.031199146743885,4,0.5
416.42939374143555,-14.426797746356534,5.0626302017019205,4,0.5
419.3258892346932,-14.422735799034003,5.094186425577107,4,0.5
422.24253144734325,-14.418622600494185,5.125843502386368,4,0.5
425.179460510901,-14.414461395725782,5.157576359907928,4,0.5
428.13681753157323,-14.410235057813443,5.1894849844896465,4,0.5
431.11474459703845,-14.4059604195467,5.221460895064842,4,0.5
434.11338478327275,-14.401620334003633,5.253605134766015,4,0.5
437.13288216142445,-14.397238507334187,5.285764492844379,4,0.5
440.173381804736,-14.392790971841627,5.318083275204244,4,0.5
443.23502979551404,-14.388281005096813,5.350536004410698,4,0.5
446.31797323214806,-14.383732439353079,5.382965132162453,4,0.5
449.4223602361776,-14.37910757868437,5.415604980336407,4,0.5
452.5483399594091,-14.374416576757094,5.448385854973713,4,0.5
455.6960625910818,-14.369683382899051,5.481146602055193,4,0.5
458.8656793650838,-14.36488395702317,5.514036247774465,4,0.5
462.0573425672179,-14.360021694434181,5.547026697745826,4,0.5
465.2712055425187,-14.355100026642729,5.580088899474228,4,0.5
468.5074227026196,-14.350094824340605,5.6133765453263775,4,0.5
471.76614953317204,-14.345037126589073,5.646677435699142,4,0.5
475.04754260131557,-14.339923565643593,5.680006092009921,4,0.5
478.3517595632003,-14.334736929397094,5.713471088468613,4,0.5
481.6789591715617,-14.329487682307233,5.746994931408031,4,0.5
485.02930128334776,-14.324172480854287,5.780592868566953,4,0.5
488.40294686739946,-14.318781037199898,5.814328274215003,4,0.5
491.8000580121847,-14.313323924991447,5.848121385100507,4,0.5
495.2207979335857,-14.307797858634661,5.881987109519428,4,0.5
498.665330982741,-14.302199564218132,5.915940553965297,4,0.5
502.1338226539417,-14.296539764623335,5.949898504295452,4,0.5
505.62643959258287,-14.290808268190958,5.983923975835776,4,0.5
509.14334960316967,-14.284980832143209,6.018181427079555,4,0.5
512.68472165738,-14.279110355842883,6.052286378386672,4,0.5
516.2507259021829,-14.273144585332753,6.086603055224298,4,0.5
519.841533668013,-14.267122560353956,6.120842596191188,4,0.5
523.4573174770023,-14.260991881327307,6.15537548519444,4,0.5
527.0982510512695,-14.254812912226393,6.1897547450149695,4,0.5
530.7645093212655,-14.248547355457672,6.22424976276697,4,0.5
534.4562684341794,-14.242213413925093,6.258717624580327,4,0.5
538.1737057624005,-14.235793948583932,6.293275216112072,4,0.5
541.9169999120409,-14.22928597024892,6.327936047107209,4,0.5
545.6863307315159,-14.222707876943577,6.362552997103662,4,0.5
549.4818793201863,-14.216028287157352,6.397352099076417,4,0.5
553.3038280370578,-14.209294261523507,6.431967914202026,4,0.5
557.1523605095437,-14.202460157457498,6.466735531178554,4,0.5
561.027661642287,-14.195530259535262,6.501613590796165,4,0.5
564.9299176260438,-14.18853047461022,6.5363928002193825,4,0.5
568.8593159466297,-14.181429362358635,6.571304551246199,4,0.5
572.8160453939274,-14.174267397667567,6.606023894084841,4,0.5
576.8002960709567,-14.16700594194083,6.640839548825123,4,0.5
580.8122594030085,-14.159656771767379,6.675648741091084,4,0.5
584.8521281468421,-14.152202796315338,6.710575249099183,4,0.5
588.920096399946,-14.144670421808613,6.745398887329619,4,0.5
593.0163596098636,-14.1370353587308,6.7803007250700915,4,0.5
597.1411145835832,-14.12931692600053,6.815114606267198,4,0.5
601.2945594969942,-14.121498109942504,6.8499647423615855,4,0.5
605.4768939044083,-14.113598411938037,6.884681044050316,4,0.5
609.688318748147,-14.105578853898702,6.919567588046579,4,0.5
613.9290363681965,-14.09747369223732,6.954333351419539,4,0.5
618.1992505119288,-14.089273317806299,6.989043277084913,4,0.5
622.4991663438906,-14.080975471403418,7.023702632242531,4,0.5
626.8289904556613,-14.072570526229049,7.058378108855228,4,0.5
631.1889308757782,-14.064071059472901,7.092951789717394,4,0.5
635.5791970797316,-14.055460090065036,7.1275520154224195,4,0.5
640.0000000000289,-14.046765208243768,7.161932867816717,4,0.5
644.4515520363291,-14.03794714163761,7.196411434644097,4,0.5
648.9340670656479,-14.029026144262522,7.230802937061786,4,0.5
653.4477604526332,-14.020000214864204,7.2651097876882655,4,0.5
657.9928490599125,-14.010882409733586,7.299204707186416,4,0.5
662.5695512585116,-14.001633241238904,7.33341266416159,4,0.5
667.178086938348,-13.992295934985076,7.367345594814644,4,0.5
671.8186775187937,-13.982830942564132,7.401331072338245,4,0.5
676.4915459593144,-13.973266651511175,7.435106642660561,4,0.5
681.1969167701814,-13.963586152333587,7.468804205679823,4,0.5
685.935016023259,-13.953802910663928,7.502289108813786,4,0.5
690.7060713628651,-13.94388472364206,7.535830366215809,4,0.5
695.5103120167091,-13.933860405743431,7.569156713506438,4,0.5
700.3479688069056,-13.923713026597579,7.602402428853969,4,0.5
705.2192741610634,-13.913448635242238,7.635497042811329,4,0.5
710.1244621234536,-13.903088838772064,7.668227969634163,4,0.5
715.0637683662537,-13.892578096328968,7.7010802430391045,4,0.5
720.0374302008713,-13.88195348557793,7.7337016628774595,4,0.5
725.0456865893448,-13.871213610427777,7.766086653521459,4,0.5
730.0887781558251,-13.860349303128295,7.798301089895755,4,0.5
735.1669471981365,-13.84936700192984,7.830267634144639,4,0.5
740.2804376994185,-13.838257565300493,7.86205228513889,4,0.5
745.4294953398465,-13.827011796954263,7.893722631347392,4,0.5
750.6143675084376,-13.815644133978733,7.925126071843887,4,0.5
755.8353033149348,-13.804145471063158,7.956328772208456,4,0.5
761.0925536017771,-13.792514588459305,7.987323525730696,4,0.5
766.3863709561504,-13.78076623742266,8.017951631279383,4,0.5
771.717009722123,-13.768875435554818,8.048429856597254,4,0.5
777.0847260128666,-13.756849012189381,8.078674553166412,4,0.5
782.4897777229608,-13.744685887034558,8.10867655442521,4,0.5
787.9324245407837,-13.732409219502168,8.138193203543624,4,0.5
793.412927960989,-13.719969668272583,8.167678636236571,4,0.5
798.9315512970695,-13.707398507092059,8.196812029196922,4,0.5
804.4885596940084,-13.694694877122897,8.225580474808343,4,0.5
810.0842201410177,-13.681857957606514,8.253970503608683,4,0.5
815.7188014843666,-13.668854159313558,8.282289828944883,4,0.5
821.392574440298,-13.655731781949129,8.310044608923983,4,0.5
827.1058116080346,-13.642457254183377,8.33754256919659,4,0.5
832.8587874828772,-13.629062883703076,8.364442781638758,4,0.5
838.6517784693928,-13.615481686448742,8.391387276598094,4,0.5
844.4850628946929,-13.601770962260007,8.41778637097582,4,0.5
850.3589210218082,-13.587905118879636,8.44387248979744,4,0.5
856.2736350631529,-13.57392549368605,8.469208547222706,4,0.5
862.2294891940834,-13.559755953421472,8.494536243392583,4,0.5
868.226769566552,-13.545463256990802,8.519161405102155,4,0.5
874.2657643228554,-13.530996195150223,8.543578180096844,4,0.5
880.3467636094787,-13.5163881652111,8.567425561723155,4,0.5
886.4700595910348,-13.501613156418134,8.59094481483017,4,0.5
892.635946464303,-13.486705002105555,8.613766979743545,4,0.5
898.844720472362,-13.471637674842622,8.636133872227163,4,0.5
905.096679918825,-13.45640211845157,8.658115344073348,4,0.5
911.3921251821704,-13.4409978800357,8.679693117491265,4,0.5
917.7313587301744,-13.425442022866235,8.700666987938488,4,0.5
924.1146851344428,-13.409734385103626,8.721013596633846,4,0.5
930.5424110850445,-13.393866036750403,8.740800842644754,4,0.5
937.0148454052463,-13.377810243557768,8.760283713707892,4,0.5
943.5322990663512,-13.361628738001265,8.778791931212544,4,0.5
950.0950852026382,-13.345241540642194,8.797138634323467,4,0.5
956.7035191264079,-13.328728701403076,8.814457844886435,4,0.5
963.3579183431307,-13.312018637902263,8.83147798357852,4,0.5
970.0586025667028,-13.295147083519183,8.847797295439037,4,0.5
976.8058937348063,-13.278141371554499,8.863099178770701,4,0.5
983.6001160243768,-13.260919844834714,8.878225361497748,4,0.5
990.4415958671789,-13.2435461095152,8.892474213765016,4,0.5
997.3306619654895,-13.226002079569835,8.906012013782664,4,0.5
1004.267645307891,-13.208269373926617,8.919009861902504,4,0.5
1011.2528791851732,-13.190366508033053,8.931243577135,4,0.5
1018.2866992063468,-13.172312396061843,8.942482668339137,4,0.5
1025.3694433147675,-13.154070016311376,8.953099043003263,4,0.5
1032.5014518043733,-13.13562997704236,8.963168745161314,4,0.5
1039.6830673360337,-13.117039649940258,8.972152587798456,4,0.5
1046.9146349540124,-13.098252073176068,8.980532554510306,4,0.5
1054.1965021025467,-13.079296026080186,8.987969527060336,4,0.5
1061.5290186425389,-13.060172028064365,8.994430200781848,4,0.5
1068.9125368683667,-13.040841929082108,9.000303920194648,4,0.5
1076.347411524809,-13.02133494406238,9.005245054320675,4,0.5
1083.8339998240897,-13.001651595750367,9.009220347108485,4,0.5
1091.37266146304,-12.981792460577504,9.012195804561316,4,0.5
1098.9637586403808,-12.96173839039589,9.014354441282917,4,0.5
1106.607656074124,-12.941499691167724,9.015555742113833,4,0.5
1114.3047210190957,-12.921076937567626,9.015765821984807,4,0.5
1122.0553232845823,-12.900450647262955,9.015172471242266,4,0.5
1129.859835252096,-12.879651498230757,9.013409094566418,4,0.5
1137.7186318932681,-12.858680397895908,9.010437263264675,4,0.5
1145.6320907878635,-12.837476944455663,9.006899233937926,4,0.5
1153.600592141922,-12.816123405828868,9.001854426147803,4,0.5
1161.6245188060257,-12.794569484958041,8.995833253541718,4,0.5
1169.704256293693,-12.772815784797922,8.988801534861201,4,0.5
1177.840192799901,-12.750873433766056,8.980607569051621,4,0.5
1186.032719219736,-12.728764404985435,8.970978002862413,4,0.5
1194.2822291671753,-12.70641583314208,8.960698395977762,4,0.5
1202.5891189939975,-12.683891765622569,8.949025826780417,4,0.5
1210.9537878088256,-12.661182744305668,8.936037673900614,4,0.5
1219.3766374963034,-12.638279111490125,8.921813917827214,4,0.5
1227.8580727364024,-12.615160129010047,8.906559052716823,4,0.5
1236.3985010238666,-12.591870208933468,8.889747395941038,4,0.5
1244.9983326877905,-12.568355838880322,8.871951021978468,4,0.5
1253.657980911332,-12.54467298940641,8.852514041521614,4,0.5
1262.377861751566,-12.520756402104542,8.832141070887221,4,0.5
1271.1583941594727,-12.496696378313178,8.809790023138074,4,0.5
1280.0000000000673,-12.472393428113747,8.786550602175197,4,0.5
1288.9031040726677,-12.44791618834488,8.761623758721145,4,0.5
1297.8681341313059,-12.423232027001552,8.735348384760668,4,0.5
1306.8955209052763,-12.398342074963317,8.707684009409915,4,0.5
1315.9856981198345,-12.373259153519754,8.67845872636335,4,0.5
1325.1391025170333,-12.347973059955512,8.64775953900982,4,0.5
1334.3561738767062,-12.322496918164422,8.615411251255802,4,0.5
1343.6373550375972,-12.29678486701188,8.581901762600692,4,0.5
1352.9830919186386,-12.270909394562805,8.546388751699341,4,0.5
1362.393833540373,-12.244836666865348,8.50922513806838,4,0.5
1371.8700320465282,-12.218531874570447,8.470774406327507,4,0.5
1381.4121427257405,-12.1920693062718,8.43017508423801,4,0.5
1391.0206240334287,-12.16537759497631,8.388201112843047,4,0.5
1400.6959376138216,-12.138457752441646,8.344813443480122,4,0.5
1410.4385483221372,-12.1113984724305,8.298990922525999,4,0.5
1420.2489242469178,-12.084089387306351,8.251943312283856,4,0.5
1430.1275367325184,-12.056594694006812,8.202924530546845,4,0.5
1440.0748604017533,-12.028903754133676,8.152027067832288,4,0.5
1450.0913731787002,-12.001005612796478,8.099346646471224,4,0.5
1460.177556311661,-11.97290200668229,8.044837097100471,4,0.5
1470.3338943962842,-11.94459475049899,7.988451544627909,4,0.5
1480.560875398848,-11.91609897568772,7.929995188350955,4,0.5
1490.8589906797042,-11.887416989371843,7.869416650770689,4,0.5
1501.2287350168863,-11.85851082250355,7.807111615400849,4,0.5
1511.670606629881,-11.829409099129318,7.7427359089635335,4,0.5
1522.1851072035656,-11.800127747882634,7.676087704059729,4,0.5
1532.772741912312,-11.770614240619379,7.607722267167841,4,0.5
1543.4340194442575,-11.740911710465845,7.537136760820394,4,0.5
1554.1694520257447,-11.711036720661452,7.46412401044719,4,0.5
1564.9795554459333,-11.680949757473796,7.389094200830432,4,0.5
1575.8648490815792,-11.650652798757118,7.3119996202042,4,0.5
1586.8258559219898,-11.620191170582984,7.232318620458487,4,0.5
1597.863102594151,-11.589480877250363,7.150945369766019,4,0.5
1608.9771193880288,-11.558611086796235,7.0668802883688,4,0.5
1620.1684402820476,-11.52755569665198,6.980385079214674,4,0.5
1631.4376029687455,-11.496287644067511,6.891729480794745,4,0.5
1642.7851488806082,-11.464854338266049,6.800375138512519,4,0.5
1654.2116232160815,-11.43318307978522,6.707084542956437,4,0.5
1665.7175749657672,-11.401352228552659,6.610986976654168,4,0.5
1677.303556938798,-11.369318917780955,6.512521471465958,4,0.5
1688.9701257893985,-11.337101337723045,6.411468875136269,4,0.5
1700.7178420436294,-11.304718384051945,6.307604785291815,4,0.5
1712.5472701263188,-11.27209378566075,6.201719703203238,4,0.5
1724.4589783881795,-11.239309671745035,6.092914513590599,4,0.5
1736.453539133117,-11.206369925715125,5.981128083851035,4,0.5
1748.531528645724,-11.173212720768193,5.866992525903424,4,0.5
1760.6935272189705,-11.139873504824983,5.750109817011775,4,0.5
1772.940119182083,-11.106405957220646,5.629896067448683,4,0.5
1785.2718929286193,-11.07267927170554,5.507699742629548,4,0.5
1797.6894409447373,-11.038848689809655,5.381876921128779,4,0.5
1810.1933598376636,-11.004764091475458,5.253969320894069,4,0.5
1822.7842503643546,-10.970549103542533,5.122671482718002,4,0.5
1835.4627174603627,-10.936155680078718,4.988461586967135,4,0.5
1848.2293702688994,-10.901640956147595,4.850733608038616,4,0.5
1861.0848221701028,-10.866901897766043,4.710523904989514,4,0.5
1874.0296908105065,-10.832013599195047,4.567043246803751,4,0.5
1887.0645981327166,-10.796962107566099,4.420415321117874,4,0.5
1900.190170405291,-10.761714171601465,4.270955729344004,4,0.5
1913.4070382528298,-10.726329361741167,4.1180440045321784,4,0.5
1926.715836686276,-10.690774503142817,3.9619955379733374,4,0.5
1940.1172051334202,-10.655092033964584,3.802368921155069,4,0.5
1953.611787469627,-10.61924826552966,3.6394829781826084,4,0.5
1967.2002320487684,-10.583227660772074,3.473471702472543,4,0.5
1980.8831917343723,-10.547053820801601,3.3040830108647072,4,0.5
1994.661323930994,-10.510791724481951,3.130666436820686,4,0.5
2008.535290615797,-10.474284889248143,2.9547297132253925,4,0.5
2022.5057583703617,-10.437679066043142,2.7748366745677746,4,0.5
2036.573398412709,-10.400980638645807,2.5909164333927266,4,0.5
2050.7388866295505,-10.364111741508328,2.403702667457684,4,0.5
2065.0029036087626,-10.327118976136436,2.212732792325299,4,0.5
2079.366134672083,-10.290007862435665,2.0179412135364156,4,0.5
2093.8292699080407,-10.252740359774979,1.819671696189498,4,0.5
2108.3930042051093,-10.21538723476172,1.6172458667347316,4,0.5
2123.0580372850936,-10.177910573283388,1.4110073364928364,4,0.5
2137.82507373675,-10.14027053436431,1.2013089037187172,4,0.5
2152.6948230496346,-10.102540033366287,0.987462706761424,4,0.5
2167.6679996481957,-10.064702559548213,0.7696102010940269,4,0.5
2182.7453229260964,-10.026764216410058,0.5476846640135417,4,0.5
2197.927517280778,-9.98875513494201,0.3214050612790056,4,0.5
2213.2153121482643,-9.950610417785182,0.09134426599755623,4,0.5
2228.6094420382083,-9.912359451906577,-0.14277520325605933,4,0.5
2244.1106465691814,-9.874107177664717,-0.3818882098768839,4,0.5
2259.7196705042093,-9.835713448300167,-0.6247646699220685,4,0.5
2275.4372637865536,-9.79720827400681,-0.8716840588795437,4,0.5
2291.2641815757443,-9.758700132910743,-1.1235939368435457,4,0.5
2307.2011842838615,-9.720094970923181,-1.379685026145921,4,0.5
2323.2490376120686,-9.681451732585764,-1.6404690911013289,4,0.5
2339.4085125874035,-9.642698928667448,-1.905345914661723,4,0.5
2355.6803855998196,-9.603923339597863,-2.1750551965251628,4,0.5
2372.0654384394898,-9.56507930213543,-2.449217612738495,4,0.5
2388.5644583343683,-9.526257264678886,-2.728584342385828,4,0.5
2405.178237988013,-9.487327520166867,-3.0120890826193496,4,0.5
2421.9075756176694,-9.448466472576484,-3.3011742148399135,4,0.5
2438.753274992625,-9.409427077119918,-3.5938419973666984,4,0.5
2455.716145472823,-9.3705042826071,-3.892468129659929,4,0.5
2472.797002047752,-9.331534809749146,-4.195739312048049,4,0.5
2489.9966653755996,-9.29255647080333,-4.503957388587418,4,0.5
2507.3159618226828,-9.25363938167868,-4.817664186560195,4,0.5
2524.755723503151,-9.21464143089895,-5.135755500108468,4,0.5
2542.3167883189644,-9.17581881657461,-5.4601929382500005,4,0.5
2560.0000000001537,-9.13693473893274,-5.789156792578598,4,0.5
2577.806208145355,-9.098060208197996,-6.123189279765406,4,0.5
2595.736268262631,-9.05930251601471,-6.463080763854777,4,0.5
2613.7910418105726,-9.020543699494146,-6.807945246944764,4,0.5
2631.971396239689,-8.981826227701733,-7.158092290589735,4,0.5
2650.2782050340866,-8.943296417194116,-7.514563497259018,4,0.5
2668.7123477534324,-8.904799094658271,-7.876221439912966,4,0.5
2687.274710075215,-8.86641404384881,-8.243622969849506,4,0.5
2705.9661838372976,-8.828048609819469,-8.616105677562286,4,0.5
2724.7876670807664,-8.78989121782282,-8.994964841091484,4,0.5
2743.740064093077,-8.751777421067601,-9.379044797725248,4,0.5
2762.824285451502,-8.713864576365664,-9.76940038728506,4,0.5
2782.0412480668783,-8.676094591951859,-10.16560996194584,4,0.5
2801.391875227664,-8.638443589193956,-10.567494896909942,4,0.5
2820.8770966442953,-8.601039523239262,-10.975869294686564,4,0.5
2840.4978484938565,-8.56378371295034,-11.390057091279518,4,0.5
2860.2550734650586,-8.526768784136836,-11.810624456469181,4,0.5
2880.1497208035285,-8.489932179663505,-12.237139897180732,4,0.5
2900.1827463574223,-8.453329089646429,-12.669919403328391,4,0.5
2920.355112623344,-8.416935160768407,-13.108778124909168,4,0.5
2940.6677887925907,-8.380807646110451,-13.554031088556883,4,0.5
2961.121750797718,-8.344964306504433,-14.005742113072824,4,0.5
2981.717981359431,-8.309337690026112,-14.46347141853781,4,0.5
3002.4574700337953,-8.274073415588992,-14.928033494916889,4,0.5
3023.3412132597846,-8.23914852392454,-15.39923705393223,4,0.5
3044.3702144071544,-8.204538202783828,-15.876889057886851,4,0.5
3065.545483824648,-8.170170431871732,-16.36054425824288,4,0.5
3086.868038888538,-8.13638192859776,-16.852014187761547,4,0.5
3108.338904051513,-8.102782805360365,-17.34909421418683,4,0.5
3129.9591108918903,-8.069621486703465,-17.853089846068904,4,0.5
3151.7296981631816,-8.03687269394255,-18.363799678537433,4,0.5
3173.651711844004,-8.00465453914887,-18.88176901354679,4,0.5
3195.726205188326,-7.972796133140871,-19.40604489658874,4,0.5
3217.954238776082,-7.941514937773928,-19.937664276585128,4,0.5
3240.3368805641194,-7.910686340010287,-20.475920706165617,4,0.5
3262.8752059375156,-7.880331645835499,-21.020852590221185,4,0.5
3285.570297761241,-7.850472657152149,-21.572495692406747,4,0.5
3308.4232464321876,-7.821236664370712,-22.13137124082188,4,0.5
3331.435149931559,-7.79259740193365,-22.697259287727803,4,0.5
3354.607113877621,-7.764526374115812,-23.269940516359156,4,0.5
3377.9402515788224,-7.7371019520521,-23.84967777195632,4,0.5
3401.4356840872842,-7.710350505573393,-24.436485539768324,4,0.5
3425.094540252663,-7.684298887407869,-25.030373857149765,4,0.5
3448.9179567763854,-7.6588043662798375,-25.630641100619062,4,0.5
3472.9070782662598,-7.634117909894776,-26.238239340971365,4,0.5
3497.0630572914743,-7.6100955288853465,-26.85246331168196,4,0.5
3521.387054437968,-7.586938011263328,-27.474005673093213,4,0.5
3545.880238364193,-7.564497909465464,-28.102162375939663,4,0.5
3570.543785857265,-7.54286055875634,-28.737152195106397,4,0.5
3595.378881889502,-7.5221754477259335,-29.379403012110277,4,0.5
3620.3867196753545,-7.502228074819838,-30.027993137589966,4,0.5
3645.5685007287366,-7.483291874516312,-30.68378012293926,4,0.5
3670.9254349207527,-7.4650841098634935,-31.345635446506762,4,0.5
3696.458740537827,-7.4478822754649165,-32.01439229023529,4,0.5
3722.1696443402334,-7.4317173779706645,-32.68999411207706,4,0.5
3748.0593816210417,-7.416424961752868,-33.371758396538695,4,0.5
3774.129196265462,-7.402293601202276,-34.0604553324005,4,0.5
3800.3803408106105,-7.389156947385118,-34.755398437381935,4,0.5
3826.8140765056887,-7.377109498677855,-35.45671928530675,4,0.5
3853.43167337258,-7.366248496232075,-36.16452846182257,4,0.5
3880.2344102668694,-7.3563307125374235,-36.877971515545056,4,0.5
3907.223574939284,-7.347656429111558,-37.5977256042081,4,0.5
3934.400464097566,-7.340046838827158,-38.323134162293556,4,0.5
3961.7663834687746,-7.333668046790068,-39.054464306966935,4,0.5
3989.322647862018,-7.328477454976545,-39.7914266328324,4,0.5
4017.070581231624,-7.324717005024247,-40.5344119316009,4,0.5
4045.011516740754,-7.3220561136982,-41.28244599464117,4,0.5
4073.1467968254487,-7.320882083365481,-42.03622144016316,4,0.5
4101.477773259132,-7.320783790908147,-42.79464243600101,4,0.5
4130.005807217556,-7.3220776586372684,-43.558206583535444,4,0.5
4158.732269344197,-7.324864487801076,-44.32689573706498,4,0.5
4187.658539816113,-7.328870172668193,-45.099973683640044,4,0.5
4216.78600841025,-7.33434206332991,-45.87771000080213,4,0.5
4246.116074570219,-7.341304166579673,-46.65992226261287,4,0.5
4275.650147473531,-7.349626084632206,-47.446177890445036,4,0.5
4305.389646099301,-7.359404554907634,-48.23643066062444,4,0.5
4335.335999296423,-7.3706596832594595,-49.03049578815104,4,0.5
4365.4906458522255,-7.383488809314134,-49.82828701509566,4,0.5
4395.8550345615895,-7.397754389662464,-50.629393805539976,4,0.5
4426.430624296562,-7.413551424882847,-51.433725016410314,4,0.5
4457.21888407645,-7.431054713502981,-52.241246584116794,4,0.5
4488.2212931383965,-7.449724315049205,-53.051151089177054,4,0.5
4519.439341008452,-7.470208761689456,-53.863905874333604,4,0.5
4550.874527573141,-7.492203027707759,-54.67896607274438,4,0.5
4582.528363151522,-7.515798544621588,-55.496188739817555,4,0.5
4614.402368567757,-7.540925233254279,-56.315293403928656,4,0.5
4646.498075224173,-7.567753651630982,-57.13616612955037,4,0.5
4678.817025174842,-7.596049241677606,-57.95843205138867,4,0.5
4711.360771199674,-7.62614289104472,-58.78203542713164,4,0.5
4744.130876879015,-7.657552677327847,-59.606533398657355,4,0.5
4777.128916668773,-7.690688999118384,-60.43187556248962,4,0.5
4810.356475976061,-7.725392074914837,-61.25777523679297,4,0.5
4843.815151235375,-7.761745119566288,-62.08402238387698,4,0.5
4877.506549985286,-7.799748604584375,-62.91037893301666,4,0.5
4911.432290945683,-7.839319971015644,-63.736612719111776,4,0.5
4945.594004095541,-7.880538744363226,-64.56249465429704,4,0.5
4979.9933307512365,-7.923238233160767,-65.3878268929689,4,0.5
5014.631923645403,-7.967495658385339,-66.21238970023424,4,0.5
5049.511447006339,-8.01338685809018,-67.03593847498149,4,0.5
5084.633576637967,-8.060904725633964,-67.85824325375269,4,0.5
5120.000000000346,-8.109878561406331,-68.67916780739108,4,0.5
5155.612416290749,-8.160461823055133,-69.49842328618797,4,0.5
5191.4725365253,-8.212563085762913,-70.31584739797283,4,0.5
5227.582083621183,-8.266251798327904,-71.13117754919783,4,0.5
5263.942792479418,-8.321113509073632,-71.94455733873862,4,0.5
5300.556410068212,-8.377858802273026,-72.75517434865858,4,0.5
5337.424695506905,-8.435831463765695,-73.56341984433159,4,0.5
5374.54942015047,-8.495416569303742,-74.36871883056871,4,0.5
5411.932367674636,-8.556280087899662,-75.17124296381076,4,0.5
5449.575334161574,-8.61872262337587,-75.97044909128921,4,0.5
5487.480128186196,-8.682411312070773,-76.76656769807379,4,0.5
5525.648570903045,-8.747642438653337,-77.55901819808837,4,0.5
5564.082496133798,-8.814162358915757,-78.34796963443343,4,0.5
5602.78375045537,-8.882030264550412,-79.13316464234495,4,0.5
5641.754193288633,-8.951073116023903,-79.914720964596,4,0.5
5680.995696987757,-9.021578209359477,-80.69198885082619,4,0.5
5720.51014693016,-9.093370600019714,-81.46508669001909,4,0.5
5760.2994416071,-9.166278752911172,-82.23418168412304,4,0.5
5800.365492714889,-9.240358906327979,-82.99903260404494,4,0.5
5840.710225246731,-9.315813278813891,-83.75906958677581,4,0.5
5881.335577585225,-9.392322171316364,-84.51480047788554,4,0.5
5922.243501595481,-9.470158681464298,-85.26548614656625,4,0.5
5963.435962718906,-9.549079466739826,-86.01151428062812,4,0.5
6004.914940067636,-9.628919738878523,-86.75315850397142,4,0.5
6046.682426519615,-9.710089689475081,-87.48929440838597,4,0.5
6088.740428814354,-9.792136902044978,-88.2209073494059,4,0.5
6131.090967649341,-9.87532415353327,-88.94720812702413,4,0.5
6173.736077777122,-9.959557157770565,-89.66830763247867,4,0.5
6216.6778081030725,-10.044812924209118,-90.38414247534148,4,0.5
6259.918221783827,-10.130863925069935,-91.09525426212674,4,0.5
6303.4593963264115,-10.21789570625934,-91.8010125835781,4,0.5
6347.303423688055,-10.305952448488355,-92.50116169102752,4,0.5
6391.4524103767,-10.394810833059392,-93.19627914962648,4,0.5
6435.9084775522115,-10.484583524136736,-93.88591877818278,4,0.5
6480.673761128287,-10.575248252855832,-94.57004621800502,4,0.5
6525.750411875079,-10.66684721467322,-95.24841169522307,4,0.5
6571.140595522531,-10.75903853298421,-95.92209601100066,4,0.5
6616.846492864425,-10.852060348974984,-96.59020930945431,4,0.5
6662.870299863169,-10.945891313886806,-97.25273378910191,4,0.5
6709.214227755292,-11.04069511120863,-97.90896221714495,4,0.5
6755.880503157695,-11.135957556007474,-98.56073147330389,4,0.5
6802.871368174619,-11.231969458405946,-99.2068920380271,4,0.5
6850.189080505378,-11.328651060559212,-99.84767904372268,4,0.5
6897.835913552822,-11.426102293807862,-100.48261822169978,4,0.5
6945.814156532571,-11.52406871811693,-101.11267697231526,4,0.5
6994.126114583001,-11.622767359025108,-101.73690143424159,4,0.5
7042.774108875988,-11.722063579102414,-102.35578767051595,4,0.5
7091.760476728439,-11.821997070096383,-102.96910471431309,4,0.5
7141.087571714584,-11.922494121941185,-103.57711687177009,4,0.5
7190.757763779057,-12.02348404238016,-104.18009741036273,4,0.5
7240.773439350762,-12.124953345014731,-104.77807449076559,4,0.5
7291.137001457528,-12.227156644917766,-105.3698052619247,4,0.5
7341.850869841561,-12.329700989691228,-105.95709083003516,4,0.5
7392.917481075709,-12.432786824845055,-106.53894349014809,4,0.5
7444.339288680522,-12.5363981103805,-107.11538965647978,4,0.5
7496.118763242139,-12.640417260669777,-107.6869761196117,4,0.5
7548.258392530979,-12.74493343683561,-108.25321837388294,4,0.5
7600.760681621277,-12.849931667875387,-108.81414759995529,4,0.5
7653.628153011434,-12.955397343763641,-109.36979651722903,4,0.5
7706.863346745218,-13.061122518562671,-109.92125042187716,4,0.5
7760.468820533797,-13.167291961910262,-110.46749922419491,4,0.5
7814.447149878626,-13.273892072547362,-111.00857877179607,4,0.5
7868.800928195191,-13.380863020968947,-111.54479076477527,4,0.5
7923.532766937609,-13.488193714324932,-112.07617477514029,4,0.5
7978.645295724095,-13.595782627374255,-112.60330222018966,4,0.5
8034.141162463309,-13.703757171186815,-113.12541804496927,4,0.5
8090.023033481568,-13.812149544530195,-113.64229578736438,4,0.5
8146.293593650958,-13.920771923323693,-114.15504159529343,4,0.5
8202.955546518326,-14.029747255170824,-114.66289844081368,4,0.5
8260.011614435174,-14.138979570052268,-115.16644176865448,4,0.5
8317.464538688457,-14.248587168005372,-115.6649132820336,4,0.5
8375.317079632288,-14.358351248381112,-116.15969047631198,4,0.5
8433.572016820564,-14.468553690938064,-116.64894693314119,4,0.5
8492.232149140504,-14.578898042325296,-117.13459482337878,4,0.5
8551.300294947127,-14.689579599330996,-117.61534206781435,4,0.5
8610.779292198666,-14.80043076711433,-118.09229931287838,4,0.5
8670.671998592914,-14.91156304324528,-118.56470890389562,4,0.5
8730.981291704516,-15.02296752327351,-119.0326143433817,4,0.5
8791.710069123244,-15.134447710978595,-119.49738940924678,4,0.5
8852.86124859319,-15.246262312779946,-119.95721322600757,4,0.5
8914.437768152968,-15.358290406866711,-120.41292728960272,4,0.5
8976.44258627686,-15.470561597795134,-120.86430907587244,4,0.5
9038.878682016972,-15.582961486967907,-121.31219572472015,4,0.5
9101.74905514635,-15.695627249049606,-121.7555703127395,4,0.5
9165.056726303115,-15.80837718414607,-122.19579542596779,4,0.5
9228.804737135582,-15.921346365737246,-122.63185576401088,4,0.5
9292.996150448414,-16.034561494326553,-123.06353159164092,4,0.5
9357.634050349754,-16.14791492569999,-123.4916531017205,4,0.5
9422.721542399418,-16.261435623500997,-123.91599794329468,4,0.5
9488.261753758103,-16.374989558173528,-124.33764918014106,4,0.5
9554.257833337617,-16.48889542479986,-124.75403887690752,4,0.5
9620.712951952195,-16.602826807953125,-125.1678120092006,4,0.5
9687.630302470823,-16.71690820682057,-125.57796515001658,4,0.5
9755.013099970645,-16.831196232258506,-125.98402147658983,4,0.5
9822.864581891441,-16.945563745037248,-126.38705246823548,4,0.5
9891.188008191157,-17.060098158989323,-126.78632278925777,4,0.5
9959.98666150255,-17.174735742442373,-127.18238366113944,4,0.5
10029.26384729088,-17.289531557315996,-127.57476071584878,4,0.5
10099.022894012754,-17.404452218957736,-127.9637473550122,4,0.5
10169.26715327601,-17.51943804307468,-128.3498862452667,4,0.5
10240.000000000768,-17.634598497346726,-128.7321999935208,4,0.5
10311.224832581574,-17.74981880670229,-129.1117346264086,4,0.5
10382.945073050678,-17.865232407366445,-129.48726866427202,4,0.5
10455.164167242447,-17.980700199551006,-129.8600923454631,4,0.5
10527.885584958914,-18.096221373324685,-130.23023478089726,4,0.5
10601.112820136505,-18.21192399681588,-130.59648706250135,4,0.5
10674.849391013888,-18.327649476424398,-130.96037080002867,4,0.5
10749.098840301021,-18.443523505953653,-131.3206829484341,4,0.5
10823.864735349352,-18.559442462026077,-131.6784406541736,4,0.5
10899.15066832323,-18.675478878586265,-132.03293989092262,4,0.5
10974.960256372473,-18.791605172337935,-132.38445842451384,4,0.5
11051.297141806172,-18.907818891812123,-132.73302807727705,4,0.5
11128.16499226768,-19.024117664278887,-133.07868027717404,4,0.5
11205.567500910824,-19.14049919316557,-133.42144605946163,4,0.5
11283.508386577352,-19.256915875367035,-133.76183287595924,4,0.5
11361.991393975597,-19.373479327995284,-134.0986779080569,4,0.5
11441.020293860403,-19.490030213754736,-134.43367453848543,4,0.5
11520.598883214287,-19.60672247741193,-134.7651929427433,4,0.5
11600.730985429864,-19.72342272915394,-135.09467667442888,4,0.5
11681.420450493551,-19.84027977026588,-135.4205133643524,4,0.5
11762.671155170538,-19.957142267411797,-135.74436811649724,4,0.5
11844.48700319105,-20.074052197363898,-136.06579735434326,4,0.5
11926.871925437901,-20.19106946833054,-136.38413608641963,4,0.5
12009.82988013536,-20.30811076855459,-136.7003327967095,4,0.5
12093.36485303932,-20.42523524679089,-137.01372508143743,4,0.5
12177.4808576288,-20.54242105924757,-137.32456923499126,4,0.5
12262.181935298773,-20.659628381668824,-137.63334207437418,4,0.5
12347.472155554336,-20.77695172310539,-137.93894173635599,4,0.5
12433.355616206238,-20.894294178549984,-138.24251917780015,4,0.5
12519.836443567749,-21.011710980454964,-138.5434269779511,4,0.5
12606.918792652916,-21.12912762568516,-138.84257661506751,4,0.5
12694.606847376202,-21.24665211298487,-139.13866430391306,4,0.5
12782.904820753494,-21.364192950700783,-139.43281717158084,4,0.5
12871.816955104521,-21.481767728026036,-139.72483486004478,4,0.5
12961.347522256672,-21.59946143653209,-140.01365608532083,4,0.5
13051.500823750257,-21.717152016544226,-140.30082374708948,4,0.5
13142.28119104516,-21.834857103545232,-140.5861365360064,4,0.5
13233.69298572895,-21.952658912418734,-140.86854589514587,4,0.5
13325.740599726436,-22.07047349975099,-141.149143066002,4,0.5
13418.428455510686,-22.188348974437055,-141.42731147452199,4,0.5
13511.761006315492,-22.306283640583096,-141.70307628984594,4,0.5
13605.74273634934,-22.424198431703637,-141.97750398304936,4,0.5
13700.378161010858,-22.542186607697545,-142.24935900984138,4,0.5
13795.671827105747,-22.660215821524986,-142.51908119728475,4,0.5
13891.628313065248,-22.778300002740096,-142.78648628290352,4,0.5
13988.252229166108,-22.89639374356033,-143.05220936605292,4,0.5
14085.548217752083,-23.014540706684542,-143.3156558396895,4,0.5
14183.520953456982,-23.1327252157323,-143.57705046684106,4,0.5
14282.175143429275,-23.250918408019857,-143.83681359504328,4,0.5
14381.515527558222,-23.369175989416014,-144.0941608186635,4,0.5
14481.546878701633,-23.487441473709183,-144.34991048285994,4,0.5
14582.274002915165,-23.605755593098653,-144.60348371788825,4,0.5
14683.70173968323,-23.724090530861886,-144.85529425964518,4,0.5
14785.834962151528,-23.842485339485012,-145.10477289424338,4,0.5
14888.678577361155,-23.960899560337012,-145.35252537975248,4,0.5
14992.23752648439,-24.07933306824878,-145.59856628504295,4,0.5
15096.516785062071,-24.197785741001713,-145.8429099696593,4,0.5
15201.521363242668,-24.31628216327629,-146.08519002026526,4,0.5
15307.256306022984,-24.434784642151904,-146.325994567869,4,0.5
15413.726693490553,-24.553365640337294,-146.56420561615272,4,0.5
15520.93764106771,-24.67192780567139,-146.80134899553596,4,0.5
15628.894299757369,-24.790530934907785,-147.03649879453187,4,0.5
15737.6018563905,-24.90918546984771,-147.26948998468126,4,0.5
15847.065533875337,-25.027833134741087,-147.50126375071068,4,0.5
15957.29059144831,-25.1465419787144,-147.73073078819954,4,0.5
16068.282324926739,-25.265232811205394,-147.9591872318116,4,0.5
16180.046066963258,-25.38397226601819,-148.1855532227499,4,0.5
16292.587187302037,-25.502715999930015,-148.41056807568023,4,0.5
16405.911093036775,-25.621517315268143,-148.6333493115503,4,0.5
16520.023228870472,-25.74033266782539,-148.85463045892084,4,0.5
16634.92907737704,-25.859162034928424,-149.07442322011678,4,0.5
16750.634159264704,-25.978005393070408,-149.29273914395077,4,0.5
16867.144033641256,-26.096882716744144,-149.5092416387737,4,0.5
16984.464298281135,-26.2157832823142,-149.72412123304414,4,0.5
17102.600589894384,-26.334706661671987,-149.93739216648845,4,0.5
17221.558584397462,-26.45366202345801,-150.14889767686503,4,0.5
17341.343997185955,-26.572610747720628,-150.3593339730527,4,0.5
17461.962583409164,-26.69159091220933,-150.56803042366607,4,0.5
17583.42013824662,-26.8106109171567,-150.77483603814744,4,0.5
17705.72249718651,-26.929633358471303,-150.98043718577804,4,0.5
17828.875536306066,-27.048676501160326,-151.18450965805306,4,0.5
17952.885172553855,-27.16772235503486,-151.38739585944055,4,0.5
18077.75736403408,-27.286806051609204,-151.58844821952542,4,0.5
18203.498110292836,-27.405917935259584,-151.78784829710693,4,0.5
18330.113452606365,-27.525023513553695,-151.9862581737609,4,0.5
18457.609474271307,-27.64415683597965,-152.18303901841034,4,0.5
18585.99230089697,-27.763309002461565,-152.3783658616487,4,0.5
18715.26810069965,-27.882479687484512,-152.57225099919464,4,0.5
18845.44308479898,-28.001668572713395,-152.76470659093187,4,0.5
18976.523507516347,-28.12088322198012,-152.955588059775,4,0.5
19108.51566667538,-28.24010747059072,-153.14522149026178,4,0.5
19241.425903904536,-28.35934134960659,-153.3336156976589,4,0.5
19375.260604941792,-28.47860753950109,-153.52031839473906,4,0.5
19510.026199941436,-28.597867891529674,-153.70611041330315,4,0.5
19645.729163783028,-28.717152431506708,-153.89038751110493,4,0.5
19782.376016382463,-28.836453330856273,-154.07331463461713,4,0.5
19919.973323005244,-28.955770317555324,-154.2549029428684,4,0.5
20058.527694581913,-29.07510312526015,-154.43516347610614,4,0.5
20198.045788025658,-29.19445843474529,-154.61395923617863,4,0.5
20338.53430655217,-29.31380832064128,-154.79189177794865,4,0.5
20480.00000000169,-29.43320064243711,-154.96794104451322,4,0.5
20622.4496651633,-29.55258077281183,-155.14328972805524,4,0.5
20765.890146101516,-29.671988970523692,-155.31707203674893,4,0.5
20910.32833448505,-29.791411500527914,-155.48959042355816,4,0.5
21055.771169917985,-29.910841749969812,-155.66099749165318,4,0.5
21202.22564027317,-30.030286052325046,-155.8311592218367,4,0.5
21349.698782027936,-30.149750388143147,-155.9999451514399,4,0.5
21498.197680602203,-30.26922815804462,-156.16750757170294,4,0.5
21647.72947069887,-30.388701044862078,-156.33427249664066,4,0.5
21798.301336646622,-30.508199348523238,-156.49955247988783,4,0.5
21949.920512745113,-30.627722357574537,-156.6633625442644,4,0.5
22102.59428361251,-30.747246231896142,-156.82626178455095,4,0.5
22256.32998453553,-30.866771260007,-156.98825436369432,4,0.5
22411.135001821818,-30.986320228966783,-157.14880719818166,4,0.5
22567.01677315487,-31.105875823497712,-157.30833511455663,4,0.5
22723.98278795137,-31.22543808542115,-157.4668447068451,4,0.5
22882.04058772098,-31.345028637054707,-157.62381567763362,4,0.5
23041.197766428744,-31.46462001065227,-157.77991902388624,4,0.5
23201.4619708599,-31.58422296777434,-157.93489854594748,4,0.5
23362.840900987278,-31.70384250398325,-158.08863393808295,4,0.5
23525.342310341253,-31.823457818165192,-158.24164974000325,4,0.5
23688.974006382276,-31.943104600365007,-158.39305475098573,4,0.5
23853.743850875984,-32.06274214224446,-158.54388073319248,4,0.5
24019.6597602709,-32.18240536123365,-158.69324552400985,4,0.5
24186.729706078822,-32.302069351334865,-158.8417899586901,4,0.5
24354.96171525778,-32.421753389970725,-158.98902076060767,4,0.5
24524.363870597732,-32.5414381515597,-159.13544454779847,4,0.5
24694.944311108862,-32.66113312920996,-159.2808195392736,4,0.5
24866.711232412665,-32.78083816825631,-159.42515386538898,4,0.5
25039.672887135683,-32.900557616615245,-159.5683346288992,4,0.5
25213.837585306024,-33.02027338793487,-159.7108528191574,4,0.5
25389.213694752598,-33.14001214744956,-159.85199301660126,4,0.5
25565.809641507185,-33.25975593877811,-159.99224447366717,4,0.5
25743.63391020923,-33.37951331321074,-160.13137699179242,4,0.5
25922.695044513537,-33.49927136489979,-160.26975165857664,4,0.5
26103.00164750071,-33.619046861969856,-160.4069064372611,4,0.5
26284.562382090517,-33.73882299907081,-160.54331543049923,4,0.5
26467.385971458098,-33.85861608376013,-160.67852263697154,4,0.5
26651.481199453076,-33.97840977384854,-160.81299588417764,4,0.5
26836.856911021572,-34.09821601518658,-160.94639834697333,4,0.5
27023.522012631187,-34.21803065747158,-161.07885202231955,4,0.5
27211.485472698885,-34.33785357706149,-161.2103641192049,4,0.5
27400.75632202192,-34.45767714531008,-161.3411637338588,4,0.5
27591.3436542117,-34.57751636064996,-161.47081256914828,4,0.5
27783.256626130707,-34.69735984274449,-161.5996505829853,4,0.5
27976.504458332423,-34.817214827052865,-161.7274649829666,4,0.5
28171.096435504372,-34.937070398359545,-161.85458901932992,4,0.5
28367.04190691418,-35.056937241959865,-161.9807031877615,4,0.5
28564.35028685876,-35.17681509826658,-162.10581642383198,4,0.5
28763.031055116662,-35.29669690445204,-162.23014941302318,4,0.5
28963.093757403483,-35.41658605272411,-162.35360147487597,4,0.5
29164.548005830547,-35.5364791252212,-162.47628372334043,4,0.5
29367.403479366687,-35.65638921504424,-162.59778534963687,4,0.5
29571.669924303278,-35.77629648999832,-162.71873782180137,4,0.5
29777.35715472254,-35.896207603960264,-162.83893647921423,4,0.5
29984.475052969006,-36.01613824434961,-162.95787689609327,4,0.5
30193.03357012437,-36.13606308304781,-163.07638214165075,4,0.5
30403.042726485564,-36.25600081232173,-163.19384796431106,4,0.5
30614.512612046197,-36.3759450733886,-163.31048406857852,4,0.5
30827.45338698134,-36.49588984830167,-163.4264947170467,4,0.5
31041.875282135654,-36.615852815601876,-163.54129164993557,4,0.5
31257.788599514974,-36.73581323205569,-163.65557298937588,4,0.5
31475.203712781236,-36.85577989164835,-163.76904755287106,4,0.5
31694.13106775091,-36.975755505496664,-163.88162484624337,4,0.5
31914.581182896858,-37.09573434290651,-163.99350426089188,4,0.5
32136.564649853717,-37.21571643231077,-164.10468968391012,4,0.5
32360.09213392676,-37.33570986076605,-164.21490145785978,4,0.5
32585.17437460432,-37.4557063692873,-164.3244307244016,4,0.5
32811.8221860738,-37.575711211273706,-164.43309475784235,4,0.5
33040.04645774119,-37.69571646411271,-164.5411788739297,4,0.5
33269.85815475433,-37.815732426363375,-164.64831690086868,4,0.5
33501.26831852966,-37.93575128559493,-164.75479215216998,4,0.5
33734.28806728276,-38.05577553821509,-164.86051742374676,4,0.5
33968.928596562524,-38.175805104227386,-164.96549805533172,4,0.5
34205.20117978902,-38.295837500235386,-165.0698288520178,4,0.5
34443.11716879519,-38.415879858395016,-165.17324637851934,4,0.5
34682.68799437217,-38.535927225588814,-165.27593601117766,4,0.5
34923.92516681859,-38.65597491182777,-165.37807821567387,4,0.5
35166.8402764935,-38.7760275757653,-165.47950000410324,4,0.5
35411.44499437329,-38.89608513261163,-165.58020612091028,4,0.5
35657.7510726124,-39.016151916845594,-165.6800291790671,4,0.5
35905.77034510798,-39.13622110890045,-165.77923320922525,4,0.5
36155.51472806843,-39.25629054830476,-165.87790534727262,4,0.5
36406.99622058595,-39.37636878190483,-165.97570882287562,4,0.5
36660.22690521301,-39.49644921774699,-166.07290123085235,4,0.5
36915.21894854289,-39.616537953545084,-166.16923383965147,4,0.5
37171.98460179422,-39.736624399113936,-166.2651238663563,4,0.5
37430.53620139958,-39.8567204718458,-166.36007336287875,4,0.5
37690.88616959824,-39.97681737458448,-166.4544086951871,4,0.5
37953.04701503298,-40.09691399420663,-166.54811737899905,4,0.5
38217.03133335104,-40.21701165787797,-166.64101334574747,4,0.5
38482.85180780936,-40.33709974209353,-166.73320537463346,4,0.5
38750.521209883875,-40.457159755497656,-166.82441243144027,4,0.5
39020.05239988316,-40.57707979165131,-166.91474549281264,4,0.5
39291.458327566346,-40.69646875814012,-167.00652392897805,4,0.5
39564.752032765224,-40.817141295912535,-167.1021113575862,4,0.5
39839.94664601079,-40.93761721481398,-167.19025710906237,4,0.5
40117.05538916413,-41.05783494242112,-167.27801976174234,4,0.5
40396.09157605162,-41.17799768212809,-167.36543506207207,4,0.5
40677.068613104646,-41.298135298513145,-167.45243469351902,4,0.5
40960.00000000368,-41.41824757590303,-167.538601942211,4,0.5
41244.899330326916,-41.53826964811702,-167.6236298681824,4,0.5
41531.78029220334,-41.657763861801165,-167.7084055590229,4,0.5
41820.65666897041,-41.77802336841185,-167.80180756847307,4,0.5
42111.54233983629,-41.898775241312435,-167.88516753636702,4,0.5
42404.45128054665,-42.019060790647764,-167.9680004798451,4,0.5
42699.3975640562,-42.13926942865558,-168.05067813927607,4,0.5
42996.39536120473,-42.25945795202207,-168.13307755498215,4,0.5
43295.458941398065,-42.379641679849314,-168.21501822090218,4,0.5
43596.60267329357,-42.499823522321705,-168.29652471956157,4,0.5
43899.84102549055,-42.6200096325713,-168.3773640470896,4,0.5
44205.18856722535,-42.74019634585068,-168.4577379364404,4,0.5
44512.659969071385,-42.86038551365468,-168.53757135130903,4,0.5
44822.27000364397,-42.98057592703888,-168.61693157732373,4,0.5
45134.033546310086,-43.1007732542674,-168.69554467833586,4,0.5
45447.96557590307,-43.220969208860524,-168.77382281873315,4,0.5
45764.081175442305,-43.34116934001742,-168.85149474978752,4,0.5
46082.39553285784,-43.46137094347774,-168.92869808371015,4,0.5
46402.92394172015,-43.58157666869807,-169.00530153974765,4,0.5
46725.681801974904,-43.70178515381278,-169.08137546672847,4,0.5
47050.68462068286,-43.82199891068232,-169.15679209580694,4,0.5
47377.94801276491,-43.94221155047618,-169.23188256331488,4,0.5
47707.487701752325,-44.06242813511174,-169.30638785171234,4,0.5
48039.319520542165,-44.18264736447934,-169.38037683862896,4,0.5
48373.45941215801,-44.302869206299896,-169.45385294928133,4,0.5
48709.923430515926,-44.42309244428345,-169.52688290298065,4,0.5
49048.72774119583,-44.54331942888722,-169.5993431617938,4,0.5
49389.888622218095,-44.663548927001514,-169.67130088834716,4,0.5
49733.4224648257,-44.78378090567195,-169.74275952878122,4,0.5
50000.0,-44.87651081543174,-169.79749010763825,4,0.5
10.0,-11.499842006894962,-0.3517872320138962,5,0.6
10.069555500567189,-11.500115418392006,-0.3535948533332135,5,0.6
10.139594797900294,-11.500402471698985,-0.3554047815316978,5,0.6
10.210121257071936,-11.500664668515395,-0.3572126099179653,5,0.6
10.281138266560667,-11.500953368091915,-0.3590238167249054,5,0.6
10.352649238413779,-11.501236491513847,-0.36083467738749936,5,0.6
10.424657608411218,-11.501526887604683,-0.36264644054404904,5,0.6
10.497166836230678,-11.501824568878874,-0.36445893146682196,5,0.6
10.57018040561381,-11.50212313079251,-0.3662712346494447,5,0.6
10.643701824533608,-11.502409752848838,-0.36808166555244887,5,0.6
10.71773462536294,-11.502722950941887,-0.369894482707898,5,0.6
10.792282365044281,-11.503017820170305,-0.3717042667006375,5,0.6
10.867348625260592,-11.50333287514388,-0.37351532072035276,5,0.6
10.942937012607405,-11.503629631091453,-0.375322887141419,5,0.6
11.019051158766118,-11.503946600562118,-0.3771313317461476,5,0.6
11.095694720678463,-11.504264549132195,-0.37893815449835755,5,0.6
11.172871380722214,-11.504589907459344,-0.3807439177446474,5,0.6
11.250584846888108,-11.504903444267553,-0.3825460433983537,5,0.6
11.328838852958,-11.505237251911328,-0.38434824801744033,5,0.6
11.407637158684253,-11.50557209958609,-0.3861479467995787,5,0.6
11.486983549970367,-11.505908003362395,-0.387944904124543,5,0.6
11.566881839052892,-11.506232150705566,-0.389737250849371,5,0.6
11.647335864684578,-11.50657663058107,-0.3915288130081012,5,0.6
11.728349492318808,-11.506915801879716,-0.3933160906741067,5,0.6
11.809926614295325,-11.507262509876469,-0.39510048326736597,5,0.6
11.892071150027233,-11.507610357825843,-0.39688091642838985,5,0.6
11.97478704618931,-11.507972189728521,-0.3986588278804354,5,0.6
12.05807827690763,-11.50832878312661,-0.40043143597034897,5,0.6
12.141948843950495,-11.508686569724464,-0.40219931793773356,5,0.6
12.226402776920713,-11.509045568025966,-0.40396220695385543,5,0.6
12.31144413344919,-11.509412209087328,-0.4057207065884209,5,0.6
12.397076999389895,-11.50979933531503,-0.40747632496108194,5,0.6
12.48330548901615,-11.510162081460047,-0.40922263406828835,5,0.6
12.570133745218314,-11.510545350757521,-0.41096553233322813,5,0.6
12.657565939702833,-11.510923515994694,-0.4127011927541975,5,0.6
12.745606273192656,-11.511309420198772,-0.4144311245528435,5,0.6
12.834258975629076,-11.51169667252681,-0.41615414310002097,5,0.6
12.923528306374958,-11.512091704447512,-0.4178708779139565,5,0.6
13.013418554419374,-11.512475305826943,-0.4195782635065941,5,0.6
13.10393403858367,-11.512873139548299,-0.4212797062595821,5,0.6
13.195079107728983,-11.513291635559327,-0.42297589206803615,5,0.6
13.286858140965156,-11.51369235768379,-0.42466086773206,5,0.6
13.379275547861162,-11.514107376348367,-0.42633905629923696,5,0.6
13.472335768656947,-11.514517486660903,-0.4280072885405397,5,0.6
13.566043274476765,-11.514935529669188,-0.4296671767349169,5,0.6
13.660402567544,-11.515348711945714,-0.431316460166725,5,0.6
13.755418181397484,-11.515782690113486,-0.4329587570286689,5,0.6
13.851094681109295,-11.516211855585723,-0.4345898200494961,5,0.6
13.947436663504105,-11.51664264151446,-0.43621030558204205,5,0.6
14.044448757380025,-11.517075073018422,-0.43781988436034436,5,0.6
14.142135623731003,-11.517521989280965,-0.43942026934333095,5,0.6
14.240501955970773,-11.517964195300799,-0.44100808285121496,5,0.6
14.33955248015833,-11.518408124566955,-0.4425840022446211,5,0.6
14.439291955225018,-11.51886020984357,-0.44414873505845337,5,0.6
14.539725173203164,-11.519307666360133,-0.4456998533712375,5,0.6
14.640856959456315,-11.519769738410915,-0.4472401794075684,5,0.6
14.742692172911074,-11.52023364252443,-0.4487672726221553,5,0.6
14.845235706290554,-11.520699407362837,-0.45028078447577613,5,0.6
14.94849248634945,-11.521167061808196,-0.4517803642830001,5,0.6
15.05246747411074,-11.521643039329955,-0.4532667576919719,5,0.6
15.15716566510405,-11.52212096530723,-0.45473852918372887,5,0.6
15.26259208960566,-11.522594466876539,-0.4561942062344146,5,0.6
15.368751812880195,-11.523082784764751,-0.45763677900846367,5,0.6
15.475649935423972,-11.523566740382511,-0.459062539235553,5,0.6
15.58329159321007,-11.524071975689454,-0.46047567138562767,5,0.6
15.69168195793509,-11.524547304554218,-0.46186667535038906,5,0.6
15.800826237267621,-11.525063182420514,-0.4632478278049644,5,0.6
15.910729675098453,-11.525562025091357,-0.4646083907269141,5,0.6
16.02139755179252,-11.526063072254749,-0.46595145496897505,5,0.6
16.13283518444261,-11.526566358329307,-0.46727665279017,5,0.6
16.245047927124794,-11.527091118678888,-0.46858721502666684,5,0.6
16.358041171155712,-11.527592586594102,-0.4698743926753903,5,0.6
16.471820345351553,-11.528128397817895,-0.47114867291178014,5,0.6
16.586390916288924,-11.52864739036609,-0.4723999988799877,5,0.6
16.70175838856748,-11.529175199507966,-0.47363286745683025,5,0.6
16.817928305074386,-11.529711861841466,-0.47484693743544315,5,0.6
16.93490624725064,-11.530244618383573,-0.47603934894429434,5,0.6
17.052697835359233,-11.530779906521103,-0.47721096979048916,5,0.6
17.17130872875518,-11.53131776565868,-0.4783614285730779,5,0.6
17.290744626157405,-11.531871029661813,-0.47949293515771607,5,0.6
17.411011265922586,-11.532420547106382,-0.480601278661726,5,0.6
17.53211442632081,-11.532966360087842,-0.4816860573836536,5,0.6
17.654059925813208,-11.53352130324726,-0.48274951449723896,5,0.6
17.776853623331515,-11.534085417903022,-0.4837913134479471,5,0.6
17.900501418559564,-11.534652350676762,-0.48480977504501616,5,0.6
18.02500925221672,-11.535209355876821,-0.4858018225650313,5,0.6
18.150383106343334,-11.535782057454778,-0.48677248919296545,5,0.6
18.27662900458813,-11.53634492216022,-0.4877159679233698,5,0.6
18.403753012497624,-11.536936359298311,-0.4886401612730288,5,0.6
18.53176123780754,-11.537511658468533,-0.4895350437393227,5,0.6
18.660659830736275,-11.538090048302273,-0.49040438872957254,5,0.6
18.790454984280366,-11.538671576621349,-0.49124783928395266,5,0.6
18.921152934512047,-11.539262683623255,-0.49206647565358747,5,0.6
19.05275996087888,-11.539857025697039,-0.4928585340688136,5,0.6
19.18528238650542,-11.54046104387856,-0.4936251237125131,5,0.6
19.31872657849705,-11.541049224289758,-0.4943600507758536,5,0.6
19.453098948245852,-11.54164718333268,-0.4950687939939669,5,0.6
19.588405951738682,-11.542261361840247,-0.49575254365828697,5,0.6
19.72465408986733,-11.542866251807746,-0.4964050059123376,5,0.6
19.861849908740865,-11.543474687636948,-0.4970288119171939,5,0.6
20.00000000000015,-11.544099500919824,-0.497626695629386,5,0.6
20.13911100113453,-11.54470880283722,-0.4981906799166405,5,0.6
20.279189595800737,-11.545321816732708,-0.4987250008684019,5,0.6
20.42024251414402,-11.54594498662738,-0.4992309097500625,5,0.6
20.56227653312149,-11.546559207763014,-0.49970337862592235,5,0.6
20.70529847682771,-11.547190087377448,-0.5001484062420787,5,0.6
20.849315216822593,-11.547824909827241,-0.5005625449659669,5,0.6
20.994333672461515,-11.54845734918143,-0.5009438701305404,5,0.6
21.14036081122778,-11.549087467721584,-0.5012920452397486,5,0.6
21.28740364906737,-11.54972809816571,-0.5016100396312126,5,0.6
21.43546925072604,-11.55037291747054,-0.5018959438081372,5,0.6
21.584564730088722,-11.551015604896811,-0.502147799221071,5,0.6
21.734697250521346,-11.551656226187463,-0.5023652893875953,5,0.6
21.885874025214974,-11.552294847991542,-0.5025481029892862,5,0.6
22.038102317532406,-11.55295706875921,-0.5027028157593635,5,0.6
22.191389441357092,-11.553598275490469,-0.5028171558254668,5,0.6
22.345742761444598,-11.554263214701306,-0.5029029441757372,5,0.6
22.501169693776383,-11.554913662631963,-0.5029494845454705,5,0.6
22.657677705916175,-11.555568836409195,-0.5029617430153798,5,0.6
22.815274317368676,-11.5562224262479,-0.5029376951512728,5,0.6
22.973967099940907,-11.556887265834801,-0.5028806884128574,5,0.6
23.13376367810596,-11.557550667214398,-0.5027869042970139,5,0.6
23.29467172936933,-11.558225464296662,-0.5026597647487246,5,0.6
23.456698984637793,-11.558879836497791,-0.5024898446624487,5,0.6
23.619853228590827,-11.559552135459564,-0.5022879800294598,5,0.6
23.784142300054643,-11.560223301614323,-0.5020484222517148,5,0.6
23.949574092378796,-11.560899791984511,-0.5017728459743126,5,0.6
24.11615655381544,-11.561568931577488,-0.5014572474530468,5,0.6
24.28389768790117,-11.562243556357544,-0.501105233092184,5,0.6
24.452805553841607,-11.562917371641193,-0.5007146995975121,5,0.6
24.622888266898567,-11.563596836772053,-0.5002874169666063,5,0.6
24.794153998779972,-11.564282035178126,-0.49982324761693836,5,0.6
24.966610978032485,-11.564960302095749,-0.499318067438583,5,0.6
25.140267490436816,-11.565631725848055,-0.4987716569182672,5,0.6
25.315131879405854,-11.566315517833166,-0.4981898979155723,5,0.6
25.4912125463855,-11.566992644443935,-0.4975665942293887,5,0.6
25.668517951258348,-11.567682316496784,-0.4969077467726191,5,0.6
25.847056612750112,-11.568378250708353,-0.4962112410691744,5,0.6
26.026837108838944,-11.569048678369082,-0.49546650396595027,5,0.6
26.20786807716754,-11.569738300402292,-0.4946880314264927,5,0.6
26.390158215458165,-11.57044083695647,-0.49387373877289126,5,0.6
26.573716281930512,-11.571130899383355,-0.49301502297814803,5,0.6
26.758551095722524,-11.571808588312821,-0.492111688494696,5,0.6
26.944671537314093,-11.572505854643936,-0.4911744928833474,5,0.6
27.13208654895373,-11.573190948086385,-0.4901924934441606,5,0.6
27.320805135088207,-11.573883079981961,-0.4891721976017412,5,0.6
27.510836362795175,-11.574569615194923,-0.4881091219500552,5,0.6
27.7021893622188,-11.57525065955916,-0.4870031702083522,5,0.6
27.89487332700842,-11.575945422758023,-0.48586110096346724,5,0.6
28.088897514760255,-11.576634908194013,-0.484676104488858,5,0.6
28.284271247462218,-11.577338325557688,-0.48345507372021274,5,0.6
28.48100391194176,-11.57801758511798,-0.4821840876246644,5,0.6
28.679104960316874,-11.578717363620708,-0.4808794360945545,5,0.6
28.878583910450253,-11.579399578231815,-0.4795270437545034,5,0.6
29.079450346406546,-11.580083441642524,-0.4781339589400743,5,0.6
29.28171391891285,-11.580781798172348,-0.4767050588487329,5,0.6
29.485384345822368,-11.581462942853438,-0.47522832249220665,5,0.6
29.690471412581335,-11.582152452124932,-0.4737134650167644,5,0.6
29.896984972699123,-11.582831355715559,-0.47215318159605885,5,0.6
30.104934948221704,-11.583518865669127,-0.47055493103848595,5,0.6
30.314331330208326,-11.584208741698458,-0.4689163475717541,5,0.6
30.52518417921155,-11.58488838517226,-0.46723245177933326,5,0.6
30.73750362576062,-11.58558337001421,-0.46551348254046027,5,0.6
30.951299870848175,-11.586268378276083,-0.46374935596097544,5,0.6
31.16658318642038,-11.58694990246853,-0.4619426851602782,5,0.6
31.38336391587042,-11.587628075036367,-0.46009355152152576,5,0.6
31.60165247453548,-11.588303030060045,-0.45820204632696077,5,0.6
31.82145935019715,-11.58898762134568,-0.4562736123671055,5,0.6
32.04279510358529,-11.589669266488992,-0.4543031076674714,5,0.6
32.26567036888546,-11.590329030124725,-0.4522825086677013,5,0.6
32.49009585424984,-11.591011561076776,-0.4502309089826018,5,0.6
32.716082342311665,-11.591691567509152,-0.44813767941821603,5,0.6
32.94364069070335,-11.59235648009479,-0.44599740612349914,5,0.6
33.172781832578096,-11.593019160203129,-0.44381572581509654,5,0.6
33.40351677713521,-11.593705179801098,-0.44160412705297225,5,0.6
33.63585661014903,-11.594363838828167,-0.43934024988782977,5,0.6
33.86981249450153,-11.595027069666589,-0.4370383862303522,5,0.6
34.10539567071872,-11.595682314951308,-0.43469300842721953,5,0.6
34.34261745751061,-11.596355148506492,-0.43231595150477314,5,0.6
34.58148925231507,-11.597007600198527,-0.42988996568318955,5,0.6
34.822022531845434,-11.597671600284203,-0.4274299256593877,5,0.6
35.064228852641875,-11.598315541982966,-0.4249212357460452,5,0.6
35.30811985162668,-11.598971355267441,-0.42237903180718783,5,0.6
35.55370724666329,-11.599620145753038,-0.4197945843194708,5,0.6
35.80100283711939,-11.600274785336996,-0.4171742308656493,5,0.6
36.05001850443371,-11.600916387604897,-0.41450903816975954,5,0.6
36.30076621268694,-11.60157052989912,-0.4118116303838004,5,0.6
36.55325800917653,-11.60220562996777,-0.4090667238908955,5,0.6
36.80750602499552,-11.602834567100885,-0.4062807422056045,5,0.6
37.06352247561536,-11.603470219280673,-0.40346032271575893,5,0.6
37.32131966147283,-11.6041127649311,-0.4006058704402773,5,0.6
37.58090996856101,-11.604730639294257,-0.39770154456760914,5,0.6
37.84230586902438,-11.605362122816949,-0.39476704091817844,5,0.6
38.105519921758045,-11.605988354360665,-0.391792960376431,5,0.6
38.37056477301113,-11.606609523556163,-0.38877958719435773,5,0.6
38.63745315699439,-11.607244864376,-0.38573728993649764,5,0.6
38.906197896491996,-11.60785648510914,-0.3826462997149349,5,0.6
39.176811903477656,-11.608469972175797,-0.37952033386662515,5,0.6
39.449308179734956,-11.609079176971084,-0.37635635194725586,5,0.6
39.72369981748203,-11.609684300490866,-0.3731546804417433,5,0.6
40.000000000000604,-11.610279200549108,-0.36991215681458367,5,0.6
40.27822200226936,-11.610883119926601,-0.3666396158559036,5,0.6
40.55837919160177,-11.611464540452925,-0.3633198086057313,5,0.6
40.840485028288356,-11.612074432061359,-0.3599814996478977,5,0.6
41.124553066243294,-11.612655905671671,-0.35659298284593954,5,0.6
41.410596953655734,-11.613247244021291,-0.35317613209075277,5,0.6
41.6986304336455,-11.613823289757333,-0.3497168253121645,5,0.6
41.98866734492334,-11.614409638237547,-0.34623007779203696,5,0.6
42.28072162245588,-11.614981140308105,-0.34270154875986725,5,0.6
42.57480729813507,-11.615557051433425,-0.33914274675422423,5,0.6
42.8709385014524,-11.616118573495346,-0.33554280832028854,5,0.6
43.16912946017777,-11.616691307060902,-0.3319172577130097,5,0.6
43.46939450104301,-11.61725011914012,-0.32825130600129543,5,0.6
43.771748050430276,-11.617814272093192,-0.3245568554036402,5,0.6
44.07620463506514,-11.61836498290327,-0.3208227080013466,5,0.6
44.38277888271451,-11.618915177200059,-0.31705702203523434,5,0.6
44.69148552288952,-11.619458760716185,-0.31325628565126895,5,0.6
45.00233938755311,-11.619995983102642,-0.3094208760592262,5,0.6
45.315355411832684,-11.620539775787762,-0.3055592571397656,5,0.6
45.63054863473769,-11.621077714207642,-0.3016638694629345,5,0.6
45.947934199882155,-11.621597379375352,-0.2977269038336905,5,0.6
46.26752735621227,-11.622124388536797,-0.2937651198103762,5,0.6
46.58934345873901,-11.622652666366033,-0.289774957543949,5,0.6
46.913397969275934,-11.623157128070321,-0.285740125003333,5,0.6
47.23970645718201,-11.62368241050407,-0.28169040744062446,5,0.6
47.56828460010965,-11.624197097401884,-0.2776052918912917,5,0.6
47.89914818475796,-11.624707803955461,-0.27348942590673275,5,0.6
48.232313107631235,-11.625208473938084,-0.26933892326767295,5,0.6
48.5677953758027,-11.625693055272244,-0.2651497681460557,5,0.6
48.90561110768358,-11.62619985390494,-0.26094866163556985,5,0.6
49.2457765337975,-11.62667846938061,-0.25670096003124643,5,0.6
49.58830799756032,-11.627167212696047,-0.2524335875039678,5,0.6
49.933221956065346,-11.627647373047639,-0.24813370837913767,5,0.6
50.280534980874016,-11.628112916795194,-0.24379716697207096,5,0.6
50.630263758812085,-11.628595823794527,-0.2394471716939326,5,0.6
50.982425092771386,-11.629064726124241,-0.23506146269047712,5,0.6
51.33703590251707,-11.629513602178207,-0.23063569048137927,5,0.6
51.69411322550061,-11.629974439395099,-0.22619351838581508,5,0.6
52.05367421767828,-11.630428552956998,-0.22172151774435483,5,0.6
52.41573615433548,-11.63088893276441,-0.21722965759026114,5,0.6
52.78031643091672,-11.631336903697033,-0.21270419652065925,5,0.6
53.14743256386143,-11.63177279648599,-0.20814547603917316,5,0.6
53.517102191445446,-11.632209611565829,-0.2035636012317551,5,0.6
53.8893430746286,-11.632628687707333,-0.19894440507861794,5,0.6
54.264173097907864,-11.633068362809817,-0.19431786522086889,5,0.6
54.64161027017682,-11.63349098581139,-0.18965496829243525,5,0.6
55.02167272559077,-11.633915903536828,-0.1849710750777465,5,0.6
55.40437872443802,-11.634324473005226,-0.18025159270837393,5,0.6
55.78974665401725,-11.634736047531211,-0.1755121315773225,5,0.6
56.17779502952094,-11.635144656321037,-0.17074818211670498,5,0.6
56.56854249492486,-11.635538002077164,-0.16594989606232327,5,0.6
56.962007823883944,-11.635935448701858,-0.16113326628727637,5,0.6
57.358209920634174,-11.63632470715398,-0.1562884230636763,5,0.6
57.75716782090094,-11.636718817292637,-0.1514264297409679,5,0.6
58.158900692813525,-11.637086507520637,-0.14652121770099308,5,0.6
58.56342783782614,-11.637466148565093,-0.1416052393630276,5,0.6
58.97076869164518,-11.63783913899957,-0.13666302907527675,5,0.6
59.38094282516311,-11.63821220428962,-0.13170054361242103,5,0.6
59.79396994539869,-11.638566753767208,-0.12670184022002365,5,0.6
60.209869896443855,-11.638922181525771,-0.12168385116221392,5,0.6
60.628662660417106,-11.639278895656142,-0.11664721442039756,5,0.6
61.05036835842356,-11.63963730849743,-0.11159258079256397,5,0.6
61.4750072515217,-11.639978849052453,-0.10650354136478775,5,0.6
61.90259974169682,-11.640316598405736,-0.1013918504763268,5,0.6
62.33316637284123,-11.640650983012987,-0.09625806520334307,5,0.6
62.766727831741306,-11.640982433936786,-0.09110275507054626,5,0.6
63.20330494907143,-11.641311386882649,-0.0859265024151659,5,0.6
63.642918700394766,-11.641625624888574,-0.0807180791493396,5,0.6
64.08559020717105,-11.641944579501233,-0.07549569458624077,5,0.6
64.5313407377714,-11.642262371617928,-0.07025410385482071,5,0.6
64.98019170850016,-11.642560470911715,-0.06497579968392116,5,0.6
65.43216468462381,-11.642864650797137,-0.059685395145681455,5,0.6
65.8872813814072,-11.643169046959601,-0.05437755264733349,5,0.6
66.34556366515669,-11.643455144559143,-0.0490343919683485,5,0.6
66.80703355427093,-11.643742402245573,-0.043674888380612384,5,0.6
67.27171322029855,-11.644031299198039,-0.038299751866522264,5,0.6
67.73962498900357,-11.64430333592762,-0.03289072376559958,5,0.6
68.21079134143795,-11.644577985358113,-0.027467246831829484,5,0.6
68.68523491502174,-11.644855741481146,-0.022030080474039503,5,0.6
69.16297850463066,-11.645124448386204,-0.01656705617047078,5,0.6
69.6440450636914,-11.645384610635823,-0.01107867751761747,5,0.6
70.12845770528428,-11.645643065447846,-0.005572034704087573,5,0.6
70.61623970325388,-11.645887672720548,-3.4569896596055084e-05,5,0.6
71.10741449332713,-11.646131607251373,0.005519972995870244,5,0.6
71.60200567423932,-11.64637539418937,0.011090875105018662,5,0.6
72.10003700886796,-11.646600581857387,0.016697711694551032,5,0.6
72.60153242537443,-11.646839342676973,0.022306071804995383,5,0.6
73.10651601835362,-11.647066908066037,0.027942365414651834,5,0.6
73.61501204999159,-11.647296478974141,0.03359225318641163,5,0.6
74.12704495123128,-11.647509625090592,0.03927584646895929,5,0.6
74.64263932294622,-11.647725885036643,0.044971687771490555,5,0.6
75.16181993712259,-11.647933166475786,0.05069307944511774,5,0.6
75.68461173804933,-11.648138364376647,0.05643232068743982,5,0.6
76.21103984351666,-11.648335724411714,0.0621958531211085,5,0.6
76.74112954602285,-11.648532152187203,0.06797582776083975,5,0.6
77.27490631398935,-11.64872190433571,0.07377874936147388,5,0.6
77.81239579298456,-11.648905569913648,0.07960396666109368,5,0.6
78.3536238069559,-11.649096398244925,0.08543599733145293,5,0.6
78.8986163594705,-11.649269680350137,0.09130365281907259,5,0.6
79.44739963496465,-11.649445003557572,0.09718399898850659,5,0.6
80.00000000000179,-11.649616651763171,0.1030836955235366,5,0.6
80.55644400453932,-11.649772586447117,0.10901722705834216,5,0.6
81.11675838320417,-11.649919756970208,0.11497645465386944,5,0.6
81.68097005657731,-11.650071445729486,0.12094524921313424,5,0.6
82.24910613248719,-11.65022195827575,0.12693039249797025,5,0.6
82.8211939073121,-11.65036560542368,0.13293886758757348,5,0.6
83.39726086729164,-11.650509358762676,0.13896203417065536,5,0.6
83.97733468984731,-11.65063488433079,0.14502288119888726,5,0.6
84.56144324491237,-11.650768148030092,0.1510888555650439,5,0.6
85.14961459627077,-11.650897154722324,0.15717497619505053,5,0.6
85.74187700290544,-11.651009913747732,0.16329670633338153,5,0.6
86.33825892035618,-11.651126080547646,0.1694289084462491,5,0.6
86.93878900208668,-11.651233675327639,0.1755870487064183,5,0.6
87.54349610086122,-11.65134603675633,0.1817537197990632,5,0.6
88.15240927013093,-11.651457524126842,0.18793617461480866,5,0.6
88.7655577654297,-11.651543515636611,0.19416724329698987,5,0.6
89.38297104577971,-11.651636352185415,0.20040406320170054,5,0.6
90.00467877510688,-11.651717751049613,0.20667113435156212,5,0.6
90.63071082366605,-11.651794749379578,0.21295910479295346,5,0.6
91.26109726947607,-11.651874390494918,0.2192583387599025,5,0.6
91.895868399765,-11.651951064481352,0.22557645165014453,5,0.6
92.53505471242522,-11.652025495933863,0.23191244494226007,5,0.6
93.17868691747873,-11.65207942524058,0.23829198203787633,5,0.6
93.82679593855258,-11.652145235226678,0.24466975919107625,5,0.6
94.47941291436473,-11.652192016537303,0.25108942956270336,5,0.6
95.13656920022001,-11.652245833513877,0.25751406237860824,5,0.6
95.79829636951663,-11.652288445488491,0.2639697687722266,5,0.6
96.4646262152632,-11.652320606452678,0.2704557338506705,5,0.6
97.13559075160614,-11.652362067739887,0.27694321878925154,5,0.6
97.81122221536789,-11.652394601655143,0.2834588217978058,5,0.6
98.49155306759573,-11.652412645392278,0.29001105107250436,5,0.6
99.17661599512138,-11.652442297540837,0.2965611463796528,5,0.6
99.86644391213144,-11.652452679294349,0.3031553404358839,5,0.6
100.56106996174877,-11.652463567740487,0.30976409104999325,5,0.6
101.26052751762494,-11.652475750436954,0.31638611194647304,5,0.6
101.96485018554354,-11.652477354792278,0.32303963614978576,5,0.6
102.67407180503491,-11.652462843081349,0.3297335698226099,5,0.6
103.388226451002,-11.652445679817331,0.3364472960876584,5,0.6
104.10734843535732,-11.65245200235744,0.3431395938597731,5,0.6
104.83147230867174,-11.652425620656977,0.3498989250869124,5,0.6
105.56063286183424,-11.65239267812015,0.356684489251794,5,0.6
106.29486512772365,-11.65236665862734,0.36347470917393493,5,0.6
107.03420438289172,-11.652329379929718,0.37029881694108635,5,0.6
107.778686149258,-11.652300668295412,0.37712471004229337,5,0.6
108.52834619581655,-11.65224334197217,0.3840132894561325,5,0.6
109.28322054035448,-11.652196239342649,0.39090105218390336,5,0.6
110.04334545118235,-11.652134853062181,0.39782853572930826,5,0.6
110.80875744887686,-11.65208536170166,0.40475211863527133,5,0.6
111.57949330803534,-11.652023261692165,0.41171285360768844,5,0.6
112.35559005904271,-11.651943056858086,0.4187205175051035,5,0.6
113.13708498985058,-11.651870937857577,0.42573066154314976,5,0.6
113.92401564776874,-11.65179507889518,0.4327634059240309,5,0.6
114.71641984126921,-11.651709991900137,0.43982839420758524,5,0.6
115.51433564180275,-11.651610189329242,0.4469355413034575,5,0.6
116.31780138562794,-11.651521877481073,0.45403895336144334,5,0.6
117.12685567565316,-11.651414219926794,0.4611930815316787,5,0.6
117.94153738329126,-11.651300749692163,0.4683742938889995,5,0.6
118.76188565032712,-11.651201344731469,0.47554680205407485,5,0.6
119.58793989079828,-11.651078827426709,0.48277767220115775,5,0.6
120.41973979288862,-11.650953077102201,0.49003126612276887,5,0.6
121.25732532083512,-11.650824956078784,0.49730603436087323,5,0.6
122.10073671684803,-11.6507016692183,0.5045885840322298,5,0.6
122.95001450304433,-11.65055871372161,0.5119245281054585,5,0.6
123.80519948339456,-11.65040329227742,0.5193009693102046,5,0.6
124.66633274568338,-11.650261638727857,0.5266684761333964,5,0.6
125.53345566348355,-11.650090216625069,0.5341096912595062,5,0.6
126.40660989814381,-11.649934290648625,0.5415385053278168,5,0.6
127.28583740079048,-11.649763005916293,0.5490140552517648,5,0.6
128.17118041434307,-11.649602601186436,0.5564855874151948,5,0.6
129.0626814755438,-11.64942221335182,0.5640132787863026,5,0.6
129.9603834170013,-11.649229043766367,0.5715835714408891,5,0.6
130.86432936924862,-11.649042987254836,0.5791571722092768,5,0.6
131.77456276281538,-11.648833166989888,0.5867957236873776,5,0.6
132.69112733031437,-11.648638517199172,0.5944212927951336,5,0.6
133.61406710854286,-11.648434500896611,0.6020831199450594,5,0.6
134.5434264405981,-11.648215616211747,0.6097927644350006,5,0.6
135.47924997800817,-11.647995404016369,0.6175227321299873,5,0.6
136.42158268287693,-11.647781056832272,0.6252579589348468,5,0.6
137.3704698300445,-11.647535312024358,0.6330761621568131,5,0.6
138.32595700926237,-11.647284400484377,0.640923183860754,5,0.6
139.28809012738384,-11.647041855511093,0.6487703176325619,5,0.6
140.25691541056963,-11.646795800912352,0.656642451587736,5,0.6
141.23247940650882,-11.646527997347903,0.6645788968663646,5,0.6
142.2148289866553,-11.64627102345519,0.6725097142972093,5,0.6
143.20401134847972,-11.646000274938928,0.6804880253409632,5,0.6
144.200074017737,-11.645722907073065,0.6884985103232627,5,0.6
145.20306485074994,-11.645439715653819,0.6965395088988253,5,0.6
146.2130320367083,-11.645145133425714,0.7046235154835758,5,0.6
147.2300240999843,-11.644852655379982,0.7127205019859127,5,0.6
148.25408990246365,-11.644550342849996,0.7208571811019956,5,0.6
149.28527864589356,-11.644232602313904,0.7290465421307358,5,0.6
150.32363987424628,-11.643906548355318,0.7372727467380175,5,0.6
151.3692234760998,-11.643592010897688,0.7454900978910031,5,0.6
152.42207968703445,-11.643245208854252,0.7537997256452107,5,0.6
153.48225909204683,-11.642917758977314,0.7620819111863633,5,0.6
154.54981262797986,-11.642565852507087,0.7704388707611234,5,0.6
155.6247915859703,-11.642209283850114,0.7788244658458842,5,0.6
156.70724761391295,-11.641855117724482,0.7872217253510941,5,0.6
157.79723271894218,-11.641478584859104,0.7956899418752457,5,0.6
158.8947992699305,-11.641105820187573,0.8041664859293621,5,0.6
160.0000000000048,-11.64071839117337,0.8126959054169153,5,0.6
161.11288800907985,-11.640329682203127,0.8212456720921278,5,0.6
162.23351676640956,-11.63992759660658,0.8298454936913685,5,0.6
163.36194011315587,-11.639525496162914,0.8384623606785465,5,0.6
164.49821226497562,-11.639111253563126,0.8471263885755224,5,0.6
165.6423878146254,-11.638685463047917,0.8558363327835989,5,0.6
166.79452173458452,-11.638255076705988,0.8645747006975893,5,0.6
167.9546693796959,-11.637820661594995,0.8733398835871777,5,0.6
169.12288648982604,-11.637376394740953,0.8821467296662632,5,0.6
170.29922919254284,-11.636922808371944,0.8909939583016456,5,0.6
171.4837540058122,-11.63645404150196,0.8998969881054869,5,0.6
172.6765178407137,-11.635983344589377,0.9088212463538773,5,0.6
173.87757800417467,-11.635498443963844,0.9177989730806791,5,0.6
175.08699220172375,-11.63501255823961,0.92679512554889,5,0.6
176.30481854026317,-11.634526134094909,0.9358080661993223,5,0.6
177.53111553086072,-11.634014071562786,0.9449053675963006,5,0.6
178.7659420915608,-11.633502297071923,0.9540171690799025,5,0.6
180.00935755021513,-11.63297204556147,0.9631944987797421,5,0.6
181.26142164733346,-11.63244282931557,0.972383852776881,5,0.6
182.52219453895353,-11.6319086070482,0.9816014415961994,5,0.6
183.7917367995314,-11.631344147727503,0.9909177598881211,5,0.6
185.07010942485184,-11.630788067722857,1.0002248618991074,5,0.6
186.35737383495882,-11.630215087924133,1.0095935519283978,5,0.6
187.65359187710658,-11.629644625604756,1.0189685727986786,5,0.6
188.95882582873088,-11.629057733264617,1.0284037623237474,5,0.6
190.27313840044144,-11.628454605124702,1.0378988568266871,5,0.6
191.59659273903472,-11.62784820030273,1.0474162510204552,5,0.6
192.92925243052787,-11.62722587655095,1.0569926446096947,5,0.6
194.27118150321374,-11.626594148261976,1.0666089652308675,5,0.6
195.62244443073726,-11.625959508139942,1.076245664901628,5,0.6
196.98310613519297,-11.625296423902611,1.0859788565198067,5,0.6
198.35323199024427,-11.6246433329419,1.0956932389590635,5,0.6
199.73288782426437,-11.623968240421563,1.1054848224391582,5,0.6
201.12213992349908,-11.623290332461231,1.1152953153662297,5,0.6
202.5210550352514,-11.622596751392312,1.1251637325640138,5,0.6
203.9297003710886,-11.621906636656291,1.1350306973537014,5,0.6
205.3481436100714,-11.62117502182584,1.1450357988575828,5,0.6
206.77645290200556,-11.620453029019082,1.1550196964011983,5,0.6
208.21469687071618,-11.619721261474734,1.1650423545750745,5,0.6
209.66294461734503,-11.618973099383897,1.1751245700155,5,0.6
211.12126572367004,-11.618201883840293,1.1852878178938264,5,0.6
212.5897302554489,-11.61744583602512,1.1954088587102314,5,0.6
214.06840876578502,-11.616646900172718,1.205674848610491,5,0.6
215.5573722985176,-11.615868915827818,1.2158780822528956,5,0.6
217.05669239163473,-11.61505373335039,1.2262081482333502,5,0.6
218.5664410807106,-11.61423946475586,1.2365396519463667,5,0.6
220.08669090236637,-11.613399971385013,1.2469588882223328,5,0.6
221.6175148977554,-11.612547614147982,1.2574247076994927,5,0.6
223.15898661607235,-11.611701160735766,1.2678730806668868,5,0.6
224.71118011808713,-11.610821484004411,1.2784360272505861,5,0.6
226.27416997970286,-11.609933703793349,1.2890281553522773,5,0.6
227.8480312955392,-11.609037192238201,1.2996508900392088,5,0.6
229.43283968254013,-11.608137719444304,1.3102833801182767,5,0.6
231.02867128360725,-11.607202393237364,1.32103988658273,5,0.6
232.63560277125762,-11.606256207367206,1.3318332228048848,5,0.6
234.25371135130806,-11.6053177043415,1.3425967643406758,5,0.6
235.88307476658426,-11.604347410317574,1.353469823287929,5,0.6
237.523771300656,-11.603370227433029,1.3643633983038281,5,0.6
239.17587978159838,-11.60236590951714,1.37534990457963,5,0.6
240.83947958577906,-11.601352847982582,1.386362537029306,5,0.6
242.51465064167206,-11.600342964888624,1.3973564627415294,5,0.6
244.2014734336979,-11.599296518022799,1.4084769129390056,5,0.6
245.9000290060905,-11.598238242153684,1.4196326970198083,5,0.6
247.61039896679097,-11.597167027062323,1.4308271154476013,5,0.6
249.33266549136863,-11.596088181010124,1.4420392990462954,5,0.6
251.06691132696898,-11.594981122889969,1.453346241646017,5,0.6
252.81321979628953,-11.593863997822385,1.4646787568731754,5,0.6
254.5716748015829,-11.592729060807452,1.4760655359121124,5,0.6
256.3423608286881,-11.591581455518154,1.4874860320587042,5,0.6
258.12536295108947,-11.590413344430903,1.4989698140765566,5,0.6
259.9207668340045,-11.589216836073554,1.5105474330577922,5,0.6
261.72865873849923,-11.58802285439725,1.5220966623199421,5,0.6
263.54912552563275,-11.586804001330647,1.5337242691485802,5,0.6
265.38225466063074,-11.585571694168832,1.545384246021138,5,0.6
267.2281342170877,-11.584324354186936,1.5570817840395355,5,0.6
269.08685288119824,-11.583047380480734,1.5688750915225855,5,0.6
270.95849995601833,-11.581758562548796,1.5806914580559788,5,0.6
272.8431653657559,-11.58045619502602,1.5925364574422043,5,0.6
274.74093966009104,-11.579125534298072,1.6044698137552877,5,0.6
276.6519140185268,-11.577777767863616,1.6164446709311353,5,0.6
278.5761802547697,-11.576417558265216,1.6284402969711917,5,0.6
280.51383082114137,-11.575023513496843,1.6405454803484256,5,0.6
282.4649588130198,-11.57363273570333,1.6526025570916567,5,0.6
284.42965797331277,-11.572217241503404,1.6647283071675236,5,0.6
286.40802269696155,-11.570761983977038,1.6769868347069068,5,0.6
288.40014803547615,-11.569317018633246,1.6891615426395075,5,0.6
290.4061297015021,-11.567808570418304,1.7015706905178873,5,0.6
292.42606407341884,-11.566312720705326,1.7138824161618385,5,0.6
294.4600481999708,-11.564788179967923,1.7262751972115165,5,0.6
296.50817980492957,-11.563245777263072,1.7387001863627598,5,0.6
298.5705572917893,-11.561676724793116,1.751195120229785,5,0.6
300.64727974849484,-11.560098323744663,1.7636810522022381,5,0.6
302.73844695220185,-11.558475555257914,1.77631441955753,5,0.6
304.84415937407124,-11.556838720765105,1.788957318990543,5,0.6
306.964518184096,-11.555185415069626,1.801618596310252,5,0.6
309.09962525596205,-11.55350664155947,1.8143378153545942,5,0.6
311.24958317194296,-11.551799901587875,1.8271252823850315,5,0.6
313.4144952278283,-11.55008232678762,1.8398995266485711,5,0.6
315.59446543788675,-11.548331686960793,1.8527626402430508,5,0.6
317.7895985398634,-11.546545361349526,1.8657262312379672,5,0.6
320.000000000012,-11.544753530165027,1.8786454266948462,5,0.6
322.22577601816215,-11.542933833596436,1.891624268161556,5,0.6
324.4670335328215,-11.541083555500437,1.904674390716822,5,0.6
326.7238802263142,-11.539213100895571,1.917743782154195,5,0.6
328.99642452995374,-11.537306533494231,1.9309081971612776,5,0.6
331.2847756292533,-11.535380787041056,1.9440831402922591,5,0.6
333.5890434691715,-11.53343303171367,1.9572800459103765,5,0.6
335.90933875939425,-11.531453806091008,1.9705437585862888,5,0.6
338.2457729796546,-11.529446797338828,1.9838541252426232,5,0.6
340.5984583850881,-11.527415674994892,1.997190536195772,5,0.6
342.96750801162693,-11.525357483066783,2.0105655704253107,5,0.6
345.3530356814299,-11.523262619272058,2.0240261633264067,5,0.6
347.75515600835195,-11.5211479018166,2.037484154524851,5,0.6
350.1739844034501,-11.519010304230662,2.050952104698553,5,0.6
352.60963708052907,-11.516840142792857,2.0644776437027854,5,0.6
355.0622310617241,-11.51462768524443,2.0781098360256527,5,0.6
357.53188418312425,-11.512383059180074,2.091793918056926,5,0.6
360.0187151004329,-11.51012968254676,2.105402973282037,5,0.6
362.52284329466966,-11.507837857190065,2.119091310565433,5,0.6
365.0443890779098,-11.505504383068175,2.1328743178990526,5,0.6
367.58347359906554,-11.503152655724078,2.1466235172160317,5,0.6
370.14021884970646,-11.500766161597657,2.160424924462877,5,0.6
372.7147476699204,-11.498348319939005,2.1742572574842667,5,0.6
375.30718375421594,-11.49589587575877,2.1881355376730194,5,0.6
377.9176516574646,-11.4934122276296,2.202038146302454,5,0.6
380.5462768008857,-11.490887410285069,2.216017636708449,5,0.6
383.1931854780723,-11.488344851021463,2.229939917755987,5,0.6
385.85850486105863,-11.485747811967764,2.244008211774277,5,0.6
388.5423630064304,-11.483126406290921,2.2580498846629915,5,0.6
391.2448888614774,-11.480477322122002,2.272079587997104,5,0.6
393.96621227038884,-11.477783811904036,2.2861898053896534,5,0.6
396.7064639804915,-11.475055927048473,2.3003197614077195,5,0.6
399.4657756485318,-11.472303749863553,2.314406963572175,5,0.6
402.24427984700117,-11.469490306193638,2.3286637674231256,5,0.6
405.04211007050577,-11.4666660197942,2.3427911983773204,5,0.6
407.85940074218024,-11.463780406171413,2.3570828941301283,5,0.6
410.69628722014585,-11.460870489578145,2.371316181886199,5,0.6
413.55290580401413,-11.457919418165519,2.3855871418616625,5,0.6
416.42939374143555,-11.454937313543695,2.399830860996177,5,0.6
419.3258892346932,-11.451907280754188,2.414145372816911,5,0.6
422.24253144734325,-11.448839451237864,2.428465449524005,5,0.6
425.179460510901,-11.445730445745216,2.4428075272348013,5,0.6
428.13681753157323,-11.442576879482973,2.4571884400891912,5,0.6
431.11474459703845,-11.439375362747716,2.4716254192913936,5,0.6
434.11338478327275,-11.436149697108885,2.4859654257048867,5,0.6
437.13288216142445,-11.432869346037142,2.5003947567207145,5,0.6
440.173381804736,-11.429558162883247,2.514758737283992,5,0.6
443.23502979551404,-11.42619237225916,2.529203219431885,5,0.6
446.31797323214806,-11.422789077958376,2.543614809998808,5,0.6
449.4223602361776,-11.419344967472467,2.5580093475757417,5,0.6
452.5483399594091,-11.415843044602694,2.572491985236657,5,0.6
455.6960625910818,-11.412307358576152,2.5869018863987474,5,0.6
458.8656793650838,-11.408720934699128,2.6013442435505265,5,0.6
462.0573425672179,-11.405094206363405,2.615745348050379,5,0.6
465.2712055425187,-11.401410177696025,2.630212266503868,5,0.6
468.5074227026196,-11.397686208306563,2.644624569135803,5,0.6
471.76614953317204,-11.393905307684761,2.6590902326694885,5,0.6
475.04754260131557,-11.390084923999833,2.67348651442847,5,0.6
478.3517595632003,-11.386228799807888,2.687781128942936,5,0.6
481.6789591715617,-11.382285388913186,2.70231971358318,5,0.6
485.02930128334776,-11.378327569831768,2.716598717151766,5,0.6
488.40294686739946,-11.374303801041808,2.73096493158042,5,0.6
491.8000580121847,-11.370217851202785,2.7453877201331265,5,0.6
495.2207979335857,-11.366094394562936,2.7596892014677614,5,0.6
498.665330982741,-11.361930418878321,2.773882499304491,5,0.6
502.1338226539417,-11.357695042376644,2.788178512590317,5,0.6
505.62643959258287,-11.35339913202463,2.8024953691445584,5,0.6
509.14334960316967,-11.349060636547916,2.816698536211407,5,0.6
512.68472165738,-11.34466263627514,2.8309016849795046,5,0.6
516.2507259021829,-11.340195160483352,2.845170651769938,5,0.6
519.841533668013,-11.335704380029554,2.859163617877218,5,0.6
523.4573174770023,-11.3311383379821,2.87325008475629,5,0.6
527.0982510512695,-11.326515221820097,2.887290975226936,5,0.6
530.7645093212655,-11.3218322077701,2.9012997204468403,5,0.6
534.4562684341794,-11.317107680059515,2.9151320457346723,5,0.6
538.1737057624005,-11.312296513262833,2.9291160998246646,5,0.6
541.9169999120409,-11.307431270277814,2.943002209096448,5,0.6
545.6863307315159,-11.302523469625328,2.9566945062464036,5,0.6
549.4818793201863,-11.297527887377043,2.970526905941305,5,0.6
553.3038280370578,-11.292477353591647,2.984243230177191,5,0.6
557.1523605095437,-11.287390691527246,2.9976894691080096,5,0.6
561.027661642287,-11.282215470589811,3.011259395481309,5,0.6
564.9299176260438,-11.276963339520776,3.024856940801337,5,0.6
568.8593159466297,-11.271674732047982,3.038158911638652,5,0.6
572.8160453939274,-11.266318615214981,3.0513967948010476,5,0.6
576.8002960709567,-11.260870976518385,3.0647515099108316,5,0.6
580.8122594030085,-11.255379718129973,3.077836704243287,5,0.6
584.8521281468421,-11.249820956948597,3.0908308399347417,5,0.6
588.920096399946,-11.244163453577213,3.1039751187699025,5,0.6
593.0163596098636,-11.238469948429819,3.116757800313273,5,0.6
597.1411145835832,-11.232702093816197,3.129475915903695,5,0.6
601.2945594969942,-11.226850384897105,3.1421976296541922,5,0.6
605.4768939044083,-11.220941712183706,3.154694416409459,5,0.6
609.688318748147,-11.214952128025155,3.167151458687226,5,0.6
613.9290363681965,-11.208886797336028,3.1795168675929735,5,0.6
618.1992505119288,-11.20275829879182,3.191676022696717,5,0.6
622.4991663438906,-11.196549989846387,3.2037561098754543,5,0.6
626.8289904556613,-11.19025985494746,3.2157640224186754,5,0.6
631.1889308757782,-11.183908025478555,3.2275198743794036,5,0.6
635.5791970797316,-11.177455745522622,3.239339512229913,5,0.6
640.0000000000289,-11.170960223892628,3.250727274177998,5,0.6
644.4515520363291,-11.1643604971562,3.2621895786896347,5,0.6
648.9340670656479,-11.157684348186896,3.273479157879859,5,0.6
653.4477604526332,-11.15094494499208,3.2844702351719914,5,0.6
657.9928490599125,-11.14411828015992,3.2953575248830993,5,0.6
662.5695512585116,-11.137210119911614,3.3060796032079023,5,0.6
667.178086938348,-11.130196322467004,3.316836106016715,5,0.6
671.8186775187937,-11.123127762862204,3.327169469143839,5,0.6
676.4915459593144,-11.115972931818321,3.337342713853595,5,0.6
681.1969167701814,-11.10872273784629,3.3474244449339934,5,0.6
685.935016023259,-11.10139833996583,3.357214247972822,5,0.6
690.7060713628651,-11.093983194063998,3.3668463552861607,5,0.6
695.5103120167091,-11.08646825290064,3.376389865733137,5,0.6
700.3479688069056,-11.07888256779783,3.3855700471424197,5,0.6
705.2192741610634,-11.07120964287461,3.394521525885789,5,0.6
710.1244621234536,-11.063440531735454,3.403312375304277,5,0.6
715.0637683662537,-11.055589303150269,3.411800610304217,5,0.6
720.0374302008713,-11.047631686033132,3.420195166699829,5,0.6
725.0456865893448,-11.039597289707801,3.4282097319380402,5,0.6
730.0887781558251,-11.031461852214036,3.43605395088968,5,0.6
735.1669471981365,-11.023239740523172,3.4435803181004347,5,0.6
740.2804376994185,-11.014929945044356,3.4507829943525326,5,0.6
745.4294953398465,-11.006508059805874,3.457876439580918,5,0.6
750.6143675084376,-10.997980784682353,3.4647844863698833,5,0.6
755.8353033149348,-10.989378504149112,3.4712046429349566,5,0.6
761.0925536017771,-10.98066897558595,3.477426742422012,5,0.6
766.3863709561504,-10.971874934109813,3.48321886347595,5,0.6
771.717009722123,-10.962963961586203,3.488875681249384,5,0.6
777.0847260128666,-10.953966878779058,3.4940860323059795,5,0.6
782.4897777229608,-10.944859123340313,3.499070634643695,5,0.6
787.9324245407837,-10.935655857097618,3.5036670990365195,5,0.6
793.412927960989,-10.926348412976509,3.507943298097,5,0.6
798.9315512970695,-10.91694415088585,3.511810953618109,5,0.6
804.4885596940084,-10.907418288537583,3.515496961172081,5,0.6
810.0842201410177,-10.897810537227917,3.5185941279913022,5,0.6
815.7188014843666,-10.888071824313869,3.5215700880067162,5,0.6
821.392574440298,-10.878250261110294,3.5239315322703235,5,0.6
827.1058116080346,-10.868296534733668,3.526151795548269,5,0.6
832.8587874828772,-10.858259147167285,3.5277296956720074,5,0.6
838.6517784693928,-10.848088536572309,3.529144335741682,5,0.6
844.4850628946929,-10.83783360624645,3.5298865347551347,5,0.6
850.3589210218082,-10.827444536635305,3.5304412332973945,5,0.6
856.2736350631529,-10.816962327726497,3.5303757747388684,5,0.6
862.2294891940834,-10.806353494885155,3.5300123036556825,5,0.6
868.226769566552,-10.795642741520407,3.5290810103502928,5,0.6
874.2657643228554,-10.784796333983662,3.527909450561861,5,0.6
880.3467636094787,-10.773856008332697,3.5260507648684523,5,0.6
886.4700595910348,-10.762804888653381,3.5236590169974433,5,0.6
892.635946464303,-10.751625890988707,3.520892548345417,5,0.6
898.844720472362,-10.74031024513507,3.5178251485137237,5,0.6
905.096679918825,-10.728917589676888,3.5138162428214867,5,0.6
911.3921251821704,-10.717379579892054,3.5095595729436986,5,0.6
917.7313587301744,-10.705721776698969,3.5047696265200097,5,0.6
924.1146851344428,-10.693944188657651,3.4994270106737577,5,0.6
930.5424110850445,-10.682064261081628,3.493327538316118,5,0.6
937.0148454052463,-10.670038624187217,3.486910354086325,5,0.6
943.5322990663512,-10.6579021663593,3.4797864812350183,5,0.6
950.0950852026382,-10.645619941703533,3.4723082342393274,5,0.6
956.7035191264079,-10.633244885520236,3.4638907595154302,5,0.6
963.3579183431307,-10.620733183526408,3.4549817674314376,5,0.6
970.0586025667028,-10.608075986940605,3.4456574701579203,5,0.6
976.8058937348063,-10.595335980819925,3.4352223719523827,5,0.6
983.6001160243768,-10.582424055550575,3.4246172369959393,5,0.6
990.4415958671789,-10.569412206219443,3.413043802306181,5,0.6
997.3306619654895,-10.556255760305213,3.4009653856447373,5,0.6
1004.267645307891,-10.542982212125711,3.3880626281253776,5,0.6
1011.2528791851732,-10.52957380065557,3.374508066024128,5,0.6
1018.2866992063468,-10.516021675698113,3.3603782956790904,5,0.6
1025.3694433147675,-10.502353829487474,3.3453457093779937,5,0.6
1032.5014518043733,-10.488533807836138,3.329789700812221,5,0.6
1039.6830673360337,-10.474608478254302,3.313173142278009,5,0.6
1046.9146349540124,-10.460531883664672,3.295981423298313,5,0.6
1054.1965021025467,-10.446304318947501,3.2781913226217028,5,0.6
1061.5290186425389,-10.431954519342128,3.2594633078814628,5,0.6
1068.9125368683667,-10.417492792193412,3.2396602753055097,5,0.6
1076.347411524809,-10.402872312906602,3.219281752971907,5,0.6
1083.8339998240897,-10.388112620741678,3.198089240098569,5,0.6
1091.37266146304,-10.373233684692147,3.1758375733951256,5,0.6
1098.9637586403808,-10.358187947893484,3.1530377874988758,5,0.6
1106.607656074124,-10.343024503865664,3.1291179044908173,5,0.6
1114.3047210190957,-10.327715010573888,3.1043741940148397,5,0.6
1122.0553232845823,-10.312260150343333,3.078777575002361,5,0.6
1129.859835252096,-10.29665073243796,3.052410414119628,5,0.6
1137.7186318932681,-10.280937229432084,3.0246802154228427,5,0.6
1145.6320907878635,-10.265060954995018,2.996228518220485,5,0.6
1153.600592141922,-10.249042616473602,2.966799363767375,5,0.6
1161.6245188060257,-10.232893273924862,2.936245026395524,5,0.6
1169.704256293693,-10.216583478975052,2.9048782924503276,5,0.6
1177.840192799901,-10.200134417445181,2.872436403376753,5,0.6
1186.032719219736,-10.1835574767726,2.8387671377934933,5,0.6
1194.2822291671753,-10.166812462989443,2.804307179061743,5,0.6
1202.5891189939975,-10.149931319489331,2.7686699103461123,5,0.6
1210.9537878088256,-10.13290478031106,2.7319390598907107,5,0.6
1219.3766374963034,-10.115733946998438,2.694079927600867,5,0.6
1227.8580727364024,-10.098409348050732,2.6551790956979735,5,0.6
1236.3985010238666,-10.080942689298865,2.6150802562019377,5,0.6
1244.9983326877905,-10.063313717826528,2.573994048008,5,0.6
1253.657980911332,-10.04556665168035,2.5313900350549394,5,0.6
1262.377861751566,-10.027659699830828,2.4877266056283545,5,0.6
1271.1583941594727,-10.009615812492626,2.442717590732248,5,0.6
1280.0000000000673,-9.991392349516426,2.3968323203369324,5,0.6
1288.9031040726677,-9.973045539015873,2.3494008065103285,5,0.6
1297.8681341313059,-9.954532496136164,2.3008955065793617,5,0.6
1306.8955209052763,-9.935876742044975,2.2510231641764786,5,0.6
1315.9856981198345,-9.917091119675765,2.199613422556923,5,0.6
1325.1391025170333,-9.89812041130474,2.1472820344411594,5,0.6
1334.3561738767062,-9.87903422642868,2.0932031317220914,5,0.6
1343.6373550375972,-9.859765365870926,2.0381311874772945,5,0.6
1352.9830919186386,-9.840372850453083,1.981362424045343,5,0.6
1362.393833540373,-9.820823581775473,1.9232575244898054,5,0.6
1371.8700320465282,-9.801118966175224,1.8637785077214046,5,0.6
1381.4121427257405,-9.781248576185725,1.803024147185126,5,0.6
1391.0206240334287,-9.76123763203181,1.740681326755832,5,0.6
1400.6959376138216,-9.741075910920362,1.6768465557154526,5,0.6
1410.4385483221372,-9.720789365117902,1.6111986108855747,5,0.6
1420.2489242469178,-9.70030678943635,1.544538122409508,5,0.6
1430.1275367325184,-9.679702877594874,1.4759812744521035,5,0.6
1440.0748604017533,-9.65891788804177,1.4061959557893673,5,0.6
1450.0913731787002,-9.638015493975916,1.3344264664114975,5,0.6
1460.177556311661,-9.616935156397435,1.2613493455340457,5,0.6
1470.3338943962842,-9.595754345837104,1.186051207048063,5,0.6
1480.560875398848,-9.574373555585112,1.1096563017258096,5,0.6
1490.8589906797042,-9.552832229774154,1.031688946062264,5,0.6
1501.2287350168863,-9.531184092599412,0.951511102842756,5,0.6
1511.670606629881,-9.509366494856165,0.8698214739434618,5,0.6
1522.1851072035656,-9.487380915320486,0.7865814630938595,5,0.6
1532.772741912312,-9.465268897882387,0.7012942036252856,5,0.6
1543.4340194442575,-9.443006128003969,0.614217571969122,5,0.6
1554.1694520257447,-9.420567490727638,0.5256172755029505,5,0.6
1564.9795554459333,-9.39800906316701,0.43483237883888787,5,0.6
1575.8648490815792,-9.375278526786413,0.34243884166799066,5,0.6
1586.8258559219898,-9.35244691947777,0.24760785542682615,5,0.6
1597.863102594151,-9.329405421745932,0.15155557264343925,5,0.6
1608.9771193880288,-9.306239468368041,0.0532906955173013,5,0.6
1620.1684402820476,-9.282923336546279,-0.04691518996820742,5,0.6
1631.4376029687455,-9.259459183999235,-0.1491070213435979,5,0.6
1642.7851488806082,-9.235863763609368,-0.25349387621784486,5,0.6
1654.2116232160815,-9.212110476317715,-0.3597961438529856,5,0.6
1665.7175749657672,-9.188216105789115,-0.46822309192398,5,0.6
1677.303556938798,-9.16416821088091,-0.5786553856283031,5,0.6
1688.9701257893985,-9.139968941963776,-0.6911378120075315,5,0.6
1700.7178420436294,-9.11563571377323,-0.8058850007908589,5,0.6
1712.5472701263188,-9.091140587930703,-0.9226057684841127,5,0.6
1724.4589783881795,-9.06653194500896,-1.0418579571161515,5,0.6
1736.453539133117,-9.041750639575369,-1.1630051336139418,5,0.6
1748.531528645724,-9.016861417069839,-1.2867838587141487,5,0.6
1760.6935272189705,-8.991820055831939,-1.4127247045235007,5,0.6
1772.940119182083,-8.966612759161038,-1.5406972138242416,5,0.6
1785.2718929286193,-8.941306330209654,-1.671454166785126,5,0.6
1797.6894409447373,-8.915822682033701,-1.8041600808267377,5,0.6
1810.1933598376636,-8.890196476893951,-1.9392152750054537,5,0.6
1822.7842503643546,-8.864463743906253,-2.0770304135340902,5,0.6
1835.4627174603627,-8.838577530059254,-2.2171148970408217,5,0.6
1848.2293702688994,-8.81259127688345,-2.3600655599072686,5,0.6
1861.0848221701028,-8.78644000520215,-2.5052010235937066,5,0.6
1874.0296908105065,-8.760177859071975,-2.6531231779362905,5,0.6
1887.0645981327166,-8.733720554225,-2.802951075433519,5,0.6
1900.190170405291,-8.707175672706764,-2.955853571386335,5,0.6
1913.4070382528298,-8.680493746396925,-3.1113219509925663,5,0.6
1926.715836686276,-8.65367760258452,-3.2694063491928533,5,0.6
1940.1172051334202,-8.626748492961543,-3.4303499414878873,5,0.6
1953.611787469627,-8.59967297636415,-3.59382080415716,5,0.6
1967.2002320487684,-8.572509760109206,-3.760452055842923,5,0.6
1980.8831917343723,-8.545187585026635,-3.9295195417536326,5,0.6
1994.661323930994,-8.517765971288462,-4.10166163803964,5,0.6
2008.535290615797,-8.490171635865643,-4.2761414604365315,5,0.6
2022.5057583703617,-8.462484459634629,-4.453802722543547,5,0.6
2036.573398412709,-8.434688992726496,-4.634503736508191,5,0.6
2050.7388866295505,-8.406769051198646,-4.818098349346276,5,0.6
2065.0029036087626,-8.378727900048066,-5.00463990999856,5,0.6
2079.366134672083,-8.350568916182466,-5.194182496242456,5,0.6
2093.8292699080407,-8.322295592588027,-5.386780922448784,5,0.6
2108.3930042051093,-8.29395337375185,-5.582906646900586,5,0.6
2123.0580372850936,-8.265441662434652,-5.781577548804068,5,0.6
2137.82507373675,-8.23686915423486,-5.983891771370875,5,0.6
2152.6948230496346,-8.208198035021239,-6.189491246577091,5,0.6
2167.6679996481957,-8.179366744119926,-6.397794806963657,5,0.6
2182.7453229260964,-8.150465914512418,-6.609708191828218,5,0.6
2197.927517280778,-8.1214558930495,-6.8248636949696495,5,0.6
2213.2153121482643,-8.092363154603694,-7.043535495126695,5,0.6
2228.6094420382083,-8.063146492717406,-7.265348121322532,5,0.6
2244.1106465691814,-8.033832387354913,-7.49057598932165,5,0.6
2259.7196705042093,-8.004425035153258,-7.71927838972912,5,0.6
2275.4372637865536,-7.974976416128964,-7.95196061336625,5,0.6
2291.2641815757443,-7.945444571965494,-8.188243696425037,5,0.6
2307.2011842838615,-7.915785385606114,-8.427738813470077,5,0.6
2323.2490376120686,-7.886076036679507,-8.67118027521277,5,0.6
2339.4085125874035,-7.856272424392284,-8.918179558939494,5,0.6
2355.6803855998196,-7.82635348376187,-9.168567584214568,5,0.6
2372.0654384394898,-7.79639964074182,-9.423093109455825,5,0.6
2388.5644583343683,-7.76639144122997,-9.681594017799885,5,0.6
2405.178237988013,-7.7362820352424535,-9.94367052020784,5,0.6
2421.9075756176694,-7.7061286772793665,-10.209851238504415,5,0.6
2438.753274992625,-7.675883554878158,-10.479732818721331,5,0.6
2455.716145472823,-7.6456603287538645,-10.75432506353718,5,0.6
2472.797002047752,-7.61530155866888,-11.032275199952933,5,0.6
2489.9966653755996,-7.584893956557092,-11.314357622731663,5,0.6
2507.3159618226828,-7.554471904834593,-11.600881082165419,5,0.6
2524.755723503151,-7.523956311178078,-11.891191273772602,5,0.6
2542.3167883189644,-7.493497230505927,-12.186567574794143,5,0.6
2560.0000000001537,-7.462956950848696,-12.48586779591468,5,0.6
2577.806208145355,-7.4323400590594035,-12.789155568032516,5,0.6
2595.736268262631,-7.401772786012516,-13.097484276293311,5,0.6
2613.7910418105726,-7.371080347399433,-13.409443504183184,5,0.6
2631.971396239689,-7.340515012181336,-13.727089251264049,5,0.6
2650.2782050340866,-7.309900121249118,-14.04900539703774,5,0.6
2668.7123477534324,-7.2791773397572825,-14.374756083312622,5,0.6
2687.274710075215,-7.2484799516281875,-14.70541574450426,5,0.6
2705.9661838372976,-7.217816805447184,-15.041061131426963,5,0.6
2724.7876670807664,-7.1871970893039885,-15.381769678843057,5,0.6
2743.740064093077,-7.156562658758142,-15.727106650651091,5,0.6
2762.824285451502,-7.125989227164671,-16.077659327184946,5,0.6
2782.0412480668783,-7.0954174529670855,-16.432990110557157,5,0.6
2801.391875227664,-7.064855051319004,-16.793172891631343,5,0.6
2820.8770966442953,-7.034310043369634,-17.158282375041466,5,0.6
2840.4978484938565,-7.003863303400943,-17.52891701993515,5,0.6
2860.2550734650586,-6.973526559591166,-17.905158678301365,5,0.6
2880.1497208035285,-6.943237394002853,-18.286562947007404,5,0.6
2900.1827463574223,-6.9129674563014785,-18.67294297254311,5,0.6
2920.355112623344,-6.88276334099368,-19.064639215169514,5,0.6
2940.6677887925907,-6.852635249681081,-19.46173033176734,5,0.6
2961.121750797718,-6.822633236426529,-19.864562101299633,5,0.6
2981.717981359431,-6.792689966756806,-20.272681832539813,5,0.6
3002.4574700337953,-6.762977540307916,-20.687239385848315,5,0.6
3023.3412132597846,-6.7333895557017245,-21.107515222249386,5,0.6
3044.3702144071544,-6.703854923075244,-21.533051447353838,5,0.6
3065.545483824648,-6.674425299791285,-21.964195215800032,5,0.6
3086.868038888538,-6.645284022384028,-22.402107015231387,5,0.6
3108.338904051513,-6.616188987027681,-22.84524824233564,5,0.6
3129.9591108918903,-6.587414160521136,-23.295322461111958,5,0.6
3151.7296981631816,-6.558711102074989,-23.750785686820542,5,0.6
3173.651711844004,-6.530225930814664,-24.212530827318794,5,0.6
3195.726205188326,-6.501974608446548,-24.680638519361867,5,0.6
3217.954238776082,-6.473973675909086,-25.155188936738533,5,0.6
3240.3368805641194,-6.446192809075373,-25.635989626359144,5,0.6
3262.8752059375156,-6.418695853373179,-26.12339146189967,5,0.6
3285.570297761241,-6.391501150584534,-26.617472619539846,5,0.6
3308.4232464321876,-6.364479106864634,-27.117494810840537,5,0.6
3331.435149931559,-6.33784392288412,-27.624622361276135,5,0.6
3354.607113877621,-6.311516071412924,-28.138387092914122,5,0.6
3377.9402515788224,-6.2856176453322,-28.659405472109476,5,0.6
3401.4356840872842,-6.26006762870118,-29.18720728452328,5,0.6
3425.094540252663,-6.234832978629738,-29.72159426070687,5,0.6
3448.9179567763854,-6.209932212013706,-30.26263835096046,5,0.6
3472.9070782662598,-6.185493763461448,-30.810947077951226,5,0.6
3497.0630572914743,-6.161597408653783,-31.366852125288222,5,0.6
3521.387054437968,-6.138045847316672,-31.92934569415925,5,0.6
3545.880238364193,-6.114971865640262,-32.499026371375344,5,0.6
3570.543785857265,-6.0922841809940875,-33.07542470227058,5,0.6
3595.378881889502,-6.070237106174386,-33.659656671611074,5,0.6
3620.3867196753545,-6.048742363392425,-34.251244355449884,5,0.6
3645.5685007287366,-6.027766175256125,-34.849977313948884,5,0.6
3670.9254349207527,-6.007394142449477,-35.456164776691615,5,0.6
3696.458740537827,-5.987654050431466,-36.06984898452463,5,0.6
3722.1696443402334,-5.968574401337635,-36.69106788473476,5,0.6
3748.0593816210417,-5.950057601556338,-37.319349656523144,5,0.6
3774.129196265462,-5.932385525393241,-37.95573748265675,5,0.6
3800.3803408106105,-5.915268441391765,-38.59900114607332,5,0.6
3826.8140765056887,-5.898993707899915,-39.25016292653855,5,0.6
3853.43167337258,-5.883462301571077,-39.908742173259554,5,0.6
3880.2344102668694,-5.868636733388902,-40.57451355032763,5,0.6
3907.223574939284,-5.854750366280661,-41.24820673332469,5,0.6
3934.400464097566,-5.841701036460912,-41.929338662575844,5,0.6
3961.7663834687746,-5.829520599918907,-42.617905899663036,5,0.6
3989.322647862018,-5.81831235084041,-43.31412590885276,5,0.6
4017.070581231624,-5.808039969393501,-44.01774717201638,5,0.6
4045.011516740754,-5.7987368424800945,-44.72874509361459,5,0.6
4073.1467968254487,-5.790363429944881,-45.446871304062554,5,0.6
4101.477773259132,-5.783174064051392,-46.17273461716614,5,0.6
4130.005807217556,-5.777058216331511,-46.90584613234674,5,0.6
4158.732269344197,-5.771899170026755,-47.64574183485921,5,0.6
4187.658539816113,-5.768033633383519,-48.39317924799685,5,0.6
4216.78600841025,-5.765346939171195,-49.147667855478,5,0.6
4246.116074570219,-5.763952681015691,-49.90931299539712,5,0.6
4275.650147473531,-5.763651954417087,-50.67745373105876,5,0.6
4305.389646099301,-5.764635058641905,-51.452375910360715,5,0.6
4335.335999296423,-5.766937490924882,-52.23396724086642,5,0.6
4365.4906458522255,-5.770675716717962,-53.022273140079236,5,0.6
4395.8550345615895,-5.7757233694737415,-53.816819909628364,5,0.6
4426.430624296562,-5.7821956810506725,-54.61763818492026,5,0.6
4457.21888407645,-5.790043952952485,-55.42442509179538,5,0.6
4488.2212931383965,-5.7993840514552675,-56.23717960107981,5,0.6
4519.439341008452,-5.810333922607426,-57.05586542676628,5,0.6
4550.874527573141,-5.822673118159585,-57.87988762897121,5,0.6
4582.528363151522,-5.836515838351505,-58.709215971982395,5,0.6
4614.402368567757,-5.852064165740169,-59.54390094576629,5,0.6
4646.498075224173,-5.869176814628379,-60.38348846045053,5,0.6
4678.817025174842,-5.888056188237733,-61.22798138135396,5,0.6
4711.360771199674,-5.908556776906446,-62.07693424445245,5,0.6
4744.130876879015,-5.930792575002269,-62.93021432231844,5,0.6
4777.128916668773,-5.954523866275173,-63.78732944590393,5,0.6
4810.356475976061,-5.980127638098755,-64.64837855290179,5,0.6
4843.815151235375,-6.007449802766311,-65.51294114233264,5,0.6
4877.506549985286,-6.036600902117975,-66.38082181033889,5,0.6
4911.432290945683,-6.067511361400636,-67.25168855336207,5,0.6
4945.594004095541,-6.10019910231959,-68.12527545835935,5,0.6
4979.9933307512365,-6.134951829900563,-69.00140890265861,5,0.6
5014.631923645403,-6.171332928518255,-69.87961508264632,5,0.6
5049.511447006339,-6.209535871832449,-70.75969333593012,5,0.6
5084.633576637967,-6.249662933855102,-71.6413650181813,5,0.6
5120.000000000346,-6.291724004860563,-72.52431476222883,5,0.6
5155.612416290749,-6.335544893975124,-73.40824107135245,5,0.6
5191.4725365253,-6.381222467560429,-74.29285593146056,5,0.6
5227.582083621183,-6.428942943891919,-75.17781091573973,5,0.6
5263.942792479418,-6.47834434000369,-76.06289132891948,5,0.6
5300.556410068212,-6.529700124378621,-76.94772185926679,5,0.6
5337.424695506905,-6.583099270199507,-77.83192796363664,5,0.6
5374.54942015047,-6.638265658411486,-78.71533709476878,5,0.6
5411.932367674636,-6.695104117974159,-79.59774397444806,5,0.6
5449.575334161574,-6.753969590826675,-80.47860339510862,5,0.6
5487.480128186196,-6.814672017022618,-81.3577405847834,5,0.6
5525.648570903045,-6.8772903428354155,-82.23477615917808,5,0.6
5564.082496133798,-6.941543498330582,-83.10969897904438,5,0.6
5602.78375045537,-7.0075084641493435,-83.98216999689728,5,0.6
5641.754193288633,-7.075436298778669,-84.85159387205958,5,0.6
5680.995696987757,-7.1452193493644565,-85.71777757074489,5,0.6
5720.51014693016,-7.216662385313733,-86.58069561367112,5,0.6
5760.2994416071,-7.289833713417839,-87.43997753556128,5,0.6
5800.365492714889,-7.364711802330296,-88.29537462695322,5,0.6
5840.710225246731,-7.441101833964998,-89.14694917592784,5,0.6
5881.335577585225,-7.519324858705678,-89.99387496951574,5,0.6
5922.243501595481,-7.599097756545162,-90.83638169229341,5,0.6
5963.435962718906,-7.680648657301835,-91.67375576405773,5,0.6
6004.914940067636,-7.763445232142123,-92.50682317135156,5,0.6
6046.682426519615,-7.848047292284315,-93.33416479800103,5,0.6
6088.740428814354,-7.934091067165574,-94.15629966219365,5,0.6
6131.090967649341,-8.021548890868788,-94.97306551698287,5,0.6
6173.736077777122,-8.110634706157335,-95.78369746336175,5,0.6
6216.6778081030725,-8.20083321088062,-96.58925478428557,5,0.6
6259.918221783827,-8.292676469114358,-97.38814713707289,5,0.6
6303.4593963264115,-8.385733479083036,-98.18128307293674,5,0.6
6347.303423688055,-8.48005430550865,-98.96833446400011,5,0.6
6391.4524103767,-8.575916145526783,-99.74826802780852,5,0.6
6435.9084775522115,-8.672822833620135,-100.52233664094246,5,0.6
6480.673761128287,-8.771124759896523,-101.28927506245702,5,0.6
6525.750411875079,-8.870486541177963,-102.049936874608,5,0.6
6571.140595522531,-8.971100700325628,-102.80351197881775,5,0.6
6616.846492864425,-9.072641135010187,-103.55092032311282,5,0.6
6662.870299863169,-9.175298051940212,-104.29135389127458,5,0.6
6709.214227755292,-9.279251529013509,-105.02396382765902,5,0.6
6755.880503157695,-9.384181046134314,-105.74971959545458,5,0.6
6802.871368174619,-9.48991859264027,-106.46912069052186,5,0.6
6850.189080505378,-9.596644984064298,-107.18134137316484,5,0.6
6897.835913552822,-9.704328606555437,-107.88634689673384,5,0.6
6945.814156532571,-9.8130713066688,-108.58355389246951,5,0.6
6994.126114583001,-9.922442965879993,-109.27460879788643,5,0.6
7042.774108875988,-10.032747667688163,-109.95811359796438,5,0.6
7091.760476728439,-10.143825013526346,-110.63462373834587,5,0.6
7141.087571714584,-10.25583729794283,-111.30327906295074,5,0.6
7190.757763779057,-10.368563849578056,-111.96494083978948,5,0.6
7240.773439350762,-10.481917594307507,-112.61991735280527,5,0.6
7291.137001457528,-10.59593631996802,-113.26793985297023,5,0.6
7341.850869841561,-10.710595320749006,-113.90903204721518,5,0.6
7392.917481075709,-10.825987879482351,-114.54262529138042,5,0.6
7444.339288680522,-10.94202743628902,-115.16904119908845,5,0.6
7496.118763242139,-11.058688467289352,-115.78831096135134,5,0.6
7548.258392530979,-11.175777509908475,-116.40137691345186,5,0.6
7600.760681621277,-11.293554510315388,-117.00677058686757,5,0.6
7653.628153011434,-11.411881725646895,-117.605136111939,5,0.6
7706.863346745218,-11.530574954798315,-118.1974354591487,5,0.6
7760.468820533797,-11.649883519652915,-118.78219212896461,5,0.6
7814.447149878626,-11.769572319473362,-119.36068043352469,5,0.6
7868.800928195191,-11.889676177682578,-119.93264957411418,5,0.6
7923.532766937609,-12.010126260300382,-120.49846453103474,5,0.6
7978.645295724095,-12.131056341467492,-121.05725843165055,5,0.6
8034.141162463309,-12.252297667192554,-121.61001611358544,5,0.6
8090.023033481568,-12.374028690778069,-122.15556194433589,5,0.6
8146.293593650958,-12.496036693426934,-122.69519500506294,5,0.6
8202.955546518326,-12.618448498214676,-123.22805049610922,5,0.6
8260.011614435174,-12.74110672577657,-123.75512213909938,5,0.6
8317.464538688457,-12.864044314180916,-124.276165992107,5,0.6
8375.317079632288,-12.987247243399933,-124.79124836655163,5,0.6
8433.572016820564,-13.110745809618951,-125.30012680758274,5,0.6
8492.232149140504,-13.234524861906177,-125.80286942681826,5,0.6
8551.300294947127,-13.358442421352876,-126.30047111122083,5,0.6
8610.779292198666,-13.482741089542428,-126.79114800676014,5,0.6
8670.671998592914,-13.60715452030911,-127.27682058096846,5,0.6
8730.981291704516,-13.731837278875734,-127.7563253429361,5,0.6
8791.710069123244,-13.856615478048228,-128.23096100049847,5,0.6
8852.86124859319,-13.981600081632585,-128.69987420786597,5,0.6
8914.437768152968,-14.106740665105812,-129.163440585883,5,0.6
8976.44258627686,-14.23210344534428,-129.62111894375124,5,0.6
9038.878682016972,-14.357600939321735,-130.0735895565735,5,0.6
9101.74905514635,-14.4832243385327,-130.5209202104877,5,0.6
9165.056726303115,-14.608892982930273,-130.96378267851233,5,0.6
9228.804737135582,-14.734815353177781,-131.40043080317415,5,0.6
9292.996150448414,-14.860732112029273,-131.83304454289024,5,0.6
9357.634050349754,-14.986881561808767,-132.25958578039214,5,0.6
9422.721542399418,-15.113013088528769,-132.68222043130402,5,0.6
9488.261753758103,-15.239257916582414,-133.0998150623883,5,0.6
9554.257833337617,-15.365575109789763,-133.5127333970927,5,0.6
9620.712951952195,-15.492087192360245,-133.9198587494593,5,0.6
9687.630302470823,-15.618465086335235,-134.32420753094556,5,0.6
9755.013099970645,-15.745117541481514,-134.72201507336308,5,0.6
9822.864581891441,-15.871629795476633,-135.11715890723457,5,0.6
9891.188008191157,-15.998307291164863,-135.5067745588649,5,0.6
9959.98666150255,-16.124990725179206,-135.89238291403416,5,0.6
10029.26384729088,-16.251705994123352,-136.27375205079133,5,0.6
10099.022894012754,-16.378534713937015,-136.6500810120616,5,0.6
10169.26715327601,-16.50529881527749,-137.02315167756367,5,0.6
10240.000000000768,-16.63208173868642,-137.39215774650208,5,0.6
10311.224832581574,-16.758906882228036,-137.75687317906994,5,0.6
10382.945073050678,-16.88576915227162,-138.11735789732015,5,0.6
10455.164167242447,-17.012610731299663,-138.47423113518138,5,0.6
10527.885584958914,-17.13950766403314,-138.8267073245744,5,0.6
10601.112820136505,-17.266377320259277,-139.1756801057227,5,0.6
10674.849391013888,-17.393243119677287,-139.52092234773602,5,0.6
10749.098840301021,-17.52012696623712,-139.86221170001593,5,0.6
10823.864735349352,-17.64697609182729,-140.20014977641293,5,0.6
10899.15066832323,-17.773837105784366,-140.53423967451616,5,0.6
10974.960256372473,-17.900706367491853,-140.86453547204846,5,0.6
11051.297141806172,-18.027580404734373,-141.19109053320278,5,0.6
11128.16499226768,-18.154387279344327,-141.5147593357627,5,0.6
11205.567500910824,-18.281149646309924,-141.8353149038934,5,0.6
11283.508386577352,-18.407955202419025,-142.1517421701235,5,0.6
11361.991393975597,-18.534689899173188,-142.4654148601828,5,0.6
11441.020293860403,-18.661418435307098,-142.7755851935953,5,0.6
11520.598883214287,-18.788138118589302,-143.08230217115056,5,0.6
11600.730985429864,-18.91480485440054,-143.3861310866472,5,0.6
11681.420450493551,-19.04147950110574,-143.686339637617,5,0.6
11762.671155170538,-19.168058182347167,-143.9842568669477,5,0.6
11844.48700319105,-19.294700849656344,-144.27787876489154,5,0.6
11926.871925437901,-19.421226275687488,-144.56954185119062,5,0.6
12009.82988013536,-19.547713774599206,-144.858264393384,5,0.6
12093.36485303932,-19.6742188829477,-145.1433372973396,5,0.6
12177.4808576288,-19.800645102907765,-145.42605367801872,5,0.6
12262.181935298773,-19.92702986889882,-145.70594979580468,5,0.6
12347.472155554336,-20.053408310916076,-145.98257311772807,5,0.6
12433.355616206238,-20.179724854002746,-146.25670079843965,5,0.6
12519.836443567749,-20.305997068987487,-146.52812275122756,5,0.6
12606.918792652916,-20.432224311224225,-146.7968749354314,5,0.6
12694.606847376202,-20.55842286675416,-147.06275343575464,5,0.6
12782.904820753494,-20.68455817719741,-147.32627304029688,5,0.6
12871.816955104521,-20.81066324991493,-147.58699085262424,5,0.6
12961.347522256672,-20.936736872936397,-147.84494488175554,5,0.6
13051.500823750257,-21.062746217743097,-148.1006393825154,5,0.6
13142.28119104516,-21.188707292161627,-148.35387051035505,5,0.6
13233.69298572895,-21.314604440515158,-148.60490072064036,5,0.6
13325.740599726436,-21.440498568841097,-148.85284085831321,5,0.6
13418.428455510686,-21.56631293009642,-149.09887288640095,5,0.6
13511.761006315492,-21.692092682978195,-149.34234000010255,5,0.6
13605.74273634934,-21.81780814754792,-149.58372584769717,5,0.6
13700.378161010858,-21.9434882691804,-149.82260888449602,5,0.6
13795.671827105747,-22.06911831526601,-150.05924415167294,5,0.6
13891.628313065248,-22.194711987112218,-150.29343957880332,5,0.6
13988.252229166108,-22.320241523673086,-150.5256654190794,5,0.6
14085.548217752083,-22.44572089551832,-150.75572724737788,5,0.6
14183.520953456982,-22.57115012245596,-150.98365206504684,5,0.6
14282.175143429275,-22.69654217653298,-151.2092515937445,5,0.6
14381.515527558222,-22.82188379609323,-151.43276956949262,5,0.6
14481.546878701633,-22.947150008572116,-151.65465577086027,5,0.6
14582.274002915165,-23.072403793504336,-151.8738737942149,5,0.6
14683.70173968323,-23.197582799936562,-152.09150737749724,5,0.6
14785.834962151528,-23.32273617174005,-152.30674099635758,5,0.6
14888.678577361155,-23.44783940325013,-152.52002000960022,5,0.6
14992.23752648439,-23.572869481190505,-152.7317784626926,5,0.6
15096.516785062071,-23.69788480730129,-152.9410121759098,5,0.6
15201.521363242668,-23.822827758231124,-153.14876873752905,5,0.6
15307.256306022984,-23.947710686516643,-153.35486141620757,5,0.6
15413.726693490553,-24.072556160633944,-153.55890865811278,5,0.6
15520.93764106771,-24.197385417391697,-153.76053917414222,5,0.6
15628.894299757369,-24.322112586755075,-153.96136399334702,5,0.6
15737.6018563905,-24.446844596092717,-154.15942542982305,5,0.6
15847.065533875337,-24.57149722679935,-154.35632067683468,5,0.6
15957.29059144831,-24.696112627330038,-154.55128520483555,5,0.6
16068.282324926739,-24.820680681848497,-154.74453501459843,5,0.6
16180.046066963258,-24.945201704690888,-154.936089881543,5,0.6
16292.587187302037,-25.069685675512066,-155.12577980319205,5,0.6
16405.911093036775,-25.19411346078205,-155.3140041404716,5,0.6
16520.023228870472,-25.318495200940234,-155.50059101274044,5,0.6
16634.92907737704,-25.442831236118415,-155.68555898726498,5,0.6
16750.634159264704,-25.567131001516067,-155.8687419038828,5,0.6
16867.144033641256,-25.69137653136568,-156.05052787826477,5,0.6
16984.464298281135,-25.815586227917066,-156.23056697660874,5,0.6
17102.600589894384,-25.93974267952353,-156.40924180913623,5,0.6
17221.558584397462,-26.06386375893614,-156.58620683254264,5,0.6
17341.343997185955,-26.187941018970292,-156.7616609145552,5,0.6
17461.962583409164,-26.311974834389463,-156.93562069815198,5,0.6
17583.42013824662,-26.43597376187833,-157.1079266608686,5,0.6
17705.72249718651,-26.559913642697154,-157.27912268918365,5,0.6
17828.875536306066,-26.683819396480487,-157.44869694370436,5,0.6
17952.885172553855,-26.807683226867184,-157.61684100322412,5,0.6
18077.75736403408,-26.931497815206143,-157.7837414986563,5,0.6
18203.498110292836,-27.055294244989533,-157.94872999760227,5,0.6
18330.113452606365,-27.179034503342464,-158.11267630591178,5,0.6
18457.609474271307,-27.302734383523042,-158.2752527839917,5,0.6
18585.99230089697,-27.426401529237356,-158.43630737673357,5,0.6
18715.26810069965,-27.550036006164163,-158.59585781332322,5,0.6
18845.44308479898,-27.673609717017,-158.75457892519796,5,0.6
18976.523507516347,-27.797165630779993,-158.91149520189197,5,0.6
19108.51566667538,-27.920662187350942,-159.06760303480132,5,0.6
19241.425903904536,-28.04414110602845,-159.22193994126044,5,0.6
19375.260604941792,-28.1675753280772,-159.3751687712837,5,0.6
19510.026199941436,-28.29095900202759,-159.5274581632366,5,0.6
19645.729163783028,-28.414325307670918,-159.67802589231044,5,0.6
19782.376016382463,-28.537642030878224,-159.8276777094181,5,0.6
19919.973323005244,-28.660928886211522,-159.97595299275218,5,0.6
20058.527694581913,-28.784179815691424,-160.1230218663239,5,0.6
20198.045788025658,-28.90740127525406,-160.26874308788814,5,0.6
20338.53430655217,-29.030575428346246,-160.41358909862916,5,0.6
20480.00000000169,-29.15372676900807,-160.5569600230978,5,0.6
20622.4496651633,-29.276837723981256,-160.69932482310944,5,0.6
20765.890146101516,-29.399914652958795,-160.8405426461186,5,0.6
20910.32833448505,-29.52296921259677,-160.98032833183365,5,0.6
21055.771169917985,-29.645962367636113,-161.11973008509784,5,0.6
21202.22564027317,-29.768945012643083,-161.2574275138931,5,0.6
21349.698782027936,-29.89190574972084,-161.39373416711294,5,0.6
21498.197680602203,-30.014823198041224,-161.52924383037586,5,0.6
21647.72947069887,-30.137692953379485,-161.66410442816976,5,0.6
21798.301336646622,-30.260552226447203,-161.7973216218051,5,0.6
21949.920512745113,-30.383364831832573,-161.92990669425475,5,0.6
22102.59428361251,-30.5061568809434,-162.06115943114258,5,0.6
22256.32998453553,-30.628918398145895,-162.19137448495562,5,0.6
22411.135001821818,-30.751649736700983,-162.3205618094123,5,0.6
22567.01677315487,-30.874351247128843,-162.44873122891246,5,0.6
22723.98278795137,-30.99701854507275,-162.57602895865304,5,0.6
22882.04058772098,-31.119666171839576,-162.70205501605145,5,0.6
23041.197766428744,-31.2422756770425,-162.8273630519148,5,0.6
23201.4619708599,-31.364861390857264,-162.95155565610128,5,0.6
23362.840900987278,-31.48742345036862,-163.07464481693853,5,0.6
23525.342310341253,-31.60994879624139,-163.19703802966296,5,0.6
23688.974006382276,-31.73245548828843,-163.31821489127614,5,0.6
23853.743850875984,-31.8549263808942,-163.43871000510643,5,0.6
24019.6597602709,-31.977379020026184,-163.55801000684636,5,0.6
24186.729706078822,-32.09980505761734,-163.67638548236434,5,0.6
24354.96171525778,-32.22219663158953,-163.79409976857627,5,0.6
24524.363870597732,-32.34457054541202,-163.9106498918724,5,0.6
24694.944311108862,-32.466914836547545,-164.02642640682762,5,0.6
24866.711232412665,-32.58922998888136,-164.14143492560933,5,0.6
25039.672887135683,-32.711524201174946,-164.25543312920448,5,0.6
25213.837585306024,-32.83379760850095,-164.36843162619823,5,0.6
25389.213694752598,-32.95605034805744,-164.4804408938403,5,0.6
25565.809641507185,-33.07826776796154,-164.59195682884308,5,0.6
25743.63391020923,-33.200472513301,-164.70225630313587,5,0.6
25922.695044513537,-33.32264644119151,-164.81195306128726,5,0.6
26103.00164750071,-33.44479723610406,-164.92081188714226,5,0.6
26284.562382090517,-33.56692518407507,-165.02884025010653,5,0.6
26467.385971458098,-33.68903056818852,-165.1360455314916,5,0.6
26651.481199453076,-33.81112045117332,-165.2422021263118,5,0.6
26836.856911021572,-33.93318144810921,-165.3477846498576,5,0.6
27023.522012631187,-34.055227304506566,-165.45233601340092,5,0.6
27211.485472698885,-34.17724501707842,-165.55632423754122,5,0.6
27400.75632202192,-34.29924154002689,-165.65952499098952,5,0.6
27591.3436542117,-34.42121713889041,-165.76194515451192,5,0.6
27783.256626130707,-34.54317518739802,-165.86347981974836,5,0.6
27976.504458332423,-34.66511581240437,-165.96413802416544,5,0.6
28171.096435504372,-34.78703007245085,-166.06425921621303,5,0.6
28367.04190691418,-34.90892742393256,-166.16351713485696,5,0.6
28564.35028685876,-35.030807990942016,-166.26192054369497,5,0.6
28763.031055116662,-35.15266610664117,-166.3596939150384,5,0.6
28963.093757403483,-35.27450499863222,-166.45673417242202,5,0.6
29164.548005830547,-35.39632209741535,-166.5531540017257,5,0.6
29367.403479366687,-35.51812331327496,-166.64874601952275,5,0.6
29571.669924303278,-35.63990603059962,-166.74362351190706,5,0.6
29777.35715472254,-35.76166778978192,-166.8378967663682,5,0.6
29984.475052969006,-35.88341957029118,-166.9311555657368,5,0.6
30193.03357012437,-36.00514816178311,-167.0239262634483,5,0.6
30403.042726485564,-36.126859184534105,-167.11600625188476,5,0.6
30614.512612046197,-36.24855286408758,-167.2074013208691,5,0.6
30827.45338698134,-36.370229423318975,-167.2981171952755,5,0.6
31041.875282135654,-36.49188908245045,-167.3881595355998,5,0.6
31257.788599514974,-36.613532059060155,-167.47753393859517,5,0.6
31475.203712781236,-36.735158568097404,-167.56624593757724,5,0.6
31694.13106775091,-36.8567688218923,-167.6543010027459,5,0.6
31914.581182896858,-36.97836536784622,-167.74160729145768,5,0.6
32136.564649853717,-37.09994831401908,-167.82817216429305,5,0.6
32360.09213392676,-37.22151095229313,-167.91429062162803,5,0.6
32585.17437460432,-37.34305815997914,-167.99977338182708,5,0.6
32811.8221860738,-37.464590136330486,-168.08462559875835,5,0.6
33040.04645774119,-37.58610707796341,-168.1688523610822,5,0.6
33269.85815475433,-37.70760917881945,-168.25245869103432,5,0.6
33501.26831852966,-37.82909663011884,-168.33544954241228,5,0.6
33734.28806728276,-37.95057170669296,-168.41773779672354,5,0.6
33968.928596562524,-38.07203039185437,-168.49951290051268,5,0.6
34205.20117978902,-38.1934810684747,-168.58041473959779,5,0.6
34443.11716879519,-38.31491166183681,-168.66099424086252,5,0.6
34682.68799437217,-38.4363304901092,-168.74089237318466,5,0.6
34923.92516681859,-38.55773569824138,-168.82020429929165,5,0.6
35166.8402764935,-38.67912362217096,-168.89911082769854,5,0.6
35411.44499437329,-38.80050214387841,-168.97726189644425,5,0.6
35657.7510726124,-38.921867532471055,-169.05483922074896,5,0.6
35905.77034510798,-39.0432180989409,-169.13193299618652,5,0.6
36155.51472806843,-39.16455586701381,-169.2084590664313,5,0.6
36406.99622058595,-39.285882739161686,-169.2843352811393,5,0.6
36660.22690521301,-39.40719697102822,-169.35965060160513,5,0.6
36915.21894854289,-39.528498612774,-169.43440674664913,5,0.6
37171.98460179422,-39.64978764285223,-169.50860419138778,5,0.6
37430.53620139958,-39.771063908613854,-169.5822413961852,5,0.6
37690.88616959824,-39.89232699765193,-169.65531335346103,5,0.6
37953.04701503298,-40.01357428952055,-169.72789040902572,5,0.6
38217.03133335104,-40.13480669809026,-169.79978411776858,5,0.6
38482.85180780936,-40.256016023026994,-169.87102375195207,5,0.6
38750.521209883875,-40.377178586472894,-169.94156789003995,5,0.6
39020.05239988316,-40.49819331457381,-170.01104967637295,5,0.6
39291.458327566346,-40.61865263875184,-170.08249801917907,5,0.6
39564.752032765224,-40.740393332724494,-170.15733610389225,5,0.6
39839.94664601079,-40.861913298710064,-170.22533027513418,5,0.6
40117.05538916413,-40.9831620958449,-170.29298811986376,5,0.6
40396.09157605162,-41.104341900172855,-170.3604239794314,5,0.6
40677.068613104646,-41.22548758580763,-170.42734149098226,5,0.6
40960.00000000368,-41.346589685660675,-170.49378043965385,5,0.6
41244.899330326916,-41.46759063136017,-170.5590523882338,5,0.6
41531.78029220334,-41.58804791025456,-170.62434717646806,5,0.6
41820.65666897041,-41.70925578519186,-170.69846406277662,5,0.6
42111.54233983629,-41.830947652871174,-170.76243976201994,5,0.6
42404.45128054665,-41.95216012309977,-170.82601082378994,5,0.6
42699.3975640562,-42.07328279172107,-170.88954838900784,5,0.6
42996.39536120473,-42.19437313017005,-170.9529301095931,5,0.6
43295.458941398065,-42.31544260847188,-171.0161892165691,5,0.6
43596.60267329357,-42.436503363530214,-171.07884756078616,5,0.6
43899.84102549055,-42.55755224112611,-171.14117046186283,5,0.6
44205.18856722535,-42.678591426779974,-171.20307558067196,5,0.6
44512.659969071385,-42.799623826130365,-171.26441843053294,5,0.6
44822.27000364397,-42.92064500728635,-171.32547677523957,5,0.6
45134.033546310086,-43.041658780358325,-171.38604121181825,5,0.6
45447.96557590307,-43.16266074487761,-171.4463870564007,5,0.6
45764.081175442305,-43.28365793907318,-171.50610473553448,5,0.6
46082.39553285784,-43.404648155310966,-171.56533507844335,5,0.6
46402.92394172015,-43.525629300275064,-171.62421543039622,5,0.6
46725.681801974904,-43.64660262036256,-171.6826804128712,5,0.6
47050.68462068286,-43.7675671736719,-171.74079853177278,5,0.6
47377.94801276491,-43.888524163579035,-171.79850558982412,5,0.6
47707.487701752325,-44.00947266817501,-171.8558693576282,5,0.6
48039.319520542165,-44.13041791953656,-171.9125683362601,5,0.6
48373.45941215801,-44.25135383575342,-171.9689955392096,5,0.6
48709.923430515926,-44.37228060334129,-172.02515110499223,5,0.6
49048.72774119583,-44.49320230350285,-172.08078219523887,5,0.6
49389.888622218095,-44.61411702904329,-172.1360199180239,5,0.6
49733.4224648257,-44.73502487601756,-172.1908670998526,5,0.6
50000.0,-44.828269172590936,-172.23288816446322,5,0.6
10.0,-8.722185174528983,-0.42798778924770253,6,0.7
10.069555500567189,-8.722459746319542,-0.43032457410639785,6,0.7
10.139594797900294,-8.722728707525997,-0.432665213052386,6,0.7
10.210121257071936,-8.723017780612635,-0.4350123891208195,6,0.7
10.281138266560667,-8.723301267909815,-0.4373631212243775,6,0.7
10.352649238413779,-8.723585609845895,-0.43971795792795454,6,0.7
10.424657608411218,-8.723870819510605,-0.4420767369756349,6,0.7
10.497166836230678,-8.724163336762839,-0.4444400279477167,6,0.7
10.57018040561381,-8.724463174505585,-0.44680767902911894,6,0.7
10.643701824533608,-8.72476391978388,-0.4491787891184688,6,0.7
10.71773462536294,-8.725065586346672,-0.45155318333942657,6,0.7
10.792282365044281,-8.725368188438678,-0.45393068354495114,6,0.7
10.867348625260592,-8.725671740436177,-0.4563111083147392,6,0.7
10.942937012607405,-8.725995532876286,-0.4586965814608995,6,0.7
11.019051158766118,-8.726307453192144,-0.46108309112162715,6,0.7
11.095694720678463,-8.726620367494235,-0.4634719734166843,6,0.7
11.172871380722214,-8.726940715746979,-0.46586382129088866,6,0.7
11.250584846888108,-8.727268512929275,-0.4682584551716454,6,0.7
11.328838852958,-8.727597349767183,-0.470654892874309,6,0.7
11.407637158684253,-8.727920818406943,-0.47305212448749273,6,0.7
11.486983549970367,-8.728258207092626,-0.47545235993077695,6,0.7
11.566881839052892,-8.728603107468642,-0.4778546076749169,6,0.7
11.647335864684578,-8.728942689068989,-0.48025702351588523,6,0.7
11.728349492318808,-8.729289815772658,-0.4826610332550032,6,0.7
11.809926614295325,-8.729638081400712,-0.4850655981807379,6,0.7
11.892071150027233,-8.729987503661455,-0.4874704945728168,6,0.7
11.97478704618931,-8.730338100265623,-0.4898754954164374,6,0.7
12.05807827690763,-8.73069631157231,-0.49228122757471526,6,0.7
12.141948843950495,-8.73106215530905,-0.49468747748599307,6,0.7
12.226402776920713,-8.731435649476563,-0.49709402866696484,6,0.7
12.31144413344919,-8.731791127033894,-0.49949715218233565,6,0.7
12.397076999389895,-8.732173557263511,-0.5019027332169839,6,0.7
12.48330548901615,-8.73254443162748,-0.5043052612245297,6,0.7
12.570133745218314,-8.732923033418409,-0.5067071397002841,6,0.7
12.657565939702833,-8.73331580243586,-0.50910904233815,6,0.7
12.745606273192656,-8.733697077548154,-0.5115071071019888,6,0.7
12.834258975629076,-8.734079720797245,-0.5139028715884624,6,0.7
12.923528306374958,-8.734489431544628,-0.5162997806550086,6,0.7
13.013418554419374,-8.734874874100178,-0.5186901854017116,6,0.7
13.10393403858367,-8.735274587476335,-0.5210793782899092,6,0.7
13.195079107728983,-8.735675754935691,-0.5234652355635554,6,0.7
13.286858140965156,-8.736097654308168,-0.5258503524094255,6,0.7
13.379275547861162,-8.736508215424077,-0.5282297017491534,6,0.7
13.472335768656947,-8.736913881226192,-0.530603930678208,6,0.7
13.566043274476765,-8.737340346297179,-0.5329766505300302,6,0.7
13.660402567544,-8.73776196314892,-0.5353436991376799,6,0.7
13.755418181397484,-8.738191591033328,-0.5377067553998343,6,0.7
13.851094681109295,-8.738622837214916,-0.540064550753366,6,0.7
13.947436663504105,-8.739062143372248,-0.5424178035187168,6,0.7
14.044448757380025,-8.739496701866287,-0.5447642061449872,6,0.7
14.142135623731003,-8.739945787025368,-0.547106517123226,6,0.7
14.240501955970773,-8.740377346058661,-0.5494393121216975,6,0.7
14.33955248015833,-8.740823484379899,-0.5517674304211934,6,0.7
14.439291955225018,-8.741284227493443,-0.5540906174715209,6,0.7
14.539725173203164,-8.741740357339385,-0.5564054382611311,6,0.7
14.640856959456315,-8.742191903025198,-0.5587115594554047,6,0.7
14.742692172911074,-8.74265813580941,-0.5610118753726868,6,0.7
14.845235706290554,-8.743132669235699,-0.5633050399509786,6,0.7
14.94849248634945,-8.74360911827604,-0.5655896713773177,6,0.7
15.05246747411074,-8.744087512884354,-0.5678654541980255,6,0.7
15.15716566510405,-8.74456788338479,-0.5701320712407506,6,0.7
15.26259208960566,-8.745043848263554,-0.5723880831185526,6,0.7
15.368751812880195,-8.74553467580112,-0.5746365312363491,6,0.7
15.475649935423972,-8.746014748996465,-0.5768725933858583,6,0.7
15.58329159321007,-8.746509747431233,-0.579100483073125,6,0.7
15.69168195793509,-8.747006879877118,-0.5813176169924916,6,0.7
15.800826237267621,-8.747512590296761,-0.5835248363326648,6,0.7
15.910729675098453,-8.748014090640112,-0.585719491363491,6,0.7
16.02139755179252,-8.748530646130172,-0.5879047827274615,6,0.7
16.13283518444261,-8.74904306076855,-0.5900768551133018,6,0.7
16.245047927124794,-8.749544961474246,-0.5922341467335721,6,0.7
16.358041171155712,-8.750068430800187,-0.5943823419706215,6,0.7
16.471820345351553,-8.750587867787956,-0.5965163025946228,6,0.7
16.586390916288924,-8.751128943303282,-0.5986406059915419,6,0.7
16.70175838856748,-8.751653244479076,-0.6007475473524393,6,0.7
16.817928305074386,-8.7521864425863,-0.6028417236891719,6,0.7
16.93490624725064,-8.752734982387322,-0.6049241002148438,6,0.7
17.052697835359233,-8.75327327381331,-0.6069893101239703,6,0.7
17.17130872875518,-8.753814171712554,-0.6090395329517283,6,0.7
17.290744626157405,-8.754351310517869,-0.6110731444785543,6,0.7
17.411011265922586,-8.754910354990395,-0.6130950099796393,6,0.7
17.53211442632081,-8.755459316979136,-0.6150983135490634,6,0.7
17.654059925813208,-8.756023860608245,-0.6170879755944216,6,0.7
17.776853623331515,-8.756584813125137,-0.6190597205730122,6,0.7
17.900501418559564,-8.757161431365127,-0.6210172406968266,6,0.7
18.02500925221672,-8.757721738699075,-0.6229534774634394,6,0.7
18.150383106343334,-8.758304203560568,-0.6248762404062324,6,0.7
18.27662900458813,-8.758870450114696,-0.6267770140238246,6,0.7
18.403753012497624,-8.75946534604989,-0.6286651394632552,6,0.7
18.53176123780754,-8.760044118499321,-0.63053059877043,6,0.7
18.660659830736275,-8.760626023686948,-0.6323772277796954,6,0.7
18.790454984280366,-8.761211110073177,-0.6342047159396811,6,0.7
18.921152934512047,-8.76180582743638,-0.6360141959073332,6,0.7
19.05275996087888,-8.76239742322503,-0.6378024928871998,6,0.7
19.18528238650542,-8.762992349336166,-0.6395707333280385,6,0.7
19.31872657849705,-8.763597056527633,-0.6413200943853743,6,0.7
19.453098948245852,-8.764205196224363,-0.643048827644863,6,0.7
19.588405951738682,-8.764810422233918,-0.6447551395887042,6,0.7
19.72465408986733,-8.765431984655041,-0.6464432443676166,6,0.7
19.861849908740865,-8.766037944777972,-0.6481053019009922,6,0.7
20.00000000000015,-8.766660349688824,-0.6497486104059341,6,0.7
20.13911100113453,-8.767273663594224,-0.651366763397953,6,0.7
20.279189595800737,-8.767897136315817,-0.6529641032581665,6,0.7
20.42024251414402,-8.768524427362197,-0.6545388227298191,6,0.7
20.56227653312149,-8.76914919910533,-0.6560890676125423,6,0.7
20.70529847682771,-8.769784302925473,-0.6576177456654884,6,0.7
20.849315216822593,-8.770423402446086,-0.6591230255803986,6,0.7
20.994333672461515,-8.771047373946313,-0.6605997683883104,6,0.7
21.14036081122778,-8.77170104344514,-0.6620591131212978,6,0.7
21.28740364906737,-8.772326922935301,-0.6634860700661017,6,0.7
21.43546925072604,-8.772976230264309,-0.6648935679256925,6,0.7
21.584564730088722,-8.77362345345741,-0.6662747645997137,6,0.7
21.734697250521346,-8.774275051705125,-0.667631096110774,6,0.7
21.885874025214974,-8.774924699022636,-0.6689606347186122,6,0.7
22.038102317532406,-8.775572463560671,-0.6702631293210228,6,0.7
22.191389441357092,-8.776237588708321,-0.6715435592417722,6,0.7
22.345742761444598,-8.776894577191,-0.6727947917402918,6,0.7
22.501169693776383,-8.77754989185815,-0.6740183218118702,6,0.7
22.657677705916175,-8.778222775025402,-0.6752192798040761,6,0.7
22.815274317368676,-8.778887737522847,-0.6763903794448891,6,0.7
22.973967099940907,-8.779538465916735,-0.6775295492237058,6,0.7
23.13376367810596,-8.78021975845193,-0.6786493061939349,6,0.7
23.29467172936933,-8.780886967352297,-0.6797367614227916,6,0.7
23.456698984637793,-8.781565723381457,-0.6807990773755777,6,0.7
23.619853228590827,-8.782236940368941,-0.6818305349672491,6,0.7
23.784142300054643,-8.78291347252418,-0.6828346973320232,6,0.7
23.949574092378796,-8.783576239820558,-0.6838057210020039,6,0.7
24.11615655381544,-8.784263642158795,-0.684754895048758,6,0.7
24.28389768790117,-8.784943829005702,-0.6856725610279207,6,0.7
24.452805553841607,-8.785629655702134,-0.6865624409398811,6,0.7
24.622888266898567,-8.786302051739431,-0.6874185327253421,6,0.7
24.794153998779972,-8.786993026473906,-0.6882505572657424,6,0.7
24.966610978032485,-8.787677128224654,-0.6890505248914285,6,0.7
25.140267490436816,-8.788360829636396,-0.6898203005723621,6,0.7
25.315131879405854,-8.789056985880714,-0.6905638639502663,6,0.7
25.4912125463855,-8.789740155304441,-0.6912730030226821,6,0.7
25.668517951258348,-8.790435959870736,-0.6919558284770592,6,0.7
25.847056612750112,-8.79112534568052,-0.6926061011678692,6,0.7
26.026837108838944,-8.791814789170934,-0.6932258159454645,6,0.7
26.20786807716754,-8.792510766285758,-0.6938170467024365,6,0.7
26.390158215458165,-8.793206992157293,-0.6943776611411249,6,0.7
26.573716281930512,-8.793903564895025,-0.6949076273237303,6,0.7
26.758551095722524,-8.79458782529248,-0.6954025645449237,6,0.7
26.944671537314093,-8.79529177009027,-0.6958733392028965,6,0.7
27.13208654895373,-8.79598998389792,-0.6963112500315753,6,0.7
27.320805135088207,-8.796682571386231,-0.6967162502173434,6,0.7
27.510836362795175,-8.797376015609107,-0.6970905553129785,6,0.7
27.7021893622188,-8.798064045477732,-0.6974319219589111,6,0.7
27.89487332700842,-8.798765898713896,-0.697747204335761,6,0.7
28.088897514760255,-8.799468929355722,-0.6980319463565826,6,0.7
28.284271247462218,-8.800173247240355,-0.6982862085481192,6,0.7
28.48100391194176,-8.800859838537395,-0.6985030167682174,6,0.7
28.679104960316874,-8.80156069312314,-0.6986941171004504,6,0.7
28.878583910450253,-8.802256800021325,-0.6988525561087254,6,0.7
29.079450346406546,-8.802941902544116,-0.6989759698647975,6,0.7
29.28171391891285,-8.803647986714877,-0.6990764903909966,6,0.7
29.485384345822368,-8.80433693046164,-0.6991397361758485,6,0.7
29.690471412581335,-8.805040719637837,-0.6991780016976827,6,0.7
29.896984972699123,-8.805733985591361,-0.6991816012698311,6,0.7
30.104934948221704,-8.806435968560747,-0.6991580975572064,6,0.7
30.314331330208326,-8.807121307952615,-0.6990976005876935,6,0.7
30.52518417921155,-8.807809245771459,-0.6990077556867116,6,0.7
30.73750362576062,-8.808519020256488,-0.6988964707835174,6,0.7
30.951299870848175,-8.809206169295418,-0.698745982702968,6,0.7
31.16658318642038,-8.809896306242724,-0.698566709427997,6,0.7
31.38336391587042,-8.810583195126378,-0.6983562379792021,6,0.7
31.60165247453548,-8.811273340067348,-0.6981173972919176,6,0.7
31.82145935019715,-8.81197324509299,-0.697853114894012,6,0.7
32.04279510358529,-8.812651209514783,-0.6975501995952085,6,0.7
32.26567036888546,-8.813332846194195,-0.6972195552156214,6,0.7
32.49009585424984,-8.814031029583711,-0.6968669575765332,6,0.7
32.716082342311665,-8.814701337208446,-0.6964734383962136,6,0.7
32.94364069070335,-8.815375749025625,-0.6960529265909731,6,0.7
33.172781832578096,-8.816067142057921,-0.6956113685600591,6,0.7
33.40351677713521,-8.816743838083598,-0.6951350278087006,6,0.7
33.63585661014903,-8.81741235570845,-0.6946268939152742,6,0.7
33.86981249450153,-8.818091941635137,-0.6940958335294708,6,0.7
34.10539567071872,-8.81876365797763,-0.6935335427760752,6,0.7
34.34261745751061,-8.819440389620308,-0.6929461171909613,6,0.7
34.58148925231507,-8.820103206156618,-0.6923250597510802,6,0.7
34.822022531845434,-8.820777720479146,-0.6916824766426948,6,0.7
35.064228852641875,-8.821438645675576,-0.6910068113732031,6,0.7
35.30811985162668,-8.822105233776906,-0.690307353168156,6,0.7
35.55370724666329,-8.822764928361476,-0.68957841059513,6,0.7
35.80100283711939,-8.823430621131731,-0.6888264335481776,6,0.7
36.05001850443371,-8.824077041273501,-0.6880394359887277,6,0.7
36.30076621268694,-8.824736164574523,-0.6872332363100486,6,0.7
36.55325800917653,-8.825382726444294,-0.6863957416998512,6,0.7
36.80750602499552,-8.826035983894757,-0.6855367525770683,6,0.7
37.06352247561536,-8.826677039392926,-0.6846471243655251,6,0.7
37.32131966147283,-8.827325151949806,-0.6837368320776975,6,0.7
37.58090996856101,-8.82797414641458,-0.6828031215149588,6,0.7
37.84230586902438,-8.828605137029928,-0.681836562953397,6,0.7
38.105519921758045,-8.829250100732718,-0.6808539514439953,6,0.7
38.37056477301113,-8.829871086420336,-0.6798358443817282,6,0.7
38.63745315699439,-8.830512785337291,-0.6788059852883641,6,0.7
38.906197896491996,-8.83114361036527,-0.6777481063049609,6,0.7
39.176811903477656,-8.831763761437063,-0.676662532665119,6,0.7
39.449308179734956,-8.832392506475925,-0.6755599598119352,6,0.7
39.72369981748203,-8.833004628012256,-0.6744270519816952,6,0.7
40.000000000000604,-8.833625751735818,-0.6732781164592472,6,0.7
40.27822200226936,-8.834237022326061,-0.6721031499576511,6,0.7
40.55837919160177,-8.834832298316321,-0.6708989518679145,6,0.7
40.840485028288356,-8.83545626813937,-0.6696909848077265,6,0.7
41.124553066243294,-8.8360519668217,-0.6684475246026312,6,0.7
41.410596953655734,-8.836657732484264,-0.6671906290438002,6,0.7
41.6986304336455,-8.837242023556284,-0.6659025413065321,6,0.7
41.98866734492334,-8.837849529815525,-0.6646094887307117,6,0.7
42.28072162245588,-8.838442365156162,-0.6632898718042488,6,0.7
42.57480729813507,-8.839033463196417,-0.6619515734928474,6,0.7
42.8709385014524,-8.83960400377066,-0.660583704524787,6,0.7
43.16912946017777,-8.840198677770093,-0.6592133660444534,6,0.7
43.46939450104301,-8.8407669181255,-0.6578105420693247,6,0.7
43.771748050430276,-8.841347067838724,-0.6563987912325769,6,0.7
44.07620463506514,-8.841913970590799,-0.6549631470476961,6,0.7
44.38277888271451,-8.842480572757877,-0.6535119071642097,6,0.7
44.69148552288952,-8.843034425955944,-0.6520376653118138,6,0.7
45.00233938755311,-8.843594829534752,-0.6505528832108217,6,0.7
45.315355411832684,-8.844149341357971,-0.6490501398510595,6,0.7
45.63054863473769,-8.844704568278773,-0.6475340278138016,6,0.7
45.947934199882155,-8.845248076542429,-0.6459969184032022,6,0.7
46.26752735621227,-8.845799173616605,-0.6444516929432631,6,0.7
46.58934345873901,-8.846339085375433,-0.6428865218811858,6,0.7
46.913397969275934,-8.846861737557068,-0.6412976251979925,6,0.7
47.23970645718201,-8.847411830618894,-0.639715114706313,6,0.7
47.56828460010965,-8.84792617784155,-0.6380971881478001,6,0.7
47.89914818475796,-8.848455830337798,-0.6364784613488633,6,0.7
48.232313107631235,-8.84897568827077,-0.6348423945714565,6,0.7
48.5677953758027,-8.849498730215839,-0.63319824209527,6,0.7
48.90561110768358,-8.8499998671231,-0.6315290024124393,6,0.7
49.2457765337975,-8.850511118552348,-0.629857250191789,6,0.7
49.58830799756032,-8.851013747941195,-0.6281703199918616,6,0.7
49.933221956065346,-8.85152708928454,-0.6264823065910271,6,0.7
50.280534980874016,-8.852019727119272,-0.6247712239298505,6,0.7
50.630263758812085,-8.852511002542037,-0.6230511834680879,6,0.7
50.982425092771386,-8.852994884087126,-0.6213181890084204,6,0.7
51.33703590251707,-8.85348437417238,-0.6195821270424938,6,0.7
51.69411322550061,-8.85396076285207,-0.6178296373212039,6,0.7
52.05367421767828,-8.854437059424306,-0.6160706605736507,6,0.7
52.41573615433548,-8.854900905814345,-0.6142963069941347,6,0.7
52.78031643091672,-8.855378002018702,-0.6125263239901011,6,0.7
53.14743256386143,-8.855836971689726,-0.6107373401851168,6,0.7
53.517102191445446,-8.856290837957427,-0.6089395158918068,6,0.7
53.8893430746286,-8.85675262596417,-0.6071433229009692,6,0.7
54.264173097907864,-8.857203657421039,-0.6053346833490546,6,0.7
54.64161027017682,-8.85765062420862,-0.6035191155374443,6,0.7
55.02167272559077,-8.858100221297441,-0.6017023017769235,6,0.7
55.40437872443802,-8.858546465993909,-0.5998799107962247,6,0.7
55.78974665401725,-8.85897703999919,-0.5980423353834028,6,0.7
56.17779502952094,-8.859398651133969,-0.596195168923968,6,0.7
56.56854249492486,-8.859830690138757,-0.5943545915280446,6,0.7
56.962007823883944,-8.860254511702756,-0.5925057771113564,6,0.7
57.358209920634174,-8.86067683465879,-0.5906545887890692,6,0.7
57.75716782090094,-8.86108536384863,-0.5887910688281742,6,0.7
58.158900692813525,-8.861493165881155,-0.5869264319997466,6,0.7
58.56342783782614,-8.861894293829753,-0.5850559912964838,6,0.7
58.97076869164518,-8.862289144208692,-0.5831803608049115,6,0.7
59.38094282516311,-8.862690795462038,-0.5813111607250459,6,0.7
59.79396994539869,-8.863086975169889,-0.5794382009666772,6,0.7
60.209869896443855,-8.863471754976986,-0.5775565483153039,6,0.7
60.628662660417106,-8.863845550020852,-0.5756667352151997,6,0.7
61.05036835842356,-8.864234131510528,-0.5737919785659831,6,0.7
61.4750072515217,-8.864606232661096,-0.5719047934727274,6,0.7
61.90259974169682,-8.864981295563725,-0.5700228838616468,6,0.7
62.33316637284123,-8.865340740093583,-0.5681296934049234,6,0.7
62.766727831741306,-8.865704016804223,-0.5662432133111399,6,0.7
63.20330494907143,-8.86606523032122,-0.5643584259805808,6,0.7
63.642918700394766,-8.866412153425816,-0.5624642165914795,6,0.7
64.08559020717105,-8.866764249854914,-0.5605790171708251,6,0.7
64.5313407377714,-8.867115638851327,-0.5586977202190172,6,0.7
64.98019170850016,-8.86744777171208,-0.556802911762393,6,0.7
65.43216468462381,-8.86778646271593,-0.5549194542400425,6,0.7
65.8872813814072,-8.868119509609963,-0.5530359874564443,6,0.7
66.34556366515669,-8.868447389275426,-0.551153214710787,6,0.7
66.80703355427093,-8.868770583221806,-0.5492718546636856,6,0.7
67.27171322029855,-8.869095914658018,-0.5473989457224476,6,0.7
67.73962498900357,-8.869411202595694,-0.5455226780513636,6,0.7
68.21079134143795,-8.869716944175476,-0.5436436756841537,6,0.7
68.68523491502174,-8.870026313676465,-0.5417754742907175,6,0.7
69.16297850463066,-8.870327146258619,-0.539906027070574,6,0.7
69.6440450636914,-8.870626290338704,-0.538042552938808,6,0.7
70.12845770528428,-8.870924263515763,-0.5361858895350657,6,0.7
70.61623970325388,-8.87120891712006,-0.534323603637653,6,0.7
71.10741449332713,-8.871506122462362,-0.5324830514837694,6,0.7
71.60200567423932,-8.871791069947701,-0.5306384482994978,6,0.7
72.10003700886796,-8.872064298654394,-0.5287904071388995,6,0.7
72.60153242537443,-8.872332688690097,-0.526946405230892,6,0.7
73.10651601835362,-8.872609460715697,-0.5251210415004537,6,0.7
73.61501204999159,-8.872876163076773,-0.5232945980184074,6,0.7
74.12704495123128,-8.873139691799748,-0.5214747660142142,6,0.7
74.64263932294622,-8.873400612822724,-0.5196624110424667,6,0.7
75.16181993712259,-8.873646826438934,-0.5178442058515703,6,0.7
75.68461173804933,-8.873904251824403,-0.5160493839225877,6,0.7
76.21103984351666,-8.874141793749528,-0.5142431272537843,6,0.7
76.74112954602285,-8.874379046690514,-0.5124477119370451,6,0.7
77.27490631398935,-8.8746166042377,-0.5106641162200297,6,0.7
77.81239579298456,-8.874848729747699,-0.5088859667747139,6,0.7
78.3536238069559,-8.875082363479319,-0.5071215592726552,6,0.7
78.8986163594705,-8.875311780216245,-0.5053644609442508,6,0.7
79.44739963496465,-8.875531259990227,-0.5036080433633776,6,0.7
80.00000000000179,-8.875747759936086,-0.5018606763684212,6,0.7
80.55644400453932,-8.87596190689678,-0.5001233243480832,6,0.7
81.11675838320417,-8.876174333713676,-0.49839697830598056,6,0.7
81.68097005657731,-8.87637300707576,-0.4966671187305641,6,0.7
82.24910613248719,-8.876577578049211,-0.4949579263108741,6,0.7
82.8211939073121,-8.876782360504897,-0.4932627632949397,6,0.7
83.39726086729164,-8.876969001885064,-0.4915589047085771,6,0.7
83.97733468984731,-8.87715717057206,-0.48987096025045873,6,0.7
84.56144324491237,-8.877347532904299,-0.4882000909390057,6,0.7
85.14961459627077,-8.87754076123553,-0.48654748925540287,6,0.7
85.74187700290544,-8.87771218825667,-0.4848816596497213,6,0.7
86.33825892035618,-8.87788784187703,-0.48323609787195276,6,0.7
86.93878900208668,-8.878055738217535,-0.4815954884983976,6,0.7
87.54349610086122,-8.878222907907611,-0.4799691484635103,6,0.7
88.15240927013093,-8.878383714285942,-0.47834982357423056,6,0.7
88.7655577654297,-8.878538862572285,-0.47673853122337423,6,0.7
89.38297104577971,-8.878695400398138,-0.47514486890476265,6,0.7
90.00467877510688,-8.878847707494876,-0.47356149588743124,6,0.7
90.63071082366605,-8.878996505457868,-0.47198952877154543,6,0.7
91.26109726947607,-8.879142521721281,-0.4704301182277382,6,0.7
91.895868399765,-8.879273813977715,-0.4688668460452656,6,0.7
92.53505471242522,-8.879403794754253,-0.46731827939579,6,0.7
93.17868691747873,-8.879539545158847,-0.4657946049681768,6,0.7
93.82679593855258,-8.879669138743218,-0.4642793178151353,6,0.7
94.47941291436473,-8.879793329273042,-0.4627735523462116,6,0.7
95.13656920022001,-8.879912875485822,-0.4612784792540688,6,0.7
95.79829636951663,-8.880034879995362,-0.4598045017221891,6,0.7
96.4646262152632,-8.880141097003715,-0.4583252784945514,6,0.7
97.13559075160614,-8.880251316008277,-0.4568696802873426,6,0.7
97.81122221536789,-8.880359978088318,-0.45542983494500394,6,0.7
98.49155306759573,-8.880461528561268,-0.45399763915869595,6,0.7
99.17661599512138,-8.880563095619479,-0.4525838264490664,6,0.7
99.86644391213144,-8.880652794398877,-0.45117063117735856,6,0.7
100.56106996174877,-8.880737762624344,-0.449768796680781,6,0.7
101.26052751762494,-8.880825143359479,-0.44838938572635434,6,0.7
101.96485018554354,-8.880909405067094,-0.4470241528253848,6,0.7
102.67407180503491,-8.88098501959034,-0.44566461226321696,6,0.7
103.388226451002,-8.881059143924489,-0.44432195333796193,6,0.7
104.10734843535732,-8.881132599443447,-0.4429976635083757,6,0.7
104.83147230867174,-8.881187188066821,-0.4416629605012439,6,0.7
105.56063286183424,-8.881268128110097,-0.4403900086448246,6,0.7
106.29486512772365,-8.881319180572094,-0.4390890459885527,6,0.7
107.03420438289172,-8.88137923205499,-0.4378225871939864,6,0.7
107.778686149258,-8.881423755847614,-0.4365509655613475,6,0.7
108.52834619581655,-8.881472623348134,-0.43530669464336785,6,0.7
109.28322054035448,-8.88152034116699,-0.4340810298960764,6,0.7
110.04334545118235,-8.881561418391438,-0.4328649716873805,6,0.7
110.80875744887686,-8.881596709675133,-0.43165996615529906,6,0.7
111.57949330803534,-8.881633417312777,-0.4304782873018935,6,0.7
112.35559005904271,-8.881666059222683,-0.42931084630593136,6,0.7
113.13708498985058,-8.881682810588124,-0.4281373521789687,6,0.7
113.92401564776874,-8.881709916392644,-0.4270030360605064,6,0.7
114.71641984126921,-8.88172921290542,-0.4258767627566077,6,0.7
115.51433564180275,-8.881741571513182,-0.42476002403419305,6,0.7
116.31780138562794,-8.881747866381989,-0.42365435812429864,6,0.7
117.12685567565316,-8.88175532022054,-0.42257268926119745,6,0.7
117.94153738329126,-8.881758465489414,-0.4215054754883178,6,0.7
118.76188565032712,-8.881751835314052,-0.4204428978653759,6,0.7
119.58793989079828,-8.881749005924553,-0.41940961146053624,6,0.7
120.41973979288862,-8.881744513982369,-0.41839597853174776,6,0.7
121.25732532083512,-8.881726547514312,-0.4173803271825487,6,0.7
122.10073671684803,-8.881702339149685,-0.41637587158393324,6,0.7
122.95001450304433,-8.881691822711018,-0.41542005457345865,6,0.7
123.80519948339456,-8.881664139700225,-0.4144553347630919,6,0.7
124.66633274568338,-8.881639225552131,-0.4135192561786582,6,0.7
125.53345566348355,-8.881598916994838,-0.412577364201857,6,0.7
126.40660989814381,-8.881563152211838,-0.4116678163622906,6,0.7
127.28583740079048,-8.881520116947483,-0.4107680903763048,6,0.7
128.17118041434307,-8.88148975326801,-0.4099172315616953,6,0.7
129.0626814755438,-8.881428482089342,-0.40903006909817213,6,0.7
129.9603834170013,-8.881375300647514,-0.4081830788461496,6,0.7
130.86432936924862,-8.881324741185475,-0.40736594504841955,6,0.7
131.77456276281538,-8.88126497871142,-0.4065552397451309,6,0.7
132.69112733031437,-8.881196891671125,-0.4057526473242655,6,0.7
133.61406710854286,-8.88113406694311,-0.4049858744466697,6,0.7
134.5434264405981,-8.881051958863722,-0.40420492989514867,6,0.7
135.47924997800817,-8.88097686136862,-0.4034637770496194,6,0.7
136.42158268287693,-8.880896932797969,-0.4027383117277213,6,0.7
137.3704698300445,-8.880806681482632,-0.402017089179644,6,0.7
138.32595700926237,-8.8807196842154,-0.4013287060709883,6,0.7
139.28809012738384,-8.880624084083887,-0.40064835050585185,6,0.7
140.25691541056963,-8.880527093291612,-0.3999914421567361,6,0.7
141.23247940650882,-8.88042956191908,-0.39936008382639193,6,0.7
142.2148289866553,-8.88031961439887,-0.3987287307549778,6,0.7
143.20401134847972,-8.880198087304386,-0.39809898626686063,6,0.7
144.200074017737,-8.880084897857948,-0.3975146267872853,6,0.7
145.20306485074994,-8.879968152055875,-0.39694994187710286,6,0.7
146.2130320367083,-8.879848671206664,-0.3964069565924394,6,0.7
147.2300240999843,-8.87971454208525,-0.395859042937653,6,0.7
148.25408990246365,-8.87958566272709,-0.3953510434424455,6,0.7
149.28527864589356,-8.879443739529954,-0.39484175392349974,6,0.7
150.32363987424628,-8.87930229359958,-0.3943620503817875,6,0.7
151.3692234760998,-8.879155743170077,-0.3938993940800915,6,0.7
152.42207968703445,-8.879017597912114,-0.39348545982576194,6,0.7
153.48225909204683,-8.878850417473629,-0.3930330384666593,6,0.7
154.54981262797986,-8.878693164000707,-0.3926333311376377,6,0.7
155.6247915859703,-8.878527478978997,-0.39224346958765066,6,0.7
156.70724761391295,-8.878360467363377,-0.3918804988716387,6,0.7
157.79723271894218,-8.878180111735146,-0.3915157240056618,6,0.7
158.8947992699305,-8.878006239812606,-0.39119715297523905,6,0.7
160.0000000000048,-8.877820437578311,-0.39088041678721674,6,0.7
161.11288800907985,-8.877636140203766,-0.39059850087497194,6,0.7
162.23351676640956,-8.87744127704896,-0.3903219328099629,6,0.7
163.36194011315587,-8.877236509668,-0.39005227534445874,6,0.7
164.49821226497562,-8.877028862878865,-0.389807173513179,6,0.7
165.6423878146254,-8.876825351426318,-0.38960474117905264,6,0.7
166.79452173458452,-8.87661384375209,-0.38941467923817297,6,0.7
167.9546693796959,-8.876394945156745,-0.38923860759416734,6,0.7
169.12288648982604,-8.8761820069107,-0.38911120987630193,6,0.7
170.29922919254284,-8.875943701739342,-0.38895160006621143,6,0.7
171.4837540058122,-8.87570610894546,-0.38882741251390207,6,0.7
172.6765178407137,-8.87546977306105,-0.38874064374209844,6,0.7
173.87757800417467,-8.875228836824927,-0.388676295485663,6,0.7
175.08699220172375,-8.874971035915632,-0.3886017711550949,6,0.7
176.30481854026317,-8.87472239855207,-0.3885869542650237,6,0.7
177.53111553086072,-8.874464237890496,-0.38858211591966707,6,0.7
178.7659420915608,-8.874197000994805,-0.38858851634026376,6,0.7
180.00935755021513,-8.873927504925014,-0.38862501059744947,6,0.7
181.26142164733346,-8.873636987327783,-0.3886399942670139,6,0.7
182.52219453895353,-8.873364179558193,-0.388741084878615,6,0.7
183.7917367995314,-8.873083886983913,-0.38885903118453613,6,0.7
185.07010942485184,-8.872777269651145,-0.38894065686885804,6,0.7
186.35737383495882,-8.872483009921018,-0.3890953930121377,6,0.7
187.65359187710658,-8.872169432105878,-0.3892336425568793,6,0.7
188.95882582873088,-8.871868792095734,-0.38944819291975974,6,0.7
190.27313840044144,-8.87154295553178,-0.38962945941326393,6,0.7
191.59659273903472,-8.871230538211679,-0.3898898180894247,6,0.7
192.92925243052787,-8.870880537867388,-0.390080240786515,6,0.7
194.27118150321374,-8.870557138577318,-0.39038989674723346,6,0.7
195.62244443073726,-8.870209273370687,-0.390668331410577,6,0.7
196.98310613519297,-8.869862673356835,-0.3909922996543181,6,0.7
198.35323199024427,-8.869504622082475,-0.39132405805646026,6,0.7
199.73288782426437,-8.8691544059743,-0.39172255784830917,6,0.7
201.12213992349908,-8.868780021892666,-0.39209066782232865,6,0.7
202.5210550352514,-8.868407109648299,-0.39250703841895374,6,0.7
203.9297003710886,-8.86802923965336,-0.3929525296627915,6,0.7
205.3481436100714,-8.867639946554167,-0.39340736216113387,6,0.7
206.77645290200556,-8.867239143896953,-0.39387137217939167,6,0.7
208.21469687071618,-8.866845964909796,-0.3944055351355009,6,0.7
209.66294461734503,-8.866428181807755,-0.39490800295430895,6,0.7
211.12126572367004,-8.866017703892444,-0.39548094943600604,6,0.7
212.5897302554489,-8.865595066510338,-0.3960625687630693,6,0.7
214.06840876578502,-8.86516002235931,-0.3966521744309539,6,0.7
215.5573722985176,-8.864725139929316,-0.39729123926566956,6,0.7
217.05669239163473,-8.864283687460471,-0.3979584296944382,6,0.7
218.5664410807106,-8.863841747954154,-0.3986745709121849,6,0.7
220.08669090236637,-8.863373228192913,-0.3993530072914672,6,0.7
221.6175148977554,-8.862909853815944,-0.4001002007598821,6,0.7
223.15898661607235,-8.862444750733589,-0.40089413800005985,6,0.7
224.71118011808713,-8.861951696880514,-0.40164590538278544,6,0.7
226.27416997970286,-8.861455897794894,-0.4024415917430779,6,0.7
227.8480312955392,-8.860976111515246,-0.40334724254960147,6,0.7
229.43283968254013,-8.860466678396179,-0.4042054527643723,6,0.7
231.02867128360725,-8.859933385813694,-0.40503564267879405,6,0.7
232.63560277125762,-8.859420652923665,-0.4059946809966444,6,0.7
234.25371135130806,-8.858895563023134,-0.4069677807282593,6,0.7
235.88307476658426,-8.858363808644995,-0.4079757057817135,6,0.7
237.523771300656,-8.857805251436666,-0.40894639014874146,6,0.7
239.17587978159838,-8.85724485117429,-0.40996998739469276,6,0.7
240.83947958577906,-8.856688197802708,-0.4110681162806102,6,0.7
242.51465064167206,-8.856115025868435,-0.4121675920972828,6,0.7
244.2014734336979,-8.85551791997476,-0.41324097929515047,6,0.7
245.9000290060905,-8.854947554081672,-0.41447728895459723,6,0.7
247.61039896679097,-8.854338311454374,-0.4156329440454052,6,0.7
249.33266549136863,-8.853734339479027,-0.4168736832062595,6,0.7
251.06691132696898,-8.853121606474746,-0.41814781375559257,6,0.7
252.81321979628953,-8.852498958224219,-0.4194516933030023,6,0.7
254.5716748015829,-8.851852256139379,-0.4207314002145669,6,0.7
256.3423608286881,-8.851199666522962,-0.4220572719538167,6,0.7
258.12536295108947,-8.85054638914826,-0.4234507536372412,6,0.7
259.9207668340045,-8.849871678665126,-0.4248315653370281,6,0.7
261.72865873849923,-8.849206560315707,-0.4263227617062826,6,0.7
263.54912552563275,-8.848517237048851,-0.4277916983288696,6,0.7
265.38225466063074,-8.847808730673382,-0.42925831451120045,6,0.7
267.2281342170877,-8.847099004582562,-0.43079549144265233,6,0.7
269.08685288119824,-8.846399518167607,-0.4324515515443826,6,0.7
270.95849995601833,-8.845656780448541,-0.434009647319975,6,0.7
272.8431653657559,-8.844921100027035,-0.4356758019959241,6,0.7
274.74093966009104,-8.844171347124277,-0.43736458307788817,6,0.7
276.6519140185268,-8.843412319524372,-0.43909676832984207,6,0.7
278.5761802547697,-8.842629272013983,-0.44081138377926604,6,0.7
280.51383082114137,-8.841846430555158,-0.44261106599248146,6,0.7
282.4649588130198,-8.841055477367352,-0.44446229986804475,6,0.7
284.42965797331277,-8.840254552176724,-0.4463584165960415,6,0.7
286.40802269696155,-8.839422207401448,-0.44820788848045545,6,0.7
288.40014803547615,-8.838615128593844,-0.4502568123345236,6,0.7
290.4061297015021,-8.83775965320818,-0.4521867940863256,6,0.7
292.42606407341884,-8.836899369322715,-0.45418802156724075,6,0.7
294.4600481999708,-8.836038746515309,-0.4562821087488156,6,0.7
296.50817980492957,-8.835162636063798,-0.4584035963015254,6,0.7
298.5705572917893,-8.83426888804522,-0.4605437502374772,6,0.7
300.64727974849484,-8.83336184687534,-0.46272300623787904,6,0.7
302.73844695220185,-8.832445828073288,-0.46496221393708514,6,0.7
304.84415937407124,-8.831518576763665,-0.4672526502029385,6,0.7
306.964518184096,-8.830571251758084,-0.4695549755354108,6,0.7
309.09962525596205,-8.829601507412537,-0.47185899818376315,6,0.7
311.24958317194296,-8.828646272989344,-0.4743378575982111,6,0.7
313.4144952278283,-8.827657292896633,-0.4767684452574521,6,0.7
315.59446543788675,-8.826664889549345,-0.4792939080891767,6,0.7
317.7895985398634,-8.825640349484786,-0.4817797915001399,6,0.7
320.000000000012,-8.824607397378339,-0.48433966668439504,6,0.7
322.22577601816215,-8.823576637163297,-0.4870267298096091,6,0.7
324.4670335328215,-8.822525795653881,-0.4897358208980863,6,0.7
326.7238802263142,-8.821452252140109,-0.49245514899068676,6,0.7
328.99642452995374,-8.820359931238078,-0.49520484349538996,6,0.7
331.2847756292533,-8.819259322892897,-0.49803808150012546,6,0.7
333.5890434691715,-8.818141145416647,-0.5009108716373137,6,0.7
335.90933875939425,-8.817009254145583,-0.503843989114225,6,0.7
338.2457729796546,-8.81586088951259,-0.5068253593113126,6,0.7
340.5984583850881,-8.814699860986464,-0.50987597472755,6,0.7
342.96750801162693,-8.813510145462143,-0.5129159783296108,6,0.7
345.3530356814299,-8.812315314133556,-0.5160671969564231,6,0.7
347.75515600835195,-8.811112518814722,-0.5193177871735112,6,0.7
350.1739844034501,-8.809879026543449,-0.5225519873134233,6,0.7
352.60963708052907,-8.80863176021482,-0.5258590330737616,6,0.7
355.0622310617241,-8.80736115768041,-0.5291906952439169,6,0.7
357.53188418312425,-8.806077507055898,-0.5326029327316265,6,0.7
360.0187151004329,-8.80478446950679,-0.536117723505247,6,0.7
362.52284329466966,-8.803459134839933,-0.5396147247190937,6,0.7
365.0443890779098,-8.802138323768608,-0.5432937592901345,6,0.7
367.58347359906554,-8.80077913986155,-0.5469256525966983,6,0.7
370.14021884970646,-8.799405102369976,-0.5506393465772402,6,0.7
372.7147476699204,-8.798019804765278,-0.554457194116417,6,0.7
375.30718375421594,-8.79660684286692,-0.5582911720030334,6,0.7
377.9176516574646,-8.795189774118223,-0.5622741325896186,6,0.7
380.5462768008857,-8.793732138062943,-0.56620514213961,6,0.7
383.1931854780723,-8.792257478888697,-0.5702173931613481,6,0.7
385.85850486105863,-8.79078940557138,-0.5744477980831516,6,0.7
388.5423630064304,-8.789264608617914,-0.5785393058982988,6,0.7
391.2448888614774,-8.787733413839359,-0.582780258210387,6,0.7
393.96621227038884,-8.786199389407095,-0.5871953183720684,6,0.7
396.7064639804915,-8.784612450170425,-0.5914970108590416,6,0.7
399.4657756485318,-8.78304318333729,-0.5960984625252088,6,0.7
402.24427984700117,-8.781414590765257,-0.6005521710149073,6,0.7
405.04211007050577,-8.779777186052163,-0.6051566105923499,6,0.7
407.85940074218024,-8.7781278106325,-0.609897049181164,6,0.7
410.69628722014585,-8.776449823633742,-0.6146773616343081,6,0.7
413.55290580401413,-8.77474675713784,-0.6195210404867483,6,0.7
416.42939374143555,-8.773028909048787,-0.6244933273153211,6,0.7
419.3258892346932,-8.771272843082745,-0.6294546212935858,6,0.7
422.24253144734325,-8.769495613246395,-0.6345112226671443,6,0.7
425.179460510901,-8.767721112717094,-0.6398144037145683,6,0.7
428.13681753157323,-8.765892038713615,-0.6450131378407514,6,0.7
431.11474459703845,-8.764045815567908,-0.6503417348076783,6,0.7
434.11338478327275,-8.762186083913447,-0.6558271464201344,6,0.7
437.13288216142445,-8.760282537055508,-0.6612816026425581,6,0.7
440.173381804736,-8.75836597497999,-0.6669028235375123,6,0.7
443.23502979551404,-8.756426484751032,-0.6726319092286378,6,0.7
446.31797323214806,-8.754467759584491,-0.6784964234224854,6,0.7
449.4223602361776,-8.752473055678761,-0.6843918191351727,6,0.7
452.5483399594091,-8.750439236275971,-0.6902999954212419,6,0.7
455.6960625910818,-8.748397357232475,-0.6964272295738029,6,0.7
458.8656793650838,-8.746323866908176,-0.7026236091547966,6,0.7
462.0573425672179,-8.744229395209533,-0.7089630261841722,6,0.7
465.2712055425187,-8.742104058928973,-0.715383889615025,6,0.7
468.5074227026196,-8.739937952783274,-0.7218230178665062,6,0.7
471.76614953317204,-8.73774865420477,-0.728401798123442,6,0.7
475.04754260131557,-8.735540077060145,-0.7351514608658507,6,0.7
478.3517595632003,-8.733302394387824,-0.7420098705827212,6,0.7
481.6789591715617,-8.73101885753016,-0.7488657793501763,6,0.7
485.02930128334776,-8.728721028899653,-0.7559400342488559,6,0.7
488.40294686739946,-8.726399145817519,-0.7631707080913755,6,0.7
491.8000580121847,-8.72402264686021,-0.7703487026152577,6,0.7
495.2207979335857,-8.72164407010687,-0.7778457324902801,6,0.7
498.665330982741,-8.719205143549907,-0.7852567306311993,6,0.7
502.1338226539417,-8.716758578388573,-0.792958400507927,6,0.7
505.62643959258287,-8.714273843417683,-0.8007393921543299,6,0.7
509.14334960316967,-8.711748166229565,-0.8085836387560732,6,0.7
512.68472165738,-8.70919973599593,-0.8166266919917164,6,0.7
516.2507259021829,-8.706611920992906,-0.8247533449681428,6,0.7
519.841533668013,-8.703996035010986,-0.8330506629751223,6,0.7
523.4573174770023,-8.70133544889285,-0.8414017001836629,6,0.7
527.0982510512695,-8.69866963780382,-0.8501027991203348,6,0.7
530.7645093212655,-8.695939915022983,-0.8587252251822876,6,0.7
534.4562684341794,-8.693192900701654,-0.8676200080468416,6,0.7
538.1737057624005,-8.690383862492562,-0.8764575145401378,6,0.7
541.9169999120409,-8.687559641068122,-0.8855947829423249,6,0.7
545.6863307315159,-8.684703747119814,-0.8949142036854708,6,0.7
549.4818793201863,-8.681806714649555,-0.9043493785067143,6,0.7
553.3038280370578,-8.678880342181463,-0.9139962637422197,6,0.7
557.1523605095437,-8.67590812092049,-0.923733699015742,6,0.7
561.027661642287,-8.672880595432959,-0.9334928240288196,6,0.7
564.9299176260438,-8.669831059128933,-0.9435379771568845,6,0.7
568.8593159466297,-8.666750223934477,-0.9538040986229963,6,0.7
572.8160453939274,-8.663628784353278,-0.9642245790897094,6,0.7
576.8002960709567,-8.660471743028179,-0.9748452041105368,6,0.7
580.8122594030085,-8.65725547576494,-0.9854838398510707,6,0.7
584.8521281468421,-8.654013745848957,-0.9964158220214153,6,0.7
588.920096399946,-8.650715785882646,-1.007400882581171,6,0.7
593.0163596098636,-8.64738115150849,-1.018602478349886,6,0.7
597.1411145835832,-8.644015127573624,-1.0300710012778453,6,0.7
601.2945594969942,-8.640623082310976,-1.041858575234976,6,0.7
605.4768939044083,-8.637159698806167,-1.0536002466640124,6,0.7
609.688318748147,-8.633666565922514,-1.06564418625731,6,0.7
613.9290363681965,-8.630112827150324,-1.077741960626616,6,0.7
618.1992505119288,-8.626533082002608,-1.0901883992381582,6,0.7
622.4991663438906,-8.622896468754101,-1.1027332044318194,6,0.7
626.8289904556613,-8.619223187199012,-1.1155530915668121,6,0.7
631.1889308757782,-8.615511630792383,-1.1286429152352468,6,0.7
635.5791970797316,-8.611745523733193,-1.1418720423897288,6,0.7
640.0000000000289,-8.607923236968785,-1.155233051198928,6,0.7
644.4515520363291,-8.604065316662457,-1.168909829666485,6,0.7
648.9340670656479,-8.600162936797386,-1.182835136032003,6,0.7
653.4477604526332,-8.596214656524337,-1.1970047726902302,6,0.7
657.9928490599125,-8.592219068203041,-1.2114147620023412,6,0.7
662.5695512585116,-8.588159909695895,-1.225930307601019,6,0.7
667.178086938348,-8.58404320310712,-1.2406111204365278,6,0.7
671.8186775187937,-8.579897497137262,-1.2557183045099511,6,0.7
676.4915459593144,-8.57571417246439,-1.2711860937154058,6,0.7
681.1969167701814,-8.57146204848403,-1.2867450212519649,6,0.7
685.935016023259,-8.567147343313016,-1.3024576330344548,6,0.7
690.7060713628651,-8.562791465004045,-1.3185252733579853,6,0.7
695.5103120167091,-8.558385814729615,-1.3348800666525924,6,0.7
700.3479688069056,-8.553914177075548,-1.3513832463265105,6,0.7
705.2192741610634,-8.549421016527333,-1.3684506991233099,6,0.7
710.1244621234536,-8.544852246097802,-1.3855968717954066,6,0.7
715.0637683662537,-8.540222019999113,-1.4029596678269183,6,0.7
720.0374302008713,-8.535537018689558,-1.4206099870869493,6,0.7
725.0456865893448,-8.53080403254284,-1.4386210600082723,6,0.7
730.0887781558251,-8.526014575918836,-1.4569239689198266,6,0.7
735.1669471981365,-8.521175547659288,-1.4755936913301078,6,0.7
740.2804376994185,-8.516263024270877,-1.494414506710099,6,0.7
745.4294953398465,-8.511307155259807,-1.5136814793050928,6,0.7
750.6143675084376,-8.50629179982199,-1.5332524397860443,6,0.7
755.8353033149348,-8.501208482791277,-1.5530563189985336,6,0.7
761.0925536017771,-8.496072130889974,-1.573246427930332,6,0.7
766.3863709561504,-8.490866517857242,-1.5936771487965828,6,0.7
771.717009722123,-8.485614585067204,-1.6145811487774617,6,0.7
777.0847260128666,-8.48029227003091,-1.6357361925213754,6,0.7
782.4897777229608,-8.474906902190105,-1.657224033200758,6,0.7
787.9324245407837,-8.469481794437586,-1.679285106500865,6,0.7
793.412927960989,-8.463945136497712,-1.7012237819309959,6,0.7
798.9315512970695,-8.458391817192389,-1.7239870910012196,6,0.7
804.4885596940084,-8.452757884435664,-1.7469550878989866,6,0.7
810.0842201410177,-8.447058903657132,-1.7702931165026292,6,0.7
815.7188014843666,-8.441286518361947,-1.793928991361943,6,0.7
821.392574440298,-8.435464605297733,-1.8181143096825905,6,0.7
827.1058116080346,-8.429552574531117,-1.8424522877432281,6,0.7
832.8587874828772,-8.423606874396283,-1.8675256531078517,6,0.7
838.6517784693928,-8.417570577597823,-1.892770122887064,6,0.7
844.4850628946929,-8.411476027397391,-1.9185264204906163,6,0.7
850.3589210218082,-8.405298581747058,-1.944555076387578,6,0.7
856.2736350631529,-8.39907094334244,-1.9712042669687195,6,0.7
862.2294891940834,-8.392751934613717,-1.9980628507064986,6,0.7
868.226769566552,-8.386382752323229,-2.025569104025767,6,0.7
874.2657643228554,-8.379922007263637,-2.0533069787152898,6,0.7
880.3467636094787,-8.373402898618714,-2.0816345412593793,6,0.7
886.4700595910348,-8.366808861684675,-2.110392679709289,6,0.7
892.635946464303,-8.360139944528441,-2.1395949953203166,6,0.7
898.844720472362,-8.353413104117502,-2.1694339515203245,6,0.7
905.096679918825,-8.346603234209857,-2.199658665379813,6,0.7
911.3921251821704,-8.339701891628822,-2.230192118057279,6,0.7
917.7313587301744,-8.332743196455516,-2.2614105500980854,6,0.7
924.1146851344428,-8.325710428790268,-2.2931508155104057,6,0.7
930.5424110850445,-8.318595243671405,-2.3253375784043975,6,0.7
937.0148454052463,-8.311389197619475,-2.3578934895234953,6,0.7
943.5322990663512,-8.304118400598483,-2.3911137245296095,6,0.7
950.0950852026382,-8.29677461010034,-2.424924700385569,6,0.7
956.7035191264079,-8.2893494829858,-2.4592508119216485,6,0.7
963.3579183431307,-8.281843339903448,-2.49411002740695,6,0.7
970.0586025667028,-8.274238926008463,-2.529328282971487,6,0.7
976.8058937348063,-8.266598296641021,-2.565599592471402,6,0.7
983.6001160243768,-8.258833647428544,-2.6019772017237335,6,0.7
990.4415958671789,-8.251007284898083,-2.639159727925143,6,0.7
997.3306619654895,-8.243084113241673,-2.676776061200427,6,0.7
1004.267645307891,-8.23510938909943,-2.715342379829394,6,0.7
1011.2528791851732,-8.227020807589485,-2.754184015500506,6,0.7
1018.2866992063468,-8.218854778816738,-2.7937200027332816,6,0.7
1025.3694433147675,-8.210611936434605,-2.8339737953244035,6,0.7
1032.5014518043733,-8.202274646876687,-2.8747642985114337,6,0.7
1039.6830673360337,-8.193852564739622,-2.9162152399071997,6,0.7
1046.9146349540124,-8.185355546155398,-2.958453855501164,6,0.7
1054.1965021025467,-8.176765815682373,-3.0012966025324883,6,0.7
1061.5290186425389,-8.168074613218092,-3.0446602147823163,6,0.7
1068.9125368683667,-8.159291770214542,-3.0886715915469405,6,0.7
1076.347411524809,-8.150455566597104,-3.133782262969997,6,0.7
1083.8339998240897,-8.141501005425297,-3.179270986346696,6,0.7
1091.37266146304,-8.132466396043558,-3.2255898246725043,6,0.7
1098.9637586403808,-8.123314409743717,-3.27232925667447,6,0.7
1106.607656074124,-8.114112590784924,-3.320278843425794,6,0.7
1114.3047210190957,-8.104804440373325,-3.3688094554792243,6,0.7
1122.0553232845823,-8.095390517845797,-3.4179437367209675,6,0.7
1129.859835252096,-8.085890908534187,-3.4679297508451437,6,0.7
1137.7186318932681,-8.07631633698846,-3.518909296658348,6,0.7
1145.6320907878635,-8.066628524888577,-3.5704579956016356,6,0.7
1153.600592141922,-8.056847817078802,-3.622828178537622,6,0.7
1161.6245188060257,-8.046965145738099,-3.675932365690106,6,0.7
1169.704256293693,-8.037011305187383,-3.730146225175484,6,0.7
1177.840192799901,-8.026937265509167,-3.7849178108332704,6,0.7
1186.032719219736,-8.016794138409665,-3.8408602550713278,6,0.7
1194.2822291671753,-8.006522245042397,-3.897295760719517,6,0.7
1202.5891189939975,-7.996173162505615,-3.954844526493216,6,0.7
1210.9537878088256,-7.985696726574142,-4.012938101157046,6,0.7
1219.3766374963034,-7.975145162866044,-4.072206340446915,6,0.7
1227.8580727364024,-7.964499036417622,-4.132440562183247,6,0.7
1236.3985010238666,-7.953738475719887,-4.193425904029981,6,0.7
1244.9983326877905,-7.942874763531444,-4.2553133728473025,6,0.7
1253.657980911332,-7.931951266036711,-4.3186328730515235,6,0.7
1262.377861751566,-7.920873788384759,-4.382293489898992,6,0.7
1271.1583941594727,-7.909728243601975,-4.447327051004584,6,0.7
1280.0000000000673,-7.898462339088121,-4.513135720769074,6,0.7
1288.9031040726677,-7.887098534394374,-4.580003899577449,6,0.7
1297.8681341313059,-7.875638005859189,-4.647965022430908,6,0.7
1306.8955209052763,-7.864059974832996,-4.7167925509825945,6,0.7
1315.9856981198345,-7.852376356779,-4.78664698060328,6,0.7
1325.1391025170333,-7.840610530186568,-4.857825287386043,6,0.7
1334.3561738767062,-7.828719208269616,-4.929833947738435,6,0.7
1343.6373550375972,-7.8167257120022136,-5.002969383122992,6,0.7
1352.9830919186386,-7.80461990213265,-5.077131200045081,6,0.7
1362.393833540373,-7.792425701389595,-5.152623685329566,6,0.7
1371.8700320465282,-7.780110103548913,-5.229074920555582,6,0.7
1381.4121427257405,-7.767708793599343,-5.306929322826186,6,0.7
1391.0206240334287,-7.7551650379567585,-5.385532846213481,6,0.7
1400.6959376138216,-7.742514601421606,-5.4653311562478315,6,0.7
1410.4385483221372,-7.729782422106037,-5.546641487585679,6,0.7
1420.2489242469178,-7.716922607489092,-5.628938855129627,6,0.7
1430.1275367325184,-7.70396002587796,-5.712539845014305,6,0.7
1440.0748604017533,-7.690871884858597,-5.797194439493252,6,0.7
1450.0913731787002,-7.677671294026666,-5.883079668430683,6,0.7
1460.177556311661,-7.664396307441953,-5.970668954486009,6,0.7
1470.3338943962842,-7.650974824241069,-6.059126794194381,6,0.7
1480.560875398848,-7.637469640516637,-6.149220682668145,6,0.7
1490.8589906797042,-7.623819929601162,-6.240249919850118,6,0.7
1501.2287350168863,-7.6100642082515035,-6.332693630630526,6,0.7
1511.670606629881,-7.5961912018656506,-6.426439909725332,6,0.7
1522.1851072035656,-7.582240672150372,-6.521981804165489,6,0.7
1532.772741912312,-7.568150074366853,-6.618600238443278,6,0.7
1543.4340194442575,-7.553920134072892,-6.716326752424913,6,0.7
1554.1694520257447,-7.53961735905005,-6.815970309526199,6,0.7
1564.9795554459333,-7.525177837307249,-6.9167976916714355,6,0.7
1575.8648490815792,-7.510629139489048,-7.019157418551866,6,0.7
1586.8258559219898,-7.495959325360399,-7.122931451293769,6,0.7
1597.863102594151,-7.481183234596635,-7.228317555086354,6,0.7
1608.9771193880288,-7.466275117705581,-7.335035903429268,6,0.7
1620.1684402820476,-7.45126361143818,-7.443446501066695,6,0.7
1631.4376029687455,-7.4361365437489715,-7.553429535890937,6,0.7
1642.7851488806082,-7.420867288158269,-7.664697006301735,6,0.7
1654.2116232160815,-7.405499139525768,-7.77777977067783,6,0.7
1665.7175749657672,-7.390019742091343,-7.892556651502578,6,0.7
1677.303556938798,-7.374416313741763,-8.008902541536619,6,0.7
1688.9701257893985,-7.358661087722648,-8.126519352161777,6,0.7
1700.7178420436294,-7.342827996282109,-8.246291383115185,6,0.7
1712.5472701263188,-7.326830826115599,-8.367242375217238,6,0.7
1724.4589783881795,-7.310774383694056,-8.490611400105246,6,0.7
1736.453539133117,-7.294541266602106,-8.615065375534927,6,0.7
1748.531528645724,-7.278253069300726,-8.74203293646315,6,0.7
1760.6935272189705,-7.261774996753045,-8.86998692283019,6,0.7
1772.940119182083,-7.245199570174082,-9.000018278145875,6,0.7
1785.2718929286193,-7.228513350261308,-9.131997467483593,6,0.7
1797.6894409447373,-7.21170239176325,-9.2657907652248,6,0.7
1810.1933598376636,-7.1947362902677945,-9.401079028226851,6,0.7
1822.7842503643546,-7.177696063565898,-9.538810704972333,6,0.7
1835.4627174603627,-7.1604872388015615,-9.677939643380636,6,0.7
1848.2293702688994,-7.14320842396928,-9.819609530226286,6,0.7
1861.0848221701028,-7.125779970758104,-9.962946738085003,6,0.7
1874.0296908105065,-7.108219405299019,-10.108177946865558,6,0.7
1887.0645981327166,-7.090544957429763,-10.255535699147845,6,0.7
1900.190170405291,-7.072724422710078,-10.404688085242052,6,0.7
1913.4070382528298,-7.054810439771863,-10.556250717427583,6,0.7
1926.715836686276,-7.036735968743095,-10.709506397437476,6,0.7
1940.1172051334202,-7.018571875862936,-10.865270282984174,6,0.7
1953.611787469627,-7.0002853813799195,-11.023207014080876,6,0.7
1967.2002320487684,-6.981860286559013,-11.183168148874605,6,0.7
1980.8831917343723,-6.963279716513982,-11.345000656999746,6,0.7
1994.661323930994,-6.944617726012244,-11.509544182318239,6,0.7
2008.535290615797,-6.925803351075775,-11.6760542845435,6,0.7
2022.5057583703617,-6.906856184171589,-11.844776522080059,6,0.7
2036.573398412709,-6.887796670942446,-12.015962721888295,6,0.7
2050.7388866295505,-6.868646149117234,-12.189871056706293,6,0.7
2065.0029036087626,-6.849330211691017,-12.365734434608765,6,0.7
2079.366134672083,-6.829888461083243,-12.54401077276109,6,0.7
2093.8292699080407,-6.810302974841176,-12.72454257858103,6,0.7
2108.3930042051093,-6.790654958269439,-12.908220307571408,6,0.7
2123.0580372850936,-6.770827182582853,-13.09383834204039,6,0.7
2137.82507373675,-6.750901478080334,-13.282291737278872,6,0.7
2152.6948230496346,-6.730839401184477,-13.473210376379384,6,0.7
2167.6679996481957,-6.710621649831907,-13.666429888779893,6,0.7
2182.7453229260964,-6.690333776207492,-13.86286937663231,6,0.7
2197.927517280778,-6.6698727853756665,-14.061499970722561,6,0.7
2213.2153121482643,-6.649347280472638,-14.263470386895484,6,0.7
2228.6094420382083,-6.628586336334941,-14.467073289022236,6,0.7
2244.1106465691814,-6.60778756964336,-14.6743545087878,6,0.7
2259.7196705042093,-6.586821765328983,-14.884039598753118,6,0.7
2275.4372637865536,-6.565780366697074,-15.097083837445345,6,0.7
2291.2641815757443,-6.544621482505615,-15.313099890041753,6,0.7
2307.2011842838615,-6.523277934810814,-15.531460428471522,6,0.7
2323.2490376120686,-6.5018204113365385,-15.75290617985594,6,0.7
2339.4085125874035,-6.480251668954126,-15.977499814815166,6,0.7
2355.6803855998196,-6.458622817166232,-16.20577255145277,6,0.7
2372.0654384394898,-6.436816665259095,-16.43662200925113,6,0.7
2388.5644583343683,-6.4149078296960385,-16.670810886096852,6,0.7
2405.178237988013,-6.39279956039097,-16.90745348213344,6,0.7
2421.9075756176694,-6.370643598250531,-17.14803815391844,6,0.7
2438.753274992625,-6.348317182959724,-17.391437329468424,6,0.7
2455.716145472823,-6.325951136656268,-17.638921295837427,6,0.7
2472.797002047752,-6.303393485973162,-17.88910581571472,6,0.7
2489.9966653755996,-6.280751003721564,-18.143028308197582,6,0.7
2507.3159618226828,-6.258001011857528,-18.400515664027992,6,0.7
2524.755723503151,-6.235119634270373,-18.661390047152267,6,0.7
2542.3167883189644,-6.2122203732550565,-18.926719190655152,6,0.7
2560.0000000001537,-6.189113729553052,-19.194828883932104,6,0.7
2577.806208145355,-6.1659132061595106,-19.466787870961475,6,0.7
2595.736268262631,-6.1426230550083964,-19.742671860689835,6,0.7
2613.7910418105726,-6.11916004298545,-20.02179005715187,6,0.7
2631.971396239689,-6.095673483449201,-20.30549449932675,6,0.7
2650.2782050340866,-6.072050545831894,-20.59283815134171,6,0.7
2668.7123477534324,-6.0483244062774055,-20.884153462212485,6,0.7
2687.274710075215,-6.024499226871503,-21.17951829752094,6,0.7
2705.9661838372976,-6.000548114819945,-21.478748749141694,6,0.7
2724.7876670807664,-5.9765378540704095,-21.782450219831368,6,0.7
2743.740064093077,-5.9524424792970185,-22.0904429445243,6,0.7
2762.824285451502,-5.928299771311499,-22.403077546921857,6,0.7
2782.0412480668783,-5.904017336269611,-22.71963672954245,6,0.7
2801.391875227664,-5.879631681556571,-23.04046838215873,6,0.7
2820.8770966442953,-5.855181422982229,-23.365927324423648,6,0.7
2840.4978484938565,-5.830741884932006,-23.69664788439632,6,0.7
2860.2550734650586,-5.8061477219110795,-24.031357953190344,6,0.7
2880.1497208035285,-5.781543464508813,-24.371238698030083,6,0.7
2900.1827463574223,-5.756829978723146,-24.71555712153717,6,0.7
2920.355112623344,-5.7321214945834775,-25.065233501764027,6,0.7
2940.6677887925907,-5.707279473979342,-25.41925094941603,6,0.7
2961.121750797718,-5.682495621492457,-25.779096852413513,6,0.7
2981.717981359431,-5.657553234722657,-26.14318808304969,6,0.7
3002.4574700337953,-5.632609864146268,-26.512740641662077,6,0.7
3023.3412132597846,-5.6076360033723684,-26.887571850436945,6,0.7
3044.3702144071544,-5.582680045486153,-27.268065372988776,6,0.7
3065.545483824648,-5.557712285799195,-27.654038791030057,6,0.7
3086.868038888538,-5.532742204066736,-28.045593519487255,6,0.7
3108.338904051513,-5.50773809773161,-28.44254447005916,6,0.7
3129.9591108918903,-5.482708577391522,-28.8449927111387,6,0.7
3151.7296981631816,-5.457748584905583,-29.25361977333162,6,0.7
3173.651711844004,-5.432827984188694,-29.66824408288802,6,0.7
3195.726205188326,-5.407826183649958,-30.08809936646812,6,0.7
3217.954238776082,-5.383019303264009,-30.51503841923611,6,0.7
3240.3368805641194,-5.35810761134657,-30.947128861353818,6,0.7
3262.8752059375156,-5.333420721650002,-31.386525176083193,6,0.7
3285.570297761241,-5.308744587789937,-31.831874767822683,6,0.7
3308.4232464321876,-5.284090239268798,-32.2832857105009,6,0.7
3331.435149931559,-5.25966296368461,-32.742045922499464,6,0.7
3354.607113877621,-5.235238046524115,-33.20679503222567,6,0.7
3377.9402515788224,-5.211025854334633,-33.67882399604466,6,0.7
3401.4356840872842,-5.1869455112705865,-34.15765539257397,6,0.7
3425.094540252663,-5.162962289712062,-34.643105780142925,6,0.7
3448.9179567763854,-5.139248011084886,-35.13617448027727,6,0.7
3472.9070782662598,-5.115613619213169,-35.63579123729622,6,0.7
3497.0630572914743,-5.0922887596725195,-36.14325086365096,6,0.7
3521.387054437968,-5.069079685436505,-36.65748286968368,6,0.7
3545.880238364193,-5.046113276576868,-37.17919008928162,6,0.7
3570.543785857265,-5.0234676003456515,-37.70877781697729,6,0.7
3595.378881889502,-5.0011107053491095,-38.246060128850154,6,0.7
3620.3867196753545,-4.979008199656422,-38.79085173748289,6,0.7
3645.5685007287366,-4.957241018635883,-39.343554078868095,6,0.7
3670.9254349207527,-4.935894585370264,-39.90456392884892,6,0.7
3696.458740537827,-4.914694658020775,-40.47252750735673,6,0.7
3722.1696443402334,-4.894151018290189,-41.049875258998846,6,0.7
3748.0593816210417,-4.873928092273895,-41.63496080638476,6,0.7
3774.129196265462,-4.854240562497013,-42.228747371761024,6,0.7
3800.3803408106105,-4.834864507128072,-42.830180249014745,6,0.7
3826.8140765056887,-4.81608483116068,-43.44049626810389,6,0.7
3853.43167337258,-4.797804848244392,-44.0592102558155,6,0.7
3880.2344102668694,-4.780123147452203,-44.686686728242066,6,0.7
3907.223574939284,-4.763006814913591,-45.322722098571234,6,0.7
3934.400464097566,-4.746558582098031,-45.9676668898034,6,0.7
3961.7663834687746,-4.730745824419268,-46.62131104723794,6,0.7
3989.322647862018,-4.715675440899132,-47.283988546463306,6,0.7
4017.070581231624,-4.701387213625069,-47.95574862031829,6,0.7
4045.011516740754,-4.6877025713597344,-48.63584101656037,6,0.7
4073.1467968254487,-4.674876952441486,-49.32511042312376,6,0.7
4101.477773259132,-4.662878204827708,-50.023325832373075,6,0.7
4130.005807217556,-4.65189963028161,-50.73102196889635,6,0.7
4158.732269344197,-4.641680682334913,-51.44719633173446,6,0.7
4187.658539816113,-4.6325708685450335,-52.17286389420053,6,0.7
4216.78600841025,-4.624303538414355,-52.90703424518972,6,0.7
4246.116074570219,-4.61707770415117,-53.650196074388596,6,0.7
4275.650147473531,-4.611182191472045,-54.4030234395594,6,0.7
4305.389646099301,-4.606261759816459,-55.16430455353034,6,0.7
4335.335999296423,-4.60252358624922,-55.93446699943742,6,0.7
4365.4906458522255,-4.600099221094248,-56.71366878946414,6,0.7
4395.8550345615895,-4.598954647419246,-57.501611233134284,6,0.7
4426.430624296562,-4.598966600533751,-58.29779981046251,6,0.7
4457.21888407645,-4.600525497431211,-59.10296542165021,6,0.7
4488.2212931383965,-4.6033351029324585,-59.91618919375282,6,0.7
4519.439341008452,-4.607793507738796,-60.73812350805531,6,0.7
4550.874527573141,-4.613418478698284,-61.56751330959649,6,0.7
4582.528363151522,-4.620880814706322,-62.405484189495915,6,0.7
4614.402368567757,-4.629872428747988,-63.25114101737843,6,0.7
4646.498075224173,-4.640623063796742,-64.10462890392063,6,0.7
4678.817025174842,-4.652719505946239,-64.96497370874114,6,0.7
4711.360771199674,-4.666947246985621,-65.83317545329041,6,0.7
4744.130876879015,-4.682796611029195,-66.70810235647112,6,0.7
4777.128916668773,-4.700403506233182,-67.58967336438042,6,0.7
4810.356475976061,-4.719810188425577,-68.47764357608236,6,0.7
4843.815151235375,-4.741153869864674,-69.37186044063083,6,0.7
4877.506549985286,-4.764572807361795,-70.27212111321819,6,0.7
4911.432290945683,-4.789914192503218,-71.17790376283155,6,0.7
4945.594004095541,-4.817214567475857,-72.08890451836284,6,0.7
4979.9933307512365,-4.846705057330729,-73.00494694992858,6,0.7
5014.631923645403,-4.878125423873235,-73.92546114979305,6,0.7
5049.511447006339,-4.9114063149714,-74.85008199668118,6,0.7
5084.633576637967,-4.947269362067471,-75.77880358282906,6,0.7
5120.000000000346,-4.985048671852381,-76.71089297851763,6,0.7
5155.612416290749,-5.024866292420079,-77.6460559603729,6,0.7
5191.4725365253,-5.067243027880926,-78.5839954780692,6,0.7
5227.582083621183,-5.111699020251875,-79.52419183550816,6,0.7
5263.942792479418,-5.158350013681074,-80.46626701191887,6,0.7
5300.556410068212,-5.2072092236230025,-81.40981566845801,6,0.7
5337.424695506905,-5.258287064958776,-82.35442767441656,6,0.7
5374.54942015047,-5.311691292314789,-83.29964957545481,6,0.7
5411.932367674636,-5.367426267357466,-84.24503437734526,6,0.7
5449.575334161574,-5.425393219177332,-85.1901939826484,6,0.7
5487.480128186196,-5.485490985113217,-86.13478106010878,6,0.7
5525.648570903045,-5.547914911009997,-87.07824880041689,6,0.7
5564.082496133798,-5.612557828113109,-88.02024312914001,6,0.7
5602.78375045537,-5.679409636828931,-88.9603533457013,6,0.7
5641.754193288633,-5.7486542723216125,-89.89795306012944,6,0.7
5680.995696987757,-5.8199794791791515,-90.83294307543616,6,0.7
5720.51014693016,-5.893270608604894,-91.7650887128153,6,0.7
5760.2994416071,-5.968897629901244,-92.69350556975245,6,0.7
5800.365492714889,-6.046641006915301,-93.61805662317468,6,0.7
5840.710225246731,-6.1264747694152515,-94.538374799015,6,0.7
5881.335577585225,-6.208370662649535,-95.45410353279674,6,0.7
5922.243501595481,-6.292392709337417,-96.36472241785543,6,0.7
5963.435962718906,-6.378412559435779,-97.27005609313007,6,0.7
6004.914940067636,-6.466116882799433,-98.17036079718943,6,0.7
6046.682426519615,-6.5560295671227955,-99.06420154392902,6,0.7
6088.740428814354,-6.647831614390151,-99.95183625596667,6,0.7
6131.090967649341,-6.741393215255769,-100.83320178185406,6,0.7
6173.736077777122,-6.836765960349382,-101.70783239850809,6,0.7
6216.6778081030725,-6.933996781946313,-102.57524649633335,6,0.7
6259.918221783827,-7.032952309607237,-103.43542479881876,6,0.7
6303.4593963264115,-7.133415136043961,-104.28863628752008,6,0.7
6347.303423688055,-7.23543239768203,-105.13446378733319,6,0.7
6391.4524103767,-7.339301421972875,-105.97170410561223,6,0.7
6435.9084775522115,-7.444716117689064,-106.80091571380484,6,0.7
6480.673761128287,-7.551547665315147,-107.62220725989181,6,0.7
6525.750411875079,-7.659589378746277,-108.43599938345774,6,0.7
6571.140595522531,-7.76936952300974,-109.24024447062354,6,0.7
6616.846492864425,-7.880430805395012,-110.03618801940857,6,0.7
6662.870299863169,-7.99273019602195,-110.82374029460362,6,0.7
6709.214227755292,-8.106224919797212,-111.60282345776784,6,0.7
6755.880503157695,-8.22094899738326,-112.3730717721161,6,0.7
6802.871368174619,-8.337007910647504,-113.1338104018997,6,0.7
6850.189080505378,-8.453904583909978,-113.88680529623682,6,0.7
6897.835913552822,-8.572193429355847,-114.62956858777599,6,0.7
6945.814156532571,-8.69138503205779,-115.3639126461379,6,0.7
6994.126114583001,-8.811513959960852,-116.08951837057906,6,0.7
7042.774108875988,-8.932611162050378,-116.8060620716897,6,0.7
7091.760476728439,-9.054704030896431,-117.5132171285416,6,0.7
7141.087571714584,-9.177545286540585,-118.21196168538772,6,0.7
7190.757763779057,-9.30123502355141,-118.90166832101038,6,0.7
7240.773439350762,-9.425865649984727,-119.58169746285023,6,0.7
7291.137001457528,-9.551069789481314,-120.25373393205653,6,0.7
7341.850869841561,-9.677137664435456,-120.91615782524107,6,0.7
7392.917481075709,-9.803714335849218,-121.57068773511371,6,0.7
7444.339288680522,-9.931019943162248,-122.21603543220118,6,0.7
7496.118763242139,-10.0589567801478,-122.85259275269858,6,0.7
7548.258392530979,-10.187372799574057,-123.48110399762074,6,0.7
7600.760681621277,-10.316534078977984,-124.09993208732384,6,0.7
7653.628153011434,-10.446055759435403,-124.71119816507031,6,0.7
7706.863346745218,-10.57619889388043,-125.31326666107799,6,0.7
7760.468820533797,-10.706595415638521,-125.90827994123126,6,0.7
7814.447149878626,-10.837501348185647,-126.4946028302267,6,0.7
7868.800928195191,-10.968940100035505,-127.0719741463472,6,0.7
7923.532766937609,-11.100563700331564,-127.64255488273614,6,0.7
7978.645295724095,-11.23256483911074,-128.20505562691332,6,0.7
8034.141162463309,-11.365071483849212,-128.7585318146914,6,0.7
8090.023033481568,-11.497652343957249,-129.30584518320777,6,0.7
8146.293593650958,-11.630641478229748,-129.8446717609086,6,0.7
8202.955546518326,-11.763915325996273,-130.3758015721847,6,0.7
8260.011614435174,-11.89740552414805,-130.89967923402304,6,0.7
8317.464538688457,-12.031140928152247,-131.41605964520582,6,0.7
8375.317079632288,-12.16505646123245,-131.92538812411286,6,0.7
8433.572016820564,-12.299135967689576,-132.4277648661556,6,0.7
8492.232149140504,-12.433363989044825,-132.9232901105548,6,0.7
8551.300294947127,-12.56781230257454,-133.4113802930076,6,0.7
8610.779292198666,-12.702377125000696,-133.89282241322542,6,0.7
8670.671998592914,-12.837086786831918,-134.36737635557648,6,0.7
8730.981291704516,-12.971926242958984,-134.83514455368015,6,0.7
8791.710069123244,-13.106720067724702,-135.2975816072414,6,0.7
8852.86124859319,-13.24173998175654,-135.75241730210672,6,0.7
8914.437768152968,-13.376811024358197,-136.20110619422059,6,0.7
8976.44258627686,-13.511884619549425,-136.6440801548041,6,0.7
9038.878682016972,-13.64702779138735,-137.08076488864674,6,0.7
9101.74905514635,-13.782265829175477,-137.51092728748523,6,0.7
9165.056726303115,-13.91744133378285,-137.93599291788848,6,0.7
9228.804737135582,-14.052620698680897,-138.3553881571349,6,0.7
9292.996150448414,-14.187900362442331,-138.76822096083066,6,0.7
9357.634050349754,-14.323198636314743,-139.1752485154182,6,0.7
9422.721542399418,-14.458405740533264,-139.57754078677826,6,0.7
9488.261753758103,-14.593617558310196,-139.97420681762534,6,0.7
9554.257833337617,-14.728793491942964,-140.36566087259368,6,0.7
9620.712951952195,-14.863991174699931,-140.75134821774108,6,0.7
9687.630302470823,-14.999076455455535,-141.13263935555796,6,0.7
9755.013099970645,-15.134170204542421,-141.50833912235595,6,0.7
9822.864581891441,-15.269233931520986,-141.87885553503645,6,0.7
9891.188008191157,-15.404202088439122,-142.24490306071124,6,0.7
9959.98666150255,-15.539188273329163,-142.60530702941602,6,0.7
10029.26384729088,-15.673983627496526,-142.96233653790821,6,0.7
10099.022894012754,-15.808843133270429,-143.31326721675623,6,0.7
10169.26715327601,-15.943507462683733,-143.66096686902435,6,0.7
10240.000000000768,-16.078141749552554,-144.00365596726317,6,0.7
10311.224832581574,-16.212686734481963,-144.3420261451981,6,0.7
10382.945073050678,-16.347165676399143,-144.67584746333836,6,0.7
10455.164167242447,-16.481600202598074,-145.004895702695,6,0.7
10527.885584958914,-16.615884194842824,-145.33044565670014,6,0.7
10601.112820136505,-16.75009247132728,-145.6516645435028,6,0.7
10674.849391013888,-16.884197271147585,-145.96891992288292,6,0.7
10749.098840301021,-17.018244567149527,-146.2816910657058,6,0.7
10823.864735349352,-17.1521125095567,-146.59151104516837,6,0.7
10899.15066832323,-17.285918797936546,-146.89697851209309,6,0.7
10974.960256372473,-17.419636846459937,-147.19845442180954,6,0.7
11051.297141806172,-17.553241874785044,-147.49629141695112,6,0.7
11128.16499226768,-17.686776617063703,-147.78998066137,6,0.7
11205.567500910824,-17.820151585018454,-148.08072205563886,6,0.7
11283.508386577352,-17.9534317082379,-148.36772009630684,6,0.7
11361.991393975597,-18.086594301222824,-148.65131569852088,6,0.7
11441.020293860403,-18.219618255841624,-148.93184151824127,6,0.7
11520.598883214287,-18.35256440473794,-149.20852024311665,6,0.7
11600.730985429864,-18.48535114964477,-149.48251048903538,6,0.7
11681.420450493551,-18.618077313357006,-149.75249445695025,6,0.7
11762.671155170538,-18.750663232364964,-150.01961976375804,6,0.7
11844.48700319105,-18.883147267998403,-150.28339465320767,6,0.7
11926.871925437901,-19.01554681855273,-150.54360711840073,6,0.7
12009.82988013536,-19.14778743088021,-150.8013751286535,6,0.7
12093.36485303932,-19.279888872295782,-151.05647236802847,6,0.7
12177.4808576288,-19.41190476929161,-151.3081561340574,6,0.7
12262.181935298773,-19.543799036398028,-151.55700142725493,6,0.7
12347.472155554336,-19.675554978863833,-151.80331056326492,6,0.7
12433.355616206238,-19.807223753026687,-152.04635387161247,6,0.7
12519.836443567749,-19.93875486864967,-152.2869474828724,6,0.7
12606.918792652916,-20.070181792961158,-152.5246229894974,6,0.7
12694.606847376202,-20.201488325824684,-152.75967754191436,6,0.7
12782.904820753494,-20.33269055379385,-152.99190227866302,6,0.7
12871.816955104521,-20.463757602588146,-153.22183673343073,6,0.7
12961.347522256672,-20.59473603249227,-153.44877723369328,6,0.7
13051.500823750257,-20.725580508075648,-153.67350410984378,6,0.7
13142.28119104516,-20.85630701152091,-153.89580710650543,6,0.7
13233.69298572895,-20.986901899390485,-154.11596343525667,6,0.7
13325.740599726436,-21.117408889056062,-154.33328665772333,6,0.7
13418.428455510686,-21.247785723070365,-154.54853404458777,6,0.7
13511.761006315492,-21.37806113976228,-154.7612634694125,6,0.7
13605.74273634934,-21.508221842230718,-154.97174769749893,6,0.7
13700.378161010858,-21.638281847560727,-155.17978725175894,6,0.7
13795.671827105747,-21.768202404895675,-155.38611207815572,6,0.7
13891.628313065248,-21.89804950016448,-155.58959782379512,6,0.7
13988.252229166108,-22.027771875110286,-155.79120083481706,6,0.7
14085.548217752083,-22.1573710483733,-155.99094684944345,6,0.7
14183.520953456982,-22.28690932569866,-156.18773848086187,6,0.7
14282.175143429275,-22.41628955602819,-156.3834075730372,6,0.7
14381.515527558222,-22.545585637266168,-156.57663580480792,6,0.7
14481.546878701633,-22.674774200694408,-156.7679004562954,6,0.7
14582.274002915165,-22.803844809686773,-156.95744752353676,6,0.7
14683.70173968323,-22.932832613185123,-157.14464932381,6,0.7
14785.834962151528,-23.061715430632475,-157.3299721643519,6,0.7
14888.678577361155,-23.19047253536299,-157.51386961614196,6,0.7
14992.23752648439,-23.319127322478707,-157.6959338802755,6,0.7
15096.516785062071,-23.4477123041521,-157.87555804054531,6,0.7
15201.521363242668,-23.576195917479676,-158.0534079202379,6,0.7
15307.256306022984,-23.704548625034654,-158.23013098873585,6,0.7
15413.726693490553,-23.832833005622554,-158.4045001041499,6,0.7
15520.93764106771,-23.961028892280684,-158.576961454313,6,0.7
15628.894299757369,-24.08909800293786,-158.74835579712857,6,0.7
15737.6018563905,-24.217100045298192,-158.91748099937647,6,0.7
15847.065533875337,-24.34499704691882,-159.0851740939285,6,0.7
15957.29059144831,-24.472790462901184,-159.25145246370408,6,0.7
16068.282324926739,-24.600509057665974,-159.4157401117205,6,0.7
16180.046066963258,-24.728135033611945,-159.57845892544273,6,0.7
16292.587187302037,-24.85565174198451,-159.74001917479046,6,0.7
16405.911093036775,-24.98310445014887,-159.89946515053197,6,0.7
16520.023228870472,-25.110441604562723,-160.057981841315,6,0.7
16634.92907737704,-25.237715918237228,-160.21443172352133,6,0.7
16750.634159264704,-25.36488574406677,-160.3697932054889,6,0.7
16867.144033641256,-25.49197732163005,-160.52351269781605,6,0.7
16984.464298281135,-25.618983208261422,-160.6757993781285,6,0.7
17102.600589894384,-25.745896466603952,-160.82685674553733,6,0.7
17221.558584397462,-25.87274957371248,-160.97596221498375,6,0.7
17341.343997185955,-25.99951173692656,-161.12387621162625,6,0.7
17461.962583409164,-26.12618427629841,-161.27061194379758,6,0.7
17583.42013824662,-26.252790788164255,-161.41564175986014,6,0.7
17705.72249718651,-26.379302258037622,-161.55970562018496,6,0.7
17828.875536306066,-26.505749125073756,-161.70210151238888,6,0.7
17952.885172553855,-26.632117464313026,-161.84320581096205,6,0.7
18077.75736403408,-26.758394234996445,-161.9833844891059,6,0.7
18203.498110292836,-26.884615396579093,-162.12177602135728,6,0.7
18330.113452606365,-27.01074026553706,-162.25944271812085,6,0.7
18457.609474271307,-27.136797367916333,-162.39570268529522,6,0.7
18585.99230089697,-27.26279385813512,-162.5304040739637,6,0.7
18715.26810069965,-27.38870414912574,-162.66424462484412,6,0.7
18845.44308479898,-27.514555203333675,-162.79656005674636,6,0.7
18976.523507516347,-27.640322217757884,-162.92803796753086,6,0.7
19108.51566667538,-27.766031352348406,-163.05802321767655,6,0.7
19241.425903904536,-27.891658561982304,-163.18719342001035,6,0.7
19375.260604941792,-28.017229229408503,-163.3149024579654,6,0.7
19510.026199941436,-28.14272594468528,-163.44165617842577,6,0.7
19645.729163783028,-28.268155630293485,-163.56730317849363,6,0.7
19782.376016382463,-28.39352484125812,-163.69169646450257,6,0.7
19919.973323005244,-28.518822860840437,-163.81516891023287,6,0.7
20058.527694581913,-28.644056315422695,-163.93757198237404,6,0.7
20198.045788025658,-28.769236952328963,-164.05860519954808,6,0.7
20338.53430655217,-28.894343518742968,-164.1789077325043,6,0.7
20480.00000000169,-29.019403837923782,-164.29771430821455,6,0.7
20622.4496651633,-29.14438660090108,-164.41596407549022,6,0.7
20765.890146101516,-29.269319049060623,-164.53289910753742,6,0.7
20910.32833448505,-29.39419641086667,-164.64868782440826,6,0.7
21055.771169917985,-29.51899922957451,-164.76394331612323,6,0.7
21202.22564027317,-29.643748629103545,-164.87807206957623,6,0.7
21349.698782027936,-29.76844997927657,-164.99094027222887,6,0.7
21498.197680602203,-29.893084469616472,-165.10315096989024,6,0.7
21647.72947069887,-30.017672088632715,-165.21412604267238,6,0.7
21798.301336646622,-30.1421945868565,-165.32445985546715,6,0.7
21949.920512745113,-30.26666223155129,-165.43386925740822,6,0.7
22102.59428361251,-30.391084727019802,-165.5420791665986,6,0.7
22256.32998453553,-30.515444632127817,-165.6496711760786,6,0.7
22411.135001821818,-30.639760507771378,-165.7560869690212,6,0.7
22567.01677315487,-30.764019734093463,-165.8617603234079,6,0.7
22723.98278795137,-30.888223179343754,-165.96669752199145,6,0.7
22882.04058772098,-31.01238423126415,-166.0704922661092,6,0.7
23041.197766428744,-31.1364949440363,-166.17343245925017,6,0.7
23201.4619708599,-31.260547860627945,-166.275798066084,6,0.7
23362.840900987278,-31.384555973369682,-166.3771882562646,6,0.7
23525.342310341253,-31.508523676414693,-166.4774808739265,6,0.7
23688.974006382276,-31.632435734035298,-166.57722089768168,6,0.7
23853.743850875984,-31.756308403970973,-166.67588396997454,6,0.7
24019.6597602709,-31.880126898080828,-166.7740072745491,6,0.7
24186.729706078822,-32.003899581433565,-166.87133354565785,6,0.7
24354.96171525778,-32.12763436673902,-166.96761282433698,6,0.7
24524.363870597732,-32.25131711142963,-167.0633708235997,6,0.7
24694.944311108862,-32.3749593732082,-167.15822835077856,6,0.7
24866.711232412665,-32.49856157405714,-167.25219579943482,6,0.7
25039.672887135683,-32.62212413382384,-167.3452834189352,6,0.7
25213.837585306024,-32.745633879625586,-167.43799933585868,6,0.7
25389.213694752598,-32.86911190898074,-167.52960121893508,6,0.7
25565.809641507185,-32.99253853693758,-167.62084073425586,6,0.7
25743.63391020923,-33.11592775056971,-167.71122967111015,6,0.7
25922.695044513537,-33.23928314834817,-167.80065667448085,6,0.7
26103.00164750071,-33.362592352732285,-167.88961455350994,6,0.7
26284.562382090517,-33.48586239153723,-167.97786642105228,6,0.7
26467.385971458098,-33.609099916419744,-168.0651820988713,6,0.7
26651.481199453076,-33.73229308439927,-168.1520439236264,6,0.7
26836.856911021572,-33.855451602835004,-168.23810303244528,6,0.7
27023.522012631187,-33.978569971300175,-168.32360043618172,6,0.7
27211.485472698885,-34.1016517049142,-168.40842493209558,6,0.7
27400.75632202192,-34.22470299218566,-168.4923541365468,6,0.7
27591.3436542117,-34.34771282788156,-168.57585344892632,6,0.7
27783.256626130707,-34.470693010144515,-168.65847315778723,6,0.7
27976.504458332423,-34.59363285109929,-168.74067206346447,6,0.7
28171.096435504372,-34.7165438122252,-168.82200669025926,6,0.7
28367.04190691418,-34.8394181644535,-168.90281892839081,6,0.7
28564.35028685876,-34.96225647663016,-168.98311231117287,6,0.7
28763.031055116662,-35.08506960922687,-169.06245488248456,6,0.7
28963.093757403483,-35.207844977161564,-169.14139976247444,6,0.7
29164.548005830547,-35.330590743141656,-169.2196260077606,6,0.7
29367.403479366687,-35.453302297440004,-169.29735463668877,6,0.7
29571.669924303278,-35.57598260238383,-169.3744830715668,6,0.7
29777.35715472254,-35.69863447205699,-169.4509116713528,6,0.7
29984.475052969006,-35.82125821659123,-169.5266480326349,6,0.7
30193.03357012437,-35.94384716186394,-169.60201051627084,6,0.7
30403.042726485564,-36.06640650136911,-169.67679418896287,6,0.7
30614.512612046197,-36.18894115449659,-169.75079989200916,6,0.7
30827.45338698134,-36.311442404106074,-169.824442865942,6,0.7
31041.875282135654,-36.433915224961865,-169.89752237947488,6,0.7
31257.788599514974,-36.556364329665385,-169.9698433525778,6,0.7
31475.203712781236,-36.67878137125641,-170.041812264311,6,0.7
31694.13106775091,-36.80117532315092,-170.11303521941042,6,0.7
31914.581182896858,-36.92354014992523,-170.18381501313812,6,0.7
32136.564649853717,-37.04587630483377,-170.25415429963658,6,0.7
32360.09213392676,-37.16818826405044,-170.32386254309907,6,0.7
32585.17437460432,-37.29047232049179,-170.39313819682835,6,0.7
32811.8221860738,-37.41273674031372,-170.4616028656629,6,0.7
33040.04645774119,-37.534973893823384,-170.52964529793866,6,0.7
33269.85815475433,-37.657184204720494,-170.597267890522,6,0.7
33501.26831852966,-37.779368089462466,-170.66447300214224,6,0.7
33734.28806728276,-37.901531504466874,-170.73098517855894,6,0.7
33968.928596562524,-38.02366732381232,-170.79718029535533,6,0.7
34205.20117978902,-38.145785007648314,-170.86260210770132,6,0.7
34443.11716879519,-38.26787401076328,-170.92780438062547,6,0.7
34682.68799437217,-38.38994185504889,-170.99242522272039,6,0.7
34923.92516681859,-38.511990489001334,-171.05638098421727,6,0.7
35166.8402764935,-38.63401157707895,-171.12012299271848,6,0.7
35411.44499437329,-38.75601566457193,-171.18312031425964,6,0.7
35657.7510726124,-38.87799786954694,-171.2456445143384,6,0.7
35905.77034510798,-38.99995521186989,-171.30787259265162,6,0.7
36155.51472806843,-39.121892896321945,-171.369544831123,6,0.7
36406.99622058595,-39.24380793133682,-171.4308369653484,6,0.7
36660.22690521301,-39.365702151877855,-171.49166402894014,6,0.7
36915.21894854289,-39.48757879486191,-171.55185813618698,6,0.7
37171.98460179422,-39.609431765638575,-171.6117584411683,6,0.7
37430.53620139958,-39.731267124460096,-171.67102593439483,6,0.7
37690.88616959824,-39.8530785562372,-171.72998956753375,6,0.7
37953.04701503298,-39.974869668287305,-171.7883873240122,6,0.7
38217.03133335104,-40.096635256223365,-171.84635923147786,6,0.7
38482.85180780936,-40.218373180539956,-171.9036068367383,6,0.7
38750.521209883875,-40.34005853965853,-171.96017241447674,6,0.7
39020.05239988316,-40.461584456441535,-172.01600906832846,6,0.7
39291.458327566346,-40.58254905234801,-172.0738227186814,6,0.7
39564.752032765224,-40.70478382145894,-172.13535287564486,6,0.7
39839.94664601079,-40.826799624193754,-172.18965795194367,6,0.7
40117.05538916413,-40.948531783566196,-172.24402967296132,6,0.7
40396.09157605162,-41.07019080295697,-172.29811305589106,6,0.7
40677.068613104646,-41.191806341892665,-172.35192057831546,6,0.7
40960.00000000368,-41.313375835808266,-172.40510882639938,6,0.7
41244.899330326916,-41.43483348973881,-172.45744529609624,6,0.7
41531.78029220334,-41.55574404376569,-172.5097413162055,6,0.7
41820.65666897041,-41.67740006822523,-172.57087227640716,6,0.7
42111.54233983629,-41.799530152855866,-172.62217154777827,6,0.7
42404.45128054665,-41.92117693174677,-172.6730031399486,6,0.7
42699.3975640562,-42.04272315410315,-172.72417851937269,6,0.7
42996.39536120473,-42.16423586404271,-172.77498966757554,6,0.7
43295.458941398065,-42.28572227759329,-172.8257636989553,6,0.7
43596.60267329357,-42.407192635697406,-172.87609169025885,6,0.7
43899.84102549055,-42.52864665498955,-172.9260961532287,6,0.7
44205.18856722535,-42.65008640869183,-172.97569543220285,6,0.7
44512.659969071385,-42.7715082748378,-173.02516524930843,6,0.7
44822.27000364397,-42.89291797413813,-173.074151273854,6,0.7
45134.033546310086,-43.014312691265424,-173.1228626102486,6,0.7
45447.96557590307,-43.13569474999133,-173.17116107581742,6,0.7
45764.081175442305,-43.257064348088264,-173.21904907610605,6,0.7
46082.39553285784,-43.37841775970969,-173.2667996880764,6,0.7
46402.92394172015,-43.49976108838803,-173.3140078391187,6,0.7
46725.681801974904,-43.62109156093494,-173.36087954287476,6,0.7
47050.68462068286,-43.74240936628723,-173.4074168524629,6,0.7
47377.94801276491,-43.863711919850594,-173.45381902003197,6,0.7
47707.487701752325,-43.9850049737752,-173.4996926980864,6,0.7
48039.319520542165,-44.1062858953037,-173.54523863703508,6,0.7
48373.45941215801,-44.22755308615871,-173.5905878150191,6,0.7
48709.923430515926,-44.348808531834074,-173.63561208843433,6,0.7
49048.72774119583,-44.47005411522973,-173.68018691803874,6,0.7
49389.888622218095,-44.59128822915293,-173.72444331937317,6,0.7
49733.4224648257,-44.71250936056214,-173.76850876556,6,0.7
50000.0,-44.805993568190274,-173.80216787276376,6,0.7
10.0,-6.108699391455713,-0.5059711586199032,7,0.8
10.069555500567189,-6.108975090089061,-0.5088495888625184,7,0.8
10.139594797900294,-6.109258053279638,-0.511737043500256,7,0.8
10.210121257071936,-6.109535422337381,-0.5146319813146294,7,0.8
10.281138266560667,-6.109820081090376,-0.5175356974224833,7,0.8
10.352649238413779,-6.110105607019937,-0.5204473491776759,7,0.8
10.424657608411218,-6.110404882990106,-0.5233682641369466,7,0.8
10.497166836230678,-6.110698617488178,-0.5262961250932039,7,0.8
10.57018040561381,-6.110999693586622,-0.5292322593685665,7,0.8
10.643701824533608,-6.111295256312845,-0.5321750419597782,7,0.8
10.71773462536294,-6.111604622129036,-0.5351265709923919,7,0.8
10.792282365044281,-6.111908502937482,-0.5380844497837518,7,0.8
10.867348625260592,-6.1122133474900675,-0.541049273047248,7,0.8
10.942937012607405,-6.1125256039314815,-0.5440216556409674,7,0.8
11.019051158766118,-6.112838853528012,-0.5470006774619852,7,0.8
11.095694720678463,-6.113159544459953,-0.5499869592228533,7,0.8
11.172871380722214,-6.11348769157798,-0.5529803528456747,7,0.8
11.250584846888108,-6.113804012679508,-0.5559783196949981,7,0.8
11.328838852958,-6.114147118340364,-0.5589854631339279,7,0.8
11.407637158684253,-6.114471998128347,-0.5619960241655927,7,0.8
11.486983549970367,-6.114810829504678,-0.5650138409935659,7,0.8
11.566881839052892,-6.115150764763281,-0.568037128155628,7,0.8
11.647335864684578,-6.11549825224872,-0.5710665283455946,7,0.8
11.728349492318808,-6.115834015328396,-0.5740993724782056,7,0.8
11.809926614295325,-6.1161837963554095,-0.5771387913941579,7,0.8
11.892071150027233,-6.116534750653958,-0.5801829371170689,7,0.8
11.97478704618931,-6.116899756866453,-0.5832333192327618,7,0.8
12.05807827690763,-6.117259541712084,-0.5862871983616852,7,0.8
12.141948843950495,-6.117626984354535,-0.5893460848533939,7,0.8
12.226402776920713,-6.117989243832484,-0.5924080466972557,7,0.8
12.31144413344919,-6.118359198909436,-0.5954746149400848,7,0.8
12.397076999389895,-6.118743297628628,-0.5985464853064181,7,0.8
12.48330548901615,-6.119115842798072,-0.6016199092452544,7,0.8
12.570133745218314,-6.119496142030308,-0.6046973301210904,7,0.8
12.657565939702833,-6.119877786771266,-0.6077776405829511,7,0.8
12.745606273192656,-6.120260797886097,-0.6108606172953374,7,0.8
12.834258975629076,-6.120658052154571,-0.6139478784966932,7,0.8
12.923528306374958,-6.121056714550422,-0.6170373795953387,7,0.8
13.013418554419374,-6.121443952233712,-0.6201270154689108,7,0.8
13.10393403858367,-6.121845497051584,-0.6232202841803736,7,0.8
13.195079107728983,-6.122261369916076,-0.6263169928711804,7,0.8
13.286858140965156,-6.122672312799081,-0.6294140694237673,7,0.8
13.379275547861162,-6.1230912020750825,-0.6325131823823432,7,0.8
13.472335768656947,-6.12350520892658,-0.6356121611019268,7,0.8
13.566043274476765,-6.123920783563178,-0.6387117171883552,7,0.8
13.660402567544,-6.124344375742295,-0.6418125903922419,7,0.8
13.755418181397484,-6.124776009353262,-0.6449145517210604,7,0.8
13.851094681109295,-6.125215708652849,-0.6480173701712183,7,0.8
13.947436663504105,-6.125650649602998,-0.6511187857344923,7,0.8
14.044448757380025,-6.126087282912671,-0.6542195368574236,7,0.8
14.142135623731003,-6.12653848259908,-0.657321421507264,7,0.8
14.240501955970773,-6.126985003133104,-0.6604211115438877,7,0.8
14.33955248015833,-6.127433295764267,-0.6635193630427205,7,0.8
14.439291955225018,-6.1278962339116285,-0.6666180174820159,7,0.8
14.539725173203164,-6.128341730739882,-0.6697115412243858,7,0.8
14.640856959456315,-6.128808351066642,-0.6728060154223884,7,0.8
14.742692172911074,-6.129276855162874,-0.6758980037923286,7,0.8
14.845235706290554,-6.129753694064051,-0.6789883204934801,7,0.8
14.94849248634945,-6.130219632537328,-0.6820734235393827,7,0.8
15.05246747411074,-6.130700386705108,-0.6851574073131951,7,0.8
15.15716566510405,-6.131183144062707,-0.6882378156743022,7,0.8
15.26259208960566,-6.131661515486947,-0.6913132443977545,7,0.8
15.368751812880195,-6.132154793663154,-0.6943867839150624,7,0.8
15.475649935423972,-6.132643749621002,-0.6974547796067613,7,0.8
15.58329159321007,-6.133147675027782,-0.7005203743650847,7,0.8
15.69168195793509,-6.133634506171029,-0.7035775360971822,7,0.8
15.800826237267621,-6.13415562887408,-0.7066352552546971,7,0.8
15.910729675098453,-6.134653307434981,-0.7096827721932178,7,0.8
16.02139755179252,-6.135166088384194,-0.7127268203021077,7,0.8
16.13283518444261,-6.135681169796504,-0.7157647726727412,7,0.8
16.245047927124794,-6.136198587226158,-0.7187963419624331,7,0.8
16.358041171155712,-6.13671196018953,-0.7218200224848127,7,0.8
16.471820345351553,-6.13724699273662,-0.7248404085641766,7,0.8
16.586390916288924,-6.137778054477331,-0.7278523502268404,7,0.8
16.70175838856748,-6.138305184264636,-0.7308555301704839,7,0.8
16.817928305074386,-6.138854083633288,-0.7338546631325116,7,0.8
16.93490624725064,-6.139392713137429,-0.7368432125288225,7,0.8
17.052697835359233,-6.1399339439213545,-0.7398233879706102,7,0.8
17.17130872875518,-6.140477816415927,-0.742794903819334,7,0.8
17.290744626157405,-6.141030785533963,-0.7457587748068127,7,0.8
17.411011265922586,-6.141592891805052,-0.7487147488396936,7,0.8
17.53211442632081,-6.142144936406366,-0.7516586129032075,7,0.8
17.654059925813208,-6.142712615874527,-0.7545953478769629,7,0.8
17.776853623331515,-6.143276734092701,-0.7575207112798498,7,0.8
17.900501418559564,-6.1438501602451385,-0.7604370991851646,7,0.8
18.02500925221672,-6.14441370295372,-0.7633401743763719,7,0.8
18.150383106343334,-6.144993055268962,-0.7662350984712331,7,0.8
18.27662900458813,-6.145569027998051,-0.7691175049126623,7,0.8
18.403753012497624,-6.146160900753603,-0.7719912846770535,7,0.8
18.53176123780754,-6.146743078222505,-0.7748505987206032,7,0.8
18.660659830736275,-6.1473284301903695,-0.7776979555392647,7,0.8
18.790454984280366,-6.147917005732971,-0.7805330921524644,7,0.8
18.921152934512047,-6.148521672114423,-0.7833586384581539,7,0.8
19.05275996087888,-6.1491168432038945,-0.786168581179247,7,0.8
19.18528238650542,-6.14972179695935,-0.7889670017487443,7,0.8
19.31872657849705,-6.1503173605867465,-0.7917492430263138,7,0.8
19.453098948245852,-6.150942033086622,-0.794523944381984,7,0.8
19.588405951738682,-6.151551014626141,-0.7972804714498963,7,0.8
19.72465408986733,-6.15216358226447,-0.8000230279630369,7,0.8
19.861849908740865,-6.152773385001615,-0.8027498482478302,7,0.8
20.00000000000015,-6.153412507871136,-0.8054683792006762,7,0.8
20.13911100113453,-6.154029760489611,-0.8081660999529449,7,0.8
20.279189595800737,-6.154644419721489,-0.8108473415765095,7,0.8
20.42024251414402,-6.155288566782997,-0.8135197566439698,7,0.8
20.56227653312149,-6.155904619901018,-0.8161689359648093,7,0.8
20.70529847682771,-6.156543873495718,-0.8188073398767417,7,0.8
20.849315216822593,-6.157187175182617,-0.8214300217135364,7,0.8
20.994333672461515,-6.1578281835539865,-0.8240351508374659,7,0.8
21.14036081122778,-6.158473364754606,-0.8266241449093861,7,0.8
21.28740364906737,-6.159116379999432,-0.8291951573821754,7,0.8
21.43546925072604,-6.159770097775318,-0.8317513202798036,7,0.8
21.584564730088722,-6.160421779686386,-0.8342891233458339,7,0.8
21.734697250521346,-6.161071493120586,-0.8368083588945072,7,0.8
21.885874025214974,-6.161719306394482,-0.839308825178649,7,0.8
22.038102317532406,-6.162384487499674,-0.841795523509205,7,0.8
22.191389441357092,-6.163041505867518,-0.8442614073684204,7,0.8
22.345742761444598,-6.163716028972931,-0.8467132964086972,7,0.8
22.501169693776383,-6.164376133049535,-0.8491422675650132,7,0.8
22.657677705916175,-6.1650410877176745,-0.8515534366621521,7,0.8
22.815274317368676,-6.1657109654939415,-0.853946687163239,7,0.8
22.973967099940907,-6.166379443284078,-0.8563200897826444,7,0.8
23.13376367810596,-6.167065786682196,-0.8586790059456492,7,0.8
23.29467172936933,-6.167738088357927,-0.8610141792287274,7,0.8
23.456698984637793,-6.1684092202977325,-0.8633291204519637,7,0.8
23.619853228590827,-6.169085657149063,-0.8656255890544158,7,0.8
23.784142300054643,-6.169773872428439,-0.8679054152717482,7,0.8
23.949574092378796,-6.170448367684517,-0.8701609334170792,7,0.8
24.11615655381544,-6.171128409610585,-0.872397739491823,7,0.8
24.28389768790117,-6.171826867176291,-0.874619683832548,7,0.8
24.452805553841607,-6.172505463347713,-0.876815060643877,7,0.8
24.622888266898567,-6.17319625051521,-0.8789935437443512,7,0.8
24.794153998779972,-6.173892920745102,-0.8811531747384227,7,0.8
24.966610978032485,-6.174582777771684,-0.8832899278880141,7,0.8
25.140267490436816,-6.17527230319293,-0.8854057379483259,7,0.8
25.315131879405854,-6.175961587676722,-0.8875005706927664,7,0.8
25.4912125463855,-6.176650722781619,-0.8895744013971608,7,0.8
25.668517951258348,-6.177352580867492,-0.891631373874043,7,0.8
25.847056612750112,-6.178060864144042,-0.8936694900540565,7,0.8
26.026837108838944,-6.178743722101058,-0.8956782362458425,7,0.8
26.20786807716754,-6.179445975728632,-0.8976723402248885,7,0.8
26.390158215458165,-6.180154942727542,-0.8996476867999461,7,0.8
26.573716281930512,-6.180851558544509,-0.9015978624251275,7,0.8
26.758551095722524,-6.181555087369723,-0.9035293624571914,7,0.8
26.944671537314093,-6.182252856377789,-0.9054378896757473,7,0.8
27.13208654895373,-6.182957742140076,-0.9073279008697279,7,0.8
27.320805135088207,-6.183669847858536,-0.9091995289874123,7,0.8
27.510836362795175,-6.184370122157348,-0.9110461397917493,7,0.8
27.7021893622188,-6.185065059622644,-0.9128699986169143,7,0.8
27.89487332700842,-6.185767538596654,-0.9146757534021147,7,0.8
28.088897514760255,-6.186484051625559,-0.9164658987748137,7,0.8
28.284271247462218,-6.1871827902256635,-0.9182290030902651,7,0.8
28.48100391194176,-6.18788940292646,-0.9199744570941458,7,0.8
28.679104960316874,-6.188591237569419,-0.9216977238488065,7,0.8
28.878583910450253,-6.18929479315112,-0.923401304896515,7,0.8
29.079450346406546,-6.189993805194263,-0.9250829625634513,7,0.8
29.28171391891285,-6.190694774652139,-0.9267452599774267,7,0.8
29.485384345822368,-6.19140420248157,-0.9283908519021754,7,0.8
29.690471412581335,-6.192109448419451,-0.9300150599028959,7,0.8
29.896984972699123,-6.192817016738338,-0.9316205418443759,7,0.8
30.104934948221704,-6.1935142735568105,-0.933202498820953,7,0.8
30.314331330208326,-6.194207726719952,-0.9347635897036173,7,0.8
30.52518417921155,-6.194916640693454,-0.9363116852516937,7,0.8
30.73750362576062,-6.195622008410209,-0.9378394415244251,7,0.8
30.951299870848175,-6.19631758485194,-0.9393444745799078,7,0.8
31.16658318642038,-6.197029013727256,-0.9408374405268892,7,0.8
31.38336391587042,-6.197711790521839,-0.942300260304238,7,0.8
31.60165247453548,-6.198410691240397,-0.9437515897052547,7,0.8
31.82145935019715,-6.199119475339244,-0.9451891992774806,7,0.8
32.04279510358529,-6.19980640464286,-0.9465999401808258,7,0.8
32.26567036888546,-6.200497125144169,-0.9479948299599779,7,0.8
32.49009585424984,-6.201204528744184,-0.949379743612732,7,0.8
32.716082342311665,-6.201884139905816,-0.9507357399203761,7,0.8
32.94364069070335,-6.202567979615555,-0.9520768720389059,7,0.8
33.172781832578096,-6.203268942386591,-0.9534091877039533,7,0.8
33.40351677713521,-6.20395531272046,-0.9547189945593895,7,0.8
33.63585661014903,-6.20463361896652,-0.956009375989967,7,0.8
33.86981249450153,-6.205323133238974,-0.9572893102448288,7,0.8
34.10539567071872,-6.206004896126319,-0.9585505552716367,7,0.8
34.34261745751061,-6.2066918101535045,-0.9597993112273483,7,0.8
34.58148925231507,-6.207364923441475,-0.9610271435368991,7,0.8
34.822022531845434,-6.208049882209043,-0.9622462817806161,7,0.8
35.064228852641875,-6.208727740020462,-0.9634482408723174,7,0.8
35.30811985162668,-6.209398665410486,-0.9646333761695313,7,0.8
35.55370724666329,-6.21006919748109,-0.9658051194957499,7,0.8
35.80100283711939,-6.210733139167476,-0.966960829924728,7,0.8
36.05001850443371,-6.211403401214303,-0.9681071271730829,7,0.8
36.30076621268694,-6.212073790036962,-0.9692414175841224,7,0.8
36.55325800917653,-6.21273174894103,-0.9703578484507546,7,0.8
36.80750602499552,-6.2133965606285,-0.9714663416375774,7,0.8
37.06352247561536,-6.2140493064493585,-0.9725578192780424,7,0.8
37.32131966147283,-6.214709271163135,-0.9736423795829862,7,0.8
37.58090996856101,-6.21537027416338,-0.9747173550037627,7,0.8
37.84230586902438,-6.216013408736577,-0.9757733836250608,7,0.8
38.105519921758045,-6.216670693188093,-0.976827405513489,7,0.8
38.37056477301113,-6.217310496580604,-0.9778633717875513,7,0.8
38.63745315699439,-6.217958473905755,-0.978895131050613,7,0.8
38.906197896491996,-6.2186020949052,-0.9799165274175207,7,0.8
39.176811903477656,-6.219241560902606,-0.9809280681935879,7,0.8
39.449308179734956,-6.219864350304945,-0.9819233418566312,7,0.8
39.72369981748203,-6.220502484108792,-0.9829201680774523,7,0.8
40.000000000000604,-6.2211370813171785,-0.9839087747744729,7,0.8
40.27822200226936,-6.221761991754072,-0.9848861592921065,7,0.8
40.55837919160177,-6.222371068931967,-0.9858492137237829,7,0.8
40.840485028288356,-6.223009058423826,-0.9868235775143274,7,0.8
41.124553066243294,-6.223618928206147,-0.9877775375380895,7,0.8
41.410596953655734,-6.224239065837186,-0.9887333198869791,7,0.8
41.6986304336455,-6.224844253769463,-0.9896769157974256,7,0.8
41.98866734492334,-6.22546015924815,-0.9906236496864569,7,0.8
42.28072162245588,-6.226067932390915,-0.9915630501843681,7,0.8
42.57480729813507,-6.226674165418173,-0.9924994352344957,7,0.8
42.8709385014524,-6.227260017985225,-0.9934219916139093,7,0.8
43.16912946017777,-6.227870238317754,-0.994358007629631,7,0.8
43.46939450104301,-6.2284542005279135,-0.9952774892558722,7,0.8
43.771748050430276,-6.2290502972694775,-0.9962041734524302,7,0.8
44.07620463506514,-6.22963334449309,-0.9971231609183783,7,0.8
44.38277888271451,-6.230216307332244,-0.9980428847940935,7,0.8
44.69148552288952,-6.230780368760533,-0.998952026981797,7,0.8
45.00233938755311,-6.231370280358543,-0.9998792402175036,7,0.8
45.315355411832684,-6.231941805784171,-1.0007971514479672,7,0.8
45.63054863473769,-6.2325142760659755,-1.001718486006506,7,0.8
45.947934199882155,-6.233068890314184,-1.0026315765767495,7,0.8
46.26752735621227,-6.233637693429554,-1.0035576884519781,7,0.8
46.58934345873901,-6.234195536214463,-1.004480975509628,7,0.8
46.913397969275934,-6.2347363403588,-1.0053977643943066,7,0.8
47.23970645718201,-6.235304864013726,-1.006338372540514,7,0.8
47.56828460010965,-6.235837847091937,-1.0072609958288827,7,0.8
47.89914818475796,-6.236392759589753,-1.0082048029166286,7,0.8
48.232313107631235,-6.236925414510814,-1.0091403292884822,7,0.8
48.5677953758027,-6.237467869923183,-1.0100899753812895,7,0.8
48.90561110768358,-6.237988656572348,-1.0110324803964759,7,0.8
49.2457765337975,-6.2385198364986465,-1.0119906076335954,7,0.8
49.58830799756032,-6.239042654146127,-1.0129517791503955,7,0.8
49.933221956065346,-6.239576470681096,-1.013930255474855,7,0.8
50.280534980874016,-6.240089836410796,-1.0149041128101932,7,0.8
50.630263758812085,-6.240602119725466,-1.0158876301108495,7,0.8
50.982425092771386,-6.241107285768681,-1.0168769271820421,7,0.8
51.33703590251707,-6.24161835668656,-1.0178820474866486,7,0.8
51.69411322550061,-6.2421229543287335,-1.0188944446697916,7,0.8
52.05367421767828,-6.242615056581205,-1.019910048717333,7,0.8
52.41573615433548,-6.243101345801286,-1.0209342448154404,7,0.8
52.78031643091672,-6.24360120684716,-1.021982246096326,7,0.8
53.14743256386143,-6.2440832297122695,-1.0230307465382975,7,0.8
53.517102191445446,-6.244566806794375,-1.0240949803021955,7,0.8
53.8893430746286,-6.245045935693475,-1.0251708516185398,7,0.8
54.264173097907864,-6.245520967652237,-1.026259109928512,7,0.8
54.64161027017682,-6.245992257915871,-1.0273605151042389,7,0.8
55.02167272559077,-6.2464665140844655,-1.0284809032067883,7,0.8
55.40437872443802,-6.246925054692491,-1.0296058589861787,7,0.8
55.78974665401725,-6.2473872919663185,-1.03075137159572,7,0.8
56.17779502952094,-6.247847249349421,-1.03191317931886,7,0.8
56.56854249492486,-6.248298955221333,-1.0330868730321232,7,0.8
56.962007823883944,-6.2487491376595825,-1.0342784237059357,7,0.8
57.358209920634174,-6.249185486657253,-1.0354780585417442,7,0.8
57.75716782090094,-6.2496210860460275,-1.0366970759604293,7,0.8
58.158900692813525,-6.250062675385002,-1.037941725982282,7,0.8
58.56342783782614,-6.250485265619393,-1.0391912900601996,7,0.8
58.97076869164518,-6.25092099185368,-1.0404736376303596,7,0.8
59.38094282516311,-6.251344874836324,-1.0417678675363937,7,0.8
59.79396994539869,-6.251763672396926,-1.0430801969715946,7,0.8
60.209869896443855,-6.2521841462231755,-1.0444170246611442,7,0.8
60.628662660417106,-6.252594025151624,-1.0457680093865516,7,0.8
61.05036835842356,-6.253006425777443,-1.047145217972978,7,0.8
61.4750072515217,-6.253402741256979,-1.0485324356120118,7,0.8
61.90259974169682,-6.253808787965881,-1.0499533424385883,7,0.8
62.33316637284123,-6.2541996238377,-1.0513858046259845,7,0.8
62.766727831741306,-6.25459472863123,-1.0528480211324707,7,0.8
63.20330494907143,-6.254994550753113,-1.0543410225233936,7,0.8
63.642918700394766,-6.255380509379737,-1.055848004620534,7,0.8
64.08559020717105,-6.25575306394838,-1.0573696244905857,7,0.8
64.5313407377714,-6.256144400774618,-1.0589367600267328,7,0.8
64.98019170850016,-6.256523265630197,-1.0605203450924479,7,0.8
65.43216468462381,-6.256877444317899,-1.062108812243827,7,0.8
65.8872813814072,-6.257251825295011,-1.0637458594999893,7,0.8
66.34556366515669,-6.2576088272347885,-1.0653955522782694,7,0.8
66.80703355427093,-6.257967971292391,-1.0670773183882314,7,0.8
67.27171322029855,-6.25832975148227,-1.068792202607779,7,0.8
67.73962498900357,-6.25868197921175,-1.0705285289537352,7,0.8
68.21079134143795,-6.259031502875746,-1.072293510352097,7,0.8
68.68523491502174,-6.2593724884923585,-1.074081636682162,7,0.8
69.16297850463066,-6.259711794964089,-1.075900252311068,7,0.8
69.6440450636914,-6.260049942447646,-1.07775035090416,7,0.8
70.12845770528428,-6.260387456533976,-1.0796329458757863,7,0.8
70.61623970325388,-6.2607248682791,-1.0815490709037523,7,0.8
71.10741449332713,-6.261056370584828,-1.0834930663683395,7,0.8
71.60200567423932,-6.261369819104737,-1.0854523273027332,7,0.8
72.10003700886796,-6.261691134094146,-1.0874547550167626,7,0.8
72.60153242537443,-6.262008181990412,-1.089487885802832,7,0.8
73.10651601835362,-6.2623215209155045,-1.0915527053422962,7,0.8
73.61501204999159,-6.262631714915213,-1.0936502207469772,7,0.8
74.12704495123128,-6.262926647246473,-1.09576741667495,7,0.8
74.64263932294622,-6.263244950954073,-1.0979474788304344,7,0.8
75.16181993712259,-6.263542805437242,-1.1001422208106337,7,0.8
75.68461173804933,-6.263827140182103,-1.1023594452913315,7,0.8
76.21103984351666,-6.2641239187431275,-1.1046288916326277,7,0.8
76.74112954602285,-6.264408366751168,-1.1069228743566024,7,0.8
77.27490631398935,-6.264700116305553,-1.1092642695553696,7,0.8
77.81239579298456,-6.264974404234648,-1.1116248477067534,7,0.8
78.3536238069559,-6.265257216982972,-1.114035149707827,7,0.8
78.8986163594705,-6.265536489005389,-1.1164815749564088,7,0.8
79.44739963496465,-6.265812846083288,-1.1189652350465693,7,0.8
80.00000000000179,-6.266074234094011,-1.1214720275710035,7,0.8
80.55644400453932,-6.266346662371585,-1.1240334862956918,7,0.8
81.11675838320417,-6.2666054021781665,-1.1266202089255666,7,0.8
81.68097005657731,-6.266857445333254,-1.1292408650203798,7,0.8
82.24910613248719,-6.267116132872602,-1.1319122287733618,7,0.8
82.8211939073121,-6.267375782287338,-1.1346278459373875,7,0.8
83.39726086729164,-6.267624373383571,-1.1373730958793635,7,0.8
83.97733468984731,-6.267868921450608,-1.1401569916013052,7,0.8
84.56144324491237,-6.268097417199076,-1.1429645596680196,7,0.8
85.14961459627077,-6.268348604989909,-1.1458455270600045,7,0.8
85.74187700290544,-6.26858511336043,-1.1487526473117533,7,0.8
86.33825892035618,-6.268813980825526,-1.1516951118141443,7,0.8
86.93878900208668,-6.2690422516563435,-1.1546823835692113,7,0.8
87.54349610086122,-6.269276976341512,-1.1577242018972105,7,0.8
88.15240927013093,-6.269499835704161,-1.160796795497871,7,0.8
88.7655577654297,-6.269724235375,-1.1639182353992321,7,0.8
89.38297104577971,-6.269938210855145,-1.1670728333524834,7,0.8
90.00467877510688,-6.270161523968076,-1.1702876119433148,7,0.8
90.63071082366605,-6.270369532456911,-1.1735294938764413,7,0.8
91.26109726947607,-6.270575665361502,-1.1768169982768304,7,0.8
91.895868399765,-6.270780668598871,-1.1801515355170882,7,0.8
92.53505471242522,-6.2709916389046825,-1.1835434448238251,7,0.8
93.17868691747873,-6.271183954040771,-1.186958579452138,7,0.8
93.82679593855258,-6.2713837559419305,-1.1904339647819309,7,0.8
94.47941291436473,-6.271579122921849,-1.193953183047626,7,0.8
95.13656920022001,-6.271770828061478,-1.1975176378687646,7,0.8
95.79829636951663,-6.271959650140482,-1.2011287713050962,7,0.8
96.4646262152632,-6.272140027501559,-1.2047787755747945,7,0.8
97.13559075160614,-6.272325440781121,-1.208487682765691,7,0.8
97.81122221536789,-6.272503992803216,-1.2122384083006272,7,0.8
98.49155306759573,-6.2726955218575835,-1.2160608320146697,7,0.8
99.17661599512138,-6.272856408213529,-1.2198900726481374,7,0.8
99.86644391213144,-6.273044579702099,-1.2238134717754698,7,0.8
100.56106996174877,-6.273203731238844,-1.22774627375778,7,0.8
101.26052751762494,-6.273366415365974,-1.2317380664337405,7,0.8
101.96485018554354,-6.27354615202491,-1.235810356901375,7,0.8
102.67407180503491,-6.273699338653174,-1.2398960269051218,7,0.8
103.388226451002,-6.273858545645682,-1.244045851569846,7,0.8
104.10734843535732,-6.274018263972703,-1.2482517265616868,7,0.8
104.83147230867174,-6.27417298829267,-1.2525053046492671,7,0.8
105.56063286183424,-6.274317216395991,-1.2567979917534164,7,0.8
106.29486512772365,-6.274464496514009,-1.2611517857684174,7,0.8
107.03420438289172,-6.274615684586089,-1.2655686121549783,7,0.8
107.778686149258,-6.274765291364284,-1.2700400152094886,7,0.8
108.52834619581655,-6.2749014807950925,-1.2745467814861409,7,0.8
109.28322054035448,-6.275037818614615,-1.2791114656363884,7,0.8
110.04334545118235,-6.2751751761122065,-1.2837359599601763,7,0.8
110.80875744887686,-6.275301726655909,-1.2884007351375755,7,0.8
111.57949330803534,-6.275443750967939,-1.293150570639057,7,0.8
112.35559005904271,-6.275570376289437,-1.2979335187654437,7,0.8
113.13708498985058,-6.275701539941508,-1.3027838766644917,7,0.8
113.92401564776874,-6.275825426226298,-1.3076816892653542,7,0.8
114.71641984126921,-6.275930220146434,-1.3126064171813592,7,0.8
115.51433564180275,-6.27606128032094,-1.3176378074400408,7,0.8
116.31780138562794,-6.276175036056011,-1.3226998542415798,7,0.8
117.12685567565316,-6.27629144287071,-1.3278280505946314,7,0.8
117.94153738329126,-6.276405047778165,-1.3330131034370944,7,0.8
118.76188565032712,-6.276516752962873,-1.3382569787962684,7,0.8
119.58793989079828,-6.276614753551378,-1.343538457048441,7,0.8
120.41973979288862,-6.276725372792809,-1.3489059127221423,7,0.8
121.25732532083512,-6.2768304546678975,-1.354326609888396,7,0.8
122.10073671684803,-6.27693090716284,-1.3598024678166636,7,0.8
122.95001450304433,-6.277021283111434,-1.3653234998536412,7,0.8
123.80519948339456,-6.277121561167216,-1.370927593182382,7,0.8
124.66633274568338,-6.27721994103721,-1.3765930787527807,7,0.8
125.53345566348355,-6.277304619373373,-1.3822976500631887,7,0.8
126.40660989814381,-6.277395579238885,-1.3880798653158102,7,0.8
127.28583740079048,-6.277481017598381,-1.3939174316761294,7,0.8
128.17118041434307,-6.277574562991498,-1.399837321194877,7,0.8
129.0626814755438,-6.277645331821887,-1.405779287273155,7,0.8
129.9603834170013,-6.27772602920603,-1.411807931115143,7,0.8
130.86432936924862,-6.277811206669254,-1.4179132076348377,7,0.8
131.77456276281538,-6.277876330415516,-1.4240462420244497,7,0.8
132.69112733031437,-6.277960471168377,-1.4302860721521733,7,0.8
133.61406710854286,-6.2780263668838545,-1.4365576926746246,7,0.8
134.5434264405981,-6.278094003807278,-1.44290199130904,7,0.8
135.47924997800817,-6.27816428302603,-1.4493213848706816,7,0.8
136.42158268287693,-6.27823173970328,-1.4558050355311665,7,0.8
137.3704698300445,-6.278297268311338,-1.4623551788069304,7,0.8
138.32595700926237,-6.278349030442339,-1.4689471043510423,7,0.8
139.28809012738384,-6.2784133721284725,-1.4756369399715048,7,0.8
140.25691541056963,-6.2784720833445355,-1.4823865727035435,7,0.8
141.23247940650882,-6.278532408929279,-1.4892119263619303,7,0.8
142.2148289866553,-6.2785824907041885,-1.4960877030319533,7,0.8
143.20401134847972,-6.278623196116692,-1.5030158317769597,7,0.8
144.200074017737,-6.278674493091637,-1.510040536291756,7,0.8
145.20306485074994,-6.278718137092895,-1.5171221721291284,7,0.8
146.2130320367083,-6.2787740887574115,-1.5243056519593785,7,0.8
147.2300240999843,-6.278811347108676,-1.531522043884795,7,0.8
148.25408990246365,-6.278849860287462,-1.5388163420653154,7,0.8
149.28527864589356,-6.278896833930436,-1.5462056206382975,7,0.8
150.32363987424628,-6.278914861672147,-1.5536045297941279,7,0.8
151.3692234760998,-6.2789557380637415,-1.5611324818917085,7,0.8
152.42207968703445,-6.278988410698023,-1.568718484671289,7,0.8
153.48225909204683,-6.279020052769724,-1.5763795576139183,7,0.8
154.54981262797986,-6.279051455807893,-1.5841180580366676,7,0.8
155.6247915859703,-6.279064273742189,-1.5918906962645845,7,0.8
156.70724761391295,-6.279091157617085,-1.5997755996772778,7,0.8
157.79723271894218,-6.279120119012322,-1.6077449841694995,7,0.8
158.8947992699305,-6.2791327745983905,-1.6157546752656327,7,0.8
160.0000000000048,-6.279142616986604,-1.6238375247803072,7,0.8
161.11288800907985,-6.279163134385355,-1.6320272891514638,7,0.8
162.23351676640956,-6.279182285016651,-1.640295095431156,7,0.8
163.36194011315587,-6.2791880082885125,-1.6486112009375713,7,0.8
164.49821226497562,-6.279200137994897,-1.6570255421069346,7,0.8
165.6423878146254,-6.2792002027367495,-1.6654920722286737,7,0.8
166.79452173458452,-6.27921439938715,-1.6740777833965395,7,0.8
167.9546693796959,-6.279211454787036,-1.6827034047349274,7,0.8
169.12288648982604,-6.279211154914151,-1.6914199551427715,7,0.8
170.29922919254284,-6.279220506595453,-1.7002464767449756,7,0.8
171.4837540058122,-6.279214563020023,-1.7091184448655132,7,0.8
172.6765178407137,-6.279193903375958,-1.7180371616756147,7,0.8
173.87757800417467,-6.279191041574417,-1.7270891668462358,7,0.8
175.08699220172375,-6.2791809722063485,-1.7362088768224582,7,0.8
176.30481854026317,-6.279177010226037,-1.745432523975655,7,0.8
177.53111553086072,-6.279166887160627,-1.754727656563282,7,0.8
178.7659420915608,-6.279138307366655,-1.7640608365268302,7,0.8
180.00935755021513,-6.279117320574562,-1.773503582025008,7,0.8
181.26142164733346,-6.279104387530028,-1.7830582407497115,7,0.8
182.52219453895353,-6.279087153344821,-1.7926913294744857,7,0.8
183.7917367995314,-6.2790660309950646,-1.802404415779959,7,0.8
185.07010942485184,-6.279028612724621,-1.8121627123213926,7,0.8
186.35737383495882,-6.279007266758752,-1.822058429204558,7,0.8
187.65359187710658,-6.278970339733442,-1.8320020955251102,7,0.8
188.95882582873088,-6.27895016637413,-1.842087143818623,7,0.8
190.27313840044144,-6.278895821479944,-1.8521666949867832,7,0.8
191.59659273903472,-6.278871622266637,-1.8624282977876863,7,0.8
192.92925243052787,-6.278826582974132,-1.8727236777591576,7,0.8
194.27118150321374,-6.278786553288047,-1.883129240565807,7,0.8
195.62244443073726,-6.278738919588889,-1.8936081800775981,7,0.8
196.98310613519297,-6.278696675388675,-1.9041999624714578,7,0.8
198.35323199024427,-6.278647149181744,-1.9148671276562907,7,0.8
199.73288782426437,-6.278596872559842,-1.9256299346589616,7,0.8
201.12213992349908,-6.27853952450449,-1.9364695947489752,7,0.8
202.5210550352514,-6.27850083174819,-1.9474662054115346,7,0.8
203.9297003710886,-6.278435920411789,-1.9584815484119,7,0.8
205.3481436100714,-6.278376876731117,-1.969615602949321,7,0.8
206.77645290200556,-6.2783108417948945,-1.9808287955620578,7,0.8
208.21469687071618,-6.278257024756081,-1.9921826725472216,7,0.8
209.66294461734503,-6.278189657450991,-2.003596110082842,7,0.8
211.12126572367004,-6.278108616533309,-2.015068610545621,7,0.8
212.5897302554489,-6.278039452140227,-2.0266831809796684,7,0.8
214.06840876578502,-6.277962710639729,-2.038377692151535,7,0.8
215.5573722985176,-6.277897464432548,-2.050215337831589,7,0.8
217.05669239163473,-6.277824184772335,-2.06213287481885,7,0.8
218.5664410807106,-6.277736155462218,-2.0741081434904944,7,0.8
220.08669090236637,-6.277645922693691,-2.086183194879889,7,0.8
221.6175148977554,-6.277566010408419,-2.0984011485112113,7,0.8
223.15898661607235,-6.277483170714415,-2.1107183776220366,7,0.8
224.71118011808713,-6.277396985021496,-2.1231341065576026,7,0.8
226.27416997970286,-6.277287675692679,-2.135580602261258,7,0.8
227.8480312955392,-6.2772062788279195,-2.1482347515803104,7,0.8
229.43283968254013,-6.277107180517597,-2.1609395782081777,7,0.8
231.02867128360725,-6.277009144320869,-2.173760919848235,7,0.8
232.63560277125762,-6.276892228054297,-2.1866289385105655,7,0.8
234.25371135130806,-6.276800930457391,-2.1997022925057186,7,0.8
235.88307476658426,-6.276695888184934,-2.2128420718178616,7,0.8
237.523771300656,-6.276576377360184,-2.226045599377333,7,0.8
239.17587978159838,-6.276461002432194,-2.239380634257284,7,0.8
240.83947958577906,-6.276348978177216,-2.2528455516247643,7,0.8
242.51465064167206,-6.276239479796079,-2.2664385181405162,7,0.8
244.2014734336979,-6.276105795338195,-2.2800612845220503,7,0.8
245.9000290060905,-6.275985778463486,-2.293854867058227,7,0.8
247.61039896679097,-6.275859098322837,-2.3077446035645175,7,0.8
249.33266549136863,-6.275731230204945,-2.3217517956359632,7,0.8
251.06691132696898,-6.275601146875577,-2.3358734499563907,7,0.8
252.81321979628953,-6.2754613073826935,-2.3500814148849067,7,0.8
254.5716748015829,-6.275336493360655,-2.364471986156767,7,0.8
256.3423608286881,-6.27518671223993,-2.3788914290190233,7,0.8
258.12536295108947,-6.275036666480238,-2.393435846811778,7,0.8
259.9207668340045,-6.2748916085688595,-2.408127055169331,7,0.8
261.72865873849923,-6.274743790869995,-2.4229357200042925,7,0.8
263.54912552563275,-6.274591900382037,-2.4378574737594696,7,0.8
265.38225466063074,-6.274428093233359,-2.452861494335193,7,0.8
267.2281342170877,-6.274283419108052,-2.468073955650615,7,0.8
269.08685288119824,-6.274111013628717,-2.483306114341246,7,0.8
270.95849995601833,-6.273954842866299,-2.498737669429958,7,0.8
272.8431653657559,-6.2737809198201955,-2.5142304406085345,7,0.8
274.74093966009104,-6.273613673015839,-2.529885943217488,7,0.8
276.6519140185268,-6.273438508305028,-2.545644720211672,7,0.8
278.5761802547697,-6.273260287148914,-2.5615278553558465,7,0.8
280.51383082114137,-6.273070821158293,-2.5775015279119153,7,0.8
282.4649588130198,-6.272894427426843,-2.593670055597437,7,0.8
284.42965797331277,-6.272709824017777,-2.6099441646785255,7,0.8
286.40802269696155,-6.272515205496292,-2.626316612582333,7,0.8
288.40014803547615,-6.272321764714329,-2.6428366647080077,7,0.8
290.4061297015021,-6.2721276299048165,-2.6594975075442524,7,0.8
292.42606407341884,-6.271924362366993,-2.6762631045919854,7,0.8
294.4600481999708,-6.27171652788888,-2.6931543160589086,7,0.8
296.50817980492957,-6.2715021317827535,-2.71016316310122,7,0.8
298.5705572917893,-6.271305277995664,-2.727399082409967,7,0.8
300.64727974849484,-6.271084699986531,-2.7446777928673702,7,0.8
302.73844695220185,-6.270864427788711,-2.7621083287962542,7,0.8
304.84415937407124,-6.270635780548808,-2.7796522391651637,7,0.8
306.964518184096,-6.2704096680259545,-2.7973606793739036,7,0.8
309.09962525596205,-6.270177334840534,-2.815194566394912,7,0.8
311.24958317194296,-6.269956190469722,-2.8332363977518726,7,0.8
313.4144952278283,-6.269704629543309,-2.8512924462063793,7,0.8
315.59446543788675,-6.269459658493114,-2.8695371208681837,7,0.8
317.7895985398634,-6.269212378226509,-2.8879300339971077,7,0.8
320.000000000012,-6.268966975401659,-2.9064926529779984,7,0.8
322.22577601816215,-6.268714471925212,-2.9251832690022304,7,0.8
324.4670335328215,-6.268458990387823,-2.944022890052397,7,0.8
326.7238802263142,-6.268191475488651,-2.9629684523410096,7,0.8
328.99642452995374,-6.26791598759444,-2.982040483157678,7,0.8
331.2847756292533,-6.26765632681143,-3.0013580582832864,7,0.8
333.5890434691715,-6.267370421018299,-3.020714096238527,7,0.8
335.90933875939425,-6.26709520037612,-3.040293520155435,7,0.8
338.2457729796546,-6.266808275986885,-3.059985742432627,7,0.8
340.5984583850881,-6.266513588312689,-3.0798114387326176,7,0.8
342.96750801162693,-6.266221669061128,-3.099825602698541,7,0.8
345.3530356814299,-6.265929832940884,-3.1200164304506983,7,0.8
347.75515600835195,-6.265628752259382,-3.1403373027698005,7,0.8
350.1739844034501,-6.265315672849232,-3.160774743691584,7,0.8
352.60963708052907,-6.2650010582175035,-3.181384433521316,7,0.8
355.0622310617241,-6.264682125631719,-3.2021533665969653,7,0.8
357.53188418312425,-6.264349435646253,-3.223032739141322,7,0.8
360.0187151004329,-6.2640333209619055,-3.244185638730131,7,0.8
362.52284329466966,-6.263704417041489,-3.265457334660169,7,0.8
365.0443890779098,-6.263359843715718,-3.2868328738356225,7,0.8
367.58347359906554,-6.263016646807613,-3.3084057408148335,7,0.8
370.14021884970646,-6.262671943634962,-3.330162261450496,7,0.8
372.7147476699204,-6.262309513393339,-3.352014635969229,7,0.8
375.30718375421594,-6.261959724438232,-3.3741320885125425,7,0.8
377.9176516574646,-6.261599673036082,-3.3963898012665736,7,0.8
380.5462768008857,-6.26122640034274,-3.4187721699893188,7,0.8
383.1931854780723,-6.260843609520187,-3.4413009627198266,7,0.8
385.85850486105863,-6.260468375676773,-3.464074772515592,7,0.8
388.5423630064304,-6.26007099610085,-3.4869261294025136,7,0.8
391.2448888614774,-6.2596819216891735,-3.510030797767543,7,0.8
393.96621227038884,-6.25927809638362,-3.5332579615752104,7,0.8
396.7064639804915,-6.2588699149815765,-3.5566691286856376,7,0.8
399.4657756485318,-6.258474515151038,-3.5803670002717096,7,0.8
402.24427984700117,-6.258048643174522,-3.6040992959296196,7,0.8
405.04211007050577,-6.257629567328723,-3.6280870767219477,7,0.8
407.85940074218024,-6.257200860353378,-3.6522350857238446,7,0.8
410.69628722014585,-6.256759509516645,-3.676526575955475,7,0.8
413.55290580401413,-6.256322714567036,-3.7010669950778685,7,0.8
416.42939374143555,-6.2558740129739645,-3.7257589171156784,7,0.8
419.3258892346932,-6.255417144994286,-3.750626563762035,7,0.8
422.24253144734325,-6.254949114290945,-3.7756531224778986,7,0.8
425.179460510901,-6.254493978172116,-3.800989508188668,7,0.8
428.13681753157323,-6.25401495909657,-3.8264098997348444,7,0.8
431.11474459703845,-6.2535225906628895,-3.851980581239799,7,0.8
434.11338478327275,-6.253034241169104,-3.87781270743217,7,0.8
437.13288216142445,-6.252533408634799,-3.9038044720829186,7,0.8
440.173381804736,-6.252030727850326,-3.930025395764973,7,0.8
443.23502979551404,-6.251509676618536,-3.956371685546072,7,0.8
446.31797323214806,-6.250994545118047,-3.983001576909933,7,0.8
449.4223602361776,-6.250468834614761,-4.009811133547492,7,0.8
452.5483399594091,-6.249943295648757,-4.036872635460942,7,0.8
455.6960625910818,-6.249401415294646,-4.064080192211078,7,0.8
458.8656793650838,-6.248853987604603,-4.0915066142281775,7,0.8
462.0573425672179,-6.24829133409891,-4.119089758419566,7,0.8
465.2712055425187,-6.247724318378779,-4.1469039529126475,7,0.8
468.5074227026196,-6.247136428146214,-4.1748403489571855,7,0.8
471.76614953317204,-6.2465660567298285,-4.203160592430249,7,0.8
475.04754260131557,-6.245976145772385,-4.231616799738155,7,0.8
478.3517595632003,-6.2453776908255225,-4.260285572430998,7,0.8
481.6789591715617,-6.244754190989349,-4.289055190751186,7,0.8
485.02930128334776,-6.244137405586715,-4.318146951133048,7,0.8
488.40294686739946,-6.243531634438537,-4.347595225910783,7,0.8
491.8000580121847,-6.242878964052284,-4.376997467503034,7,0.8
495.2207979335857,-6.242238982926765,-4.406773197115722,7,0.8
498.665330982741,-6.24158837934412,-4.4367617053408015,7,0.8
502.1338226539417,-6.240924589686449,-4.466947040672272,7,0.8
505.62643959258287,-6.240252022575323,-4.4973630650860095,7,0.8
509.14334960316967,-6.239561217681433,-4.527944016922226,7,0.8
512.68472165738,-6.238884527296432,-4.5589270184651935,7,0.8
516.2507259021829,-6.238170741245479,-4.589942806181061,7,0.8
519.841533668013,-6.237466272136293,-4.621332453163993,7,0.8
523.4573174770023,-6.236740822608989,-4.65287681760229,7,0.8
527.0982510512695,-6.236013031620487,-4.684716133815304,7,0.8
530.7645093212655,-6.235259563094121,-4.716679524657152,7,0.8
534.4562684341794,-6.234527278577339,-4.749120771206105,7,0.8
538.1737057624005,-6.233750716513544,-4.781551205282019,7,0.8
541.9169999120409,-6.232983918512529,-4.814380958385775,7,0.8
545.6863307315159,-6.232196560852298,-4.847383519629237,7,0.8
549.4818793201863,-6.231386461993145,-4.880543938924468,7,0.8
553.3038280370578,-6.230586873053615,-4.914121148491186,7,0.8
557.1523605095437,-6.229767458171863,-4.9478850001439225,7,0.8
561.027661642287,-6.22892614892642,-4.981821419560576,7,0.8
564.9299176260438,-6.228089361635869,-5.016140089637791,7,0.8
568.8593159466297,-6.227240966736105,-5.050718787264382,7,0.8
572.8160453939274,-6.226379048649796,-5.085545623357726,7,0.8
576.8002960709567,-6.225494571882146,-5.120551541498444,7,0.8
580.8122594030085,-6.224599965942305,-5.155838495091959,7,0.8
584.8521281468421,-6.223686266349758,-5.191337795735698,7,0.8
588.920096399946,-6.222773231072399,-5.22721255359898,7,0.8
593.0163596098636,-6.221837611521922,-5.26327822047724,7,0.8
597.1411145835832,-6.220913721167623,-5.299818754044517,7,0.8
601.2945594969942,-6.219949486061257,-5.336411369751156,7,0.8
605.4768939044083,-6.2189865684801156,-5.373401771518736,7,0.8
609.688318748147,-6.217994485690987,-5.410541495854216,7,0.8
613.9290363681965,-6.2169934107750215,-5.448001357095089,7,0.8
618.1992505119288,-6.215974606290111,-5.485712231602246,7,0.8
622.4991663438906,-6.214958469769892,-5.5238502061883885,7,0.8
626.8289904556613,-6.213907173425862,-5.562099552827009,7,0.8
631.1889308757782,-6.2128631308311775,-5.600824298586653,7,0.8
635.5791970797316,-6.21178115217465,-5.639642928860477,7,0.8
640.0000000000289,-6.210703885634818,-5.678924967255977,7,0.8
644.4515520363291,-6.20960811751952,-5.718475614880717,7,0.8
648.9340670656479,-6.20848524226199,-5.758223600768873,7,0.8
653.4477604526332,-6.207363578984611,-5.7984199997018715,7,0.8
657.9928490599125,-6.206212477213491,-5.8388012873263495,7,0.8
662.5695512585116,-6.20505302319255,-5.879556821660806,7,0.8
667.178086938348,-6.203869338203981,-5.920550800728548,7,0.8
671.8186775187937,-6.202667809696419,-5.961843844855786,7,0.8
676.4915459593144,-6.201454921903819,-6.003498643429557,7,0.8
681.1969167701814,-6.200214801184877,-6.045377273982971,7,0.8
685.935016023259,-6.198976489389835,-6.087746560983666,7,0.8
690.7060713628651,-6.197716695253042,-6.130401513519768,7,0.8
695.5103120167091,-6.196427031758988,-6.1732696919455785,7,0.8
700.3479688069056,-6.195121736914277,-6.216485446322718,7,0.8
705.2192741610634,-6.193815221003833,-6.260187272447293,7,0.8
710.1244621234536,-6.1924689442786205,-6.304024602867286,7,0.8
715.0637683662537,-6.191112510629493,-6.348275992326133,7,0.8
720.0374302008713,-6.189730089959125,-6.392799439022919,7,0.8
725.0456865893448,-6.188328672740444,-6.43766515398937,7,0.8
730.0887781558251,-6.186923021077683,-6.483018140169796,7,0.8
735.1669471981365,-6.185489667473715,-6.528642910018772,7,0.8
740.2804376994185,-6.1840434607845784,-6.574685659549954,7,0.8
745.4294953398465,-6.18256082531249,-6.62092700331334,7,0.8
750.6143675084376,-6.181064436101585,-6.667588850911558,7,0.8
755.8353033149348,-6.179553952240086,-6.714674558632465,7,0.8
761.0925536017771,-6.178013498029532,-6.762036717326233,7,0.8
766.3863709561504,-6.1764660900927035,-6.809904607295771,7,0.8
771.717009722123,-6.1748802443657125,-6.857977783696663,7,0.8
777.0847260128666,-6.173271256236381,-6.906410706872456,7,0.8
782.4897777229608,-6.171654624467308,-6.9553625276230395,7,0.8
787.9324245407837,-6.170006594693821,-7.0046058164051,7,0.8
793.412927960989,-6.168326922035349,-7.054143459823907,7,0.8
798.9315512970695,-6.166647144189469,-7.104296237534997,7,0.8
804.4885596940084,-6.164919584753578,-7.154594928673752,7,0.8
810.0842201410177,-6.163175889411441,-7.205362276103047,7,0.8
815.7188014843666,-6.1614080665905995,-7.256525139359612,7,0.8
821.392574440298,-6.159616093348337,-7.30809019896025,7,0.8
827.1058116080346,-6.157791919666979,-7.35998238015077,7,0.8
832.8587874828772,-6.155967842746898,-7.412538675317889,7,0.8
838.6517784693928,-6.154095506535046,-7.465272170986075,7,0.8
844.4850628946929,-6.152215454677892,-7.518605906488294,7,0.8
850.3589210218082,-6.150287168848079,-7.572129703639517,7,0.8
856.2736350631529,-6.148343322188507,-7.626188269880668,7,0.8
862.2294891940834,-6.146359541253293,-7.680536150739725,7,0.8
868.226769566552,-6.144377092407824,-7.735611909487564,7,0.8
874.2657643228554,-6.14233858631832,-7.790823325500211,7,0.8
880.3467636094787,-6.140277159670497,-7.846524808376152,7,0.8
886.4700595910348,-6.138193121348227,-7.902728335385665,7,0.8
892.635946464303,-6.136078455008574,-7.959357611282195,7,0.8
898.844720472362,-6.133933442396499,-8.016423797709509,7,0.8
905.096679918825,-6.131758393266913,-8.073938570775775,7,0.8
911.3921251821704,-6.1295452003327515,-8.131823436432287,7,0.8
917.7313587301744,-6.127328042727695,-8.19045451829852,7,0.8
924.1146851344428,-6.1250565499781064,-8.249299015251857,7,0.8
930.5424110850445,-6.122756480633463,-8.308642781263387,7,0.8
937.0148454052463,-6.120419713725759,-8.368406872867185,7,0.8
943.5322990663512,-6.1180724435439195,-8.42888599710978,7,0.8
950.0950852026382,-6.115672189072349,-8.489626585954445,7,0.8
956.7035191264079,-6.113245199752719,-8.550924444937891,7,0.8
963.3579183431307,-6.110774629191163,-8.612604262086327,7,0.8
970.0586025667028,-6.108278343190908,-8.674872332842801,7,0.8
976.8058937348063,-6.1057657380245445,-8.737843641498154,7,0.8
983.6001160243768,-6.103193516200508,-8.801048641465664,7,0.8
990.4415958671789,-6.100606162488358,-8.864991284793877,7,0.8
997.3306619654895,-6.097968957803039,-8.9292956433762,7,0.8
1004.267645307891,-6.0952912275464,-8.994075547965666,7,0.8
1011.2528791851732,-6.092573510906628,-9.05934741030317,7,0.8
1018.2866992063468,-6.089825370653518,-9.125229693652965,7,0.8
1025.3694433147675,-6.087056551396386,-9.191844300746263,7,0.8
1032.5014518043733,-6.084222522934705,-9.258699084723528,7,0.8
1039.6830673360337,-6.081360039412385,-9.32622086798417,7,0.8
1046.9146349540124,-6.078451575181701,-9.394222383976464,7,0.8
1054.1965021025467,-6.07552530271407,-9.46303670294222,7,0.8
1061.5290186425389,-6.072535986530028,-9.532159467557962,7,0.8
1068.9125368683667,-6.069502565503182,-9.60181831875145,7,0.8
1076.347411524809,-6.066435014928445,-9.672140080788896,7,0.8
1083.8339998240897,-6.063324765869252,-9.743038955681234,7,0.8
1091.37266146304,-6.060172517139684,-9.814535607930065,7,0.8
1098.9637586403808,-6.0569695302919,-9.88654164640009,7,0.8
1106.607656074124,-6.0537259273348765,-9.959187060375049,7,0.8
1114.3047210190957,-6.050442484625806,-10.032494330822862,7,0.8
1122.0553232845823,-6.047100797768342,-10.106262555232407,7,0.8
1129.859835252096,-6.043720713443449,-10.180736308632097,7,0.8
1137.7186318932681,-6.04031278982632,-10.256053527075357,7,0.8
1145.6320907878635,-6.036839057115638,-10.331784009400415,7,0.8
1153.600592141922,-6.0333195822765955,-10.408176539829018,7,0.8
1161.6245188060257,-6.029765007772569,-10.485370955665601,7,0.8
1169.704256293693,-6.026146588365041,-10.563043626076475,7,0.8
1177.840192799901,-6.022474810953453,-10.641332356873388,7,0.8
1186.032719219736,-6.018760396487009,-10.720378861575835,7,0.8
1194.2822291671753,-6.014984106653528,-10.799970784917287,7,0.8
1202.5891189939975,-6.01115665824441,-10.880250242466026,7,0.8
1210.9537878088256,-6.007278834842705,-10.961242304744315,7,0.8
1219.3766374963034,-6.003371920710132,-11.04321648202522,7,0.8
1227.8580727364024,-5.999385627630264,-11.125590472720292,7,0.8
1236.3985010238666,-5.9953513580770315,-11.2087543887835,7,0.8
1244.9983326877905,-5.9912595908668775,-11.292611351026299,7,0.8
1253.657980911332,-5.987111066436598,-11.377187008579405,7,0.8
1262.377861751566,-5.982896013699338,-11.462381357027846,7,0.8
1271.1583941594727,-5.978636236711383,-11.548472994615,7,0.8
1280.0000000000673,-5.974311416273911,-11.63523600907476,7,0.8
1288.9031040726677,-5.969943664014625,-11.722953883388396,7,0.8
1297.8681341313059,-5.965501668005677,-11.811268504493649,7,0.8
1306.8955209052763,-5.960996796868488,-11.900334725461866,7,0.8
1315.9856981198345,-5.9564297805796755,-11.990179952037064,7,0.8
1325.1391025170333,-5.9518013753889285,-12.080832234640651,7,0.8
1334.3561738767062,-5.947112365035226,-12.1723202752296,7,0.8
1343.6373550375972,-5.942352420878237,-12.264538851273933,7,0.8
1352.9830919186386,-5.937533380623133,-12.35765066453691,7,0.8
1362.393833540373,-5.932667400527663,-12.451822900125947,7,0.8
1371.8700320465282,-5.927710159537444,-12.546539944894649,7,0.8
1381.4121427257405,-5.922696225028039,-12.642240433393908,7,0.8
1391.0206240334287,-5.917603529225895,-12.73867821648879,7,0.8
1400.6959376138216,-5.9124441930412335,-12.836021193726317,7,0.8
1410.4385483221372,-5.907219005510353,-12.934300465770592,7,0.8
1420.2489242469178,-5.9019170322771854,-13.033405391242654,7,0.8
1430.1275367325184,-5.896538879032896,-13.133365405365018,7,0.8
1440.0748604017533,-5.891097097952704,-13.234355052209837,7,0.8
1450.0913731787002,-5.8855805974777065,-13.336262682434503,7,0.8
1460.177556311661,-5.880002161412841,-13.439266254305583,7,0.8
1470.3338943962842,-5.8743384152299685,-13.543105904591119,7,0.8
1480.560875398848,-5.868589848504472,-13.64781132261483,7,0.8
1490.8589906797042,-5.86275697521378,-13.753412849130077,7,0.8
1501.2287350168863,-5.856852787311846,-13.860092207228154,7,0.8
1511.670606629881,-5.850878132598446,-13.96788428016397,7,0.8
1522.1851072035656,-5.844808614274555,-14.076518929879352,7,0.8
1532.772741912312,-5.838657314117102,-14.186179936858732,7,0.8
1543.4340194442575,-5.83242489360135,-14.296901053553908,7,0.8
1554.1694520257447,-5.826112047089924,-14.408716738690195,7,0.8
1564.9795554459333,-5.819719503944326,-14.521662164616293,7,0.8
1575.8648490815792,-5.813221746410555,-14.635456468714978,7,0.8
1586.8258559219898,-5.806685182893464,-14.750927052940947,7,0.8
1597.863102594151,-5.800018132316325,-14.866996979927446,7,0.8
1608.9771193880288,-5.793260570362212,-14.984176044734472,7,0.8
1620.1684402820476,-5.786426653576775,-15.10266254565379,7,0.8
1631.4376029687455,-5.779489966411456,-15.222167885573457,7,0.8
1642.7851488806082,-5.77246462659174,-15.34289067563323,7,0.8
1654.2116232160815,-5.765337412126459,-15.46470207565774,7,0.8
1665.7175749657672,-5.758150805673209,-15.58813967887833,7,0.8
1677.303556938798,-5.750835528433953,-15.712405752767861,7,0.8
1688.9701257893985,-5.743419862468323,-15.83786940028153,7,0.8
1700.7178420436294,-5.735918693470118,-15.964738815297068,7,0.8
1712.5472701263188,-5.72830386808434,-16.09271058409734,7,0.8
1724.4589783881795,-5.720590223397657,-16.22199320633559,7,0.8
1736.453539133117,-5.71277836084742,-16.352625969453644,7,0.8
1748.531528645724,-5.704868925291714,-16.484648943245357,7,0.8
1760.6935272189705,-5.696847552528387,-16.61792565341677,7,0.8
1772.940119182083,-5.688714568212413,-16.752494007387092,7,0.8
1785.2718929286193,-5.680485666180007,-16.888572538805608,7,0.8
1797.6894409447373,-5.672146199567502,-17.026023388938704,7,0.8
1810.1933598376636,-5.663680997781578,-17.16470442237835,7,0.8
1822.7842503643546,-5.65512164348121,-17.305020246496678,7,0.8
1835.4627174603627,-5.646437283594928,-17.446646633109253,7,0.8
1848.2293702688994,-5.637692321892201,-17.590367583660147,7,0.8
1861.0848221701028,-5.628775215459363,-17.73492518077028,7,0.8
1874.0296908105065,-5.61976668643224,-17.881292697888426,7,0.8
1887.0645981327166,-5.610618319740896,-18.028948577078527,7,0.8
1900.190170405291,-5.60136334555613,-18.17831413332316,7,0.8
1913.4070382528298,-5.591985735607501,-18.329243408047912,7,0.8
1926.715836686276,-5.582485891644627,-18.48178023356522,7,0.8
1940.1172051334202,-5.57286426653829,-18.635969313382503,7,0.8
1953.611787469627,-5.56312136718189,-18.79185623654867,7,0.8
1967.2002320487684,-5.55324018954755,-18.949289074087627,7,0.8
1980.8831917343723,-5.543238562266529,-19.108510872234703,7,0.8
1994.661323930994,-5.533117163385826,-19.26956993944963,7,0.8
2008.535290615797,-5.522858615208133,-19.432312918909137,7,0.8
2022.5057583703617,-5.512463158389824,-19.596785782462298,7,0.8
2036.573398412709,-5.5019495964559875,-19.763240870803433,7,0.8
2050.7388866295505,-5.491300168470508,-19.931523436772526,7,0.8
2065.0029036087626,-5.480515296719072,-20.101682298885475,7,0.8
2079.366134672083,-5.4695954676658065,-20.27376724800554,7,0.8
2093.8292699080407,-5.458521910033561,-20.44761785768039,7,0.8
2108.3930042051093,-5.447372765844553,-20.62413219587438,7,0.8
2123.0580372850936,-5.436032143175665,-20.802091453000536,7,0.8
2137.82507373675,-5.424558789364539,-20.982183065410272,7,0.8
2152.6948230496346,-5.41293335582255,-21.164244817767475,7,0.8
2167.6679996481957,-5.401156097607584,-21.34832818539099,7,0.8
2182.7453229260964,-5.389248004020243,-21.534705770301183,7,0.8
2197.927517280778,-5.377189280534368,-21.723214087073696,7,0.8
2213.2153121482643,-5.365001559389241,-21.91413091947121,7,0.8
2228.6094420382083,-5.352643361189306,-22.10706738359992,7,0.8
2244.1106465691814,-5.340136243888336,-22.30230196973222,7,0.8
2259.7196705042093,-5.32748095242416,-22.499892722064022,7,0.8
2275.4372637865536,-5.314678328241845,-22.699898840885687,7,0.8
2291.2641815757443,-5.301729314667113,-22.902380701536213,7,0.8
2307.2011842838615,-5.288612263452473,-23.107167573544938,7,0.8
2323.2490376120686,-5.2753504862864995,-23.314551427792484,7,0.8
2339.4085125874035,-5.261921995208162,-23.524360847415586,7,0.8
2355.6803855998196,-5.248350867747369,-23.73689336303725,7,0.8
2372.0654384394898,-5.234614779253334,-23.951976929079184,7,0.8
2388.5644583343683,-5.220738618808978,-24.169914735142175,7,0.8
2405.178237988013,-5.2066752938440555,-24.390292468409516,7,0.8
2421.9075756176694,-5.192474371480008,-24.61365760962779,7,0.8
2438.753274992625,-5.178087790989165,-24.839592161652487,7,0.8
2455.716145472823,-5.1635666138854415,-25.06865259785133,7,0.8
2472.797002047752,-5.148861792782927,-25.30041729131694,7,0.8
2489.9966653755996,-5.133999920248246,-25.535202181107,7,0.8
2507.3159618226828,-5.11898268516557,-25.773079747727795,7,0.8
2524.755723503151,-5.103785214419695,-26.01387107003936,7,0.8
2542.3167883189644,-5.0885167904927435,-26.258664399488946,7,0.8
2560.0000000001537,-5.072990767113577,-26.50575879163116,7,0.8
2577.806208145355,-5.057316406084393,-26.756243842750763,7,0.8
2595.736268262631,-5.04149626477626,-27.010199354807533,7,0.8
2613.7910418105726,-5.025475991344645,-27.267185044988594,7,0.8
2631.971396239689,-5.0093141415691536,-27.527799009065742,7,0.8
2650.2782050340866,-4.993013892045307,-27.79212567295519,7,0.8
2668.7123477534324,-4.97651916689615,-28.059719899010837,7,0.8
2687.274710075215,-4.959861331559288,-28.330926930396448,7,0.8
2705.9661838372976,-4.943043022541246,-28.605831244301214,7,0.8
2724.7876670807664,-4.926098113651671,-28.884789255305048,7,0.8
2743.740064093077,-4.908968138532253,-29.167349728039596,7,0.8
2762.824285451502,-4.891655155213575,-29.45359743990428,7,0.8
2782.0412480668783,-4.8742261195436125,-29.744168814899062,7,0.8
2801.391875227664,-4.856620704640086,-30.03860836882563,7,0.8
2820.8770966442953,-4.838874985140242,-30.337284113941966,7,0.8
2840.4978484938565,-4.820993460099589,-30.64029237948085,7,0.8
2860.2550734650586,-4.802946711908759,-30.94745020646918,7,0.8
2880.1497208035285,-4.784738411684416,-31.258852940745403,7,0.8
2900.1827463574223,-4.76640778323898,-31.574881733907816,7,0.8
2920.355112623344,-4.747924902235295,-31.89535453547133,7,0.8
2940.6677887925907,-4.729294421729654,-32.220372162626376,7,0.8
2961.121750797718,-4.710558184418778,-32.550325551286804,7,0.8
2981.717981359431,-4.6916484359105155,-32.88474408277096,7,0.8
3002.4574700337953,-4.672645184551001,-33.224312011291126,7,0.8
3023.3412132597846,-4.6535177909155765,-33.568849224772926,7,0.8
3044.3702144071544,-4.634272881226396,-33.91846571306876,7,0.8
3065.545483824648,-4.614917529419684,-34.273273289133556,7,0.8
3086.868038888538,-4.5954592787379465,-34.633385570268196,7,0.8
3108.338904051513,-4.575865246799294,-34.998620532670074,7,0.8
3129.9591108918903,-4.556225188294637,-35.369688999863754,7,0.8
3151.7296981631816,-4.5364657047625565,-35.74611388917729,7,0.8
3173.651711844004,-4.516637326968496,-36.12831330224305,7,0.8
3195.726205188326,-4.496706754712395,-36.51610763652946,7,0.8
3217.954238776082,-4.476771129914893,-36.91022361890571,7,0.8
3240.3368805641194,-4.456709335221515,-37.30987801255439,7,0.8
3262.8752059375156,-4.436665992829894,-37.71610665715634,7,0.8
3285.570297761241,-4.416517136539761,-38.12812366230974,7,0.8
3308.4232464321876,-4.396365933434182,-38.54666687319768,7,0.8
3331.435149931559,-4.376226569275445,-38.971867540763,7,0.8
3354.607113877621,-4.356065506222382,-39.40355009509266,7,0.8
3377.9402515788224,-4.335896228741028,-39.841846014387755,7,0.8
3401.4356840872842,-4.315783047762313,-40.28719711063693,7,0.8
3425.094540252663,-4.295692546640513,-40.73942912729968,7,0.8
3448.9179567763854,-4.275640649976204,-41.19867672553349,7,0.8
3472.9070782662598,-4.255644147037046,-41.665075424016884,7,0.8
3497.0630572914743,-4.235720725113948,-42.13876144024891,7,0.8
3521.387054437968,-4.215889002950474,-42.61987151966297,7,0.8
3545.880238364193,-4.196168564821267,-43.10854274487041,7,0.8
3570.543785857265,-4.176579994568526,-43.604912329937655,7,0.8
3595.378881889502,-4.157144909892081,-44.109117394465414,7,0.8
3620.3867196753545,-4.137885996335767,-44.62129472078755,7,0.8
3645.5685007287366,-4.118827041337482,-45.14158048787749,7,0.8
3670.9254349207527,-4.099933412524375,-45.669800776377194,7,0.8
3696.458740537827,-4.081288867189029,-46.206400168794936,7,0.8
3722.1696443402334,-4.062920657801826,-46.75151162762363,7,0.8
3748.0593816210417,-4.04485726917633,-47.30526625633479,7,0.8
3774.129196265462,-4.02712844832191,-47.86779292110533,7,0.8
3800.3803408106105,-4.009700828208044,-48.43891319420729,7,0.8
3826.8140765056887,-3.992603743898643,-49.018754279082664,7,0.8
3853.43167337258,-3.976000661700168,-49.60804441470974,7,0.8
3880.2344102668694,-3.959727288117328,-50.205994829550065,7,0.8
3907.223574939284,-3.944019289967726,-50.813623086778385,7,0.8
3934.400464097566,-3.9287089271278752,-51.430142032072936,7,0.8
3961.7663834687746,-3.9139702537741976,-52.05625460660301,7,0.8
3989.322647862018,-3.899843835321935,-52.692057396062935,7,0.8
4017.070581231624,-3.886298922367077,-53.33735120767244,7,0.8
4045.011516740754,-3.873375696422095,-53.99222693892674,7,0.8
4073.1467968254487,-3.861190639183349,-54.65705196671205,7,0.8
4101.477773259132,-3.8497139716804183,-55.3316133207997,7,0.8
4130.005807217556,-3.838990029585851,-56.015979014769094,7,0.8
4158.732269344197,-3.829064501981269,-56.710208316960006,7,0.8
4187.658539816113,-3.819984408993768,-57.414351060909866,7,0.8
4216.78600841025,-3.811878478828703,-58.12871180924203,7,0.8
4246.116074570219,-3.8047180936605085,-58.85304575633198,7,0.8
4275.650147473531,-3.798554052198193,-59.587369400513914,7,0.8
4305.389646099301,-3.793438312322814,-60.331686892274874,7,0.8
4335.335999296423,-3.7894239277825283,-61.08598929458441,7,0.8
4365.4906458522255,-3.786564975222783,-61.85025384756464,7,0.8
4395.8550345615895,-3.78509037201201,-62.62491269992315,7,0.8
4426.430624296562,-3.7847103116825225,-63.408962461086595,7,0.8
4457.21888407645,-3.785653149835286,-64.20281536949395,7,0.8
4488.2212931383965,-3.787886016762042,-65.0061701057728,7,0.8
4519.439341008452,-3.791645843822256,-65.81936312579535,7,0.8
4550.874527573141,-3.796901679745303,-66.64205143905725,7,0.8
4582.528363151522,-3.8036187484365005,-67.47390114548253,7,0.8
4614.402368567757,-3.8119466553783514,-68.31496457682073,7,0.8
4646.498075224173,-3.821943791200018,-69.1650652874418,7,0.8
4678.817025174842,-3.833668285201065,-70.02400702293765,7,0.8
4711.360771199674,-3.847177821673735,-70.89157341198795,7,0.8
4744.130876879015,-3.862431780685138,-71.76737320071335,7,0.8
4777.128916668773,-3.8795824032686896,-72.65132149148602,7,0.8
4810.356475976061,-3.8985856945500297,-73.54300477266287,7,0.8
4843.815151235375,-3.919593469049174,-74.44228086320281,7,0.8
4877.506549985286,-3.9426584270783716,-75.34883270016867,7,0.8
4911.432290945683,-3.9678316064329167,-76.26232315551431,7,0.8
4945.594004095541,-3.9950601475689327,-77.18229765906626,7,0.8
4979.9933307512365,-4.024491978627875,-78.10849846961,7,0.8
5014.631923645403,-4.056068872452093,-79.04045452538345,7,0.8
5049.511447006339,-4.0898317755136375,-79.97778583428646,7,0.8
5084.633576637967,-4.126027311053027,-80.92020813729484,7,0.8
5120.000000000346,-4.164380448844675,-81.86711013624621,7,0.8
5155.612416290749,-4.205132584007502,-82.81816674315793,7,0.8
5191.4725365253,-4.248314649230248,-83.77290589978922,7,0.8
5227.582083621183,-4.293848939078587,-84.73083139751668,7,0.8
5263.942792479418,-4.341758957374458,-85.69148146746122,7,0.8
5300.556410068212,-4.392170373212664,-86.65437416990454,7,0.8
5337.424695506905,-4.4449945162572995,-87.61901887540301,7,0.8
5374.54942015047,-4.500349954892002,-88.58489659619447,7,0.8
5411.932367674636,-4.558035011690645,-89.55157330873283,7,0.8
5449.575334161574,-4.618371685603355,-90.51842036826605,7,0.8
5487.480128186196,-4.681045571921814,-91.48507823887202,7,0.8
5525.648570903045,-4.746265296027688,-92.45092771572773,7,0.8
5564.082496133798,-4.8139199682529545,-93.4155321000375,7,0.8
5602.78375045537,-4.8840003828526,-94.37840136756216,7,0.8
5641.754193288633,-4.956493741477449,-95.3390502139024,7,0.8
5680.995696987757,-5.031487063585523,-96.29687616516303,7,0.8
5720.51014693016,-5.108856197105541,-97.25150971714464,7,0.8
5760.2994416071,-5.1885778847685495,-98.2024890184395,7,0.8
5800.365492714889,-5.270625654496701,-99.1493626804741,7,0.8
5840.710225246731,-5.354969952323506,-100.09169102139667,7,0.8
5881.335577585225,-5.441578288360901,-101.02904722488252,7,0.8
5922.243501595481,-5.53051485854514,-101.96083320473382,7,0.8
5963.435962718906,-5.621640705513905,-102.88681700779694,7,0.8
6004.914940067636,-5.714817586760912,-103.80682123922766,7,0.8
6046.682426519615,-5.810199327169679,-104.72008179248415,7,0.8
6088.740428814354,-5.9076425370032,-105.62644568563773,7,0.8
6131.090967649341,-6.007100620940599,-106.52558290252527,7,0.8
6173.736077777122,-6.108525316161147,-107.41718160352747,7,0.8
6216.6778081030725,-6.211866887054262,-108.30094845191897,7,0.8
6259.918221783827,-6.3170743190296115,-109.17660883666242,7,0.8
6303.4593963264115,-6.424004595776384,-110.04416920706637,7,0.8
6347.303423688055,-6.532787638243377,-110.90287544895335,7,0.8
6391.4524103767,-6.643277740608914,-111.75276423923071,7,0.8
6435.9084775522115,-6.7554206441220686,-112.59363619290079,7,0.8
6480.673761128287,-6.869161722644318,-113.42531037794083,7,0.8
6525.750411875079,-6.984360887437103,-114.2479192723946,7,0.8
6571.140595522531,-7.1011349546917915,-115.06073314710248,7,0.8
6616.846492864425,-7.2192598242754595,-115.86422008821185,7,0.8
6662.870299863169,-7.338766240256049,-116.6579733188588,7,0.8
6709.214227755292,-7.459680552038961,-117.44158117991007,7,0.8
6755.880503157695,-7.581786873399576,-118.21559285860425,7,0.8
6802.871368174619,-7.7051138282890825,-118.97963272036388,7,0.8
6850.189080505378,-7.829532147691518,-119.73398104033501,7,0.8
6897.835913552822,-7.955145205048297,-120.47794710527192,7,0.8
6945.814156532571,-8.081749709128616,-121.2121715330009,7,0.8
6994.126114583001,-8.209372745841476,-121.93631474107931,7,0.8
7042.774108875988,-8.337965522599614,-122.65037883857924,7,0.8
7091.760476728439,-8.467480308557512,-123.35437734644468,7,0.8
7141.087571714584,-8.597870484316438,-124.04833453383272,7,0.8
7190.757763779057,-8.729022081095748,-124.73263608291525,7,0.8
7240.773439350762,-8.860961666174369,-125.40697884012992,7,0.8
7291.137001457528,-8.993646149708791,-126.07141478251522,7,0.8
7341.850869841561,-9.126968656798383,-126.72636135965793,7,0.8
7392.917481075709,-9.261019762362787,-127.37117341194185,7,0.8
7444.339288680522,-9.39563119991591,-128.00664147310556,7,0.8
7496.118763242139,-9.530829875276742,-128.6324889820807,7,0.8
7548.258392530979,-9.666518406242808,-129.24916504543785,7,0.8
7600.760681621277,-9.802723917657339,-129.8564009385837,7,0.8
7653.628153011434,-9.939412035466455,-130.4542930857216,7,0.8
7706.863346745218,-10.076492320519879,-131.04330695673235,7,0.8
7760.468820533797,-10.213992270699801,-131.62318357551314,7,0.8
7814.447149878626,-10.351881151173908,-132.1940308742486,7,0.8
7868.800928195191,-10.490075207112541,-132.75632533929073,7,0.8
7923.532766937609,-10.62860228361588,-133.30981537475606,7,0.8
7978.645295724095,-10.767382887680125,-133.8549820941894,7,0.8
8034.141162463309,-10.906445042611788,-134.39157759338266,7,0.8
8090.023033481568,-11.04576365762039,-134.91972112208697,7,0.8
8146.293593650958,-11.185265351809369,-135.43989759871388,7,0.8
8202.955546518326,-11.32497835957125,-135.95186348417394,7,0.8
8260.011614435174,-11.464880676392431,-136.45574118183129,7,0.8
8317.464538688457,-11.60490464525919,-136.9520159987623,7,0.8
8375.317079632288,-11.745032836172776,-137.44080887091184,7,0.8
8433.572016820564,-11.885293559791037,-137.92187991614006,7,0.8
8492.232149140504,-12.025668495896921,-138.39535228937737,7,0.8
8551.300294947127,-12.16609696573331,-138.86170742689043,7,0.8
8610.779292198666,-12.306607222563146,-139.32070725742142,7,0.8
8670.671998592914,-12.447141811910342,-139.77282984441308,7,0.8
8730.981291704516,-12.58772886864972,-140.21783789254923,7,0.8
8791.710069123244,-12.728313990474312,-140.65620531991092,7,0.8
8852.86124859319,-12.868925144703576,-141.08769540584234,7,0.8
8914.437768152968,-13.009510813970557,-141.51277727109328,7,0.8
8976.44258627686,-13.150098751730583,-141.93121462368865,7,0.8
9038.878682016972,-13.290714433368025,-142.3427758533825,7,0.8
9101.74905514635,-13.431235422281505,-142.74861891055878,7,0.8
9165.056726303115,-13.57169118424287,-143.14850333748697,7,0.8
9228.804737135582,-13.712108919430158,-143.54219344619187,7,0.8
9292.996150448414,-13.852444821998587,-143.93014105883879,7,0.8
9357.634050349754,-13.992725760076652,-144.3121107381146,7,0.8
9422.721542399418,-14.13291020708661,-144.68854785942955,7,0.8
9488.261753758103,-14.27299213323655,-145.05955324029676,7,0.8
9554.257833337617,-14.412997831071339,-145.42489179741926,7,0.8
9620.712951952195,-14.552920260435666,-145.7846663960757,7,0.8
9687.630302470823,-14.692691306673884,-146.1396394691741,7,0.8
9755.013099970645,-14.832398740052463,-146.48891345808042,7,0.8
9822.864581891441,-14.971946139537364,-146.8335725180715,7,0.8
9891.188008191157,-15.11138948077064,-147.17305185386746,7,0.8
9959.98666150255,-15.250723595758934,-147.50744621028383,7,0.8
10029.26384729088,-15.38988763005738,-147.83749105347817,7,0.8
10099.022894012754,-15.528962681618106,-148.16230866745718,7,0.8
10169.26715327601,-15.667862004878057,-148.48294665311897,7,0.8
10240.000000000768,-15.806637660361428,-148.79885094153764,7,0.8
10311.224832581574,-15.945259945463743,-149.1104216397826,7,0.8
10382.945073050678,-16.083752419404835,-149.4174265264123,7,0.8
10455.164167242447,-16.222086825566176,-149.7202586560952,7,0.8
10527.885584958914,-16.360261603437582,-150.0189941388772,7,0.8
10601.112820136505,-16.498299555685872,-150.3134019417401,7,0.8
10674.849391013888,-16.636174423917943,-150.6038646273042,7,0.8
10749.098840301021,-16.773908509995252,-150.890152074712,7,0.8
10823.864735349352,-16.911453903750836,-151.1729396331642,7,0.8
10899.15066832323,-17.048856121513733,-151.45169455484384,7,0.8
10974.960256372473,-17.186113380996844,-151.72648991402062,7,0.8
11051.297141806172,-17.32320239063522,-151.9976911686727,7,0.8
11128.16499226768,-17.460122877558494,-152.26536270044903,7,0.8
11205.567500910824,-17.59687468436237,-152.52956753507468,7,0.8
11283.508386577352,-17.733478315023603,-152.79007944443487,7,0.8
11361.991393975597,-17.869912543730017,-153.04725064373483,7,0.8
11441.020293860403,-18.006177543147604,-153.30114023159186,7,0.8
11520.598883214287,-18.142293059396174,-153.55152396371247,7,0.8
11600.730985429864,-18.278258413654697,-153.79846425876033,7,0.8
11681.420450493551,-18.414054242685175,-154.04230052110276,7,0.8
11762.671155170538,-18.549662613050543,-154.28336324951846,7,0.8
11844.48700319105,-18.685121412419676,-154.52115095955952,7,0.8
11926.871925437901,-18.82041251306907,-154.7559937857363,7,0.8
12009.82988013536,-18.955536653445012,-154.98794253019634,7,0.8
12093.36485303932,-19.09051185308366,-155.21677821732803,7,0.8
12177.4808576288,-19.22532114058815,-155.44282196885953,7,0.8
12262.181935298773,-19.35996543141797,-155.66612138514222,7,0.8
12347.472155554336,-19.49444568670465,-155.88672305420565,7,0.8
12433.355616206238,-19.628778977408302,-156.1044113552619,7,0.8
12519.836443567749,-19.762949728544676,-156.3194958294714,7,0.8
12606.918792652916,-19.896959035545002,-156.53202013210134,7,0.8
12694.606847376202,-20.030808027151814,-156.7420269933518,7,0.8
12782.904820753494,-20.164512860589404,-156.94930435058157,7,0.8
12871.816955104521,-20.298044473232455,-157.15440273275885,7,0.8
12961.347522256672,-20.431448322721142,-157.35660594552985,7,0.8
13051.500823750257,-20.56468143096289,-157.5567094395653,7,0.8
13142.28119104516,-20.69775981369929,-157.75449951631322,7,0.8
13233.69298572895,-20.830698534999506,-157.9497688007013,7,0.8
13325.740599726436,-20.96348466899083,-158.14280254939385,7,0.8
13418.428455510686,-21.096119553311773,-158.33363675510535,7,0.8
13511.761006315492,-21.228617630721406,-158.52206694269935,7,0.8
13605.74273634934,-21.360953862459002,-158.70860878057664,7,0.8
13700.378161010858,-21.49318091311911,-158.8923457703638,7,0.8
13795.671827105747,-21.625236028522828,-159.07449921742935,7,0.8
13891.628313065248,-21.75715859937405,-159.2543926301741,7,0.8
13988.252229166108,-21.88892534542152,-159.43252517636975,7,0.8
14085.548217752083,-22.020561969154635,-159.60846380532962,7,0.8
14183.520953456982,-22.152057655007006,-159.78247179964774,7,0.8
14282.175143429275,-22.283413832349872,-159.9545789346415,7,0.8
14381.515527558222,-22.414631931910858,-160.12481438024219,7,0.8
14481.546878701633,-22.545713384853244,-160.29320671471652,7,0.8
14582.274002915165,-22.6766705231182,-160.45956258003417,7,0.8
14683.70173968323,-22.807493519280015,-160.62413397661533,7,0.8
14785.834962151528,-22.938183810387336,-160.78694775711205,7,0.8
14888.678577361155,-23.068742830440236,-160.94803023616288,7,0.8
14992.23752648439,-23.19917200969568,-161.1074072036112,7,0.8
15096.516785062071,-23.32948281815711,-161.26489047931958,7,0.8
15201.521363242668,-23.45966630813526,-161.42072139058098,7,0.8
15307.256306022984,-23.589714181094283,-161.57513456374676,7,0.8
15413.726693490553,-23.7196474565311,-161.7277315040608,7,0.8
15520.93764106771,-23.849485901467844,-161.87812543305492,7,0.8
15628.894299757369,-23.979173991208317,-162.0275877095369,7,0.8
15737.6018563905,-24.10875093425421,-162.17530986674848,7,0.8
15847.065533875337,-24.238199745680493,-162.32172403169164,7,0.8
15957.29059144831,-24.36753989189104,-162.46644454417643,7,0.8
16068.282324926739,-24.49676363762134,-162.60969684224395,7,0.8
16180.046066963258,-24.62587235196338,-162.75150162387632,7,0.8
16292.587187302037,-24.754867394462956,-162.89187919128858,7,0.8
16405.911093036775,-24.883774948576047,-163.03026265120653,7,0.8
16520.023228870472,-25.012546293821558,-163.1678494137507,7,0.8
16634.92907737704,-25.141216011413576,-163.3038747767927,7,0.8
16750.634159264704,-25.26977714887483,-163.43855312006397,7,0.8
16867.144033641256,-25.398231020888055,-163.57190286882675,7,0.8
16984.464298281135,-25.526578931142375,-163.70394210402287,7,0.8
17102.600589894384,-25.654822172178044,-163.8346885704984,7,0.8
17221.558584397462,-25.782969433701584,-163.96397379281936,7,0.8
17341.343997185955,-25.911007052866573,-164.09218799564195,7,0.8
17461.962583409164,-26.03895099314998,-164.21897750283023,7,0.8
17583.42013824662,-26.16679509870018,-164.34454465033457,7,0.8
17705.72249718651,-26.29454061029419,-164.46890558255575,7,0.8
17828.875536306066,-26.422188756826372,-164.59207615091216,7,0.8
17952.885172553855,-26.54975424111539,-164.71371599590003,7,0.8
18077.75736403408,-26.677211087545693,-164.8345548252766,7,0.8
18203.498110292836,-26.804580723267705,-164.95407373487473,7,0.8
18330.113452606365,-26.931851156356274,-165.07263953048835,7,0.8
18457.609474271307,-27.0590365299752,-165.1899171479358,7,0.8
18585.99230089697,-27.186131469956408,-165.3060961813695,7,0.8
18715.26810069965,-27.31313712586507,-165.4211905777219,7,0.8
18845.44308479898,-27.440054635099553,-165.53521403906836,7,0.8
18976.523507516347,-27.566885122905585,-165.64818002814604,7,0.8
19108.51566667538,-27.693629702398294,-165.760101773655,7,0.8
19241.425903904536,-27.820289474593046,-165.87099227527074,7,0.8
19375.260604941792,-27.946882587444417,-165.9803713386876,7,0.8
19510.026199941436,-28.073375739609233,-166.0892410132688,7,0.8
19645.729163783028,-28.199792833965432,-166.196955128072,7,0.8
19782.376016382463,-28.326123810758332,-166.3038509075207,7,0.8
19919.973323005244,-28.45238065869809,-166.409617502156,7,0.8
20058.527694581913,-28.5785588966975,-166.51442857422356,7,0.8
20198.045788025658,-28.704659546192257,-166.61829562693507,7,0.8
20338.53430655217,-28.830683616830814,-166.72122997119573,7,0.8
20480.00000000169,-28.95663713785956,-166.8230876370434,7,0.8
20622.4496651633,-29.082510956952138,-166.92419086297346,7,0.8
20765.890146101516,-29.20832091867886,-167.02408844941152,7,0.8
20910.32833448505,-29.33405312370791,-167.12325288537573,7,0.8
21055.771169917985,-29.459708747871574,-167.22169125960917,7,0.8
21202.22564027317,-29.585298276024098,-167.31911134033444,7,0.8
21349.698782027936,-29.710817833591214,-167.41567494936922,7,0.8
21498.197680602203,-29.836268341966043,-167.51139197382446,7,0.8
21647.72947069887,-29.961650711395702,-167.60627214223913,7,0.8
21798.301336646622,-30.086965841076644,-167.7003250276351,7,0.8
21949.920512745113,-30.212218944033765,-167.79341573825968,7,0.8
22102.59428361251,-30.337402183488557,-167.88584320447032,7,0.8
22256.32998453553,-30.46252081644148,-167.97747119757946,7,0.8
22411.135001821818,-30.587575698809296,-168.0683086998915,7,0.8
22567.01677315487,-30.712571748536828,-168.1582243302229,7,0.8
22723.98278795137,-30.837501594700974,-168.2475082430085,7,0.8
22882.04058772098,-30.9623741483825,-168.3358895495723,7,0.8
23041.197766428744,-31.087186154003753,-168.4235168889075,7,0.8
23201.4619708599,-31.21194225450116,-168.51026229190902,7,0.8
23362.840900987278,-31.33663551740763,-168.5964074027672,7,0.8
23525.342310341253,-31.461270623169813,-168.68182302125035,7,0.8
23688.974006382276,-31.58585201687145,-168.7663837047504,7,0.8
23853.743850875984,-31.710373074267043,-168.85036491382726,7,0.8
24019.6597602709,-31.834838275892892,-168.93364001097208,7,0.8
24186.729706078822,-31.959248369172993,-169.01621656003007,7,0.8
24354.96171525778,-32.08360409200485,-169.09810201217834,7,0.8
24524.363870597732,-32.207906172853534,-169.17930370863556,7,0.8
24694.944311108862,-32.33215868667207,-169.2597011303621,7,0.8
24866.711232412665,-32.45636219555459,-169.33930413427913,7,0.8
25039.672887135683,-32.58051074089728,-169.4183743105754,7,0.8
25213.837585306024,-32.70460516223149,-169.4969158508043,7,0.8
25389.213694752598,-32.82865261221482,-169.57468458144314,7,0.8
25565.809641507185,-32.9526473919756,-169.65193641451071,7,0.8
25743.63391020923,-33.076596448375454,-169.7284305408318,7,0.8
25922.695044513537,-33.20050332986606,-169.80405457986976,7,0.8
26103.00164750071,-33.32435649221615,-169.87930277178575,7,0.8
26284.562382090517,-33.4481627198286,-169.9539366595753,7,0.8
26467.385971458098,-33.571922645967106,-170.0279624835945,7,0.8
26651.481199453076,-33.69563689561511,-170.10138639671956,7,0.8
26836.856911021572,-33.819306085575576,-170.1742144657153,7,0.8
27023.522012631187,-33.94293636719214,-170.24621979917978,7,0.8
27211.485472698885,-34.06651717533106,-170.31787569627383,7,0.8
27400.75632202192,-34.19005472727317,-170.38895343744892,7,0.8
27591.3436542117,-34.313549608024125,-170.4594587609994,7,0.8
27783.256626130707,-34.4370050086812,-170.5292841569318,7,0.8
27976.504458332423,-34.56042138529723,-170.59843761312666,7,0.8
28171.096435504372,-34.683791573862656,-170.667261723097,7,0.8
28367.04190691418,-34.807128862527165,-170.73520323269017,7,0.8
28564.35028685876,-34.93041867847876,-170.8029345471023,7,0.8
28763.031055116662,-35.05367160794116,-170.87001701717557,7,0.8
28963.093757403483,-35.176885683478055,-170.93656662426108,7,0.8
29164.548005830547,-35.30005907207086,-171.0026961781119,7,0.8
29367.403479366687,-35.42320170172485,-171.06798078042578,7,0.8
29571.669924303278,-35.54630231829097,-171.13296305883367,7,0.8
29777.35715472254,-35.66936388938278,-171.19753799326045,7,0.8
29984.475052969006,-35.79239146693132,-171.26149887519347,7,0.8
30193.03357012437,-35.91538764160154,-171.3247488071451,7,0.8
30403.042726485564,-36.038344055866034,-171.38770970641986,7,0.8
30614.512612046197,-36.1612656441872,-171.450176907727,7,0.8
30827.45338698134,-36.284152880027406,-171.51215502007318,7,0.8
31041.875282135654,-36.40701037394041,-171.573446539327,7,0.8
31257.788599514974,-36.52983024025978,-171.6344614807408,7,0.8
31475.203712781236,-36.65261713735014,-171.6950007836408,7,0.8
31694.13106775091,-36.77537151354692,-171.75506881470403,7,0.8
31914.581182896858,-36.89809772198052,-171.8144734675774,7,0.8
32136.564649853717,-37.02078832099086,-171.873613200293,7,0.8
32360.09213392676,-37.14344770851962,-171.9322943933953,7,0.8
32585.17437460432,-37.26607630878824,-171.99052117488964,7,0.8
32811.8221860738,-37.388680077875776,-172.04801120605072,7,0.8
33040.04645774119,-37.51124827351737,-172.1053433219241,7,0.8
33269.85815475433,-37.63379050757642,-172.16204476980394,7,0.8
33501.26831852966,-37.75629995519394,-172.21849727147958,7,0.8
33734.28806728276,-37.87878239312223,-172.27442223580744,7,0.8
33968.928596562524,-38.00123813570896,-172.32982536238416,7,0.8
34205.20117978902,-38.12366410659231,-172.3848952646929,7,0.8
34443.11716879519,-38.24606075699855,-172.43963356882048,7,0.8
34682.68799437217,-38.36843511176756,-172.49368093055267,7,0.8
34923.92516681859,-38.490779212925936,-172.54749441251602,7,0.8
35166.8402764935,-38.61309515722907,-172.60098450671344,7,0.8
35411.44499437329,-38.73538651452823,-172.6539757799924,7,0.8
35657.7510726124,-38.85765511005231,-172.70638533512823,7,0.8
35905.77034510798,-38.97989501202669,-172.75856800543534,7,0.8
36155.51472806843,-39.10210817647142,-172.8104360470764,7,0.8
36406.99622058595,-39.224300915945676,-172.8616461574869,7,0.8
36660.22690521301,-39.34646890174707,-172.91246112516544,7,0.8
36915.21894854289,-39.468609462535944,-172.96305099294491,7,0.8
37171.98460179422,-39.59072572189027,-173.0132434565551,7,0.8
37430.53620139958,-39.71282050454024,-173.0628689706179,7,0.8
37690.88616959824,-39.83488789693126,-173.11225669407548,7,0.8
37953.04701503298,-39.95692993178432,-173.16122602976648,7,0.8
38217.03133335104,-40.07894707224541,-173.20958812785176,7,0.8
38482.85180780936,-40.200927510510276,-173.25761710487566,7,0.8
38750.521209883875,-40.322854646138204,-173.30486457904158,7,0.8
39020.05239988316,-40.44461911607014,-173.35144702149952,7,0.8
39291.458327566346,-40.56581749584369,-173.40014885105614,7,0.8
39564.752032765224,-40.68828546182647,-173.4524712478233,7,0.8
39839.94664601079,-40.81052731681798,-173.49786688822883,7,0.8
40117.05538916413,-40.93248743237076,-173.54307784971112,7,0.8
40396.09157605162,-41.05436742930407,-173.58829577889156,7,0.8
40677.068613104646,-41.176202133735316,-173.63322125845295,7,0.8
40960.00000000368,-41.29798532052803,-173.67774046479263,7,0.8
41244.899330326916,-41.41965601980033,-173.72131471504903,7,0.8
41531.78029220334,-41.54077671443179,-173.7649085425109,7,0.8
41820.65666897041,-41.66263987478337,-173.81739670174463,7,0.8
42111.54233983629,-41.78497434097689,-173.86011250770014,7,0.8
42404.45128054665,-41.906822443789416,-173.90241901514094,7,0.8
42699.3975640562,-42.02856738192149,-173.94512795949785,7,0.8
42996.39536120473,-42.15027583567861,-173.98753028392701,7,0.8
43295.458941398065,-42.27195754486254,-174.02980925136188,7,0.8
43596.60267329357,-42.39361722948921,-174.0719157802968,7,0.8
43899.84102549055,-42.51525896395522,-174.11368350558567,7,0.8
44205.18856722535,-42.6368817535024,-174.15524344274368,7,0.8
44512.659969071385,-42.7584882611442,-174.196448020415,7,0.8
44822.27000364397,-42.880076961597176,-174.23743491846398,7,0.8
45134.033546310086,-43.00165113422533,-174.27799426549137,7,0.8
45447.96557590307,-43.123206281531345,-174.31847187444913,7,0.8
45764.081175442305,-43.24474838888072,-174.3584552948154,7,0.8
46082.39553285784,-43.3662720800535,-174.39835574542735,7,0.8
46402.92394172015,-43.48778133413597,-174.4379016225817,7,0.8
46725.681801974904,-43.60927723414641,-174.47702920516846,7,0.8
47050.68462068286,-43.73075640368236,-174.5160079571703,7,0.8
47377.94801276491,-43.85222173670694,-174.55463956844477,7,0.8
47707.487701752325,-43.97367340582535,-174.59292730174874,7,0.8
48039.319520542165,-44.095109048033635,-174.63106904064438,7,0.8
48373.45941215801,-44.21653226461614,-174.66880637762364,7,0.8
48709.923430515926,-44.33793907967178,-174.70646381112985,7,0.8
49048.72774119583,-44.459336263681536,-174.74353118504598,7,0.8
49389.888622218095,-44.58071665668541,-174.78058482654802,7,0.8
49733.4224648257,-44.702085301484274,-174.81724563469842,7,0.8
50000.0,-44.795679016095384,-174.84544989620156,7,0.8
10.0,-3.471715068527226,-0.5635473689689823,8,0.9
10.069555500567189,-3.4719912535271407,-0.5668259384613548,8,0.9
10.139594797900294,-3.472281150213875,-0.5701170192318731,8,0.9
10.210121257071936,-3.472552577603722,-0.5734169602045843,8,0.9
10.281138266560667,-3.4728377419671785,-0.5767292049314328,8,0.9
10.352649238413779,-3.473130217153373,-0.5800529466762484,8,0.9
10.424657608411218,-3.4734235779874107,-0.5833873542090635,8,0.9
10.497166836230678,-3.473724275739978,-0.586733045784497,8,0.9
10.57018040561381,-3.474019448543693,-0.5900884307128094,8,0.9
10.643701824533608,-3.4743155483888026,-0.5934541158373963,8,0.9
10.71773462536294,-3.4746254635097156,-0.596831482028239,8,0.9
10.792282365044281,-3.474923459605405,-0.6002173930329883,8,0.9
10.867348625260592,-3.475241735994832,-0.6036155100916697,8,0.9
10.942937012607405,-3.4755416868485027,-0.607021118823404,8,0.9
11.019051158766118,-3.4758619467334153,-0.6104386931308556,8,0.9
11.095694720678463,-3.476183220953078,-0.6138657932310578,8,0.9
11.172871380722214,-3.4765119609165893,-0.6173030638650381,8,0.9
11.250584846888108,-3.4768288751209857,-0.6207479877579702,8,0.9
11.328838852958,-3.4771661576527384,-0.62420438720296,8,0.9
11.407637158684253,-3.477504517494881,-0.6276697392794516,8,0.9
11.486983549970367,-3.4778439712490643,-0.6311438873720003,8,0.9
11.566881839052892,-3.4781716664357787,-0.6346250304038309,8,0.9
11.647335864684578,-3.478526228213396,-0.6381179302669785,8,0.9
11.728349492318808,-3.478862631750234,-0.6416166634570412,8,0.9
11.809926614295325,-3.479213066670122,-0.6451252035139812,8,0.9
11.892071150027233,-3.4795646821350177,-0.6486417249532447,8,0.9
11.97478704618931,-3.479930363164197,-0.6521677597520307,8,0.9
12.05807827690763,-3.480290827194464,-0.6557005913942519,8,0.9
12.141948843950495,-3.4806525267604242,-0.6592408865020529,8,0.9
12.226402776920713,-3.4810154809696425,-0.6627884622860322,8,0.9
12.31144413344919,-3.4813861417170733,-0.6663440130831846,8,0.9
12.397076999389895,-3.481764528045126,-0.6699073709851769,8,0.9
12.48330548901615,-3.4821442270594045,-0.6734774717930783,8,0.9
12.570133745218314,-3.4825316908888064,-0.6770550224921582,8,0.9
12.657565939702833,-3.482914076518216,-0.6806380318969648,8,0.9
12.745606273192656,-3.483304268072303,-0.6842281094420462,8,0.9
12.834258975629076,-3.483695855154058,-0.6878241523931713,8,0.9
12.923528306374958,-3.484095290135385,-0.6914268855510808,8,0.9
13.013418554419374,-3.484489733274168,-0.6950342501075897,8,0.9
13.10393403858367,-3.484885637894957,-0.6986469583251412,8,0.9
13.195079107728983,-3.4853087459651686,-0.7022686038899844,8,0.9
13.286858140965156,-3.4857140704005474,-0.7058923484644551,8,0.9
13.379275547861162,-3.486133783389916,-0.7095227402566442,8,0.9
13.472335768656947,-3.486548620174403,-0.7131566825102853,8,0.9
13.566043274476765,-3.486971462927489,-0.7167958942324685,8,0.9
13.660402567544,-3.4873894785918482,-0.7204381948967035,8,0.9
13.755418181397484,-3.487828405347119,-0.7240873248379716,8,0.9
13.851094681109295,-3.488262554594277,-0.7277391043741732,8,0.9
13.947436663504105,-3.4886983804871052,-0.7313942925582616,8,0.9
14.044448757380025,-3.489135908919898,-0.7350526565907886,8,0.9
14.142135623731003,-3.4895880202768614,-0.7387160209116687,8,0.9
14.240501955970773,-3.490035459814954,-0.742381084294913,8,0.9
14.33955248015833,-3.490484682049391,-0.7460486297083522,8,0.9
14.439291955225018,-3.4909421407870904,-0.7497194712022553,8,0.9
14.539725173203164,-3.4913950117293497,-0.7533912660895549,8,0.9
14.640856959456315,-3.4918626005915225,-0.7570669593548113,8,0.9
14.742692172911074,-3.4923320844275256,-0.7607441970241877,8,0.9
14.845235706290554,-3.4928034928115492,-0.7644227325206155,8,0.9
14.94849248634945,-3.493276855510525,-0.7681023178338185,8,0.9
15.05246747411074,-3.4937586270983427,-0.7717838096948433,8,0.9
15.15716566510405,-3.494242413720636,-0.7754658691180608,8,0.9
15.26259208960566,-3.4947218233032205,-0.7791471205975286,8,0.9
15.368751812880195,-3.495216158036441,-0.7828306833156489,8,0.9
15.475649935423972,-3.4957061797973132,-0.7865129318545642,8,0.9
15.58329159321007,-3.4962176121766655,-0.7901981895569299,8,0.9
15.69168195793509,-3.49669910881101,-0.79387700013895,8,0.9
15.800826237267621,-3.4972085043829693,-0.7975594974349379,8,0.9
15.910729675098453,-3.497726564769575,-0.8012419997427851,8,0.9
16.02139755179252,-3.4982340607446885,-0.8049207125684102,8,0.9
16.13283518444261,-3.498743871283409,-0.8085977188809064,8,0.9
16.245047927124794,-3.499262452518284,-0.8122739698389122,8,0.9
16.358041171155712,-3.499783419977869,-0.8159480196339115,8,0.9
16.471820345351553,-3.50032606964573,-0.8196232951432612,8,0.9
16.586390916288924,-3.5008519202891093,-0.8232922022277024,8,0.9
16.70175838856748,-3.5013866888333576,-0.8269593865776758,8,0.9
16.817928305074386,-3.5019175759200154,-0.8306221066526246,8,0.9
16.93490624725064,-3.5024702948632696,-0.8342851499477866,8,0.9
17.052697835359233,-3.503012792981395,-0.8379419617820552,8,0.9
17.17130872875518,-3.503557948022906,-0.8415948049091335,8,0.9
17.290744626157405,-3.5041186353107805,-0.8452460260810625,8,0.9
17.411011265922586,-3.504675644323674,-0.8488915072955836,8,0.9
17.53211442632081,-3.5052290184003447,-0.8525309671811431,8,0.9
17.654059925813208,-3.5057980496514665,-0.8561681201800566,8,0.9
17.776853623331515,-3.506369948404469,-0.8598000998075942,8,0.9
17.900501418559564,-3.506938343614945,-0.8634253081639304,8,0.9
18.02500925221672,-3.5075032814964406,-0.8670434695413085,8,0.9
18.150383106343334,-3.508084052197355,-0.8706584370995689,8,0.9
18.27662900458813,-3.508655043425395,-0.8742644916030355,8,0.9
18.403753012497624,-3.509254786446724,-0.8778697198066896,8,0.9
18.53176123780754,-3.5098384316435856,-0.881464156332943,8,0.9
18.660659830736275,-3.510425269330168,-0.8850517318107017,8,0.9
18.790454984280366,-3.511015348806905,-0.8886322185910885,8,0.9
18.921152934512047,-3.511615131794679,-0.8922068371508237,8,0.9
19.05275996087888,-3.512218256105309,-0.895773945031353,8,0.9
19.18528238650542,-3.512831184373651,-0.8993347936479233,8,0.9
19.31872657849705,-3.5134283239475805,-0.9028832814949678,8,0.9
19.453098948245852,-3.5140353730887615,-0.9064250618033155,8,0.9
19.588405951738682,-3.514658794275415,-0.9099614704125983,8,0.9
19.72465408986733,-3.5152730008225115,-0.9134863078715831,8,0.9
19.861849908740865,-3.5158908689129724,-0.9170023627961136,8,0.9
20.00000000000015,-3.516512454328205,-0.92050944192845,8,0.9
20.13911100113453,-3.5171442222732985,-0.924008912644229,8,0.9
20.279189595800737,-3.517767005358583,-0.9274959235385982,8,0.9
20.42024251414402,-3.518400086874224,-0.9309749638499745,8,0.9
20.56227653312149,-3.5190243037011792,-0.9344411146153421,8,0.9
20.70529847682771,-3.519671751649354,-0.937902169276127,8,0.9
20.849315216822593,-3.520310456802024,-0.9413499778038874,8,0.9
20.994333672461515,-3.5209597008020492,-0.9447892082208973,8,0.9
21.14036081122778,-3.5215939237092857,-0.9482131568114192,8,0.9
21.28740364906737,-3.5222516225199585,-0.951631529166855,8,0.9
21.43546925072604,-3.522900835416174,-0.9550359311175635,8,0.9
21.584564730088722,-3.523548034303186,-0.9584278379354395,8,0.9
21.734697250521346,-3.524206094199917,-0.9618104902821366,8,0.9
21.885874025214974,-3.5248558714946148,-0.9651786580337745,8,0.9
22.038102317532406,-3.525529450730281,-0.9685408063478399,8,0.9
22.191389441357092,-3.526182080916142,-0.9718847332237731,8,0.9
22.345742761444598,-3.5268458468493984,-0.9752189750562119,8,0.9
22.501169693776383,-3.5275080153055076,-0.9785399344002402,8,0.9
22.657677705916175,-3.528187862931269,-0.9818528579012024,8,0.9
22.815274317368676,-3.528853457109988,-0.9851487331091564,8,0.9
22.973967099940907,-3.529530476626903,-0.988434642898692,8,0.9
23.13376367810596,-3.530206195732087,-0.9917069036814622,8,0.9
23.29467172936933,-3.5308934905617777,-0.9949691235516872,8,0.9
23.456698984637793,-3.531560442894388,-0.9982119756969533,8,0.9
23.619853228590827,-3.5322455265572072,-1.0014465357811395,8,0.9
23.784142300054643,-3.5329296243656434,-1.0046671811683736,8,0.9
23.949574092378796,-3.5336192157037507,-1.0078757649636216,8,0.9
24.11615655381544,-3.5343015880434074,-1.0110684237226788,8,0.9
24.28389768790117,-3.5349960162221055,-1.014250903716534,8,0.9
24.452805553841607,-3.5356769985120877,-1.0174154200078007,8,0.9
24.622888266898567,-3.5363702062790354,-1.020569763602636,8,0.9
24.794153998779972,-3.5370693289404165,-1.0237120227420056,8,0.9
24.966610978032485,-3.537761664445831,-1.026838218534193,8,0.9
25.140267490436816,-3.5384473037154396,-1.029948304857136,8,0.9
25.315131879405854,-3.5391455206282894,-1.0330483802736095,8,0.9
25.4912125463855,-3.539837224442539,-1.0361323830345197,8,0.9
25.668517951258348,-3.5405416884656864,-1.0392065339427596,8,0.9
25.847056612750112,-3.5412462198269083,-1.0422667866136401,8,0.9
26.026837108838944,-3.5419381302998314,-1.0453089665925965,8,0.9
26.20786807716754,-3.542643085783466,-1.048341561153369,8,0.9
26.390158215458165,-3.5433483996586053,-1.0513604516634554,8,0.9
26.573716281930512,-3.544054171728529,-1.0543657239508486,8,0.9
26.758551095722524,-3.5447605028317843,-1.0573574745685397,8,0.9
26.944671537314093,-3.545461105522039,-1.0603336067117124,8,0.9
27.13208654895373,-3.5461624738805204,-1.0632964060725347,8,0.9
27.320805135088207,-3.54688387931105,-1.0662527248425517,8,0.9
27.510836362795175,-3.547574317369546,-1.0691847928899865,8,0.9
27.7021893622188,-3.5482850054101798,-1.0721107093223274,8,0.9
27.89487332700842,-3.548984111254258,-1.075019318569164,8,0.9
28.088897514760255,-3.5497100699295725,-1.0779245810075837,8,0.9
28.284271247462218,-3.5504118958245767,-1.0808082245021482,8,0.9
28.48100391194176,-3.5511216378537878,-1.0836819918970213,8,0.9
28.679104960316874,-3.551826638248331,-1.086541399994792,8,0.9
28.878583910450253,-3.5525270145803614,-1.0893866100160319,8,0.9
29.079450346406546,-3.5532420399080067,-1.092225038879389,8,0.9
29.28171391891285,-3.553946293764639,-1.0950473104040437,8,0.9
29.485384345822368,-3.5546590510345286,-1.0978609251958384,8,0.9
29.690471412581335,-3.5553612826070564,-1.1006587847101155,8,0.9
29.896984972699123,-3.5560658806976484,-1.1034460379917232,8,0.9
30.104934948221704,-3.5567729706752633,-1.1062229761581002,8,0.9
30.314331330208326,-3.5574699155852785,-1.1089848265365434,8,0.9
30.52518417921155,-3.558182372710493,-1.1117420145191488,8,0.9
30.73750362576062,-3.5588849453072697,-1.1144846731583828,8,0.9
30.951299870848175,-3.5595905291083056,-1.1172182176650445,8,0.9
31.16658318642038,-3.560292877433871,-1.1199403762999318,8,0.9
31.38336391587042,-3.5609921267823426,-1.1226514478101213,8,0.9
31.60165247453548,-3.5616884153430273,-1.1253517423742274,8,0.9
31.82145935019715,-3.5624073983447904,-1.128052338132045,8,0.9
32.04279510358529,-3.563098185018438,-1.1307321442945275,8,0.9
32.26567036888546,-3.5637928137763497,-1.1334049074061499,8,0.9
32.49009585424984,-3.5644978059708423,-1.1360738079203685,8,0.9
32.716082342311665,-3.5652005517782035,-1.1387337922636644,8,0.9
32.94364069070335,-3.565888446802763,-1.1413796367510909,8,0.9
33.172781832578096,-3.5665743964605943,-1.14401724557121,8,0.9
33.40351677713521,-3.5672840563490196,-1.1466584163650826,8,0.9
33.63585661014903,-3.5679665729519945,-1.149280867885992,8,0.9
33.86981249450153,-3.5686539821631644,-1.1518992234738987,8,0.9
34.10539567071872,-3.5693400663587487,-1.1545110724637317,8,0.9
34.34261745751061,-3.5700313597502125,-1.1571198082696514,8,0.9
34.58148925231507,-3.5707089020528997,-1.1597170606001324,8,0.9
34.822022531845434,-3.5713983527221513,-1.1623151261050024,8,0.9
35.064228852641875,-3.572068011349577,-1.1648995507165707,8,0.9
35.30811985162668,-3.5727499116730583,-1.1674858170413964,8,0.9
35.55370724666329,-3.573425105272893,-1.1700653806330066,8,0.9
35.80100283711939,-3.5741065087384527,-1.172644868895768,8,0.9
36.05001850443371,-3.5747751818456908,-1.1752155355979035,8,0.9
36.30076621268694,-3.575456786131437,-1.1777903410542498,8,0.9
36.55325800917653,-3.5761196463007625,-1.1803541486780067,8,0.9
36.80750602499552,-3.576783056513833,-1.1829168737362692,8,0.9
37.06352247561536,-3.5774408300321574,-1.1854758701815238,8,0.9
37.32131966147283,-3.578112260664394,-1.1880413862324162,8,0.9
37.58090996856101,-3.5787593210910273,-1.1905945367168966,8,0.9
37.84230586902438,-3.579420415715217,-1.1931554121977554,8,0.9
38.105519921758045,-3.5800766302598404,-1.1957148113247074,8,0.9
38.37056477301113,-3.5807281603964167,-1.198273284040511,8,0.9
38.63745315699439,-3.5813815709084693,-1.2008347721148016,8,0.9
38.906197896491996,-3.5820243275581447,-1.2033931102911615,8,0.9
39.176811903477656,-3.5826693666391787,-1.2059556702237102,8,0.9
39.449308179734956,-3.58331052625555,-1.2085196617069536,8,0.9
39.72369981748203,-3.5839480138236275,-1.2110856863099662,8,0.9
40.000000000000604,-3.584594769667948,-1.2136613980336648,8,0.9
40.27822200226936,-3.585212815197498,-1.2162262919713869,8,0.9
40.55837919160177,-3.585840556640909,-1.2188021269722622,8,0.9
40.840485028288356,-3.5864845734174295,-1.2213933250168714,8,0.9
41.124553066243294,-3.587094172737928,-1.2239717089149176,8,0.9
41.410596953655734,-3.58772685320732,-1.2265704953455472,8,0.9
41.6986304336455,-3.5883382948983518,-1.2291648426565804,8,0.9
41.98866734492334,-3.588954179802924,-1.2317700678091048,8,0.9
42.28072162245588,-3.589562013349205,-1.2343794428055677,8,0.9
42.57480729813507,-3.590174754119312,-1.2370011511963341,8,0.9
42.8709385014524,-3.590773552700574,-1.239624549549547,8,0.9
43.16912946017777,-3.5913840955550578,-1.24226556387799,8,0.9
43.46939450104301,-3.5919748181156668,-1.2449057251778006,8,0.9
43.771748050430276,-3.5925777714472664,-1.2475650405087397,8,0.9
44.07620463506514,-3.5931804809502794,-1.250236570901161,8,0.9
44.38277888271451,-3.593770477687963,-1.252913138190403,8,0.9
44.69148552288952,-3.5943416579190526,-1.255591323663427,8,0.9
45.00233938755311,-3.5949197185625676,-1.2582877638685723,8,0.9
45.315355411832684,-3.595504918598759,-1.2610033480507765,8,0.9
45.63054863473769,-3.596084802805835,-1.2637307779031757,8,0.9
45.947934199882155,-3.596646921714008,-1.2664625058141332,8,0.9
46.26752735621227,-3.5972296953747467,-1.2692240527952363,8,0.9
46.58934345873901,-3.5978016050137063,-1.2719955588112113,8,0.9
46.913397969275934,-3.598350213393357,-1.274769207096127,8,0.9
47.23970645718201,-3.5989203029210586,-1.2775753086874535,8,0.9
47.56828460010965,-3.599474012143527,-1.2803892375898505,8,0.9
47.89914818475796,-3.6000243424352036,-1.2832202317993187,8,0.9
48.232313107631235,-3.6005715837155297,-1.2860690755760789,8,0.9
48.5677953758027,-3.601116029033098,-1.2889365631498946,8,0.9
48.90561110768358,-3.6016579752183264,-1.2918234987504138,8,0.9
49.2457765337975,-3.602191366837291,-1.2947262248733924,8,0.9
49.58830799756032,-3.602722863622745,-1.297649967582928,8,0.9
49.933221956065346,-3.60326548222734,-1.3006046467091468,8,0.9
50.280534980874016,-3.6037814045677923,-1.303563850808089,8,0.9
50.630263758812085,-3.6043154282169745,-1.3065603062799798,8,0.9
50.982425092771386,-3.6048233904530678,-1.3095626491491286,8,0.9
51.33703590251707,-3.6053437389702125,-1.3125994429739865,8,0.9
51.69411322550061,-3.6058513834478587,-1.3156528985424225,8,0.9
52.05367421767828,-3.6063593611702127,-1.3187332149447233,8,0.9
52.41573615433548,-3.6068616520168906,-1.321836502967569,8,0.9
52.78031643091672,-3.607364946556752,-1.3249684065898353,8,0.9
53.14743256386143,-3.6078568803141176,-1.3281201104426674,8,0.9
53.517102191445446,-3.608350504041804,-1.3313021534912644,8,0.9
53.8893430746286,-3.6088461663742857,-1.3345154903552974,8,0.9
54.264173097907864,-3.609325164314378,-1.3377461225699154,8,0.9
54.64161027017682,-3.60980691153952,-1.341009762545799,8,0.9
55.02167272559077,-3.610291768815585,-1.3443074006625364,8,0.9
55.40437872443802,-3.61076104743338,-1.3476247230235312,8,0.9
55.78974665401725,-3.6112341712455316,-1.3509778262872214,8,0.9
56.17779502952094,-3.6117051627786934,-1.3543625533360106,8,0.9
56.56854249492486,-3.612161698915637,-1.3577693747960358,8,0.9
56.962007823883944,-3.6126232145842723,-1.361214780120659,8,0.9
57.358209920634174,-3.613090095711154,-1.3646998369476215,8,0.9
57.75716782090094,-3.6135373328043245,-1.368204236906882,8,0.9
58.158900692813525,-3.6139843723698544,-1.3717447490708055,8,0.9
58.56342783782614,-3.6144252647702704,-1.3753169277493815,8,0.9
58.97076869164518,-3.6148604146944625,-1.3789216463173042,8,0.9
59.38094282516311,-3.615302930354236,-1.382570819749502,8,0.9
59.79396994539869,-3.615740526216544,-1.386254487610847,8,0.9
60.209869896443855,-3.616167271689576,-1.3899679642104823,8,0.9
60.628662660417106,-3.6165899393801313,-1.3937176906592141,8,0.9
61.05036835842356,-3.6170153056506944,-1.39751029343001,8,0.9
61.4750072515217,-3.617431105415915,-1.401335399168357,8,0.9
61.90259974169682,-3.617837776306777,-1.4051938466260583,8,0.9
62.33316637284123,-3.618254805500303,-1.409103940302024,8,0.9
62.766727831741306,-3.618669942687125,-1.4130552219992423,8,0.9
63.20330494907143,-3.619070943539724,-1.417036894803274,8,0.9
63.642918700394766,-3.619470961091607,-1.4210616245724395,8,0.9
64.08559020717105,-3.619864109141796,-1.4251244615595993,8,0.9
64.5313407377714,-3.6202635495390503,-1.4292384188269736,8,0.9
64.98019170850016,-3.6206443634179424,-1.433380359895051,8,0.9
65.43216468462381,-3.621032417934499,-1.4375755081634924,8,0.9
65.8872813814072,-3.6214218468335675,-1.441818936823562,8,0.9
66.34556366515669,-3.6218004425771086,-1.4460993232780008,8,0.9
66.80703355427093,-3.622181391588545,-1.4504300897642897,8,0.9
67.27171322029855,-3.622546150043089,-1.4547934376039846,8,0.9
67.73962498900357,-3.6229142616197425,-1.459209241566414,8,0.9
68.21079134143795,-3.6232798869562344,-1.4636722916017155,8,0.9
68.68523491502174,-3.623643538974278,-1.4681836726948685,8,0.9
69.16297850463066,-3.6239993894889384,-1.4727379725651049,8,0.9
69.6440450636914,-3.6243479622857255,-1.477336168460756,8,0.9
70.12845770528428,-3.624702479708234,-1.4819924874134847,8,0.9
70.61623970325388,-3.625057129607481,-1.4867015781453243,8,0.9
71.10741449332713,-3.6253997588302136,-1.49145119690241,8,0.9
71.60200567423932,-3.625743605921192,-1.4962557823368088,8,0.9
72.10003700886796,-3.626082875396901,-1.5011097479005937,8,0.9
72.60153242537443,-3.626411777561818,-1.5060073256258735,8,0.9
73.10651601835362,-3.6267435669472077,-1.5109633222690746,8,0.9
73.61501204999159,-3.6270661187720195,-1.515965093812239,8,0.9
74.12704495123128,-3.627399044907614,-1.5210347223723653,8,0.9
74.64263932294622,-3.627723885475854,-1.5261524844181467,8,0.9
75.16181993712259,-3.6280348787785477,-1.5313123082295057,8,0.9
75.68461173804933,-3.6283579999072213,-1.5365438443701134,8,0.9
76.21103984351666,-3.6286684599366144,-1.541819733220854,8,0.9
76.74112954602285,-3.6289858989501047,-1.5471628128941262,8,0.9
77.27490631398935,-3.6292855397135915,-1.5525451841618287,8,0.9
77.81239579298456,-3.629587033572798,-1.557989896779205,8,0.9
78.3536238069559,-3.6298846532625557,-1.5634908653558939,8,0.9
78.8986163594705,-3.630179023447356,-1.5690493210959868,8,0.9
79.44739963496465,-3.630483466783159,-1.5746816537782276,8,0.9
80.00000000000179,-3.6307732347483554,-1.5803589987982734,8,0.9
80.55644400453932,-3.6310553152760026,-1.5860900117514984,8,0.9
81.11675838320417,-3.6313430489166922,-1.5918913361050846,8,0.9
81.68097005657731,-3.631624396607539,-1.5977489301311323,8,0.9
82.24910613248719,-3.631906364149769,-1.6036718747697842,8,0.9
82.8211939073121,-3.6321832704249815,-1.6096536947738556,8,0.9
83.39726086729164,-3.632455786488167,-1.6156956799478681,8,0.9
83.97733468984731,-3.6327245893243525,-1.6217991502975109,8,0.9
84.56144324491237,-3.632984014811988,-1.6279573712947446,8,0.9
85.14961459627077,-3.633260138549651,-1.634204127314952,8,0.9
85.74187700290544,-3.6335219212907814,-1.6405003464808932,8,0.9
86.33825892035618,-3.6337700630005356,-1.6468471162032332,8,0.9
86.93878900208668,-3.634037004303944,-1.6532871868539087,8,0.9
87.54349610086122,-3.6342853752542137,-1.6597722959226122,8,0.9
88.15240927013093,-3.6345476288754646,-1.6663456901960767,8,0.9
88.7655577654297,-3.6347991000421747,-1.6729752802914375,8,0.9
89.38297104577971,-3.6350405174826443,-1.6796623158863977,8,0.9
90.00467877510688,-3.6352916584473993,-1.68643399197821,8,0.9
90.63071082366605,-3.6355278732592735,-1.6932573912580595,8,0.9
91.26109726947607,-3.635762603247128,-1.7001512055755637,8,0.9
91.895868399765,-3.6359966001914215,-1.7071170152798505,8,0.9
92.53505471242522,-3.6362306218998217,-1.714156438952901,8,0.9
93.17868691747873,-3.6364654315637335,-1.7212711343510145,8,0.9
93.82679593855258,-3.636695449657399,-1.7284537745980704,8,0.9
94.47941291436473,-3.6369277988543756,-1.7357149905544949,8,0.9
95.13656920022001,-3.637137863990914,-1.7430199328207345,8,0.9
95.79829636951663,-3.6373581732426636,-1.7504157390738024,8,0.9
96.4646262152632,-3.637576819965676,-1.75788588759686,8,0.9
97.13559075160614,-3.63779459990754,-1.7654320791274047,8,0.9
97.81122221536789,-3.6380123142524043,-1.7730560564972342,8,0.9
98.49155306759573,-3.6382244197937244,-1.780750109334999,8,0.9
99.17661599512138,-3.6384380775429683,-1.7885254249186726,8,0.9
99.86644391213144,-3.638641404191816,-1.7963646059736333,8,0.9
100.56106996174877,-3.6388479212047815,-1.8042885600860437,8,0.9
101.26052751762494,-3.6390521049238354,-1.8122894731153056,8,0.9
101.96485018554354,-3.639248436120444,-1.8203592935566972,8,0.9
102.67407180503491,-3.639456803321054,-1.828529402351136,8,0.9
103.388226451002,-3.639646292752896,-1.8367521643832563,8,0.9
104.10734843535732,-3.639843154063718,-1.8450691131484953,8,0.9
104.83147230867174,-3.6400291832578775,-1.8534520371745085,8,0.9
105.56063286183424,-3.6402179377025696,-1.8619229417134484,8,0.9
106.29486512772365,-3.640403924768081,-1.8704736165769282,8,0.9
107.03420438289172,-3.640594360023328,-1.879116319634705,8,0.9
107.778686149258,-3.6407837587676077,-1.8878427903437012,8,0.9
108.52834619581655,-3.6409602861707953,-1.8966340090430427,8,0.9
109.28322054035448,-3.641137522914403,-1.9055127356157886,8,0.9
110.04334545118235,-3.64132270231036,-1.9144917250806728,8,0.9
110.80875744887686,-3.6414976461350497,-1.9235411386203325,8,0.9
111.57949330803534,-3.641682302857773,-1.9326951560463945,8,0.9
112.35559005904271,-3.6418521449877317,-1.941912683130311,8,0.9
113.13708498985058,-3.6420144186732357,-1.9512062865524733,8,0.9
113.92401564776874,-3.6421954406095693,-1.960622049448855,8,0.9
114.71641984126921,-3.642351623147282,-1.9700849322835976,8,0.9
115.51433564180275,-3.6425347132097095,-1.9796858862645372,8,0.9
116.31780138562794,-3.6426884121759877,-1.9893265151543635,8,0.9
117.12685567565316,-3.6428517635685447,-1.9990761688515044,8,0.9
117.94153738329126,-3.6430066070297515,-2.0089030989099954,8,0.9
118.76188565032712,-3.6431602107390164,-2.018820778446616,8,0.9
119.58793989079828,-3.643326204627426,-2.028854682798167,8,0.9
120.41973979288862,-3.6434864314647437,-2.038972484866518,8,0.9
121.25732532083512,-3.6436418076205985,-2.049176275011691,8,0.9
122.10073671684803,-3.6437868918447314,-2.059456320673476,8,0.9
122.95001450304433,-3.643935321486176,-2.0698384761901103,8,0.9
123.80519948339456,-3.6440880182586928,-2.0803252416686506,8,0.9
124.66633274568338,-3.644239544570601,-2.0909070417379434,8,0.9
125.53345566348355,-3.6443908227089405,-2.1015862275980237,8,0.9
126.40660989814381,-3.6445236907995184,-2.1123282863185415,8,0.9
127.28583740079048,-3.644677239891314,-2.1232092468035573,8,0.9
128.17118041434307,-3.6448142226232165,-2.1341575183934203,8,0.9
129.0626814755438,-3.644954646662209,-2.1452125807447233,8,0.9
129.9603834170013,-3.6450930713905656,-2.1563643886538624,8,0.9
130.86432936924862,-3.645236781248484,-2.1676280959338485,8,0.9
131.77456276281538,-3.6453612397042514,-2.178955052173951,8,0.9
132.69112733031437,-3.6455055507881884,-2.1904245546076635,8,0.9
133.61406710854286,-3.645645173992109,-2.2019878756017444,8,0.9
134.5434264405981,-3.645774657239559,-2.2136342269717053,8,0.9
135.47924997800817,-3.6459076439505598,-2.225392141582925,8,0.9
136.42158268287693,-3.6460386780929026,-2.2372510234232106,8,0.9
137.3704698300445,-3.6461622988771607,-2.249199949768114,8,0.9
138.32595700926237,-3.6462921452408894,-2.2612681671110506,8,0.9
139.28809012738384,-3.6464163819799316,-2.2734313502733166,8,0.9
140.25691541056963,-3.6465422742655544,-2.285705534076954,8,0.9
141.23247940650882,-3.646670715462907,-2.2980933981882363,8,0.9
142.2148289866553,-3.646789853426444,-2.310569891705018,8,0.9
143.20401134847972,-3.646913312200115,-2.323165177811602,8,0.9
144.200074017737,-3.6470355998195725,-2.3358679921422505,8,0.9
145.20306485074994,-3.64716396200909,-2.348695096522943,8,0.9
146.2130320367083,-3.647273774272165,-2.3615922509602814,8,0.9
147.2300240999843,-3.6473850145694033,-2.3746043798929906,8,0.9
148.25408990246365,-3.6475112879970997,-2.387763174504533,8,0.9
149.28527864589356,-3.64763432057296,-2.4010282072595026,8,0.9
150.32363987424628,-3.6477358229445866,-2.41435785646981,8,0.9
151.3692234760998,-3.6478548829289514,-2.4278425375408133,8,0.9
152.42207968703445,-3.6479540646252193,-2.441396283386318,8,0.9
153.48225909204683,-3.6480788271536513,-2.455125856778482,8,0.9
154.54981262797986,-3.64818533175646,-2.468929297580644,8,0.9
155.6247915859703,-3.648293510314698,-2.4828540038675104,8,0.9
156.70724761391295,-3.648410532636166,-2.496918014718981,8,0.9
157.79723271894218,-3.6485116533231707,-2.5110625969504334,8,0.9
158.8947992699305,-3.6486167816274993,-2.525336206803195,8,0.9
160.0000000000048,-3.6487266753341796,-2.539741638871138,8,0.9
161.11288800907985,-3.648829313180537,-2.5542501591788835,8,0.9
162.23351676640956,-3.6489381953482054,-2.5688957347200376,8,0.9
163.36194011315587,-3.6490412733678586,-2.583649236164084,8,0.9
164.49821226497562,-3.6491456394220045,-2.59852900713131,8,0.9
165.6423878146254,-3.64923921322395,-2.6135051686669986,8,0.9
166.79452173458452,-3.6493482254267136,-2.628645023752966,8,0.9
167.9546693796959,-3.6494414014665013,-2.643869571137735,8,0.9
169.12288648982604,-3.6495449481467768,-2.659246718932533,8,0.9
170.29922919254284,-3.649659506527851,-2.674779466553939,8,0.9
171.4837540058122,-3.649747348134131,-2.6903699403594232,8,0.9
172.6765178407137,-3.6498410323422688,-2.7061037017129546,8,0.9
173.87757800417467,-3.649947544077988,-2.7220004776926765,8,0.9
175.08699220172375,-3.6500354832710205,-2.7379774365378813,8,0.9
176.30481854026317,-3.6501373761317195,-2.754122288622909,8,0.9
177.53111553086072,-3.650234571958086,-2.7703858250144426,8,0.9
178.7659420915608,-3.6503275845116145,-2.786769989242308,8,0.9
180.00935755021513,-3.6504233082348736,-2.8032943782379105,8,0.9
181.26142164733346,-3.650515821066322,-2.8199434921490583,8,0.9
182.52219453895353,-3.6506055782802216,-2.8367192320975922,8,0.9
183.7917367995314,-3.6507058203275515,-2.8536595648827743,8,0.9
185.07010942485184,-3.6507913515291968,-2.8706944306356426,8,0.9
186.35737383495882,-3.650894583180145,-2.8879163897448596,8,0.9
187.65359187710658,-3.650977457061108,-2.9052178385191407,8,0.9
188.95882582873088,-3.6510723480712755,-2.92269217361369,8,0.9
190.27313840044144,-3.651160360916201,-2.9402858464948314,8,0.9
191.59659273903472,-3.651254612405903,-2.9580378026953107,8,0.9
192.92925243052787,-3.651342559691777,-2.9759121862347104,8,0.9
194.27118150321374,-3.651424450430541,-2.9939102055160993,8,0.9
195.62244443073726,-3.6515133346274045,-3.012071458071918,8,0.9
196.98310613519297,-3.651609416281689,-3.030397850670785,8,0.9
198.35323199024427,-3.6517000401252235,-3.048852248611723,8,0.9
199.73288782426437,-3.6517917672461087,-3.067455256895405,8,0.9
201.12213992349908,-3.6518782977930697,-3.0861884217787487,8,0.9
202.5210550352514,-3.651972560604613,-3.1050923906477332,8,0.9
203.9297003710886,-3.6520553569698553,-3.1241086026543834,8,0.9
205.3481436100714,-3.6521331360987896,-3.1432574931724435,8,0.9
206.77645290200556,-3.652218748173492,-3.16258030481944,8,0.9
208.21469687071618,-3.652305745942379,-3.182057900854755,8,0.9
209.66294461734503,-3.6524005014970444,-3.2017117222943643,8,0.9
211.12126572367004,-3.652483644425582,-3.2214806269768492,8,0.9
212.5897302554489,-3.652574340297611,-3.241427096125639,8,0.9
214.06840876578502,-3.652659578392927,-3.2615099578597535,8,0.9
215.5573722985176,-3.6527520396652453,-3.281771578657351,8,0.9
217.05669239163473,-3.6528322061262464,-3.302148606793106,8,0.9
218.5664410807106,-3.6529126936509027,-3.3226833065962347,8,0.9
220.08669090236637,-3.65299965844563,-3.3433973511381345,8,0.9
221.6175148977554,-3.653086347266696,-3.3642692639816647,8,0.9
223.15898661607235,-3.6531724083362183,-3.3852987836964576,8,0.9
224.71118011808713,-3.6532510100821733,-3.4064633814996017,8,0.9
226.27416997970286,-3.653334616140873,-3.4278065772681834,8,0.9
227.8480312955392,-3.653422772729518,-3.4493281139526593,8,0.9
229.43283968254013,-3.6535085401548013,-3.4710049848519255,8,0.9
231.02867128360725,-3.653591386100859,-3.4928361297354886,8,0.9
232.63560277125762,-3.653677193985809,-3.5148432172756165,8,0.9
234.25371135130806,-3.6537782720657965,-3.537071443530138,8,0.9
235.88307476658426,-3.6538552505012785,-3.5593812639107463,8,0.9
237.523771300656,-3.65392680471977,-3.5818395885129806,8,0.9
239.17587978159838,-3.6540245163159035,-3.604562192345773,8,0.9
240.83947958577906,-3.654102413522658,-3.6273832506724326,8,0.9
242.51465064167206,-3.6541920075893715,-3.650418782679027,8,0.9
244.2014734336979,-3.6542795423144687,-3.6736195078935068,8,0.9
245.9000290060905,-3.654357674185257,-3.6969588080853315,8,0.9
247.61039896679097,-3.6544513668035172,-3.720531141496754,8,0.9
249.33266549136863,-3.654527317861268,-3.7442123297386214,8,0.9
251.06691132696898,-3.654623371240795,-3.7681466813593913,8,0.9
252.81321979628953,-3.6547190837134274,-3.7922581571554383,8,0.9
254.5716748015829,-3.6547939448150446,-3.8164683824308923,8,0.9
256.3423608286881,-3.6548792325782573,-3.840898740958215,8,0.9
258.12536295108947,-3.654973806966039,-3.865546645762197,8,0.9
259.9207668340045,-3.65505053974307,-3.8903067502159407,8,0.9
261.72865873849923,-3.65514062552301,-3.915302784341672,8,0.9
263.54912552563275,-3.655236315524817,-3.9405058828761184,8,0.9
265.38225466063074,-3.6553038339378103,-3.9657815024134493,8,0.9
267.2281342170877,-3.655393767615806,-3.991333682852847,8,0.9
269.08685288119824,-3.655498250106949,-4.017133220754964,8,0.9
270.95849995601833,-3.6555768563346644,-4.04301627054365,8,0.9
272.8431653657559,-3.655680114534178,-4.069190905004553,8,0.9
274.74093966009104,-3.655760993912805,-4.095464412954663,8,0.9
276.6519140185268,-3.6558439507783986,-4.121938619022898,8,0.9
278.5761802547697,-3.6559469299545206,-4.148690562007085,8,0.9
280.51383082114137,-3.6560292345259726,-4.1755502009444365,8,0.9
282.4649588130198,-3.656121752915852,-4.202649032198447,8,0.9
284.42965797331277,-3.65620974532447,-4.229925644796509,8,0.9
286.40802269696155,-3.6563045005862804,-4.257429732290957,8,0.9
288.40014803547615,-3.6564042372879637,-4.285155282358679,8,0.9
290.4061297015021,-3.6564875464101125,-4.313009945233967,8,0.9
292.42606407341884,-3.656585198188181,-4.341129436233176,8,0.9
294.4600481999708,-3.6566757021600838,-4.369420633460273,8,0.9
296.50817980492957,-3.6567701817931573,-4.39793390709118,8,0.9
298.5705572917893,-3.6568666626200503,-4.426661922361097,8,0.9
300.64727974849484,-3.6569631308207966,-4.455596943118677,8,0.9
302.73844695220185,-3.6570575331287865,-4.484730824287662,8,0.9
304.84415937407124,-3.6571477773623418,-4.514055003835706,8,0.9
306.964518184096,-3.6572382865578508,-4.543590798026573,8,0.9
309.09962525596205,-3.6573531305080422,-4.573451486355876,8,0.9
311.24958317194296,-3.6574507887188434,-4.603446046960731,8,0.9
313.4144952278283,-3.6575486989216586,-4.633656387383726,8,0.9
315.59446543788675,-3.6576511676192114,-4.664104230601759,8,0.9
317.7895985398634,-3.6577427659891724,-4.694717589270129,8,0.9
320.000000000012,-3.6578474486747634,-4.725611871788533,8,0.9
322.22577601816215,-3.657949722870073,-4.756714634953255,8,0.9
324.4670335328215,-3.658053778062495,-4.788047345218972,8,0.9
326.7238802263142,-3.6581506129755326,-4.819567366248512,8,0.9
328.99642452995374,-3.6582575351611117,-4.851360674318799,8,0.9
331.2847756292533,-3.6583588987451217,-4.8833518886651595,8,0.9
333.5890434691715,-3.65845878630245,-4.915562193098158,8,0.9
335.90933875939425,-3.6585744661747355,-4.948079578258154,8,0.9
338.2457729796546,-3.6586703831128937,-4.980727027703966,8,0.9
340.5984583850881,-3.6587901805802634,-5.0137261745587125,8,0.9
342.96750801162693,-3.6588916147245265,-5.046864242277994,8,0.9
345.3530356814299,-3.658998487637599,-5.080263529850533,8,0.9
347.75515600835195,-3.6591081536972125,-5.113912204283011,8,0.9
350.1739844034501,-3.659224565985883,-5.147832556005314,8,0.9
352.60963708052907,-3.659331777819359,-5.181942829319232,8,0.9
355.0622310617241,-3.6594535895953713,-5.216369365598839,8,0.9
357.53188418312425,-3.6595607349844017,-5.25095926376396,8,0.9
360.0187151004329,-3.6596770009100816,-5.285839844957676,8,0.9
362.52284329466966,-3.6597863341957035,-5.320926920711143,8,0.9
365.0443890779098,-3.65991253996284,-5.356350306087406,8,0.9
367.58347359906554,-3.6600262157753445,-5.391952683917118,8,0.9
370.14021884970646,-3.660137837374693,-5.427791732368993,8,0.9
372.7147476699204,-3.6602578991361456,-5.46392666835778,8,0.9
375.30718375421594,-3.660390243369105,-5.5003811767292445,8,0.9
377.9176516574646,-3.6605186832009817,-5.537067417838133,8,0.9
380.5462768008857,-3.660640339470786,-5.573970239646039,8,0.9
383.1931854780723,-3.6607456293731113,-5.611036108682863,8,0.9
385.85850486105863,-3.6608851679389813,-5.648553312330487,8,0.9
388.5423630064304,-3.661002555952158,-5.686203452454718,8,0.9
391.2448888614774,-3.6611417624776,-5.724239437821643,8,0.9
393.96621227038884,-3.6612663887601875,-5.762453724515374,8,0.9
396.7064639804915,-3.66138020231132,-5.800868271219638,8,0.9
399.4657756485318,-3.6615273014481584,-5.839742685830354,8,0.9
402.24427984700117,-3.661651048258727,-5.878747065935898,8,0.9
405.04211007050577,-3.6617955862087994,-5.918143132417067,8,0.9
407.85940074218024,-3.6619176281904826,-5.957675490651852,8,0.9
410.69628722014585,-3.662047915563113,-5.9975284315176145,8,0.9
413.55290580401413,-3.66219705519224,-6.0377687100070565,8,0.9
416.42939374143555,-3.6623351665553603,-6.078217753886305,8,0.9
419.3258892346932,-3.6624660756622167,-6.118899392329033,8,0.9
422.24253144734325,-3.6626071663890922,-6.159921708663588,8,0.9
425.179460510901,-3.6627623480558986,-6.201311711468524,8,0.9
428.13681753157323,-3.6629016528119136,-6.2428853588969435,8,0.9
431.11474459703845,-3.663042520243112,-6.284752084763716,8,0.9
434.11338478327275,-3.6631956757897886,-6.326981501846579,8,0.9
437.13288216142445,-3.6633310975066724,-6.369385661590932,8,0.9
440.173381804736,-3.6634935404195588,-6.412250575679809,8,0.9
443.23502979551404,-3.663639369476059,-6.455300083009963,8,0.9
446.31797323214806,-3.6637861809213335,-6.4986478836102455,8,0.9
449.4223602361776,-3.6639448328828053,-6.542366488591088,8,0.9
452.5483399594091,-3.6640920696127486,-6.586306544017728,8,0.9
455.6960625910818,-3.66424561498413,-6.6305852422673395,8,0.9
458.8656793650838,-3.6644164395346235,-6.675277755898598,8,0.9
462.0573425672179,-3.664567577476139,-6.720141250638646,8,0.9
465.2712055425187,-3.6647305801916064,-6.765386815201035,8,0.9
468.5074227026196,-3.6648890492655664,-6.8109069027159395,8,0.9
471.76614953317204,-3.665047181018547,-6.8567311956042944,8,0.9
475.04754260131557,-3.6652161058553014,-6.902937393272891,8,0.9
478.3517595632003,-3.665386340726645,-6.9494634090084935,8,0.9
481.6789591715617,-3.665541479628254,-6.996197844493347,8,0.9
485.02930128334776,-3.665720378932282,-7.0434106153830776,8,0.9
488.40294686739946,-3.6658998096957287,-7.090944050930764,8,0.9
491.8000580121847,-3.6660495284008854,-7.138587474046162,8,0.9
495.2207979335857,-3.6662363290624587,-7.186811206895441,8,0.9
498.665330982741,-3.6664161949730056,-7.235308668098426,8,0.9
502.1338226539417,-3.6665936217856876,-7.2841129907253395,8,0.9
505.62643959258287,-3.6667731610429355,-7.33325844817383,8,0.9
509.14334960316967,-3.6669524458051854,-7.382730042159835,8,0.9
512.68472165738,-3.6671361165850307,-7.4325633543422285,8,0.9
516.2507259021829,-3.6673148843246417,-7.482692878965184,8,0.9
519.841533668013,-3.6675074630924036,-7.53325752452214,8,0.9
523.4573174770023,-3.667690621501322,-7.584089109901469,8,0.9
527.0982510512695,-3.6678902043670365,-7.6353805816534,8,0.9
530.7645093212655,-3.668068933472392,-7.686857153835262,8,0.9
534.4562684341794,-3.6682738862529525,-7.7388721738707815,8,0.9
538.1737057624005,-3.668453687711345,-7.7910424279735535,8,0.9
541.9169999120409,-3.668662676336093,-7.8437798706012,8,0.9
545.6863307315159,-3.6688635697428307,-7.8968051424972865,8,0.9
549.4818793201863,-3.6690614204482834,-7.95015807308602,8,0.9
553.3038280370578,-3.6692613519557904,-8.003879897602053,8,0.9
557.1523605095437,-3.6694685601684194,-8.05801329085436,8,0.9
561.027661642287,-3.6696598359512356,-8.112379903008742,8,0.9
564.9299176260438,-3.6698760451936554,-8.16730077929322,8,0.9
568.8593159466297,-3.6700726448600967,-8.222429409082581,8,0.9
572.8160453939274,-3.670305008908479,-8.278205037586282,8,0.9
576.8002960709567,-3.670514255150863,-8.334164353899569,8,0.9
580.8122594030085,-3.6707272948706056,-8.39052249629521,8,0.9
584.8521281468421,-3.670942499747209,-8.447268971225228,8,0.9
588.920096399946,-3.671165477390057,-8.504451702669096,8,0.9
593.0163596098636,-3.671380269908393,-8.561943794833464,8,0.9
597.1411145835832,-3.6715997658070183,-8.619852030981987,8,0.9
601.2945594969942,-3.671822505469504,-8.67816722330142,8,0.9
605.4768939044083,-3.6720543177331337,-8.736940305030327,8,0.9
609.688318748147,-3.672279313133142,-8.796042476336035,8,0.9
613.9290363681965,-3.6725033747111184,-8.855524373436245,8,0.9
618.1992505119288,-3.6727251770075813,-8.915377052571214,8,0.9
622.4991663438906,-3.6729799769637776,-8.975900525405665,8,0.9
626.8289904556613,-3.6731934897378284,-9.036470429422838,8,0.9
631.1889308757782,-3.6734303225808067,-9.09763538559982,8,0.9
635.5791970797316,-3.6736674005012593,-9.159202831359387,8,0.9
640.0000000000289,-3.67391097989791,-9.221229185614481,8,0.9
644.4515520363291,-3.6741526466207004,-9.28364483578927,8,0.9
648.9340670656479,-3.674398756831806,-9.346507381547251,8,0.9
653.4477604526332,-3.6746483498024296,-9.409811504177213,8,0.9
657.9928490599125,-3.6749005001103434,-9.473552060850881,8,0.9
662.5695512585116,-3.675131982903973,-9.537526717475544,8,0.9
667.178086938348,-3.6753865651466833,-9.602124066109155,8,0.9
671.8186775187937,-3.6756411403823246,-9.667143537349117,8,0.9
676.4915459593144,-3.675894924301972,-9.73258076465435,8,0.9
681.1969167701814,-3.676147167716288,-9.798431593694406,8,0.9
685.935016023259,-3.6764046842601528,-9.864760225929125,8,0.9
690.7060713628651,-3.676659300630744,-9.931495776317055,8,0.9
695.5103120167091,-3.6769179353954033,-9.998703879189051,8,0.9
700.3479688069056,-3.6771800319689363,-10.066382770778352,8,0.9
705.2192741610634,-3.6774450692190492,-10.134530957334235,8,0.9
710.1244621234536,-3.677704944322407,-10.203076656688856,8,0.9
715.0637683662537,-3.6779667875006687,-10.272088508320387,8,0.9
720.0374302008713,-3.6782454933011044,-10.341708982682901,8,0.9
725.0456865893448,-3.6785024249424394,-10.411580424886113,8,0.9
730.0887781558251,-3.6787755320738436,-10.482061103689086,8,0.9
735.1669471981365,-3.6790646218324645,-10.553154337433131,8,0.9
740.2804376994185,-3.6793308706131,-10.624495828961656,8,0.9
745.4294953398465,-3.679597118096072,-10.696304205837404,8,0.9
750.6143675084376,-3.6798864809633347,-10.768804623369862,8,0.9
755.8353033149348,-3.680152199912188,-10.841552434565413,8,0.9
761.0925536017771,-3.6804252146751164,-10.914847609728099,8,0.9
766.3863709561504,-3.6807133229613127,-10.98877026455065,8,0.9
771.717009722123,-3.680993002887749,-11.063096009306282,8,0.9
777.0847260128666,-3.681256269024342,-11.137748982706627,8,0.9
782.4897777229608,-3.681542509492945,-11.213118566577746,8,0.9
787.9324245407837,-3.681828172946955,-11.28897830286932,8,0.9
793.412927960989,-3.682105371241486,-11.365253457709416,8,0.9
798.9315512970695,-3.6823900805867393,-11.44210597277818,8,0.9
804.4885596940084,-3.682666502617986,-11.519382405695834,8,0.9
810.0842201410177,-3.682958796811257,-11.597328363045051,8,0.9
815.7188014843666,-3.683235111833954,-11.675628306355174,8,0.9
821.392574440298,-3.6835197450184003,-11.754530376044723,8,0.9
827.1058116080346,-3.6838211297024017,-11.834125324830728,8,0.9
832.8587874828772,-3.684107213913237,-11.914092076428767,8,0.9
838.6517784693928,-3.684386317311154,-11.994518230462806,8,0.9
844.4850628946929,-3.684683247959779,-12.075662334733309,8,0.9
850.3589210218082,-3.6849575329926716,-12.157112971855119,8,0.9
856.2736350631529,-3.6852505054301465,-12.239300158546001,8,0.9
862.2294891940834,-3.685538003322082,-12.321979230909617,8,0.9
868.226769566552,-3.685837001391923,-12.405331253382677,8,0.9
874.2657643228554,-3.68608988626621,-12.488758690039456,8,0.9
880.3467636094787,-3.686388481795755,-12.573226255922634,8,0.9
886.4700595910348,-3.6866751791092445,-12.658136152915306,8,0.9
892.635946464303,-3.6869672190785345,-12.743674417970631,8,0.9
898.844720472362,-3.6872399368458577,-12.82958461797233,8,0.9
905.096679918825,-3.6875275916388404,-12.916234803003864,8,0.9
911.3921251821704,-3.6877884918851747,-13.003185920291747,8,0.9
917.7313587301744,-3.6880912240005044,-13.091176158619612,8,0.9
924.1146851344428,-3.6883598845115455,-13.17939830146965,8,0.9
930.5424110850445,-3.6886463474175235,-13.26841433134676,8,0.9
937.0148454052463,-3.6889084012755076,-13.357774378187836,8,0.9
943.5322990663512,-3.6891898074051395,-13.447957093874976,8,0.9
950.0950852026382,-3.6894654702590417,-13.538696642078044,8,0.9
956.7035191264079,-3.6897273735663125,-13.62991064483802,8,0.9
963.3579183431307,-3.689993684321906,-13.72180291438636,8,0.9
970.0586025667028,-3.6902564763377503,-13.814292782733325,8,0.9
976.8058937348063,-3.6905342225794513,-13.907589867211726,8,0.9
983.6001160243768,-3.6907747213091096,-14.001124414549908,8,0.9
990.4415958671789,-3.69103185307575,-14.095497073165989,8,0.9
997.3306619654895,-3.6912888245444524,-14.190529132515111,8,0.9
1004.267645307891,-3.6915195794046163,-14.285936585367878,8,0.9
1011.2528791851732,-3.6917788745791458,-14.382336341937737,8,0.9
1018.2866992063468,-3.6920226922320976,-14.479244234709542,8,0.9
1025.3694433147675,-3.6922700064514475,-14.576879307622002,8,0.9
1032.5014518043733,-3.692503543823509,-14.675054342409872,8,0.9
1039.6830673360337,-3.69272411059237,-14.773784616310627,8,0.9
1046.9146349540124,-3.6929510048421808,-14.873295155847066,8,0.9
1054.1965021025467,-3.6931760611698157,-14.973501397242277,8,0.9
1061.5290186425389,-3.693372330131346,-15.074104203475784,8,0.9
1068.9125368683667,-3.6935872790265654,-15.1756507896673,8,0.9
1076.347411524809,-3.6937846016560516,-15.277735547862635,8,0.9
1083.8339998240897,-3.6939840329909868,-15.380591538783737,8,0.9
1091.37266146304,-3.6941866965043797,-15.484240228162244,8,0.9
1098.9637586403808,-3.69435554752969,-15.588264053447949,8,0.9
1106.607656074124,-3.6945295864929264,-15.693119104052135,8,0.9
1114.3047210190957,-3.694700375401485,-15.798717145921241,8,0.9
1122.0553232845823,-3.694869006328687,-15.90507967383672,8,0.9
1129.859835252096,-3.695017108214546,-16.01200266486301,8,0.9
1137.7186318932681,-3.69516511885374,-16.119731729135733,8,0.9
1145.6320907878635,-3.6952945159491835,-16.228060810047882,8,0.9
1153.600592141922,-3.6954160905633175,-16.337124407254848,8,0.9
1161.6245188060257,-3.6955607787157705,-16.447293450873392,8,0.9
1169.704256293693,-3.6956601039182124,-16.55777812627171,8,0.9
1177.840192799901,-3.6957447313793326,-16.668945616075575,8,0.9
1186.032719219736,-3.6958561258288603,-16.78129240707548,8,0.9
1194.2822291671753,-3.695914561492062,-16.893893437402255,8,0.9
1202.5891189939975,-3.69598179759234,-17.00748398441426,8,0.9
1210.9537878088256,-3.6960283637878137,-17.121728249551374,8,0.9
1219.3766374963034,-3.6960862305699522,-17.237013975054968,8,0.9
1227.8580727364024,-3.696104806950756,-17.35275534856183,8,0.9
1236.3985010238666,-3.696126587932227,-17.469465243364667,8,0.9
1244.9983326877905,-3.696131853567172,-17.58692220022848,8,0.9
1253.657980911332,-3.69613221529123,-17.705275459610622,8,0.9
1262.377861751566,-3.6960862386754485,-17.824045440699418,8,0.9
1271.1583941594727,-3.6960587852122013,-17.9440138017594,8,0.9
1280.0000000000673,-3.696008343729767,-18.06470040116451,8,0.9
1288.9031040726677,-3.6959466946362873,-18.186257821495253,8,0.9
1297.8681341313059,-3.695864047047981,-18.30858244546146,8,0.9
1306.8955209052763,-3.695739356137229,-18.43143643953968,8,0.9
1315.9856981198345,-3.695617484272376,-18.555367653489313,8,0.9
1325.1391025170333,-3.69549986999312,-18.680407375760726,8,0.9
1334.3561738767062,-3.695343109756281,-18.80605171536376,8,0.9
1343.6373550375972,-3.695159124835661,-18.93245687996773,8,0.9
1352.9830919186386,-3.6949487828456924,-19.059647585875535,8,0.9
1362.393833540373,-3.6947587638264467,-19.188196532162856,8,0.9
1371.8700320465282,-3.694510238667614,-19.31717660308194,8,0.9
1381.4121427257405,-3.6942498658491973,-19.447160807702172,8,0.9
1391.0206240334287,-3.6939671688255293,-19.5780395286285,8,0.9
1400.6959376138216,-3.693663145494528,-19.709840630437583,8,0.9
1410.4385483221372,-3.693350673395446,-19.842734394046847,8,0.9
1420.2489242469178,-3.6929952543302482,-19.97632467276218,8,0.9
1430.1275367325184,-3.6925974625968565,-20.110635235305246,8,0.9
1440.0748604017533,-3.692206326760197,-20.246269681595763,8,0.9
1450.0913731787002,-3.6917991236966294,-20.382973616129053,8,0.9
1460.177556311661,-3.6913401704168676,-20.520338270220414,8,0.9
1470.3338943962842,-3.690854623210329,-20.658682644167573,8,0.9
1480.560875398848,-3.690343448487545,-20.79803678212611,8,0.9
1490.8589906797042,-3.6897950741833716,-20.938281382231285,8,0.9
1501.2287350168863,-3.6892102409534626,-21.079444653710482,8,0.9
1511.670606629881,-3.6886280069837065,-21.222011920143636,8,0.9
1522.1851072035656,-3.6880114699067894,-21.365562702406745,8,0.9
1532.772741912312,-3.687309600803374,-21.509509979132517,8,0.9
1543.4340194442575,-3.686626576726842,-21.655114851891703,8,0.9
1554.1694520257447,-3.6858854883644323,-21.801482979361793,8,0.9
1564.9795554459333,-3.6851397460250013,-21.949270505152235,8,0.9
1575.8648490815792,-3.684310619151168,-22.09756468198001,8,0.9
1586.8258559219898,-3.6834922793958125,-22.247504778037122,8,0.9
1597.863102594151,-3.6825914727896043,-22.398008415500556,8,0.9
1608.9771193880288,-3.6816490814324117,-22.549583494219842,8,0.9
1620.1684402820476,-3.6807073755350377,-22.702752234142082,8,0.9
1631.4376029687455,-3.6797263176977415,-22.85706484187475,8,0.9
1642.7851488806082,-3.678664501501184,-23.012058456739215,8,0.9
1654.2116232160815,-3.6775643023936295,-23.168257465861267,8,0.9
1665.7175749657672,-3.6764695863989365,-23.326200983852022,8,0.9
1677.303556938798,-3.6752957112493494,-23.484921031529,8,0.9
1688.9701257893985,-3.6740425161756454,-23.644443790048072,8,0.9
1700.7178420436294,-3.672783399784996,-23.805653624490585,8,0.9
1712.5472701263188,-3.671475678834631,-23.968077967722696,8,0.9
1724.4589783881795,-3.6701050840466576,-24.131578430562687,8,0.9
1736.453539133117,-3.668687067727985,-24.296362808790995,8,0.9
1748.531528645724,-3.6672224141190486,-24.462468168167664,8,0.9
1760.6935272189705,-3.6656965544583544,-24.629754744069103,8,0.9
1772.940119182083,-3.664141015528879,-24.798615196903413,8,0.9
1785.2718929286193,-3.662510089365458,-24.968552376520147,8,0.9
1797.6894409447373,-3.660819696094812,-25.13978040399932,8,0.9
1810.1933598376636,-3.6590863897859793,-25.312519224770316,8,0.9
1822.7842503643546,-3.657278947870288,-25.486442913021605,8,0.9
1835.4627174603627,-3.6554301644394234,-25.661956985659636,8,0.9
1848.2293702688994,-3.6535412201727624,-25.839105071265895,8,0.9
1861.0848221701028,-3.6515468520848233,-26.017180480410044,8,0.9
1874.0296908105065,-3.649513563216221,-26.196969395532975,8,0.9
1887.0645981327166,-3.6474087882465223,-26.37813722236519,8,0.9
1900.190170405291,-3.645250069776151,-26.56091495976751,8,0.9
1913.4070382528298,-3.6429864555869957,-26.74476747911579,8,0.9
1926.715836686276,-3.6406873425319954,-26.93050540755089,8,0.9
1940.1172051334202,-3.638319024805497,-27.11778713550487,8,0.9
1953.611787469627,-3.6358821231131073,-27.30665544191375,8,0.9
1967.2002320487684,-3.633359275140113,-27.496955552085122,8,0.9
1980.8831917343723,-3.630768883962006,-27.688927816535582,8,0.9
1994.661323930994,-3.6280933211347097,-27.88241656617974,8,0.9
2008.535290615797,-3.6253514892021226,-28.077666734246648,8,0.9
2022.5057583703617,-3.622525494449037,-28.274521788107165,8,0.9
2036.573398412709,-3.6196347673503224,-28.473231333199433,8,0.9
2050.7388866295505,-3.616661150571647,-28.67363800499042,8,0.9
2065.0029036087626,-3.613644089109926,-28.876204333404143,8,0.9
2079.366134672083,-3.610506797882991,-29.08014765106039,8,0.9
2093.8292699080407,-3.6072685462016727,-29.28571866805873,8,0.9
2108.3930042051093,-3.60400988444809,-29.493812011747444,8,0.9
2123.0580372850936,-3.6006116194204765,-29.703207651106652,8,0.9
2137.82507373675,-3.5971343416921653,-29.914589854778868,8,0.9
2152.6948230496346,-3.5935998713414237,-30.128227695052736,8,0.9
2167.6679996481957,-3.589925804081486,-30.343306209173832,8,0.9
2182.7453229260964,-3.5861750544285353,-30.56052575411995,8,0.9
2197.927517280778,-3.5823704613002763,-30.780163020161183,8,0.9
2213.2153121482643,-3.5784923798870043,-31.002056560456055,8,0.9
2228.6094420382083,-3.574454068620581,-31.22536817133992,8,0.9
2244.1106465691814,-3.5703656773615187,-31.451266690249984,8,0.9
2259.7196705042093,-3.5661393383029476,-31.678908823967983,8,0.9
2275.4372637865536,-3.561843098521147,-31.909027952235306,8,0.9
2291.2641815757443,-3.5574789443817445,-32.14168659224797,8,0.9
2307.2011842838615,-3.5529552526514023,-32.37602280634333,8,0.9
2323.2490376120686,-3.5483894948118317,-32.613248213881505,8,0.9
2339.4085125874035,-3.5437128814055994,-32.85273025927049,8,0.9
2355.6803855998196,-3.5389505265081183,-33.09476329409764,8,0.9
2372.0654384394898,-3.5340303551715087,-33.338699353149835,8,0.9
2388.5644583343683,-3.5290762624295544,-33.58578482663973,8,0.9
2405.178237988013,-3.5239911984272525,-33.835133908215546,8,0.9
2421.9075756176694,-3.5187755212230662,-34.08680563365834,8,0.9
2438.753274992625,-3.5134815307372174,-34.341347087388044,8,0.9
2455.716145472823,-3.508111826938327,-34.59882891255276,8,0.9
2472.797002047752,-3.5025894247150746,-34.85858398265851,8,0.9
2489.9966653755996,-3.496968079110111,-35.121167880166205,8,0.9
2507.3159618226828,-3.491277189668379,-35.38690016044146,8,0.9
2524.755723503151,-3.4854094893446304,-35.65485348503557,8,0.9
2542.3167883189644,-3.4795883995811665,-35.92710608034751,8,0.9
2560.0000000001537,-3.4735097537647612,-36.20096261211528,8,0.9
2577.806208145355,-3.467457514349535,-36.47902510441487,8,0.9
2595.736268262631,-3.4612060150394166,-36.75933434771933,8,0.9
2613.7910418105726,-3.4548721902956143,-37.04298423044127,8,0.9
2631.971396239689,-3.448429624918257,-37.3297951395588,8,0.9
2650.2782050340866,-3.4419416921493875,-37.6203665024546,8,0.9
2668.7123477534324,-3.435259669855019,-37.913472717131114,8,0.9
2687.274710075215,-3.428539010460738,-38.21050102577541,8,0.9
2705.9661838372976,-3.421722262829394,-38.511010757261424,8,0.9
2724.7876670807664,-3.4148451444049517,-38.815351857227775,8,0.9
2743.740064093077,-3.4078477422855347,-39.12307664516659,8,0.9
2762.824285451502,-3.40073286463614,-39.43426704281595,8,0.9
2782.0412480668783,-3.3935035735767674,-39.74900655355424,8,0.9
2801.391875227664,-3.3862311608094373,-40.067924956790854,8,0.9
2820.8770966442953,-3.3788876898299414,-40.39084327607643,8,0.9
2840.4978484938565,-3.3714086767970186,-40.71730365707322,8,0.9
2860.2550734650586,-3.3639387814989274,-41.048497062007684,8,0.9
2880.1497208035285,-3.3563073026072052,-41.383138513850874,8,0.9
2900.1827463574223,-3.3486621501539062,-41.72242845985878,8,0.9
2920.355112623344,-3.340863670655268,-42.06534854481764,8,0.9
2940.6677887925907,-3.3330647010215078,-42.413112306465926,8,0.9
2961.121750797718,-3.3251602217312515,-42.764977058778776,8,0.9
2981.717981359431,-3.3172325021346993,-43.121605291075916,8,0.9
3002.4574700337953,-3.3092902120748358,-43.483100720040106,8,0.9
3023.3412132597846,-3.3013026663174463,-43.84928257624816,8,0.9
3044.3702144071544,-3.2931968705610077,-44.219680364305184,8,0.9
3065.545483824648,-3.2851007926358355,-44.59525575020972,8,0.9
3086.868038888538,-3.276941772782649,-44.97554008653735,8,0.9
3108.338904051513,-3.26881195581697,-45.361216973565654,8,0.9
3129.9591108918903,-3.26063729296283,-45.75181638412813,8,0.9
3151.7296981631816,-3.2525135583716365,-46.14802792230172,8,0.9
3173.651711844004,-3.2443210598033296,-46.54908813611778,8,0.9
3195.726205188326,-3.236112436705537,-46.955396933402746,8,0.9
3217.954238776082,-3.2280803966830622,-47.36823901216388,8,0.9
3240.3368805641194,-3.219920000200482,-47.7856745347896,8,0.9
3262.8752059375156,-3.2118715659593695,-48.209284043074305,8,0.9
3285.570297761241,-3.2039038286173187,-48.63888886996119,8,0.9
3308.4232464321876,-3.195934952435022,-49.07401313162356,8,0.9
3331.435149931559,-3.188074735565101,-49.51536220878587,8,0.9
3354.607113877621,-3.1803896942541225,-49.96334849913274,8,0.9
3377.9402515788224,-3.1726966249633715,-50.41690313842039,8,0.9
3401.4356840872842,-3.1651097778280364,-50.87673389679583,8,0.9
3425.094540252663,-3.1576980788051463,-51.34325338715095,8,0.9
3448.9179567763854,-3.1504283060696676,-51.81628096385354,8,0.9
3472.9070782662598,-3.1433188003058143,-52.295932177098216,8,0.9
3497.0630572914743,-3.1363887715955885,-52.78232215941995,8,0.9
3521.387054437968,-3.1296583240094256,-53.275565414595164,8,0.9
3545.880238364193,-3.1231484802059533,-53.77577558733875,8,0.9
3570.543785857265,-3.1167666928730413,-54.28247566873892,8,0.9
3595.378881889502,-3.1107631808025795,-54.79695728043549,8,0.9
3620.3867196753545,-3.1050490642699686,-55.318739303162076,8,0.9
3645.5685007287366,-3.099649270362111,-55.84792934522413,8,0.9
3670.9254349207527,-3.094468170424162,-56.38405002422079,8,0.9
3696.458740537827,-3.0897124147808572,-56.92808174109623,8,0.9
3722.1696443402334,-3.0852249059325465,-57.47925454711976,8,0.9
3748.0593816210417,-3.081283389254363,-58.03882393252363,8,0.9
3774.129196265462,-3.077665696866015,-58.60573108207815,8,0.9
3800.3803408106105,-3.0745937656757425,-59.18092808281844,8,0.9
3826.8140765056887,-3.0718372872975857,-59.76336605270099,8,0.9
3853.43167337258,-3.0696905184687377,-60.35426451247576,8,0.9
3880.2344102668694,-3.067985990912093,-60.9528594120936,8,0.9
3907.223574939284,-3.0671000199140823,-61.56061300975468,8,0.9
3934.400464097566,-3.0665863411685494,-62.17565623929609,8,0.9
3961.7663834687746,-3.0668273539949324,-62.79942972900567,8,0.9
3989.322647862018,-3.067720532244173,-63.43144147184137,8,0.9
4017.070581231624,-3.06930298103036,-64.07174383784624,8,0.9
4045.011516740754,-3.0716128441207324,-64.72038198112925,8,0.9
4073.1467968254487,-3.074764497200571,-65.37765063419518,8,0.9
4101.477773259132,-3.0788010735802502,-66.0435677908143,8,0.9
4130.005807217556,-3.0834578613714996,-66.71714286356651,8,0.9
4158.732269344197,-3.089158921164779,-67.39965044622058,8,0.9
4187.658539816113,-3.095715563626707,-68.09034281981431,8,0.9
4216.78600841025,-3.1034090527201172,-68.78993358622007,8,0.9
4246.116074570219,-3.111965211764015,-69.4974467674895,8,0.9
4275.650147473531,-3.121751833868573,-70.21378657525818,8,0.9
4305.389646099301,-3.132488271498991,-70.9379919636743,8,0.9
4335.335999296423,-3.1445512597102345,-71.67090248643596,8,0.9
4365.4906458522255,-3.157823413748729,-72.41199425460199,8,0.9
4395.8550345615895,-3.172351938175032,-73.16118343591123,8,0.9
4426.430624296562,-3.1880107227215984,-73.91797588358412,8,0.9
4457.21888407645,-3.2050174229035564,-74.68268161602496,8,0.9
4488.2212931383965,-3.2233312787320307,-75.45499015697267,8,0.9
4519.439341008452,-3.2432657530507445,-76.2353169008535,8,0.9
4550.874527573141,-3.264692978901356,-77.02312198454635,8,0.9
4582.528363151522,-3.2874780048463963,-77.8179057583361,8,0.9
4614.402368567757,-3.3116628393606895,-78.61952597387106,8,0.9
4646.498075224173,-3.33765972275468,-79.42842217764829,8,0.9
4678.817025174842,-3.365425437734442,-80.24418949460862,8,0.9
4711.360771199674,-3.394724589243017,-81.06617198721797,8,0.9
4744.130876879015,-3.4257861773276193,-81.8944184494686,8,0.9
4777.128916668773,-3.45846200416928,-82.72843304091408,8,0.9
4810.356475976061,-3.493173588749387,-83.56841655571883,8,0.9
4843.815151235375,-3.529481517172987,-84.41353118507763,8,0.9
4877.506549985286,-3.568001569368224,-85.26408348851699,8,0.9
4911.432290945683,-3.6081893349186083,-86.11918914687068,8,0.9
4945.594004095541,-3.650369126655861,-86.97880661436886,8,0.9
4979.9933307512365,-3.6944750836828986,-87.84252587596926,8,0.9
5014.631923645403,-3.7406352465891786,-88.71006571340492,8,0.9
5049.511447006339,-3.7887786060072877,-89.58101185618152,8,0.9
5084.633576637967,-3.8388305615421396,-90.45497865336964,8,0.9
5120.000000000346,-3.891211389515787,-91.33171988094804,8,0.9
5155.612416290749,-3.945543689086347,-92.21072688596696,8,0.9
5191.4725365253,-4.002044180463054,-93.09165380958883,8,0.9
5227.582083621183,-4.060627881716506,-93.9740929218741,8,0.9
5263.942792479418,-4.121306767747963,-94.85765291159521,8,0.9
5300.556410068212,-4.184190147665538,-95.7419094797778,8,0.9
5337.424695506905,-4.248984333953403,-96.62654978440128,8,0.9
5374.54942015047,-4.316192971185638,-97.5109889175933,8,0.9
5411.932367674636,-4.385416730556466,-98.39497016623768,8,0.9
5449.575334161574,-4.456753519604711,-99.27805305763852,8,0.9
5487.480128186196,-4.530297714925818,-100.15975813825486,8,0.9
5525.648570903045,-4.606040726465633,-101.03965777049119,8,0.9
5564.082496133798,-4.683675041044256,-101.91762522646876,8,0.9
5602.78375045537,-4.763582544188551,-102.79289528061723,8,0.9
5641.754193288633,-4.8451580128872145,-103.6657362261171,8,0.9
5680.995696987757,-4.929361801284538,-104.53460746274261,8,0.9
5720.51014693016,-5.015195909422808,-105.40034215130208,8,0.9
5760.2994416071,-5.103124522527405,-106.26195978213318,8,0.9
5800.365492714889,-5.193120272066292,-107.1190818529662,8,0.9
5840.710225246731,-5.285058382616272,-107.97150553883557,8,0.9
5881.335577585225,-5.378720211324081,-108.81924806841288,8,0.9
5922.243501595481,-5.474546006433715,-109.66113524654688,8,0.9
5963.435962718906,-5.571938421291262,-110.49792571511178,8,0.9
6004.914940067636,-5.671145091887611,-111.32880689841393,8,0.9
6046.682426519615,-5.772402917076887,-112.15288081231269,8,0.9
6088.740428814354,-5.8752140938990625,-112.97088010560508,8,0.9
6131.090967649341,-5.979902190850263,-113.7817145629725,8,0.9
6173.736077777122,-6.086066593129181,-114.58601650259081,8,0.9
6216.6778081030725,-6.193758673622498,-115.38337064750645,8,0.9
6259.918221783827,-6.303199015755862,-116.17286202288251,8,0.9
6303.4593963264115,-6.413909578068893,-116.95549960799808,8,0.9
6347.303423688055,-6.526279428804998,-117.72988598286456,8,0.9
6391.4524103767,-6.639923021635129,-118.49686182124674,8,0.9
6435.9084775522115,-6.755215929658787,-119.25497640509276,8,0.9
6480.673761128287,-6.871695124979462,-120.00540279304923,8,0.9
6525.750411875079,-6.989483375531178,-120.74749462283658,8,0.9
6571.140595522531,-7.108456043091808,-121.48142394222839,8,0.9
6616.846492864425,-7.228728847020146,-122.2065323233269,8,0.9
6662.870299863169,-7.350021186636491,-122.92359746321738,8,0.9
6709.214227755292,-7.472677937708423,-123.63108980677576,8,0.9
6755.880503157695,-7.596192693581472,-124.33071572605827,8,0.9
6802.871368174619,-7.720978135609419,-125.02063381631754,8,0.9
6850.189080505378,-7.846395001179891,-125.70324046350942,8,0.9
6897.835913552822,-7.972995228575127,-126.37606582775365,8,0.9
6945.814156532571,-8.100442753943387,-127.04032293805506,8,0.9
6994.126114583001,-8.228769996081242,-127.69569558345013,8,0.9
7042.774108875988,-8.357798685984402,-128.34282813458356,8,0.9
7091.760476728439,-8.487767810973665,-128.98045131829215,8,0.9
7141.087571714584,-8.618364747152357,-129.60987405588952,8,0.9
7190.757763779057,-8.749755803521575,-130.23015082083458,8,0.9
7240.773439350762,-8.881706567357787,-130.8423013507319,8,0.9
7291.137001457528,-9.014442596995071,-131.44504697033713,8,0.9
7341.850869841561,-9.147546203970332,-132.04043115641278,8,0.9
7392.917481075709,-9.281366129181121,-132.62650972345915,8,0.9
7444.339288680522,-9.415802473726307,-133.2036692063217,8,0.9
7496.118763242139,-9.550641007128458,-133.77298623568134,8,0.9
7548.258392530979,-9.685915349304688,-134.33419674049415,8,0.9
7600.760681621277,-9.821713766805276,-134.886694543142,8,0.9
7653.628153011434,-9.957947354853735,-135.43089552896922,8,0.9
7706.863346745218,-10.0944204859372,-135.96790796962162,8,0.9
7760.468820533797,-10.231388696198543,-136.49610595089484,8,0.9
7814.447149878626,-10.368658191750374,-137.01660356691252,8,0.9
7868.800928195191,-10.506153345238243,-137.52983540487872,8,0.9
7923.532766937609,-10.64395924887842,-138.03520665657652,8,0.9
7978.645295724095,-10.782103371133399,-138.53246678890963,8,0.9
8034.141162463309,-10.920409391805936,-139.02274366814513,8,0.9
8090.023033481568,-11.0590088861878,-139.50510231146995,8,0.9
8146.293593650958,-11.197732522765982,-139.98067310169853,8,0.9
8202.955546518326,-11.336660548668059,-140.44886737212485,8,0.9
8260.011614435174,-11.47582032319609,-140.9094426589467,8,0.9
8317.464538688457,-11.615052586561207,-141.36352947206345,8,0.9
8375.317079632288,-11.754389549144646,-141.8108847746521,8,0.9
8433.572016820564,-11.893860832705707,-142.25126765400154,8,0.9
8492.232149140504,-12.033493580145771,-142.68443996626976,8,0.9
8551.300294947127,-12.173055377941388,-143.11220581469584,8,0.9
8610.779292198666,-12.312792929597752,-143.53262404775566,8,0.9
8670.671998592914,-12.452604523611676,-143.9464782883215,8,0.9
8730.981291704516,-12.592354502660541,-144.3548819111838,8,0.9
8791.710069123244,-12.732195826105649,-144.7565833487673,8,0.9
8852.86124859319,-12.872113724729852,-145.15168681397563,8,0.9
8914.437768152968,-13.011901602666097,-145.54196526500152,8,0.9
8976.44258627686,-13.151783161905282,-145.9255089401009,8,0.9
9038.878682016972,-13.291594808647496,-146.30374957613566,8,0.9
9101.74905514635,-13.431403091708784,-146.6761177113804,8,0.9
9165.056726303115,-13.571162243702293,-147.04303941735841,8,0.9
9228.804737135582,-13.710899942968588,-147.40427964059376,8,0.9
9292.996150448414,-13.850572630753387,-147.76025977831705,8,0.9
9357.634050349754,-13.990241554796274,-148.11042077890252,8,0.9
9422.721542399418,-14.129763360348864,-148.45615280190347,8,0.9
9488.261753758103,-14.269234036471069,-148.79656984280902,8,0.9
9554.257833337617,-14.408646259487208,-149.13176284591106,8,0.9
9620.712951952195,-14.547929861581482,-149.4624588020535,8,0.9
9687.630302470823,-14.687143780752042,-149.78810296131866,8,0.9
9755.013099970645,-14.82631229953274,-150.10846725929053,8,0.9
9822.864581891441,-14.965308015116715,-150.42489799552072,8,0.9
9891.188008191157,-15.104218521123263,-150.73652897754096,8,0.9
9959.98666150255,-15.243067481561907,-151.04313330584068,8,0.9
10029.26384729088,-15.38176314443589,-151.34572507266057,8,0.9
10099.022894012754,-15.520331803644364,-151.64406825818034,8,0.9
10169.26715327601,-15.658797973490577,-151.93793219160204,8,0.9
10240.000000000768,-15.797157514192426,-152.2273955213149,8,0.9
10311.224832581574,-15.935327089897914,-152.51344200461259,8,0.9
10382.945073050678,-16.07338531616536,-152.79523113750864,8,0.9
10455.164167242447,-16.211354314067155,-153.07253910263097,8,0.9
10527.885584958914,-16.3491290207426,-153.34663245862143,8,0.9
10601.112820136505,-16.486833857736965,-153.61609200710842,8,0.9
10674.849391013888,-16.624342110212684,-153.88246657699113,8,0.9
10749.098840301021,-16.76172652254715,-154.14493531347193,8,0.9
10823.864735349352,-16.898937784867083,-154.40414679887743,8,0.9
10899.15066832323,-17.036068187136763,-154.6590053716024,8,0.9
10974.960256372473,-17.17302270095393,-154.91073356349753,8,0.9
11051.297141806172,-17.309824006191647,-155.1591013567175,8,0.9
11128.16499226768,-17.446471471062274,-155.40416749673838,8,0.9
11205.567500910824,-17.5830075589776,-155.64542740164373,8,0.9
11283.508386577352,-17.719366293507672,-155.88378613056454,8,0.9
11361.991393975597,-17.855590019975985,-156.11873863771845,8,0.9
11441.020293860403,-17.991616267349837,-156.3511718712456,8,0.9
11520.598883214287,-18.12752729660818,-156.58003234597425,8,0.9
11600.730985429864,-18.263261878244897,-156.80619959162198,8,0.9
11681.420450493551,-18.39887928044528,-157.02890792460084,8,0.9
11762.671155170538,-18.53433957689263,-157.2487554902538,8,0.9
11844.48700319105,-18.669624300089314,-157.46605837646314,8,0.9
11926.871925437901,-18.804771586744423,-157.68032894455723,8,0.9
12009.82988013536,-18.939762783389313,-157.8918830914659,8,0.9
12093.36485303932,-19.07461617065114,-158.1005052475055,8,0.9
12177.4808576288,-19.2092963560842,-158.30676596234514,8,0.9
12262.181935298773,-19.343822037239885,-158.51044609438964,8,0.9
12347.472155554336,-19.478210781615243,-158.7113325316939,8,0.9
12433.355616206238,-19.612462426609,-158.90947302578013,8,0.9
12519.836443567749,-19.746560511581635,-159.10516759952748,8,0.9
12606.918792652916,-19.880489734544845,-159.29870858474493,8,0.9
12694.606847376202,-20.01428340971575,-159.4896314151798,8,0.9
12782.904820753494,-20.147926039607622,-159.6782284984617,8,0.9
12871.816955104521,-20.28141853587929,-159.86453829051624,8,0.9
12961.347522256672,-20.41479197507895,-160.0481090366937,8,0.9
13051.500823750257,-20.548001388303774,-160.22971682116466,8,0.9
13142.28119104516,-20.68101938009153,-160.40987559453936,8,0.9
13233.69298572895,-20.81394949895055,-160.58692773720392,8,0.9
13325.740599726436,-20.946719441640287,-160.76211826471135,8,0.9
13418.428455510686,-21.079330995048956,-160.93547628315386,8,0.9
13511.761006315492,-21.211867824364706,-161.1056212284276,8,0.9
13605.74273634934,-21.34419345639071,-161.2749422973046,8,0.9
13700.378161010858,-21.476404799223445,-161.44182600092918,8,0.9
13795.671827105747,-21.608462728712666,-161.60700340311885,8,0.9
13891.628313065248,-21.740420188837817,-161.7695867968668,8,0.9
13988.252229166108,-21.872213613207144,-161.9307547821853,8,0.9
14085.548217752083,-22.003870190347875,-162.090076877803,8,0.9
14183.520953456982,-22.135415482557775,-162.24713464639956,8,0.9
14282.175143429275,-22.26680161204215,-162.40285437981302,8,0.9
14381.515527558222,-22.398066343251422,-162.55659278563806,8,0.9
14481.546878701633,-22.529187141236783,-162.7088198746944,8,0.9
14582.274002915165,-22.66021146785932,-162.85868766356555,8,0.9
14683.70173968323,-22.791082760896522,-163.00731610076124,8,0.9
14785.834962151528,-22.921836528323688,-163.15407825605936,8,0.9
14888.678577361155,-23.05247349881408,-163.29900381676512,8,0.9
14992.23752648439,-23.18296230242354,-163.44275644522673,8,0.9
15096.516785062071,-23.31333684188255,-163.58472133436481,8,0.9
15201.521363242668,-23.44357713502739,-163.7253437549395,8,0.9
15307.256306022984,-23.57371555683899,-163.86402131159412,8,0.9
15413.726693490553,-23.70372226173938,-164.00140247532457,8,0.9
15520.93764106771,-23.833628655737527,-164.136892689679,8,0.9
15628.894299757369,-23.963396138372413,-164.27133353108331,8,0.9
15737.6018563905,-24.093074793811205,-164.40373127572204,8,0.9
15847.065533875337,-24.222607948285297,-164.5353192562735,8,0.9
15957.29059144831,-24.35202604555855,-164.665509929164,8,0.9
16068.282324926739,-24.481339465407245,-164.79412651306896,8,0.9
16180.046066963258,-24.610540024214764,-164.92138883138875,8,0.9
16292.587187302037,-24.739646670267806,-165.04692774836298,8,0.9
16405.911093036775,-24.86863366204192,-165.17134955479816,8,0.9
16520.023228870472,-24.997494065892838,-165.29486052680184,8,0.9
16634.92907737704,-25.126263700606827,-165.41670997415073,8,0.9
16750.634159264704,-25.254942988777906,-165.53692409801633,8,0.9
16867.144033641256,-25.383499616949457,-165.65627895603396,8,0.9
16984.464298281135,-25.511943624821917,-165.77459771782182,8,0.9
17102.600589894384,-25.64029245950078,-165.8915236680412,8,0.9
17221.558584397462,-25.76854693783895,-166.00707754056148,8,0.9
17341.343997185955,-25.8967078810308,-166.1212797077537,8,0.9
17461.962583409164,-26.024760958314253,-166.234512271013,8,0.9
17583.42013824662,-26.152707694363023,-166.3467872205775,8,0.9
17705.72249718651,-26.2805642878708,-166.45775932900614,8,0.9
17828.875536306066,-26.40832431336424,-166.5676249244872,8,0.9
17952.885172553855,-26.53598891388637,-166.6763990169919,8,0.9
18077.75736403408,-26.663559223143054,-166.78409634636657,8,0.9
18203.498110292836,-26.791036365394895,-166.89073138823406,8,0.9
18330.113452606365,-26.918421455362296,-166.9963183593791,8,0.9
18457.609474271307,-27.045722298465073,-167.10070017236256,8,0.9
18585.99230089697,-27.172933086373344,-167.2040640136401,8,0.9
18715.26810069965,-27.30005490967843,-167.30642333095352,8,0.9
18845.44308479898,-27.427088849022073,-167.40779133464596,8,0.9
18976.523507516347,-27.554035975048173,-167.5081810028476,8,0.9
19108.51566667538,-27.680891140057994,-167.60777017307424,8,0.9
19241.425903904536,-27.807667904863777,-167.7062400328412,8,0.9
19375.260604941792,-27.934367028907555,-167.8036063953061,8,0.9
19510.026199941436,-28.060977406907327,-167.9002080282384,8,0.9
19645.729163783028,-28.18750617370334,-167.99589290095614,8,0.9
19782.376016382463,-28.313954339365914,-168.09067269731648,8,0.9
19919.973323005244,-28.4403172353594,-168.18471710573064,8,0.9
20058.527694581913,-28.566612856910048,-168.27756280003598,8,0.9
20198.045788025658,-28.69284167826182,-168.36922756422717,8,0.9
20338.53430655217,-28.81897167290578,-168.46065813240742,8,0.9
20480.00000000169,-28.945042141240748,-168.55077557654005,8,0.9
20622.4496651633,-29.07103228319182,-168.64021100841697,8,0.9
20765.890146101516,-29.196943280811745,-168.7289715105308,8,0.9
20910.32833448505,-29.32279160367272,-168.8166124190248,8,0.9
21055.771169917985,-29.448562638239153,-168.9035985695223,8,0.9
21202.22564027317,-29.574267427496068,-168.9896397657889,8,0.9
21349.698782027936,-29.699892020962544,-169.07519094127085,8,0.9
21498.197680602203,-29.825452165215168,-169.1598163493103,8,0.9
21647.72947069887,-29.95094852633924,-169.24352847064392,8,0.9
21798.301336646622,-30.076377103515973,-169.32648385984558,8,0.9
21949.920512745113,-30.20172957368132,-169.40897805522215,8,0.9
22102.59428361251,-30.327025309689688,-169.49044491056642,8,0.9
22256.32998453553,-30.452255831077004,-169.57118171149236,8,0.9
22411.135001821818,-30.57742197561573,-169.65119706037885,8,0.9
22567.01677315487,-30.702528901206815,-169.73036017127876,8,0.9
22723.98278795137,-30.827560171352523,-169.8092353936297,8,0.9
22882.04058772098,-30.95253817904019,-169.88713566063245,8,0.9
23041.197766428744,-31.07745920603653,-169.96421121644025,8,0.9
23201.4619708599,-31.202315699163652,-170.040743610985,8,0.9
23362.840900987278,-31.327108622081997,-170.1167377750099,8,0.9
23525.342310341253,-31.451846847120123,-170.1919316368771,8,0.9
23688.974006382276,-31.57653096027285,-170.26633561219427,8,0.9
23853.743850875984,-31.70115000432157,-170.34035471656875,8,0.9
24019.6597602709,-31.82572022546411,-170.4134680705457,8,0.9
24186.729706078822,-31.950234554963636,-170.4859479213841,8,0.9
24354.96171525778,-32.07468636183707,-170.5580590136323,8,0.9
24524.363870597732,-32.19909844912884,-170.62903538877592,8,0.9
24694.944311108862,-32.32344587310511,-170.69978388992777,8,0.9
24866.711232412665,-32.447743897762045,-170.76979871858833,8,0.9
25039.672887135683,-32.57198612096588,-170.83933969953804,8,0.9
25213.837585306024,-32.696180220704996,-170.90816205709254,8,0.9
25389.213694752598,-32.8203267237063,-170.97627491089563,8,0.9
25565.809641507185,-32.944412867659686,-171.04417767917343,8,0.9
25743.63391020923,-33.06845611585984,-171.11126013399175,8,0.9
25922.695044513537,-33.19245360685133,-171.17765453065516,8,0.9
26103.00164750071,-33.31639948805649,-171.2436095969708,8,0.9
26284.562382090517,-33.44029453715737,-171.30912879142477,8,0.9
26467.385971458098,-33.56414878202968,-171.3738604491122,8,0.9
26651.481199453076,-33.68795040314642,-171.4382855159906,8,0.9
26836.856911021572,-33.81171227551528,-171.50193797018014,8,0.9
27023.522012631187,-33.9354288325081,-171.56506017491628,8,0.9
27211.485472698885,-34.059094849088645,-171.62788782757127,8,0.9
27400.75632202192,-34.18272265354204,-171.68996453730307,8,0.9
27591.3436542117,-34.30630692052119,-171.75152747070337,8,0.9
27783.256626130707,-34.42984543957847,-171.81269461622477,8,0.9
27976.504458332423,-34.553344398951815,-171.87324512176727,8,0.9
28171.096435504372,-34.676801532887715,-171.9332976218107,8,0.9
28367.04190691418,-34.800214727905434,-171.99296752481084,8,0.9
28564.35028685876,-34.923589911636455,-172.05203848727427,8,0.9
28763.031055116662,-35.04692232382673,-172.11073531372017,8,0.9
28963.093757403483,-35.17021772463567,-172.16884461612952,8,0.9
29164.548005830547,-35.293468971583785,-172.22669522565818,8,0.9
29367.403479366687,-35.41669170513018,-172.28364846582284,8,0.9
29571.669924303278,-35.53986887370873,-172.34045820236767,8,0.9
29777.35715472254,-35.66301095652534,-172.39670236125477,8,0.9
29984.475052969006,-35.786113593470425,-172.45259625390204,8,0.9
30193.03357012437,-35.909184415191056,-172.50783158920555,8,0.9
30403.042726485564,-36.032214464708346,-172.562828398217,8,0.9
30614.512612046197,-36.155213535578724,-172.6171783709932,8,0.9
30827.45338698134,-36.278172926518344,-172.67129561181682,8,0.9
31041.875282135654,-36.40110215424261,-172.72477745152779,8,0.9
31257.788599514974,-36.523997128701936,-172.77783224012967,8,0.9
31475.203712781236,-36.646858309270065,-172.83046409531912,8,0.9
31694.13106775091,-36.76968190963627,-172.88287419932044,8,0.9
31914.581182896858,-36.8924790063873,-172.9345730543352,8,0.9
32136.564649853717,-37.0152374113533,-172.98615391741367,8,0.9
32360.09213392676,-37.13796797780769,-173.0371320032751,8,0.9
32585.17437460432,-37.26066295306317,-173.08789854305323,8,0.9
32811.8221860738,-37.38333082420303,-173.13807263558493,8,0.9
33040.04645774119,-37.505964058309836,-173.18803999041108,8,0.9
33269.85815475433,-37.62857282038303,-173.23733111285293,8,0.9
33501.26831852966,-37.751147818683684,-173.28642140917447,8,0.9
33734.28806728276,-37.873697069319064,-173.33494036272708,8,0.9
33968.928596562524,-37.99621162300876,-173.3833547139678,8,0.9
34205.20117978902,-38.11870296902192,-173.43111461188917,8,0.9
34443.11716879519,-38.24116054611221,-173.4787727144582,8,0.9
34682.68799437217,-38.36359551821164,-173.52578670747408,8,0.9
34923.92516681859,-38.485999354107356,-173.57261206795894,8,0.9
35166.8402764935,-38.6083776954611,-173.61898187682206,8,0.9
35411.44499437329,-38.730730822760584,-173.66490084918178,8,0.9
35657.7510726124,-38.853057347052086,-173.71046098190055,8,0.9
35905.77034510798,-38.975354325387514,-173.75583845336106,8,0.9
36155.51472806843,-39.09762706319154,-173.80077299452216,8,0.9
36406.99622058595,-39.219872604640436,-173.84543952768064,8,0.9
36660.22690521301,-39.342095998014905,-173.8895823097055,8,0.9
36915.21894854289,-39.464291143285166,-173.9335432217183,8,0.9
37171.98460179422,-39.58646290255786,-173.97706627282685,8,0.9
37430.53620139958,-39.708611228421105,-174.02015041741925,8,0.9
37690.88616959824,-39.83073284661065,-174.06295654731306,8,0.9
37953.04701503298,-39.952827006622,-174.10547023470104,8,0.9
38217.03133335104,-40.07489586998452,-174.14741947085182,8,0.9
38482.85180780936,-40.196927252797884,-174.18907733983937,8,0.9
38750.521209883875,-40.318904935155864,-174.22999597533362,8,0.9
39020.05239988316,-40.44071918817073,-174.27029085032524,8,0.9
39291.458327566346,-40.56196959265301,-174.31258806951516,8,0.9
39564.752032765224,-40.6844875937763,-174.3586279728727,8,0.9
39839.94664601079,-40.80678011856452,-174.3977047316737,8,0.9
40117.05538916413,-40.928785222626985,-174.43695063386676,8,0.9
40396.09157605162,-41.050713501803145,-174.4760101930675,8,0.9
40677.068613104646,-41.1725971718343,-174.5147419502414,8,0.9
40960.00000000368,-41.29442612357171,-174.55326142828395,8,0.9
41244.899330326916,-41.41614221415821,-174.5908759279883,8,0.9
41531.78029220334,-41.53730768351615,-174.62854927304429,8,0.9
41820.65666897041,-41.65921516884695,-174.67515628314152,8,0.9
42111.54233983629,-41.781593277252796,-174.71202959449255,8,0.9
42404.45128054665,-41.903484736692285,-174.748532748464,8,0.9
42699.3975640562,-42.02527228454156,-174.78547639006518,8,0.9
42996.39536120473,-42.14702306594674,-174.82215206526155,8,0.9
43295.458941398065,-42.26874652008172,-174.85874224862232,8,0.9
43596.60267329357,-42.3904473749371,-174.89519763488644,8,0.9
43899.84102549055,-42.512129856949834,-174.93135188962108,8,0.9
44205.18856722535,-42.63379497312157,-174.96719469090408,8,0.9
44512.659969071385,-42.75544122042041,-175.0028611709935,8,0.9
44822.27000364397,-42.87706910961815,-175.03834669785914,8,0.9
45134.033546310086,-42.99868213254324,-175.07344153063025,8,0.9
45447.96557590307,-43.120277478772636,-175.1083536991662,8,0.9
45764.081175442305,-43.2418554716414,-175.1430821346169,8,0.9
46082.39553285784,-43.36341838030458,-175.17749116747623,8,0.9
46402.92394172015,-43.48496640730674,-175.2115833434934,8,0.9
46725.681801974904,-43.60649783226972,-175.24549459814943,8,0.9
47050.68462068286,-43.728013865306266,-175.27915887785971,8,0.9
47377.94801276491,-43.84951286553141,-175.31270912219907,8,0.9
47707.487701752325,-43.97099971138396,-175.34581814782445,8,0.9
48039.319520542165,-44.09247178285983,-175.37868606489926,8,0.9
48373.45941215801,-44.21392928612964,-175.41131460826088,8,0.9
48709.923430515926,-44.335369785646265,-175.4438971453856,8,0.9
49048.72774119583,-44.456800527390115,-175.47592404902673,8,0.9
49389.888622218095,-44.57821382946017,-175.50797060542166,8,0.9
49733.4224648257,-44.69961508697182,-175.53965804589032,8,0.9
50000.0,-44.79323524402935,-175.56392485532743,8,0.9
10.0,-0.3032887870877437,-0.5145794054032351,9,1.0
10.069555500567189,-0.30355737623719553,-0.5175178017545032,9,1.0
10.139594797900294,-0.303839639883005,-0.5204663447594358,9,1.0
10.210121257071936,-0.3041163148980992,-0.5234228205552617,9,1.0
10.281138266560667,-0.30440668862521025,-0.5263892247667237,9,1.0
10.352649238413779,-0.3046850750138481,-0.5293625875752642,9,1.0
10.424657608411218,-0.30498360976919275,-0.5323463622518306,9,1.0
10.497166836230678,-0.3052830322839093,-0.5353382753045933,9,1.0
10.57018040561381,-0.30557693230111266,-0.5383374537360563,9,1.0
10.643701824533608,-0.30587174789877636,-0.5413444798995691,9,1.0
10.71773462536294,-0.3061803400150823,-0.5443607016617247,9,1.0
10.792282365044281,-0.30648345193505194,-0.5473837503849331,9,1.0
10.867348625260592,-0.30678752179277075,-0.5504142161639641,9,1.0
10.942937012607405,-0.30709898711836187,-0.5534527090305232,9,1.0
11.019051158766118,-0.307411439605184,-0.5564983207767747,9,1.0
11.095694720678463,-0.3077313168182939,-0.5595516672223534,9,1.0
11.172871380722214,-0.3080586335132257,-0.562612603768951,9,1.0
11.250584846888108,-0.30838056078513754,-0.5656794085015253,9,1.0
11.328838852958,-0.30871638036853416,-0.568754274800533,9,1.0
11.407637158684253,-0.3090404210807336,-0.5718338698783455,9,1.0
11.486983549970367,-0.3093783857583584,-0.5749212048285383,9,1.0
11.566881839052892,-0.3097174476160119,-0.5780145154075953,9,1.0
11.647335864684578,-0.31006404438040136,-0.5811144391743102,9,1.0
11.728349492318808,-0.31039893083395786,-0.5842183377824088,9,1.0
11.809926614295325,-0.3107478071849923,-0.5873293099825029,9,1.0
11.892071150027233,-0.3111042696537145,-0.5904463670563914,9,1.0
11.97478704618931,-0.3114683355248621,-0.5935693357572334,9,1.0
12.05807827690763,-0.3118271831583352,-0.5966963391037384,9,1.0
12.141948843950495,-0.31218725123026847,-0.599828015791963,9,1.0
12.226402776920713,-0.3125485586195362,-0.6029641640706813,9,1.0
12.31144413344919,-0.31291112450254394,-0.6061045791771958,9,1.0
12.397076999389895,-0.313287805581999,-0.6092508081379179,9,1.0
12.48330548901615,-0.3136722017578393,-0.6124017971703773,9,1.0
12.570133745218314,-0.3140579142545621,-0.6155564625562897,9,1.0
12.657565939702833,-0.31443854565676693,-0.6187136900704723,9,1.0
12.745606273192656,-0.31481411747003524,-0.6218732396112251,9,1.0
12.834258975629076,-0.31521032075669575,-0.6250385171807072,9,1.0
12.923528306374958,-0.3156079234044962,-0.6282066037973157,9,1.0
13.013418554419374,-0.31599411360405844,-0.6313754187038796,9,1.0
13.10393403858367,-0.31640099751019646,-0.6345493583108782,9,1.0
13.195079107728983,-0.3168093464145197,-0.6377254315258188,9,1.0
13.286858140965156,-0.31721918307274644,-0.6409034031028141,9,1.0
13.379275547861162,-0.31763694625297056,-0.6440839914965982,9,1.0
13.472335768656947,-0.318049827839563,-0.6472650510967833,9,1.0
13.566043274476765,-0.31846426760979396,-0.6504472877111407,9,1.0
13.660402567544,-0.31889311939211173,-0.653632414274472,9,1.0
13.755418181397484,-0.31931716250880116,-0.6568172683871482,9,1.0
13.851094681109295,-0.3197556654694981,-0.6600045610875476,9,1.0
13.947436663504105,-0.3201894101036535,-0.6631910790641191,9,1.0
14.044448757380025,-0.3206248366837815,-0.666377554742716,9,1.0
14.142135623731003,-0.32107479802741856,-0.6695657688639444,9,1.0
14.240501955970773,-0.32151366680225896,-0.6727514036746366,9,1.0
14.33955248015833,-0.32197353540249674,-0.6759393248137786,9,1.0
14.439291955225018,-0.32242877883102566,-0.6791251702929986,9,1.0
14.539725173203164,-0.32287301373351346,-0.682307599143377,9,1.0
14.640856959456315,-0.3233383291860582,-0.6854915949437485,9,1.0
14.742692172911074,-0.3238119281149774,-0.6886748283426429,9,1.0
14.845235706290554,-0.32428101639544765,-0.6918549011648999,9,1.0
14.94849248634945,-0.3247456245678503,-0.6950315165163558,9,1.0
15.05246747411074,-0.32522501518996666,-0.6982076589655489,9,1.0
15.15716566510405,-0.3257063964542034,-0.7013809003317061,9,1.0
15.26259208960566,-0.32618338947366127,-0.7045498532124109,9,1.0
15.368751812880195,-0.3266752553024701,-0.7077175775475596,9,1.0
15.475649935423972,-0.32715638707540196,-0.7108793291408426,9,1.0
15.58329159321007,-0.3276652724628881,-0.714041610321765,9,1.0
15.69168195793509,-0.32815067207961035,-0.7171950641122606,9,1.0
15.800826237267621,-0.3286574807916637,-0.720347403457078,9,1.0
15.910729675098453,-0.3291665059177526,-0.7234949299930797,9,1.0
16.02139755179252,-0.3296777819193407,-0.7266373624735941,9,1.0
16.13283518444261,-0.3301913437847859,-0.729774419169781,9,1.0
16.245047927124794,-0.3307008202174745,-0.7329046223487352,9,1.0
16.358041171155712,-0.3312190612687902,-0.7360300712584085,9,1.0
16.471820345351553,-0.33175250862074557,-0.7391517276576739,9,1.0
16.586390916288924,-0.3322819800279748,-0.7422656933501783,9,1.0
16.70175838856748,-0.3328139196905145,-0.7453728916309884,9,1.0
16.817928305074386,-0.33334196086840995,-0.748471795731821,9,1.0
16.93490624725064,-0.3338917622432961,-0.7515671144196135,9,1.0
17.052697835359233,-0.3344313384449626,-0.7546523318413626,9,1.0
17.17130872875518,-0.3349735396157004,-0.7577296578593975,9,1.0
17.290744626157405,-0.33553121357591076,-0.7608013853597445,9,1.0
17.411011265922586,-0.3360851897656234,-0.7638634092397236,9,1.0
17.53211442632081,-0.33663551119417706,-0.7669154210543752,9,1.0
17.654059925813208,-0.33720142886784155,-0.7699610667396121,9,1.0
17.776853623331515,-0.33776377745797975,-0.7729961504694755,9,1.0
17.900501418559564,-0.3383354052865096,-0.7760230463521094,9,1.0
18.02500925221672,-0.3388971517299625,-0.7790374647808571,9,1.0
18.150383106343334,-0.3394746679098042,-0.7820445170501644,9,1.0
18.27662900458813,-0.340048795675447,-0.7850398845585369,9,1.0
18.403753012497624,-0.3406387831052602,-0.7880274212676132,9,1.0
18.53176123780754,-0.3412190759663788,-0.7910013512521987,9,1.0
18.660659830736275,-0.34180252318083004,-0.7939641603083287,9,1.0
18.790454984280366,-0.3423955722741394,-0.7969170098664713,9,1.0
18.921152934512047,-0.34299187274380205,-0.7998582505781417,9,1.0
19.05275996087888,-0.34357867821655086,-0.8027847476422927,9,1.0
19.18528238650542,-0.34418803069759335,-0.8057034515266077,9,1.0
19.31872657849705,-0.3447815937777498,-0.8086054301367167,9,1.0
19.453098948245852,-0.34539140815219804,-0.811497724186477,9,1.0
19.588405951738682,-0.34601112778655063,-0.8143786792895792,9,1.0
19.72465408986733,-0.3466216167332861,-0.8172435920160661,9,1.0
19.861849908740865,-0.3472293277003079,-0.8200936743293087,9,1.0
20.00000000000015,-0.3478535032259014,-0.8229332462766813,9,1.0
20.13911100113453,-0.3484814070955172,-0.8257590829042138,9,1.0
20.279189595800737,-0.34909391271882273,-0.8285663103330101,9,1.0
20.42024251414402,-0.3497358401543622,-0.8313655625265196,9,1.0
20.56227653312149,-0.35035609363321374,-0.8341441590977557,9,1.0
20.70529847682771,-0.3509930970384154,-0.8369112940156056,9,1.0
20.849315216822593,-0.3516277296272244,-0.8396620356895222,9,1.0
20.994333672461515,-0.352266446166548,-0.8423977730167976,9,1.0
21.14036081122778,-0.35290930862755654,-0.8451183219440004,9,1.0
21.28740364906737,-0.3535563798590038,-0.8478235043767984,9,1.0
21.43546925072604,-0.3542013324868087,-0.8505114893249153,9,1.0
21.584564730088722,-0.3548378417463801,-0.853180396930438,9,1.0
21.734697250521346,-0.35549792706371514,-0.8558384180195815,9,1.0
21.885874025214974,-0.35614331207801936,-0.8584753206515113,9,1.0
22.038102317532406,-0.35680601505322196,-0.8610994066509171,9,1.0
22.191389441357092,-0.3574669348635287,-0.8637054344173348,9,1.0
22.345742761444598,-0.35811975360446024,-0.8662914854893906,9,1.0
22.501169693776383,-0.35877732033073345,-0.8688608644971514,9,1.0
22.657677705916175,-0.3594524815948743,-0.8714169994300028,9,1.0
22.815274317368676,-0.36011975817510034,-0.8739527185723314,9,1.0
22.973967099940907,-0.3607856127182977,-0.8764696337875182,9,1.0
23.13376367810596,-0.3614565071225851,-0.8789694236849204,9,1.0
23.29467172936933,-0.36213890253993736,-0.881453835066247,9,1.0
23.456698984637793,-0.36280733222635086,-0.8839154442324862,9,1.0
23.619853228590827,-0.363481032496809,-0.8863596342806522,9,1.0
23.784142300054643,-0.3641664663186439,-0.8887882234286685,9,1.0
23.949574092378796,-0.3648381754619049,-0.8911936280773387,9,1.0
24.11615655381544,-0.36552177911965494,-0.8935833056455252,9,1.0
24.28389768790117,-0.36620459121996135,-0.895953416815954,9,1.0
24.452805553841607,-0.366886695889002,-0.8983038889570732,9,1.0
24.622888266898567,-0.3675809429880035,-0.9006385758754237,9,1.0
24.794153998779972,-0.36826827064170736,-0.9029515953220576,9,1.0
24.966610978032485,-0.36895514913969946,-0.9052448444983857,9,1.0
25.140267490436816,-0.36964166717882263,-0.907518287248451,9,1.0
25.315131879405854,-0.37032791463047665,-0.9097718967878727,9,1.0
25.4912125463855,-0.37101398255390017,-0.9120056558400449,9,1.0
25.668517951258348,-0.37171910203281616,-0.9142257341231376,9,1.0
25.847056612750112,-0.37240508755860907,-0.9164198307040576,9,1.0
26.026837108838944,-0.37309755270400174,-0.9185961774451529,9,1.0
26.20786807716754,-0.3738029703132984,-0.9207569600739984,9,1.0
26.390158215458165,-0.3745023014826481,-0.9228959306318051,9,1.0
26.573716281930512,-0.37519564604795225,-0.9250130795399131,9,1.0
26.758551095722524,-0.37589585889936605,-0.9271127357917363,9,1.0
26.944671537314093,-0.3765966632983516,-0.929192834791606,9,1.0
27.13208654895373,-0.37729178563024834,-0.9312512505081615,9,1.0
27.320805135088207,-0.3780004575372715,-0.9332946710156513,9,1.0
27.510836362795175,-0.3786845308729614,-0.9353098767993123,9,1.0
27.7021893622188,-0.379388739849302,-0.9373125464810621,9,1.0
27.89487332700842,-0.3800876914545278,-0.9392938652978858,9,1.0
28.088897514760255,-0.3808006173771804,-0.9412607884211295,9,1.0
28.284271247462218,-0.3814957590971695,-0.9432020036418381,9,1.0
28.48100391194176,-0.3821987239375686,-0.9451268203429596,9,1.0
28.679104960316874,-0.38290325158368843,-0.9470331068573027,9,1.0
28.878583910450253,-0.3835903411213022,-0.9489139218379159,9,1.0
29.079450346406546,-0.38429197030139367,-0.9507812306369126,9,1.0
29.28171391891285,-0.38498914114852334,-0.9526281139772018,9,1.0
29.485384345822368,-0.3856947154885072,-0.9544595829328818,9,1.0
29.690471412581335,-0.3863960725238026,-0.9562710139560983,9,1.0
29.896984972699123,-0.38708696625839945,-0.9580601051447761,9,1.0
30.104934948221704,-0.3877930002706932,-0.9598369472144268,9,1.0
30.314331330208326,-0.3884824533373538,-0.9615893505258267,9,1.0
30.52518417921155,-0.3891936666914637,-0.9633326003327897,9,1.0
30.73750362576062,-0.389888557492341,-0.9650518300935594,9,1.0
30.951299870848175,-0.3905799949593103,-0.9667522927184774,9,1.0
31.16658318642038,-0.3912744793758197,-0.9684368231674063,9,1.0
31.38336391587042,-0.39197214432500305,-0.9701057339692154,9,1.0
31.60165247453548,-0.3926603927395786,-0.9717540667477527,9,1.0
31.82145935019715,-0.3933648271037623,-0.973392680301751,9,1.0
32.04279510358529,-0.39404739173003495,-0.9750059420514795,9,1.0
32.26567036888546,-0.39474005651977884,-0.9766074845460554,9,1.0
32.49009585424984,-0.39543659790385466,-0.9781950159535081,9,1.0
32.716082342311665,-0.3961117038437853,-0.9797579089849064,9,1.0
32.94364069070335,-0.3967973430484994,-0.9813101639293681,9,1.0
33.172781832578096,-0.3974872986352409,-0.9828494571928228,9,1.0
33.40351677713521,-0.39816899454985377,-0.9843705643061562,9,1.0
33.63585661014903,-0.39884894686729927,-0.9858766213438858,9,1.0
33.86981249450153,-0.3995273099657057,-0.9873679999967024,9,1.0
34.10539567071872,-0.4002042401167922,-0.9888450831064577,9,1.0
34.34261745751061,-0.4008926175692171,-0.9903140965155786,9,1.0
34.58148925231507,-0.40155443626239545,-0.9917579497932643,9,1.0
34.822022531845434,-0.4022343846667403,-0.9931975189341196,9,1.0
35.064228852641875,-0.4029071839690549,-0.994621495529176,9,1.0
35.30811985162668,-0.4035602827177381,-0.9960242186017209,9,1.0
35.55370724666329,-0.4042447244635108,-0.9974302181811753,9,1.0
35.80100283711939,-0.404897087592807,-0.9988096989224461,9,1.0
36.05001850443371,-0.4055556993655152,-1.000181284665818,9,1.0
36.30076621268694,-0.4062270906544119,-1.0015486459132974,9,1.0
36.55325800917653,-0.40688600605262665,-1.0028998731211571,9,1.0
36.80750602499552,-0.4075389835116961,-1.0042384815602343,9,1.0
37.06352247561536,-0.40817984840081845,-1.0055617178859995,9,1.0
37.32131966147283,-0.4088405669259306,-1.0068860336611953,9,1.0
37.58090996856101,-0.40949589757727756,-1.0081992291533373,9,1.0
37.84230586902438,-0.41013331817051213,-1.0094952340818326,9,1.0
38.105519921758045,-0.41078479693497927,-1.0107908466589852,9,1.0
38.37056477301113,-0.4114187504173358,-1.0120701810839796,9,1.0
38.63745315699439,-0.4120607933667269,-1.0133469731282314,9,1.0
38.906197896491996,-0.412685705824977,-1.0146083843232918,9,1.0
39.176811903477656,-0.4133191042251889,-1.0158683865354878,9,1.0
39.449308179734956,-0.41394848264264267,-1.0171208073328863,9,1.0
39.72369981748203,-0.41458039884538567,-1.0183696442280654,9,1.0
40.000000000000604,-0.4152087067959239,-1.0196120400174031,9,1.0
40.27822200226936,-0.4158272644170508,-1.0208450352677012,9,1.0
40.55837919160177,-0.4164362852435457,-1.0220691113877192,9,1.0
40.840485028288356,-0.41706139059731867,-1.0232990536170794,9,1.0
41.124553066243294,-0.41766468907993015,-1.0245140905871895,9,1.0
41.410596953655734,-0.4182781570712345,-1.0257327161402028,9,1.0
41.6986304336455,-0.4188766142159791,-1.026941065764586,9,1.0
41.98866734492334,-0.4194856877072427,-1.0281543404515352,9,1.0
42.28072162245588,-0.4200865548949192,-1.0293621809172708,9,1.0
42.57480729813507,-0.4206857968980692,-1.030568882382135,9,1.0
42.8709385014524,-0.42126460063397286,-1.031763746689657,9,1.0
43.16912946017777,-0.42185494832153553,-1.0329662088976,9,1.0
43.46939450104301,-0.4224443806934429,-1.0341694306842433,9,1.0
43.771748050430276,-0.42302044397147887,-1.0353663394709947,9,1.0
44.07620463506514,-0.4236087753925433,-1.0365730452522814,9,1.0
44.38277888271451,-0.4241842317775817,-1.0377746871933073,9,1.0
44.69148552288952,-0.4247470658163111,-1.0389717782830312,9,1.0
45.00233938755311,-0.42532291971728003,-1.0401808308047908,9,1.0
45.315355411832684,-0.4258866630344106,-1.0413866358128063,9,1.0
45.63054863473769,-0.4264512494800101,-1.0425978551230193,9,1.0
45.947934199882155,-0.4270042504847999,-1.0438070390636367,9,1.0
46.26752735621227,-0.4275586246968702,-1.0450229956601194,9,1.0
46.58934345873901,-0.42810829611625345,-1.046242323301251,9,1.0
46.913397969275934,-0.4286471930906617,-1.0474614983505806,9,1.0
47.23970645718201,-0.42918828200074927,-1.04868955205568,9,1.0
47.56828460010965,-0.4297254973452964,-1.049923011943543,9,1.0
47.89914818475796,-0.43027181003392784,-1.0511711621117181,9,1.0
48.232313107631235,-0.4307957860195988,-1.052413273950534,9,1.0
48.5677953758027,-0.431329434591283,-1.0536715657808076,9,1.0
48.90561110768358,-0.4318413311691361,-1.0549249861888428,9,1.0
49.2457765337975,-0.43236348911125155,-1.056196113657039,9,1.0
49.58830799756032,-0.432883521342205,-1.0574769681809253,9,1.0
49.933221956065346,-0.43340173118429975,-1.058768303530447,9,1.0
50.280534980874016,-0.43390574120510794,-1.060061809674547,9,1.0
50.630263758812085,-0.4344085471197421,-1.0613671912916953,9,1.0
50.982425092771386,-0.434904121286978,-1.0626806223502998,9,1.0
51.33703590251707,-0.435405464921132,-1.0640120765865648,9,1.0
51.69411322550061,-0.43590021628700787,-1.0653531035871562,9,1.0
52.05367421767828,-0.4363887011545067,-1.0667044072880378,9,1.0
52.41573615433548,-0.43685856759040786,-1.0680571912248444,9,1.0
52.78031643091672,-0.43734819319628915,-1.0694407073699834,9,1.0
53.14743256386143,-0.4378198707517085,-1.0708271589711267,9,1.0
53.517102191445446,-0.4382929627123393,-1.0722316653526653,9,1.0
53.8893430746286,-0.43876147344606714,-1.073650187575065,9,1.0
54.264173097907864,-0.4392257517504581,-1.0750834890357923,9,1.0
54.64161027017682,-0.43968615039696335,-1.0765323435961665,9,1.0
55.02167272559077,-0.4401366869318588,-1.0779925150065763,9,1.0
55.40437872443802,-0.4405967399094856,-1.0794798610793632,9,1.0
55.78974665401725,-0.4410476565446398,-1.0809801260209768,9,1.0
56.17779502952094,-0.4414898064788997,-1.0824940098794413,9,1.0
56.56854249492486,-0.44193624045458335,-1.0840325797741437,9,1.0
56.962007823883944,-0.44237465877356796,-1.0855863593914645,9,1.0
57.358209920634174,-0.44279910553668544,-1.0871508221487325,9,1.0
57.75716782090094,-0.44322264365246156,-1.088737188656194,9,1.0
58.158900692813525,-0.4436520012143471,-1.0903516758014682,9,1.0
58.56342783782614,-0.4440622218589626,-1.0919737690402678,9,1.0
58.97076869164518,-0.44448539349064475,-1.093631115008894,9,1.0
59.38094282516311,-0.44489023204933975,-1.095297553131676,9,1.0
59.79396994539869,-0.4453024956232999,-1.0969956636373372,9,1.0
60.209869896443855,-0.4457099222165932,-1.0987154161707797,9,1.0
60.628662660417106,-0.44610659244641443,-1.1004520477754218,9,1.0
61.05036835842356,-0.44650560235757764,-1.102217542260663,9,1.0
61.4750072515217,-0.44688836835151546,-1.103995849394063,9,1.0
61.90259974169682,-0.44728066864731014,-1.1058104651885434,9,1.0
62.33316637284123,-0.4476639293942588,-1.1076452378575692,9,1.0
62.766727831741306,-0.44803859177608824,-1.109500933735269,9,1.0
63.20330494907143,-0.44842411026589596,-1.1113958946642268,9,1.0
63.642918700394766,-0.4487955903563101,-1.1133077207838618,9,1.0
64.08559020717105,-0.4491534879494868,-1.1152370868491417,9,1.0
64.5313407377714,-0.4495299431701193,-1.1172146255998436,9,1.0
64.98019170850016,-0.4498810697802629,-1.1191994784333135,9,1.0
65.43216468462381,-0.45023901739247146,-1.1212224909997124,9,1.0
65.8872813814072,-0.45059158956862605,-1.1232725556086958,9,1.0
66.34556366515669,-0.45093293109391674,-1.1253443853875278,9,1.0
66.80703355427093,-0.45127619850815415,-1.1274511831553906,9,1.0
67.27171322029855,-0.4516218820684058,-1.1295940092791785,9,1.0
67.73962498900357,-0.4519578064934016,-1.131761313650938,9,1.0
68.21079134143795,-0.4522908080084781,-1.1339602714633343,9,1.0
68.68523491502174,-0.45261505732378626,-1.1361854452064348,9,1.0
69.16297850463066,-0.4529374009403989,-1.1384441408023462,9,1.0
69.6440450636914,-0.45325835527813724,-1.1407373685837885,9,1.0
70.12845770528428,-0.4535784420481009,-1.14306615864609,9,1.0
70.61623970325388,-0.4539045233558611,-1.1454381678660515,9,1.0
71.10741449332713,-0.45421179132557105,-1.1478279916323528,9,1.0
71.60200567423932,-0.4545071189705791,-1.1502429789798927,9,1.0
72.10003700886796,-0.4548100545916777,-1.152704210129098,9,1.0
72.60153242537443,-0.45510847673931515,-1.1551993550499904,9,1.0
73.10651601835362,-0.45540927450101243,-1.1577362758993752,9,1.0
73.61501204999159,-0.4556940024627637,-1.160295421599493,9,1.0
74.12704495123128,-0.45596956066597405,-1.1628844913463523,9,1.0
74.64263932294622,-0.45627452972370414,-1.1655464819599521,9,1.0
75.16181993712259,-0.45654613573349484,-1.1682126057992293,9,1.0
75.68461173804933,-0.456810300314274,-1.1709116677614273,9,1.0
76.21103984351666,-0.4570866158932978,-1.1736661652880385,9,1.0
76.74112954602285,-0.4573503351264745,-1.1764486778724563,9,1.0
77.27490631398935,-0.4576210617746117,-1.1792819132536518,9,1.0
77.81239579298456,-0.4578740594162656,-1.182137911471998,9,1.0
78.3536238069559,-0.45813527842651364,-1.1850469800089993,9,1.0
78.8986163594705,-0.4583926639206732,-1.187995662944072,9,1.0
79.44739963496465,-0.45864683697805575,-1.1909850907038708,9,1.0
80.00000000000179,-0.45889208897160394,-1.19400886514962,9,1.0
80.55644400453932,-0.4591353876438897,-1.1970756137113197,9,1.0
81.11675838320417,-0.45937103563071785,-1.200178879822939,9,1.0
81.68097005657731,-0.45960601222969305,-1.2033274576123765,9,1.0
82.24910613248719,-0.4598346313583728,-1.2065148332525388,9,1.0
82.8211939073121,-0.46005754811707,-1.2097421320625785,9,1.0
83.39726086729164,-0.46029443106252654,-1.2130342011594062,9,1.0
83.97733468984731,-0.4605015955674344,-1.2163370558715978,9,1.0
84.56144324491237,-0.46072406551091005,-1.2197073118552375,9,1.0
85.14961459627077,-0.460943511179702,-1.2231225214313557,9,1.0
85.74187700290544,-0.46115427996107133,-1.2265758276789733,9,1.0
86.33825892035618,-0.4613570609400959,-1.230068359512901,9,1.0
86.93878900208668,-0.46155888550754615,-1.233609530526092,9,1.0
87.54349610086122,-0.46176679129088416,-1.2372090287099997,9,1.0
88.15240927013093,-0.4619624745423139,-1.240843315574521,9,1.0
88.7655577654297,-0.46215932074219307,-1.244530340621401,9,1.0
89.38297104577971,-0.46234537334411235,-1.248254580152181,9,1.0
90.00467877510688,-0.46254036708533386,-1.2520428602423492,9,1.0
90.63071082366605,-0.46271334384447893,-1.2558537898852717,9,1.0
91.26109726947607,-0.4628967249876875,-1.2597316407396155,9,1.0
91.895868399765,-0.46307223762570304,-1.2636519673173354,9,1.0
92.53505471242522,-0.46324696465450615,-1.2676248634051033,9,1.0
93.17868691747873,-0.46341531860136315,-1.2716429537292826,9,1.0
93.82679593855258,-0.46359073220655256,-1.2757254809715022,9,1.0
94.47941291436473,-0.463748612940748,-1.279838176780996,9,1.0
95.13656920022001,-0.4639087428514257,-1.284009306192732,9,1.0
95.79829636951663,-0.4640655552561273,-1.2882313867836892,9,1.0
96.4646262152632,-0.46421348787424965,-1.2924967107483234,9,1.0
97.13559075160614,-0.46437234127782456,-1.2968344548447606,9,1.0
97.81122221536789,-0.4645112050562547,-1.3011998776849225,9,1.0
98.49155306759573,-0.4646689104839999,-1.3056504787759473,9,1.0
99.17661599512138,-0.4648018748994825,-1.3101221608742153,9,1.0
99.86644391213144,-0.464948941911257,-1.3146731201670894,9,1.0
100.56106996174877,-0.4650728753279076,-1.3192477959264088,9,1.0
101.26052751762494,-0.4652061905335058,-1.3238956054473552,9,1.0
101.96485018554354,-0.4653306813510071,-1.3285893131631563,9,1.0
102.67407180503491,-0.4654598518510586,-1.3333500470477704,9,1.0
103.388226451002,-0.46558184474226283,-1.3381599297709783,9,1.0
104.10734843535732,-0.4657038320947501,-1.3430304865227352,9,1.0
104.83147230867174,-0.4658203062505708,-1.3479534773305961,9,1.0
105.56063286183424,-0.4659257626589,-1.3529204174391456,9,1.0
106.29486512772365,-0.4660337298460212,-1.3579531595639402,9,1.0
107.03420438289172,-0.46614505575408477,-1.3630536516835143,9,1.0
107.778686149258,-0.46624156023829033,-1.3681928596779815,9,1.0
108.52834619581655,-0.46633678502847553,-1.3733929941716467,9,1.0
109.28322054035448,-0.46644427855114345,-1.3786769111898423,9,1.0
110.04334545118235,-0.46654587013194715,-1.3840152722858472,9,1.0
110.80875744887686,-0.4666233883052081,-1.3893778772244012,9,1.0
111.57949330803534,-0.4667221196848057,-1.394840884804742,9,1.0
112.35559005904271,-0.4668048629647606,-1.4003422484762795,9,1.0
113.13708498985058,-0.4668788376438274,-1.405894263907086,9,1.0
113.92401564776874,-0.4669766564261774,-1.4115534146125484,9,1.0
114.71641984126921,-0.46702938232325364,-1.417201224957167,9,1.0
115.51433564180275,-0.46711406628117014,-1.4229714557618636,9,1.0
116.31780138562794,-0.46718081391719435,-1.4287778139933165,9,1.0
117.12685567565316,-0.46725590587431265,-1.4346668192880188,9,1.0
117.94153738329126,-0.4673148375650821,-1.440595466453637,9,1.0
118.76188565032712,-0.46737754779982865,-1.4465995802878806,9,1.0
119.58793989079828,-0.4674258812483506,-1.4526468821821175,9,1.0
120.41973979288862,-0.46748613395673483,-1.4587853924556378,9,1.0
121.25732532083512,-0.4675401525216876,-1.4649826889510458,9,1.0
122.10073671684803,-0.4675888343135155,-1.4712407197832695,9,1.0
122.95001450304433,-0.4676267255769293,-1.4775496251517823,9,1.0
123.80519948339456,-0.46767378262320225,-1.4839470267725363,9,1.0
124.66633274568338,-0.467705495514883,-1.4903874218497457,9,1.0
125.53345566348355,-0.4677481773069054,-1.4969209052332755,9,1.0
126.40660989814381,-0.4677900235183392,-1.50352579534273,9,1.0
127.28583740079048,-0.4678192254175535,-1.5101797697801587,9,1.0
128.17118041434307,-0.46784939179936,-1.5169093649048064,9,1.0
129.0626814755438,-0.4678687110848901,-1.523692007090413,9,1.0
129.9603834170013,-0.46788443654839806,-1.5305421291338932,9,1.0
130.86432936924862,-0.46791018026156284,-1.5374872162920081,9,1.0
131.77456276281538,-0.46791505238161335,-1.5444663742900868,9,1.0
132.69112733031437,-0.46793809364162087,-1.5515580470000705,9,1.0
133.61406710854286,-0.46794204759360125,-1.5586878890436404,9,1.0
134.5434264405981,-0.46794687925925477,-1.5658965058943566,9,1.0
135.47924997800817,-0.46795347757861705,-1.5731863455720212,9,1.0
136.42158268287693,-0.46795636779150546,-1.580546709392632,9,1.0
137.3704698300445,-0.4679564314857581,-1.5879798663494784,9,1.0
138.32595700926237,-0.4679481845280413,-1.5954747458510852,9,1.0
139.28809012738384,-0.4679452262831432,-1.603060393873827,9,1.0
140.25691541056963,-0.467929338113207,-1.610698771908831,9,1.0
141.23247940650882,-0.4679204768431756,-1.6184327912451768,9,1.0
142.2148289866553,-0.4678876800695262,-1.626196379509704,9,1.0
143.20401134847972,-0.4678699938304004,-1.634074150772003,9,1.0
144.200074017737,-0.4678491744776267,-1.6420273809072352,9,1.0
145.20306485074994,-0.46781969924223676,-1.6500443488113496,9,1.0
146.2130320367083,-0.467795141931489,-1.6581554905648554,9,1.0
147.2300240999843,-0.46776996848986185,-1.6663492715090666,9,1.0
148.25408990246365,-0.46772589483879456,-1.6745850487626532,9,1.0
149.28527864589356,-0.46769558777256387,-1.6829368066695296,9,1.0
150.32363987424628,-0.46763526162260766,-1.691305663615399,9,1.0
151.3692234760998,-0.4675966892664746,-1.699810135199451,9,1.0
152.42207968703445,-0.46754880688596157,-1.708379855836401,9,1.0
153.48225909204683,-0.46749877131227346,-1.717031768523032,9,1.0
154.54981262797986,-0.4674346079518931,-1.7257382732757682,9,1.0
155.6247915859703,-0.46737620670758095,-1.7345464809743594,9,1.0
156.70724761391295,-0.46732432715461486,-1.7434591762988185,9,1.0
157.79723271894218,-0.4672605844504754,-1.7524332167047385,9,1.0
158.8947992699305,-0.4671857089081927,-1.7614704805031696,9,1.0
160.0000000000048,-0.46710679960653534,-1.7705884078870122,9,1.0
161.11288800907985,-0.4670373289033659,-1.7798205518580508,9,1.0
162.23351676640956,-0.46696523706050974,-1.7891383323505647,9,1.0
163.36194011315587,-0.46687844391525174,-1.798512306042331,9,1.0
164.49821226497562,-0.46680315243481696,-1.808008066474074,9,1.0
165.6423878146254,-0.4667017177106044,-1.8175320373801687,9,1.0
166.79452173458452,-0.4666067034538171,-1.827166280858925,9,1.0
167.9546693796959,-0.46652513125865996,-1.8369298423600189,9,1.0
169.12288648982604,-0.46641929393651554,-1.8467271378906975,9,1.0
170.29922919254284,-0.4663153370640822,-1.8566254209382385,9,1.0
171.4837540058122,-0.4662202363333596,-1.8666437802208875,9,1.0
172.6765178407137,-0.4660962135638727,-1.8766842088140117,9,1.0
173.87757800417467,-0.4659949465870323,-1.8868826794491567,9,1.0
175.08699220172375,-0.4658722219536374,-1.8971234442157,9,1.0
176.30481854026317,-0.46575412330018584,-1.9074761164951424,9,1.0
177.53111553086072,-0.46564114899801046,-1.9179431234722468,9,1.0
178.7659420915608,-0.4655017898928845,-1.9284398897000072,9,1.0
180.00935755021513,-0.4653748813824029,-1.9390721321854003,9,1.0
181.26142164733346,-0.46524166657538213,-1.9497896852636332,9,1.0
182.52219453895353,-0.4651089590802133,-1.9606119715428927,9,1.0
183.7917367995314,-0.4649707508713349,-1.9715230988368053,9,1.0
185.07010942485184,-0.4648146028463215,-1.9824886245866693,9,1.0
186.35737383495882,-0.4646728818753192,-1.993600126454849,9,1.0
187.65359187710658,-0.4645138899144179,-2.004768900533162,9,1.0
188.95882582873088,-0.4643699615213906,-2.01608774155591,9,1.0
190.27313840044144,-0.46419010875937977,-2.027410976136297,9,1.0
191.59659273903472,-0.4640386751548079,-2.038924798253872,9,1.0
192.92925243052787,-0.4638646094237965,-2.050482149299592,9,1.0
194.27118150321374,-0.46369375768517007,-2.0621589340465327,9,1.0
195.62244443073726,-0.4635134699960233,-2.0739187103943744,9,1.0
196.98310613519297,-0.4633367264665675,-2.0858007288761926,9,1.0
198.35323199024427,-0.46315081765362676,-2.097767899246418,9,1.0
199.73288782426437,-0.4629622549268271,-2.109840413093562,9,1.0
201.12213992349908,-0.4627646840927161,-2.1219997106072417,9,1.0
202.5210550352514,-0.46258383318186097,-2.1343253734314436,9,1.0
203.9297003710886,-0.46237475105080894,-2.146680314066003,9,1.0
205.3481436100714,-0.46216953187262605,-2.1591638483200963,9,1.0
206.77645290200556,-0.4619617020801523,-2.171756965537807,9,1.0
208.21469687071618,-0.4617511808189777,-2.184460319484015,9,1.0
209.66294461734503,-0.46151856029817706,-2.1972130892697943,9,1.0
211.12126572367004,-0.4612958490304895,-2.2101174609273935,9,1.0
212.5897302554489,-0.46107001042959145,-2.2231331557171243,9,1.0
214.06840876578502,-0.46084083541402354,-2.236260420224682,9,1.0
215.5573722985176,-0.4606080815917216,-2.2494993871691853,9,1.0
217.05669239163473,-0.4603714727615468,-2.262850070058947,9,1.0
218.5664410807106,-0.46011781272398683,-2.2762696741028408,9,1.0
220.08669090236637,-0.4598596341986039,-2.289800039499932,9,1.0
221.6175148977554,-0.4596158966298589,-2.3035057144563162,9,1.0
223.15898661607235,-0.45935395784026417,-2.31727856446239,9,1.0
224.71118011808713,-0.4590927054787386,-2.3311828545573885,9,1.0
226.27416997970286,-0.45880584542819375,-2.3451298058076904,9,1.0
227.8480312955392,-0.45854447124186193,-2.3592951217391245,9,1.0
229.43283968254013,-0.4582693088105597,-2.3735454941644964,9,1.0
231.02867128360725,-0.45796683205812583,-2.387833986157162,9,1.0
232.63560277125762,-0.45767514847098556,-2.402294080306086,9,1.0
234.25371135130806,-0.45740006180980863,-2.4169484242728005,9,1.0
235.88307476658426,-0.4570891558157151,-2.431612633090032,9,1.0
237.523771300656,-0.4567804529926588,-2.4464220131403387,9,1.0
239.17587978159838,-0.45647316918035563,-2.461375270703408,9,1.0
240.83947958577906,-0.4561535353753971,-2.476423819320852,9,1.0
242.51465064167206,-0.45582714778364153,-2.4915886783711807,9,1.0
244.2014734336979,-0.45550604822921825,-2.506915188626972,9,1.0
245.9000290060905,-0.4551698587801376,-2.522329569441753,9,1.0
247.61039896679097,-0.45483054112416516,-2.537876874791787,9,1.0
249.33266549136863,-0.4544870657814415,-2.5535544987619234,9,1.0
251.06691132696898,-0.45413836137289043,-2.5693595938238327,9,1.0
252.81321979628953,-0.45377682475318865,-2.585264330862541,9,1.0
254.5716748015829,-0.45342726092361146,-2.601364461181464,9,1.0
256.3423608286881,-0.4530560207047485,-2.617532531949972,9,1.0
258.12536295108947,-0.4526683442412489,-2.633788860680682,9,1.0
259.9207668340045,-0.452288939571301,-2.650230491419865,9,1.0
261.72865873849923,-0.45190349743850916,-2.666803345309244,9,1.0
263.54912552563275,-0.4515106549845539,-2.683503220053255,9,1.0
265.38225466063074,-0.45110249736539987,-2.700299640501302,9,1.0
267.2281342170877,-0.4507101233484009,-2.717318058629226,9,1.0
269.08685288119824,-0.45029298811585855,-2.7343975014346333,9,1.0
270.95849995601833,-0.4498756062221253,-2.751637555894045,9,1.0
272.8431653657559,-0.44944337396969614,-2.768980154481222,9,1.0
274.74093966009104,-0.44901423656337114,-2.786499928685065,9,1.0
276.6519140185268,-0.4485800265041502,-2.8041650630599624,9,1.0
278.5761802547697,-0.44812599099570327,-2.8219153673217594,9,1.0
280.51383082114137,-0.44766343914051976,-2.8397986777628765,9,1.0
282.4649588130198,-0.44721019760098557,-2.8578916799608445,9,1.0
284.42965797331277,-0.4467513927232416,-2.876133712629823,9,1.0
286.40802269696155,-0.44626553927772117,-2.894434142102977,9,1.0
288.40014803547615,-0.4457834353415999,-2.9129256631753164,9,1.0
290.4061297015021,-0.4452966076668631,-2.9315738047376176,9,1.0
292.42606407341884,-0.44479652680844967,-2.950342927733054,9,1.0
294.4600481999708,-0.44429427534497723,-2.969282780148344,9,1.0
296.50817980492957,-0.4437681228120965,-2.98829902471485,9,1.0
298.5705572917893,-0.4432487603570829,-3.0075286120043785,9,1.0
300.64727974849484,-0.4427275074729056,-3.026935352179418,9,1.0
302.73844695220185,-0.44218248645412295,-3.04642247730763,9,1.0
304.84415937407124,-0.44163775471616534,-3.0660995291641213,9,1.0
306.964518184096,-0.44108449750000955,-3.0859284801634574,9,1.0
309.09962525596205,-0.44052042649445133,-3.1059003547316553,9,1.0
311.24958317194296,-0.43996297131783724,-3.1260973215918293,9,1.0
313.4144952278283,-0.43937684895460816,-3.1463577802598874,9,1.0
315.59446543788675,-0.43878600376768656,-3.1667939850383577,9,1.0
317.7895985398634,-0.4381814146815843,-3.18736534174686,9,1.0
320.000000000012,-0.43758041502145817,-3.2081555090963287,9,1.0
322.22577601816215,-0.4369673176175842,-3.2290922741274932,9,1.0
324.4670335328215,-0.43633297509060065,-3.250133045016468,9,1.0
326.7238802263142,-0.43571449161397446,-3.2714582925349847,9,1.0
328.99642452995374,-0.43505636607334425,-3.2928014282950886,9,1.0
331.2847756292533,-0.434402280302027,-3.31437585743949,9,1.0
333.5890434691715,-0.4337429775139765,-3.3361389500755303,9,1.0
335.90933875939425,-0.4330757817936528,-3.3580796776025967,9,1.0
338.2457729796546,-0.4323913456722439,-3.3801533425840935,9,1.0
340.5984583850881,-0.4317001969795229,-3.402414155367064,9,1.0
342.96750801162693,-0.4309929268356599,-3.4248167027139,9,1.0
345.3530356814299,-0.43027337935292187,-3.447381970784919,9,1.0
347.75515600835195,-0.4295653578056182,-3.4702338591169415,9,1.0
350.1739844034501,-0.4288194320406674,-3.493121345435021,9,1.0
352.60963708052907,-0.4280793412446124,-3.5162710211339974,9,1.0
355.0622310617241,-0.42732888724385526,-3.539601900342908,9,1.0
357.53188418312425,-0.4265451253822,-3.5629954526182557,9,1.0
360.0187151004329,-0.4257785304308943,-3.586718746636515,9,1.0
362.52284329466966,-0.42499277477567826,-3.6105832740486954,9,1.0
365.0443890779098,-0.42418486580219156,-3.634574409929138,9,1.0
367.58347359906554,-0.4233718824695532,-3.658785393180711,9,1.0
370.14021884970646,-0.42255083174802555,-3.683202887040506,9,1.0
372.7147476699204,-0.42171198720183406,-3.7077764485633398,9,1.0
375.30718375421594,-0.4208657254052766,-3.7325647927615604,9,1.0
377.9176516574646,-0.41999555954253337,-3.7574796229756173,9,1.0
380.5462768008857,-0.41913203023979706,-3.782691952354746,9,1.0
383.1931854780723,-0.4182384382039084,-3.8080008183058296,9,1.0
385.85850486105863,-0.4173453448001902,-3.833578904081607,9,1.0
388.5423630064304,-0.41642269960165634,-3.8592598655205745,9,1.0
391.2448888614774,-0.41550786048088784,-3.885257366899473,9,1.0
393.96621227038884,-0.41456397287086444,-3.9113648516625608,9,1.0
396.7064639804915,-0.4136013965332575,-3.937643015768553,9,1.0
399.4657756485318,-0.41265084347530684,-3.964272151673475,9,1.0
402.24427984700117,-0.4116618022194502,-3.9909627398203416,9,1.0
405.04211007050577,-0.41067177053705883,-4.017935114913455,9,1.0
407.85940074218024,-0.4096640595900748,-4.045094789658113,9,1.0
410.69628722014585,-0.40863551345350657,-4.072425416977275,9,1.0
413.55290580401413,-0.4076101904121366,-4.100073002499788,9,1.0
416.42939374143555,-0.4065577475937562,-4.127859782135374,9,1.0
419.3258892346932,-0.40548182224310253,-4.155809348586705,9,1.0
422.24253144734325,-0.4043929006451368,-4.183987573094843,9,1.0
425.179460510901,-0.40330835710397034,-4.212504092850894,9,1.0
428.13681753157323,-0.40219090886265413,-4.241134409845072,9,1.0
431.11474459703845,-0.4010510710164022,-4.269944882834259,9,1.0
434.11338478327275,-0.399906274232281,-4.299046580553002,9,1.0
437.13288216142445,-0.3987397098234209,-4.328338493023326,9,1.0
440.173381804736,-0.39756200148836246,-4.357890245144128,9,1.0
443.23502979551404,-0.3963631897438824,-4.387642508667323,9,1.0
446.31797323214806,-0.39515395475755827,-4.417666274499826,9,1.0
449.4223602361776,-0.3939243474807512,-4.447901774799871,9,1.0
452.5483399594091,-0.3926643876907294,-4.478287633462884,9,1.0
455.6960625910818,-0.3914124757422873,-4.509075244279658,9,1.0
458.8656793650838,-0.39012412656450046,-4.539980460989623,9,1.0
462.0573425672179,-0.3888239864438617,-4.5711666810978935,9,1.0
465.2712055425187,-0.38750213578537673,-4.602572713326638,9,1.0
468.5074227026196,-0.3861486256053084,-4.634135752077338,9,1.0
471.76614953317204,-0.38478828182878616,-4.666023977564683,9,1.0
475.04754260131557,-0.3834251758914733,-4.698269935945199,9,1.0
478.3517595632003,-0.3820355078385733,-4.730718482020463,9,1.0
481.6789591715617,-0.3806023629149796,-4.7632577234314795,9,1.0
485.02930128334776,-0.3791647527021391,-4.796155612602432,9,1.0
488.40294686739946,-0.3777058609746916,-4.829302359863217,9,1.0
491.8000580121847,-0.3762228434781818,-4.8626822811476975,9,1.0
495.2207979335857,-0.3747269278503741,-4.896377189065092,9,1.0
498.665330982741,-0.3732012774497757,-4.930274515042377,9,1.0
502.1338226539417,-0.37166423949619865,-4.96450654395052,9,1.0
505.62643959258287,-0.3700989966140571,-4.998959911260038,9,1.0
509.14334960316967,-0.36850280571078264,-5.033618782683372,9,1.0
512.68472165738,-0.3668941884736826,-5.068619003847705,9,1.0
516.2507259021829,-0.3652634387538132,-5.103896542126134,9,1.0
519.841533668013,-0.36361503517334914,-5.139488463230062,9,1.0
523.4573174770023,-0.36193928600732667,-5.175329680486967,9,1.0
527.0982510512695,-0.360240729910064,-5.211457657490482,9,1.0
530.7645093212655,-0.3585025492981938,-5.247753812204647,9,1.0
534.4562684341794,-0.3567507667091712,-5.2844134011112445,9,1.0
538.1737057624005,-0.35497579302660875,-5.321371507720389,9,1.0
541.9169999120409,-0.3531823666147592,-5.3586687666586466,9,1.0
545.6863307315159,-0.3513537279217894,-5.396185352751298,9,1.0
549.4818793201863,-0.3494874434422063,-5.433906977125359,9,1.0
553.3038280370578,-0.3476171780883551,-5.4720928807189715,9,1.0
557.1523605095437,-0.34571182193751926,-5.510513927867724,9,1.0
561.027661642287,-0.34376904660004265,-5.549156738612558,9,1.0
564.9299176260438,-0.3418155678037837,-5.588231471061701,9,1.0
568.8593159466297,-0.339820189122187,-5.627504174836844,9,1.0
572.8160453939274,-0.33782434984184145,-5.667301509074014,9,1.0
576.8002960709567,-0.33577498608744816,-5.707217411533635,9,1.0
580.8122594030085,-0.3337064014994189,-5.747524624400903,9,1.0
584.8521281468421,-0.33159460248120487,-5.788040665639844,9,1.0
588.920096399946,-0.32946683192624404,-5.828986465358983,9,1.0
593.0163596098636,-0.3272991046847388,-5.870178365543026,9,1.0
597.1411145835832,-0.3251041372682416,-5.911723586337182,9,1.0
601.2945594969942,-0.32288740776563185,-5.953673159185689,9,1.0
605.4768939044083,-0.3206396798810037,-5.995959862242025,9,1.0
609.688318748147,-0.31834426433850227,-6.038454421580389,9,1.0
613.9290363681965,-0.3160215410732001,-6.0813285498560115,9,1.0
618.1992505119288,-0.3136623084540926,-6.124514009620452,9,1.0
622.4991663438906,-0.31128719565404567,-6.168187899197043,9,1.0
626.8289904556613,-0.30885718872244905,-6.212035259299052,9,1.0
631.1889308757782,-0.30641547564273836,-6.256421310312357,9,1.0
635.5791970797316,-0.30391546240886635,-6.300965217208155,9,1.0
640.0000000000289,-0.3014005988128665,-6.346037823617769,9,1.0
644.4515520363291,-0.2988316924999225,-6.391317218154318,9,1.0
648.9340670656479,-0.29624494299107273,-6.43711691673819,9,1.0
653.4477604526332,-0.2936238081600137,-6.483305518861734,9,1.0
657.9928490599125,-0.2909516285560624,-6.529748157968823,9,1.0
662.5695512585116,-0.28824976396585383,-6.576635572353882,9,1.0
667.178086938348,-0.2855015924363081,-6.623832844880965,9,1.0
671.8186775187937,-0.2827133677591964,-6.671401828382858,9,1.0
676.4915459593144,-0.2798991372141408,-6.719473755034967,9,1.0
681.1969167701814,-0.27702689353181165,-6.767777564162719,9,1.0
685.935016023259,-0.27413388435680597,-6.816648683456671,9,1.0
690.7060713628651,-0.2711803107778565,-6.865745474526339,9,1.0
695.5103120167091,-0.26819591315820784,-6.915339574022634,9,1.0
700.3479688069056,-0.2651640511837068,-6.965292621374841,9,1.0
705.2192741610634,-0.2621070066606546,-7.015813565393993,9,1.0
710.1244621234536,-0.2589846729258784,-7.066552098198787,9,1.0
715.0637683662537,-0.2558272454058614,-7.117788996368349,9,1.0
720.0374302008713,-0.25261802474211553,-7.169383171972912,9,1.0
725.0456865893448,-0.24936386752717093,-7.221406482920111,9,1.0
730.0887781558251,-0.24607967744814274,-7.274005946764749,9,1.0
735.1669471981365,-0.24274082339263317,-7.326966738114174,9,1.0
740.2804376994185,-0.23936229096693895,-7.380437143880605,9,1.0
745.4294953398465,-0.23591929037041248,-7.434198372208615,9,1.0
750.6143675084376,-0.2324349092878389,-7.488474844982769,9,1.0
755.8353033149348,-0.22890841292156855,-7.543271568249302,9,1.0
761.0925536017771,-0.2253229450051876,-7.5984420639365915,9,1.0
766.3863709561504,-0.22168577493575642,-7.654065413852293,9,1.0
771.717009722123,-0.21801243115030347,-7.710300354969762,9,1.0
777.0847260128666,-0.21426975337881066,-7.766844835623348,9,1.0
782.4897777229608,-0.21048963578904153,-7.824013691750556,9,1.0
787.9324245407837,-0.20664696626469833,-7.881580035966481,9,1.0
793.412927960989,-0.20274104143142402,-7.939548570078583,9,1.0
798.9315512970695,-0.1988042507402726,-7.9982439433207055,9,1.0
804.4885596940084,-0.19478650934599798,-8.057195930652073,9,1.0
810.0842201410177,-0.1907203165525636,-8.11673127352595,9,1.0
815.7188014843666,-0.18660524611770118,-8.176860006329623,9,1.0
821.392574440298,-0.18242412770143754,-8.237428250877345,9,1.0
827.1058116080346,-0.17817640690814543,-8.298443517025484,9,1.0
832.8587874828772,-0.1738953481411629,-8.360247451910817,9,1.0
838.6517784693928,-0.16952994124093237,-8.422351692893766,9,1.0
844.4850628946929,-0.16510505209110182,-8.485015508269022,9,1.0
850.3589210218082,-0.16061177374563407,-8.548165022453245,9,1.0
856.2736350631529,-0.15607541060894434,-8.61206787904827,9,1.0
862.2294891940834,-0.15145278721860717,-8.67630784328478,9,1.0
868.226769566552,-0.146786553792627,-8.741327880972346,9,1.0
874.2657643228554,-0.14203324344283402,-8.806706621913255,9,1.0
880.3467636094787,-0.13721846276097713,-8.872717670511763,9,1.0
886.4700595910348,-0.1323420029718495,-8.939375761222331,9,1.0
892.635946464303,-0.12740368181604986,-9.006696228190405,9,1.0
898.844720472362,-0.1223856841154701,-9.074514341547205,9,1.0
905.096679918825,-0.11729652087872118,-9.142933703454254,9,1.0
911.3921251821704,-0.11212706456986889,-9.211877818886943,9,1.0
917.7313587301744,-0.10691278288662218,-9.281729771418291,9,1.0
924.1146851344428,-0.10159994560587922,-9.351953975331355,9,1.0
930.5424110850445,-0.09621512070420356,-9.422842407246268,9,1.0
937.0148454052463,-0.09074911364551427,-9.494318324602267,9,1.0
943.5322990663512,-0.085229023920538,-9.566683114021423,9,1.0
950.0950852026382,-0.07960926818434402,-9.639481067403903,9,1.0
956.7035191264079,-0.07391699198020688,-9.713014853408884,9,1.0
963.3579183431307,-0.06813368638563948,-9.787110359920238,9,1.0
970.0586025667028,-0.062277645650678656,-9.861979980542424,9,1.0
976.8058937348063,-0.05635821586404945,-9.93774388367732,9,1.0
983.6001160243768,-0.05032870358592796,-10.013929879526192,9,1.0
990.4415958671789,-0.044216885854542136,-10.090852370799858,9,1.0
997.3306619654895,-0.03802271208312581,-10.168532800077793,9,1.0
1004.267645307891,-0.031736637271699,-10.24689177154248,9,1.0
1011.2528791851732,-0.025377646009868034,-10.326154457768885,9,1.0
1018.2866992063468,-0.018917055872366074,-10.406037554673585,9,1.0
1025.3694433147675,-0.012383614618323682,-10.486872193454897,9,1.0
1032.5014518043733,-0.005728945345395672,-10.56816284753934,9,1.0
1039.6830673360337,0.001008393692627451,-10.650347366331038,9,1.0
1046.9146349540124,0.007847939841312691,-10.733239973641615,9,1.0
1054.1965021025467,0.014779995214125511,-10.816970090895525,9,1.0
1061.5290186425389,0.021814494728018483,-10.901455626779764,9,1.0
1068.9125368683667,0.028931597109044232,-10.986937530964896,9,1.0
1076.347411524809,0.036161231713380565,-11.073117438032893,9,1.0
1083.8339998240897,0.043503671214608894,-11.160018392195125,9,1.0
1091.37266146304,0.05093883961706472,-11.2478860004825,9,1.0
1098.9637586403808,0.05848707205475375,-11.33652619277726,9,1.0
1106.607656074124,0.06611772371788596,-11.426301966905521,9,1.0
1114.3047210190957,0.07387183882265763,-11.516793198346171,9,1.0
1122.0553232845823,0.08174978251553067,-11.60802418086516,9,1.0
1129.859835252096,0.08973095131870518,-11.70025016458497,9,1.0
1137.7186318932681,0.0978258356126393,-11.793386094198375,9,1.0
1145.6320907878635,0.10603455475315661,-11.887461127838025,9,1.0
1153.600592141922,0.1143572065132563,-11.982505232522291,9,1.0
1161.6245188060257,0.12278311907189915,-12.078667786124296,9,1.0
1169.704256293693,0.13134458465201418,-12.175624644955763,9,1.0
1177.840192799901,0.14003116579376576,-12.273523308461103,9,1.0
1186.032719219736,0.1488321232024501,-12.37251565627486,9,1.0
1194.2822291671753,0.15776950721828237,-12.472391493920941,9,1.0
1202.5891189939975,0.16683261038797131,-12.573303476546773,9,1.0
1210.9537878088256,0.17602159158544908,-12.675284748896354,9,1.0
1219.3766374963034,0.1853253216286223,-12.778494282259427,9,1.0
1227.8580727364024,0.19477770481160378,-12.882592125659633,9,1.0
1236.3985010238666,0.20435645611538863,-12.987862108745842,9,1.0
1244.9983326877905,0.21407314282484838,-13.094213144042433,9,1.0
1253.657980911332,0.22391645675277436,-13.201808740377906,9,1.0
1262.377861751566,0.23392142845801586,-13.310298284279678,9,1.0
1271.1583941594727,0.2440535236489042,-13.420104618589159,9,1.0
1280.0000000000673,0.25433639373521794,-13.531004803230429,9,1.0
1288.9031040726677,0.2647585524846975,-13.64316700103657,9,1.0
1297.8681341313059,0.2753321916297407,-13.756496924988406,9,1.0
1306.8955209052763,0.2860577204843725,-13.8710319297046,9,1.0
1315.9856981198345,0.2969355261947262,-13.986810322733016,9,1.0
1325.1391025170333,0.30794134099827086,-14.104144883218554,9,1.0
1334.3561738767062,0.31912456794482735,-14.22253094908337,9,1.0
1343.6373550375972,0.33047359267131826,-14.342142405227476,9,1.0
1352.9830919186386,0.3419763852695842,-14.463158274744332,9,1.0
1362.393833540373,0.3536459192997118,-14.585480925494945,9,1.0
1371.8700320465282,0.36548273199385795,-14.709151524294649,9,1.0
1381.4121427257405,0.3774744030221189,-14.834355371439692,9,1.0
1391.0206240334287,0.3896471749241582,-14.960850602202369,9,1.0
1400.6959376138216,0.40198867963933244,-15.088823559777824,9,1.0
1410.4385483221372,0.41447280617580107,-15.218612452536087,9,1.0
1420.2489242469178,0.42716617379977195,-15.349532942272761,9,1.0
1430.1275367325184,0.44004318422249267,-15.481919896548618,9,1.0
1440.0748604017533,0.4530908995341679,-15.615968481894354,9,1.0
1450.0913731787002,0.46632335520622203,-15.751577732044622,9,1.0
1460.177556311661,0.4797550429232384,-15.888643271816584,9,1.0
1470.3338943962842,0.4933589342518745,-16.02751695198733,9,1.0
1480.560875398848,0.5071634554246415,-16.167943514578948,9,1.0
1490.8589906797042,0.5211695158612014,-16.309970703658106,9,1.0
1501.2287350168863,0.535363601282359,-16.453804235535927,9,1.0
1511.670606629881,0.5497461512659201,-16.59949786524529,9,1.0
1522.1851072035656,0.5643175565889702,-16.74710664739925,9,1.0
1532.772741912312,0.5791226111667235,-16.8962057242752,9,1.0
1543.4340194442575,0.5941329827231818,-17.04716504947552,9,1.0
1554.1694520257447,0.6093493658298684,-17.200039937897554,9,1.0
1564.9795554459333,0.6247724087810784,-17.354887058711412,9,1.0
1575.8648490815792,0.640433550780085,-17.511433675674372,9,1.0
1586.8258559219898,0.6562875484693321,-17.670231631038064,9,1.0
1597.863102594151,0.6723816420990324,-17.830841783765198,9,1.0
1608.9771193880288,0.6887013465675584,-17.99348798951739,9,1.0
1620.1684402820476,0.7052314777843363,-18.158400693994885,9,1.0
1631.4376029687455,0.7220048454544408,-18.325301530930556,9,1.0
1642.7851488806082,0.7390063255814003,-18.494422645570502,9,1.0
1654.2116232160815,0.7562532342467555,-18.665654005085816,9,1.0
1665.7175749657672,0.7736964352996213,-18.83958514149362,9,1.0
1677.303556938798,0.7914202296285724,-19.01540587599094,9,1.0
1688.9701257893985,0.8093925098017887,-19.19353041984447,9,1.0
1700.7178420436294,0.8275969552421446,-19.374205548207957,9,1.0
1712.5472701263188,0.8460690263357094,-19.557141353491627,9,1.0
1724.4589783881795,0.8647924621066211,-19.742586636435774,9,1.0
1736.453539133117,0.8837680799087217,-19.93061341313509,9,1.0
1748.531528645724,0.9029966150897538,-20.121295500009303,9,1.0
1760.6935272189705,0.9224970923065383,-20.314521645882422,9,1.0
1772.940119182083,0.9422707205925842,-20.510365111268587,9,1.0
1785.2718929286193,0.9622998125200055,-20.709090808224797,9,1.0
1797.6894409447373,0.9826037839165029,-20.910588909056568,9,1.0
1810.1933598376636,1.0032028672607616,-21.11474578230242,9,1.0
1822.7842503643546,1.0240595848314396,-21.32202639164163,9,1.0
1835.4627174603627,1.045213500334762,-21.53212701941903,9,1.0
1848.2293702688994,1.0665859299793987,-21.7459168853042,9,1.0
1861.0848221701028,1.088317004946795,-21.962106617445777,9,1.0
1874.0296908105065,1.1103075377764358,-22.1817683806336,9,1.0
1887.0645981327166,1.132619393646922,-22.40439372984517,9,1.0
1900.190170405291,1.155212166883294,-22.63047401343747,9,1.0
1913.4070382528298,1.1781071793281193,-22.859901116635232,9,1.0
1926.715836686276,1.2013050837105248,-23.092769415203165,9,1.0
1940.1172051334202,1.2248063841073389,-23.32917573581885,9,1.0
1953.611787469627,1.2486114242737085,-23.569219416033764,9,1.0
1967.2002320487684,1.2726978518960914,-23.813213185218423,9,1.0
1980.8831917343723,1.2971332223277707,-24.060629124571754,9,1.0
1994.661323930994,1.3218729027645584,-24.31199298917791,9,1.0
2008.535290615797,1.3469399625773535,-24.56719924645617,9,1.0
2022.5057583703617,1.3723347622703872,-24.826355976930014,9,1.0
2036.573398412709,1.398033313368832,-25.08979278956891,9,1.0
2050.7388866295505,1.4240590143695817,-25.35740805748039,9,1.0
2065.0029036087626,1.4504115544794705,-25.629318666617237,9,1.0
2079.366134672083,1.4770903728951492,-25.905644572907505,9,1.0
2093.8292699080407,1.5041202294397529,-26.1862838644406,9,1.0
2108.3930042051093,1.5314492099460517,-26.4718112769172,9,1.0
2123.0580372850936,1.5591274656007972,-26.76190479332695,9,1.0
2137.82507373675,1.5871276783409585,-27.056922366769488,9,1.0
2152.6948230496346,1.6154749342609072,-27.35676900388832,9,1.0
2167.6679996481957,1.6441680286153981,-27.661579815737902,9,1.0
2182.7453229260964,1.67317739862701,-27.971728025909858,9,1.0
2197.927517280778,1.702528264280022,-28.287124614183604,9,1.0
2213.2153121482643,1.7321893808446847,-28.608153327971667,9,1.0
2228.6094420382083,1.7622153216578031,-28.934490268438232,9,1.0
2244.1106465691814,1.7925744119448321,-29.266525297842023,9,1.0
2259.7196705042093,1.8232629437759864,-29.604416124697455,9,1.0
2275.4372637865536,1.854276690908897,-29.948324472796536,9,1.0
2291.2641815757443,1.8855482581394276,-30.298906886195105,9,1.0
2307.2011842838615,1.9172282982827409,-30.655107949063947,9,1.0
2323.2490376120686,1.9492184379796342,-31.017833402464447,9,1.0
2339.4085125874035,1.9815449392984807,-31.38701185273439,9,1.0
2355.6803855998196,2.014168671321764,-31.763072945825414,9,1.0
2372.0654384394898,2.0471155864971564,-32.14595111066295,9,1.0
2388.5644583343683,2.0803439613036208,-32.53608770699003,9,1.0
2405.178237988013,2.1139144968799775,-32.93316779380805,9,1.0
2421.9075756176694,2.147748652677793,-33.337897228243115,9,1.0
2438.753274992625,2.18190781019247,-33.749964789925386,9,1.0
2455.716145472823,2.2163091826995265,-34.17009085993022,9,1.0
2472.797002047752,2.25101472431337,-34.59796823967588,9,1.0
2489.9966653755996,2.285975437744618,-35.03406981102242,9,1.0
2507.3159618226828,2.321177635459669,-35.47861494806257,9,1.0
2524.755723503151,2.3566462191253406,-35.93156360205327,9,1.0
2542.3167883189644,2.392205257890569,-36.39420079561771,9,1.0
2560.0000000001537,2.428119309063972,-36.86490666128292,9,1.0
2577.806208145355,2.4642105281233984,-37.34497410988258,9,1.0
2595.736268262631,2.500458677855782,-37.834644461272994,9,1.0
2613.7910418105726,2.536929010725366,-38.33362619169731,9,1.0
2631.971396239689,2.573514229927934,-38.84270231183779,9,1.0
2650.2782050340866,2.610189247673145,-39.362125733851045,9,1.0
2668.7123477534324,2.6470191258523594,-39.89161229482018,9,1.0
2687.274710075215,2.6839333143366706,-40.43168913599436,9,1.0
2705.9661838372976,2.720903680117755,-40.98261749056386,9,1.0
2724.7876670807664,2.7578514592332426,-41.54493241308518,9,1.0
2743.740064093077,2.7948407161741047,-42.11835829285678,9,1.0
2762.824285451502,2.8318397133939084,-42.70316320133975,9,1.0
2782.0412480668783,2.8687116747067005,-43.30015909091647,9,1.0
2801.391875227664,2.9055192855379315,-43.909074738701904,9,1.0
2820.8770966442953,2.9421703718096914,-44.53045219044679,9,1.0
2840.4978484938565,2.97862057782382,-45.16456184331049,9,1.0
2860.2550734650586,3.014878197208976,-45.81140403082521,9,1.0
2880.1497208035285,3.050896390994144,-46.4712483473492,9,1.0
2900.1827463574223,3.086567960427682,-47.14462874434035,9,1.0
2920.355112623344,3.1218956004552973,-47.83154023900036,9,1.0
2940.6677887925907,3.1568235457733067,-48.53224223297909,9,1.0
2961.121750797718,3.1912320927696545,-49.24725056565461,9,1.0
2981.717981359431,3.225179522240425,-49.97628672736505,9,1.0
3002.4574700337953,3.2584776243358755,-50.72011118041738,9,1.0
3023.3412132597846,3.291118257997106,-51.47869089568012,9,1.0
3044.3702144071544,3.3230290440304007,-52.2522435345802,9,1.0
3065.545483824648,3.354134102258288,-53.04097387450167,9,1.0
3086.868038888538,3.3843540198247926,-53.845072011162955,9,1.0
3108.338904051513,3.413674758920613,-54.664468816041975,9,1.0
3129.9591108918903,3.441873176425574,-55.49980836637579,9,1.0
3151.7296981631816,3.468998313973235,-56.35074411529035,9,1.0
3173.651711844004,3.494887787754411,-57.21763106127915,9,1.0
3195.726205188326,3.519518495716039,-58.10033120425881,9,1.0
3217.954238776082,3.5426440330292723,-58.99936016255582,9,1.0
3240.3368805641194,3.5643859932642865,-59.91408875704904,9,1.0
3262.8752059375156,3.5844132926547143,-60.84517637797563,9,1.0
3285.570297761241,3.6028489906992793,-61.79196241858689,9,1.0
3308.4232464321876,3.619429244936601,-62.75480585986107,9,1.0
3331.435149931559,3.6340403068609466,-63.73359724245822,9,1.0
3354.607113877621,3.6466485614253625,-64.72800401511519,9,1.0
3377.9402515788224,3.657140236364707,-65.7378546860856,9,1.0
3401.4356840872842,3.665231892005708,-66.76326572691791,9,1.0
3425.094540252663,3.671057213044702,-67.80345421484546,9,1.0
3448.9179567763854,3.6744170636990487,-68.85828553567384,9,1.0
3472.9070782662598,3.6751956483830184,-69.92740279466962,9,1.0
3497.0630572914743,3.6732779341255255,-71.01039947234202,9,1.0
3521.387054437968,3.6685502362756477,-72.10681855659028,9,1.0
3545.880238364193,3.6609008341596567,-73.21615201728824,9,1.0
3570.543785857265,3.6502206116919034,-74.33784065769309,9,1.0
3595.378881889502,3.636403717046629,-75.47127437383897,9,1.0
3620.3867196753545,3.6193482346439048,-76.61579284878371,9,1.0
3645.5685007287366,3.59895686192184,-77.7706867032395,9,1.0
3670.9254349207527,3.5752310202853828,-78.9351460613028,9,1.0
3696.458740537827,3.5479921805147514,-80.10844587376411,9,1.0
3722.1696443402334,3.5171606433157523,-81.28974184922292,9,1.0
3748.0593816210417,3.4826638959463962,-82.47814987940635,9,1.0
3774.129196265462,3.4444371832435303,-83.67274953557381,9,1.0
3800.3803408106105,3.402519162757707,-84.87259685998154,9,1.0
3826.8140765056887,3.356862417301195,-86.0767492669325,9,1.0
3853.43167337258,3.3072376609019556,-87.28417214063268,9,1.0
3880.2344102668694,3.2539010689555656,-88.49394620606468,9,1.0
3907.223574939284,3.1965469659003336,-89.70493181264825,9,1.0
3934.400464097566,3.1354502906647137,-90.91626494524255,9,1.0
3961.7663834687746,3.0704201248338943,-92.12680342820106,9,1.0
3989.322647862018,3.001465939284116,-93.3355022651756,9,1.0
4017.070581231624,2.92870078833959,-94.54143521389341,9,1.0
4045.011516740754,2.852152147956419,-95.74361551834652,9,1.0
4073.1467968254487,2.771763999384281,-96.94093864938726,9,1.0
4101.477773259132,2.6876754749549803,-98.13256862785205,9,1.0
4130.005807217556,2.5999403660947036,-99.31758525409215,9,1.0
4158.732269344197,2.5086203724203333,-100.49509893160277,9,1.0
4187.658539816113,2.4137846139887147,-101.66425438084325,9,1.0
4216.78600841025,2.3154206866999436,-102.82404245832721,9,1.0
4246.116074570219,2.2137013325719406,-103.97385692545762,9,1.0
4275.650147473531,2.1087147448870502,-105.11296476216575,9,1.0
4305.389646099301,2.0005541956314925,-106.24067801945358,9,1.0
4335.335999296423,1.88931740232817,-107.35635537928657,9,1.0
4365.4906458522255,1.7749400714553332,-108.45892467445232,9,1.0
4395.8550345615895,1.657860989221205,-109.54878122296095,9,1.0
4426.430624296562,1.538019207623803,-110.62496762047215,9,1.0
4457.21888407645,1.415523920489468,-111.68703612645614,9,1.0
4488.2212931383965,1.2905635323628544,-112.73485754594779,9,1.0
4519.439341008452,1.1630923945467757,-113.76754576007026,9,1.0
4550.874527573141,1.0333013143291776,-114.7850582007482,9,1.0
4582.528363151522,0.9013755701709305,-115.78742347310195,9,1.0
4614.402368567757,0.7673494014266777,-116.77414604637528,9,1.0
4646.498075224173,0.6313325063266889,-117.74504929271043,9,1.0
4678.817025174842,0.49343314282235684,-118.69999652743321,9,1.0
4711.360771199674,0.3537577895973645,-119.63888902262941,9,1.0
4744.130876879015,0.21247783498024422,-120.56197707864195,9,1.0
4777.128916668773,0.06962562107427296,-121.46892576509873,9,1.0
4810.356475976061,-0.07463506964922023,-122.36005665805823,9,1.0
4843.815151235375,-0.22027444003183697,-123.23508648941987,9,1.0
4877.506549985286,-0.3671986051229123,-124.0940724562943,9,1.0
4911.432290945683,-0.5153167098079701,-124.93709693327249,9,1.0
4945.594004095541,-0.6644820640986794,-125.76459561286562,9,1.0
4979.9933307512365,-0.8146716884001188,-126.57636833336974,9,1.0
5014.631923645403,-0.9657478551742371,-127.37289340593689,9,1.0
5049.511447006339,-1.1176362720269726,-128.1543366144374,9,1.0
5084.633576637967,-1.2703736283298883,-128.92020594629292,9,1.0
5120.000000000346,-1.4237265560991241,-129.67169867714642,9,1.0
5155.612416290749,-1.5777368814641268,-130.40834625161486,9,1.0
5191.4725365253,-1.7323393279304393,-131.1303604289555,9,1.0
5227.582083621183,-1.887422579804892,-131.83829996910234,9,1.0
5263.942792479418,-2.0429309601191363,-132.532393643272,9,1.0
5300.556410068212,-2.198858602169868,-133.21253812082287,9,1.0
5337.424695506905,-2.355106379062884,-133.87931047447304,9,1.0
5374.54942015047,-2.5116718413326082,-134.532616604175,9,1.0
5411.932367674636,-2.66841973034229,-135.17337597397963,9,1.0
5449.575334161574,-2.825439283014984,-135.8008274430021,9,1.0
5487.480128186196,-2.9825596238302494,-136.4162277584412,9,1.0
5525.648570903045,-3.1398280230125506,-137.01915578197156,9,1.0
5564.082496133798,-3.29716678356395,-137.61019536383495,9,1.0
5602.78375045537,-3.4545430985249514,-138.1895940017399,9,1.0
5641.754193288633,-3.611926215753935,-138.75759773607567,9,1.0
5680.995696987757,-3.76932446462318,-139.3141222981866,9,1.0
5720.51014693016,-3.9267446038082787,-139.85908708113212,9,1.0
5760.2994416071,-4.084014850234826,-140.39404232006422,9,1.0
5800.365492714889,-4.241186066741165,-140.9185676668015,9,1.0
5840.710225246731,-4.398236490178546,-141.43289636259846,9,1.0
5881.335577585225,-4.555145888094165,-141.93725820116552,9,1.0
5922.243501595481,-4.711927742383852,-142.43156085014138,9,1.0
5963.435962718906,-4.868530906016824,-142.91634884842824,9,1.0
6004.914940067636,-5.0249085331887455,-143.3921554861901,9,1.0
6046.682426519615,-5.181108114738146,-143.8585638345905,9,1.0
6088.740428814354,-5.33708447895913,-144.31610087685027,9,1.0
6131.090967649341,-5.492825075667195,-144.76497275134582,9,1.0
6173.736077777122,-5.648318392307846,-145.2053813420413,9,1.0
6216.6778081030725,-5.8035538950186005,-145.63752424970397,9,1.0
6259.918221783827,-5.9585219724058325,-146.06159477805966,9,1.0
6303.4593963264115,-6.113187641058908,-146.47808252648292,9,1.0
6347.303423688055,-6.267596044456518,-146.8865689182668,9,1.0
6391.4524103767,-6.421713185164863,-147.28753709867857,9,1.0
6435.9084775522115,-6.575532631719403,-147.6811632925651,9,1.0
6480.673761128287,-6.729048632245895,-148.06761953074692,9,1.0
6525.750411875079,-6.8822326164664265,-148.4473636228276,9,1.0
6571.140595522531,-7.035127497036882,-148.81997734588944,9,1.0
6616.846492864425,-7.187682895863807,-149.1861981394395,9,1.0
6662.870299863169,-7.33991880367209,-149.54589184678622,9,1.0
6709.214227755292,-7.491853724218149,-149.89892905358823,9,1.0
6755.880503157695,-7.643483756907385,-150.24546428534728,9,1.0
6802.871368174619,-7.794743826810574,-150.58647915634012,9,1.0
6850.189080505378,-7.945655094122028,-150.92182648596742,9,1.0
6897.835913552822,-8.096256931067876,-151.25109149075163,9,1.0
6945.814156532571,-8.246508567254558,-151.5749550586469,9,1.0
6994.126114583001,-8.396429477195209,-151.89327238206099,9,1.0
7042.774108875988,-8.546019324909883,-152.206170075097,9,1.0
7091.760476728439,-8.69527806127798,-152.51377145259684,9,1.0
7141.087571714584,-8.844205904130556,-152.81619660804805,9,1.0
7190.757763779057,-8.99278599081319,-153.1138223766654,9,1.0
7240.773439350762,-9.141037065939617,-153.40649856726188,9,1.0
7291.137001457528,-9.28896001317859,-153.69433610612205,9,1.0
7341.850869841561,-9.436539639632091,-153.97769664497054,9,1.0
7392.917481075709,-9.583794156052189,-154.25642760535737,9,1.0
7444.339288680522,-9.730724975808897,-154.5306314388937,9,1.0
7496.118763242139,-9.877333670717952,-154.8004079084353,9,1.0
7548.258392530979,-10.02360697009232,-155.0660996362622,9,1.0
7600.760681621277,-10.169591692344806,-155.32706478978926,9,1.0
7653.628153011434,-10.315230456521165,-155.58437339438348,9,1.0
7706.863346745218,-10.460541205024757,-155.8378637440131,9,1.0
7760.468820533797,-10.605540775999895,-156.08737981831806,9,1.0
7814.447149878626,-10.750231417588228,-156.33300678660444,9,1.0
7868.800928195191,-10.894602186534135,-156.57506125071626,9,1.0
7923.532766937609,-11.038669301294657,-156.81338652101823,9,1.0
7978.645295724095,-11.182422469598293,-157.04829117108767,9,1.0
8034.141162463309,-11.32587748824694,-157.2796183115411,9,1.0
8090.023033481568,-11.469036934862071,-157.50744272368107,9,1.0
8146.293593650958,-11.611915471699303,-157.73161306568363,9,1.0
8202.955546518326,-11.754479686037175,-157.95287293165902,9,1.0
8260.011614435174,-11.896756821083107,-158.1708394230765,9,1.0
8317.464538688457,-12.038738271312592,-158.38579871366136,9,1.0
8375.317079632288,-12.180427464250709,-158.59781115539923,9,1.0
8433.572016820564,-12.321838746681287,-158.8067203894687,9,1.0
8492.232149140504,-12.462974919805689,-159.0125889674699,9,1.0
8551.300294947127,-12.60382829592558,-159.21568948988383,9,1.0
8610.779292198666,-12.744412622042349,-159.41586631558087,9,1.0
8670.671998592914,-12.884720620852832,-159.61338562293648,9,1.0
8730.981291704516,-13.024765643053613,-159.8080924053514,9,1.0
8791.710069123244,-13.164540793131518,-160.00024664784792,9,1.0
8852.86124859319,-13.304059033060245,-160.18969407911314,9,1.0
8914.437768152968,-13.443332596729928,-160.37628583069332,9,1.0
8976.44258627686,-13.58233617171545,-160.56067750321316,9,1.0
9038.878682016972,-13.721082677087093,-160.74271114330568,9,1.0
9101.74905514635,-13.859584321942027,-160.92223421749117,9,1.0
9165.056726303115,-13.997835207143014,-161.09948940094725,9,1.0
9228.804737135582,-14.13584717829471,-161.27432514519782,9,1.0
9292.996150448414,-14.273631432142295,-161.4465951530793,9,1.0
9357.634050349754,-14.41116554298993,-161.61691922930544,9,1.0
9422.721542399418,-14.548461288334575,-161.78514273920055,9,1.0
9488.261753758103,-14.685521856244971,-161.95130347423273,9,1.0
9554.257833337617,-14.822358218183602,-162.11525265174274,9,1.0
9620.712951952195,-14.958973080336921,-162.27703075802154,9,1.0
9687.630302470823,-15.095354055815582,-162.43704268556502,9,1.0
9755.013099970645,-15.231526838094334,-162.59477461416478,9,1.0
9822.864581891441,-15.367471852653171,-162.75080796649507,9,1.0
9891.188008191157,-15.503206793801002,-162.90481436964345,9,1.0
9959.98666150255,-15.638748301616403,-163.0564762111158,9,1.0
10029.26384729088,-15.77405683056652,-163.2068900289313,9,1.0
10099.022894012754,-15.909170288923848,-163.35520314672118,9,1.0
10169.26715327601,-16.04407086980096,-163.5019715168276,9,1.0
10240.000000000768,-16.178774867311322,-163.64687731121415,9,1.0
10311.224832581574,-16.313278328730622,-163.79012278478865,9,1.0
10382.945073050678,-16.447590363538943,-163.93156693559268,9,1.0
10455.164167242447,-16.581707189952276,-164.07140794037878,9,1.0
10527.885584958914,-16.71563153524462,-164.20967208659502,9,1.0
10601.112820136505,-16.84938409087108,-164.34589133497153,9,1.0
10674.849391013888,-16.982937107241348,-164.48091891079278,9,1.0
10749.098840301021,-17.11631121936559,-164.6142855677392,9,1.0
10823.864735349352,-17.249497330881837,-164.7463405320478,9,1.0
10899.15066832323,-17.382509502588775,-164.876784545106,9,1.0
10974.960256372473,-17.515349978497518,-165.0056443120322,9,1.0
11051.297141806172,-17.648015565819893,-165.13310290310937,9,1.0
11128.16499226768,-17.780508736541872,-165.25918219860773,9,1.0
11205.567500910824,-17.912842397711493,-165.383594645627,9,1.0
11283.508386577352,-18.045002989982674,-165.50682826235393,9,1.0
11361.991393975597,-18.176998214844694,-165.62874781183132,9,1.0
11441.020293860403,-18.308830417898257,-165.74937332296184,9,1.0
11520.598883214287,-18.440506806507546,-165.86857469722176,9,1.0
11600.730985429864,-18.572019793324245,-165.98667169876722,9,1.0
11681.420450493551,-18.703386071584,-166.10323747700556,9,1.0
11762.671155170538,-18.834593426076616,-166.2187360047724,9,1.0
11844.48700319105,-18.965662598264256,-166.33260143832103,9,1.0
11926.871925437901,-19.096572555606503,-166.44558137869478,9,1.0
12009.82988013536,-19.227334744407514,-166.5574005804364,9,1.0
12093.36485303932,-19.357955627806188,-166.66793416101373,9,1.0
12177.4808576288,-19.488432782152753,-166.77734258766915,9,1.0
12262.181935298773,-19.618768258005865,-166.88564202205845,9,1.0
12347.472155554336,-19.748964076863487,-166.99284830046443,9,1.0
12433.355616206238,-19.879026312590785,-167.09883951405348,9,1.0
12519.836443567749,-20.008952716593143,-167.20377041424788,9,1.0
12606.918792652916,-20.138753129693473,-167.3073852341025,9,1.0
12694.606847376202,-20.268413535417956,-167.41024193118997,9,1.0
12782.904820753494,-20.39794767337838,-167.51194880788208,9,1.0
12871.816955104521,-20.52734969138637,-167.6127874190658,9,1.0
12961.347522256672,-20.65663271311015,-167.71237477711534,9,1.0
13051.500823750257,-20.785787257554922,-167.8111210501418,9,1.0
13142.28119104516,-20.91482604111406,-167.9086487386913,9,1.0
13233.69298572895,-21.043739892177964,-168.00536143555053,9,1.0
13325.740599726436,-21.172534188548774,-168.1011415917139,9,1.0
13418.428455510686,-21.301210639257707,-168.1960016424129,9,1.0
13511.761006315492,-21.42977429206169,-168.289828444416,9,1.0
13605.74273634934,-21.55822002685818,-168.38288560997003,9,1.0
13700.378161010858,-21.68656267150794,-168.47468823093757,9,1.0
13795.671827105747,-21.814787342254576,-168.56586883415252,9,1.0
13891.628313065248,-21.942905407794875,-168.65606833644918,9,1.0
13988.252229166108,-22.070912073843928,-168.7455419273159,9,1.0
14085.548217752083,-22.198815151269105,-168.83405821297814,9,1.0
14183.520953456982,-22.326619030407578,-168.9215117291143,9,1.0
14282.175143429275,-22.454313078145667,-169.00839018064457,9,1.0
14381.515527558222,-22.581904892861395,-169.09446432680738,9,1.0
14481.546878701633,-22.70939593448707,-169.1797442691413,9,1.0
14582.274002915165,-22.836796124319463,-169.2638939466061,9,1.0
14683.70173968323,-22.964092566991216,-169.34750320232502,9,1.0
14785.834962151528,-23.091297887471036,-169.43012197890087,9,1.0
14888.678577361155,-23.21840241714153,-169.51221578596474,9,1.0
14992.23752648439,-23.345413082344763,-169.5935649206984,9,1.0
15096.516785062071,-23.472333837800527,-169.6740673690691,9,1.0
15201.521363242668,-23.599163306684353,-169.75384477333984,9,1.0
15307.256306022984,-23.72590532721301,-169.83279644025993,9,1.0
15413.726693490553,-23.85255607175558,-169.911150624367,9,1.0
15520.93764106771,-23.979121839211434,-169.98869771183143,9,1.0
15628.894299757369,-24.10559892034957,-170.06566241037507,9,1.0
15737.6018563905,-24.231998192947675,-170.14162563917998,9,1.0
15847.065533875337,-24.358306452251405,-170.21723503701358,9,1.0
15957.29059144831,-24.484534466519893,-170.2920728434714,9,1.0
16068.282324926739,-24.610681028199753,-170.36625300669337,9,1.0
16180.046066963258,-24.736751781635853,-170.4395769465796,9,1.0
16292.587187302037,-24.862738831901865,-170.51246605962328,9,1.0
16405.911093036775,-24.988650033882095,-170.5846184046158,9,1.0
16520.023228870472,-25.114486398452648,-170.65604347748794,9,1.0
16634.92907737704,-25.24024470425591,-170.7269507903459,9,1.0
16750.634159264704,-25.365928205312557,-170.79724576315493,9,1.0
16867.144033641256,-25.49153796499665,-170.8669352824404,9,1.0
16984.464298281135,-25.617077046855638,-170.93592823495047,9,1.0
17102.600589894384,-25.742544407237343,-171.00433062088337,9,1.0
17221.558584397462,-25.867941065223754,-171.07214898859618,9,1.0
17341.343997185955,-25.993266098872944,-171.13948553380033,9,1.0
17461.962583409164,-26.11852817373714,-171.20596430648925,9,1.0
17583.42013824662,-26.243718663392738,-171.2720695946035,9,1.0
17705.72249718651,-26.368842381302578,-171.33761605114782,9,1.0
17828.875536306066,-26.493900274559863,-171.40260973416008,9,1.0
17952.885172553855,-26.618896849375567,-171.4668720193989,9,1.0
18077.75736403408,-26.743825826507077,-171.5307793113443,9,1.0
18203.498110292836,-26.86869347300444,-171.59406049580582,9,1.0
18330.113452606365,-26.993500604797354,-171.65672326404285,9,1.0
18457.609474271307,-27.11824466235982,-171.71895445074273,9,1.0
18585.99230089697,-27.24293156313921,-171.7804906667385,9,1.0
18715.26810069965,-27.367555484010786,-171.84169455131865,9,1.0
18845.44308479898,-27.492123851311753,-171.90221682692967,9,1.0
18976.523507516347,-27.616631013759452,-171.96241479270262,9,1.0
19108.51566667538,-27.741084179945133,-172.02194415796586,9,1.0
19241.425903904536,-27.865477865039885,-172.08115696991956,9,1.0
19375.260604941792,-27.989817550801472,-172.1397990160547,9,1.0
19510.026199941436,-28.114103954612286,-172.1978771291395,9,1.0
19645.729163783028,-28.238334841636913,-172.2555659144415,9,1.0
19782.376016382463,-28.36251394047965,-172.31270170218278,9,1.0
19919.973323005244,-28.486639082032337,-172.36945650940325,9,1.0
20058.527694581913,-28.610712478844334,-172.42575109034894,9,1.0
20198.045788025658,-28.734736248161813,-172.48150853697572,9,1.0
20338.53430655217,-28.858708315664764,-172.5368970653921,9,1.0
20480.00000000169,-28.982634838005286,-172.59159796808905,9,1.0
20622.4496651633,-29.106509702765205,-172.64601979838864,9,1.0
20765.890146101516,-29.23033502567149,-172.70008423433916,9,1.0
20910.32833448505,-29.354114120845356,-172.75363659919287,9,1.0
21055.771169917985,-29.477847601270454,-172.80668284997162,9,1.0
21202.22564027317,-29.601533569991275,-172.85938386915825,9,1.0
21349.698782027936,-29.725176432113646,-172.91151126072867,9,1.0
21498.197680602203,-29.848771862287876,-172.96337799447824,9,1.0
21647.72947069887,-29.97232538951001,-173.01468139455898,9,1.0
21798.301336646622,-30.09583281367972,-173.06572989587792,9,1.0
21949.920512745113,-30.219299504307365,-173.11622511119293,9,1.0
22102.59428361251,-30.342723674281686,-173.1663225687815,9,1.0
22256.32998453553,-30.46610366380765,-173.21617343720612,9,1.0
22411.135001821818,-30.58944461217638,-173.26548564305898,9,1.0
22567.01677315487,-30.71274371264975,-173.31448395892065,9,1.0
22723.98278795137,-30.8360037475679,-173.36302623614998,9,1.0
22882.04058772098,-30.95922310390514,-173.4112608338101,9,1.0
23041.197766428744,-31.08240553396739,-173.45897650462754,9,1.0
23201.4619708599,-31.20554735650423,-173.50646213461093,9,1.0
23362.840900987278,-31.328651242148954,-173.55357799878155,9,1.0
23525.342310341253,-31.451719733366108,-173.60018838127598,9,1.0
23688.974006382276,-31.574750296782273,-173.64650688191554,9,1.0
23853.743850875984,-31.69774349396326,-173.69253534450996,9,1.0
24019.6597602709,-31.8207027641912,-173.7380713127989,9,1.0
24186.729706078822,-31.943626630577732,-173.78325618155284,9,1.0
24354.96171525778,-32.066513720612335,-173.82822740441117,9,1.0
24524.363870597732,-32.189368289558594,-173.87271868380446,9,1.0
24694.944311108862,-32.31218801556294,-173.91693453242831,9,1.0
24866.711232412665,-32.43497699347564,-173.9606138179539,9,1.0
25039.672887135683,-32.557730283396744,-174.00415521058397,9,1.0
25213.837585306024,-32.68045194066412,-174.04729844672107,9,1.0
25389.213694752598,-32.803142383128126,-174.09004789551472,9,1.0
25565.809641507185,-32.92579864415639,-174.13266327448503,9,1.0
25743.63391020923,-33.048426272098645,-174.17476301070428,9,1.0
25922.695044513537,-33.17102231218045,-174.21660583785885,9,1.0
26103.00164750071,-33.29358723050596,-174.2581932423657,9,1.0
26284.562382090517,-33.41612547339216,-174.29921641738528,9,1.0
26467.385971458098,-33.538631033120055,-174.34017635446148,9,1.0
26651.481199453076,-33.66110833250119,-174.38076462547704,9,1.0
26836.856911021572,-33.78355774426241,-174.42098524953877,9,1.0
27023.522012631187,-33.905977377571006,-174.46102313650874,9,1.0
27211.485472698885,-34.0283706610049,-174.50063881179142,9,1.0
27400.75632202192,-34.15073792000311,-174.53983744565164,9,1.0
27591.3436542117,-34.2730751490202,-174.5789783861388,9,1.0
27783.256626130707,-34.395387827620674,-174.61764878373654,9,1.0
27976.504458332423,-34.51767343393721,-174.65608774032376,9,1.0
28171.096435504372,-34.639933057305484,-174.6942387031609,9,1.0
28367.04190691418,-34.76216706061899,-174.73210413212985,9,1.0
28564.35028685876,-34.884374458843105,-174.76980042228936,9,1.0
28763.031055116662,-35.00656029484409,-174.80693150965305,9,1.0
28963.093757403483,-35.12871955481867,-174.8439552180009,9,1.0
29164.548005830547,-35.25085459566938,-174.88070295255406,9,1.0
29367.403479366687,-35.37296512115722,-174.9172324246624,9,1.0
29571.669924303278,-35.49505336663966,-174.95337976658988,9,1.0
29777.35715472254,-35.61711899068199,-174.98920419540042,9,1.0
29984.475052969006,-35.73916107608519,-175.02481755007886,9,1.0
30193.03357012437,-35.86118056741378,-175.06016704358439,9,1.0
30403.042726485564,-35.98317718908933,-175.09530832171586,9,1.0
30614.512612046197,-36.10515244083581,-175.1301362435845,9,1.0
30827.45338698134,-36.22710602969532,-175.1647067835611,9,1.0
31041.875282135654,-36.34903825729112,-175.19902204938055,9,1.0
31257.788599514974,-36.470948863132136,-175.23313609341014,9,1.0
31475.203712781236,-36.59283926373918,-175.2669466654776,9,1.0
31694.13106775091,-36.714709182156554,-175.30050813480872,9,1.0
31914.581182896858,-36.836560506615136,-175.3336698645371,9,1.0
32136.564649853717,-36.95839028791036,-175.36674018727228,9,1.0
32360.09213392676,-37.08020042899962,-175.3995673297165,9,1.0
32585.17437460432,-37.20199069003315,-175.43220302680746,9,1.0
32811.8221860738,-37.323762876066866,-175.46449972822055,9,1.0
33040.04645774119,-37.44551671054513,-175.49651050428037,9,1.0
33269.85815475433,-37.56725145123672,-175.5283357518098,9,1.0
33501.26831852966,-37.688966891717406,-175.560024647703,9,1.0
33734.28806728276,-37.81066523408167,-175.5913845457485,9,1.0
33968.928596562524,-37.932346215314276,-175.62246694098815,9,1.0
34205.20117978902,-38.054009131873386,-175.65336932478388,9,1.0
34443.11716879519,-38.17565424319331,-175.68409229269935,9,1.0
34682.68799437217,-38.297283156241775,-175.7144961369983,9,1.0
34923.92516681859,-38.41889472875644,-175.74472356515815,9,1.0
35166.8402764935,-38.540490080618476,-175.77468276713776,9,1.0
35411.44499437329,-38.66206811438154,-175.8045132897709,9,1.0
35657.7510726124,-38.78363035499976,-175.83407794653763,9,1.0
35905.77034510798,-38.90517740450848,-175.86333347833576,9,1.0
36155.51472806843,-39.026707343191916,-175.89250652493917,9,1.0
36406.99622058595,-39.148222435043905,-175.9213720115515,9,1.0
36660.22690521301,-39.269721578912396,-175.9500641548269,9,1.0
36915.21894854289,-39.39120608207346,-175.978449351569,9,1.0
37171.98460179422,-39.51267476262124,-176.00665793498516,9,1.0
37430.53620139958,-39.63412753158831,-176.03468475141017,9,1.0
37690.88616959824,-39.75556518093142,-176.06239231746986,9,1.0
37953.04701503298,-39.876985241977756,-176.08993904825803,9,1.0
38217.03133335104,-39.99838651180033,-176.1171690829608,9,1.0
38482.85180780936,-40.11976175147532,-176.1441118064814,9,1.0
38750.521209883875,-40.2410907124462,-176.17043338316358,9,1.0
39020.05239988316,-40.36226594281074,-176.19630201138878,9,1.0
39291.458327566346,-40.4828832048781,-176.22436730261518,9,1.0
39564.752032765224,-40.6047775930715,-176.25625631340733,9,1.0
39839.94664601079,-40.72645387563767,-176.28142221930437,9,1.0
40117.05538916413,-40.84785466413932,-176.30659618394452,9,1.0
40396.09157605162,-40.96918415210609,-176.33185597300604,9,1.0
40677.068613104646,-41.09047615313741,-176.35693933131085,9,1.0
40960.00000000368,-41.21172453190556,-176.38177412440743,9,1.0
41244.899330326916,-41.33286569209307,-176.40592956361584,9,1.0
41531.78029220334,-41.453465198331074,-176.43017993997313,9,1.0
41820.65666897041,-41.57481313601504,-176.46354946282338,9,1.0
42111.54233983629,-41.69664160962075,-176.48714622729221,9,1.0
42404.45128054665,-41.81798731919851,-176.5107029702365,9,1.0
42699.3975640562,-41.9392399486116,-176.53458706186913,9,1.0
42996.39536120473,-42.060459600549045,-176.55852808890083,9,1.0
43295.458941398065,-42.181660232068296,-176.58241524987886,9,1.0
43596.60267329357,-42.30284727905961,-176.60608846773079,9,1.0
43899.84102549055,-42.42402066366375,-176.62978381090733,9,1.0
44205.18856722535,-42.545183047644656,-176.6532659556288,9,1.0
44512.659969071385,-42.66633388358211,-176.676674481812,9,1.0
44822.27000364397,-42.787474642020904,-176.69985948526713,9,1.0
45134.033546310086,-42.90860557970457,-176.72282011570735,9,1.0
45447.96557590307,-43.0297255972696,-176.7457343810426,9,1.0
45764.081175442305,-43.150836206263996,-176.7684229118623,9,1.0
46082.39553285784,-43.27193629161922,-176.79106239280836,9,1.0
46402.92394172015,-43.39302779458944,-176.81340708618853,9,1.0
46725.681801974904,-43.51410934542034,-176.83566779640282,9,1.0
47050.68462068286,-43.63518135175049,-176.85780931286908,9,1.0
47377.94801276491,-43.756244441458996,-176.8797634206856,9,1.0
47707.487701752325,-43.877298502332366,-176.90156547585585,9,1.0
48039.319520542165,-43.99834413110191,-176.9231490740588,9,1.0
48373.45941215801,-44.11938074658002,-176.94461667456227,9,1.0
48709.923430515926,-44.24040848350759,-176.96596849205744,9,1.0
49048.72774119583,-44.361427697407024,-176.9871718513735,9,1.0
49389.888622218095,-44.48243894929157,-177.00816232684332,9,1.0
49733.4224648257,-44.603441687021494,-177.02903966989751,9,1.0
50000.0,-44.696757768483394,-177.0450769670773,9,1.0
