frequency_Hz,mag_dB,phase_deg,step_index,step_k
10.0,-34.49363759091749,-0.1292913355259246,0,0.1
10.069555500567189,-34.49391400593007,-0.12955273164673795,0,0.1
10.139594797900294,-34.49417837710419,-0.12980291992020804,0,0.1
10.210121257071936,-34.49446273408646,-0.13004507670192686,0,0.1
10.281138266560667,-34.494741474396506,-0.13027620371323712,0,0.1
10.352649238413779,-34.49502741664503,-0.13049743030013342,0,0.1
10.424657608411218,-34.49530776698388,-0.13070709250392815,0,0.1
10.497166836230678,-34.495595343631884,-0.13090633320590447,0,0.1
10.57018040561381,-34.49589015867034,-0.1310948969702178,0,0.1
10.643701824533608,-34.49619222437087,-0.131272524690203,0,0.1
10.71773462536294,-34.49648234729443,-0.13143676352775885,0,0.1
10.792282365044281,-34.4967925507531,-0.1315909746245688,0,0.1
10.867348625260592,-34.49709724018036,-0.1317319561522373,0,0.1
10.942937012607405,-34.49739642991365,-0.13185939978126487,0,0.1
11.019051158766118,-34.497722140124324,-0.13197675663575878,0,0.1
11.095694720678463,-34.498023175151154,-0.1320777283202945,0,0.1
11.172871380722214,-34.49833795607536,-0.13216652802825388,0,0.1
11.250584846888108,-34.49867289666755,-0.13224365383332,0,0.1
11.328838852958,-34.4989832080431,-0.13230341383054012,0,0.1
11.407637158684253,-34.49931370808652,-0.13235089689098503,0,0.1
11.486983549970367,-34.4996452106969,-0.13238347264216518,0,0.1
11.566881839052892,-34.49997773141875,-0.13240081760947967,0,0.1
11.647335864684578,-34.50031128604337,-0.1324026042114625,0,0.1
11.728349492318808,-34.50065868881581,-0.1323901145264642,0,0.1
11.809926614295325,-34.50099435916618,-0.1323597977718059,0,0.1
11.892071150027233,-34.50135030820525,-0.1323153738465017,0,0.1
11.97478704618931,-34.501700957042,-0.13225325268392488,0,0.1
12.05807827690763,-34.502046323485686,-0.13217306732147324,0,0.1
12.141948843950495,-34.50241841510216,-0.13207864052967813,0,0.1
12.226402776920713,-34.50277246303253,-0.13196377711589904,0,0.1
12.31144413344919,-34.503134076996865,-0.13183146601698734,0,0.1
12.397076999389895,-34.503496877298794,-0.13168050443734008,0,0.1
12.48330548901615,-34.50387367619343,-0.1315122551921373,0,0.1
12.570133745218314,-34.50425169764654,-0.1313246425533525,0,0.1
12.657565939702833,-34.504630960720476,-0.13111729079058124,0,0.1
12.745606273192656,-34.505011484779416,-0.13088982016886772,0,0.1
12.834258975629076,-34.50539968534053,-0.13064273991789485,0,0.1
12.923528306374958,-34.5057827904363,-0.13037388349629236,0,0.1
13.013418554419374,-34.506180007088496,-0.1300855594277315,0,0.1
13.10393403858367,-34.50657216918063,-0.1297746724217879,0,0.1
13.195079107728983,-34.50697208800357,-0.12944264471564865,0,0.1
13.286858140965156,-34.50737338951549,-0.1290881663566433,0,0.1
13.379275547861162,-34.50777609532209,-0.12871083066382302,0,0.1
13.472335768656947,-34.50818662131398,-0.12831117071074435,0,0.1
13.566043274476765,-34.50860498892496,-0.12788879475902834,0,0.1
13.660402567544,-34.50901843321696,-0.1274413906479493,0,0.1
13.755418181397484,-34.50944615727567,-0.12697141293270098,0,0.1
13.851094681109295,-34.50987539714762,-0.12647653505477266,0,0.1
13.947436663504105,-34.51029339158215,-0.1259543656917092,0,0.1
14.044448757380025,-34.51073212740202,-0.12540937353975215,0,0.1
14.142135623731003,-34.51117245072392,-0.12483820217815873,0,0.1
14.240501955970773,-34.51160160321208,-0.12423840280020035,0,0.1
14.33955248015833,-34.51203878579265,-0.12361252566409434,0,0.1
14.439291955225018,-34.5124968051974,-0.12296219274322251,0,0.1
14.539725173203164,-34.51294373127557,-0.1222818813150921,0,0.1
14.640856959456315,-34.513398763440456,-0.1215742047803322,0,0.1
14.742692172911074,-34.513861927612695,-0.12083873390472241,0,0.1
14.845235706290554,-34.514314080904434,-0.12007187311209423,0,0.1
14.94849248634945,-34.514780810595006,-0.11927736417021746,0,0.1
15.05246747411074,-34.51524936469979,-0.11845265216902741,0,0.1
15.15716566510405,-34.51572616056312,-0.11759835209157485,0,0.1
15.26259208960566,-34.51618567237803,-0.11670966627231945,0,0.1
15.368751812880195,-34.516679037616676,-0.11579482730756827,0,0.1
15.475649935423972,-34.517161566616316,-0.11484574838751588,0,0.1
15.58329159321007,-34.5176524541462,-0.11386524777634968,0,0.1
15.69168195793509,-34.51813895577843,-0.11285062589518415,0,0.1
15.800826237267621,-34.51864026422473,-0.11180477695748732,0,0.1
15.910729675098453,-34.519130863417004,-0.11072270282095394,0,0.1
16.02139755179252,-34.51962994602571,-0.10960732088337621,0,0.1
16.13283518444261,-34.520143929584194,-0.10845933490427931,0,0.1
16.245047927124794,-34.52063453273505,-0.1072712887708066,0,0.1
16.358041171155712,-34.52115925914797,-0.10605320356342927,0,0.1
16.471820345351553,-34.52166706006149,-0.10479521207145648,0,0.1
16.586390916288924,-34.52218989534758,-0.10350273441006527,0,0.1
16.70175838856748,-34.522715030189474,-0.10217291690491526,0,0.1
16.817928305074386,-34.5232361168279,-0.10080404615990742,0,0.1
16.93490624725064,-34.523759576082895,-0.09939682648963105,0,0.1
17.052697835359233,-34.52429821082379,-0.09795324023005302,0,0.1
17.17130872875518,-34.524832908700546,-0.09646910253999194,0,0.1
17.290744626157405,-34.5253637089238,-0.09494388539848897,0,0.1
17.411011265922586,-34.525922560506515,-0.09338340974639456,0,0.1
17.53211442632081,-34.52645844652274,-0.09177705819619802,0,0.1
17.654059925813208,-34.52700331677382,-0.0901306612734564,0,0.1
17.776853623331515,-34.527569972060924,-0.08844635443850189,0,0.1
17.900501418559564,-34.52812654833793,-0.08671717380586036,0,0.1
18.02500925221672,-34.52867946952595,-0.08494387958197844,0,0.1
18.150383106343334,-34.52924791781215,-0.08312994234819654,0,0.1
18.27662900458813,-34.529812796244485,-0.08127089523004143,0,0.1
18.403753012497624,-34.53038690716583,-0.07936891977804897,0,0.1
18.53176123780754,-34.53095753680886,-0.07742081873935285,0,0.1
18.660659830736275,-34.53152473119782,-0.07542606288261115,0,0.1
18.790454984280366,-34.5321076699683,-0.07338829262497933,0,0.1
18.921152934512047,-34.532693642474335,-0.07130428064510984,0,0.1
19.05275996087888,-34.53328269560717,-0.06917353516513187,0,0.1
19.18528238650542,-34.533868500507495,-0.06699414148055238,0,0.1
19.31872657849705,-34.53445748267454,-0.06476701193352749,0,0.1
19.453098948245852,-34.53505606673658,-0.06249310764771054,0,0.1
19.588405951738682,-34.53564517547889,-0.0601675992455517,0,0.1
19.72465408986733,-34.536243986227866,-0.05779434831691818,0,0.1
19.861849908740865,-34.53685892335307,-0.055374395139556915,0,0.1
20.00000000000015,-34.537458166220645,-0.052899851960626784,0,0.1
20.13911100113453,-34.538060891968186,-0.05037465988122538,0,0.1
20.279189595800737,-34.538673527206036,-0.04779986789511411,0,0.1
20.42024251414402,-34.53928337930299,-0.045171975567095624,0,0.1
20.56227653312149,-34.53989687683168,-0.042492025578941196,0,0.1
20.70529847682771,-34.54052681941122,-0.03976267473784001,0,0.1
20.849315216822593,-34.54114140346094,-0.03697567663381189,0,0.1
20.994333672461515,-34.54176617450151,-0.03413680237621339,0,0.1
21.14036081122778,-34.54239481876695,-0.031244040013510044,0,0.1
21.28740364906737,-34.54301465471929,-0.02829371647421874,0,0.1
21.43546925072604,-34.54365759390806,-0.025293437433048484,0,0.1
21.584564730088722,-34.54427910732383,-0.022231407933058507,0,0.1
21.734697250521346,-34.544923844469665,-0.019118602132445216,0,0.1
21.885874025214974,-34.54556002115228,-0.015946377911897992,0,0.1
22.038102317532406,-34.54619407132696,-0.012715907600428048,0,0.1
22.191389441357092,-34.54683879583524,-0.0094301182734561,0,0.1
22.345742761444598,-34.54748789117781,-0.006086927337055205,0,0.1
22.501169693776383,-34.54812868968143,-0.002682477788569807,0,0.1
22.657677705916175,-34.54877399361323,0.0007802457479093478,0,0.1
22.815274317368676,-34.54943023672465,0.004299890544092811,0,0.1
22.973967099940907,-34.55007202443561,0.007883874406113451,0,0.1
23.13376367810596,-34.550743985865616,0.011520245189263426,0,0.1
23.29467172936933,-34.55138890477208,0.01522537648263967,0,0.1
23.456698984637793,-34.55204504449405,0.018988997851148662,0,0.1
23.619853228590827,-34.55269974885825,0.02281508736972033,0,0.1
23.784142300054643,-34.553372182707776,0.02669852713836192,0,0.1
23.949574092378796,-34.554017877999485,0.03065258414564999,0,0.1
24.11615655381544,-34.55467509151361,0.03466660138067593,0,0.1
24.28389768790117,-34.55535026058169,0.038738986397615784,0,0.1
24.452805553841607,-34.55601165259358,0.04287950341876509,0,0.1
24.622888266898567,-34.556684794657585,0.04708094121234361,0,0.1
24.794153998779972,-34.55734432270783,0.05135131965044473,0,0.1
24.966610978032485,-34.55801576244627,0.05568328631448407,0,0.1
25.140267490436816,-34.558673755528034,0.060084975984838696,0,0.1
25.315131879405854,-34.55935654489538,0.06454492079504111,0,0.1
25.4912125463855,-34.5600260576023,0.06907527715302776,0,0.1
25.668517951258348,-34.56070145821969,0.07367042061124825,0,0.1
25.847056612750112,-34.56136375937193,0.0783367346682981,0,0.1
26.026837108838944,-34.562038482738174,0.08306642687774127,0,0.1
26.20786807716754,-34.56271935870224,0.08786177552173678,0,0.1
26.390158215458165,-34.56339376400538,0.09272720650350466,0,0.1
26.573716281930512,-34.56406814866853,0.09766096126581052,0,0.1
26.758551095722524,-34.56474260639028,0.10266332646708963,0,0.1
26.944671537314093,-34.56541723209209,0.10773458070952124,0,0.1
27.13208654895373,-34.56609847672998,0.11287283590508604,0,0.1
27.320805135088207,-34.56676101891165,0.11808700653025261,0,0.1
27.510836362795175,-34.567443084817725,0.12336434100184059,0,0.1
27.7021893622188,-34.56811935645856,0.1287137732395171,0,0.1
27.89487332700842,-34.56879628940352,0.13413336366991344,0,0.1
28.088897514760255,-34.56946128102129,0.13962784160499256,0,0.1
28.284271247462218,-34.57014619845602,0.14518619374833594,0,0.1
28.48100391194176,-34.57081938442104,0.1508199024710311,0,0.1
28.679104960316874,-34.57149365055973,0.1565246699186028,0,0.1
28.878583910450253,-34.57216275392948,0.16230301687534865,0,0.1
29.079450346406546,-34.57283950578202,0.1681504948661104,0,0.1
29.28171391891285,-34.573504965672846,0.17407431898062098,0,0.1
29.485384345822368,-34.57418464613844,0.1800652335860839,0,0.1
29.690471412581335,-34.57485961088334,0.1861304946608886,0,0.1
29.896984972699123,-34.57552997610548,0.19227031192461755,0,0.1
30.104934948221704,-34.576202207577964,0.19848244137631332,0,0.1
30.314331330208326,-34.57686372769487,0.20477194740390486,0,0.1
30.52518417921155,-34.57754004737805,0.21112913023829957,0,0.1
30.73750362576062,-34.57821224430322,0.21756150255062792,0,0.1
30.951299870848175,-34.57886774931514,0.22407428830043447,0,0.1
31.16658318642038,-34.57954476580242,0.2306524777952997,0,0.1
31.38336391587042,-34.5801926511482,0.23731653226083246,0,0.1
31.60165247453548,-34.580849609231755,0.24405129933864425,0,0.1
31.82145935019715,-34.581515767281054,0.25085678557031826,0,0.1
32.04279510358529,-34.58218490988908,0.2577356224157584,0,0.1
32.26567036888546,-34.58284448122955,0.26469317563159567,0,0.1
32.49009585424984,-34.583494617257536,0.27172962014716795,0,0.1
32.716082342311665,-34.58415448435078,0.27883701995703775,0,0.1
32.94364069070335,-34.58479884792987,0.2860262287840885,0,0.1
33.172781832578096,-34.585440534352536,0.29329197388836364,0,0.1
33.40351677713521,-34.58609236834326,0.30062879448295327,0,0.1
33.63585661014903,-34.586748149235,0.30803941406152924,0,0.1
33.86981249450153,-34.58738899815921,0.31553226834932,0,0.1
34.10539567071872,-34.5880277450641,0.32310187182016137,0,0.1
34.34261745751061,-34.5886708783642,0.33074540715503664,0,0.1
34.58148925231507,-34.589299528270594,0.3384714960316928,0,0.1
34.822022531845434,-34.58994554518364,0.346265763274058,0,0.1
35.064228852641875,-34.59058372424143,0.3541397467718229,0,0.1
35.30811985162668,-34.59119520737407,0.3621024026860256,0,0.1
35.55370724666329,-34.59183719869086,0.3701271919906978,0,0.1
35.80100283711939,-34.592465488828125,0.37823478901588503,0,0.1
36.05001850443371,-34.59307390456475,0.38642836114019274,0,0.1
36.30076621268694,-34.59370697022813,0.39468672255451354,0,0.1
36.55325800917653,-34.59431415561291,0.403034195484507,0,0.1
36.80750602499552,-34.59492731273807,0.41145551726325563,0,0.1
37.06352247561536,-34.59553393871611,0.4199568350197933,0,0.1
37.32131966147283,-34.59614687662714,0.42853186266870485,0,0.1
37.58090996856101,-34.596747294450815,0.43719001740631236,0,0.1
37.84230586902438,-34.597360707885095,0.44591855479938297,0,0.1
38.105519921758045,-34.5979556222054,0.4547334258087639,0,0.1
38.37056477301113,-34.59854488810621,0.4636282660560458,0,0.1
38.63745315699439,-34.599141355388944,0.4725964941733301,0,0.1
38.906197896491996,-34.59972620847895,0.4816478855073399,0,0.1
39.176811903477656,-34.60030596865022,0.4907791610519763,0,0.1
39.449308179734956,-34.60089349014578,0.4999835581903394,0,0.1
39.72369981748203,-34.601463635591045,0.5092744719671881,0,0.1
40.000000000000604,-34.60204825887225,0.5186349076443798,0,0.1
40.27822200226936,-34.60262222906116,0.5280783841266706,0,0.1
40.55837919160177,-34.60317941554173,0.5376084171376218,0,0.1
40.840485028288356,-34.60375167381793,0.5472075772205833,0,0.1
41.124553066243294,-34.60430755432294,0.5568932360590038,0,0.1
41.410596953655734,-34.6048662544661,0.566654800789206,0,0.1
41.6986304336455,-34.60541532317396,0.5764993030881631,0,0.1
41.98866734492334,-34.60596763064457,0.5864195044769849,0,0.1
42.28072162245588,-34.606504403485424,0.5964261935098751,0,0.1
42.57480729813507,-34.6070511732668,0.6065047270213709,0,0.1
42.8709385014524,-34.60758284466648,0.6166696820749124,0,0.1
43.16912946017777,-34.608118624054306,0.6269099103196554,0,0.1
43.46939450104301,-34.608658734386324,0.637225215806429,0,0.1
43.771748050430276,-34.6091717661009,0.6476344087433661,0,0.1
44.07620463506514,-34.609689585902885,0.6581185712344445,0,0.1
44.38277888271451,-34.61021242481376,0.6686774893248592,0,0.1
44.69148552288952,-34.61072153830591,0.6793226267792559,0,0.1
45.00233938755311,-34.61122349150295,0.6900501100867278,0,0.1
45.315355411832684,-34.611724851079614,0.7008559368646256,0,0.1
45.63054863473769,-34.61222586013383,0.7117399628399973,0,0.1
45.947934199882155,-34.61271411483851,0.72271008000264,0,0.1
46.26752735621227,-34.61320883961574,0.7337541653525929,0,0.1
46.58934345873901,-34.613691312424955,0.7448842177071392,0,0.1
46.913397969275934,-34.6141681137535,0.7560961469724368,0,0.1
47.23970645718201,-34.61465214967157,0.7673815778686466,0,0.1
47.56828460010965,-34.61511838618608,0.7787569691303687,0,0.1
47.89914818475796,-34.615579735971885,0.7902140015357992,0,0.1
48.232313107631235,-34.616042789651054,0.8017483365747515,0,0.1
48.5677953758027,-34.61650149454014,0.8133640644324761,0,0.1
48.90561110768358,-34.61694347979278,0.8250697227768689,0,0.1
49.2457765337975,-34.617394312641125,0.8368480038477187,0,0.1
49.58830799756032,-34.61784162809245,0.8487073672966184,0,0.1
49.933221956065346,-34.61827938807037,0.8606521205184632,0,0.1
50.280534980874016,-34.61869523738852,0.8726911613821515,0,0.1
50.630263758812085,-34.619127395282796,0.8847977339629262,0,0.1
50.982425092771386,-34.61955086940637,0.8969894995906517,0,0.1
51.33703590251707,-34.61997227803688,0.9092618677043097,0,0.1
51.69411322550061,-34.62037928056243,0.9216238946300667,0,0.1
52.05367421767828,-34.62077850229775,0.9340710167678129,0,0.1
52.41573615433548,-34.6211828911203,0.9465938513737568,0,0.1
52.78031643091672,-34.62158643731983,0.9591968400511532,0,0.1
53.14743256386143,-34.62197049647526,0.971894052291282,0,0.1
53.517102191445446,-34.62236066580513,0.984666527755209,0,0.1
53.8893430746286,-34.62274462786724,0.9975236178730872,0,0.1
54.264173097907864,-34.623110070524255,1.0104749667299688,0,0.1
54.64161027017682,-34.62348259944328,1.0235011513386678,0,0.1
55.02167272559077,-34.62385622804313,1.036606797267022,0,0.1
55.40437872443802,-34.62421233755602,1.0498066160739155,0,0.1
55.78974665401725,-34.62456390618059,1.0630907291432352,0,0.1
56.17779502952094,-34.62491127844709,1.0764590399058962,0,0.1
56.56854249492486,-34.62526112058294,1.0899063579740458,0,0.1
56.962007823883944,-34.62559483135413,1.103447836098195,0,0.1
57.358209920634174,-34.62592540298419,1.1170732622176591,0,0.1
57.75716782090094,-34.62625319566485,1.1307825136965237,0,0.1
58.158900692813525,-34.62658489075383,1.1445702137181926,0,0.1
58.56342783782614,-34.62690190493363,1.158451965466881,0,0.1
58.97076869164518,-34.62719829451188,1.1724331959975225,0,0.1
59.38094282516311,-34.627512337676656,1.186481906532565,0,0.1
59.79396994539869,-34.62780651405395,1.2006300306774413,0,0.1
60.209869896443855,-34.628106475497596,1.214855964275588,0,0.1
60.628662660417106,-34.62839997788068,1.229170394243709,0,0.1
61.05036835842356,-34.628674782352654,1.2435843343329422,0,0.1
61.4750072515217,-34.628969184077015,1.2580644981795799,0,0.1
61.90259974169682,-34.62923937193674,1.2726496515538719,0,0.1
62.33316637284123,-34.62949206932156,1.287334431851115,0,0.1
62.766727831741306,-34.6297592665621,1.3020904662144406,0,0.1
63.20330494907143,-34.630022430990934,1.3169345185887187,0,0.1
63.642918700394766,-34.63028198233313,1.3318664779563327,0,0.1
64.08559020717105,-34.63051308292849,1.346909584178909,0,0.1
64.5313407377714,-34.630766685593485,1.3620171631122349,0,0.1
64.98019170850016,-34.63098638484128,1.3772419048700375,0,0.1
65.43216468462381,-34.631210511021024,1.3925484859555595,0,0.1
65.8872813814072,-34.631445821450846,1.4079305905932225,0,0.1
66.34556366515669,-34.63166118733862,1.4234181023949957,0,0.1
66.80703355427093,-34.6318633760036,1.4390051383579292,0,0.1
67.27171322029855,-34.632071789115884,1.4546733060797705,0,0.1
67.73962498900357,-34.6322679428815,1.4704408745329676,0,0.1
68.21079134143795,-34.63246493322667,1.4862954007719038,0,0.1
68.68523491502174,-34.63266323080934,1.5022366522342023,0,0.1
69.16297850463066,-34.6328317372174,1.5182961178471095,0,0.1
69.6440450636914,-34.633015136567074,1.5344294898026474,0,0.1
70.12845770528428,-34.63318234022491,1.5506684235624775,0,0.1
70.61623970325388,-34.633352782629615,1.5669935911517232,0,0.1
71.10741449332713,-34.63350801471386,1.5834243128568994,0,0.1
71.60200567423932,-34.633648536556606,1.5999607128960454,0,0.1
72.10003700886796,-34.63380642652524,1.616569704977667,0,0.1
72.60153242537443,-34.6339443064691,1.6332907801935874,0,0.1
73.10651601835362,-34.63408163533395,1.6501039533783133,0,0.1
73.61501204999159,-34.634206303705774,1.6670225748065857,0,0.1
74.12704495123128,-34.63433146589994,1.6840330186498305,0,0.1
74.64263932294622,-34.63443870779058,1.7011556996915018,0,0.1
75.16181993712259,-34.63454750854734,1.718369966716097,0,0.1
75.68461173804933,-34.634658408410125,1.7356755217083901,0,0.1
76.21103984351666,-34.634746693427054,1.753100242788209,0,0.1
76.74112954602285,-34.634844487948435,1.7706089169179902,0,0.1
77.27490631398935,-34.63492708806787,1.7882296496689283,0,0.1
77.81239579298456,-34.635013999029,1.805940921609811,0,0.1
78.3536238069559,-34.63509315674158,1.8237568617243973,0,0.1
78.8986163594705,-34.63516513200678,1.8416773777776843,0,0.1
79.44739963496465,-34.63523681591689,1.859694988575782,0,0.1
80.00000000000179,-34.63528352889942,1.8778391000432064,0,0.1
80.55644400453932,-34.63533743308401,1.8960726561644683,0,0.1
81.11675838320417,-34.635367543417665,1.914432834914217,0,0.1
81.68097005657731,-34.6353997177077,1.9328895806954545,0,0.1
82.24910613248719,-34.63542824245391,1.9514501627896634,0,0.1
82.8211939073121,-34.63546635609181,1.9700989378593834,0,0.1
83.39726086729164,-34.63548309236734,1.9888741170966597,0,0.1
83.97733468984731,-34.635485383598386,2.0077681157905385,0,0.1
84.56144324491237,-34.63549279979813,2.0267573456436256,0,0.1
85.14961459627077,-34.635499652887994,2.045849241484323,0,0.1
85.74187700290544,-34.635487626777845,2.065067433104067,0,0.1
86.33825892035618,-34.635463674755194,2.0844040191895052,0,0.1
86.93878900208668,-34.635460022252516,2.1038183898764777,0,0.1
87.54349610086122,-34.63542678473713,2.1233749586488972,0,0.1
88.15240927013093,-34.63539619799118,2.143033004732261,0,0.1
88.7655577654297,-34.63534365211579,2.162825218022661,0,0.1
89.38297104577971,-34.63529507778705,2.182718399656728,0,0.1
90.00467877510688,-34.635244826191766,2.2027204260710906,0,0.1
90.63071082366605,-34.63518725279952,2.2228393897415932,0,0.1
91.26109726947607,-34.63512303517637,2.2430750625011324,0,0.1
91.895868399765,-34.635052855790825,2.2634271882270673,0,0.1
92.53505471242522,-34.63497740203327,2.283895482113891,0,0.1
93.17868691747873,-34.63488472922041,2.304497088699048,0,0.1
93.82679593855258,-34.63479448914813,2.325205667342905,0,0.1
94.47941291436473,-34.63469474650867,2.346038367632657,0,0.1
95.13656920022001,-34.63457356888838,2.367012823623241,0,0.1
95.79829636951663,-34.63446326234016,2.3880842465336785,0,0.1
96.4646262152632,-34.63433926568708,2.409287990468354,0,0.1
97.13559075160614,-34.634208617811,2.430614829979538,0,0.1
97.81122221536789,-34.634078363120985,2.4520552438165155,0,0.1
98.49155306759573,-34.63393659028619,2.4736271699906056,0,0.1
99.17661599512138,-34.63377771090654,2.4953397293309383,0,0.1
99.86644391213144,-34.633627744663386,2.5171553384394585,0,0.1
100.56106996174877,-34.633462149873054,2.5391109480784047,0,0.1
101.26052751762494,-34.63328799221938,2.5611969387401596,0,0.1
101.96485018554354,-34.63311866454991,2.583393786931767,0,0.1
102.67407180503491,-34.63292331086176,2.605749033368437,0,0.1
103.388226451002,-34.63272797536688,2.628223962860161,0,0.1
104.10734843535732,-34.632527097035975,2.650827732317851,0,0.1
104.83147230867174,-34.632315117291775,2.6735697438534625,0,0.1
105.56063286183424,-34.63209912687659,2.6964397501003994,0,0.1
106.29486512772365,-34.631867249837974,2.7194572439918723,0,0.1
107.03420438289172,-34.63165188049121,2.7425716011396863,0,0.1
107.778686149258,-34.63140952845574,2.765852708434108,0,0.1
108.52834619581655,-34.631153621087286,2.789280296302786,0,0.1
109.28322054035448,-34.630903917143016,2.8128231569639635,0,0.1
110.04334545118235,-34.63062325112143,2.8365426597716064,0,0.1
110.80875744887686,-34.630356691042365,2.860365885785543,0,0.1
111.57949330803534,-34.63008605312636,2.8843231764898167,0,0.1
112.35559005904271,-34.62979315130753,2.9084457371629964,0,0.1
113.13708498985058,-34.629491434002,2.9327121829048677,0,0.1
113.92401564776874,-34.62919435527661,2.95710047735797,0,0.1
114.71641984126921,-34.62887740501754,2.9816530141776525,0,0.1
115.51433564180275,-34.628554040507694,3.006347830028659,0,0.1
116.31780138562794,-34.628218736773164,3.0311953131860903,0,0.1
117.12685567565316,-34.627891287431474,3.056161786029514,0,0.1
117.94153738329126,-34.62753452158549,3.081313058434959,0,0.1
118.76188565032712,-34.62717456481603,3.1066043650129624,0,0.1
119.58793989079828,-34.62681222691694,3.1320349194715367,0,0.1
120.41973979288862,-34.62642932352148,3.157638114857437,0,0.1
121.25732532083512,-34.626058322579546,3.1833563622297207,0,0.1
122.10073671684803,-34.62567470827655,3.209234539057246,0,0.1
122.95001450304433,-34.62527295655298,3.235283832402517,0,0.1
123.80519948339456,-34.624860208873926,3.261492244315026,0,0.1
124.66633274568338,-34.624437274359664,3.2878592259186874,0,0.1
125.53345566348355,-34.624011296726664,3.3143722777239657,0,0.1
126.40660989814381,-34.623570414764295,3.3410544998151956,0,0.1
127.28583740079048,-34.62312810637293,3.3678813124815354,0,0.1
128.17118041434307,-34.62265983267247,3.394900406860606,0,0.1
129.0626814755438,-34.6221980799836,3.4220505325759665,0,0.1
129.9603834170013,-34.621724641516366,3.449367388179022,0,0.1
130.86432936924862,-34.62124031704639,3.4768503898200684,0,0.1
131.77456276281538,-34.62073956500218,3.504511432605097,0,0.1
132.69112733031437,-34.62023585854534,3.5323249006159494,0,0.1
133.61406710854286,-34.6197236516951,3.56030251730341,0,0.1
134.5434264405981,-34.61919739292251,3.58845632423377,0,0.1
135.47924997800817,-34.61865152470095,3.616798687045072,0,0.1
136.42158268287693,-34.618112196410586,3.645277430314619,0,0.1
137.3704698300445,-34.617554817952126,3.6739433957790895,0,0.1
138.32595700926237,-34.61696747180875,3.7028225486156985,0,0.1
139.28809012738384,-34.616388988736645,3.731835536112719,0,0.1
140.25691541056963,-34.61581379333523,3.760994149953714,0,0.1
141.23247940650882,-34.61520457046004,3.790377734560186,0,0.1
142.2148289866553,-34.61458745234414,3.819932487699372,0,0.1
143.20401134847972,-34.613956838124444,3.849671223067248,0,0.1
144.200074017737,-34.61333251249092,3.8795521680875478,0,0.1
145.20306485074994,-34.61269616606706,3.9096153336802697,0,0.1
146.2130320367083,-34.612016772161724,3.939929729247488,0,0.1
147.2300240999843,-34.61135219679194,3.9703698955134237,0,0.1
148.25408990246365,-34.61067139983915,4.001004581456979,0,0.1
149.28527864589356,-34.60998143364697,4.0318191155195295,0,0.1
150.32363987424628,-34.60925757650051,4.062870052189649,0,0.1
151.3692234760998,-34.60854498533138,4.094056771707562,0,0.1
152.42207968703445,-34.60781892112992,4.125435667401431,0,0.1
153.48225909204683,-34.607067333815024,4.157035463237868,0,0.1
154.54981262797986,-34.60630358556867,4.188826712605824,0,0.1
155.6247915859703,-34.60554103551799,4.220779112838364,0,0.1
156.70724761391295,-34.60475488303342,4.252951220673484,0,0.1
157.79723271894218,-34.60396482328828,4.285297833180849,0,0.1
158.8947992699305,-34.60315238303497,4.317863457393456,0,0.1
160.0000000000048,-34.602330876668425,4.350617487420812,0,0.1
161.11288800907985,-34.60148816012407,4.3835899745300955,0,0.1
162.23351676640956,-34.600650254705094,4.416718861950493,0,0.1
163.36194011315587,-34.599773163700824,4.450111962924925,0,0.1
164.49821226497562,-34.598901979165426,4.483660163433488,0,0.1
165.6423878146254,-34.59800539588418,4.517441144167424,0,0.1
166.79452173458452,-34.59709028458071,4.551439177935167,0,0.1
167.9546693796959,-34.59616350459677,4.58563808535353,0,0.1
169.12288648982604,-34.59523827473333,4.6200050635758085,0,0.1
170.29922919254284,-34.59427682797263,4.654636624659184,0,0.1
171.4837540058122,-34.59331783377359,4.689435294964231,0,0.1
172.6765178407137,-34.592329850722656,4.724482453089852,0,0.1
173.87757800417467,-34.59134515408736,4.7596955240395555,0,0.1
175.08699220172375,-34.59031949909741,4.795190545723343,0,0.1
176.30481854026317,-34.589291505969015,4.8308676292602115,0,0.1
177.53111553086072,-34.58824876777805,4.86675992232991,0,0.1
178.7659420915608,-34.58718522799566,4.902884432736124,0,0.1
180.00935755021513,-34.58610756845105,4.939224216231149,0,0.1
181.26142164733346,-34.5850160710655,4.975779210318923,0,0.1
182.52219453895353,-34.583891840765496,5.0126017825112426,0,0.1
183.7917367995314,-34.58277980690083,5.049569867794347,0,0.1
185.07010942485184,-34.581616322678016,5.08685916643223,0,0.1
186.35737383495882,-34.580459055540295,5.124311370715287,0,0.1
187.65359187710658,-34.57927623124182,5.162015268105427,0,0.1
188.95882582873088,-34.57808715841611,5.199917430419811,0,0.1
190.27313840044144,-34.576859989509956,5.238108738772214,0,0.1
191.59659273903472,-34.57562677150392,5.27649914952898,0,0.1
192.92925243052787,-34.57437477888922,5.315125471518999,0,0.1
194.27118150321374,-34.57308484873853,5.354044212902926,0,0.1
195.62244443073726,-34.57180176833371,5.393126061324197,0,0.1
196.98310613519297,-34.57048712420737,5.432483482572071,0,0.1
198.35323199024427,-34.56915365889915,5.472080093830008,0,0.1
199.73288782426437,-34.56780128925634,5.511916805939053,0,0.1
201.12213992349908,-34.56643630824915,5.55197531910336,0,0.1
202.5210550352514,-34.56505216923196,5.592275696206695,0,0.1
203.9297003710886,-34.56362946851705,5.632877727824535,0,0.1
205.3481436100714,-34.56220004043986,5.673685409654196,0,0.1
206.77645290200556,-34.56074441709537,5.714758706696458,0,0.1
208.21469687071618,-34.55926232120759,5.7560994308784545,0,0.1
209.66294461734503,-34.55775985860702,5.797689383987029,0,0.1
211.12126572367004,-34.55624952691621,5.839489652971229,0,0.1
212.5897302554489,-34.55471170210093,5.881562267744101,0,0.1
214.06840876578502,-34.55313954724279,5.923930002095489,0,0.1
215.5573722985176,-34.55156472731831,5.966492221029704,0,0.1
217.05669239163473,-34.54994822185693,6.009374641654615,0,0.1
218.5664410807106,-34.548315208259524,6.0524968374404144,0,0.1
220.08669090236637,-34.546658707507746,6.095881791269983,0,0.1
221.6175148977554,-34.54497812702436,6.139531936919829,0,0.1
223.15898661607235,-34.54327927026846,6.183428425178892,0,0.1
224.71118011808713,-34.54154860117289,6.227616675176769,0,0.1
226.27416997970286,-34.5397918430464,6.272078286932139,0,0.1
227.8480312955392,-34.538014687855785,6.316794412796544,0,0.1
229.43283968254013,-34.53620991036065,6.3617898215698725,0,0.1
231.02867128360725,-34.534376680943694,6.407067877160495,0,0.1
232.63560277125762,-34.53251412874965,6.452632119873955,0,0.1
234.25371135130806,-34.53064069003888,6.498418762817255,0,0.1
235.88307476658426,-34.52872317137707,6.544543600226128,0,0.1
237.523771300656,-34.52678637874061,6.590920401637545,0,0.1
239.17587978159838,-34.52482928622581,6.637552508703017,0,0.1
240.83947958577906,-34.52283144764638,6.684512889417081,0,0.1
242.51465064167206,-34.52081757463156,6.731713521680487,0,0.1
244.2014734336979,-34.51876066199672,6.779251753054011,0,0.1
245.9000290060905,-34.51668535250213,6.827038695008092,0,0.1
247.61039896679097,-34.51458393911348,6.875102051456277,0,0.1
249.33266549136863,-34.512442187922716,6.923494388010556,0,0.1
251.06691132696898,-34.51027817036635,6.97214916318719,0,0.1
252.81321979628953,-34.508077558767525,7.0211195958592665,0,0.1
254.5716748015829,-34.505858356676775,7.070338119402971,0,0.1
256.3423608286881,-34.503599659252245,7.119883274333378,0,0.1
258.12536295108947,-34.50129993789355,7.169761457466728,0,0.1
259.9207668340045,-34.498977081241776,7.2199043458585965,0,0.1
261.72865873849923,-34.49661651015606,7.270367670401915,0,0.1
263.54912552563275,-34.494229550907896,7.321107440374231,0,0.1
265.38225466063074,-34.49181451211525,7.372129594696482,0,0.1
267.2281342170877,-34.48935665542749,7.4234917802285665,0,0.1
269.08685288119824,-34.486867182217836,7.475149819614341,0,0.1
270.95849995601833,-34.48433775243832,7.527136616153703,0,0.1
272.8431653657559,-34.481786002109644,7.579381089139573,0,0.1
274.74093966009104,-34.47918397117172,7.6319953569419585,0,0.1
276.6519140185268,-34.47655572446243,7.684881803576961,0,0.1
278.5761802547697,-34.47388621775842,7.738101052898907,0,0.1
280.51383082114137,-34.47118642086889,7.791607549230447,0,0.1
282.4649588130198,-34.46844118040481,7.84546333790022,0,0.1
284.42965797331277,-34.46566138321407,7.899622796895054,0,0.1
286.40802269696155,-34.46284483072699,7.954094280805731,0,0.1
288.40014803547615,-34.45998927647981,8.008886499300921,0,0.1
290.4061297015021,-34.45710550481831,8.063952593178996,0,0.1
292.42606407341884,-34.45417156628256,8.119385312583182,0,0.1
294.4600481999708,-34.451191606750676,8.175166703339587,0,0.1
296.50817980492957,-34.448169738876814,8.231278407671873,0,0.1
298.5705572917893,-34.44511004265458,8.287701657768872,0,0.1
300.64727974849484,-34.442023123980114,8.344388306728945,0,0.1
302.73844695220185,-34.438886763965314,8.401434801374359,0,0.1
304.84415937407124,-34.43569178198557,8.458881687422158,0,0.1
306.964518184096,-34.432461783034285,8.516622862644878,0,0.1
309.09962525596205,-34.42920066852131,8.5746386854724,0,0.1
311.24958317194296,-34.42587942159517,8.633059054572993,0,0.1
313.4144952278283,-34.422514987873654,8.691806202664367,0,0.1
315.59446543788675,-34.41910455884963,8.750891512429947,0,0.1
317.7895985398634,-34.41565187170848,8.810296158509626,0,0.1
320.000000000012,-34.41215404164885,8.870031732287348,0,0.1
322.22577601816215,-34.408608139986555,8.930110253583274,0,0.1
324.4670335328215,-34.40501779816807,8.990512894882043,0,0.1
326.7238802263142,-34.40136679787714,9.051314897493544,0,0.1
328.99642452995374,-34.397671905535994,9.112435094535938,0,0.1
331.2847756292533,-34.39393666560374,9.173854000360073,0,0.1
333.5890434691715,-34.3901314891336,9.235712529286513,0,0.1
335.90933875939425,-34.386292939653785,9.297831678406142,0,0.1
338.2457729796546,-34.38239133715561,9.360353713033968,0,0.1
340.5984583850881,-34.37844997795982,9.423162162958377,0,0.1
342.96750801162693,-34.37443242231747,9.486435106653415,0,0.1
345.3530356814299,-34.37038185309595,9.549955899619698,0,0.1
347.75515600835195,-34.36627503765797,9.613837357802602,0,0.1
350.1739844034501,-34.36211527337634,9.678060407368314,0,0.1
352.60963708052907,-34.35789251679704,9.742673542546067,0,0.1
355.0622310617241,-34.35361667053375,9.80762388171934,0,0.1
357.53188418312425,-34.34926427821085,9.873029621550366,0,0.1
360.0187151004329,-34.344885249867296,9.938630098431473,0,0.1
362.52284329466966,-34.340436057194424,10.004647224858145,0,0.1
365.0443890779098,-34.335919835323374,10.071062564602594,0,0.1
367.58347359906554,-34.33134640496519,10.137821687674945,0,0.1
370.14021884970646,-34.326712197793384,10.204940117180133,0,0.1
372.7147476699204,-34.322027030098155,10.27236186132359,0,0.1
375.30718375421594,-34.3172671676318,10.340210569317605,0,0.1
377.9176516574646,-34.312455812976445,10.408357926447188,0,0.1
380.5462768008857,-34.30755570432548,10.477002759602128,0,0.1
383.1931854780723,-34.3026102148138,10.5459053790202,0,0.1
385.85850486105863,-34.297595480613154,10.61519201149322,0,0.1
388.5423630064304,-34.29252126147586,10.68480478701876,0,0.1
391.2448888614774,-34.28737708914657,10.75479757246373,0,0.1
393.96621227038884,-34.28216596169591,10.825149609564448,0,0.1
396.7064639804915,-34.27687735043969,10.895916180715506,0,0.1
399.4657756485318,-34.27152099261926,10.967038286171835,0,0.1
402.24427984700117,-34.26610665865252,11.038455206490312,0,0.1
405.04211007050577,-34.260603439353986,11.110339339209949,0,0.1
407.85940074218024,-34.25502784382475,11.182591950767161,0,0.1
410.69628722014585,-34.2493964476444,11.255111434230612,0,0.1
413.55290580401413,-34.24368505072977,11.328033119802551,0,0.1
416.42939374143555,-34.237889793325444,11.401375322145778,0,0.1
419.3258892346932,-34.23202044425257,11.475075692110204,0,0.1
422.24253144734325,-34.226079987297176,11.549110846965233,0,0.1
425.179460510901,-34.220071423167234,11.62345665128673,0,0.1
428.13681753157323,-34.21397038718963,11.698253816592645,0,0.1
431.11474459703845,-34.20780038525223,11.773355046268565,0,0.1
434.11338478327275,-34.201543867281565,11.848860694659491,0,0.1
437.13288216142445,-34.195196948449706,11.924789265156662,0,0.1
440.173381804736,-34.188769491064036,12.001074472174897,0,0.1
443.23502979551404,-34.18227830277919,12.077605123349175,0,0.1
446.31797323214806,-34.175678223890536,12.154655426221902,0,0.1
449.4223602361776,-34.16900673542484,12.231985314570542,0,0.1
452.5483399594091,-34.16226004138978,12.309610532822852,0,0.1
455.6960625910818,-34.155399729739074,12.387767655965082,0,0.1
458.8656793650838,-34.14846345022517,12.4662111962788,0,0.1
462.0573425672179,-34.14144742313393,12.54495689212505,0,0.1
465.2712055425187,-34.13432006664236,12.62420094116332,0,0.1
468.5074227026196,-34.127105323806944,12.703781999926644,0,0.1
471.76614953317204,-34.11982031940233,12.783579616079678,0,0.1
475.04754260131557,-34.11241250417078,12.8639297847706,0,0.1
478.3517595632003,-34.10494088020583,12.944436546662203,0,0.1
481.6789591715617,-34.09735282296197,13.025438984748838,0,0.1
485.02930128334776,-34.0896725317026,13.106768750573593,0,0.1
488.40294686739946,-34.08188927311703,13.188489052488649,0,0.1
491.8000580121847,-34.074013367464964,13.270521701893761,0,0.1
495.2207979335857,-34.066034101369794,13.352930006520431,0,0.1
498.665330982741,-34.05795482829845,13.435682171821318,0,0.1
502.1338226539417,-34.049771888644386,13.518793907300857,0,0.1
505.62643959258287,-34.04149577820425,13.602183084982777,0,0.1
509.14334960316967,-34.03309457841267,13.686061120071534,0,0.1
512.68472165738,-34.02460716600038,13.770148101148338,0,0.1
516.2507259021829,-34.0160016180275,13.854656440849725,0,0.1
519.841533668013,-34.00728143707378,13.93955226198935,0,0.1
523.4573174770023,-33.99845018270133,14.024800415292123,0,0.1
527.0982510512695,-33.98952576276184,14.110262199102717,0,0.1
530.7645093212655,-33.980476146297136,14.196155082578743,0,0.1
534.4562684341794,-33.971333642531,14.28223576962483,0,0.1
538.1737057624005,-33.962051821686586,14.368828117373502,0,0.1
541.9169999120409,-33.95266310778817,14.455686434651366,0,0.1
545.6863307315159,-33.94315694784497,14.54287544687469,0,0.1
549.4818793201863,-33.933529973628666,14.63040807255668,0,0.1
553.3038280370578,-33.92377883242001,14.718297265092136,0,0.1
557.1523605095437,-33.913907435957725,14.806501916622569,0,0.1
561.027661642287,-33.903927030134454,14.894924936540095,0,0.1
564.9299176260438,-33.893805330420236,14.983795287917136,0,0.1
568.8593159466297,-33.88356088078904,15.072961384164541,0,0.1
572.8160453939274,-33.87320510903397,15.162322594771414,0,0.1
576.8002960709567,-33.862720298628844,15.251999215243051,0,0.1
580.8122594030085,-33.852073964745315,15.342227483589799,0,0.1
584.8521281468421,-33.84132160455921,15.432568046017362,0,0.1
588.920096399946,-33.830452929567,15.523083733146215,0,0.1
593.0163596098636,-33.81941332492704,15.614184664571523,0,0.1
597.1411145835832,-33.80827351037366,15.705305509545495,0,0.1
601.2945594969942,-33.79697883529413,15.796858201155986,0,0.1
605.4768939044083,-33.78556337738095,15.888559626084437,0,0.1
609.688318748147,-33.77398710084694,15.98071110579441,0,0.1
613.9290363681965,-33.76228429111961,16.073025097818245,0,0.1
618.1992505119288,-33.75042975157974,16.165686534305014,0,0.1
622.4991663438906,-33.738443089311644,16.258521905454938,0,0.1
626.8289904556613,-33.726306568125636,16.35165732446351,0,0.1
631.1889308757782,-33.71400986835322,16.44516071951353,0,0.1
635.5791970797316,-33.70158792805664,16.53873041546353,0,0.1
640.0000000000289,-33.68900037913716,16.632678737340818,0,0.1
644.4515520363291,-33.676259627579405,16.726887387719803,0,0.1
648.9340670656479,-33.663378252528894,16.821234296162725,0,0.1
653.4477604526332,-33.65033850630046,16.915848088125433,0,0.1
657.9928490599125,-33.63713015936005,17.01079661965667,0,0.1
662.5695512585116,-33.62378125671361,17.105826579284646,0,0.1
667.178086938348,-33.61026638728928,17.201132071512006,0,0.1
671.8186775187937,-33.59658304430232,17.296716005358697,0,0.1
676.4915459593144,-33.582759654067004,17.392317264831373,0,0.1
681.1969167701814,-33.5687630200216,17.48819812779254,0,0.1
685.935016023259,-33.55459071413619,17.58436054353764,0,0.1
690.7060713628651,-33.54025591562804,17.68067143671454,0,0.1
695.5103120167091,-33.52574856541009,17.77719705172602,0,0.1
700.3479688069056,-33.51108988584494,17.873731927011804,0,0.1
705.2192741610634,-33.496238533199744,17.970614794241882,0,0.1
710.1244621234536,-33.4812394294542,18.06743154400702,0,0.1
715.0637683662537,-33.466051130257966,18.16452350455022,0,0.1
720.0374302008713,-33.45067932194635,18.261819773717033,0,0.1
725.0456865893448,-33.43512185982329,18.359317844012207,0,0.1
730.0887781558251,-33.41939258007891,18.45687221042961,0,0.1
735.1669471981365,-33.4034895413281,18.55447647085419,0,0.1
740.2804376994185,-33.38740280695443,18.652196058359202,0,0.1
745.4294953398465,-33.37111431718589,18.75017081528695,0,0.1
750.6143675084376,-33.35464622676813,18.84817752338778,0,0.1
755.8353033149348,-33.3380048223188,18.946133984479456,0,0.1
761.0925536017771,-33.32115587100278,19.04432738937078,0,0.1
766.3863709561504,-33.30412185243843,19.142528349414082,0,0.1
771.717009722123,-33.286884669768114,19.240877939018155,0,0.1
777.0847260128666,-33.26945889330414,19.33921696452724,0,0.1
782.4897777229608,-33.25184286270116,19.437534488862596,0,0.1
787.9324245407837,-33.23402667863945,19.535896121031325,0,0.1
793.412927960989,-33.21600865920584,19.634291454217,0,0.1
798.9315512970695,-33.19778715343501,19.732709529272626,0,0.1
804.4885596940084,-33.179360541514896,19.831138826070948,0,0.1
810.0842201410177,-33.16071044986623,19.92972593489135,0,0.1
815.7188014843666,-33.141868829313886,20.02814196621505,0,0.1
821.392574440298,-33.12280897569396,20.126611698308288,0,0.1
827.1058116080346,-33.10354627497708,20.224960892715018,0,0.1
832.8587874828772,-33.08407936337093,20.323173361650436,0,0.1
838.6517784693928,-33.06438125119782,20.4214789674243,0,0.1
844.4850628946929,-33.04446751772322,20.5196999135079,0,0.1
850.3589210218082,-33.02433679983689,20.617819895316305,0,0.1
856.2736350631529,-33.00397045438242,20.715990002827144,0,0.1
862.2294891940834,-32.98339305035939,20.813942410810775,0,0.1
868.226769566552,-32.96261215974881,20.91157184403122,0,0.1
874.2657643228554,-32.941565420453436,21.009456631716226,0,0.1
880.3467636094787,-32.920321502255625,21.106894755999974,0,0.1
886.4700595910348,-32.8988265448872,21.20438291451678,0,0.1
892.635946464303,-32.877114595237444,21.301554965895303,0,0.1
898.844720472362,-32.85517576446808,21.398475764032057,0,0.1
905.096679918825,-32.83298213364244,21.495389942121502,0,0.1
911.3921251821704,-32.81055032290505,21.592100998602017,0,0.1
917.7313587301744,-32.78790634352039,21.688316346263207,0,0.1
924.1146851344428,-32.76499502916382,21.78455318863879,0,0.1
930.5424110850445,-32.74184233977228,21.88051946517665,0,0.1
937.0148454052463,-32.71844728176092,21.97619127031788,0,0.1
943.5322990663512,-32.69481810612473,22.07145105993971,0,0.1
950.0950852026382,-32.67091702017654,22.16664577475732,0,0.1
956.7035191264079,-32.64677063134618,22.261472599380163,0,0.1
963.3579183431307,-32.62238743670561,22.355809751110705,0,0.1
970.0586025667028,-32.59774799293419,22.44981882253368,0,0.1
976.8058937348063,-32.572832524742246,22.543666144859678,0,0.1
983.6001160243768,-32.54767781322106,22.63694076487432,0,0.1
990.4415958671789,-32.5222547199853,22.72990384566105,0,0.1
997.3306619654895,-32.49655272476769,22.822627361381308,0,0.1
1004.267645307891,-32.4706093023167,22.914689667095427,0,0.1
1011.2528791851732,-32.44439499209828,23.006355950284114,0,0.1
1018.2866992063468,-32.41790896745869,23.09759746800168,0,0.1
1025.3694433147675,-32.391160227319794,23.18828338718584,0,0.1
1032.5014518043733,-32.364138339627615,23.27848327085156,0,0.1
1039.6830673360337,-32.33682280164813,23.36837163222088,0,0.1
1046.9146349540124,-32.30924246747283,23.457610429396045,0,0.1
1054.1965021025467,-32.28139687271292,23.546164750926735,0,0.1
1061.5290186425389,-32.253255402879745,23.634314024525178,0,0.1
1068.9125368683667,-32.224857662558755,23.72160521670065,0,0.1
1076.347411524809,-32.19613221838244,23.80874477263479,0,0.1
1083.8339998240897,-32.167169908728376,23.89474198818656,0,0.1
1091.37266146304,-32.137898912248104,23.980307825040743,0,0.1
1098.9637586403808,-32.10834941049087,24.065084868832233,0,0.1
1106.607656074124,-32.07848979047742,24.149363852700546,0,0.1
1114.3047210190957,-32.04836118511243,24.232670452638953,0,0.1
1122.0553232845823,-32.01790019814956,24.315630141467302,0,0.1
1129.859835252096,-31.987158799125652,24.39765319491557,0,0.1
1137.7186318932681,-31.95613685735757,24.478697684562757,0,0.1
1145.6320907878635,-31.924802005238277,24.55906218886169,0,0.1
1153.600592141922,-31.89316443081176,24.63859578475316,0,0.1
1161.6245188060257,-31.861223740303444,24.717258849655824,0,0.1
1169.704256293693,-31.828968608565958,24.795127212188213,0,0.1
1177.840192799901,-31.79639851666087,24.872162049984418,0,0.1
1186.032719219736,-31.763546371656503,24.947969587773173,0,0.1
1194.2822291671753,-31.730367613068587,25.022977094148878,0,0.1
1202.5891189939975,-31.69687291556372,25.09702593963336,0,0.1
1210.9537878088256,-31.66305058778751,25.17019443057624,0,0.1
1219.3766374963034,-31.628922990234564,25.242198922873747,0,0.1
1227.8580727364024,-31.594467087441597,25.31323746360932,0,0.1
1236.3985010238666,-31.55970566549614,25.383021044430734,0,0.1
1244.9983326877905,-31.524615468598544,25.451749429083808,0,0.1
1253.657980911332,-31.489196171685517,25.519378418476425,0,0.1
1262.377861751566,-31.45344749921192,25.585862901240734,0,0.1
1271.1583941594727,-31.417357271933124,25.65128382269683,0,0.1
1280.0000000000673,-31.380949137993337,25.715341181796468,0,0.1
1288.9031040726677,-31.344223254590283,25.777984260317155,0,0.1
1297.8681341313059,-31.307130914773353,25.83968053547971,0,0.1
1306.8955209052763,-31.269732905228025,25.89973494671278,0,0.1
1315.9856981198345,-31.231967732580415,25.958749500901998,0,0.1
1325.1391025170333,-31.193909784414213,26.015884972773662,0,0.1
1334.3561738767062,-31.155446506035126,26.07228271115386,0,0.1
1343.6373550375972,-31.116678146852284,26.126829395004805,0,0.1
1352.9830919186386,-31.077541463165236,26.180142439737633,0,0.1
1362.393833540373,-31.03810059009028,26.231491785534573,0,0.1
1371.8700320465282,-30.998239172014497,26.28205319190365,0,0.1
1381.4121427257405,-30.95807387435784,26.330542080737228,0,0.1
1391.0206240334287,-30.917539583176893,26.3775916758914,0,0.1
1400.6959376138216,-30.876662720905607,26.42286969744703,0,0.1
1410.4385483221372,-30.835443685471752,26.466318043495658,0,0.1
1420.2489242469178,-30.793842078855455,26.508305806715153,0,0.1
1430.1275367325184,-30.751884862729305,26.54849447226718,0,0.1
1440.0748604017533,-30.709544552888023,26.587115558981463,0,0.1
1450.0913731787002,-30.666862714551666,26.62367830730019,0,0.1
1460.177556311661,-30.623826005656415,26.65826609487649,0,0.1
1470.3338943962842,-30.580406402810972,26.69111351569566,0,0.1
1480.560875398848,-30.536589291890518,26.72231352336491,0,0.1
1490.8589906797042,-30.492475769364514,26.75076020372118,0,0.1
1501.2287350168863,-30.447892264063555,26.77819178148083,0,0.1
1511.670606629881,-30.403028686306307,26.802586316579116,0,0.1
1522.1851072035656,-30.35772365922891,26.825549260443356,0,0.1
1532.772741912312,-30.312066141508616,26.84610377874539,0,0.1
1543.4340194442575,-30.266041984262987,26.864335843981777,0,0.1
1554.1694520257447,-30.219621150719313,26.880491684202298,0,0.1
1564.9795554459333,-30.172803566091314,26.894509148606147,0,0.1
1575.8648490815792,-30.125604934650433,26.906165586324768,0,0.1
1586.8258559219898,-30.07807341737361,26.914911556829683,0,0.1
1597.863102594151,-30.030098914845063,26.921798561144687,0,0.1
1608.9771193880288,-29.98174500396759,26.926118762258863,0,0.1
1620.1684402820476,-29.9329961677364,26.927964150864778,0,0.1
1631.4376029687455,-29.883852850968935,26.92726494122641,0,0.1
1642.7851488806082,-29.834349041368302,26.92361725258044,0,0.1
1654.2116232160815,-29.78440195332002,26.917779257674905,0,0.1
1665.7175749657672,-29.73411322975516,26.90867517688225,0,0.1
1677.303556938798,-29.683416317271615,26.89689879424395,0,0.1
1688.9701257893985,-29.63231165074839,26.882376986779658,0,0.1
1700.7178420436294,-29.580817433340627,26.864862735673388,0,0.1
1712.5472701263188,-29.52888132053168,26.844797425878713,0,0.1
1724.4589783881795,-29.47657513724164,26.821411213814336,0,0.1
1736.453539133117,-29.423827901355498,26.795322397934616,0,0.1
1748.531528645724,-29.370731807036496,26.765570661126006,0,0.1
1760.6935272189705,-29.317196417375197,26.732956122072146,0,0.1
1772.940119182083,-29.263278502533883,26.696862662728982,0,0.1
1785.2718929286193,-29.20892273019616,26.657744877205886,0,0.1
1797.6894409447373,-29.154168098247176,26.61515831916028,0,0.1
1810.1933598376636,-29.09907520911784,26.568462823747513,0,0.1
1822.7842503643546,-29.04346945466767,26.51922235263886,0,0.1
1835.4627174603627,-28.987469193091158,26.466249549462024,0,0.1
1848.2293702688994,-28.931137738936563,26.40888739564278,0,0.1
1861.0848221701028,-28.874356232789484,26.348162444947626,0,0.1
1874.0296908105065,-28.81712506814539,26.28398881595533,0,0.1
1887.0645981327166,-28.759487028387134,26.215895602028574,0,0.1
1900.190170405291,-28.70148720383938,26.143399562222157,0,0.1
1913.4070382528298,-28.643064727713245,26.06697619139289,0,0.1
1926.715836686276,-28.584199559555433,25.9867236815734,0,0.1
1940.1172051334202,-28.52493745574554,25.902152940685745,0,0.1
1953.611787469627,-28.46530416700197,25.812960520545545,0,0.1
1967.2002320487684,-28.405189850317527,25.72003259313667,0,0.1
1980.8831917343723,-28.344710348653052,25.62227152579822,0,0.1
1994.661323930994,-28.28382366574026,25.51996610068035,0,0.1
2008.535290615797,-28.222533162668718,25.41300661150208,0,0.1
2022.5057583703617,-28.160818374449548,25.301485921353034,0,0.1
2036.573398412709,-28.098706694803166,25.185087816502552,0,0.1
2050.7388866295505,-28.03617758302616,25.063903323188423,0,0.1
2065.0029036087626,-27.97325971282294,24.937609086565942,0,0.1
2079.366134672083,-27.909907013785148,24.806504113583628,0,0.1
2093.8292699080407,-27.846251872763524,24.669416689361377,0,0.1
2108.3930042051093,-27.78214590002203,24.527484833176008,0,0.1
2123.0580372850936,-27.717645012895286,24.380164509831193,0,0.1
2137.82507373675,-27.652754530080706,24.227329163400334,0,0.1
2152.6948230496346,-27.587480178182993,24.068849781980575,0,0.1
2167.6679996481957,-27.521883705104546,23.904159747685586,0,0.1
2182.7453229260964,-27.455833157260635,23.73421167299651,0,0.1
2197.927517280778,-27.389446401340386,23.558000059322776,0,0.1
2213.2153121482643,-27.322703235034417,23.375603473943496,0,0.1
2228.6094420382083,-27.25558228026969,23.18710280216524,0,0.1
2244.1106465691814,-27.188060918908917,22.992581083037717,0,0.1
2259.7196705042093,-27.12023687052264,22.791224462711895,0,0.1
2275.4372637865536,-27.05212134393049,22.58288034449608,0,0.1
2291.2641815757443,-26.98360081812931,22.36830154103991,0,0.1
2307.2011842838615,-26.914745778978748,22.146887688491272,0,0.1
2323.2490376120686,-26.845598892069354,21.9182561950476,0,0.1
2339.4085125874035,-26.776074116534563,21.682938176686665,0,0.1
2355.6803855998196,-26.706313605055755,21.439856744432717,0,0.1
2372.0654384394898,-26.636299091889622,21.189077014564226,0,0.1
2388.5644583343683,-26.56594216026594,20.93113167718001,0,0.1
2405.178237988013,-26.49532369213544,20.665392724457078,0,0.1
2421.9075756176694,-26.424494262659817,20.391457361957823,0,0.1
2438.753274992625,-26.353326917661107,20.11009474328002,0,0.1
2455.716145472823,-26.281980239684213,19.820194532066967,0,0.1
2472.797002047752,-26.210399171227785,19.522053838527935,0,0.1
2489.9966653755996,-26.138638741749205,19.215260774667517,0,0.1
2507.3159618226828,-26.066680351035917,18.899875394313664,0,0.1
2524.755723503151,-25.99454321716874,18.57571972084104,0,0.1
2542.3167883189644,-25.922407152487835,18.241657622908647,0,0.1
2560.0000000001537,-25.849936861102716,17.89965894856435,0,0.1
2577.806208145355,-25.77739234308583,17.548108020333746,0,0.1
2595.736268262631,-25.704883432335883,17.186340344004073,0,0.1
2613.7910418105726,-25.632228828996915,16.815371641600137,0,0.1
2631.971396239689,-25.559537721275728,16.434537960314795,0,0.1
2650.2782050340866,-25.48675026776659,16.044135616417915,0,0.1
2668.7123477534324,-25.41402605289601,15.643259165249939,0,0.1
2687.274710075215,-25.341398507403863,15.231725109599301,0,0.1
2705.9661838372976,-25.268810172799114,14.809831104187943,0,0.1
2724.7876670807664,-25.19629322584877,14.37739499827735,0,0.1
2743.740064093077,-25.12397715955344,13.93375832336081,0,0.1
2762.824285451502,-25.051804968343934,13.479222293138964,0,0.1
2782.0412480668783,-24.979813937056086,13.013610996384333,0,0.1
2801.391875227664,-24.908043126022367,12.536751474485133,0,0.1
2820.8770966442953,-24.83648230532203,12.04870982225902,0,0.1
2840.4978484938565,-24.76537950728112,11.548380055102008,0,0.1
2860.2550734650586,-24.694628608836126,11.036312342779025,0,0.1
2880.1497208035285,-24.624276251169576,10.512352974235327,0,0.1
2900.1827463574223,-24.554425584220922,9.976124857908848,0,0.1
2920.355112623344,-24.484963551735845,9.428177692459975,0,0.1
2940.6677887925907,-24.41610638411282,8.867690172227583,0,0.1
2961.121750797718,-24.34785413140971,8.294769585039907,0,0.1
2981.717981359431,-24.280379643437552,7.708860313190647,0,0.1
3002.4574700337953,-24.213510867890786,7.11075231030238,0,0.1
3023.3412132597846,-24.147243004667516,6.500557375711166,0,0.1
3044.3702144071544,-24.082117229852425,5.87646628838877,0,0.1
3065.545483824648,-24.017593985159984,5.240564686603923,0,0.1
3086.868038888538,-23.954290091459015,4.590895782333995,0,0.1
3108.338904051513,-23.89190299265539,3.9286905140379234,0,0.1
3129.9591108918903,-23.83062607585632,3.2535161318899397,0,0.1
3151.7296981631816,-23.77039988416005,2.565769959280501,0,0.1
3173.651711844004,-23.711557345216455,1.8646888034612001,0,0.1
3195.726205188326,-23.653909173127982,1.1510926965951396,0,0.1
3217.954238776082,-23.597661847167984,0.424660118851205,0,0.1
3240.3368805641194,-23.542961053089194,-0.3146929121141771,0,0.1
3262.8752059375156,-23.489817008742435,-1.066661646162145,0,0.1
3285.570297761241,-23.438024750110106,-1.8304381969389398,0,0.1
3308.4232464321876,-23.388010843673396,-2.6067222930540295,0,0.1
3331.435149931559,-23.33971186735561,-3.3949923745669657,0,0.1
3354.607113877621,-23.29327756311337,-4.195191095346024,0,0.1
3377.9402515788224,-23.248712547158064,-5.006924672795262,0,0.1
3401.4356840872842,-23.206316994149425,-5.83033584128358,0,0.1
3425.094540252663,-23.165794867982676,-6.664432950736187,0,0.1
3448.9179567763854,-23.127291899441772,-7.509059076392363,0,0.1
3472.9070782662598,-23.091032414298326,-8.364114658302336,0,0.1
3497.0630572914743,-23.057011723412913,-9.22909503984488,0,0.1
3521.387054437968,-23.025454984574235,-10.103790064083022,0,0.1
3545.880238364193,-22.99611719461781,-10.98735968320525,0,0.1
3570.543785857265,-22.969217293033836,-11.879553944490803,0,0.1
3595.378881889502,-22.944975620003916,-12.780030965451566,0,0.1
3620.3867196753545,-22.923051398280784,-13.68790475043429,0,0.1
3645.5685007287366,-22.904058832663736,-14.603103891794547,0,0.1
3670.9254349207527,-22.88748561899935,-15.524635460544081,0,0.1
3696.458740537827,-22.87378062360046,-16.45218526993441,0,0.1
3722.1696443402334,-22.86274210904725,-17.385011799346806,0,0.1
3748.0593816210417,-22.85440569311512,-18.32252305537222,0,0.1
3774.129196265462,-22.84896612601944,-19.26413186495658,0,0.1
3800.3803408106105,-22.8462041961986,-20.209160885102825,0,0.1
3826.8140765056887,-22.84655084414393,-21.1569633142208,0,0.1
3853.43167337258,-22.849529648555936,-22.106897502074194,0,0.1
3880.2344102668694,-22.855642986037118,-23.058209176984153,0,0.1
3907.223574939284,-22.864567103923697,-24.01028658502835,0,0.1
3934.400464097566,-22.876137682179625,-24.962574964672207,0,0.1
3961.7663834687746,-22.890757550306073,-25.914205384499784,0,0.1
3989.322647862018,-22.908250786536335,-26.86458320614931,0,0.1
4017.070581231624,-22.928518842221855,-27.813121206312804,0,0.1
4045.011516740754,-22.95162048955749,-28.759111860212705,0,0.1
4073.1467968254487,-22.977607976925988,-29.701823698644436,0,0.1
4101.477773259132,-23.00628747374325,-30.64080763341609,0,0.1
4130.005807217556,-23.037701832869946,-31.575372705516763,0,0.1
4158.732269344197,-23.071572605148557,-32.50528403344253,0,0.1
4187.658539816113,-23.10832719117924,-33.42929045050939,0,0.1
4216.78600841025,-23.14752218735281,-34.347443499036366,0,0.1
4246.116074570219,-23.189337725585638,-35.25884205159959,0,0.1
4275.650147473531,-23.233485728160595,-36.163414715585944,0,0.1
4305.389646099301,-23.280060636389756,-37.06042051179099,0,0.1
4335.335999296423,-23.32899909466279,-37.94941412102046,0,0.1
4365.4906458522255,-23.380309136731057,-38.82980660814735,0,0.1
4395.8550345615895,-23.433847309344284,-39.70136659784762,0,0.1
4426.430624296562,-23.489327197681153,-40.56428752627125,0,0.1
4457.21888407645,-23.54711321858488,-41.41714963292205,0,0.1
4488.2212931383965,-23.606632019630233,-42.26097081133949,0,0.1
4519.439341008452,-23.668099216574575,-43.09473567665636,0,0.1
4550.874527573141,-23.731509664734528,-43.917987127469175,0,0.1
4582.528363151522,-23.796718792305715,-44.730700761993674,0,0.1
4614.402368567757,-23.863719129354802,-45.53246472545866,0,0.1
4646.498075224173,-23.932039158350836,-46.32443187256485,0,0.1
4678.817025174842,-24.00220299103564,-47.10448499465269,0,0.1
4711.360771199674,-24.073679218484617,-47.874070367606265,0,0.1
4744.130876879015,-24.146530179735816,-48.63265908188838,0,0.1
4777.128916668773,-24.22087332731642,-49.37947259058013,0,0.1
4810.356475976061,-24.29651098348673,-50.114921295738306,0,0.1
4843.815151235375,-24.37325458241022,-50.839464416017215,0,0.1
4877.506549985286,-24.451160593435812,-51.55261171836486,0,0.1
4911.432290945683,-24.530163234772047,-52.25436835220891,0,0.1
4945.594004095541,-24.61008432345669,-52.94526347998102,0,0.1
4979.9933307512365,-24.691091347958544,-53.62432641205707,0,0.1
5014.631923645403,-24.772897470693035,-54.29262801246794,0,0.1
5049.511447006339,-24.855557772136606,-54.94972742827556,0,0.1
5084.633576637967,-24.939068362784425,-55.595441948176614,0,0.1
5120.000000000346,-25.023214459120563,-56.2306469443614,0,0.1
5155.612416290749,-25.10810234542696,-56.85465922754339,0,0.1
5191.4725365253,-25.19357701760388,-57.46811747578272,0,0.1
5227.582083621183,-25.27954218749221,-58.07141200350664,0,0.1
5263.942792479418,-25.366247403914173,-58.663069814155726,0,0.1
5300.556410068212,-25.45325431187722,-59.245363897378304,0,0.1
5337.424695506905,-25.54076399736649,-59.817098587464564,0,0.1
5374.54942015047,-25.628685811985072,-60.37868843792475,0,0.1
5411.932367674636,-25.716934362443226,-60.9305552189751,0,0.1
5449.575334161574,-25.805518087564344,-61.472585555565324,0,0.1
5487.480128186196,-25.89440028222208,-62.00493887571354,0,0.1
5525.648570903045,-25.983545946800554,-62.52777770485084,0,0.1
5564.082496133798,-26.07287977184079,-63.041537355188716,0,0.1
5602.78375045537,-26.16245475352492,-63.5458442406532,0,0.1
5641.754193288633,-26.252157541800134,-64.04140711240355,0,0.1
5680.995696987757,-26.342001439495448,-64.52812520802561,0,0.1
5720.51014693016,-26.431959250458878,-65.00616872662862,0,0.1
5760.2994416071,-26.52204345386478,-65.47543982069713,0,0.1
5800.365492714889,-26.612077348070265,-65.93718196709993,0,0.1
5840.710225246731,-26.70222840044095,-66.39022398384466,0,0.1
5881.335577585225,-26.7923983091959,-66.83527226737574,0,0.1
5922.243501595481,-26.882566501444202,-67.27249556931527,0,0.1
5963.435962718906,-26.97271358167469,-67.7020615396159,0,0.1
6004.914940067636,-27.062787044557872,-68.12440023179978,0,0.1
6046.682426519615,-27.15283880814122,-68.53914806190105,0,0.1
6088.740428814354,-27.242751835516295,-68.9472562583605,0,0.1
6131.090967649341,-27.332709021873143,-69.3473158993966,0,0.1
6173.736077777122,-27.422434457252255,-69.74157566247601,0,0.1
6216.6778081030725,-27.512140569088672,-70.12837068080368,0,0.1
6259.918221783827,-27.601717724715833,-70.50863811121908,0,0.1
6303.4593963264115,-27.69109405178801,-70.88304282280423,0,0.1
6347.303423688055,-27.780380430728467,-71.25070914030555,0,0.1
6391.4524103767,-27.869534517449196,-71.61204622979976,0,0.1
6435.9084775522115,-27.9584882921315,-71.96770798149994,0,0.1
6480.673761128287,-28.047234642526494,-72.31783372943148,0,0.1
6525.750411875079,-28.135822201785064,-72.66206133376663,0,0.1
6571.140595522531,-28.22424210153876,-73.00053304940954,0,0.1
6616.846492864425,-28.31245948401555,-73.33363531119987,0,0.1
6662.870299863169,-28.400494290991638,-73.66125599511751,0,0.1
6709.214227755292,-28.488313738403708,-73.98377367808466,0,0.1
6755.880503157695,-28.575912639817265,-74.30131632495234,0,0.1
6802.871368174619,-28.663360843613134,-74.6132866575136,0,0.1
6850.189080505378,-28.75052811415499,-74.92101779925838,0,0.1
6897.835913552822,-28.837485217751087,-75.22390742091923,0,0.1
6945.814156532571,-28.92420389313504,-75.52231421001859,0,0.1
6994.126114583001,-29.010704336209578,-75.8161184820961,0,0.1
7042.774108875988,-29.096982713061582,-76.10543753478525,0,0.1
7091.760476728439,-29.183035573528855,-76.39038624598282,0,0.1
7141.087571714584,-29.26885983057503,-76.67107709670519,0,0.1
7190.757763779057,-29.354409264210794,-76.9480781368761,0,0.1
7240.773439350762,-29.439726341266066,-77.22103315754245,0,0.1
7291.137001457528,-29.524872026538695,-77.48936974513768,0,0.1
7341.850869841561,-29.60971719476669,-77.75455131584147,0,0.1
7392.917481075709,-29.694283662569077,-78.01644227677846,0,0.1
7444.339288680522,-29.778692339835832,-78.2738037453153,0,0.1
7496.118763242139,-29.862839629466137,-78.5278499512555,0,0.1
7548.258392530979,-29.946706214303095,-78.7788891883362,0,0.1
7600.760681621277,-30.03040803202,-79.02570328603193,0,0.1
7653.628153011434,-30.113809277238296,-79.26990836563624,0,0.1
7706.863346745218,-30.196967984558984,-79.51093741681585,0,0.1
7760.468820533797,-30.279957112876048,-79.74802697665402,0,0.1
7814.447149878626,-30.362629612468467,-79.98296668142581,0,0.1
7868.800928195191,-30.445077611924738,-80.21477379496154,0,0.1
7923.532766937609,-30.52730072902753,-80.44353325466473,0,0.1
7978.645295724095,-30.609281574148667,-80.66953464844362,0,0.1
8034.141162463309,-30.691054721296847,-80.89244472368058,0,0.1
8090.023033481568,-30.772569482994104,-81.11295810308543,0,0.1
8146.293593650958,-30.85384401247259,-81.33094162788917,0,0.1
8202.955546518326,-30.934879387513835,-81.54646697311286,0,0.1
8260.011614435174,-31.015724669857466,-81.75900635530657,0,0.1
8317.464538688457,-31.096347603049985,-81.96903672957971,0,0.1
8375.317079632288,-31.176702386439132,-82.17721840048037,0,0.1
8433.572016820564,-31.256852984121316,-82.38282807023047,0,0.1
8492.232149140504,-31.336784567653687,-82.5861315284648,0,0.1
8551.300294947127,-31.416468408710656,-82.78757962997405,0,0.1
8610.779292198666,-31.49598011680562,-82.98627486755467,0,0.1
8670.671998592914,-31.575246741447643,-83.18324042623291,0,0.1
8730.981291704516,-31.654299242141583,-83.37815397577296,0,0.1
8791.710069123244,-31.733138923396574,-83.57107622177686,0,0.1
8852.86124859319,-31.811781029445086,-83.76188114554768,0,0.1
8914.437768152968,-31.89021274831974,-83.95081481663924,0,0.1
8976.44258627686,-31.968435582234665,-84.13793392704468,0,0.1
9038.878682016972,-32.04645108650164,-84.32329389876067,0,0.1
9101.74905514635,-32.12428716594962,-84.50658881844622,0,0.1
9165.056726303115,-32.20189252579768,-84.68859445416027,0,0.1
9228.804737135582,-32.27929550840849,-84.86899986293938,0,0.1
9292.996150448414,-32.35653577818094,-85.04732720097643,0,0.1
9357.634050349754,-32.43357619427044,-85.22416209769007,0,0.1
9422.721542399418,-32.51040625760571,-85.3997264592447,0,0.1
9488.261753758103,-32.58708913377466,-85.57320199134442,0,0.1
9554.257833337617,-32.66352873120213,-85.74601865778682,0,0.1
9620.712951952195,-32.73982370977148,-85.91684777334375,0,0.1
9687.630302470823,-32.815915623246624,-86.08659138267875,0,0.1
9755.013099970645,-32.891864752956195,-86.25445187038198,0,0.1
9822.864581891441,-32.96760276924609,-86.42148302912254,0,0.1
9891.188008191157,-33.04317771200501,-86.58705876984962,0,0.1
9959.98666150255,-33.118579622631955,-86.751390247496,0,0.1
10029.26384729088,-33.193799116183015,-86.91468286551505,0,0.1
10099.022894012754,-33.26888184015755,-87.07632926228074,0,0.1
10169.26715327601,-33.343785243741955,-87.23702195779371,0,0.1
10240.000000000768,-33.41852206810478,-87.3966383851575,0,0.1
10311.224832581574,-33.493104563405744,-87.55505975460093,0,0.1
10382.945073050678,-33.56751331356243,-87.71264141433745,0,0.1
10455.164167242447,-33.64178128098446,-87.86895037321064,0,0.1
10527.885584958914,-33.71588920943781,-88.02433913123875,0,0.1
10601.112820136505,-33.789838892988314,-88.17884348599951,0,0.1
10674.849391013888,-33.863642070987886,-88.3323461086837,0,0.1
10749.098840301021,-33.93731004885978,-88.4847332824765,0,0.1
10823.864735349352,-34.01081484562891,-88.63649548292699,0,0.1
10899.15066832323,-34.08419706578684,-88.78706581975858,0,0.1
10974.960256372473,-34.15742908535609,-88.93692995391727,0,0.1
11051.297141806172,-34.23052216574598,-89.08597213914943,0,0.1
11128.16499226768,-34.30347786305476,-89.23422605266875,0,0.1
11205.567500910824,-34.376306949788976,-89.38157978209772,0,0.1
11283.508386577352,-34.44898338832482,-89.52850016479753,0,0.1
11361.991393975597,-34.521545393031595,-89.67444134644917,0,0.1
11441.020293860403,-34.59397615354738,-89.81972389664784,0,0.1
11520.598883214287,-34.66627727646242,-89.96437798690815,0,0.1
11600.730985429864,-34.7384678471938,-90.10815357178508,0,0.1
11681.420450493551,-34.81052300760144,-90.25150184456919,0,0.1
11762.671155170538,-34.88246177144082,-90.39417243965238,0,0.1
11844.48700319105,-34.954293986074816,-90.53605905759073,0,0.1
11926.871925437901,-35.02599561187829,-90.67760206608187,0,0.1
12009.82988013536,-35.097585160191,-90.81855511495746,0,0.1
12093.36485303932,-35.16907225767423,-90.95881288372401,0,0.1
12177.4808576288,-35.24044178126966,-91.09867223424132,0,0.1
12262.181935298773,-35.31171152388212,-91.23789359865911,0,0.1
12347.472155554336,-35.382858707354586,-91.37690000943873,0,0.1
12433.355616206238,-35.45391688103182,-91.51519125267166,0,0.1
12519.836443567749,-35.52487919101658,-91.65292779570066,0,0.1
12606.918792652916,-35.59573133100648,-91.79039423957266,0,0.1
12694.606847376202,-35.666482667106,-91.92748487848507,0,0.1
12782.904820753494,-35.73715752540995,-92.06384382827504,0,0.1
12871.816955104521,-35.80771141515706,-92.2002569018338,0,0.1
12961.347522256672,-35.878176367194044,-92.3362396276072,0,0.1
13051.500823750257,-35.94856847958007,-92.47156902517209,0,0.1
13142.28119104516,-36.01886657212074,-92.60664412392478,0,0.1
13233.69298572895,-36.08906484105941,-92.74160852482957,0,0.1
13325.740599726436,-36.15919385041682,-92.87599478260434,0,0.1
13418.428455510686,-36.22921871930963,-93.0104338055527,0,0.1
13511.761006315492,-36.299190988883005,-93.14410209729793,0,0.1
13605.74273634934,-36.369061978700095,-93.27786402921011,0,0.1
13700.378161010858,-36.438868427719996,-93.41114295605233,0,0.1
13795.671827105747,-36.50857671552735,-93.54455118604406,0,0.1
13891.628313065248,-36.57822984314118,-93.67740282833806,0,0.1
13988.252229166108,-36.647808216128695,-93.81007214892209,0,0.1
14085.548217752083,-36.71729968173126,-93.94280841948905,0,0.1
14183.520953456982,-36.786739359743535,-94.0750552667438,0,0.1
14282.175143429275,-36.85610155952861,-94.20729167990558,0,0.1
14381.515527558222,-36.925407535932905,-94.33919567953296,0,0.1
14481.546878701633,-36.99463873868063,-94.47112496538938,0,0.1
14582.274002915165,-37.06382258792686,-94.60265023210609,0,0.1
14683.70173968323,-37.13292143278607,-94.73445687139807,0,0.1
14785.834962151528,-37.20197534383552,-94.86589714640944,0,0.1
14888.678577361155,-37.270972589466034,-94.99721132716043,0,0.1
14992.23752648439,-37.33990812122856,-95.12852521702006,0,0.1
15096.516785062071,-37.408789545569,-95.25974656490307,0,0.1
15201.521363242668,-37.47761810080464,-95.3908922527727,0,0.1
15307.256306022984,-37.54639503146092,-95.5219787442246,0,0.1
15413.726693490553,-37.61512767589436,-95.65291688139916,0,0.1
15520.93764106771,-37.683799026934025,-95.78403793801321,0,0.1
15628.894299757369,-37.75243460802047,-95.91493772379229,0,0.1
15737.6018563905,-37.821017558942984,-96.04594460750198,0,0.1
15847.065533875337,-37.88956110582636,-96.17686611758198,0,0.1
15957.29059144831,-37.95806053069515,-96.30782012571956,0,0.1
16068.282324926739,-38.026522944757815,-96.43871924516446,0,0.1
16180.046066963258,-38.09493794439942,-96.56977960889175,0,0.1
16292.587187302037,-38.163306948800994,-96.70101215938598,0,0.1
16405.911093036775,-38.23164848957476,-96.832130263144,0,0.1
16520.023228870472,-38.29996929601491,-96.9630516569517,0,0.1
16634.92907737704,-38.36824220233692,-97.09428294799358,0,0.1
16750.634159264704,-38.43647993340617,-97.22563747704453,0,0.1
16867.144033641256,-38.50470045730524,-97.35683689794746,0,0.1
16984.464298281135,-38.572877207455335,-97.48837708793633,0,0.1
17102.600589894384,-38.641033638771674,-97.61988375718848,0,0.1
17221.558584397462,-38.70915999415608,-97.75156004238478,0,0.1
17341.343997185955,-38.77726302073584,-97.88332174108295,0,0.1
17461.962583409164,-38.84534932881699,-98.0150867772681,0,0.1
17583.42013824662,-38.91340406821356,-98.14714633118206,0,0.1
17705.72249718651,-38.981444598054,-98.27923084862323,0,0.1
17828.875536306066,-39.04945628903701,-98.41162723698453,0,0.1
17952.885172553855,-39.11746153643737,-98.54397790762529,0,0.1
18077.75736403408,-39.18544062972553,-98.67665775189697,0,0.1
18203.498110292836,-39.25341054631544,-98.80940310502187,0,0.1
18330.113452606365,-39.32136734893656,-98.94231401737406,0,0.1
18457.609474271307,-39.389312338005496,-99.07539922230329,0,0.1
18585.99230089697,-39.457241751126205,-99.20875527454763,0,0.1
18715.26810069965,-39.52515195641341,-99.34247618078506,0,0.1
18845.44308479898,-39.59307450975012,-99.47604439480837,0,0.1
18976.523507516347,-39.660970546559966,-99.61016576931476,0,0.1
19108.51566667538,-39.72887640374325,-99.74423961288757,0,0.1
19241.425903904536,-39.79677347877128,-99.8786192783379,0,0.1
19375.260604941792,-39.864653427159816,-100.01347948373245,0,0.1
19510.026199941436,-39.93255189954419,-100.14823180845376,0,0.1
19645.729163783028,-40.00043607895033,-100.28347512626266,0,0.1
19782.376016382463,-40.068331620520425,-100.41879440198478,0,0.1
19919.973323005244,-40.13622539900864,-100.55444654804008,0,0.1
20058.527694581913,-40.20411412982316,-100.6905175675988,0,0.1
20198.045788025658,-40.27201826647837,-100.82668276469064,0,0.1
20338.53430655217,-40.33992495184315,-100.96319360280457,0,0.1
20480.00000000169,-40.40784034383225,-101.09997251135867,0,0.1
20622.4496651633,-40.47576585584484,-101.23702387087255,0,0.1
20765.890146101516,-40.54369828743613,-101.37443149500464,0,0.1
20910.32833448505,-40.61164373842449,-101.51211862689854,0,0.1
21055.771169917985,-40.67959907243079,-101.65016764100163,0,0.1
21202.22564027317,-40.747579444863725,-101.78834590237726,0,0.1
21349.698782027936,-40.81555450355147,-101.92720364209565,0,0.1
21498.197680602203,-40.88356654979832,-102.06604141248027,0,0.1
21647.72947069887,-40.951585439462896,-102.20540518703828,0,0.1
21798.301336646622,-41.019626208364244,-102.34506437134446,0,0.1
21949.920512745113,-41.087690333459584,-102.48502135155002,0,0.1
22102.59428361251,-41.15576168126771,-102.62557986792878,0,0.1
22256.32998453553,-41.223872688685404,-102.7662118729864,0,0.1
22411.135001821818,-41.292002853443144,-102.90729566375971,0,0.1
22567.01677315487,-41.36016248895046,-103.04868206232966,0,0.1
22723.98278795137,-41.428344477257326,-103.19051965126543,0,0.1
22882.04058772098,-41.496554761531385,-103.33273385108356,0,0.1
23041.197766428744,-41.56479920326304,-103.4752516892692,0,0.1
23201.4619708599,-41.63306658362849,-103.61829085938106,0,0.1
23362.840900987278,-41.70137131920089,-103.7616326489153,0,0.1
23525.342310341253,-41.769706537982465,-103.90542043269868,0,0.1
23688.974006382276,-41.838078103251675,-104.04958104547782,0,0.1
23853.743850875984,-41.90647929997876,-104.19425458544468,0,0.1
24019.6597602709,-41.9749326081357,-104.3390865868606,0,0.1
24186.729706078822,-42.04341059007903,-104.48456763829408,0,0.1
24354.96171525778,-42.111935654975746,-104.63034467226643,0,0.1
24524.363870597732,-42.18050120996918,-104.77655516483887,0,0.1
24694.944311108862,-42.24910489263162,-104.923264686923,0,0.1
24866.711232412665,-42.317752518525324,-105.07040085191451,0,0.1
25039.672887135683,-42.38645385866384,-105.21782504169596,0,0.1
25213.837585306024,-42.45518645731459,-105.36594032540455,0,0.1
25389.213694752598,-42.52397620949701,-105.51433696668043,0,0.1
25565.809641507185,-42.59282075567491,-105.66308036625955,0,0.1
25743.63391020923,-42.66170595478246,-105.81243275870938,0,0.1
25922.695044513537,-42.73064551262311,-105.96218963719606,0,0.1
26103.00164750071,-42.79962941382508,-106.11254345453312,0,0.1
26284.562382090517,-42.8686790569375,-106.26316176440439,0,0.1
26467.385971458098,-42.93778055125516,-106.41430150421175,0,0.1
26651.481199453076,-43.00694347641966,-106.5658277900392,0,0.1
26836.856911021572,-43.076158042564366,-106.71792826224855,0,0.1
27023.522012631187,-43.145422329053424,-106.87065896909064,0,0.1
27211.485472698885,-43.21475735082374,-107.02369519672972,0,0.1
27400.75632202192,-43.28415721972635,-107.17715930628871,0,0.1
27591.3436542117,-43.353616186061494,-107.33117069389363,0,0.1
27783.256626130707,-43.423139914441514,-107.48565938119374,0,0.1
27976.504458332423,-43.492726512641575,-107.64068028972972,0,0.1
28171.096435504372,-43.56238160306767,-107.79616389937581,0,0.1
28367.04190691418,-43.632107023808366,-107.95210300703778,0,0.1
28564.35028685876,-43.7019009077771,-108.1085509393046,0,0.1
28763.031055116662,-43.77176511050793,-108.26549888788531,0,0.1
28963.093757403483,-43.841697793753234,-108.42299766197904,0,0.1
29164.548005830547,-43.911704415026556,-108.58097643568072,0,0.1
29367.403479366687,-43.981790262533494,-108.73936449097187,0,0.1
29571.669924303278,-44.05194952097277,-108.89826771138755,0,0.1
29777.35715472254,-44.1221832642774,-109.05766806790471,0,0.1
29984.475052969006,-44.19248796520545,-109.21759894849356,0,0.1
30193.03357012437,-44.26287162942866,-109.37784561020781,0,0.1
30403.042726485564,-44.33330444900342,-109.53863260757291,0,0.1
30614.512612046197,-44.403746785178996,-109.69971904839777,0,0.1
30827.45338698134,-44.47402547256114,-109.86221375104783,0,0.1
31041.875282135654,-44.54482210706114,-110.02857260455856,0,0.1
31257.788599514974,-44.61597138637807,-110.19164973054514,0,0.1
31475.203712781236,-44.68697936148647,-110.35472259673263,0,0.1
31694.13106775091,-44.75800348863189,-110.51866928720098,0,0.1
31914.581182896858,-44.82910075331027,-110.68323627428016,0,0.1
32136.564649853717,-44.900288561190024,-110.84830247240684,0,0.1
32360.09213392676,-44.97155928040478,-111.01405074216429,0,0.1
32585.17437460432,-45.042930264807744,-111.18023426033,0,0.1
32811.8221860738,-45.114394051316964,-111.34699943770106,0,0.1
33040.04645774119,-45.18595307063299,-111.51433004988279,0,0.1
33269.85815475433,-45.25761291952338,-111.68215794961286,0,0.1
33501.26831852966,-45.32936234425783,-111.85068581185519,0,0.1
33734.28806728276,-45.40122018060621,-112.01963191711148,0,0.1
33968.928596562524,-45.47317515129304,-112.1891988783469,0,0.1
34205.20117978902,-45.545239248634424,-112.35921524648194,0,0.1
34443.11716879519,-45.617411149195306,-112.5297235038887,0,0.1
34682.68799437217,-45.68968630438234,-112.70081757361831,0,0.1
34923.92516681859,-45.7620700206414,-112.8724332642467,0,0.1
35166.8402764935,-45.83456105807219,-113.04461118462486,0,0.1
35411.44499437329,-45.90715822037349,-113.21739102312023,0,0.1
35657.7510726124,-45.97986998183391,-113.39065778738743,0,0.1
35905.77034510798,-46.05269830011038,-113.5644006859456,0,0.1
36155.51472806843,-46.125638758023,-113.73871049280734,0,0.1
36406.99622058595,-46.19869337087094,-113.91357505360692,0,0.1
36660.22690521301,-46.27186729221957,-114.08893208080652,0,0.1
36915.21894854289,-46.345159327260454,-114.26482032062778,0,0.1
37171.98460179422,-46.418571446241415,-114.44122784326491,0,0.1
37430.53620139958,-46.49210249193906,-114.61819223053082,0,0.1
37690.88616959824,-46.56575753834916,-114.79565162854334,0,0.1
37953.04701503298,-46.6395261689981,-114.97379005290315,0,0.1
38217.03133335104,-46.71343499510119,-115.1522026496893,0,0.1
38482.85180780936,-46.78746127324692,-115.33126811934169,0,0.1
38750.521209883875,-46.86161612327999,-115.5108262649152,0,0.1
39020.05239988316,-46.935901368239776,-115.69086328012597,0,0.1
39291.458327566346,-47.01031273182873,-115.87145998251202,0,0.1
39564.752032765224,-47.08485493001114,-116.05255101666259,0,0.1
39839.94664601079,-47.15952942080495,-116.23411635808114,0,0.1
40117.05538916413,-47.23433721568291,-116.41613043642457,0,0.1
40396.09157605162,-47.309281230147285,-116.59850950802402,0,0.1
40677.068613104646,-47.384346642889135,-116.78137846359994,0,0.1
40960.00000000368,-47.45951717648465,-116.96465517465636,0,0.1
41244.899330326916,-47.53475028135668,-117.1476813238382,0,0.1
41531.78029220334,-47.609590936435595,-117.33156462662136,0,0.1
41820.65666897041,-47.685329392474216,-117.52518517427686,0,0.1
42111.54233983629,-47.76170024710985,-117.70974405023605,0,0.1
42404.45128054665,-47.83774972986846,-117.89486860369284,0,0.1
42699.3975640562,-47.91386124535529,-118.08100446030014,0,0.1
42996.39536120473,-47.990101830603116,-118.26778106888555,0,0.1
43295.458941398065,-48.06647558493957,-118.45525595461983,0,0.1
43596.60267329357,-48.143002782660524,-118.64314459752283,0,0.1
43899.84102549055,-48.21967280401678,-118.83163368205368,0,0.1
44205.18856722535,-48.29649103133083,-119.0206526022533,0,0.1
44512.659969071385,-48.37346238074758,-119.21013719665949,0,0.1
44822.27000364397,-48.45058600057888,-119.40011446468418,0,0.1
45134.033546310086,-48.52786646131868,-119.59052558857557,0,0.1
45447.96557590307,-48.60530547827076,-119.78135695038543,0,0.1
45764.081175442305,-48.68289928592311,-119.97268174446876,0,0.1
46082.39553285784,-48.760649587552074,-120.16448649594156,0,0.1
46402.92394172015,-48.83856342605739,-120.35667293329821,0,0.1
46725.681801974904,-48.916637009990005,-120.54931437471151,0,0.1
47050.68462068286,-48.99486928718197,-120.74244061205388,0,0.1
47377.94801276491,-49.073267171630484,-120.93595481613704,0,0.1
47707.487701752325,-49.15183217571334,-121.12984558650639,0,0.1
48039.319520542165,-49.23055792633587,-121.32422662082367,0,0.1
48373.45941215801,-49.30944861053848,-121.51904368748443,0,0.1
48709.923430515926,-49.388510927403495,-121.71420222561169,0,0.1
49048.72774119583,-49.467738546465995,-121.90981468908781,0,0.1
49389.888622218095,-49.54713810060822,-122.10578699692252,0,0.1
49733.4224648257,-49.626705880335535,-122.30218948980456,0,0.1
50000.0,-49.68818765031253,-122.45394460644322,0,0.1
10.0,-27.0019484033065,-0.15419394544897128,1,0.2
10.069555500567189,-27.002225085943206,-0.15462824130766156,1,0.2
10.139594797900294,-27.002489719866535,-0.1550525232363843,1,0.2
10.210121257071936,-27.002774352188922,-0.15546998246573726,1,0.2
10.281138266560667,-27.003053366513935,-0.15587762368298827,1,0.2
10.352649238413779,-27.00333958845741,-0.15627658726605698,1,0.2
10.424657608411218,-27.00362021723145,-0.15666521494052446,1,0.2
10.497166836230678,-27.003908078059915,-0.15704466077334842,1,0.2
10.57018040561381,-27.00420318305692,-0.15741467787035374,1,0.2
10.643701824533608,-27.004505544535856,-0.1577750157251244,1,0.2
10.71773462536294,-27.004795958620672,-0.1581232259246916,1,0.2
10.792282365044281,-27.005106466090712,-0.15846268534540592,1,0.2
10.867348625260592,-27.00541145847625,-0.15879019527060068,1,0.2
10.942937012607405,-27.00571095015192,-0.15910545614662486,1,0.2
11.019051158766118,-27.00603697874424,-0.15941193519947094,1,0.2
11.095694720678463,-27.00633832076035,-0.15970333137810833,1,0.2
11.172871380722214,-27.00665341822035,-0.15998387558483745,1,0.2
11.250584846888108,-27.006988688422556,-0.16025407649418782,1,0.2
11.328838852958,-27.007299318126087,-0.16050824093774532,1,0.2
11.407637158684253,-27.007630149640928,-0.16075147738246076,1,0.2
11.486983549970367,-27.007961986458817,-0.1609811602382253,1,0.2
11.566881839052892,-27.008294844165235,-0.16119697533261096,1,0.2
11.647335864684578,-27.00862873859304,-0.16139860445013204,1,0.2
11.728349492318808,-27.0089764909908,-0.16158734220388327,1,0.2
11.809926614295325,-27.00931250690825,-0.16175964112004199,1,0.2
11.892071150027233,-27.009668814909944,-0.1619192384651845,1,0.2
11.97478704618931,-27.01001982221063,-0.1620625475558896,1,0.2
12.05807827690763,-27.010365546673864,-0.16218921108719697,1,0.2
12.141948843950495,-27.010738013306682,-0.16230306960512733,1,0.2
12.226402776920713,-27.011092428942177,-0.1623979265301641,1,0.2
12.31144413344919,-27.01145441726339,-0.16247678712292274,1,0.2
12.397076999389895,-27.011817595151044,-0.1625384569397157,1,0.2
12.48330548901615,-27.01219478184676,-0.16258431214375824,1,0.2
12.570133745218314,-27.01257319441735,-0.16261228383912263,1,0.2
12.657565939702833,-27.01295285197501,-0.16262200646564895,1,0.2
12.745606273192656,-27.01333377393445,-0.16261311052876837,1,0.2
12.834258975629076,-27.013722379340194,-0.16258611727739294,1,0.2
12.923528306374958,-27.01410588933292,-0.16253886714861007,1,0.2
13.013418554419374,-27.014503521397234,-0.1624736842830294,1,0.2
13.10393403858367,-27.014896099052006,-0.16238747875405998,1,0.2
13.195079107728983,-27.01529644059263,-0.16228168687848787,1,0.2
13.286858140965156,-27.01569816855742,-0.1621550076428981,1,0.2
13.379275547861162,-27.016101304608263,-0.1620070451131003,1,0.2
13.472335768656947,-27.016512268174402,-0.16183834498280658,1,0.2
13.566043274476765,-27.01693108072949,-0.1616485264501209,1,0.2
13.660402567544,-27.017344970456627,-0.16143528471491214,1,0.2
13.755418181397484,-27.017773150918252,-0.16120109085864998,1,0.2
13.851094681109295,-27.018202851275852,-0.1609436258234314,1,0.2
13.947436663504105,-27.018621303406466,-0.16066050575529883,1,0.2
14.044448757380025,-27.01906051153425,-0.16035621995276567,1,0.2
14.142135623731003,-27.01950131143306,-0.16002741779459984,1,0.2
14.240501955970773,-27.019930937891882,-0.15967165809400258,1,0.2
14.33955248015833,-27.020368602312708,-0.1592915083121562,1,0.2
14.439291955225018,-27.020827118438344,-0.15888860593900644,1,0.2
14.539725173203164,-27.021274538822276,-0.1584574302994472,1,0.2
14.640856959456315,-27.021730073361013,-0.15800061236876356,1,0.2
14.742692172911074,-27.02219374804301,-0.1575177347996738,1,0.2
14.845235706290554,-27.022646409656716,-0.15700520799638,1,0.2
14.94849248634945,-27.02311365940488,-0.156466793692918,1,0.2
15.05246747411074,-27.023582738448745,-0.1558999451090843,1,0.2
15.15716566510405,-27.02406006767164,-0.15530529144801378,1,0.2
15.26259208960566,-27.024520107479475,-0.15467803912451275,1,0.2
15.368751812880195,-27.025014023149456,-0.15402644952734068,1,0.2
15.475649935423972,-27.025497100822903,-0.15334243389759414,1,0.2
15.58329159321007,-27.025988545749083,-0.15262882924163948,1,0.2
15.69168195793509,-27.026475606651587,-0.151882944399958,1,0.2
15.800826237267621,-27.026977486719925,-0.15110769264620047,1,0.2
15.910729675098453,-27.027468656099533,-0.15029808011658946,1,0.2
16.02139755179252,-27.02796831793951,-0.1494570434963373,1,0.2
16.13283518444261,-27.02848289332488,-0.14858530174876414,1,0.2
16.245047927124794,-27.028974080200875,-0.14767539871613644,1,0.2
16.358041171155712,-27.029499413477286,-0.14673738839308756,1,0.2
16.471820345351553,-27.030007816797568,-0.14576139919142772,1,0.2
16.586390916288924,-27.030531267429858,-0.14475287567244893,1,0.2
16.70175838856748,-27.03105702371106,-0.1437089731624498,1,0.2
16.817928305074386,-27.031578734524246,-0.14262798951057437,1,0.2
16.93490624725064,-27.03210282424958,-0.14151064490872436,1,0.2
17.052697835359233,-27.03264210274691,-0.14035894005606367,1,0.2
17.17130872875518,-27.033177447399016,-0.1391686970234152,1,0.2
17.290744626157405,-27.033708897515343,-0.13793940165546065,1,0.2
17.411011265922586,-27.034268419491383,-0.13667690072328226,1,0.2
17.53211442632081,-27.034804968843765,-0.13537057204112496,1,0.2
17.654059925813208,-27.03535051275867,-0.13402627218254065,1,0.2
17.776853623331515,-27.035917859052706,-0.13264615583604106,1,0.2
17.900501418559564,-27.036475126499987,-0.13122326147128266,1,0.2
18.02500925221672,-27.037028742591282,-0.12975836617211312,1,0.2
18.150383106343334,-27.037597899984867,-0.12825496254108684,1,0.2
18.27662900458813,-27.03816349146555,-0.12670859104062435,1,0.2
18.403753012497624,-27.038738326396768,-0.12512145304380703,1,0.2
18.53176123780754,-27.03930968423139,-0.12349036121619955,1,0.2
18.660659830736275,-27.039877611092464,-0.12181480131815821,1,0.2
18.790454984280366,-27.040461297093575,-0.12009843660348177,1,0.2
18.921152934512047,-27.04104802479048,-0.11833804993531738,1,0.2
19.05275996087888,-27.041637841201556,-0.11653316491070607,1,0.2
19.18528238650542,-27.042224414150372,-0.11468187967127084,1,0.2
19.31872657849705,-27.04281417268872,-0.1127851247542844,1,0.2
19.453098948245852,-27.043413545021828,-0.11084387967035769,1,0.2
19.588405951738682,-27.0440034437352,-0.10885332282403654,1,0.2
19.72465408986733,-27.044603056599694,-0.10681733977766572,1,0.2
19.861849908740865,-27.04521881157142,-0.10473698966053104,1,0.2
20.00000000000015,-27.045818870917387,-0.1026043871986006,1,0.2
20.13911100113453,-27.04642242224629,-0.10042349793416527,1,0.2
20.279189595800737,-27.047035895752167,-0.09819539006258499,1,0.2
20.42024251414402,-27.04764659204216,-0.09591657407623223,1,0.2
20.56227653312149,-27.048260943285584,-0.09358811207425512,1,0.2
20.70529847682771,-27.04889175610183,-0.09121268335726547,1,0.2
20.849315216822593,-27.04950720987774,-0.08878204406454597,1,0.2
20.994333672461515,-27.050132864015445,-0.08630199375882536,1,0.2
21.14036081122778,-27.050762401474216,-0.08377053473850875,1,0.2
21.28740364906737,-27.05138313397744,-0.08118400525875753,1,0.2
21.43546925072604,-27.052026990419296,-0.07855004313174742,1,0.2
21.584564730088722,-27.052649417883433,-0.07585685007101992,1,0.2
21.734697250521346,-27.05329509007628,-0.07311543876824894,1,0.2
21.885874025214974,-27.05393220580231,-0.07031716980781717,1,0.2
22.038102317532406,-27.054567202595393,-0.0674632363284694,1,0.2
22.191389441357092,-27.055212888339085,-0.06455658953385139,1,0.2
22.345742761444598,-27.05586295625728,-0.06159516191503215,1,0.2
22.501169693776383,-27.05650473197644,-0.058575108446101504,1,0.2
22.657677705916175,-27.057151024810132,-0.05549943834342974,1,0.2
22.815274317368676,-27.05780827209105,-0.05236952606047747,1,0.2
22.973967099940907,-27.058451065720416,-0.04917795965827203,1,0.2
23.13376367810596,-27.059124058963686,-0.045936732560532614,1,0.2
23.29467172936933,-27.059770004939278,-0.04262946100463359,1,0.2
23.456698984637793,-27.060427187706345,-0.03926645388257154,1,0.2
23.619853228590827,-27.061082944442415,-0.03584374577120116,1,0.2
23.784142300054643,-27.061756450428447,-0.03236648387756577,1,0.2
23.949574092378796,-27.062403213870837,-0.028821397274334384,1,0.2
24.11615655381544,-27.063061512268103,-0.02521918259076395,1,0.2
24.28389768790117,-27.06373778655344,-0.021561455547711023,1,0.2
24.452805553841607,-27.064400287229905,-0.017838454761726415,1,0.2
24.622888266898567,-27.0650745552752,-0.014057425188526146,1,0.2
24.794153998779972,-27.065735213145356,-0.010210353242420707,1,0.2
24.966610978032485,-27.066407800435304,-0.006304625568252805,1,0.2
25.140267490436816,-27.067066945326403,-0.0023321137509736654,1,0.2
25.315131879405854,-27.0677509114807,0.001695672441643878,1,0.2
25.4912125463855,-27.068421605667623,0.005790890027009247,1,0.2
25.668517951258348,-27.0690982029101,0.009947882939100637,1,0.2
25.847056612750112,-27.06976170583286,0.01417302456806944,1,0.2
26.026837108838944,-27.07043764997784,0.018458486686168764,1,0.2
26.20786807716754,-27.071119762540206,0.022806529800433885,1,0.2
26.390158215458165,-27.07179541366242,0.0272215657472329,1,0.2
26.573716281930512,-27.072471057025393,0.031701810637258646,1,0.2
26.758551095722524,-27.073146786555068,0.03624752933361597,1,0.2
26.944671537314093,-27.073822697411828,0.04085897848536416,1,0.2
27.13208654895373,-27.07450524418997,0.04553424402439956,1,0.2
27.320805135088207,-27.075169092141973,0.0502822336559499,1,0.2
27.510836362795175,-27.075852488113156,0.05509015006702882,1,0.2
27.7021893622188,-27.076530100750386,0.059966920141479044,1,0.2
27.89487332700842,-27.077208389273387,0.06491057764836393,1,0.2
28.088897514760255,-27.077874744527275,0.06992583701291685,1,0.2
28.284271247462218,-27.07856105090827,0.07500164178444901,1,0.2
28.48100391194176,-27.079235634398767,0.08014947120181382,1,0.2
28.679104960316874,-27.07991131371007,0.08536499594722659,1,0.2
28.878583910450253,-27.080581842776866,0.09065071735373573,1,0.2
29.079450346406546,-27.08126003991854,0.09600215492430483,1,0.2
29.28171391891285,-27.0819269547794,0.10142651233864201,1,0.2
29.485384345822368,-27.082608113770718,0.10691449308639983,1,0.2
29.690471412581335,-27.08328457069648,0.11247334148465417,1,0.2
29.896984972699123,-27.083956442048848,0.11810324289034171,1,0.2
30.104934948221704,-27.084630197287648,0.12380192442581066,1,0.2
30.314331330208326,-27.085293252330533,0.12957443440833702,1,0.2
30.52518417921155,-27.085971131954174,0.13541103065411259,1,0.2
30.73750362576062,-27.08664490397822,0.14131921377639742,1,0.2
30.951299870848175,-27.087301992793257,0.14730419142733878,1,0.2
31.16658318642038,-27.087980622410257,0.15335090163820017,1,0.2
31.38336391587042,-27.08863012346679,0.159479815940985,1,0.2
31.60165247453548,-27.089288720465817,0.16567572912804143,1,0.2
31.82145935019715,-27.089962888984786,0.1719360035520921,1,0.2
32.04279510358529,-27.09063371407535,0.17826846317027917,1,0.2
32.26567036888546,-27.091294981965213,0.18467586021441165,1,0.2
32.49009585424984,-27.091946828956676,0.19115834316579092,1,0.2
32.716082342311665,-27.09260843188869,0.19770793512816723,1,0.2
32.94364069070335,-27.0932545430611,0.2043354818202463,1,0.2
33.172781832578096,-27.093897995914084,0.21103567394164183,1,0.2
33.40351677713521,-27.09455162227446,0.21780301365878507,1,0.2
33.63585661014903,-27.09520921846928,0.22464020162021217,1,0.2
33.86981249450153,-27.095851895906886,0.2315556605267658,1,0.2
34.10539567071872,-27.096492491643637,0.23854386721270002,1,0.2
34.34261745751061,-27.09713749784427,0.24560197123032382,1,0.2
34.58148925231507,-27.097768035006293,0.2527385809727739,1,0.2
34.822022531845434,-27.09841597072841,0.25993926753136165,1,0.2
35.064228852641875,-27.09905608710504,0.26721556022990123,1,0.2
35.30811985162668,-27.099669516413204,0.2745764019124849,1,0.2
35.55370724666329,-27.100313493355358,0.281995178035164,1,0.2
35.80100283711939,-27.10094378549769,0.2894925697057705,1,0.2
36.05001850443371,-27.101554216701178,0.29707172026934753,1,0.2
36.30076621268694,-27.102189335161114,0.3047113772313815,1,0.2
36.55325800917653,-27.102798584302725,0.31243587528114847,1,0.2
36.80750602499552,-27.10341383333936,0.32022989501071003,1,0.2
37.06352247561536,-27.10402257310981,0.3280995639125322,1,0.2
37.32131966147283,-27.104637653848364,0.33603855441973407,1,0.2
37.58090996856101,-27.105240233935326,0.3440562693516355,1,0.2
37.84230586902438,-27.10585584291558,0.3521399111683025,1,0.2
38.105519921758045,-27.106452969801648,0.3603054273675107,1,0.2
38.37056477301113,-27.10704447246284,0.3685464111268577,1,0.2
38.63745315699439,-27.107643207835864,0.37685623807079527,1,0.2
38.906197896491996,-27.108230350832603,0.38524466869005325,1,0.2
39.176811903477656,-27.10881242653948,0.3937083862629491,1,0.2
39.449308179734956,-27.10940229637795,0.40224058422469994,1,0.2
39.72369981748203,-27.109974810136897,0.41085464834382207,1,0.2
40.000000000000604,-27.110561838858782,0.41953352180005105,1,0.2
40.27822200226936,-27.111138238824953,0.4282907139776161,1,0.2
40.55837919160177,-27.111697876613338,0.4371297135299818,1,0.2
40.840485028288356,-27.11227262488012,0.4460330275447249,1,0.2
41.124553066243294,-27.112831017985005,0.45501802411446934,1,0.2
41.410596953655734,-27.11339226384524,0.46407405828147485,1,0.2
41.6986304336455,-27.113943905294896,0.4732081398037173,1,0.2
41.98866734492334,-27.114498819721604,0.4824129834505094,1,0.2
42.28072162245588,-27.115038224362497,0.4916993618432843,1,0.2
42.57480729813507,-27.115587664618307,0.501052571859977,1,0.2
42.8709385014524,-27.116122032487155,0.5104871806603769,1,0.2
43.16912946017777,-27.116660544868203,0.519991985491374,1,0.2
43.46939450104301,-27.117197094639742,0.5295705334059212,1,0.2
43.771748050430276,-27.117712917951607,0.5392341039966992,1,0.2
44.07620463506514,-27.118233567687668,0.5489674595320692,1,0.2
44.38277888271451,-27.118759275482315,0.5587703494985075,1,0.2
44.69148552288952,-27.119271287510674,0.5686542208850479,1,0.2
45.00233938755311,-27.119782501944997,0.5786112239498552,1,0.2
45.315355411832684,-27.1202868309081,0.5886451467526285,1,0.2
45.63054863473769,-27.120790847552666,0.5987519059501274,1,0.2
45.947934199882155,-27.121282142131335,0.6089393695658262,1,0.2
46.26752735621227,-27.121779949604182,0.6191953561296819,1,0.2
46.58934345873901,-27.12226553873951,0.6295318469888743,1,0.2
46.913397969275934,-27.122745494009223,0.6399447067979173,1,0.2
47.23970645718201,-27.123232728763384,0.6504255074600827,1,0.2
47.56828460010965,-27.123702196552962,0.6609906970275417,1,0.2
47.89914818475796,-27.1241668173548,0.6716319030171167,1,0.2
48.232313107631235,-27.1246331858061,0.6823447402005064,1,0.2
48.5677953758027,-27.125095246658905,0.6931332661474142,1,0.2
48.90561110768358,-27.125540623278233,0.704005993198234,1,0.2
49.2457765337975,-27.125994896741116,0.7149455439669953,1,0.2
49.58830799756032,-27.12644569628122,0.7259603520992478,1,0.2
49.933221956065346,-27.126886981310967,0.7370546916148977,1,0.2
50.280534980874016,-27.12730639091832,0.7482374345168498,1,0.2
50.630263758812085,-27.1277421647334,0.7594817381244511,1,0.2
50.982425092771386,-27.128169298136232,0.7708052522427402,1,0.2
51.33703590251707,-27.12859441350341,0.782203336671331,1,0.2
51.69411322550061,-27.12900516452468,0.7936850209763916,1,0.2
52.05367421767828,-27.129408180620416,0.8052456913796517,1,0.2
52.41573615433548,-27.12981641701994,0.8168759065096947,1,0.2
52.78031643091672,-27.130223861629844,0.8285800725009181,1,0.2
53.14743256386143,-27.130611861144395,0.840372239371364,1,0.2
53.517102191445446,-27.131006026667343,0.8522333710476598,1,0.2
53.8893430746286,-27.131394035153413,0.8641727908915097,1,0.2
54.264173097907864,-27.13176356889334,0.8762001150834354,1,0.2
54.64161027017682,-27.13214024744444,0.8882958432502873,1,0.2
55.02167272559077,-27.132518081907826,0.9004645639672318,1,0.2
55.40437872443802,-27.13288476637022,0.9127159894707592,1,0.2
55.78974665401725,-27.133240643046403,0.9250500983528882,1,0.2
56.17779502952094,-27.13359237924058,0.9374618075333424,1,0.2
56.56854249492486,-27.133946645382515,0.9499458717899681,1,0.2
56.962007823883944,-27.1342848315781,0.9625174230166238,1,0.2
57.358209920634174,-27.134619937487685,0.9751661852067065,1,0.2
57.75716782090094,-27.134952324339224,0.9878919884735092,1,0.2
58.158900692813525,-27.13528867771577,1.000689399580844,1,0.2
58.56342783782614,-27.135610405732457,1.013574000279365,1,0.2
58.97076869164518,-27.135911562551534,1.0265511787045367,1,0.2
59.38094282516311,-27.136230446683534,1.0395888338990014,1,0.2
59.79396994539869,-27.13652951961543,1.0527189044729033,1,0.2
60.209869896443855,-27.13683444709995,1.0659197009233923,1,0.2
60.628662660417106,-27.13713297974651,1.0792018787613031,1,0.2
61.05036835842356,-27.13741287345364,1.0925764205117399,1,0.2
61.4750072515217,-27.13771244367146,1.1060099338872496,1,0.2
61.90259974169682,-27.13798785812875,1.1195411993199276,1,0.2
62.33316637284123,-27.138245844603027,1.1331647944381207,1,0.2
62.766727831741306,-27.13851841052282,1.146852247720243,1,0.2
63.20330494907143,-27.138780696044474,1.160626061380919,1,0.2
63.642918700394766,-27.139052078626374,1.1744687876287785,1,0.2
64.08559020717105,-27.139288752679867,1.1884209378692219,1,0.2
64.5313407377714,-27.139548016445953,1.2024299457026382,1,0.2
64.98019170850016,-27.13977343723439,1.2165485365566002,1,0.2
65.43216468462381,-27.14000336568236,1.2307412745816855,1,0.2
65.8872813814072,-27.140244563537735,1.2450017798591375,1,0.2
66.34556366515669,-27.140465887574212,1.2593599319954618,1,0.2
66.80703355427093,-27.14067410960823,1.2738097837960962,1,0.2
67.27171322029855,-27.14088864212919,1.28833285742349,1,0.2
67.73962498900357,-27.141090993276002,1.3029473972782954,1,0.2
68.21079134143795,-27.141294266654164,1.3176408841783305,1,0.2
68.68523491502174,-27.14149893431681,1.3324130293421494,1,0.2
69.16297850463066,-27.14167388365003,1.3472953179914868,1,0.2
69.6440450636914,-27.141863822125853,1.3622433118145902,1,0.2
70.12845770528428,-27.142037646943173,1.3772886620614382,1,0.2
70.61623970325388,-27.142214803407295,1.3924119511624449,1,0.2
71.10741449332713,-27.142383152388927,1.407625921955551,1,0.2
71.60200567423932,-27.1425305599171,1.4229436950339482,1,0.2
72.10003700886796,-27.14269543924081,1.438325567685368,1,0.2
72.60153242537443,-27.142840395167646,1.4538110377125206,1,0.2
73.10651601835362,-27.142984897517305,1.46938002735743,1,0.2
73.61501204999159,-27.143116832316917,1.485045849310751,1,0.2
74.12704495123128,-27.14324936168293,1.5007947949364178,1,0.2
74.64263932294622,-27.143364063891887,1.5166472523315377,1,0.2
75.16181993712259,-27.143480429024702,1.532582475003664,1,0.2
75.68461173804933,-27.143598999016287,1.5486001030531888,1,0.2
76.21103984351666,-27.143695049344277,1.5647279990181966,1,0.2
76.74112954602285,-27.14380072143536,1.580930829226616,1,0.2
77.27490631398935,-27.14389130089406,1.5972366831900966,1,0.2
77.81239579298456,-27.14398630390373,1.6136239427327996,1,0.2
78.3536238069559,-27.14407366207177,1.630106696746857,1,0.2
78.8986163594705,-27.144153948039982,1.6466847889066387,1,0.2
79.44739963496465,-27.144234057774902,1.6633506612694884,1,0.2
80.00000000000179,-27.144289301455615,1.680133703618083,1,0.2
80.55644400453932,-27.144351858272884,1.6969967333844582,1,0.2
81.11675838320417,-27.144390729974027,1.7139769243588243,1,0.2
81.68097005657731,-27.144431788415364,1.7310441051234453,1,0.2
82.24910613248719,-27.14446931903849,1.7482054904272144,1,0.2
82.8211939073121,-27.14451656828297,1.7654453440962463,1,0.2
83.39726086729164,-27.14454255687473,1.782801872990752,1,0.2
83.97733468984731,-27.144554222223178,1.8002674119477111,1,0.2
84.56144324491237,-27.144577464446805,1.8178103750145194,1,0.2
85.14961459627077,-27.144593956578,1.8354538628850496,1,0.2
85.74187700290544,-27.14459169463882,1.85321364260284,1,0.2
86.33825892035618,-27.144577637090414,1.8710817300791678,1,0.2
86.93878900208668,-27.144584026367276,1.8890173783712363,1,0.2
87.54349610086122,-27.14456095641812,1.9070850363703715,1,0.2
88.15240927013093,-27.144540680081178,1.9252438451113338,1,0.2
88.7655577654297,-27.144498577918156,1.943526476669499,1,0.2
89.38297104577971,-27.14446059469852,1.9618996054690812,1,0.2
90.00467877510688,-27.144427401375065,1.980362618627505,1,0.2
90.63071082366605,-27.144380712195755,1.9989403463723066,1,0.2
91.26109726947607,-27.144321206590106,2.0176326725027702,1,0.2
91.895868399765,-27.144262210753247,2.036422221140469,1,0.2
92.53505471242522,-27.144198093955133,2.0553171241906103,1,0.2
93.17868691747873,-27.144116908171082,2.0743344793367715,1,0.2
93.82679593855258,-27.14403831641368,2.0934478272063735,1,0.2
94.47941291436473,-27.143950380114916,2.112674269549364,1,0.2
95.13656920022001,-27.14384116365911,2.1320313928422854,1,0.2
95.79829636951663,-27.14374931237719,2.151465255241614,1,0.2
96.4646262152632,-27.14363761193234,2.171029130750455,1,0.2
97.13559075160614,-27.143519428765718,2.190704763547976,1,0.2
97.81122221536789,-27.14340181282759,2.2104825382886695,1,0.2
98.49155306759573,-27.143272849810938,2.2303803433120057,1,0.2
99.17661599512138,-27.143126951261692,2.2504072348048583,1,0.2
99.86644391213144,-27.142990150991736,2.2705254878437304,1,0.2
100.56106996174877,-27.142837898831736,2.290772033023661,1,0.2
101.26052751762494,-27.142683590537033,2.311127612246993,1,0.2
101.96485018554354,-27.14252165433376,2.331601213720734,1,0.2
102.67407180503491,-27.142340196283385,2.3522117484050558,1,0.2
103.388226451002,-27.14215895040036,2.372929896918229,1,0.2
104.10734843535732,-27.14197235586009,2.39376474788837,1,0.2
104.83147230867174,-27.141774854364673,2.4147256349881876,1,0.2
105.56063286183424,-27.14157986878543,2.4357922442572812,1,0.2
106.29486512772365,-27.14136286856673,2.457003874324264,1,0.2
107.03420438289172,-27.14116259085265,2.478299839223818,1,0.2
107.778686149258,-27.14093552925299,2.4997500536758657,1,0.2
108.52834619581655,-27.140695119882853,2.5213341285651807,1,0.2
109.28322054035448,-27.140461132936284,2.5430207182674986,1,0.2
110.04334545118235,-27.140196389961247,2.564871204313364,1,0.2
110.80875744887686,-27.139952310138675,2.586801978857183,1,0.2
111.57949330803534,-27.13969171835448,2.608874790398578,1,0.2
112.35559005904271,-27.139415410533033,2.6310893591627607,1,0.2
113.13708498985058,-27.139130515106714,2.653434657735408,1,0.2
113.92401564776874,-27.138850494961616,2.6758885235221923,1,0.2
114.71641984126921,-27.13855716388522,2.698482461608644,1,0.2
115.51433564180275,-27.138251326606483,2.7212160356533195,1,0.2
116.31780138562794,-27.13793378971056,2.7440887701078585,1,0.2
117.12685567565316,-27.137624358358,2.7670668400169895,1,0.2
117.94153738329126,-27.137285849698355,2.7902160684545105,1,0.2
118.76188565032712,-27.136944403565305,2.8134915235650384,1,0.2
119.58793989079828,-27.136607167329473,2.8368809783770166,1,0.2
120.41973979288862,-27.136243285737155,2.8604403928438344,1,0.2
121.25732532083512,-27.135885241984163,2.8841122341937786,1,0.2
122.10073671684803,-27.135521182994424,2.907918421345631,1,0.2
122.95001450304433,-27.135139251933733,2.931881489008292,1,0.2
123.80519948339456,-27.13475293325276,2.955977563543826,1,0.2
124.66633274568338,-27.13435036805279,2.980229429971875,1,0.2
125.53345566348355,-27.133945042529554,3.004612795048368,1,0.2
126.40660989814381,-27.133525094670755,3.0291506966963273,1,0.2
127.28583740079048,-27.13311035023547,3.0538063155344264,1,0.2
128.17118041434307,-27.132663588157907,3.078651432132035,1,0.2
129.0626814755438,-27.132223649454193,3.103612582443999,1,0.2
129.9603834170013,-27.131765983971935,3.1287377827667218,1,0.2
130.86432936924862,-27.131304076151235,3.154001709957451,1,0.2
131.77456276281538,-27.130832388426214,3.1794159093638727,1,0.2
132.69112733031437,-27.130351720672795,3.20497961023236,1,0.2
133.61406710854286,-27.12986287013554,3.23069199966363,1,0.2
134.5434264405981,-27.129360287617192,3.25656503348628,1,0.2
135.47924997800817,-27.128844762304706,3.2825980886728052,1,0.2
136.42158268287693,-27.128329769848996,3.3087645130964245,1,0.2
137.3704698300445,-27.12779071357604,3.3351153997296645,1,0.2
138.32595700926237,-27.12722836696056,3.3616505654051907,1,0.2
139.28809012738384,-27.12668158176557,3.3882901413779103,1,0.2
140.25691541056963,-27.126132091669767,3.4150722858315214,1,0.2
141.23247940650882,-27.125548919374904,3.4420631789580414,1,0.2
142.2148289866553,-27.124958211405765,3.469208822211146,1,0.2
143.20401134847972,-27.12436072000141,3.4965082800889458,1,0.2
144.200074017737,-27.1237635422571,3.5239468218201853,1,0.2
145.20306485074994,-27.12314836507315,3.551564702117615,1,0.2
146.2130320367083,-27.122503211450084,3.5793893648639177,1,0.2
147.2300240999843,-27.121866917358,3.6073365997618385,1,0.2
148.25408990246365,-27.121214789023675,3.6354612968782236,1,0.2
149.28527864589356,-27.120560241576403,3.6637343930527755,1,0.2
150.32363987424628,-27.1198658412893,3.6922408220755396,1,0.2
151.3692234760998,-27.119183119792837,3.7208655354859035,1,0.2
152.42207968703445,-27.11848097770585,3.7496794590631266,1,0.2
153.48225909204683,-27.117766439791644,3.7786675651041954,1,0.2
154.54981262797986,-27.117033805244,3.8078439213820805,1,0.2
155.6247915859703,-27.116302800914855,3.837163498289568,1,0.2
156.70724761391295,-27.11555498555137,3.8666698471376155,1,0.2
157.79723271894218,-27.114797344610185,3.8963474234382507,1,0.2
158.8947992699305,-27.1140114022393,3.9262410028476524,1,0.2
160.0000000000048,-27.113229573109017,3.9562742328486866,1,0.2
161.11288800907985,-27.112420625592986,3.986522665974767,1,0.2
162.23351676640956,-27.11162332480493,4.016893314017115,1,0.2
163.36194011315587,-27.110780935543968,4.047524962346903,1,0.2
164.49821226497562,-27.10994493498979,4.078292791533663,1,0.2
165.6423878146254,-27.109084015255732,4.109274479295032,1,0.2
166.79452173458452,-27.108205055732014,4.140454147519586,1,0.2
167.9546693796959,-27.10731492440082,4.171815464537236,1,0.2
169.12288648982604,-27.10643322337027,4.2033092579530855,1,0.2
170.29922919254284,-27.10550943733228,4.23506432943629,1,0.2
171.4837540058122,-27.104588625106576,4.266966846831721,1,0.2
172.6765178407137,-27.103639343785872,4.299098186732109,1,0.2
173.87757800417467,-27.10269388436258,4.33137551428595,1,0.2
175.08699220172375,-27.101714376454503,4.3638981457413415,1,0.2
176.30481854026317,-27.10072670134202,4.396599329786029,1,0.2
177.53111553086072,-27.099724833834472,4.429495479088885,1,0.2
178.7659420915608,-27.0987027233926,4.462603494710739,1,0.2
180.00935755021513,-27.097673444954225,4.495889019542918,1,0.2
181.26142164733346,-27.096624521827128,4.529386238894885,1,0.2
182.52219453895353,-27.095543444829392,4.563130335218581,1,0.2
183.7917367995314,-27.09447516170911,4.596998917258304,1,0.2
185.07010942485184,-27.09335601897771,4.631167821710912,1,0.2
186.35737383495882,-27.0922500959388,4.665460485687483,1,0.2
187.65359187710658,-27.091112839608826,4.700001312440891,1,0.2
188.95882582873088,-27.089969960333647,4.734718905954467,1,0.2
190.27313840044144,-27.08878961220226,4.769704148311468,1,0.2
191.59659273903472,-27.08761025383761,4.804848333796713,1,0.2
192.92925243052787,-27.086406374483495,4.840224820866224,1,0.2
194.27118150321374,-27.085171610473758,4.875853167290708,1,0.2
195.62244443073726,-27.083931568620212,4.911659645978095,1,0.2
196.98310613519297,-27.08267343748551,4.94768191813821,1,0.2
198.35323199024427,-27.081390768475483,4.98393972323434,1,0.2
199.73288782426437,-27.080096294165813,5.02039587945563,1,0.2
201.12213992349908,-27.07877710093362,5.057089437390009,1,0.2
202.5210550352514,-27.07745227624948,5.093963373624828,1,0.2
203.9297003710886,-27.07608961165553,5.131115769782575,1,0.2
205.3481436100714,-27.07470813177676,5.168489767065122,1,0.2
206.77645290200556,-27.073314021260476,5.20606666186855,1,0.2
208.21469687071618,-27.071887775843347,5.243907284680672,1,0.2
209.66294461734503,-27.070448342215204,5.2819533953034705,1,0.2
211.12126572367004,-27.06899539643746,5.32020601267045,1,0.2
212.5897302554489,-27.067515737857274,5.358707108528028,1,0.2
214.06840876578502,-27.066008962308704,5.39745876757745,1,0.2
215.5573722985176,-27.06448747993436,5.436421762244054,1,0.2
217.05669239163473,-27.062937972449888,5.475639270931241,1,0.2
218.5664410807106,-27.06137278491942,5.515071729660269,1,0.2
220.08669090236637,-27.05977208698171,5.554784312407658,1,0.2
221.6175148977554,-27.058161016328242,5.594694966346389,1,0.2
223.15898661607235,-27.056532530594946,5.634826672470187,1,0.2
224.71118011808713,-27.054860230215063,5.675267973002586,1,0.2
226.27416997970286,-27.053175593974686,5.715914152566663,1,0.2
227.8480312955392,-27.05147145633478,5.7567890859835185,1,0.2
229.43283968254013,-27.049734160169898,5.797939483800392,1,0.2
231.02867128360725,-27.047969326756878,5.839346794632477,1,0.2
232.63560277125762,-27.046182544944926,5.880992023524464,1,0.2
234.25371135130806,-27.04437937102216,5.92285572741128,1,0.2
235.88307476658426,-27.0425330679136,5.965031488142102,1,0.2
237.523771300656,-27.040674909558277,6.007409927803823,1,0.2
239.17587978159838,-27.03879097600343,6.0500397788993645,1,0.2
240.83947958577906,-27.036873744777733,6.092948079546573,1,0.2
242.51465064167206,-27.034941486545712,6.1360693633459595,1,0.2
244.2014734336979,-27.032954281160873,6.179547963561906,1,0.2
245.9000290060905,-27.030962635915515,6.223200998612854,1,0.2
247.61039896679097,-27.02893946512657,6.267126562457293,1,0.2
249.33266549136863,-27.026883484322248,6.311329619410615,1,0.2
251.06691132696898,-27.024806312004962,6.355767028333426,1,0.2
252.81321979628953,-27.022687158198448,6.400516257260247,1,0.2
254.5716748015829,-27.020556990795,6.445460949903559,1,0.2
256.3423608286881,-27.01837548187425,6.490753136537702,1,0.2
258.12536295108947,-27.016167040680585,6.536300644737725,1,0.2
259.9207668340045,-27.01393012305159,6.582108942235757,1,0.2
261.72865873849923,-27.011663138174914,6.628183768537927,1,0.2
263.54912552563275,-27.009370941665853,6.674505752882814,1,0.2
265.38225466063074,-27.00704536118586,6.721106232977216,1,0.2
267.2281342170877,-27.00468466476805,6.7679918044932945,1,0.2
269.08685288119824,-27.002287072895562,6.815169364785619,1,0.2
270.95849995601833,-26.99985726354456,6.862620009577926,1,0.2
272.8431653657559,-26.997399879128828,6.910324417363368,1,0.2
274.74093966009104,-26.994899992764438,6.958342282312635,1,0.2
276.6519140185268,-26.992368662735334,7.006628442672294,1,0.2
278.5761802547697,-26.989803889342827,7.0551902831746585,1,0.2
280.51383082114137,-26.98720362508582,7.104035520772738,1,0.2
282.4649588130198,-26.984565774685766,7.153172212293767,1,0.2
284.42965797331277,-26.981888194994642,7.2026087621242345,1,0.2
286.40802269696155,-26.97918828788528,7.252271082652828,1,0.2
288.40014803547615,-26.97643770765228,7.302277789082091,1,0.2
290.4061297015021,-26.973660309027935,7.352526927907732,1,0.2
292.42606407341884,-26.97084070651673,7.403082995399674,1,0.2
294.4600481999708,-26.967969983979835,7.453984034133264,1,0.2
296.50817980492957,-26.965065357992568,7.505154871709919,1,0.2
298.5705572917893,-26.962124384602802,7.556604727389522,1,0.2
300.64727974849484,-26.959157685442683,7.608285198319207,1,0.2
302.73844695220185,-26.95613650652568,7.660321882727553,1,0.2
304.84415937407124,-26.953058241546213,7.71272639563841,1,0.2
306.964518184096,-26.949959643332953,7.7653330639083835,1,0.2
309.09962525596205,-26.94681836845237,7.81824009034028,1,0.2
311.24958317194296,-26.943625132016706,7.87148850515683,1,0.2
313.4144952278283,-26.940390326760365,7.925029859923888,1,0.2
315.59446543788675,-26.937104581481876,7.978905819717805,1,0.2
317.7895985398634,-26.933784816027924,8.033036634857119,1,0.2
320.000000000012,-26.93042158751906,8.087463965990217,1,0.2
322.22577601816215,-26.927005392633575,8.142230761030822,1,0.2
324.4670335328215,-26.92355967244163,8.197224654078527,1,0.2
326.7238802263142,-26.92004184126749,8.252645655274044,1,0.2
328.99642452995374,-26.916481873472073,8.308350085199018,1,0.2
331.2847756292533,-26.91288994792508,8.364286251538193,1,0.2
333.5890434691715,-26.9092299054105,8.420626605082827,1,0.2
335.90933875939425,-26.90553831539269,8.477191707108267,1,0.2
338.2457729796546,-26.901785534012127,8.534123814958166,1,0.2
340.5984583850881,-26.897988235806753,8.59133900422717,1,0.2
342.96750801162693,-26.89412992254427,8.648916696717466,1,0.2
345.3530356814299,-26.8902272348998,8.706771819403723,1,0.2
347.75515600835195,-26.886276890531718,8.764917751238658,1,0.2
350.1739844034501,-26.882275570439965,8.823368323337071,1,0.2
352.60963708052907,-26.878213260783454,8.882171893425639,1,0.2
355.0622310617241,-26.87409988296171,8.941275311446002,1,0.2
357.53188418312425,-26.869912018989872,9.000796726020416,1,0.2
360.0187151004329,-26.86569957391822,9.06047493846231,1,0.2
362.52284329466966,-26.861412390145176,9.1205669829907,1,0.2
365.0443890779098,-26.8570669814769,9.18098436997848,1,0.2
367.58347359906554,-26.85266651327339,9.241707191770516,1,0.2
370.14021884970646,-26.848214142462467,9.302715008919378,1,0.2
372.7147476699204,-26.84370631597032,9.364022868798877,1,0.2
375.30718375421594,-26.839126033625867,9.425718842532152,1,0.2
377.9176516574646,-26.834496508325003,9.487674253350185,1,0.2
380.5462768008857,-26.829780532178518,9.550087972604617,1,0.2
383.1931854780723,-26.82502147371028,9.61271981161684,1,0.2
385.85850486105863,-26.820195513998783,9.675695951050075,1,0.2
388.5423630064304,-26.8153124328461,9.73895824774786,1,0.2
391.2448888614774,-26.81036179804021,9.80256043199706,1,0.2
393.96621227038884,-26.80534663344846,9.866481517696036,1,0.2
396.7064639804915,-26.80025644771915,9.93077665100342,1,0.2
399.4657756485318,-26.795100998814974,9.995386558261172,1,0.2
402.24427984700117,-26.7898900773641,10.060250245505962,1,0.2
405.04211007050577,-26.784599610478935,10.125500920528237,1,0.2
407.85940074218024,-26.77923257001785,10.191117637345386,1,0.2
410.69628722014585,-26.773812318573217,10.256959549748155,1,0.2
413.55290580401413,-26.768307907396686,10.323201968518239,1,0.2
416.42939374143555,-26.762735914492954,10.38974295310242,1,0.2
419.3258892346932,-26.757085726809215,10.456639952504915,1,0.2
422.24253144734325,-26.75137398035657,10.523788456014222,1,0.2
425.179460510901,-26.74559006451263,10.591245561529469,1,0.2
428.13681753157323,-26.73972332603625,10.659069896738437,1,0.2
431.11474459703845,-26.7337767617531,10.727238152052873,1,0.2
434.11338478327275,-26.72776024318455,10.79568420063119,1,0.2
437.13288216142445,-26.72164938291464,10.864551593772273,1,0.2
440.173381804736,-26.715467782547847,10.933689396865162,1,0.2
443.23502979551404,-26.709218529462326,11.003071057312727,1,0.2
446.31797323214806,-26.70286341260961,11.072928547373474,1,0.2
449.4223602361776,-26.696446798631037,11.142977802858736,1,0.2
452.5483399594091,-26.68995114548403,11.213321154306756,1,0.2
455.6960625910818,-26.68335192444718,11.284107843003763,1,0.2
458.8656793650838,-26.676672954507133,11.355179914158281,1,0.2
462.0573425672179,-26.66991739962178,11.426509081795892,1,0.2
465.2712055425187,-26.663060695497585,11.49824645696673,1,0.2
468.5074227026196,-26.656119867157166,11.570274785830236,1,0.2
471.76614953317204,-26.64910509158332,11.642519018849768,1,0.2
475.04754260131557,-26.64197783832855,11.715224152127623,1,0.2
478.3517595632003,-26.63478313403967,11.788085408030508,1,0.2
481.6789591715617,-26.627489403133335,11.861302880399226,1,0.2
485.02930128334776,-26.62009291137938,11.934894004811188,1,0.2
488.40294686739946,-26.61260394588846,12.008781744567175,1,0.2
491.8000580121847,-26.605018840743156,12.082982030519657,1,0.2
495.2207979335857,-26.597340965653032,12.157462974835353,1,0.2
498.665330982741,-26.5895666982963,12.232239913550984,1,0.2
502.1338226539417,-26.581685372309323,12.307377081740295,1,0.2
505.62643959258287,-26.57372159722985,12.382694997426789,1,0.2
509.14334960316967,-26.565636506221306,12.458453439986183,1,0.2
512.68472165738,-26.557468950860855,12.534372045418717,1,0.2
516.2507259021829,-26.549187102248982,12.61066322002392,1,0.2
519.841533668013,-26.54079449814092,12.687292857477653,1,0.2
523.4573174770023,-26.532294732954867,12.764225580379794,1,0.2
527.0982510512695,-26.52370572289563,12.841322373511405,1,0.2
530.7645093212655,-26.51499553651837,12.918800696986562,1,0.2
534.4562684341794,-26.506196464680876,12.996416856874694,1,0.2
538.1737057624005,-26.49725503883602,13.07454704318078,1,0.2
541.9169999120409,-26.48821798830078,13.152841021815078,1,0.2
545.6863307315159,-26.47907486094011,13.231362273177904,1,0.2
549.4818793201863,-26.469815170546767,13.310175785076213,1,0.2
553.3038280370578,-26.46042839529027,13.389348071559194,1,0.2
557.1523605095437,-26.45092567677286,13.46878480516292,1,0.2
561.027661642287,-26.441311033729733,13.548443147378922,1,0.2
564.9299176260438,-26.431574035990444,13.628388508856542,1,0.2
568.8593159466297,-26.42171149170114,13.708632538790235,1,0.2
572.8160453939274,-26.41174209522836,13.789019840138668,1,0.2
576.8002960709567,-26.401655517677547,13.86961454235927,1,0.2
580.8122594030085,-26.391412120369036,13.95070813447899,1,0.2
584.8521281468421,-26.381059987763734,14.031917638099962,1,0.2
588.920096399946,-26.370596203286127,14.113249682014015,1,0.2
593.0163596098636,-26.35997369245335,14.195056796863916,1,0.2
597.1411145835832,-26.349248341377404,14.276888049643834,1,0.2
601.2945594969942,-26.33837302726591,14.359098187412059,1,0.2
605.4768939044083,-26.32738920276187,14.441344844152784,1,0.2
609.688318748147,-26.316249602418488,14.523987414434584,1,0.2
613.9290363681965,-26.304988474261158,14.606738006055592,1,0.2
618.1992505119288,-26.293580736249847,14.689781473777654,1,0.2
622.4991663438906,-26.2820385165959,14.77300462389141,1,0.2
626.8289904556613,-26.270351619454537,14.856473726050762,1,0.2
631.1889308757782,-26.25852482876735,14.940133667123746,1,0.2
635.5791970797316,-26.246563023301867,15.023927394066597,1,0.2
640.0000000000289,-26.23445608333857,15.107920525729893,1,0.2
644.4515520363291,-26.222186276827383,15.192242962118966,1,0.2
648.9340670656479,-26.209788842635334,15.276585430030561,1,0.2
653.4477604526332,-26.197238589208503,15.36113876643327,1,0.2
657.9928490599125,-26.18453299451886,15.445906568840984,1,0.2
662.5695512585116,-26.171684846642798,15.530763029694024,1,0.2
667.178086938348,-26.15867646911198,15.615838500006424,1,0.2
671.8186775187937,-26.145505418512567,15.70113572088234,1,0.2
676.4915459593144,-26.13220008605834,15.7863933281087,1,0.2
681.1969167701814,-26.118727435419263,15.871873523347322,1,0.2
685.935016023259,-26.105092847502714,15.957511198714498,1,0.2
690.7060713628651,-26.09129404876309,16.043306390170304,1,0.2
695.5103120167091,-26.07733657981226,16.129190935289884,1,0.2
700.3479688069056,-26.06321828787502,16.215162709882115,1,0.2
705.2192741610634,-26.048929218989507,16.301288012512735,1,0.2
710.1244621234536,-26.034498624932713,16.38728818269209,1,0.2
715.0637683662537,-26.019877389904813,16.473574246417467,1,0.2
720.0374302008713,-26.005086970824895,16.559936029761896,1,0.2
725.0456865893448,-25.990117439325253,16.646440165743446,1,0.2
730.0887781558251,-25.97497469500989,16.73301227397117,1,0.2
735.1669471981365,-25.959680705172122,16.819431912806785,1,0.2
740.2804376994185,-25.94419379554992,16.906050574180686,1,0.2
745.4294953398465,-25.92852797477984,16.992719708200635,1,0.2
750.6143675084376,-25.91267334125529,17.07950623571864,1,0.2
755.8353033149348,-25.896660282263156,17.166109328743577,1,0.2
761.0925536017771,-25.880446745415668,17.252888854495477,1,0.2
766.3863709561504,-25.864063310681455,17.339540362050805,1,0.2
771.717009722123,-25.84747579804383,17.426354096170336,1,0.2
777.0847260128666,-25.830706882523398,17.51309634251816,1,0.2
782.4897777229608,-25.81375497667019,17.599756034175076,1,0.2
787.9324245407837,-25.796618526834912,17.686321548279658,1,0.2
793.412927960989,-25.779279483665157,17.772935976892676,1,0.2
798.9315512970695,-25.761744480472043,17.859511689678133,1,0.2
804.4885596940084,-25.744020298363584,17.94595828897135,1,0.2
810.0842201410177,-25.726072101639406,18.03257913774127,1,0.2
815.7188014843666,-25.707948444670457,18.118887243925027,1,0.2
821.392574440298,-25.689614496217498,18.205185937672212,1,0.2
827.1058116080346,-25.671085644084425,18.291300912674036,1,0.2
832.8587874828772,-25.652352125136517,18.377297476614775,1,0.2
838.6517784693928,-25.63341259410734,18.46316044573317,1,0.2
844.4850628946929,-25.61424864990638,18.549039579433973,1,0.2
850.3589210218082,-25.59488454854278,18.6346718878757,1,0.2
856.2736350631529,-25.57530192118968,18.720206485573136,1,0.2
862.2294891940834,-25.555508101118708,18.80554291556761,1,0.2
868.226769566552,-25.535519276546545,18.89049249582783,1,0.2
874.2657643228554,-25.5152822130653,18.975547304755107,1,0.2
880.3467636094787,-25.494847899706397,19.06017662457291,1,0.2
886.4700595910348,-25.474180321420302,19.14470452611591,1,0.2
892.635946464303,-25.45330470843706,19.22885080137225,1,0.2
898.844720472362,-25.432202444562776,19.31276843742477,1,0.2
905.096679918825,-25.410863551394584,19.39652585168882,1,0.2
911.3921251821704,-25.3892958179543,19.480014239578857,1,0.2
917.7313587301744,-25.36751620936323,19.563031373105723,1,0.2
924.1146851344428,-25.345487900342082,19.645914175182373,1,0.2
930.5424110850445,-25.323227849167473,19.7284603025521,1,0.2
937.0148454052463,-25.300735162062487,19.81064579369274,1,0.2
943.5322990663512,-25.278018134043997,19.892353154340274,1,0.2
950.0950852026382,-25.25504849600108,19.973835407237367,1,0.2
956.7035191264079,-25.231843684771977,20.054882119785432,1,0.2
963.3579183431307,-25.208393678594646,20.13556124092109,1,0.2
970.0586025667028,-25.18471629870856,20.215656160396552,1,0.2
976.8058937348063,-25.160773529218297,20.29552123237018,1,0.2
983.6001160243768,-25.1366020177715,20.37474595551258,1,0.2
990.4415958671789,-25.112163457142017,20.45368869858008,1,0.2
997.3306619654895,-25.08747591533622,20.532128501264058,1,0.2
1004.267645307891,-25.062538753277043,20.610036038359645,1,0.2
1011.2528791851732,-25.037360989207393,20.687281495561532,1,0.2
1018.2866992063468,-25.011913221272994,20.764133146135112,1,0.2
1025.3694433147675,-24.9862140672183,20.840361333879205,1,0.2
1032.5014518043733,-24.960263057936555,20.91593361163815,1,0.2
1039.6830673360337,-24.934020474841816,20.991227233932225,1,0.2
1046.9146349540124,-24.90753468094123,21.065700188043703,1,0.2
1054.1965021025467,-24.880795569034827,21.139419525590924,1,0.2
1061.5290186425389,-24.853772884534052,21.21266417834353,1,0.2
1068.9125368683667,-24.826506061615486,21.284981957226037,1,0.2
1076.347411524809,-24.798924353376556,21.357077986454343,1,0.2
1083.8339998240897,-24.77111802620366,21.427963507895356,1,0.2
1091.37266146304,-24.743015960106757,21.498348136414403,1,0.2
1098.9637586403808,-24.714658521459725,21.567766514645058,1,0.2
1106.607656074124,-24.685993993268998,21.636725463522804,1,0.2
1114.3047210190957,-24.657083947228493,21.70453353241961,1,0.2
1122.0553232845823,-24.62785538371556,21.771923581221515,1,0.2
1129.859835252096,-24.598359993732636,21.838307286669426,1,0.2
1137.7186318932681,-24.568587196704787,21.903755654100316,1,0.2
1145.6320907878635,-24.53853687189961,21.968228537739567,1,0.2
1153.600592141922,-24.508187474892242,22.03191361971045,1,0.2
1161.6245188060257,-24.47754938433083,22.09465880838032,1,0.2
1169.704256293693,-24.446633304185646,22.156307860339325,1,0.2
1177.840192799901,-24.415384573256613,22.21740142606774,1,0.2
1186.032719219736,-24.383890436977772,22.276966097399864,1,0.2
1194.2822291671753,-24.35208517117177,22.335660178486645,1,0.2
1202.5891189939975,-24.31999071297203,22.393206263920682,1,0.2
1210.9537878088256,-24.28757340335599,22.449920601081672,1,0.2
1219.3766374963034,-24.254855349465384,22.505523239249563,1,0.2
1227.8580727364024,-24.22185933302821,22.55972639111995,1,0.2
1236.3985010238666,-24.188551389936418,22.612848893993732,1,0.2
1244.9983326877905,-24.15494293004376,22.664724071907546,1,0.2
1253.657980911332,-24.121010780555917,22.715554917673575,1,0.2
1262.377861751566,-24.08678985537538,22.764922670457395,1,0.2
1271.1583941594727,-24.05223335631578,22.81328247417709,1,0.2
1280.0000000000673,-24.017376564036216,22.860211065212535,1,0.2
1288.9031040726677,-23.982231864514887,22.905529990259996,1,0.2
1297.8681341313059,-23.946727390622836,22.949961243848186,1,0.2
1306.8955209052763,-23.910947612235805,22.9925551703983,1,0.2
1315.9856981198345,-23.87481995605089,23.0340403234841,1,0.2
1325.1391025170333,-23.838418225174124,23.073581332975387,1,0.2
1334.3561738767062,-23.801643882634135,23.112182386100343,1,0.2
1343.6373550375972,-23.764571431920825,23.14900054046226,1,0.2
1352.9830919186386,-23.72716369406627,23.18438408538491,1,0.2
1362.393833540373,-23.68947184091027,23.217739882885017,1,0.2
1371.8700320465282,-23.65138119339301,23.250239175385225,1,0.2
1381.4121427257405,-23.613007302107864,23.28060384837082,1,0.2
1391.0206240334287,-23.574286136028913,23.30946504725862,1,0.2
1400.6959376138216,-23.53525731061484,23.336352855521707,1,0.2
1410.4385483221372,-23.49589519075756,23.361489370091974,1,0.2
1420.2489242469178,-23.456186762347585,23.384961737638857,1,0.2
1430.1275367325184,-23.416159314080968,23.40643098811905,1,0.2
1440.0748604017533,-23.375745354389036,23.426557667325973,1,0.2
1450.0913731787002,-23.335054548958244,23.444135097952103,1,0.2
1460.177556311661,-23.29400551781875,23.459968987898378,1,0.2
1470.3338943962842,-23.25261239645322,23.473858352323177,1,0.2
1480.560875398848,-23.210847336367376,23.486041934255404,1,0.2
1490.8589906797042,-23.168810383486097,23.495421438884332,1,0.2
1501.2287350168863,-23.12634524445437,23.503575926260357,1,0.2
1511.670606629881,-23.083625321435978,23.508645076342578,1,0.2
1522.1851072035656,-23.040491958495565,23.512226252912434,1,0.2
1532.772741912312,-22.99701835739488,23.51350384096214,1,0.2
1543.4340194442575,-22.9532355814497,23.51210375711396,1,0.2
1554.1694520257447,-22.90906985989561,23.508733632981848,1,0.2
1564.9795554459333,-22.864551727910197,23.50302265717721,1,0.2
1575.8648490815792,-22.8196820785802,23.494906380012182,1,0.2
1586.8258559219898,-22.774508748387113,23.483841178631284,1,0.2
1597.863102594151,-22.72892384044645,23.470873398293563,1,0.2
1608.9771193880288,-22.683022255111652,23.454979025190106,1,0.2
1620.1684402820476,-22.636741885820225,23.43673312701101,1,0.2
1631.4376029687455,-22.590083166582097,23.41607226856034,1,0.2
1642.7851488806082,-22.54312879780163,23.392106349288085,1,0.2
1654.2116232160815,-22.495765719733818,23.36591593167858,1,0.2
1665.7175749657672,-22.448094343178695,23.336436319904614,1,0.2
1677.303556938798,-22.40004978796632,23.30425959626149,1,0.2
1688.9701257893985,-22.351633023662018,23.269316202592186,1,0.2
1700.7178420436294,-22.302879809779434,23.231193298130904,1,0.2
1712.5472701263188,-22.25372235871264,23.190500445234495,1,0.2
1724.4589783881795,-22.204231742637113,23.14647777955413,1,0.2
1736.453539133117,-22.15435681342056,23.09956722010266,1,0.2
1748.531528645724,-22.104171071995506,23.04899295088328,1,0.2
1760.6935272189705,-22.053586416919252,22.995551900849346,1,0.2
1772.940119182083,-22.00265912462384,22.93863770116505,1,0.2
1785.2718929286193,-21.951354342697698,22.878525492809707,1,0.2
1797.6894409447373,-21.899692595410734,22.81495657361785,1,0.2
1810.1933598376636,-21.84771465139772,22.747483876748053,1,0.2
1822.7842503643546,-21.795307800455074,22.677114838369835,1,0.2
1835.4627174603627,-21.742550661387853,22.603040436636736,1,0.2
1848.2293702688994,-21.689505831902615,22.524615975095518,1,0.2
1861.0848221701028,-21.63605768430333,22.442863075365203,1,0.2
1874.0296908105065,-21.582227723983593,22.357514204660728,1,0.2
1887.0645981327166,-21.52803859869804,22.268295294224327,1,0.2
1900.190170405291,-21.473535062448924,22.174734934980794,1,0.2
1913.4070382528298,-21.4186795075123,22.07711810702919,1,0.2
1926.715836686276,-21.363432466795192,21.975738254096125,1,0.2
1940.1172051334202,-21.30783935872975,21.87011915992737,1,0.2
1953.611787469627,-21.251948011541476,21.75977288476381,1,0.2
1967.2002320487684,-21.19563059603577,21.645776174422707,1,0.2
1980.8831917343723,-21.13902341978914,21.52685459028678,1,0.2
1994.661323930994,-21.082041436900024,21.403697489089303,1,0.2
2008.535290615797,-21.02473410688853,21.275807686161034,1,0.2
2022.5057583703617,-20.96705970526004,21.14348454489001,1,0.2
2036.573398412709,-20.90906945720966,21.00622239119726,1,0.2
2050.7388866295505,-20.850720986364443,20.864322100648483,1,0.2
2065.0029036087626,-20.792067389774168,20.717269480093154,1,0.2
2079.366134672083,-20.733040875845695,20.565573887687748,1,0.2
2093.8292699080407,-20.673745727049635,20.408299742011952,1,0.2
2108.3930042051093,-20.614113852801758,20.245956530389467,1,0.2
2123.0580372850936,-20.55415080757296,20.078434463974038,1,0.2
2137.82507373675,-20.493888678693114,19.905410001917815,1,0.2
2152.6948230496346,-20.433308305118803,19.726979189956488,1,0.2
2167.6679996481957,-20.372443304111766,19.542812450264936,1,0.2
2182.7453229260964,-20.311274615859244,19.35300458923407,1,0.2
2197.927517280778,-20.249782081063515,19.157653274288755,1,0.2
2213.2153121482643,-20.188056818131987,18.95598792825816,1,0.2
2228.6094420382083,-20.12599565255465,18.748754662047684,1,0.2
2244.1106465691814,-20.063662931854115,18.5353958520676,1,0.2
2259.7196705042093,-20.00109746551681,18.315564247892254,1,0.2
2275.4372637865536,-19.938280744648658,18.089350849938,1,0.2
2291.2641815757443,-19.875193099570588,17.856849261553453,1,0.2
2307.2011842838615,-19.81184433215396,17.617931320022095,1,0.2
2323.2490376120686,-19.748307115907906,17.37201672724517,1,0.2
2339.4085125874035,-19.684468715369814,17.119872666621482,1,0.2
2355.6803855998196,-19.620466291702,16.86046325618983,1,0.2
2372.0654384394898,-19.55631497980913,16.593648135271827,1,0.2
2388.5644583343683,-19.491898314149577,16.320201314271046,1,0.2
2405.178237988013,-19.42732773207244,16.039301171974397,1,0.2
2421.9075756176694,-19.36261913516697,15.750806225433845,1,0.2
2438.753274992625,-19.297685287177252,15.45526780689342,1,0.2
2455.716145472823,-19.232644478261754,15.151852971970923,1,0.2
2472.797002047752,-19.167515065926224,14.84041714666356,1,0.2
2489.9966653755996,-19.102243726352167,14.521281746574449,1,0.2
2507.3159618226828,-19.036847263501688,14.194304591248397,1,0.2
2524.755723503151,-18.97141823169535,13.85887378978662,1,0.2
2542.3167883189644,-18.906016759670635,13.51460784462804,1,0.2
2560.0000000001537,-18.84043597009259,13.162770733465704,1,0.2
2577.806208145355,-18.774847948667453,12.802279211842468,1,0.2
2595.736268262631,-18.7093557906283,12.43251604143789,1,0.2
2613.7910418105726,-18.643825729288906,12.054279495775132,1,0.2
2631.971396239689,-18.57836183232042,11.666954108917574,1,0.2
2650.2782050340866,-18.51282364137619,11.27134200975283,1,0.2
2668.7123477534324,-18.447528341881345,10.865646997053624,1,0.2
2687.274710075215,-18.382338482351283,10.450673669739611,1,0.2
2705.9661838372976,-18.317282381907066,10.026283093568367,1,0.2
2724.7876670807664,-18.252345071617817,9.59257395383285,1,0.2
2743.740064093077,-18.18764567223521,9.148939575190372,1,0.2
2762.824285451502,-18.12321837844342,8.695248917645298,1,0.2
2782.0412480668783,-18.059005443021043,8.231843251892764,1,0.2
2801.391875227664,-17.995134196333865,7.758128009472371,1,0.2
2820.8770966442953,-17.931450426306903,7.2749153200385965,1,0.2
2840.4978484938565,-17.868278140830988,6.780688751674833,1,0.2
2860.2550734650586,-17.805464407957395,6.2762683714498255,1,0.2
2880.1497208035285,-17.743148010733915,5.761085208659582,1,0.2
2900.1827463574223,-17.68127056728774,5.235499677318247,1,0.2
2920.355112623344,-17.619924785064395,4.6991874281416495,1,0.2
2940.6677887925907,-17.559102392518025,4.152287765981099,1,0.2
2961.121750797718,-17.49890043266689,3.594493878226865,1,0.2
2981.717981359431,-17.439420501543484,3.0255143124468575,1,0.2
3002.4574700337953,-17.380548195836006,2.4459541353260024,1,0.2
3023.3412132597846,-17.322328649999978,1.8557506045565928,1,0.2
3044.3702144071544,-17.265092087542136,1.25377394313564,1,0.2
3065.545483824648,-17.208495306554074,0.6415065090456402,1,0.2
3086.868038888538,-17.152932639893894,0.017640939711017947,1,0.2
3108.338904051513,-17.098286262643008,-0.6171883204885804,1,0.2
3129.9591108918903,-17.044669749691973,-1.2631836409200536,1,0.2
3151.7296981631816,-16.991957624042342,-1.9197176156972684,1,0.2
3173.651711844004,-16.940508732901797,-2.58776769351876,1,0.2
3195.726205188326,-16.890136925388177,-3.266482288799657,1,0.2
3217.954238776082,-16.840960133763463,-3.956001471475261,1,0.2
3240.3368805641194,-16.79316416639601,-4.656620119655826,1,0.2
3262.8752059375156,-16.74668234887047,-5.367855391441089,1,0.2
3285.570297761241,-16.701442081722888,-6.089239615288009,1,0.2
3308.4232464321876,-16.657763030450855,-6.821360570119848,1,0.2
3331.435149931559,-16.615507355112097,-7.563536952243583,1,0.2
3354.607113877621,-16.574867364875402,-8.315941034845125,1,0.2
3377.9402515788224,-16.535835283234654,-9.078211731003092,1,0.2
3401.4356840872842,-16.498677090928105,-9.85059848168791,1,0.2
3425.094540252663,-16.463036736834454,-10.631941520844581,1,0.2
3448.9179567763854,-16.42910602764736,-11.422325069731887,1,0.2
3472.9070782662598,-16.397081297398504,-12.221769003390255,1,0.2
3497.0630572914743,-16.366947093055817,-13.029837826286235,1,0.2
3521.387054437968,-16.33882900035988,-13.846345801186047,1,0.2
3545.880238364193,-16.31263405664651,-14.670712580244262,1,0.2
3570.543785857265,-16.28841016393475,-15.502609998433298,1,0.2
3595.378881889502,-16.266499849644106,-16.342103652474105,1,0.2
3620.3867196753545,-16.246430592900143,-17.188075184447914,1,0.2
3645.5685007287366,-16.228840125024178,-18.04091766145616,1,0.2
3670.9254349207527,-16.213245486413864,-18.89955503803892,1,0.2
3696.458740537827,-16.200059681768064,-19.76398985447517,1,0.2
3722.1696443402334,-16.18901436941188,-20.63346147219401,1,0.2
3748.0593816210417,-16.180291744809022,-21.507671272496882,1,0.2
3774.129196265462,-16.173996502981982,-22.386196865348293,1,0.2
3800.3803408106105,-16.169845615416826,-23.268354656878554,1,0.2
3826.8140765056887,-16.16832141586887,-24.15393724619469,1,0.2
3853.43167337258,-16.169055700285494,-25.04223119888166,1,0.2
3880.2344102668694,-16.172371005258555,-25.93285729622971,1,0.2
3907.223574939284,-16.177967019322967,-26.82520582130795,1,0.2
3934.400464097566,-16.185926581982752,-27.7188135747966,1,0.2
3961.7663834687746,-16.196406703360534,-28.613181183789045,1,0.2
3989.322647862018,-16.209327618895845,-29.50778033987636,1,0.2
4017.070581231624,-16.22460574848027,-30.40211666728833,1,0.2
4045.011516740754,-16.242308879937383,-31.295677015876525,1,0.2
4073.1467968254487,-16.262423366282913,-32.1879571791812,1,0.2
4101.477773259132,-16.284931828797557,-33.07846010744103,1,0.2
4130.005807217556,-16.309813256166358,-33.96669746122343,1,0.2
4158.732269344197,-16.336737181560196,-34.852422616110196,1,0.2
4187.658539816113,-16.366365011012523,-35.734670551747925,1,0.2
4216.78600841025,-16.39797839375299,-36.61353036059307,1,0.2
4246.116074570219,-16.432075682058162,-37.48808993874675,1,0.2
4275.650147473531,-16.46809118775763,-38.35846956172364,1,0.2
4305.389646099301,-16.50636333514113,-39.22387443796468,1,0.2
4335.335999296423,-16.546774638847836,-40.08399227870097,1,0.2
4365.4906458522255,-16.589280721134738,-40.93844860087767,1,0.2
4395.8550345615895,-16.633981165260742,-41.78665900795772,1,0.2
4426.430624296562,-16.680389309369737,-42.62897162275516,1,0.2
4457.21888407645,-16.728893287042506,-43.464383731063826,1,0.2
4488.2212931383965,-16.779152851728604,-44.29309139609245,1,0.2
4519.439341008452,-16.831118909718555,-45.114851736157796,1,0.2
4550.874527573141,-16.88509149896609,-45.92871841455059,1,0.2
4582.528363151522,-16.940732664390953,-46.73500102478904,1,0.2
4614.402368567757,-16.998126254721907,-47.53318689689984,1,0.2
4646.498075224173,-17.056806658449094,-48.32402184007618,1,0.2
4678.817025174842,-17.11740044930109,-49.105750227692376,1,0.2
4711.360771199674,-17.179242106073854,-49.87966539244915,1,0.2
4744.130876879015,-17.242547055602127,-50.64498314343715,1,0.2
4777.128916668773,-17.30732415375029,-51.401399285937174,1,0.2
4810.356475976061,-17.37357951344655,-52.14861081162159,1,0.2
4843.815151235375,-17.440872376377683,-52.887623030148525,1,0.2
4877.506549985286,-17.509470554614495,-53.61745670566446,1,0.2
4911.432290945683,-17.579193767542005,-54.33842972346328,1,0.2
4945.594004095541,-17.650052113240626,-55.050311576776494,1,0.2
4979.9933307512365,-17.722053445446544,-55.7528723486059,1,0.2
5014.631923645403,-17.794965213829744,-56.446697730399926,1,0.2
5049.511447006339,-17.868859172410378,-57.13139011386663,1,0.2
5084.633576637967,-17.943801892394667,-57.806540696398095,1,0.2
5120.000000000346,-18.019397217871305,-58.47342459858076,1,0.2
5155.612416290749,-18.096002435049535,-59.13060557354255,1,0.2
5191.4725365253,-18.17334215281025,-59.77896945123527,1,0.2
5227.582083621183,-18.25131931048373,-60.418792729837904,1,0.2
5263.942792479418,-18.33016579936009,-61.04904690702832,1,0.2
5300.556410068212,-18.409512798677902,-61.67111521150927,1,0.2
5337.424695506905,-18.489536891738744,-62.284195076544975,1,0.2
5374.54942015047,-18.570092912256577,-62.88881451037099,1,0.2
5411.932367674636,-18.651196275668216,-63.48484053141179,1,0.2
5449.575334161574,-18.732810401409765,-64.07236784594942,1,0.2
5487.480128186196,-18.814900041423947,-64.65149642553101,1,0.2
5525.648570903045,-18.897480156333547,-65.22210124499335,1,0.2
5564.082496133798,-18.980323297049544,-65.78521108167932,1,0.2
5602.78375045537,-19.063689312544792,-66.33955754340815,1,0.2
5641.754193288633,-19.14730797676294,-66.88641035771143,1,0.2
5680.995696987757,-19.23124680084151,-67.42542684625016,1,0.2
5720.51014693016,-19.31552357764997,-67.95649490346585,1,0.2
5760.2994416071,-19.40006515587656,-68.47997008265844,1,0.2
5800.365492714889,-19.484758180343352,-68.99644533439864,1,0.2
5840.710225246731,-19.56966932720774,-69.50558040172467,1,0.2
5881.335577585225,-19.654861143377772,-70.00703395986979,1,0.2
5922.243501595481,-19.740181459731165,-70.5016366076783,1,0.2
5963.435962718906,-19.82565284394177,-70.9892830343092,1,0.2
6004.914940067636,-19.91121454320775,-71.47033660315054,1,0.2
6046.682426519615,-19.996930146773547,-71.94445780022414,1,0.2
6088.740428814354,-20.082660782837497,-72.41247785027235,1,0.2
6131.090967649341,-20.168627833760226,-72.8731217643029,1,0.2
6173.736077777122,-20.254461155861726,-73.32862143584103,1,0.2
6216.6778081030725,-20.34049611042754,-73.77700206338004,1,0.2
6259.918221783827,-20.426524307939943,-74.21955773529797,1,0.2
6303.4593963264115,-20.51253381775549,-74.6564128122388,1,0.2
6347.303423688055,-20.59858618441753,-75.08722702697283,1,0.2
6391.4524103767,-20.68463187134098,-75.51235625785817,1,0.2
6435.9084775522115,-20.77065951018318,-75.93192247093657,1,0.2
6480.673761128287,-20.856623575826163,-76.34627606612442,1,0.2
6525.750411875079,-20.942549867990266,-76.75530493663682,1,0.2
6571.140595522531,-21.028462813440814,-77.15889801617914,1,0.2
6616.846492864425,-21.114318772329213,-77.55740104477329,1,0.2
6662.870299863169,-21.20010952078399,-77.95092824496679,1,0.2
6709.214227755292,-21.285827387183573,-78.33959211990712,1,0.2
6755.880503157695,-21.371465228330266,-78.72350341438027,1,0.2
6802.871368174619,-21.45707951701308,-79.10232204064702,1,0.2
6850.189080505378,-21.54253700795082,-79.47705495082481,1,0.2
6897.835913552822,-21.627896005066916,-79.84735671070321,1,0.2
6945.814156532571,-21.713151256422854,-80.21333075954645,1,0.2
6994.126114583001,-21.798327795699784,-80.57485774094593,1,0.2
7042.774108875988,-21.88336106234207,-80.93248015608778,1,0.2
7091.760476728439,-21.968335418361953,-81.28563592390104,1,0.2
7141.087571714584,-22.053187500474746,-81.63486293841555,1,0.2
7190.757763779057,-22.13785742565608,-81.98068945847741,1,0.2
7240.773439350762,-22.222400326950172,-82.32276964179533,1,0.2
7291.137001457528,-22.306923756266478,-82.66033367006338,1,0.2
7341.850869841561,-22.391257824955048,-82.99476641578816,1,0.2
7392.917481075709,-22.47537578671015,-83.3263614208702,1,0.2
7444.339288680522,-22.559464482262115,-83.65371063570745,1,0.2
7496.118763242139,-22.643413610327254,-83.97775322110422,1,0.2
7548.258392530979,-22.72714442318659,-84.29919996876129,1,0.2
7600.760681621277,-22.810862864250012,-84.61645074223968,1,0.2
7653.628153011434,-22.89436180441294,-84.93126086955884,1,0.2
7706.863346745218,-22.9777181245945,-85.24307692074886,1,0.2
7760.468820533797,-23.061005100814725,-85.55135662725155,1,0.2
7814.447149878626,-23.14407423792551,-85.85740913494891,1,0.2
7868.800928195191,-23.227024070069472,-86.1604822393757,1,0.2
7923.532766937609,-23.309853857760846,-86.46064859051198,1,0.2
7978.645295724095,-23.392492898599023,-86.75858283595157,1,0.2
8034.141162463309,-23.47505888614874,-87.05334412564875,1,0.2
8090.023033481568,-23.55743578756249,-87.34600201746063,1,0.2
8146.293593650958,-23.639671125635928,-87.63621726228155,1,0.2
8202.955546518326,-23.721765781743326,-87.92405150644254,1,0.2
8260.011614435174,-23.803742797363526,-88.2093691791878,1,0.2
8317.464538688457,-23.885624310771263,-88.4920376232796,1,0.2
8375.317079632288,-23.96730241429296,-88.77308852733952,1,0.2
8433.572016820564,-24.048865839504437,-89.05179809726407,1,0.2
8492.232149140504,-24.130294256669103,-89.32841555054833,1,0.2
8551.300294947127,-24.211568404253214,-89.60318443354434,1,0.2
8610.779292198666,-24.29275233401476,-89.87558569199409,1,0.2
8670.671998592914,-24.373785343553905,-90.14624092303231,1,0.2
8730.981291704516,-24.454690034113256,-90.41500917532359,1,0.2
8791.710069123244,-24.535448374450922,-90.68212461867336,1,0.2
8852.86124859319,-24.616122004827517,-90.94707609153176,1,0.2
8914.437768152968,-24.696653229011854,-91.21046743648905,1,0.2
8976.44258627686,-24.777044751526127,-91.47234006551275,1,0.2
9038.878682016972,-24.857337428264632,-91.7323706842071,1,0.2
9101.74905514635,-24.93751396795787,-91.99078554953829,1,0.2
9165.056726303115,-25.017557943960828,-92.24780563660325,1,0.2
9228.804737135582,-25.097472219802846,-92.50346803714156,1,0.2
9292.996150448414,-25.177314502447036,-92.75727590700455,1,0.2
9357.634050349754,-25.25703175841505,-93.00980343053595,1,0.2
9422.721542399418,-25.336626949299973,-93.26108469466286,1,0.2
9488.261753758103,-25.416156212367667,-93.5106291156004,1,0.2
9554.257833337617,-25.495515694104366,-93.759519415106,1,0.2
9620.712951952195,-25.57481420378029,-94.00674246297784,1,0.2
9687.630302470823,-25.653984441574774,-94.25302396045,1,0.2
9755.013099970645,-25.733115096835842,-94.49753763159526,1,0.2
9822.864581891441,-25.812106089628664,-94.7413415540864,1,0.2
9891.188008191157,-25.891011587820426,-94.98395188833268,1,0.2
9959.98666150255,-25.969817670084883,-95.22556627718261,1,0.2
10029.26384729088,-26.04852744438153,-95.46621101905613,1,0.2
10099.022894012754,-26.127192677278863,-95.70541457512056,1,0.2
10169.26715327601,-26.205750844810353,-95.9438693050633,1,0.2
10240.000000000768,-26.28422145317652,-96.1814325966739,1,0.2
10311.224832581574,-26.36262340109353,-96.4179649498678,1,0.2
10382.945073050678,-26.4409281440133,-96.65381563877304,1,0.2
10455.164167242447,-26.519170203968898,-96.88868189152619,1,0.2
10527.885584958914,-26.597336952297816,-97.12274786133133,1,0.2
10601.112820136505,-26.6754315234464,-97.35603422277752,1,0.2
10674.849391013888,-26.753457048471503,-97.58856102850925,1,0.2
10749.098840301021,-26.831431577765066,-97.82019041446976,1,0.2
10823.864735349352,-26.909328254067084,-98.05125675342215,1,0.2
10899.15066832323,-26.987194572308987,-98.28130907184492,1,0.2
10974.960256372473,-27.064974746801987,-98.51098892380882,1,0.2
11051.297141806172,-27.142701463428615,-98.74000065284748,1,0.2
11128.16499226768,-27.220377819889364,-98.96836088628127,1,0.2
11205.567500910824,-27.298021062685773,-99.19593371942248,1,0.2
11283.508386577352,-27.375577770570114,-99.42334192274144,1,0.2
11361.991393975597,-27.453121675479395,-99.64984141420803,1,0.2
11441.020293860403,-27.530599934620422,-99.87604971693777,1,0.2
11520.598883214287,-27.608043663423842,-100.10167871079891,1,0.2
11600.730985429864,-27.6854694654561,-100.32659434128618,1,0.2
11681.420450493551,-27.762839664738117,-100.55125318302171,1,0.2
11762.671155170538,-27.840171292413125,-100.77551699017356,1,0.2
11844.48700319105,-27.917494146146844,-100.99910512668544,1,0.2
11926.871925437901,-27.994758382753112,-101.22261001069091,1,0.2
12009.82988013536,-28.072006998438876,-101.44560493588146,1,0.2
12093.36485303932,-28.149255861837126,-101.6679582618792,1,0.2
12177.4808576288,-28.22644354961686,-101.89039372962708,1,0.2
12262.181935298773,-28.303637766958435,-102.11220580951472,1,0.2
12347.472155554336,-28.380790685443497,-102.33396916040829,1,0.2
12433.355616206238,-28.45795613204843,-102.55512756576742,1,0.2
12519.836443567749,-28.535111864886634,-102.77597082289988,1,0.2
12606.918792652916,-28.61223641202331,-102.9967822660706,1,0.2
12694.606847376202,-28.689370134987616,-103.21715148213842,1,0.2
12782.904820753494,-28.766503733316732,-103.43722376133228,1,0.2
12871.816955104521,-28.843604205228704,-103.65741308964535,1,0.2
12961.347522256672,-28.920711261947048,-103.87731281011169,1,0.2
13051.500823750257,-28.997839787809472,-104.09679392190915,1,0.2
13142.28119104516,-29.074980772330434,-104.3159976660535,1,0.2
13233.69298572895,-29.152102207008372,-104.5353282798206,1,0.2
13325.740599726436,-29.229242602183852,-104.75438699370922,1,0.2
13418.428455510686,-29.3063819148589,-104.97344169161842,1,0.2
13511.761006315492,-29.383569222372966,-105.19196866589837,1,0.2
13605.74273634934,-29.46073896602979,-105.41075780124363,1,0.2
13700.378161010858,-29.53793999804692,-105.62928641755947,1,0.2
13795.671827105747,-29.615141691539158,-105.84794491084324,1,0.2
13891.628313065248,-29.69239192082723,-106.06621787857281,1,0.2
13988.252229166108,-29.7696602527377,-106.28449331752923,1,0.2
14085.548217752083,-29.846939029466952,-106.50289724448572,1,0.2
14183.520953456982,-29.924264230605353,-106.7210481042499,1,0.2
14282.175143429275,-30.00161706001602,-106.93919984858219,1,0.2
14381.515527558222,-30.07902205098489,-107.1571014784789,1,0.2
14481.546878701633,-30.15642884383596,-107.37537673282516,1,0.2
14582.274002915165,-30.2339044165453,-107.59327677388939,1,0.2
14683.70173968323,-30.311388423060098,-107.81154354948006,1,0.2
14785.834962151528,-30.388936489710872,-108.02955805360685,1,0.2
14888.678577361155,-30.46654087430676,-108.24744401193543,1,0.2
14992.23752648439,-30.544173626306087,-108.4655646569557,1,0.2
15096.516785062071,-30.621848293060904,-108.68379385904606,1,0.2
15201.521363242668,-30.69959828905204,-108.90176822089505,1,0.2
15307.256306022984,-30.7773759507116,-109.12008548382202,1,0.2
15413.726693490553,-30.85523453769911,-109.33814484700945,1,0.2
15520.93764106771,-30.933127023237674,-109.5565378437309,1,0.2
15628.894299757369,-31.011096087593693,-109.77478702312867,1,0.2
15737.6018563905,-31.089115031990985,-109.9932423435191,1,0.2
15847.065533875337,-31.167206353405533,-110.21166530922093,1,0.2
15957.29059144831,-31.24536312771752,-110.43016911908659,1,0.2
16068.282324926739,-31.323588215008936,-110.64874949288473,1,0.2
16180.046066963258,-31.401884441275115,-110.86740211590443,1,0.2
16292.587187302037,-31.48022633293007,-111.08646457047323,1,0.2
16405.911093036775,-31.5586546559406,-111.30547376221945,1,0.2
16520.023228870472,-31.637190527723117,-111.5242012813308,1,0.2
16634.92907737704,-31.715771449730262,-111.74343382578512,1,0.2
16750.634159264704,-31.794437505444012,-111.96271331534786,1,0.2
16867.144033641256,-31.873200420514998,-112.18192409486433,1,0.2
16984.464298281135,-31.952035459392725,-112.4013953239239,1,0.2
17102.600589894384,-32.03096351019171,-112.62089901665455,1,0.2
17221.558584397462,-32.10996031751606,-112.84075947200864,1,0.2
17341.343997185955,-32.18907322552174,-113.060422065201,1,0.2
17461.962583409164,-32.2682691048159,-113.28031962826591,1,0.2
17583.42013824662,-32.34755947098681,-113.5003364737676,1,0.2
17705.72249718651,-32.42693819272583,-113.72057402764894,1,0.2
17828.875536306066,-32.50641659308977,-113.94091768455559,1,0.2
17952.885172553855,-32.58599715481709,-114.16136139300978,1,0.2
18077.75736403408,-32.665673811517806,-114.38200508921192,1,0.2
18203.498110292836,-32.74545760214763,-114.60273575945938,1,0.2
18330.113452606365,-32.82535090154025,-114.82354739408366,1,0.2
18457.609474271307,-32.905347705339565,-115.0445384766659,1,0.2
18585.99230089697,-32.98545877298503,-115.26559755533971,1,0.2
18715.26810069965,-33.06565344205412,-115.4871326752188,1,0.2
18845.44308479898,-33.14600002515937,-115.70830792650884,1,0.2
18976.523507516347,-33.22641883158758,-115.93014855089929,1,0.2
19108.51566667538,-33.306977548566664,-116.15182355006831,1,0.2
19241.425903904536,-33.387661944036054,-116.3735330857569,1,0.2
19375.260604941792,-33.4684263424225,-116.59587797461911,1,0.2
19510.026199941436,-33.549352828989726,-116.8178374929467,1,0.2
19645.729163783028,-33.630379946275724,-117.04021288310258,1,0.2
19782.376016382463,-33.71154151374546,-117.26259392701013,1,0.2
19919.973323005244,-33.79282397607745,-117.48517339145404,1,0.2
20058.527694581913,-33.87422955395084,-117.70794280261782,1,0.2
20198.045788025658,-33.95576807474147,-117.93079538422488,1,0.2
20338.53430655217,-34.037433934732334,-118.15382201062135,1,0.2
20480.00000000169,-34.11923678330119,-118.37691688886252,1,0.2
20622.4496651633,-34.20117104577335,-118.6001700710418,1,0.2
20765.890146101516,-34.28323875466636,-118.82357330420933,1,0.2
20910.32833448505,-34.3654419049264,-119.04711838110845,1,0.2
21055.771169917985,-34.447782454048436,-119.2707971394668,1,0.2
21202.22564027317,-34.53027690198105,-119.49441093350143,1,0.2
21349.698782027936,-34.612883392374144,-119.7185232720165,1,0.2
21498.197680602203,-34.69566189203257,-119.94236572717521,1,0.2
21647.72947069887,-34.778563627039844,-120.1665932941914,1,0.2
21798.301336646622,-34.86161918214337,-120.39081997193125,1,0.2
21949.920512745113,-34.94482310204676,-120.6151322593626,1,0.2
22102.59428361251,-35.02815609918423,-120.83980045614746,1,0.2
22256.32998453553,-35.11166195378674,-121.06425915529358,1,0.2
22411.135001821818,-35.19530736175906,-121.28896377661182,1,0.2
22567.01677315487,-35.27911475429273,-121.51362965281376,1,0.2
22723.98278795137,-35.36307193371156,-121.7384324613853,1,0.2
22882.04058772098,-35.44718055966973,-121.96336331493434,1,0.2
23041.197766428744,-35.53144896421926,-122.18832310702649,1,0.2
23201.4619708599,-35.61586526748796,-122.41348398608152,1,0.2
23362.840900987278,-35.700444390945556,-122.63865706942829,1,0.2
23525.342310341253,-35.78518113851234,-122.86392392343704,1,0.2
23688.974006382276,-35.87008351005912,-123.08918721367732,1,0.2
23853.743850875984,-35.95513985462906,-123.31461607596309,1,0.2
24019.6597602709,-36.04037743867171,-123.5398491849955,1,0.2
24186.729706078822,-36.12575890932075,-123.7654065493597,1,0.2
24354.96171525778,-36.211311369789875,-123.99092770944561,1,0.2
24524.363870597732,-36.297035982039546,-124.21640537546755,1,0.2
24694.944311108862,-36.38292137601808,-124.44200499215616,1,0.2
24866.711232412665,-36.46896891558138,-124.6677170418768,1,0.2
25039.672887135683,-36.555204565093824,-124.89318968127488,1,0.2
25213.837585306024,-36.641592394025444,-125.11892931320519,1,0.2
25389.213694752598,-36.728164277908135,-125.34450008317145,1,0.2
25565.809641507185,-36.81490898883107,-125.57006494775916,1,0.2
25743.63391020923,-36.901815619568936,-125.7957839015211,1,0.2
25922.695044513537,-36.98890326905747,-126.02139537998337,1,0.2
26103.00164750071,-37.07615511129856,-126.24714243535723,1,0.2
26284.562382090517,-37.163601613928996,-126.47259980792785,1,0.2
26467.385971458098,-37.25121427071335,-126.69817584495519,1,0.2
26651.481199453076,-37.33901152000875,-126.92361351671308,1,0.2
26836.856911021572,-37.42697692368467,-127.14915157672978,1,0.2
27023.522012631187,-37.515117237411694,-127.37469829794695,1,0.2
27211.485472698885,-37.60344464561602,-127.60008223322943,1,0.2
27400.75632202192,-37.69195418020995,-127.82537727398268,1,0.2
27591.3436542117,-37.780646560099335,-128.05057539939236,1,0.2
27783.256626130707,-37.86951696203288,-128.27574867505749,1,0.2
27976.504458332423,-37.95856616174411,-128.50088794646726,1,0.2
28171.096435504372,-38.047800321264646,-128.72590458229786,1,0.2
28367.04190691418,-38.137220013488324,-128.95079029788735,1,0.2
28564.35028685876,-38.226825768184156,-129.17553662242,1,0.2
28763.031055116662,-38.31661276572463,-129.4002131585274,1,0.2
28963.093757403483,-38.40658154653066,-129.62480965993916,1,0.2
29164.548005830547,-38.49673778040612,-129.84923750215242,1,0.2
29367.403479366687,-38.58708683954459,-130.07340826123553,1,0.2
29571.669924303278,-38.67761316136548,-130.2975407785295,1,0.2
29777.35715472254,-38.768326685495616,-130.52146290999434,1,0.2
29984.475052969006,-38.8592208166108,-130.74522710388507,1,0.2
30193.03357012437,-38.9503013469255,-130.96864237422307,1,0.2
30403.042726485564,-39.04153962021333,-131.19187129970618,1,0.2
30614.512612046197,-39.132888759249724,-131.41477239059859,1,0.2
30827.45338698134,-39.224177540149434,-131.63839752412724,1,0.2
31041.875282135654,-39.31609481997934,-131.86507610351435,1,0.2
31257.788599514974,-39.40846316464098,-132.08780969546436,1,0.2
31475.203712781236,-39.500797858025855,-132.3097113789288,1,0.2
31694.13106775091,-39.59324109411612,-132.5318625192261,1,0.2
31914.581182896858,-39.685861496579705,-132.753811222902,1,0.2
32136.564649853717,-39.77866639205442,-132.97556796751,1,0.2
32360.09213392676,-39.87165532548686,-133.19716906647307,1,0.2
32585.17437460432,-39.96483929016469,-133.41844624669488,1,0.2
32811.8221860738,-40.05820987845957,-133.63952851670714,1,0.2
33040.04645774119,-40.15177209921143,-133.8603309041702,1,0.2
33269.85815475433,-40.245521670223276,-134.08091439997304,1,0.2
33501.26831852966,-40.339458773646406,-134.3012689041151,1,0.2
33734.28806728276,-40.43358790800676,-134.52131440495384,1,0.2
33968.928596562524,-40.527904659679386,-134.74111339267122,1,0.2
34205.20117978902,-40.622417674062774,-134.96051732139819,1,0.2
34443.11716879519,-40.71711814508882,-135.17965930869755,1,0.2
34682.68799437217,-40.812010261946476,-135.39846191817662,1,0.2
34923.92516681859,-40.907093832273056,-135.6169182081884,1,0.2
35166.8402764935,-41.00236863814321,-135.83502134868388,1,0.2
35411.44499437329,-41.097822038099025,-136.0529699151828,1,0.2
35657.7510726124,-41.193474576990255,-136.27041378223103,1,0.2
35905.77034510798,-41.28931762697497,-136.48748385617225,1,0.2
36155.51472806843,-41.385346852174166,-136.70424107246697,1,0.2
36406.99622058595,-41.48156601601515,-136.92061079072536,1,0.2
36660.22690521301,-41.57797476350918,-137.13658651792798,1,0.2
36915.21894854289,-41.674572718145136,-137.35216177257414,1,0.2
37171.98460179422,-41.771355598775116,-137.56739631007707,1,0.2
37430.53620139958,-41.86833078646703,-137.7821508217974,1,0.2
37690.88616959824,-41.965490107131124,-137.99655091261553,1,0.2
37953.04701503298,-42.06282941957532,-138.2106542990417,1,0.2
38217.03133335104,-42.160370901892904,-138.42406228051897,1,0.2
38482.85180780936,-42.25809135944165,-138.63715965454597,1,0.2
38750.521209883875,-42.355994113517085,-138.84987271367044,1,0.2
39020.05239988316,-42.45408594034625,-139.06206427490164,1,0.2
39291.458327566346,-42.55236244896481,-139.27378992062327,1,0.2
39564.752032765224,-42.65081926592367,-139.48510230411912,1,0.2
39839.94664601079,-42.7494625593186,-139.69586035349195,1,0.2
40117.05538916413,-42.8482872618876,-139.90610840820688,1,0.2
40396.09157605162,-42.94729781201706,-140.11569052315642,1,0.2
40677.068613104646,-43.04647133724185,-140.32486348133617,1,0.2
40960.00000000368,-43.145799021072904,-140.53338007348583,1,0.2
41244.899330326916,-43.24522933217119,-140.74065081281648,1,0.2
41531.78029220334,-43.34431108279924,-140.94772921616635,1,0.2
41820.65666897041,-43.444326229463144,-141.16359434163445,1,0.2
42111.54233983629,-43.54501350637186,-141.3693318220231,1,0.2
42404.45128054665,-43.645413669797875,-141.57462210358915,1,0.2
42699.3975640562,-43.745906827720574,-141.7799480322661,1,0.2
42996.39536120473,-43.84655827336776,-141.98491557550904,1,0.2
43295.458941398065,-43.947377699155574,-142.18947011163067,1,0.2
43596.60267329357,-44.048374981686955,-142.39343934279557,1,0.2
43899.84102549055,-44.14953853007637,-142.5970317395081,1,0.2
44205.18856722535,-44.2508777390029,-142.80005124919663,1,0.2
44512.659969071385,-44.352389102832454,-143.0025444777697,1,0.2
44822.27000364397,-44.45407505230949,-143.2044436605052,1,0.2
45134.033546310086,-44.555931849222745,-143.4057996062739,1,0.2
45447.96557590307,-44.65796759034529,-143.6064329502074,1,0.2
45764.081175442305,-44.7601666652142,-143.80662643691463,1,0.2
46082.39553285784,-44.862534221045316,-144.00625887469766,1,0.2
46402.92394172015,-44.96508086152567,-144.20509842920075,1,0.2
46725.681801974904,-45.067788441396026,-144.40348187132253,1,0.2
47050.68462068286,-45.17066468052263,-144.6012345087737,1,0.2
47377.94801276491,-45.273708633084595,-144.7983526662721,1,0.2
47707.487701752325,-45.37692208550801,-144.9947772969083,1,0.2
48039.319520542165,-45.480293136094986,-145.19072676158746,1,0.2
48373.45941215801,-45.5838291220456,-145.38603036418817,1,0.2
48709.923430515926,-45.687534379576235,-145.58057558175406,1,0.2
49048.72774119583,-45.79139723613664,-145.77457851752817,1,0.2
49389.888622218095,-45.89542467364528,-145.96787215951792,1,0.2
49733.4224648257,-45.99961046080207,-146.160562038849,1,0.2
50000.0,-46.08006893632357,-146.30878081979216,1,0.2
10.0,-21.982980234809027,-0.18742964915829563,2,0.3
10.069555500567189,-21.983257300938668,-0.18809470377601006,2,0.3
10.139594797900294,-21.98352231231945,-0.18875133806220842,2,0.3
10.210121257071936,-21.98380733916663,-0.18940276285840385,2,0.3
10.281138266560667,-21.98408674668673,-0.190045987005866,2,0.3
10.352649238413779,-21.98437336976513,-0.19068216550898143,2,0.3
10.424657608411218,-21.984654398442633,-0.1913096477800735,2,0.3
10.497166836230678,-21.984942667212692,-0.19192960271640935,2,0.3
10.57018040561381,-21.985238188238966,-0.19254179482405243,2,0.3
10.643701824533608,-21.985540973896104,-0.193145985074945,2,0.3
10.71773462536294,-21.985831806512483,-0.19373973111681875,2,0.3
10.792282365044281,-21.986142749972775,-0.19432643057030785,2,0.3
10.867348625260592,-21.98644817742779,-0.19490288907861858,2,0.3
10.942937012607405,-21.986748103307853,-0.1954688188030785,2,0.3
11.019051158766118,-21.9870745883293,-0.1960277081976053,2,0.3
11.095694720678463,-21.987376372200693,-0.1965732530902515,2,0.3
11.172871380722214,-21.98769192463906,-0.19710970770201972,2,0.3
11.250584846888108,-21.988027667614652,-0.1976375948007029,2,0.3
11.328838852958,-21.98833875568444,-0.19815121991078713,2,0.3
11.407637158684253,-21.988670063466348,-0.1986557172747259,2,0.3
11.486983549970367,-21.989002380696302,-0.19914846784870932,2,0.3
11.566881839052892,-21.989335723021263,-0.19962916987671742,2,0.3
11.647335864684578,-21.989670106336455,-0.20009751764483974,2,0.3
11.728349492318808,-21.9900183611596,-0.200554822384144,2,0.3
11.809926614295325,-21.99035487469219,-0.20099754126307623,2,0.3
11.892071150027233,-21.990711698587802,-0.2014294344454446,2,0.3
11.97478704618931,-21.99106322169509,-0.2018469199914485,2,0.3
12.05807827690763,-21.99140946195716,-0.2022496534881287,2,0.3
12.141948843950495,-21.991782467453934,-0.20264149891601999,2,0.3
12.226402776920713,-21.99213741288088,-0.2030162582527694,2,0.3
12.31144413344919,-21.992499940394378,-0.20337695831355762,2,0.3
12.397076999389895,-21.992863662356857,-0.20372241586123296,2,0.3
12.48330548901615,-21.99324140725791,-0.20405402475526774,2,0.3
12.570133745218314,-21.993620383049368,-0.20436972533790018,2,0.3
12.657565939702833,-21.99400060891802,-0.20466916562399123,2,0.3
12.745606273192656,-21.9943821043543,-0.2049519897876041,2,0.3
12.834258975629076,-21.994771293076383,-0.2052187350586365,2,0.3
12.923528306374958,-21.995155387119844,-0.20546725131234211,2,0.3
13.013418554419374,-21.995553617815354,-0.20569988334725703,2,0.3
13.10393403858367,-21.995946794984267,-0.20591354858351968,2,0.3
13.195079107728983,-21.996347746194576,-0.20610970200478232,2,0.3
13.286858140965156,-21.996750089471604,-0.20628705459234623,2,0.3
13.379275547861162,-21.997153846561247,-0.20644522475646498,2,0.3
13.472335768656947,-21.99756544158219,-0.20658477497064354,2,0.3
13.566043274476765,-21.99798489607101,-0.2067053390294154,2,0.3
13.660402567544,-21.998399429123914,-0.20680462208789652,2,0.3
13.755418181397484,-21.99882826816865,-0.20688511708814472,2,0.3
13.851094681109295,-21.999258633271946,-0.20694451511487497,2,0.3
13.947436663504105,-21.999677747232948,-0.20698044241753186,2,0.3
14.044448757380025,-22.000117637299414,-0.20699741545719366,2,0.3
14.142135623731003,-22.000559125577976,-0.20699209155429477,2,0.3
14.240501955970773,-22.000989437776333,-0.2069620398304497,2,0.3
14.33955248015833,-22.00142779916157,-0.2069098505034337,2,0.3
14.439291955225018,-22.0018870327595,-0.20683718163274503,2,0.3
14.539725173203164,-22.00233516826236,-0.20673851562328024,2,0.3
14.640856959456315,-22.0027914294418,-0.20661650669848639,2,0.3
14.742692172911074,-22.003255842387816,-0.2064707533755824,2,0.3
14.845235706290554,-22.00370924024787,-0.206297674254775,2,0.3
14.94849248634945,-22.00417724265039,-0.20610105743384965,2,0.3
15.05246747411074,-22.004647081704395,-0.20587836712626462,2,0.3
15.15716566510405,-22.00512518298591,-0.20563025144183708,2,0.3
15.26259208960566,-22.005585988680323,-0.20535192253523668,2,0.3
15.368751812880195,-22.006080700849036,-0.2050516796351947,2,0.3
15.475649935423972,-22.006564573648042,-0.20472143189757566,2,0.3
15.58329159321007,-22.00705682619924,-0.20436404112124149,2,0.3
15.69168195793509,-22.007544698182542,-0.2039768275343331,2,0.3
15.800826237267621,-22.008047406657568,-0.2035627296226078,2,0.3
15.910729675098453,-22.008539403551314,-0.2031167595376621,2,0.3
16.02139755179252,-22.009039905884503,-0.20264187947841777,2,0.3
16.13283518444261,-22.00955533945319,-0.20213882862097807,2,0.3
16.245047927124794,-22.010047374845122,-0.20160015121607056,2,0.3
16.358041171155712,-22.01057358829919,-0.20103594448311193,2,0.3
16.471820345351553,-22.01108286697929,-0.20043633162037092,2,0.3
16.586390916288924,-22.011607211174592,-0.19980678942085014,2,0.3
16.70175838856748,-22.012133870183202,-0.19914448538223561,2,0.3
16.817928305074386,-22.012656488462838,-0.19844773244371566,2,0.3
16.93490624725064,-22.01318149511731,-0.1977172719079544,2,0.3
17.052697835359233,-22.01372170926745,-0.19695512881816502,2,0.3
17.17130872875518,-22.014257994733516,-0.1961571347159958,2,0.3
17.290744626157405,-22.014790390971744,-0.19532279395382787,2,0.3
17.411011265922586,-22.01535088738247,-0.19445798735784017,2,0.3
17.53211442632081,-22.01588840305429,-0.1935520870097877,2,0.3
17.654059925813208,-22.016434928181695,-0.19261098382824557,2,0.3
17.776853623331515,-22.01700327987632,-0.19163685799062508,2,0.3
17.900501418559564,-22.01756155420938,-0.1906227515374834,2,0.3
18.02500925221672,-22.018116183410037,-0.18956946399418645,2,0.3
18.150383106343334,-22.018686374002417,-0.1884805170918138,2,0.3
18.27662900458813,-22.019253005216495,-0.18735146134646416,2,0.3
18.403753012497624,-22.01982889571876,-0.18618452441049882,2,0.3
18.53176123780754,-22.020401316014006,-0.18497653236400868,2,0.3
18.660659830736275,-22.020970312375074,-0.1837269909774898,2,0.3
18.790454984280366,-22.021555088791818,-0.1824395937116738,2,0.3
18.921152934512047,-22.022142918848715,-0.1811111372012732,2,0.3
19.05275996087888,-22.02273384975175,-0.1797411655624349,2,0.3
19.18528238650542,-22.02332154495722,-0.17832779417367128,2,0.3
19.31872657849705,-22.023912438235808,-0.17687197776385155,2,0.3
19.453098948245852,-22.0245129625437,-0.17537472028817153,2,0.3
19.588405951738682,-22.025104016997368,-0.17383121081893113,2,0.3
19.72465408986733,-22.025704803202217,-0.172245366629367,2,0.3
19.861849908740865,-22.026321753878864,-0.17061827190893403,2,0.3
20.00000000000015,-22.026923008701715,-0.16894204517126127,2,0.3
20.13911100113453,-22.027527769149778,-0.16722068429042658,2,0.3
20.279189595800737,-22.02814247017885,-0.1654552829888901,2,0.3
20.42024251414402,-22.028754403476213,-0.1636423665377596,2,0.3
20.56227653312149,-22.02937000599054,-0.16178302285159663,2,0.3
20.70529847682771,-22.030002093623068,-0.15987996104898197,2,0.3
20.849315216822593,-22.03061882325715,-0.1579249411704973,2,0.3
20.994333672461515,-22.031245772678275,-0.155923800350827,2,0.3
21.14036081122778,-22.03187662053849,-0.15387456000463431,2,0.3
21.28740364906737,-22.0324986696735,-0.15177357370830896,2,0.3
21.43546925072604,-22.0331438719418,-0.1496285216472323,2,0.3
21.584564730088722,-22.033767642833524,-0.14742760181534834,2,0.3
21.734697250521346,-22.034414688091587,-0.14518187759981918,2,0.3
21.885874025214974,-22.035053184059166,-0.14288271371475614,2,0.3
22.038102317532406,-22.035689573029664,-0.14053133096681186,2,0.3
22.191389441357092,-22.0363366722267,-0.13813071254511675,2,0.3
22.345742761444598,-22.03698817056744,-0.1356788111765124,2,0.3
22.501169693776383,-22.037631384843962,-0.13317179803463922,2,0.3
22.657677705916175,-22.038279133716934,-0.13061271493794607,2,0.3
22.815274317368676,-22.038944233185394,-0.12800472491428372,2,0.3
22.973967099940907,-22.0395885090638,-0.12533691962039825,2,0.3
23.13376367810596,-22.040263020894514,-0.12262309188394034,2,0.3
23.29467172936933,-22.04091048134305,-0.11984684539325888,2,0.3
23.456698984637793,-22.04156920187546,-0.11701853967474798,2,0.3
23.619853228590827,-22.042226510913956,-0.11413422641891469,2,0.3
23.784142300054643,-22.042901597561873,-0.11119909159036927,2,0.3
23.949574092378796,-22.043549938675486,-0.10819985982949537,2,0.3
24.11615655381544,-22.044209839159713,-0.10514727992936297,2,0.3
24.28389768790117,-22.044887744738837,-0.10204299854625305,2,0.3
24.452805553841607,-22.04555188363582,-0.09887725868375344,2,0.3
24.622888266898567,-22.04622781518699,-0.09565734981872186,2,0.3
24.794153998779972,-22.046890144073338,-0.09237526724147013,2,0.3
24.966610978032485,-22.047564428280207,-0.08903844278065051,2,0.3
25.140267490436816,-22.04822527822058,-0.08563875700928394,2,0.3
25.315131879405854,-22.048910984968444,-0.08218777486257806,2,0.3
25.4912125463855,-22.0495834285264,-0.0786733392576323,2,0.3
25.668517951258348,-22.05026179776371,-0.07510114807720039,2,0.3
25.847056612750112,-22.050927082128418,-0.071464841801555,2,0.3
26.026837108838944,-22.051604835516677,-0.06777229589542486,2,0.3
26.20786807716754,-22.052288780947798,-0.06402127369557482,2,0.3
26.390158215458165,-22.052966279882984,-0.060207382395439296,2,0.3
26.573716281930512,-22.053643790877334,-0.05633243955811773,2,0.3
26.758551095722524,-22.054321408196262,-0.052396209404038024,2,0.3
26.944671537314093,-22.05499922735533,-0.048398464577870975,2,0.3
27.13208654895373,-22.05568370779648,-0.04434115368044709,2,0.3
27.320805135088207,-22.05634949716531,-0.04021537857988334,2,0.3
27.510836362795175,-22.057034869654192,-0.036033996799984674,2,0.3
27.7021893622188,-22.057714476293526,-0.03178809138508951,2,0.3
27.89487332700842,-22.058394781169007,-0.02747966400104576,2,0.3
28.088897514760255,-22.059063166548157,-0.02310402036404327,2,0.3
28.284271247462218,-22.059751539667655,-0.01867227381199445,2,0.3
28.48100391194176,-22.06042820444575,-0.014172949981230136,2,0.3
28.679104960316874,-22.061105988978067,-0.00961041989284853,2,0.3
28.878583910450253,-22.061778643118192,-0.0049822083100898645,2,0.3
29.079450346406546,-22.06245899457086,-0.00029283817114290146,2,0.3
29.28171391891285,-22.063128079930244,0.00446487854813748,2,0.3
29.485384345822368,-22.063811443989188,0.009281591374014419,2,0.3
29.690471412581335,-22.064490127516862,0.014164528630154187,2,0.3
29.896984972699123,-22.065164247442766,0.019113843165026383,2,0.3
30.104934948221704,-22.065840278147867,0.02412722371883096,2,0.3
30.314331330208326,-22.06650562704138,0.02920969686755927,2,0.3
30.52518417921155,-22.067185837259373,0.03435146443478061,2,0.3
30.73750362576062,-22.0678619636484,0.03956001049704665,2,0.3
30.951299870848175,-22.068521422121975,0.0448405206405076,2,0.3
31.16658318642038,-22.069202463996117,0.05017786406500144,2,0.3
31.38336391587042,-22.069854384617788,0.05559252482271608,2,0.3
31.60165247453548,-22.070515435798413,0.061069228117158064,2,0.3
31.82145935019715,-22.071185745572265,0.06660791934505421,2,0.3
32.04279510358529,-22.071859091506646,0.07221117906874733,2,0.3
32.26567036888546,-22.072522902931837,0.0778843328012659,2,0.3
32.49009585424984,-22.073177316666566,0.0836274937349048,2,0.3
32.716082342311665,-22.073841523465315,0.08943263087313783,2,0.3
32.94364069070335,-22.074490258304436,0.09531057864875027,2,0.3
33.172781832578096,-22.075136364065642,0.1012559792872194,2,0.3
33.40351677713521,-22.075792682044284,0.10726328584157632,2,0.3
33.63585661014903,-22.076453004646016,0.113335168332456,2,0.3
33.86981249450153,-22.077098430459703,0.11948003161538166,2,0.3
34.10539567071872,-22.077741806020637,0.1256923026208756,2,0.3
34.34261745751061,-22.07838962852486,0.13196908686500106,2,0.3
34.58148925231507,-22.079023005665658,0.1383189745389263,2,0.3
34.822022531845434,-22.0796801748681,0.14472454494874842,2,0.3
35.064228852641875,-22.08032320664286,0.1512031330800722,2,0.3
35.30811985162668,-22.080939567956502,0.15776076649245338,2,0.3
35.55370724666329,-22.0815865340689,0.16437073140937286,2,0.3
35.80100283711939,-22.082219842082672,0.17105371680307346,2,0.3
36.05001850443371,-22.082833312066686,0.1778128337783093,2,0.3
36.30076621268694,-22.083471523876614,0.18462674208136992,2,0.3
36.55325800917653,-22.084083886109592,0.19151979164902275,2,0.3
36.80750602499552,-22.084702290808735,0.19847658824371106,2,0.3
37.06352247561536,-22.0853142205838,0.20550323281322527,2,0.3
37.32131966147283,-22.085932535212738,0.21259334280784722,2,0.3
37.58090996856101,-22.086538380447017,0.21975630133513846,2,0.3
37.84230586902438,-22.087157304235795,0.22697924072706263,2,0.3
38.105519921758045,-22.087757774144954,0.23427810296250512,2,0.3
38.37056477301113,-22.088352657619197,0.24164642495616387,2,0.3
38.63745315699439,-22.088954821120343,0.24907752532734806,2,0.3
38.906197896491996,-22.08954542704944,0.2565811441998955,2,0.3
39.176811903477656,-22.09013100562204,0.2641539147218556,2,0.3
39.449308179734956,-22.090724427844894,0.2717889720789263,2,0.3
39.72369981748203,-22.091300526600946,0.27949968891556776,2,0.3
40.000000000000604,-22.09189119572816,0.2872689265408413,2,0.3
40.27822200226936,-22.092471274664717,0.29511018088402297,2,0.3
40.55837919160177,-22.093034626362794,0.3030269042913263,2,0.3
40.840485028288356,-22.093613146273118,0.3110015201685614,2,0.3
41.124553066243294,-22.094175347569525,0.3190513908527715,2,0.3
41.410596953655734,-22.094740452171347,0.3271658024803855,2,0.3
41.6986304336455,-22.095295994941488,0.33535173517949524,2,0.3
41.98866734492334,-22.09585486287997,0.34360184175316094,2,0.3
42.28072162245588,-22.09639826091561,0.3519268729727662,2,0.3
42.57480729813507,-22.096951752855567,0.3603120465435187,2,0.3
42.8709385014524,-22.097490214011547,0.36877191560977585,2,0.3
43.16912946017777,-22.09803287532204,0.37729520546179734,2,0.3
43.46939450104301,-22.098579961215094,0.3858816366199572,2,0.3
43.771748050430276,-22.09910002519557,0.39455001029793013,2,0.3
44.07620463506514,-22.09962497394462,0.40328124987338865,2,0.3
44.38277888271451,-22.10015504001399,0.4120750560748926,2,0.3
44.69148552288952,-22.100671457409117,0.42094285284509625,2,0.3
45.00233938755311,-22.101180800530102,0.42988066569169653,2,0.3
45.315355411832684,-22.101689645331767,0.4388843901839471,2,0.3
45.63054863473769,-22.102198236536353,0.4479537946376404,2,0.3
45.947934199882155,-22.102694156671614,0.4570967146787366,2,0.3
46.26752735621227,-22.103196654765377,0.4663008915038037,2,0.3
46.58934345873901,-22.103686987533454,0.47557828250588163,2,0.3
46.913397969275934,-22.10417174484175,0.4849246922026656,2,0.3
47.23970645718201,-22.104663849799316,0.4943316225012508,2,0.3
47.56828460010965,-22.10513823958657,0.5038155063147793,2,0.3
47.89914818475796,-22.105607843971917,0.5133679005692989,2,0.3
48.232313107631235,-22.106079263034104,0.5229843579575353,2,0.3
48.5677953758027,-22.1065464382567,0.532668892325602,2,0.3
48.90561110768358,-22.106996985467823,0.542429981774555,2,0.3
49.2457765337975,-22.10745650420831,0.5522501569827623,2,0.3
49.58830799756032,-22.107912616198572,0.5621378164561706,2,0.3
49.933221956065346,-22.108359277659947,0.5720971894699844,2,0.3
50.280534980874016,-22.10878412023346,0.5821371130547337,2,0.3
50.630263758812085,-22.10923173943327,0.5922261213261576,2,0.3
50.982425092771386,-22.10966445680414,0.6023908301260841,2,0.3
51.33703590251707,-22.110095229277658,0.6126220596279536,2,0.3
51.69411322550061,-22.110511703149594,0.6229288032128094,2,0.3
52.05367421767828,-22.11092051341819,0.6333063804305749,2,0.3
52.41573615433548,-22.111334625188025,0.6437452722312451,2,0.3
52.78031643091672,-22.11174802336331,0.6542498372039514,2,0.3
53.14743256386143,-22.11214204303634,0.6648340986312581,2,0.3
53.517102191445446,-22.112542313836457,0.6754789204691122,2,0.3
53.8893430746286,-22.112936505462287,0.6861935881390705,2,0.3
54.264173097907864,-22.11331229299112,0.6969876800866892,2,0.3
54.64161027017682,-22.113695314520147,0.707841593790132,2,0.3
55.02167272559077,-22.1140795782477,0.7187598682418606,2,0.3
55.40437872443802,-22.11444644523439,0.7297571668918873,2,0.3
55.78974665401725,-22.11480891107879,0.740823466612957,2,0.3
56.17779502952094,-22.11516732275324,0.7519585636645636,2,0.3
56.56854249492486,-22.11552835643239,0.7631571399675475,2,0.3
56.962007823883944,-22.115879716063503,0.774429152051421,2,0.3
57.358209920634174,-22.11622176086262,0.7857744928686249,2,0.3
57.75716782090094,-22.11656117893959,0.797187822350218,2,0.3
58.158900692813525,-22.1169046616586,0.8086636323066773,2,0.3
58.56342783782614,-22.117233605963747,0.8202174751092234,2,0.3
58.97076869164518,-22.117542063359625,0.8318546867226997,2,0.3
59.38094282516311,-22.117868359479417,0.8435430315903666,2,0.3
59.79396994539869,-22.11817493196054,0.8553144533611755,2,0.3
60.209869896443855,-22.118487465171288,0.8671471498446259,2,0.3
60.628662660417106,-22.11879370294074,0.8790517341344035,2,0.3
61.05036835842356,-22.119081394406376,0.8910391465632707,2,0.3
61.4750072515217,-22.119388882110677,0.9030758553154835,2,0.3
61.90259974169682,-22.119672305946324,0.915200658401828,2,0.3
62.33316637284123,-22.119938399713817,0.92740805404381,2,0.3
62.766727831741306,-22.1202255168703,0.9396637102933867,2,0.3
63.20330494907143,-22.120496136108127,0.9520015267992165,2,0.3
63.642918700394766,-22.1207696496748,0.9644040802891227,2,0.3
64.08559020717105,-22.121014870416357,0.9769003088735034,2,0.3
64.5313407377714,-22.121282813210392,0.9894432359195361,2,0.3
64.98019170850016,-22.12151700952489,1.0020856312830335,2,0.3
65.43216468462381,-22.121755837123672,1.0147919111179515,2,0.3
65.8872813814072,-22.122006063860603,1.0275556103158852,2,0.3
66.34556366515669,-22.12223652760482,1.0404066016498312,2,0.3
66.80703355427093,-22.122454006373438,1.0533388526539675,2,0.3
67.27171322029855,-22.122677927243444,1.0663337725276372,2,0.3
67.73962498900357,-22.122889787900863,1.0794095720087589,2,0.3
68.21079134143795,-22.123109024542433,1.0925473547209161,2,0.3
68.68523491502174,-22.1233234669454,1.105759261864003,2,0.3
69.16297850463066,-22.123508306155095,1.1190705431000727,2,0.3
69.6440450636914,-22.123708280845666,1.132436588433583,2,0.3
70.12845770528428,-22.123892269709483,1.1458890418886087,2,0.3
70.61623970325388,-22.12407973271601,1.1594083674659472,2,0.3
71.10741449332713,-22.124252202791837,1.1730138247790995,2,0.3
71.60200567423932,-22.12441018390549,1.1867054027958188,2,0.3
72.10003700886796,-22.124585794431304,1.2004497518212558,2,0.3
72.60153242537443,-22.124741616815058,1.214286376743885,2,0.3
73.10651601835362,-22.124903457477227,1.2281883114917886,2,0.3
73.61501204999159,-22.12504655292967,1.2421822989662734,2,0.3
74.12704495123128,-22.125190397813427,1.256247805431195,2,0.3
74.64263932294622,-22.12531656061596,1.2704051824379532,2,0.3
75.16181993712259,-22.125444546199688,1.2846335575270835,2,0.3
75.68461173804933,-22.12557489905286,1.298932488351036,2,0.3
76.21103984351666,-22.12568288092867,1.3133298153476043,2,0.3
76.74112954602285,-22.125800656233743,1.3277900457902208,2,0.3
77.27490631398935,-22.125909818995435,1.3423340645334274,2,0.3
77.81239579298456,-22.126017256216194,1.3569544331117354,2,0.3
78.3536238069559,-22.126110894000107,1.3716653470571847,2,0.3
78.8986163594705,-22.126203951940575,1.386452040097581,2,0.3
79.44739963496465,-22.12629701073963,1.4013140878816486,2,0.3
80.00000000000179,-22.126365367304587,1.416280857293648,2,0.3
80.55644400453932,-22.126441223824692,1.4313149989173355,2,0.3
81.11675838320417,-22.126493564864486,1.4464536792127225,2,0.3
81.68097005657731,-22.126554603821248,1.4616589530628632,2,0.3
82.24910613248719,-22.126605980114945,1.476953147328572,2,0.3
82.8211939073121,-22.12666727361491,1.4923128382650117,2,0.3
83.39726086729164,-22.12670748814088,1.5077762251116422,2,0.3
83.97733468984731,-22.126733568230534,1.5233355359030945,2,0.3
84.56144324491237,-22.12676510998739,1.5389669332538631,2,0.3
85.14961459627077,-22.126796423633227,1.5546777198083725,2,0.3
85.74187700290544,-22.126815500812317,1.570483428972773,2,0.3
86.33825892035618,-22.12681666086879,1.5863919566853946,2,0.3
86.93878900208668,-22.12683849237017,1.602354409553629,2,0.3
87.54349610086122,-22.12683106106156,1.6184352806757518,2,0.3
88.15240927013093,-22.126826642861847,1.6345935289010118,2,0.3
88.7655577654297,-22.126800606062055,1.650861801079584,2,0.3
89.38297104577971,-22.126778914587728,1.6672066043958351,2,0.3
90.00467877510688,-22.126762242875895,1.6836272282002942,2,0.3
90.63071082366605,-22.126732296991985,1.700148458756782,2,0.3
91.26109726947607,-22.126689760016617,1.716770081840243,2,0.3
91.895868399765,-22.12664796954602,1.733474585993704,2,0.3
92.53505471242522,-22.126601294671964,1.7502700214764348,2,0.3
93.17868691747873,-22.12653778337767,1.7671734228124159,2,0.3
93.82679593855258,-22.12648343947761,1.7841493471186722,2,0.3
94.47941291436473,-22.126413669898962,1.80123242024405,2,0.3
95.13656920022001,-22.126322860464146,1.8184314021015862,2,0.3
95.79829636951663,-22.12624335734454,1.83570115523209,2,0.3
96.4646262152632,-22.12615057916006,1.8530769866045962,2,0.3
97.13559075160614,-22.126057904731997,1.8705402998911733,2,0.3
97.81122221536789,-22.125959739028595,1.8880995964150054,2,0.3
98.49155306759573,-22.12585049059409,1.905763609826914,2,0.3
99.17661599512138,-22.125724571410558,1.9235413098666356,2,0.3
99.86644391213144,-22.125608034625056,1.9413947848553352,2,0.3
100.56106996174877,-22.125482647131545,1.959351444028248,2,0.3
101.26052751762494,-22.125342833009057,1.9774203592280495,2,0.3
101.96485018554354,-22.125202004677924,1.9955819505717818,2,0.3
102.67407180503491,-22.12504193736262,2.01386455294974,2,0.3
103.388226451002,-22.12488238078572,2.0322386747215413,2,0.3
104.10734843535732,-22.124724104276133,2.050703469998952,2,0.3
104.83147230867174,-22.12454889215103,2.069287795971274,2,0.3
105.56063286183424,-22.124370178361183,2.087971397985378,2,0.3
106.29486512772365,-22.124176081993877,2.106773644393507,2,0.3
107.03420438289172,-22.12400536799192,2.125633389562354,2,0.3
107.778686149258,-22.12380184826747,2.1446407731639354,2,0.3
108.52834619581655,-22.123585301520905,2.1637651886882296,2,0.3
109.28322054035448,-22.123375513815787,2.1829751084066054,2,0.3
110.04334545118235,-22.1231416221219,2.2023214986109902,2,0.3
110.80875744887686,-22.122916083340574,2.221751743881346,2,0.3
111.57949330803534,-22.122680702144493,2.241296318941668,2,0.3
112.35559005904271,-22.122429947646864,2.2609652536506157,2,0.3
113.13708498985058,-22.122177290848974,2.280736644078834,2,0.3
113.92401564776874,-22.121923540172666,2.300609550652401,2,0.3
114.71641984126921,-22.121650502954424,2.3206156566882306,2,0.3
115.51433564180275,-22.12137165796927,2.340732703203088,2,0.3
116.31780138562794,-22.121087818715544,2.360959855469377,2,0.3
117.12685567565316,-22.12080613620266,2.3812851082462876,2,0.3
117.94153738329126,-22.120495747224687,2.4017633316728055,2,0.3
118.76188565032712,-22.120182811378164,2.4223493742962714,2,0.3
119.58793989079828,-22.119874485300407,2.4430308578475968,2,0.3
120.41973979288862,-22.119539902389707,2.463863733935422,2,0.3
121.25732532083512,-22.119211569047028,2.4847902213949205,2,0.3
122.10073671684803,-22.118883970051087,2.50582054156897,2,0.3
122.95001450304433,-22.118532571025202,2.5270002961920044,2,0.3
123.80519948339456,-22.118170867887823,2.5483056823520074,2,0.3
124.66633274568338,-22.11780602048613,2.569724052337305,2,0.3
125.53345566348355,-22.117432508929298,2.5912662810570604,2,0.3
126.40660989814381,-22.117044810654278,2.612943539485077,2,0.3
127.28583740079048,-22.116662767929167,2.634718798166256,2,0.3
128.17118041434307,-22.11624914640579,2.656663854864604,2,0.3
129.0626814755438,-22.115842813614513,2.678704956906652,2,0.3
129.9603834170013,-22.115425556675767,2.7008776980635405,2,0.3
130.86432936924862,-22.11499818666418,2.7231812535467665,2,0.3
131.77456276281538,-22.114555167880397,2.745627322319498,2,0.3
132.69112733031437,-22.114116341874425,2.7681772956596298,2,0.3
133.61406710854286,-22.113663478290388,2.790867919118112,2,0.3
134.5434264405981,-22.113197376835263,2.8136984679651325,2,0.3
135.47924997800817,-22.112718833982733,2.836668177647584,2,0.3
136.42158268287693,-22.112241339033506,2.8597501992600765,2,0.3
137.3704698300445,-22.1117402902075,2.882995590698314,2,0.3
138.32595700926237,-22.11122281811914,2.9063908165815175,2,0.3
139.28809012738384,-22.110708752248314,2.929895324748264,2,0.3
140.25691541056963,-22.110205224015044,2.953494183408249,2,0.3
141.23247940650882,-22.109662198026243,2.977293475414,2,0.3
142.2148289866553,-22.109112191222152,3.0012256400484043,2,0.3
143.20401134847972,-22.10855596380089,3.0252895928129253,2,0.3
144.200074017737,-22.108000623903617,3.049470424356049,2,0.3
145.20306485074994,-22.10743421230967,3.0737944414193676,2,0.3
146.2130320367083,-22.10682569047727,3.098330644258258,2,0.3
147.2300240999843,-22.106239340751195,3.1229387661828825,2,0.3
148.25408990246365,-22.105631399672568,3.147715605929437,2,0.3
149.28527864589356,-22.105015294296226,3.1726321885033566,2,0.3
150.32363987424628,-22.104372656171293,3.197730622174389,2,0.3
151.3692234760998,-22.103735974880387,3.2229383141598578,2,0.3
152.42207968703445,-22.103086864094983,3.24829730952335,2,0.3
153.48225909204683,-22.102413278991886,3.2738361635514126,2,0.3
154.54981262797986,-22.101734968871476,3.299510247917331,2,0.3
155.6247915859703,-22.10105259396211,3.325318363569517,2,0.3
156.70724761391295,-22.100354075467934,3.3512892995325796,2,0.3
157.79723271894218,-22.099646411011783,3.377407319637869,2,0.3
158.8947992699305,-22.09891749236253,3.4037019081302757,2,0.3
160.0000000000048,-22.098180659145484,3.430142063885971,2,0.3
161.11288800907985,-22.097430142340805,3.4567422222363295,2,0.3
162.23351676640956,-22.096679262701233,3.4834705848776815,2,0.3
163.36194011315587,-22.09589674569272,3.510404077451004,2,0.3
164.49821226497562,-22.095114992344435,3.5374641084010077,2,0.3
165.6423878146254,-22.094309061288723,3.564712799471224,2,0.3
166.79452173458452,-22.093492218085192,3.5921180768210603,2,0.3
167.9546693796959,-22.09265859855779,3.619695286189344,2,0.3
169.12288648982604,-22.091834194749094,3.64737910210489,2,0.3
170.29922919254284,-22.090968482782092,3.6752984210601705,2,0.3
171.4837540058122,-22.09010654924449,3.7033390066548173,2,0.3
172.6765178407137,-22.089216950440793,3.731582230909677,2,0.3
173.87757800417467,-22.088338380072873,3.7599282283074658,2,0.3
175.08699220172375,-22.08742020670463,3.788509603845083,2,0.3
176.30481854026317,-22.086494710967173,3.8172427241523845,2,0.3
177.53111553086072,-22.085555876984557,3.84614386024543,2,0.3
178.7659420915608,-22.084604048478425,3.875212605422766,2,0.3
180.00935755021513,-22.08363316247695,3.9044658535462946,2,0.3
181.26142164733346,-22.082656291374914,3.9338687735506483,2,0.3
182.52219453895353,-22.081648164727092,3.963490770076279,2,0.3
183.7917367995314,-22.080640977422362,3.993244334155142,2,0.3
185.07010942485184,-22.07959662482812,4.0232350985797485,2,0.3
186.35737383495882,-22.07856004949754,4.053338930476669,2,0.3
187.65359187710658,-22.077493087088964,4.083662646187705,2,0.3
188.95882582873088,-22.07642146871268,4.114134520962034,2,0.3
190.27313840044144,-22.075319748792825,4.144827146621639,2,0.3
191.59659273903472,-22.074213618458366,4.175667862040989,2,0.3
192.92925243052787,-22.073083968229362,4.2067118261511895,2,0.3
194.27118150321374,-22.07192444640424,4.237978448643645,2,0.3
195.62244443073726,-22.070767083211397,4.269374852697513,2,0.3
196.98310613519297,-22.069586273875316,4.300976077786157,2,0.3
198.35323199024427,-22.068381983358854,4.332783032533544,2,0.3
199.73288782426437,-22.067166961813648,4.364758268853146,2,0.3
201.12213992349908,-22.06593471563388,4.39692137479487,2,0.3
202.5210550352514,-22.06469153549939,4.429253580429332,2,0.3
203.9297003710886,-22.063411627409423,4.461833757009226,2,0.3
205.3481436100714,-22.062120449338742,4.494584974958769,2,0.3
206.77645290200556,-22.060804961236013,4.527547581207498,2,0.3
208.21469687071618,-22.059471328407945,4.560703006084417,2,0.3
209.66294461734503,-22.058119270920816,4.59405239697231,2,0.3
211.12126572367004,-22.056754895869105,4.627576675392758,2,0.3
212.5897302554489,-22.055371438402513,4.661297229304305,2,0.3
214.06840876578502,-22.053955667567536,4.695256738330526,2,0.3
215.5573722985176,-22.052532858916226,4.729374612935696,2,0.3
217.05669239163473,-22.051076858148342,4.763735283582331,2,0.3
218.5664410807106,-22.049606453469025,4.798278291896616,2,0.3
220.08669090236637,-22.048108260221287,4.833047537600159,2,0.3
221.6175148977554,-22.046594575629918,4.8680028488793505,2,0.3
223.15898661607235,-22.045064803445737,4.903145995227655,2,0.3
224.71118011808713,-22.04349899598953,4.938543836537036,2,0.3
226.27416997970286,-22.041915780848914,4.9741343903548465,2,0.3
227.8480312955392,-22.040314445247446,5.009919870894556,2,0.3
229.43283968254013,-22.0386813489119,5.0459468709379,2,0.3
231.02867128360725,-22.037028578484964,5.082174325032849,2,0.3
232.63560277125762,-22.0353488523309,5.118627365507709,2,0.3
234.25371135130806,-22.03365419003784,5.155264187706207,2,0.3
235.88307476658426,-22.03192432435632,5.192155603669941,2,0.3
237.523771300656,-22.030184102988816,5.229214226543235,2,0.3
239.17587978159838,-22.02841316769787,5.2665117270344295,2,0.3
240.83947958577906,-22.026610468288798,5.304052239918997,2,0.3
242.51465064167206,-22.02479429645922,5.34176995402025,2,0.3
244.2014734336979,-22.022931215509168,5.379785714850356,2,0.3
245.9000290060905,-22.0210588290404,5.417963002632418,2,0.3
247.61039896679097,-22.019163002459585,5.456352612465299,2,0.3
249.33266549136863,-22.01722953711833,5.495006897135309,2,0.3
251.06691132696898,-22.015276539582604,5.533858693790153,2,0.3
252.81321979628953,-22.013283242005706,5.572985398344201,2,0.3
254.5716748015829,-22.01128711280227,5.6122456441519555,2,0.3
256.3423608286881,-22.009241373790708,5.651815748468459,2,0.3
258.12536295108947,-22.007163971731764,5.691628041750263,2,0.3
259.9207668340045,-22.0050663517316,5.73163813038143,2,0.3
261.72865873849923,-22.00293397455458,5.771901530821339,2,0.3
263.54912552563275,-22.00078469601803,5.812348261299585,2,0.3
265.38225466063074,-21.998597385477524,5.8530601891186445,2,0.3
267.2281342170877,-21.99637682518743,5.894018433556892,2,0.3
269.08685288119824,-21.9941277615695,5.9352036977395874,2,0.3
270.95849995601833,-21.991841896984695,5.976648584853222,2,0.3
272.8431653657559,-21.989536903736177,6.018281364912357,2,0.3
274.74093966009104,-21.987184870734513,6.060214117555363,2,0.3
276.6519140185268,-21.984809897861822,6.10234848673716,2,0.3
278.5761802547697,-21.98240350431965,6.144717978854837,2,0.3
280.51383082114137,-21.97995714946373,6.1873571804012055,2,0.3
282.4649588130198,-21.977481801163805,6.230219930417273,2,0.3
284.42965797331277,-21.974962300980216,6.273368787947326,2,0.3
286.40802269696155,-21.972422593596825,6.316702198447217,2,0.3
288.40014803547615,-21.969840899841113,6.36031090129248,2,0.3
290.4061297015021,-21.9672280342472,6.404148043115629,2,0.3
292.42606407341884,-21.964581712190668,6.448222081328304,2,0.3
294.4600481999708,-21.961886515836145,6.492598748244054,2,0.3
296.50817980492957,-21.959159685955008,6.537202488672934,2,0.3
298.5705572917893,-21.956385707600134,6.582100003258419,2,0.3
300.64727974849484,-21.95360142229372,6.627127545744529,2,0.3
302.73844695220185,-21.950765021523114,6.6724680067459,2,0.3
304.84415937407124,-21.94787393064172,6.718132776338144,2,0.3
306.964518184096,-21.944958354871744,6.763985304071918,2,0.3
309.09962525596205,-21.94200911589,6.810064589636144,2,0.3
311.24958317194296,-21.93901040226089,6.856440956790001,2,0.3
313.4144952278283,-21.93596605738628,6.903095923015533,2,0.3
315.59446543788675,-21.932879895888085,6.95001058950909,2,0.3
317.7895985398634,-21.92976228966401,6.997134904252032,2,0.3
320.000000000012,-21.926597243044487,7.0445412994008105,2,0.3
322.22577601816215,-21.92338846451445,7.092210878377224,2,0.3
324.4670335328215,-21.920146234449923,7.140092933132228,2,0.3
326.7238802263142,-21.916841212949908,7.18832504114786,2,0.3
328.99642452995374,-21.913496800521884,7.2367941761196795,2,0.3
331.2847756292533,-21.910123204772205,7.2854483030792885,2,0.3
333.5890434691715,-21.90668432077523,7.334459928165103,2,0.3
335.90933875939425,-21.90321011316609,7.383681539929372,2,0.3
338.2457729796546,-21.899677601168026,7.43322335403239,2,0.3
340.5984583850881,-21.896116744442736,7.482935138747772,2,0.3
342.96750801162693,-21.89248458296854,7.533027567271429,2,0.3
345.3530356814299,-21.888824311349666,7.58328287738593,2,0.3
347.75515600835195,-21.88510613971692,7.633847433953298,2,0.3
350.1739844034501,-21.881340056942392,7.684668469901713,2,0.3
352.60963708052907,-21.877529402028415,7.73572592084488,2,0.3
355.0622310617241,-21.873664181200215,7.787067962583314,2,0.3
357.53188418312425,-21.86972101715941,7.838813411526821,2,0.3
360.0187151004329,-21.86576314089068,7.890631390015016,2,0.3
362.52284329466966,-21.861733812710785,7.94281348737544,2,0.3
365.0443890779098,-21.857649574455596,7.9952708073703835,2,0.3
367.58347359906554,-21.853513629548434,8.047983153992536,2,0.3
370.14021884970646,-21.8493291731021,8.100929799020687,2,0.3
372.7147476699204,-21.845085998936607,8.154161654135196,2,0.3
375.30718375421594,-21.840780552290575,8.207694751159268,2,0.3
377.9176516574646,-21.836429376582636,8.261435784226945,2,0.3
380.5462768008857,-21.83199534048409,8.31558370176512,2,0.3
383.1931854780723,-21.827521816192125,8.369897660600122,2,0.3
385.85850486105863,-21.822985050348006,8.424503797073204,2,0.3
388.5423630064304,-21.818394857404666,8.47934361804499,2,0.3
391.2448888614774,-21.813740859910222,8.534470688330048,2,0.3
393.96621227038884,-21.809026123802102,8.58986373353475,2,0.3
396.7064639804915,-21.804240214369162,8.645577735602876,2,0.3
399.4657756485318,-21.799399684193247,8.701514362117928,2,0.3
402.24427984700117,-21.79450084861857,8.75768941426588,2,0.3
405.04211007050577,-21.789519688258714,8.814236876602159,2,0.3
407.85940074218024,-21.784472756925176,8.87105728313896,2,0.3
410.69628722014585,-21.77938345833439,8.928008484827666,2,0.3
413.55290580401413,-21.77420736378526,8.985345154666359,2,0.3
416.42939374143555,-21.768967859411347,9.042925409534098,2,0.3
419.3258892346932,-21.76365439452924,9.100806537653872,2,0.3
422.24253144734325,-21.75828363389212,9.15888361550131,2,0.3
425.179460510901,-21.75285185211967,9.217172355355599,2,0.3
428.13681753157323,-21.747327994980754,9.275854902536878,2,0.3
431.11474459703845,-21.74174241012316,9.33474217877611,2,0.3
434.11338478327275,-21.736084518732426,9.393892254159613,2,0.3
437.13288216142445,-21.73034370225468,9.453364738226544,2,0.3
440.173381804736,-21.724523023524274,9.513135410701809,2,0.3
443.23502979551404,-21.718646176381036,9.573050245578612,2,0.3
446.31797323214806,-21.71267508475285,9.633340414852611,2,0.3
449.4223602361776,-21.706640357180753,9.693807477414177,2,0.3
452.5483399594091,-21.700538295195262,9.754466771508799,2,0.3
455.6960625910818,-21.69433068510437,9.81555501862699,2,0.3
458.8656793650838,-21.688055161321564,9.876825663813502,2,0.3
462.0573425672179,-21.681701124709566,9.938338881324093,2,0.3
465.2712055425187,-21.675257940442556,10.000156387508875,2,0.3
468.5074227026196,-21.668728813773605,10.06225051443856,2,0.3
471.76614953317204,-21.6621378288683,10.124455238605663,2,0.3
475.04754260131557,-21.65543269612853,10.187106924763357,2,0.3
478.3517595632003,-21.648672325483297,10.2498082245909,2,0.3
481.6789591715617,-21.641804358616152,10.312898591400346,2,0.3
485.02930128334776,-21.6348530137892,10.376208840001883,2,0.3
488.40294686739946,-21.62781468774254,10.439754466240586,2,0.3
491.8000580121847,-21.620685783253563,10.503551184868632,2,0.3
495.2207979335857,-21.61346270968593,10.567614924416095,2,0.3
498.665330982741,-21.606155935969547,10.631864954902582,2,0.3
502.1338226539417,-21.59874787544013,10.69641312025558,2,0.3
505.62643959258287,-21.59125610300815,10.761128591058094,2,0.3
509.14334960316967,-21.58365598209183,10.826173361121315,2,0.3
512.68472165738,-21.57597224056031,10.891365064170278,2,0.3
516.2507259021829,-21.568187311172494,10.956816876435676,2,0.3
519.841533668013,-21.560297732929055,11.02254388337198,2,0.3
523.4573174770023,-21.55230715950536,11.088510437675563,2,0.3
527.0982510512695,-21.544226417920783,11.154628361564173,2,0.3
530.7645093212655,-21.536037936577863,11.221013060967266,2,0.3
534.4562684341794,-21.52776689500364,11.287471201063727,2,0.3
538.1737057624005,-21.519360023315723,11.354379199613449,2,0.3
541.9169999120409,-21.510864007309355,11.421386192038705,2,0.3
545.6863307315159,-21.502261314386665,11.488608580602632,2,0.3
549.4818793201863,-21.49355589408984,11.556005471675137,2,0.3
553.3038280370578,-21.484730161243576,11.623695929916583,2,0.3
557.1523605095437,-21.475802515529114,11.691531122976965,2,0.3
561.027661642287,-21.46676262237547,11.759575955027216,2,0.3
564.9299176260438,-21.457600113403817,11.827896849959881,2,0.3
568.8593159466297,-21.448333603054518,11.896340399186125,2,0.3
572.8160453939274,-21.438960084889118,11.964915708866418,2,0.3
576.8002960709567,-21.42947657426529,12.033631825568426,2,0.3
580.8122594030085,-21.419843624883356,12.102780337793881,2,0.3
584.8521281468421,-21.41011656925336,12.17192076166925,2,0.3
588.920096399946,-21.400277966817196,12.241172987851247,2,0.3
593.0163596098636,-21.390288261559135,12.310833178711269,2,0.3
597.1411145835832,-21.38021060255214,12.380391645246807,2,0.3
601.2945594969942,-21.369983396551508,12.450319146452264,2,0.3
605.4768939044083,-21.35965538504091,12.520215090780644,2,0.3
609.688318748147,-21.349186938374075,12.590379648298372,2,0.3
613.9290363681965,-21.338590066175414,12.660702613522174,2,0.3
618.1992505119288,-21.327869494968766,12.731130492906676,2,0.3
622.4991663438906,-21.317022590504756,12.801668562380337,2,0.3
626.8289904556613,-21.306039276303178,12.872382969758595,2,0.3
631.1889308757782,-21.294916919511778,12.943279881900915,2,0.3
635.5791970797316,-21.28367542010194,13.014179463360868,2,0.3
640.0000000000289,-21.272289792063525,13.085270659329455,2,0.3
644.4515520363291,-21.26075747949679,13.156558993524893,2,0.3
648.9340670656479,-21.24910617558954,13.227796735014211,2,0.3
653.4477604526332,-21.237303296688637,13.299238408101994,2,0.3
657.9928490599125,-21.225361550872744,13.370760493189257,2,0.3
662.5695512585116,-21.213286210386443,13.442300201686356,2,0.3
667.178086938348,-21.20105975927986,13.513987820701082,2,0.3
671.8186775187937,-21.188679857097906,13.58582594124228,2,0.3
676.4915459593144,-21.17617487105077,13.65755289654603,2,0.3
681.1969167701814,-21.163511993312476,13.72943090741921,2,0.3
685.935016023259,-21.15068896698179,13.801461615682301,2,0.3
690.7060713628651,-21.137726755765183,13.873444136004753,2,0.3
695.5103120167091,-21.124607840302993,13.945510924294027,2,0.3
700.3479688069056,-21.111337883996676,14.017592801685389,2,0.3
705.2192741610634,-21.09790707488944,14.089755974500159,2,0.3
710.1244621234536,-21.084344629385875,14.161721540504294,2,0.3
715.0637683662537,-21.07060959466386,14.23383076635441,2,0.3
720.0374302008713,-21.056707774319893,14.306012424943178,2,0.3
725.0456865893448,-21.042637205659904,14.378263732149106,2,0.3
730.0887781558251,-21.028411771095016,14.450438854170153,2,0.3
735.1669471981365,-21.014037639250105,14.522459316524978,2,0.3
740.2804376994185,-20.999489284694555,14.594533474043963,2,0.3
745.4294953398465,-20.9847648656662,14.666656792748837,2,0.3
750.6143675084376,-20.969870574395152,14.738750929010878,2,0.3
755.8353033149348,-20.954820762795954,14.8106611168988,2,0.3
761.0925536017771,-20.93958974055336,14.882599960744157,2,0.3
766.3863709561504,-20.924200031545528,14.95433623493871,2,0.3
771.717009722123,-20.9086177504785,15.026160143284068,2,0.3
777.0847260128666,-20.892865562710703,15.097837863073568,2,0.3
782.4897777229608,-20.876942001383966,15.169358259587275,2,0.3
787.9324245407837,-20.86083744546275,15.2407867380469,2,0.3
793.412927960989,-20.84455863104043,15.312035058697527,2,0.3
798.9315512970695,-20.828079459063844,15.383324991274698,2,0.3
804.4885596940084,-20.811431439290363,15.454333176160649,2,0.3
810.0842201410177,-20.79458015016749,15.525361231969269,2,0.3
815.7188014843666,-20.777565731545337,15.596000350498574,2,0.3
821.392574440298,-20.760336958810925,15.666714657308349,2,0.3
827.1058116080346,-20.742942641172842,15.737009220722571,2,0.3
832.8587874828772,-20.72534811015027,15.807190630575132,2,0.3
838.6517784693928,-20.707560517939182,15.877163248545452,2,0.3
844.4850628946929,-20.68957019971867,15.946994018717858,2,0.3
850.3589210218082,-20.671392959245534,16.016501594880715,2,0.3
856.2736350631529,-20.653002125965266,16.085918965131363,2,0.3
862.2294891940834,-20.634422192727385,16.154978423686355,2,0.3
868.226769566552,-20.615660847954,16.223574720139663,2,0.3
874.2657643228554,-20.596656704971462,16.292285455012976,2,0.3
880.3467636094787,-20.577486506028436,16.360322941669455,2,0.3
886.4700595910348,-20.558079931410532,16.42835530935392,2,0.3
892.635946464303,-20.53848824690234,16.495843467139466,2,0.3
898.844720472362,-20.51868442092499,16.563026705567225,2,0.3
905.096679918825,-20.498658695244465,16.62997343051583,2,0.3
911.3921251821704,-20.478427825340976,16.69648547185414,2,0.3
917.7313587301744,-20.45799107926607,16.762539137192956,2,0.3
924.1146851344428,-20.437320903094502,16.828382308385986,2,0.3
930.5424110850445,-20.41644327205404,16.893721457056454,2,0.3
937.0148454052463,-20.395348539682878,16.95862283061595,2,0.3
943.5322990663512,-20.374036014285437,17.023061847755155,2,0.3
950.0950852026382,-20.352486808696533,17.087199979344117,2,0.3
956.7035191264079,-20.330727538714783,17.150733050654775,2,0.3
963.3579183431307,-20.30874855776947,17.213727042745848,2,0.3
970.0586025667028,-20.28654009037178,17.27624987637943,2,0.3
976.8058937348063,-20.26409222616131,17.338371453573146,2,0.3
983.6001160243768,-20.241432263227047,17.399776613964598,2,0.3
990.4415958671789,-20.218522404414514,17.4608234331955,2,0.3
997.3306619654895,-20.19538073612734,17.521291376871275,2,0.3
1004.267645307891,-20.17201628074934,17.58105246631286,2,0.3
1011.2528791851732,-20.14841924528443,17.640174280560046,2,0.3
1018.2866992063468,-20.124579689553176,17.698726456174054,2,0.3
1025.3694433147675,-20.100497144317174,17.756679728494724,2,0.3
1032.5014518043733,-20.07618085783758,17.813902359498535,2,0.3
1039.6830673360337,-20.051601418049305,17.870668763518704,2,0.3
1046.9146349540124,-20.026797290608023,17.926539043468594,2,0.3
1054.1965021025467,-20.001758662930516,17.981580411210945,2,0.3
1061.5290186425389,-19.976455788575482,18.03607156548424,2,0.3
1068.9125368683667,-19.950927906818976,18.089561421188925,2,0.3
1076.347411524809,-19.92510521309701,18.14275405721021,2,0.3
1083.8339998240897,-19.89907724586883,18.194662937394842,2,0.3
1091.37266146304,-19.872783960370977,18.245888907112786,2,0.3
1098.9637586403808,-19.846235174852428,18.296291034373137,2,0.3
1106.607656074124,-19.819420526759487,18.345943038845288,2,0.3
1114.3047210190957,-19.792380916479186,18.394370763045536,2,0.3
1122.0553232845823,-19.765034039193726,18.442416641061882,2,0.3
1129.859835252096,-19.737451889338338,18.489273220366506,2,0.3
1137.7186318932681,-19.70962443238723,18.535009405261942,2,0.3
1145.6320907878635,-19.681520353437175,18.57992290519038,2,0.3
1153.600592141922,-19.653160659870515,18.623750067207144,2,0.3
1161.6245188060257,-19.624524231248703,18.666679388060828,2,0.3
1169.704256293693,-19.59563244227297,18.7084423419033,2,0.3
1177.840192799901,-19.56644238229883,18.749462108327677,2,0.3
1186.032719219736,-19.537018925479423,18.789000790969823,2,0.3
1194.2822291671753,-19.50731913573624,18.827481562340655,2,0.3
1202.5891189939975,-19.477343109836887,18.864864014504036,2,0.3
1210.9537878088256,-19.44707989467155,18.901226826672378,2,0.3
1219.3766374963034,-19.41655182758168,18.936288997622604,2,0.3
1227.8580727364024,-19.385748141812847,18.970126691889224,2,0.3
1236.3985010238666,-19.35468049222812,19.00257367538567,2,0.3
1244.9983326877905,-19.323326673500002,19.033829502795502,2,0.3
1253.657980911332,-19.29168689254678,19.06385137509424,2,0.3
1262.377861751566,-19.259772988053992,19.092470501397834,2,0.3
1271.1583941594727,-19.22756221442858,19.119891842931196,2,0.3
1280.0000000000673,-19.19507819037449,19.1458188515888,2,0.3
1288.9031040726677,-19.162321618808754,19.170202628447974,2,0.3
1297.8681341313059,-19.12925752251169,19.193379753414167,2,0.3
1306.8955209052763,-19.095933977607366,19.214788961034607,2,0.3
1315.9856981198345,-19.062291682370002,19.235029123897824,2,0.3
1325.1391025170333,-19.028403671480746,19.253269461700295,2,0.3
1334.3561738767062,-18.994185581498297,19.270378619937595,2,0.3
1343.6373550375972,-18.959699038976446,19.285649100240697,2,0.3
1352.9830919186386,-18.92489535601933,19.299563404504113,2,0.3
1362.393833540373,-18.889850121106303,19.311264536608025,2,0.3
1371.8700320465282,-18.85443854709942,19.322053218889238,2,0.3
1381.4121427257405,-18.818787474076387,19.3305213847402,2,0.3
1391.0206240334287,-18.782821770577957,19.337434116317873,2,0.3
1400.6959376138216,-18.746554819654538,19.342603984350973,2,0.3
1410.4385483221372,-18.710026699559904,19.345558121186716,2,0.3
1420.2489242469178,-18.673159993334927,19.347082467452346,2,0.3
1430.1275367325184,-18.63602125354666,19.346420700735887,2,0.3
1440.0748604017533,-18.59854499416546,19.34422865702987,2,0.3
1450.0913731787002,-18.560799043619824,19.33973811615011,2,0.3
1460.177556311661,-18.522757947306246,19.333177099026475,2,0.3
1470.3338943962842,-18.484395402419146,19.324780865463637,2,0.3
1480.560875398848,-18.445712048173796,19.314497139350514,2,0.3
1490.8589906797042,-18.40679283221176,19.301381773815688,2,0.3
1501.2287350168863,-18.367484992812237,19.287006762372958,2,0.3
1511.670606629881,-18.327959044970363,19.26952558438992,2,0.3
1522.1851072035656,-18.288059995018244,19.250528321926392,2,0.3
1532.772741912312,-18.24787468693715,19.229054340414347,2,0.3
1543.4340194442575,-18.207405079699754,19.205039267978183,2,0.3
1554.1694520257447,-18.166608737130097,19.17888242955232,2,0.3
1564.9795554459333,-18.1255015672656,19.150371187686538,2,0.3
1575.8648490815792,-18.084085013713455,19.119444667540588,2,0.3
1586.8258559219898,-18.0424217093533,19.085408181648916,2,0.3
1597.863102594151,-18.00039173035692,19.04946004341566,2,0.3
1608.9771193880288,-17.95807291204685,19.010747526832233,2,0.3
1620.1684402820476,-17.91542040812512,18.969686991137223,2,0.3
1631.4376029687455,-17.87246704945276,18.92589385917384,2,0.3
1642.7851488806082,-17.829247045993846,18.878973502344582,2,0.3
1654.2116232160815,-17.78566634109121,18.829840721981757,2,0.3
1665.7175749657672,-17.741823605329998,18.77744350422954,2,0.3
1677.303556938798,-17.697672701472694,18.722206487691604,2,0.3
1688.9701257893985,-17.653199040815174,18.664230208902477,2,0.3
1700.7178420436294,-17.608438165760457,18.60311009311058,2,0.3
1712.5472701263188,-17.563324679759877,18.539455529121437,2,0.3
1724.4589783881795,-17.517945810140173,18.472346453991754,2,0.3
1736.453539133117,-17.472218073150707,18.40256897179101,2,0.3
1748.531528645724,-17.426248460168615,18.329014863434097,2,0.3
1760.6935272189705,-17.379934649978477,18.25265163499465,2,0.3
1772.940119182083,-17.333332137751377,18.172884501644422,2,0.3
1785.2718929286193,-17.286407748941027,18.089992355673687,2,0.3
1797.6894409447373,-17.239200625277064,18.00354646162062,2,0.3
1810.1933598376636,-17.191733071804162,17.91328757008596,2,0.3
1822.7842503643546,-17.143896356871778,17.82022029786809,2,0.3
1835.4627174603627,-17.095767620078924,17.72355084964124,2,0.3
1848.2293702688994,-17.04740833123995,17.622648804774897,2,0.3
1861.0848221701028,-16.998726581770747,17.5183482914703,2,0.3
1874.0296908105065,-16.949724960566847,17.410575223519682,2,0.3
1887.0645981327166,-16.900426215788325,17.299066879044805,2,0.3
1900.190170405291,-16.85087446069889,17.183365801872206,2,0.3
1913.4070382528298,-16.80103401743356,17.063763159409568,2,0.3
1926.715836686276,-16.750867478802085,16.940558631435987,2,0.3
1940.1172051334202,-16.700461561015423,16.812906450433314,2,0.3
1953.611787469627,-16.649779798995304,16.681101409445027,2,0.3
1967.2002320487684,-16.598762398661787,16.54564157197852,2,0.3
1980.8831917343723,-16.547520837005695,16.40547052362991,2,0.3
1994.661323930994,-16.49599579138001,16.261083845934035,2,0.3
2008.535290615797,-16.444214256314652,16.1121968231322,2,0.3
2022.5057583703617,-16.39213674961279,15.95911749769124,2,0.3
2036.573398412709,-16.339813399316906,15.801359031464656,2,0.3
2050.7388866295505,-16.287227314009446,15.639029766853971,2,0.3
2065.0029036087626,-16.234407726700923,15.4718351573157,2,0.3
2079.366134672083,-16.181290121797144,15.300292314958774,2,0.3
2093.8292699080407,-16.12797547704153,15.123492132291704,2,0.3
2108.3930042051093,-16.07439897183108,14.941952821056239,2,0.3
2123.0580372850936,-16.020591385070556,14.755373679319383,2,0.3
2137.82507373675,-15.966560020337639,14.563657212044141,2,0.3
2152.6948230496346,-15.912261639520565,14.367125300399499,2,0.3
2167.6679996481957,-15.857805378704398,14.164839213290643,2,0.3
2182.7453229260964,-15.803097141229339,13.957541321599992,2,0.3
2197.927517280778,-15.74817009745297,13.744922512444038,2,0.3
2213.2153121482643,-15.693086086237733,13.526453164078484,2,0.3
2228.6094420382083,-15.637746856976765,13.302889144466748,2,0.3
2244.1106465691814,-15.582241938430936,13.073483781635929,2,0.3
2259.7196705042093,-15.526553798891772,12.838348537851282,2,0.3
2275.4372637865536,-15.47072062230621,12.597159904512306,2,0.3
2291.2641815757443,-15.414696237729054,12.350249642909176,2,0.3
2307.2011842838615,-15.358519367123113,12.097293309271983,2,0.3
2323.2490376120686,-15.302201215093225,11.838183597696451,2,0.3
2339.4085125874035,-15.2456933834215,11.573258553547573,2,0.3
2355.6803855998196,-15.189096992690665,11.301742726107788,2,0.3
2372.0654384394898,-15.132426113014857,11.023523519938212,2,0.3
2388.5644583343683,-15.075601295631762,10.739165414929737,2,0.3
2405.178237988013,-15.018665591330816,10.448335956511555,2,0.3
2421.9075756176694,-14.961696721904588,10.15047098214526,2,0.3
2438.753274992625,-14.9045801345675,9.84636944510653,2,0.3
2455.716145472823,-14.84746031210597,9.535009564311574,2,0.3
2472.797002047752,-14.790287627735543,9.216736137668466,2,0.3
2489.9966653755996,-14.733077697154641,8.891438602678242,2,0.3
2507.3159618226828,-14.675812048205598,8.559237425130176,2,0.3
2524.755723503151,-14.618576629006704,8.219560139037025,2,0.3
2542.3167883189644,-14.561462236193245,7.871829653129801,2,0.3
2560.0000000001537,-14.504237792009105,7.517560958956383,2,0.3
2577.806208145355,-14.447026610084752,7.155950219462585,2,0.3
2595.736268262631,-14.389996586364589,6.785954309488988,2,0.3
2613.7910418105726,-14.333021493207518,6.408397497881431,2,0.3
2631.971396239689,-14.276159699511616,6.022938927981361,2,0.3
2650.2782050340866,-14.219277050731192,5.630410708012335,2,0.3
2668.7123477534324,-14.162667644237075,5.229066456290166,2,0.3
2687.274710075215,-14.106199561583226,4.819740708894886,2,0.3
2705.9661838372976,-14.049895892440913,4.402331972552496,2,0.3
2724.7876670807664,-13.99378057426648,3.976740476048784,2,0.3
2743.740064093077,-13.937962677241703,3.5423987867326034,2,0.3
2762.824285451502,-13.882386124198817,3.0996816899097404,2,0.3
2782.0412480668783,-13.827034139289696,2.6487309763532916,2,0.3
2801.391875227664,-13.772020400539658,2.1889878098485758,2,0.3
2820.8770966442953,-13.717241200144816,1.721067387244544,2,0.3
2840.4978484938565,-13.662948709073524,1.243718048059907,2,0.3
2860.2550734650586,-13.608995099875296,0.757795217682562,2,0.3
2880.1497208035285,-13.55550298582318,0.26275831646874,2,0.3
2900.1827463574223,-13.50245919952846,-0.24123003179096272,2,0.3
2920.355112623344,-13.44984880213448,-0.7540053832135325,2,0.3
2940.6677887925907,-13.397752515885921,-1.2758600694823423,2,0.3
2961.121750797718,-13.34620529590524,-1.806849018151871,2,0.3
2981.717981359431,-13.295293162648553,-2.347247661089877,2,0.3
3002.4574700337953,-13.244953290378724,-2.896643799190362,2,0.3
3023.3412132597846,-13.19511806278092,-3.4546294905595003,2,0.3
3044.3702144071544,-13.146185558049833,-4.022802082014002,2,0.3
3065.545483824648,-13.097726658006994,-4.5991786668521195,2,0.3
3086.868038888538,-13.050254246390123,-5.185765390098606,2,0.3
3108.338904051513,-13.0034911773396,-5.781244008700049,2,0.3
3129.9591108918903,-12.9575850893677,-6.386050123035774,2,0.3
3151.7296981631816,-12.912466480899791,-6.999744822734803,2,0.3
3173.651711844004,-12.868343821525887,-7.622946780385605,2,0.3
3195.726205188326,-12.825148089179521,-8.25519966828556,2,0.3
3217.954238776082,-12.782863057691959,-8.896261442114865,2,0.3
3240.3368805641194,-12.74176406976193,-9.546898626336823,2,0.3
3262.8752059375156,-12.70178125882882,-10.206628603219798,2,0.3
3285.570297761241,-12.662718842381455,-10.874589486780534,2,0.3
3308.4232464321876,-12.624857409511916,-11.551496121050164,2,0.3
3331.435149931559,-12.588242481569004,-12.237244524984755,2,0.3
3354.607113877621,-12.552857273339592,-12.9315326916479,2,0.3
3377.9402515788224,-12.518808219394352,-13.634422657429429,2,0.3
3401.4356840872842,-12.486204333559566,-14.345948033130092,2,0.3
3425.094540252663,-12.454770820383184,-15.065073612490417,2,0.3
3448.9179567763854,-12.424739451030565,-15.792185160402358,2,0.3
3472.9070782662598,-12.396152487508289,-16.52711190394806,2,0.3
3497.0630572914743,-12.369117921700193,-17.269829805960295,2,0.3
3521.387054437968,-12.343678615949154,-18.02012761351202,2,0.3
3545.880238364193,-12.319674014358961,-18.777328939694836,2,0.3
3570.543785857265,-12.29727599309335,-19.541530268871917,2,0.3
3595.378881889502,-12.276660108473527,-20.312775838765106,2,0.3
3620.3867196753545,-12.257451503621326,-21.089975289427482,2,0.3
3645.5685007287366,-12.240307081015708,-21.874097412963067,2,0.3
3670.9254349207527,-12.224636820088824,-22.663670340202465,2,0.3
3696.458740537827,-12.210891860099194,-23.45918599277753,2,0.3
3722.1696443402334,-12.198892694484567,-24.25997604977902,2,0.3
3748.0593816210417,-12.188667372925412,-25.06575091249167,2,0.3
3774.129196265462,-12.180314241659227,-25.87631223929168,2,0.3
3800.3803408106105,-12.1737865546528,-26.69123925488002,2,0.3
3826.8140765056887,-12.169252363932104,-27.510392360709137,2,0.3
3853.43167337258,-12.166514886682368,-28.333163612244036,2,0.3
3880.2344102668694,-12.165958516098252,-29.159619682176157,2,0.3
3907.223574939284,-12.167160713764282,-29.988930496018842,2,0.3
3934.400464097566,-12.170281532116668,-30.820917757296662,2,0.3
3961.7663834687746,-12.175480859102734,-31.655347193662937,2,0.3
3989.322647862018,-12.182694791919918,-32.49177925192394,2,0.3
4017.070581231624,-12.191781617819053,-33.32975482023685,2,0.3
4045.011516740754,-12.20289453899733,-34.16901187813711,2,0.3
4073.1467968254487,-12.216035923269036,-35.009174976961816,2,0.3
4101.477773259132,-12.231130808192752,-35.84984577719009,2,0.3
4130.005807217556,-12.248251181410609,-36.690686516747206,2,0.3
4158.732269344197,-12.26716742272345,-37.53129617177638,2,0.3
4187.658539816113,-12.288320904588442,-38.37138364123207,2,0.3
4216.78600841025,-12.311178105769418,-39.210549558423686,2,0.3
4246.116074570219,-12.336175507625953,-40.048451520764715,2,0.3
4275.650147473531,-12.362925221158903,-40.88477961388583,2,0.3
4305.389646099301,-12.391634818030358,-41.719174532051646,2,0.3
4335.335999296423,-12.422211205571362,-42.55132515730481,2,0.3
4365.4906458522255,-12.454782079546556,-43.38084535939459,2,0.3
4395.8550345615895,-12.489250041926617,-44.207434503691935,2,0.3
4426.430624296562,-12.525295953456734,-45.03097339498491,2,0.3
4457.21888407645,-12.563336097790703,-45.85090167895264,2,0.3
4488.2212931383965,-12.602902666516922,-46.66725450941374,2,0.3
4519.439341008452,-12.644114996910938,-47.47968637436625,2,0.3
4550.874527573141,-12.687305622459949,-48.28759505062016,2,0.3
4582.528363151522,-12.732079223519852,-49.09106045736354,2,0.3
4614.402368567757,-12.778547463341592,-49.88969932344417,2,0.3
4646.498075224173,-12.826319945911319,-50.68372433001592,2,0.3
4678.817025174842,-12.87600359863456,-51.472134825378525,2,0.3
4711.360771199674,-12.926924439395123,-52.2555594353143,2,0.3
4744.130876879015,-12.97933117938392,-53.03345362822051,2,0.3
4777.128916668773,-13.033326036501405,-53.805422832188825,2,0.3
4810.356475976061,-13.088800391839026,-54.5713923895892,2,0.3
4843.815151235375,-13.145510601773559,-55.331561248284736,2,0.3
4877.506549985286,-13.20348999863475,-56.08569612430716,2,0.3
4911.432290945683,-13.262836947285892,-56.83342611983784,2,0.3
4945.594004095541,-13.323378780457052,-57.57489205621755,2,0.3
4979.9933307512365,-13.385211636552354,-58.3097277235977,2,0.3
5014.631923645403,-13.448099638475428,-59.038255953290495,2,0.3
5049.511447006339,-13.512138683537039,-59.760127177152306,2,0.3
5084.633576637967,-13.577420303780798,-60.47497004707881,2,0.3
5120.000000000346,-13.64358529583377,-61.18347028897394,2,0.3
5155.612416290749,-13.710918315236357,-61.88482271000735,2,0.3
5191.4725365253,-13.779129500756444,-62.57960745994182,2,0.3
5227.582083621183,-13.8481869394713,-63.26781175401675,2,0.3
5263.942792479418,-13.918365908531547,-63.9485940866585,2,0.3
5300.556410068212,-13.989262209626215,-64.6229313217871,2,0.3
5337.424695506905,-14.061087930109647,-65.29014922463138,2,0.3
5374.54942015047,-14.133629668402216,-65.95076545710707,2,0.3
5411.932367674636,-14.206976366350997,-66.60444490005412,2,0.3
5449.575334161574,-14.281096268521093,-67.25119960419806,2,0.3
5487.480128186196,-14.355843166401492,-67.8914148839312,2,0.3
5525.648570903045,-14.431361438347878,-68.52457190098639,2,0.3
5564.082496133798,-14.507450667190229,-69.15125732899216,2,0.3
5602.78375045537,-14.584253043735957,-69.77094895990031,2,0.3
5641.754193288633,-14.661573439310017,-70.38425622435805,2,0.3
5680.995696987757,-14.739442910454848,-70.99104105491459,2,0.3
5720.51014693016,-14.817890837328196,-71.59116148095568,2,0.3
5760.2994416071,-14.896891672815794,-72.18466951932056,2,0.3
5800.365492714889,-14.976209975796646,-72.77241575872873,2,0.3
5840.710225246731,-15.05608938382097,-73.35347601863651,2,0.3
5881.335577585225,-15.136453438241745,-73.92810893334261,2,0.3
5922.243501595481,-15.21717797774982,-74.49678451251174,2,0.3
5963.435962718906,-15.298345517098236,-75.05916887118248,2,0.3
6004.914940067636,-15.379786044562602,-75.61594623830698,2,0.3
6046.682426519615,-15.461681216590886,-76.16637224257978,2,0.3
6088.740428814354,-15.543767081102706,-76.71155177984659,2,0.3
6131.090967649341,-15.626367817084326,-77.25011357539753,2,0.3
6173.736077777122,-15.709033414097046,-77.78400431279049,2,0.3
6216.6778081030725,-15.792178641383765,-78.311428139531,2,0.3
6259.918221783827,-15.875550237043095,-78.83350667040693,2,0.3
6303.4593963264115,-15.959089770062185,-79.35053251474024,2,0.3
6347.303423688055,-16.042877337859444,-79.86216644974748,2,0.3
6391.4524103767,-16.126989340985197,-80.36806496656577,2,0.3
6435.9084775522115,-16.211233325369065,-80.86915486296327,2,0.3
6480.673761128287,-16.295600541388307,-81.365519061301,2,0.3
6525.750411875079,-16.38021227776922,-81.85660097721372,2,0.3
6571.140595522531,-16.46497084809872,-82.34290607466262,2,0.3
6616.846492864425,-16.549909662536983,-82.8243013559841,2,0.3
6662.870299863169,-16.635018952098875,-83.30086611624402,2,0.3
6709.214227755292,-16.720207035269905,-83.77310662489441,2,0.3
6755.880503157695,-16.805549449449458,-84.24067419788331,2,0.3
6802.871368174619,-16.891078090888694,-84.70343262184288,2,0.3
6850.189080505378,-16.97662449585828,-85.16231408105378,2,0.3
6897.835913552822,-17.06230333618515,-85.61675335096525,2,0.3
6945.814156532571,-17.14806864495025,-86.06703947334985,2,0.3
6994.126114583001,-17.233915079001967,-86.51324671373797,2,0.3
7042.774108875988,-17.319837649377966,-86.95544833402671,2,0.3
7091.760476728439,-17.405906821297204,-87.39329011672136,2,0.3
7141.087571714584,-17.491967189883567,-87.82769656556755,2,0.3
7190.757763779057,-17.57809072949029,-88.25831097755255,2,0.3
7240.773439350762,-17.66423744258009,-88.68541487945947,2,0.3
7291.137001457528,-17.750584548754016,-89.10801426648918,2,0.3
7341.850869841561,-17.83687570041815,-89.52766293492986,2,0.3
7392.917481075709,-17.92314673787864,-89.94421215372788,2,0.3
7444.339288680522,-18.009536143066033,-90.35687958987974,2,0.3
7496.118763242139,-18.096004884579777,-90.76594167819883,2,0.3
7548.258392530979,-18.182380078171597,-91.1725138397726,2,0.3
7600.760681621277,-18.26896622065617,-91.57476265855415,2,0.3
7653.628153011434,-18.355424264535472,-91.97484971342143,2,0.3
7706.863346745218,-18.441922253087277,-92.37178191059441,2,0.3
7760.468820533797,-18.528556177842148,-92.76499127234091,2,0.3
7814.447149878626,-18.61509700705515,-93.15599518180576,2,0.3
7868.800928195191,-18.701674967377475,-93.5440129391822,2,0.3
7923.532766937609,-18.788320620804278,-93.92889186744448,2,0.3
7978.645295724095,-18.874908012486546,-94.31151269446947,2,0.3
8034.141162463309,-18.961562559035286,-94.69109901538411,2,0.3
8090.023033481568,-19.048222061069314,-95.0681142637035,2,0.3
8146.293593650958,-19.134857159122404,-95.44281151134759,2,0.3
8202.955546518326,-19.221469634368592,-95.81523620678435,2,0.3
8260.011614435174,-19.308179110800125,-96.1846183276741,2,0.3
8317.464538688457,-19.39492551629177,-96.55141430180754,2,0.3
8375.317079632288,-19.481593741485888,-96.91647944988428,2,0.3
8433.572016820564,-19.568301810624217,-97.2790442729801,2,0.3
8492.232149140504,-19.65502185195038,-97.63935373204221,2,0.3
8551.300294947127,-19.74172726404444,-97.99764928847473,2,0.3
8610.779292198666,-19.828475605827048,-98.35356940305668,2,0.3
8670.671998592914,-19.91524011388718,-98.70735425398459,2,0.3
8730.981291704516,-20.001968151938236,-99.05943899401171,2,0.3
8791.710069123244,-20.08871656568139,-99.40946118691396,2,0.3
8852.86124859319,-20.17551349088925,-99.75725995421372,2,0.3
8914.437768152968,-20.262307252874106,-100.10326573882918,2,0.3
8976.44258627686,-20.349100357729245,-100.44751108235997,2,0.3
9038.878682016972,-20.43594679571466,-100.789637369282,2,0.3
9101.74905514635,-20.52279660842466,-101.13006845286947,2,0.3
9165.056726303115,-20.60962715151073,-101.46902812350052,2,0.3
9228.804737135582,-20.696466732982547,-101.8063504388932,2,0.3
9292.996150448414,-20.783367376157518,-102.14167902731518,2,0.3
9357.634050349754,-20.870281252040897,-102.47542909074495,2,0.3
9422.721542399418,-20.95718674056972,-102.80781852818559,2,0.3
9488.261753758103,-21.044183152537638,-103.13811020774355,2,0.3
9554.257833337617,-21.131104656680442,-103.46766307026773,2,0.3
9620.712951952195,-21.21812136446014,-103.79517116327318,2,0.3
9687.630302470823,-21.305117311213053,-104.12160584426353,2,0.3
9755.013099970645,-21.3922349004659,-104.44586133252714,2,0.3
9822.864581891441,-21.47929124759706,-104.7694631229429,2,0.3
9891.188008191157,-21.56640475437228,-105.09149445496301,2,0.3
9959.98666150255,-21.653554925821034,-105.41216430596695,2,0.3
10029.26384729088,-21.740722132201743,-105.73167823019183,2,0.3
10099.022894012754,-21.82797551404828,-106.04950249747753,2,0.3
10169.26715327601,-21.915251023293525,-106.36621084291842,2,0.3
10240.000000000768,-22.002530246453208,-106.68200285987652,2,0.3
10311.224832581574,-22.089902366960644,-106.99616551326098,2,0.3
10382.945073050678,-22.17726284800937,-107.30962684424874,2,0.3
10455.164167242447,-22.264699799510282,-107.62167628657775,2,0.3
10527.885584958914,-22.35219429754267,-107.93251273554037,2,0.3
10601.112820136505,-22.439707624760317,-108.24251082158555,2,0.3
10674.849391013888,-22.527284084704867,-108.55132571965503,2,0.3
10749.098840301021,-22.614926039167983,-108.85897302523603,2,0.3
10823.864735349352,-22.702615831538342,-109.16564481839536,2,0.3
10899.15066832323,-22.79039595670511,-109.47100120121623,2,0.3
10974.960256372473,-22.87818964483192,-109.77576071615879,2,0.3
11051.297141806172,-22.966059133724862,-110.07940636625281,2,0.3
11128.16499226768,-23.053987383727073,-110.38212573157695,2,0.3
11205.567500910824,-23.141996213847513,-110.68375627734265,2,0.3
11283.508386577352,-23.23003106069253,-110.984828966554,2,0.3
11361.991393975597,-23.31817057577887,-111.28466146494154,2,0.3
11441.020293860403,-23.40637921136375,-111.58361051605833,2,0.3
11520.598883214287,-23.494641159772357,-111.88185628377184,2,0.3
11600.730985429864,-23.58299592388701,-112.17906573761341,2,0.3
11681.420450493551,-23.671427448228314,-112.47541903947118,2,0.3
11762.671155170538,-23.759920308865766,-112.77109329036472,2,0.3
11844.48700319105,-23.848512886066544,-113.06575856452439,2,0.3
11926.871925437901,-23.937171944199655,-113.35975932929719,2,0.3
12009.82988013536,-24.025917723489577,-113.65293439995669,2,0.3
12093.36485303932,-24.1147525316379,-113.94529097013624,2,0.3
12177.4808576288,-24.203661543593682,-114.23700124805644,2,0.3
12262.181935298773,-24.29268133044427,-114.52774057982106,2,0.3
12347.472155554336,-24.381763262588127,-114.81800922468746,2,0.3
12433.355616206238,-24.470960300581027,-115.10731936334801,2,0.3
12519.836443567749,-24.56025761277063,-115.3958414573249,2,0.3
12606.918792652916,-24.6496409338716,-115.6837430586954,2,0.3
12694.606847376202,-24.739128920105493,-115.97086619547518,2,0.3
12782.904820753494,-24.828723556112816,-116.25721595901693,2,0.3
12871.816955104521,-24.918395000391655,-116.54311722139751,2,0.3
12961.347522256672,-25.008161771160765,-116.82841133858932,2,0.3
13051.500823750257,-25.09807297745236,-117.11262466378938,2,0.3
13142.28119104516,-25.188067723933475,-117.39639751884714,2,0.3
13233.69298572895,-25.27816396163317,-117.67957259889788,2,0.3
13325.740599726436,-25.368394222506552,-117.96183823747953,2,0.3
13418.428455510686,-25.458699587491893,-118.24382443674423,2,0.3
13511.761006315492,-25.549172435099003,-118.52459596362368,2,0.3
13605.74273634934,-25.639709702593258,-118.80524565933615,2,0.3
13700.378161010858,-25.73038781459306,-119.08499790427003,2,0.3
13795.671827105747,-25.82114985033256,-119.36447172853218,2,0.3
13891.628313065248,-25.912070408493552,-119.64289947197152,2,0.3
13988.252229166108,-26.003107401833432,-119.92074435780641,2,0.3
14085.548217752083,-26.094234391558846,-120.19831019077735,2,0.3
14183.520953456982,-26.18550989638551,-120.47498937120075,2,0.3
14282.175143429275,-26.276907132569228,-120.7510866715174,2,0.3
14381.515527558222,-26.368441523507876,-121.02645234348911,2,0.3
14481.546878701633,-26.460087093946218,-121.30138648525205,2,0.3
14582.274002915165,-26.551886298794017,-121.57544137189967,2,0.3
14683.70173968323,-26.643773090866162,-121.84935997342482,2,0.3
14785.834962151528,-26.73581633746103,-122.12239971484621,2,0.3
14888.678577361155,-26.828003650723723,-122.39471038347527,2,0.3
14992.23752648439,-26.920297070572076,-122.66673131916515,2,0.3
15096.516785062071,-27.012737379149627,-122.93802161970928,2,0.3
15201.521363242668,-27.105325570582693,-123.20858217638991,2,0.3
15307.256306022984,-27.198024632066833,-123.47884648617799,2,0.3
15413.726693490553,-27.290899240492266,-123.74809157883497,2,0.3
15520.93764106771,-27.38387502947642,-124.0171798190735,2,0.3
15628.894299757369,-27.477015786360326,-124.28539229752863,2,0.3
15737.6018563905,-27.570297584114197,-124.5530148324433,2,0.3
15847.065533875337,-27.66370945344847,-124.8201871045914,2,0.3
15957.29059144831,-27.757276760146677,-125.0866244583623,2,0.3
16068.282324926739,-27.850988347131747,-125.35246700741801,2,0.3
16180.046066963258,-27.944833463944466,-125.61785238828463,2,0.3
16292.587187302037,-28.03881340544561,-125.88277695361847,2,0.3
16405.911093036775,-28.13295250228384,-126.14696052672141,2,0.3
16520.023228870472,-28.22726275495693,-126.410265248427,2,0.3
16634.92907737704,-28.321699082263308,-126.67324078869741,2,0.3
16750.634159264704,-28.41627416405144,-126.93574500703465,2,0.3
16867.144033641256,-28.511033560602357,-127.1972304603163,2,0.3
16984.464298281135,-28.605911021514558,-127.45851187614646,2,0.3
17102.600589894384,-28.700962736282936,-127.71890817422803,2,0.3
17221.558584397462,-28.79614555165712,-127.97895694744284,2,0.3
17341.343997185955,-28.891503544622232,-128.23811815215956,2,0.3
17461.962583409164,-28.987004917352756,-128.49679165720258,2,0.3
17583.42013824662,-29.082661059868347,-128.7548408320197,2,0.3
17705.72249718651,-29.17848292780739,-129.01213132594478,2,0.3
17828.875536306066,-29.274429527860622,-129.26918711300098,2,0.3
17952.885172553855,-29.370563471701942,-129.525216549363,2,0.3
18077.75736403408,-29.46683379118049,-129.78087243664916,2,0.3
18203.498110292836,-29.563271532826725,-130.03576015521614,2,0.3
18330.113452606365,-29.659866886536896,-130.29000759174428,2,0.3
18457.609474271307,-29.756630040869293,-130.54348362725463,2,0.3
18585.99230089697,-29.853531865984646,-130.7965704771651,2,0.3
18715.26810069965,-29.950582867398406,-131.04913468961146,2,0.3
18845.44308479898,-30.04783130683958,-131.30053854157512,2,0.3
18976.523507516347,-30.145191281663045,-131.55192056126228,2,0.3
19108.51566667538,-30.242739251373713,-131.80226535393686,2,0.3
19241.425903904536,-30.340456052918444,-132.0518249683169,2,0.3
19375.260604941792,-30.43829570015397,-132.30122002703814,2,0.3
19510.026199941436,-30.536323017912697,-132.5495741624271,2,0.3
19645.729163783028,-30.634501321475554,-132.79738247672378,2,0.3
19782.376016382463,-30.732848782412987,-133.04439494548035,2,0.3
19919.973323005244,-30.831347552776336,-133.29085453670535,2,0.3
20058.527694581913,-30.929997929244145,-133.53675659801036,2,0.3
20198.045788025658,-31.02882612739841,-133.78173343059774,2,0.3
20338.53430655217,-31.12780592520528,-134.02614677100541,2,0.3
20480.00000000169,-31.226954497251697,-134.26975215712275,2,0.3
20622.4496651633,-31.32625473813867,-134.51278697269652,2,0.3
20765.890146101516,-31.425715124629953,-134.75512777812918,2,0.3
20910.32833448505,-31.525343774585117,-134.99665334949162,2,0.3
21055.771169917985,-31.625115871807882,-135.23771546620193,2,0.3
21202.22564027317,-31.725072072361684,-135.477722118901,2,0.3
21349.698782027936,-31.825163571935477,-135.71737490423425,2,0.3
21498.197680602203,-31.925438312970815,-135.955969620754,2,0.3
21647.72947069887,-32.025848422171855,-136.19420131251596,2,0.3
21798.301336646622,-32.12643309103684,-136.4314873313528,2,0.3
21949.920512745113,-32.22718392104779,-136.66794246375903,2,0.3
22102.59428361251,-32.328062468727,-136.90413484417343,2,0.3
22256.32998453553,-32.429129436512305,-137.1391484046229,2,0.3
22411.135001821818,-32.53034642028883,-137.37355077471707,2,0.3
22567.01677315487,-32.63172066986555,-137.6072252464555,2,0.3
22723.98278795137,-32.73325911038417,-137.84005729302734,2,0.3
22882.04058772098,-32.834946734160965,-138.07226810561417,2,0.3
23041.197766428744,-32.93679763650096,-138.30363202021508,2,0.3
23201.4619708599,-33.03879707488513,-138.53436812856046,2,0.3
23362.840900987278,-33.140958812357276,-138.76425296232665,2,0.3
23525.342310341253,-33.243268368312535,-138.99350352724343,2,0.3
23688.974006382276,-33.34574601791984,-139.22179003316825,2,0.3
23853.743850875984,-33.448363791175396,-139.44954496863392,2,0.3
24019.6597602709,-33.55116180257296,-139.6761178396439,2,0.3
24186.729706078822,-33.65409232527873,-139.9022608945036,2,0.3
24354.96171525778,-33.75718169737473,-140.12754125527024,2,0.3
24524.363870597732,-33.86042917885906,-140.35195799859508,2,0.3
24694.944311108862,-33.96382118385594,-140.57572091935828,2,0.3
24866.711232412665,-34.06736370939563,-140.79872118247187,2,0.3
25039.672887135683,-34.17107502895312,-141.02064348578662,2,0.3
25213.837585306024,-34.274916665276784,-141.2421128206676,2,0.3
25389.213694752598,-34.37891936526489,-141.4626058718715,2,0.3
25565.809641507185,-34.48308212293111,-141.68212345543142,2,0.3
25743.63391020923,-34.58737384104486,-141.90117750733884,2,0.3
25922.695044513537,-34.69182423623866,-142.11925261627854,2,0.3
26103.00164750071,-34.796414614053205,-142.33665323826153,2,0.3
26284.562382090517,-34.90116198571181,-142.553073636948,2,0.3
26467.385971458098,-35.00605378419958,-142.76871507201744,2,0.3
26651.481199453076,-35.11110073323509,-142.98337613189392,2,0.3
26836.856911021572,-35.21627923027698,-143.1974543362758,2,0.3
27023.522012631187,-35.32160010293348,-143.41074729852681,2,0.3
27211.485472698885,-35.42706815970925,-143.62315484966112,2,0.3
27400.75632202192,-35.532687956489575,-143.83457885934115,2,0.3
27591.3436542117,-35.638447621449316,-144.0452145284284,2,0.3
27783.256626130707,-35.74434642117518,-144.25505978981144,2,0.3
27976.504458332423,-35.85038361015676,-144.464112541467,2,0.3
28171.096435504372,-35.95655842934018,-144.6723706175142,2,0.3
28367.04190691418,-36.06288042131294,-144.87964155755853,2,0.3
28564.35028685876,-36.16933824405292,-145.0861151023128,2,0.3
28763.031055116662,-36.27593107857052,-145.29178852638108,2,0.3
28963.093757403483,-36.38266305444208,-145.49656507172674,2,0.3
29164.548005830547,-36.4895281498326,-145.70053546722656,2,0.3
29367.403479366687,-36.596535088821135,-145.90350946240548,2,0.3
29571.669924303278,-36.70367265976317,-146.10566719591202,2,0.3
29777.35715472254,-36.810939192122554,-146.30699794696991,2,0.3
29984.475052969006,-36.918336705465386,-146.50739283180113,2,0.3
30193.03357012437,-37.02585955344289,-146.7068213874472,2,0.3
30403.042726485564,-37.13348364164357,-146.90540621383795,2,0.3
30614.512612046197,-37.24116510682223,-147.10290846824748,2,0.3
30827.45338698134,-37.34873139178564,-147.30038864308014,2,0.3
31041.875282135654,-37.45685508255618,-147.50039451339495,2,0.3
31257.788599514974,-37.56537305753059,-147.6957387403903,2,0.3
31475.203712781236,-37.67379375647045,-147.8895889476077,2,0.3
31694.13106775091,-37.78226470809196,-148.0830155375316,2,0.3
31914.581182896858,-37.89083844647819,-148.2757667822353,2,0.3
32136.564649853717,-37.9995429713746,-148.46744019438768,2,0.3
32360.09213392676,-38.108356048841245,-148.65852638569487,2,0.3
32585.17437460432,-38.21729935044258,-148.84857925053305,2,0.3
32811.8221860738,-38.32636022306785,-149.0378480252084,2,0.3
33040.04645774119,-38.43554225106618,-149.22624218884027,2,0.3
33269.85815475433,-38.544844685632725,-149.4137590697154,2,0.3
33501.26831852966,-38.65425884921033,-149.60056416586016,2,0.3
33734.28806728276,-38.76379574562171,-149.78640492662123,2,0.3
33968.928596562524,-38.87344666312603,-149.9714476533916,2,0.3
34205.20117978902,-38.98321836632837,-150.15552692337204,2,0.3
34443.11716879519,-39.09310603685289,-150.3387261451084,2,0.3
34682.68799437217,-39.20310872351835,-150.5210458930207,2,0.3
34923.92516681859,-39.31322182090823,-150.70256759152346,2,0.3
35166.8402764935,-39.423451717917,-150.88313018339628,2,0.3
35411.44499437329,-39.53378306771104,-151.06305514465035,2,0.3
35657.7510726124,-39.644232908797164,-151.24194263758352,2,0.3
35905.77034510798,-39.75479306830886,-151.4199542055938,2,0.3
36155.51472806843,-39.86546259013407,-151.5970909236482,2,0.3
36406.99622058595,-39.97624051933144,-151.7733538958846,2,0.3
36660.22690521301,-40.08712590220121,-151.9487442426526,2,0.3
36915.21894854289,-40.19811446788636,-152.12334019096892,2,0.3
37171.98460179422,-40.30921194089055,-152.29698819448365,2,0.3
37430.53620139958,-40.42041401142405,-152.46976687121688,2,0.3
37690.88616959824,-40.53171652704971,-152.64175299925887,2,0.3
37953.04701503298,-40.643118649093694,-152.81294615028224,2,0.3
38217.03133335104,-40.75463515129884,-152.98297121446402,2,0.3
38482.85180780936,-40.86624300850148,-153.1523551489625,2,0.3
38750.521209883875,-40.977953771423856,-153.3207979385528,2,0.3
39020.05239988316,-41.089760293132976,-153.48844748123847,2,0.3
39291.458327566346,-41.20166757201146,-153.65515449918266,2,0.3
39564.752032765224,-41.31367139962463,-153.82098965922293,2,0.3
39839.94664601079,-41.42576751753459,-153.9860188881813,2,0.3
40117.05538916413,-41.53795998915082,-154.15008509890959,2,0.3
40396.09157605162,-41.65024872974958,-154.31309466765558,2,0.3
40677.068613104646,-41.762616590999414,-154.47528534042647,2,0.3
40960.00000000368,-41.875047588433105,-154.6365413520732,2,0.3
41244.899330326916,-41.98748955342598,-154.7961659694786,2,0.3
41531.78029220334,-42.09949429681416,-154.95526356327568,2,0.3
41820.65666897041,-42.21234357434399,-155.12282009830645,2,0.3
42111.54233983629,-42.3257746374795,-155.27991169017852,2,0.3
42404.45128054665,-42.43882547252932,-155.43629488131342,2,0.3
42699.3975640562,-42.55188256775639,-155.59233845952568,2,0.3
42996.39536120473,-42.66500715115305,-155.7477084302311,2,0.3
43295.458941398065,-42.77820694656981,-155.90243268983633,2,0.3
43596.60267329357,-42.89149546847994,-156.05619566345652,2,0.3
43899.84102549055,-43.00485867426491,-156.20937789953598,2,0.3
44205.18856722535,-43.11830644241036,-156.36170009207711,2,0.3
44512.659969071385,-43.23183587036212,-156.51322345563256,2,0.3
44822.27000364397,-43.3454487054393,-156.66387994052857,2,0.3
45134.033546310086,-43.45913952123615,-156.81379959927105,2,0.3
45447.96557590307,-43.57291684643599,-156.9627231801923,2,0.3
45764.081175442305,-43.68676833469565,-157.11097568737213,2,0.3
46082.39553285784,-43.800697861586386,-157.25842848157245,2,0.3
46402.92394172015,-43.91471127875327,-157.404893010366,2,0.3
46725.681801974904,-44.028796650186266,-157.550689412322,2,0.3
47050.68462068286,-44.14295982847121,-157.69562952800712,2,0.3
47377.94801276491,-44.25719783071728,-157.83977878532656,2,0.3
47707.487701752325,-44.37151408783215,-157.98301569510215,2,0.3
48039.319520542165,-44.485899378081974,-158.12559057676054,2,0.3
48373.45941215801,-44.60035719401736,-158.2673813280668,2,0.3
48709.923430515926,-44.71489284474799,-158.4082082381442,2,0.3
49048.72774119583,-44.82949536444252,-158.54837869688106,2,0.3
49389.888622218095,-44.944172045357874,-158.6876531244527,2,0.3
49733.4224648257,-45.05891615674454,-158.82621496948752,2,0.3
50000.0,-45.14745643268763,-158.93260491302595,2,0.3
10.0,-17.979768320463755,-0.2308154157125444,3,0.4
10.069555500567189,-17.98004592906328,-0.23178170721148603,3,0.4
10.139594797900294,-17.98031147584949,-0.23274165899423102,3,0.4
10.210121257071936,-17.98059706073324,-0.2336985070573063,3,0.4
10.281138266560667,-17.98087702529141,-0.23464926602590938,3,0.4
10.352649238413779,-17.98116421633018,-0.23559510981946843,3,0.4
10.424657608411218,-17.981445812115588,-0.23653439807027976,3,0.4
10.497166836230678,-17.98173465906225,-0.23746831885425077,3,0.4
10.57018040561381,-17.98203076940773,-0.23839665156047835,3,0.4
10.643701824533608,-17.98233415561555,-0.23931917214582685,3,0.4
10.71773462536294,-17.982625582298382,-0.24023344645579423,3,0.4
10.792282365044281,-17.982937143040733,-0.24114289871976025,3,0.4
10.867348625260592,-17.983243187387387,-0.2420443406545461,3,0.4
10.942937012607405,-17.98354372985119,-0.24293749971948822,3,0.4
11.019051158766118,-17.983870860829164,-0.24382589159663393,3,0.4
11.095694720678463,-17.984173272756326,-0.24470320882158694,3,0.4
11.172871380722214,-17.984489470950706,-0.2455737354731489,3,0.4
11.250584846888108,-17.98482588339722,-0.24643801261584303,3,0.4
11.328838852958,-17.985137623286406,-0.2472903447680243,3,0.4
11.407637158684253,-17.985469606762486,-0.24813589912340944,3,0.4
11.486983549970367,-17.985802605897735,-0.24897206548627446,3,0.4
11.566881839052892,-17.98613663643032,-0.24979855831242415,3,0.4
11.647335864684578,-17.98647171434806,-0.2506150882109789,3,0.4
11.728349492318808,-17.986820682091857,-0.25142298790158457,3,0.4
11.809926614295325,-17.987157903299007,-0.25221872103080467,3,0.4
11.892071150027233,-17.987515459304543,-0.2530060771329131,3,0.4
11.97478704618931,-17.9878677153708,-0.25378148088243796,3,0.4
12.05807827690763,-17.98821468955614,-0.25454460470133555,3,0.4
12.141948843950495,-17.98858845960213,-0.2552993426287052,3,0.4
12.226402776920713,-17.98894415892175,-0.2560394955127137,3,0.4
12.31144413344919,-17.989307453423116,-0.25676811787927767,3,0.4
12.397076999389895,-17.989671949676513,-0.25748404123151153,3,0.4
12.48330548901615,-17.99005048806977,-0.25818868231181036,3,0.4
12.570133745218314,-17.99043026485635,-0.25887999374397225,3,0.4
12.657565939702833,-17.99081129933354,-0.2595576412673311,3,0.4
12.745606273192656,-17.991193611103895,-0.2602212869026432,3,0.4
12.834258975629076,-17.99158362990624,-0.2608714886310574,3,0.4
12.923528306374958,-17.991968556091223,-0.2615061088791554,3,0.4
13.013418554419374,-17.992367638797525,-0.26212751907183335,3,0.4
13.10393403858367,-17.992761670260748,-0.2627326465676166,3,0.4
13.195079107728983,-17.993163489980017,-0.2633229704895077,3,0.4
13.286858140965156,-17.993566710197594,-0.2638972175960034,3,0.4
13.379275547861162,-17.993971352783692,-0.26445502502626606,3,0.4
13.472335768656947,-17.994383847899215,-0.26499697704192793,3,0.4
13.566043274476765,-17.99480421717893,-0.2655227264930755,3,0.4
13.660402567544,-17.995219668059175,-0.2660299917743187,3,0.4
13.755418181397484,-17.995649445801853,-0.26652129400373487,3,0.4
13.851094681109295,-17.99608075880448,-0.2669943377510592,3,0.4
13.947436663504105,-17.996500818218554,-0.26744676270633727,3,0.4
14.044448757380025,-17.996941680895727,-0.2678831201729996,3,0.4
14.142135623731003,-17.997384151398187,-0.268300078211566,3,0.4
14.240501955970773,-17.99781544378264,-0.2686952196572611,3,0.4
14.33955248015833,-17.9982548011516,-0.26907116406033077,3,0.4
14.439291955225018,-17.99871505847848,-0.26942959607536915,3,0.4
14.539725173203164,-17.999164216098293,-0.2697650027707278,3,0.4
14.640856959456315,-17.999621515631734,-0.2700800683356784,3,0.4
14.742692172911074,-18.000086983319065,-0.2703744119976042,3,0.4
14.845235706290554,-18.000541434798706,-0.27064446345291543,3,0.4
14.94849248634945,-18.001010513397258,-0.2708940446911718,3,0.4
15.05246747411074,-18.001481439611858,-0.27112063454270674,3,0.4
15.15716566510405,-18.001960645069698,-0.27132490566629003,3,0.4
15.26259208960566,-18.002422548563537,-0.27150207825385936,3,0.4
15.368751812880195,-18.002918399444688,-0.27166049984614915,3,0.4
15.475649935423972,-18.003403410789467,-0.2717920778315922,3,0.4
15.58329159321007,-18.003896819568357,-0.27189970596504826,3,0.4
15.69168195793509,-18.004385853862285,-0.2719807196200122,3,0.4
15.800826237267621,-18.004889748576872,-0.27203808977704774,3,0.4
15.910729675098453,-18.005382932251344,-0.2720668370051118,3,0.4
16.02139755179252,-18.005884639755063,-0.27206995638853887,3,0.4
16.13283518444261,-18.006401302961415,-0.2720482133447559,3,0.4
16.245047927124794,-18.006894557327133,-0.27199415352442047,3,0.4
16.358041171155712,-18.00742203222488,-0.2719179292731115,3,0.4
16.471820345351553,-18.007932567965355,-0.2718096581467716,3,0.4
16.586390916288924,-18.008458194445677,-0.27167485828471294,3,0.4
16.70175838856748,-18.00898614937446,-0.2715107133677557,3,0.4
16.817928305074386,-18.009510071548114,-0.2713155561858664,3,0.4
16.93490624725064,-18.01003639616639,-0.2710901554535186,3,0.4
17.052697835359233,-18.010577954277988,-0.2708365676901847,3,0.4
17.17130872875518,-18.01111559230105,-0.27055063725632683,3,0.4
17.290744626157405,-18.011649349907653,-0.27023189266927455,3,0.4
17.411011265922586,-18.012211246088143,-0.26988625843721553,3,0.4
17.53211442632081,-18.012750153147117,-0.26950310040138975,3,0.4
17.654059925813208,-18.013298090874358,-0.26908835353950206,3,0.4
17.776853623331515,-18.013867888354813,-0.26864423098189516,3,0.4
17.900501418559564,-18.014427612514414,-0.26816378022253934,3,0.4
18.02500925221672,-18.01498370170073,-0.26764782992827196,3,0.4
18.150383106343334,-18.01555538028634,-0.26709993937133925,3,0.4
18.27662900458813,-18.016123510112983,-0.26651567267676285,3,0.4
18.403753012497624,-18.01670092183287,-0.26589729147616964,3,0.4
18.53176123780754,-18.017274874482712,-0.26524163968950365,3,0.4
18.660659830736275,-18.017845414559886,-0.2645482492125462,3,0.4
18.790454984280366,-18.018431763918187,-0.26382085243646125,3,0.4
18.921152934512047,-18.019021184646167,-0.26305626430539314,3,0.4
19.05275996087888,-18.019613724223646,-0.2622540557205846,3,0.4
19.18528238650542,-18.02020304052766,-0.2614123647327919,3,0.4
19.31872657849705,-18.02079557342753,-0.26053217748070007,3,0.4
19.453098948245852,-18.02139776201908,-0.2596145296539519,3,0.4
19.588405951738682,-18.021990488144134,-0.2586546247724484,3,0.4
19.72465408986733,-18.022592971222913,-0.257656420980606,3,0.4
19.861849908740865,-18.02321165013438,-0.2566210349975592,3,0.4
20.00000000000015,-18.023814635555432,-0.2555405911695193,3,0.4
20.13911100113453,-18.024421146826718,-0.2544191290435735,3,0.4
20.279189595800737,-18.0250376250606,-0.2532577754808222,3,0.4
20.42024251414402,-18.02565135051951,-0.25205307540516847,3,0.4
20.56227653312149,-18.02626876633213,-0.25080615024678793,3,0.4
20.70529847682771,-18.026902700367625,-0.24951974767412496,3,0.4
20.849315216822593,-18.027521280628058,-0.2481856337453208,3,0.4
20.994333672461515,-18.028150108564716,-0.24680969389586643,3,0.4
21.14036081122778,-18.028782857334292,-0.2453899746765616,3,0.4
21.28740364906737,-18.029406818392015,-0.24392285004307987,3,0.4
21.43546925072604,-18.03005397315048,-0.2424160545347648,3,0.4
21.584564730088722,-18.030679696539668,-0.24085778263187008,3,0.4
21.734697250521346,-18.03132873551742,-0.23925916254268323,3,0.4
21.885874025214974,-18.0319692376035,-0.23761156533856276,3,0.4
22.038102317532406,-18.03261403317219,-0.23591794078344275,3,0.4
22.191389441357092,-18.033263187218814,-0.23417794147701237,3,0.4
22.345742761444598,-18.033916765524904,-0.23239122578148216,3,0.4
22.501169693776383,-18.0345620735841,-0.23055398642202835,3,0.4
22.657677705916175,-18.035211942106557,-0.22866930736501473,3,0.4
22.815274317368676,-18.035872819357074,-0.22673862943104764,3,0.4
22.973967099940907,-18.03651925650783,-0.22475456057373466,3,0.4
23.13376367810596,-18.03719597988765,-0.22272921794887995,3,0.4
23.29467172936933,-18.037845650166247,-0.22064619069411073,3,0.4
23.456698984637793,-18.038506614119875,-0.21851590319908734,3,0.4
23.619853228590827,-18.039166188956447,-0.21633442989832835,3,0.4
23.784142300054643,-18.039843581614143,-0.21410700671224564,3,0.4
23.949574092378796,-18.040494228666578,-0.21182035396181553,3,0.4
24.11615655381544,-18.04115647033141,-0.20948528726275387,3,0.4
24.28389768790117,-18.04183675855059,-0.2071034934229632,3,0.4
24.452805553841607,-18.042503292935447,-0.20466522223601682,3,0.4
24.622888266898567,-18.043181656497108,-0.2021778204240194,3,0.4
24.794153998779972,-18.04384643110307,-0.19963329572693628,3,0.4
24.966610978032485,-18.044523198455373,-0.1970391380698637,3,0.4
25.140267490436816,-18.04518654616369,-0.1943872406336706,3,0.4
25.315131879405854,-18.04587480062769,-0.19168923901954069,3,0.4
25.4912125463855,-18.046549807470377,-0.1889329773887594,3,0.4
25.668517951258348,-18.04723077343564,-0.18612420752681882,3,0.4
25.847056612750112,-18.047898671077665,-0.1832565886932355,3,0.4
26.026837108838944,-18.048579077969105,-0.1803380570892125,3,0.4
26.20786807716754,-18.0492657118185,-0.17736640738846926,3,0.4
26.390158215458165,-18.049945922980402,-0.17433727207813463,3,0.4
26.573716281930512,-18.050626176344412,-0.17125251243442308,3,0.4
26.758551095722524,-18.05130656667758,-0.16811193063031757,3,0.4
26.944671537314093,-18.051987190017893,-0.16491533753669382,3,0.4
27.13208654895373,-18.052674512111356,-0.16166472657789868,3,0.4
27.320805135088207,-18.053343158015842,-0.15835121307111358,3,0.4
27.510836362795175,-18.054031437179326,-0.15498773167056087,3,0.4
27.7021893622188,-18.054713978034542,-0.1515653793357148,3,0.4
27.89487332700842,-18.055397250998602,-0.14808620372980136,3,0.4
28.088897514760255,-18.056068627372724,-0.14454553734436762,3,0.4
28.284271247462218,-18.056760043855242,-0.14095456651159838,3,0.4
28.48100391194176,-18.05743977604718,-0.1373018244662504,3,0.4
28.679104960316874,-18.058120664193364,-0.13359173614988304,3,0.4
28.878583910450253,-18.05879645297122,-0.12982186062984638,3,0.4
29.079450346406546,-18.059479982238397,-0.12599677571416013,3,0.4
29.28171391891285,-18.060152271874227,-0.12210931457275942,3,0.4
29.485384345822368,-18.060838890402312,-0.1181688970609752,3,0.4
29.690471412581335,-18.061520861898774,-0.11416831649450715,3,0.4
29.896984972699123,-18.062198303936448,-0.11010746244456529,3,0.4
30.104934948221704,-18.06287769731046,-0.10598869598897682,3,0.4
30.314331330208326,-18.063546438564202,-0.10180701944998014,3,0.4
30.52518417921155,-18.064230094542886,-0.09757230299419624,3,0.4
30.73750362576062,-18.064909703484386,-0.09327708491836557,3,0.4
30.951299870848175,-18.06557267047983,-0.08891620897382578,3,0.4
31.16658318642038,-18.066257282070165,-0.08450489413474573,3,0.4
31.38336391587042,-18.066912788277385,-0.08002264220201177,3,0.4
31.60165247453548,-18.06757747614498,-0.07548481712171395,3,0.4
31.82145935019715,-18.068251474419995,-0.07089151908289888,3,0.4
32.04279510358529,-18.068928555646803,-0.0662402058368486,3,0.4
32.26567036888546,-18.0695961384072,-0.06152558262187802,3,0.4
32.49009585424984,-18.070260717211827,-0.056750279903715097,3,0.4
32.716082342311665,-18.0709287865017,-0.05191702553889339,3,0.4
32.94364069070335,-18.07158141645957,-0.0470176764117307,3,0.4
33.172781832578096,-18.07223146219603,-0.04205765295131124,3,0.4
33.40351677713521,-18.072891777271018,-0.037042565574645976,3,0.4
33.63585661014903,-18.073556149156072,-0.03196978451296147,3,0.4
33.86981249450153,-18.074205660076636,-0.026830929109086608,3,0.4
34.10539567071872,-18.074853168850503,-0.021631636932034633,3,0.4
34.34261745751061,-18.075505179244356,-0.016374859603895935,3,0.4
34.58148925231507,-18.076142782612067,-0.011052031615628358,3,0.4
34.822022531845434,-18.07679789886533,-0.005677743655863535,3,0.4
35.064228852641875,-18.077445270881494,-0.0002404954669329005,3,0.4
35.30811985162668,-18.078066001984133,0.00526861274551459,3,0.4
35.55370724666329,-18.078717419747516,0.010822740540563544,3,0.4
35.80100283711939,-18.079355222181064,0.016442584982990813,3,0.4
36.05001850443371,-18.079973224589345,0.022131214792667695,3,0.4
36.30076621268694,-18.08061604769756,0.027867177449028762,3,0.4
36.55325800917653,-18.081233055395398,0.033674840240317284,3,0.4
36.80750602499552,-18.081856169232424,0.03953871290892808,3,0.4
37.06352247561536,-18.082472861350894,0.04546486113486817,3,0.4
37.32131966147283,-18.08309600393803,0.05144683129931481,3,0.4
37.58090996856101,-18.08370672661768,0.05749397981759297,3,0.4
37.84230586902438,-18.084330601157344,0.06359334886502445,3,0.4
38.105519921758045,-18.08493606764818,0.06976087156729105,3,0.4
38.37056477301113,-18.085536005992356,0.07599001210793545,3,0.4
38.63745315699439,-18.086143295047886,0.08227401542516594,3,0.4
38.906197896491996,-18.086739081247213,0.08862259406627,3,0.4
39.176811903477656,-18.08732990154705,0.0950323161258988,3,0.4
39.449308179734956,-18.08792863943298,0.10149624150388871,3,0.4
39.72369981748203,-18.088510106167366,0.10802772434675763,3,0.4
40.000000000000604,-18.08910622507763,0.11460952091601768,3,0.4
40.27822200226936,-18.089698158563607,0.1212516320664015,3,0.4
40.55837919160177,-18.090267075706656,0.12796438648274736,3,0.4
40.840485028288356,-18.09085124629504,0.1347266520900009,3,0.4
41.124553066243294,-18.09141915640295,0.1415557819146566,3,0.4
41.410596953655734,-18.09199004611671,0.14844097331090989,3,0.4
41.6986304336455,-18.092551440202616,0.15538916702991112,3,0.4
41.98866734492334,-18.093116238185775,0.16239293579548303,3,0.4
42.28072162245588,-18.093665629322487,0.16946300076549378,3,0.4
42.57480729813507,-18.09422520126284,0.17658447788588305,3,0.4
42.8709385014524,-18.094769808018498,0.18377190051812856,3,0.4
43.16912946017777,-18.09531869875763,0.19101390124479672,3,0.4
43.46939450104301,-18.095865758531758,0.19831393618670173,3,0.4
43.771748050430276,-18.096392195692527,0.20568323218489082,3,0.4
44.07620463506514,-18.096923605454297,0.21310636433976593,3,0.4
44.38277888271451,-18.097460221727868,0.22058296980835096,3,0.4
44.69148552288952,-18.097983263010946,0.2281244413441774,3,0.4
45.00233938755311,-18.098499310750743,0.2357267296920429,3,0.4
45.315355411832684,-18.099014947955844,0.2433856548790014,3,0.4
45.63054863473769,-18.099530420789666,0.2511009200838653,3,0.4
45.947934199882155,-18.100033302022055,0.25888031789104443,3,0.4
46.26752735621227,-18.100542858989584,0.2667114898544121,3,0.4
46.58934345873901,-18.10104033308227,0.27460636092904056,3,0.4
46.913397969275934,-18.101538658589163,0.28255651187261704,3,0.4
47.23970645718201,-18.102038096533807,0.29056161266113184,3,0.4
47.56828460010965,-18.102519900805806,0.29863396181020346,3,0.4
47.89914818475796,-18.102997013980048,0.30676502503084957,3,0.4
48.232313107631235,-18.103476043347598,0.3149502744981311,3,0.4
48.5677953758027,-18.10395092639959,0.323193666627935,3,0.4
48.90561110768358,-18.10440926947997,0.33150363401680166,3,0.4
49.2457765337975,-18.10487669611046,0.33986258919483436,3,0.4
49.58830799756032,-18.105340818564095,0.3482788839987376,3,0.4
49.933221956065346,-18.105795589180765,0.3567566889271729,3,0.4
50.280534980874016,-18.10622863024416,0.3653047945229686,3,0.4
50.630263758812085,-18.10667824369816,0.37389609748655034,3,0.4
50.982425092771386,-18.107119388306614,0.38254820827570496,3,0.4
51.33703590251707,-18.10755869942134,0.39125633518957004,3,0.4
51.69411322550061,-18.10798381404179,0.4000294235632225,3,0.4
52.05367421767828,-18.108401374600604,0.40886270646040895,3,0.4
52.41573615433548,-18.10883069229226,0.41774186257300466,3,0.4
52.78031643091672,-18.109253081946587,0.4266805550130225,3,0.4
53.14743256386143,-18.109656197300954,0.4356881055472452,3,0.4
53.517102191445446,-18.110065692113903,0.44474524963530665,3,0.4
53.8893430746286,-18.1104692269937,0.4538612223337421,3,0.4
54.264173097907864,-18.11085446798477,0.4630455519669128,3,0.4
54.64161027017682,-18.111247077344593,0.4722785047217148,3,0.4
55.02167272559077,-18.11164105980209,0.4815645545091571,3,0.4
55.40437872443802,-18.11201776197692,0.49091832708665756,3,0.4
55.78974665401725,-18.112390192612448,0.5003296929228277,3,0.4
56.17779502952094,-18.112758700850332,0.5097983684582265,3,0.4
56.56854249492486,-18.113129970550276,0.5193189411504607,3,0.4
56.962007823883944,-18.113485366223365,0.5289064756085295,3,0.4
57.358209920634174,-18.113837910795304,0.5385505015948365,3,0.4
57.75716782090094,-18.11419429965118,0.5482454629212765,3,0.4
58.158900692813525,-18.114548571125695,0.5579961961138402,3,0.4
58.56342783782614,-18.114888438547922,0.5678130128152955,3,0.4
58.97076869164518,-18.115207950306534,0.5777011804839716,3,0.4
59.38094282516311,-18.115545467315783,0.5876282911726893,3,0.4
59.79396994539869,-18.115863396785205,0.5976262920791892,3,0.4
60.209869896443855,-18.116187447407583,0.6076732361960971,3,0.4
60.628662660417106,-18.116505354597834,0.6177796803341191,3,0.4
61.05036835842356,-18.116804859108168,0.627956508808787,3,0.4
61.4750072515217,-18.117124338752063,0.6381700111090052,3,0.4
61.90259974169682,-18.117419897870633,0.6484590045168366,3,0.4
62.33316637284123,-18.117704607082295,0.6588121818937868,3,0.4
62.766727831741306,-18.117997869008185,0.6692121358970293,3,0.4
63.20330494907143,-18.118281118540484,0.6796756629256853,3,0.4
63.642918700394766,-18.118567438247887,0.6901909046995043,3,0.4
64.08559020717105,-18.118825616665635,0.7007867883450951,3,0.4
64.5313407377714,-18.119106714794253,0.7114161176915748,3,0.4
64.98019170850016,-18.11935421824838,0.7221317155912103,3,0.4
65.43216468462381,-18.119606540161143,0.7328978086618232,3,0.4
65.8872813814072,-18.11987045665092,0.7437078213935464,3,0.4
66.34556366515669,-18.1201147815917,0.754591614899729,3,0.4
66.80703355427093,-18.12035262912287,0.7655368938247431,3,0.4
67.27171322029855,-18.120590790014873,0.7765371799360518,3,0.4
67.73962498900357,-18.120817076686716,0.7876045324441125,3,0.4
68.21079134143795,-18.121044617037835,0.7987262007709947,3,0.4
68.68523491502174,-18.121273888355407,0.8099017236409497,3,0.4
69.16297850463066,-18.12147373591483,0.8211625683906361,3,0.4
69.6440450636914,-18.12168893912411,0.8324639053750572,3,0.4
70.12845770528428,-18.121888353202806,0.8438373663837344,3,0.4
70.61623970325388,-18.122097784785105,0.8552567282212464,3,0.4
71.10741449332713,-18.122286099545633,0.8667542231957971,3,0.4
71.60200567423932,-18.122460132240953,0.8783232538665479,3,0.4
72.10003700886796,-18.122652031296052,0.8899302784795086,3,0.4
72.60153242537443,-18.122824350787027,0.9016148075223026,3,0.4
73.10651601835362,-18.122996594731326,0.9133564831589482,3,0.4
73.61501204999159,-18.123156636420525,0.9251685001184956,3,0.4
74.12704495123128,-18.123317662856092,0.9370368984459496,3,0.4
74.64263932294622,-18.12346755753837,0.9489750422260509,3,0.4
75.16181993712259,-18.123613190591787,0.96097572102366,3,0.4
75.68461173804933,-18.12376143747281,0.9730314987115389,3,0.4
76.21103984351666,-18.123887542720837,0.9851701844789515,3,0.4
76.74112954602285,-18.124023700943756,0.9973560816554241,3,0.4
77.27490631398935,-18.12414516708499,1.0096172249163318,3,0.4
77.81239579298456,-18.124271491881675,1.0219316975085646,3,0.4
78.3536238069559,-18.124390595134926,1.0343134625761554,3,0.4
78.8986163594705,-18.1245030563883,1.0467621672712253,3,0.4
79.44739963496465,-18.124615787764288,1.0592700197708569,3,0.4
80.00000000000179,-18.124704069582783,1.0718663545794835,3,0.4
80.55644400453932,-18.12480013432298,1.0845136083666644,3,0.4
81.11675838320417,-18.12487294492147,1.0972489348063923,3,0.4
81.68097005657731,-18.12495474510759,1.1100341718152613,3,0.4
82.24910613248719,-18.12502716317604,1.1228915917402018,3,0.4
82.8211939073121,-18.12510979899646,1.135797591731468,3,0.4
83.39726086729164,-18.12517163511668,1.1487903578742071,3,0.4
83.97733468984731,-18.125219625911882,1.1618619798777754,3,0.4
84.56144324491237,-18.125273387577337,1.1749884378562838,3,0.4
85.14961459627077,-18.125333558189023,1.1881689481359123,3,0.4
85.74187700290544,-18.12536913911441,1.2014429282497552,3,0.4
86.33825892035618,-18.125393434292885,1.2147942132661773,3,0.4
86.93878900208668,-18.125438739590987,1.228181643830089,3,0.4
87.54349610086122,-18.125455084901187,1.241669765167625,3,0.4
88.15240927013093,-18.125474776703633,1.2552173025362485,3,0.4
88.7655577654297,-18.125479497124342,1.2688485199740736,3,0.4
89.38297104577971,-18.12548257765688,1.2825463430375925,3,0.4
90.00467877510688,-18.125484697500518,1.2963101182373522,3,0.4
90.63071082366605,-18.125480211374875,1.3101476937630683,3,0.4
91.26109726947607,-18.125463478614687,1.3240671366248167,3,0.4
91.895868399765,-18.12545418216931,1.3380421019457243,3,0.4
92.53505471242522,-18.125434032118374,1.3520977866949344,3,0.4
93.17868691747873,-18.1253974017067,1.3662425463960428,3,0.4
93.82679593855258,-18.12536399000611,1.3804495629280522,3,0.4
94.47941291436473,-18.12532818094436,1.3947268732062845,3,0.4
95.13656920022001,-18.125265369992853,1.4091096797354397,3,0.4
95.79829636951663,-18.12521426447504,1.4235437406170741,3,0.4
96.4646262152632,-18.12515026913156,1.438064324079806,3,0.4
97.13559075160614,-18.125080447227354,1.4526618280916417,3,0.4
97.81122221536789,-18.125018199339905,1.4673171051597906,3,0.4
98.49155306759573,-18.124938940854392,1.4820663124160274,3,0.4
99.17661599512138,-18.12484341664132,1.4969091277610862,3,0.4
99.86644391213144,-18.12475770579313,1.5118073997886725,3,0.4
100.56106996174877,-18.124663566951803,1.5267884723890959,3,0.4
101.26052751762494,-18.124555425842463,1.5418613019212675,3,0.4
101.96485018554354,-18.1244467112527,1.55700611532673,3,0.4
102.67407180503491,-18.124319190546547,1.5722511818346756,3,0.4
103.388226451002,-18.12419896858559,1.5875569898785105,3,0.4
104.10734843535732,-18.124067820017093,1.6029519431563424,3,0.4
104.83147230867174,-18.123926523178593,1.6184354365862983,3,0.4
105.56063286183424,-18.123782194817935,1.6339968144522297,3,0.4
106.29486512772365,-18.123629286683254,1.6496452646856805,3,0.4
107.03420438289172,-18.12348759428581,1.6653495892965622,3,0.4
107.778686149258,-18.123319899190303,1.6811697627527946,3,0.4
108.52834619581655,-18.123146002833213,1.697074726829487,3,0.4
109.28322054035448,-18.122973041157366,1.7130532589511702,3,0.4
110.04334545118235,-18.122770134114965,1.7291565345932927,3,0.4
110.80875744887686,-18.122582442946744,1.7453108082305206,3,0.4
111.57949330803534,-18.122391767120348,1.7615462563110131,3,0.4
112.35559005904271,-18.122179904338708,1.7778939220837005,3,0.4
113.13708498985058,-18.121960341760015,1.7943319185443931,3,0.4
113.92401564776874,-18.121752910668917,1.8108268608442033,3,0.4
114.71641984126921,-18.121520397894454,1.8274426472886476,3,0.4
115.51433564180275,-18.12128263800143,1.844146039585411,3,0.4
116.31780138562794,-18.121040452881033,1.860936042232725,3,0.4
117.12685567565316,-18.120801006556675,1.8778004584981596,3,0.4
117.94153738329126,-18.12053342163383,1.8947941440166796,3,0.4
118.76188565032712,-18.120270225910982,1.911860348070581,3,0.4
119.58793989079828,-18.119999565540013,1.929020449597914,3,0.4
120.41973979288862,-18.119709584066847,1.9462964328318735,3,0.4
121.25732532083512,-18.119432820800178,1.9636299523650433,3,0.4
122.10073671684803,-18.119144737133823,1.981065782074362,3,0.4
122.95001450304433,-18.11884616173868,1.9986030569614277,3,0.4
123.80519948339456,-18.118531579432634,2.0162526834819943,3,0.4
124.66633274568338,-18.118208162464033,2.0340020646132335,3,0.4
125.53345566348355,-18.117889430084418,2.051826235765692,3,0.4
126.40660989814381,-18.117550831122443,2.069771925566148,3,0.4
127.28583740079048,-18.117212229164963,2.0878020927295093,3,0.4
128.17118041434307,-18.11685541255934,2.1059520797798057,3,0.4
129.0626814755438,-18.116500246143687,2.124184237598767,3,0.4
129.9603834170013,-18.11613486054958,2.1425219218421456,3,0.4
130.86432936924862,-18.11576007718434,2.1609641296387783,3,0.4
131.77456276281538,-18.115376715744894,2.1795098144968907,3,0.4
132.69112733031437,-18.114985593717275,2.198157885961346,3,0.4
133.61406710854286,-18.114587526106348,2.2169072093315325,3,0.4
134.5434264405981,-18.114183325395764,2.235756605442709,3,0.4
135.47924997800817,-18.113754746215573,2.2547437419914456,3,0.4
136.42158268287693,-18.113340702376913,2.2737898448929985,3,0.4
137.3704698300445,-18.11289753211218,2.29298481505696,3,0.4
138.32595700926237,-18.11243873323268,2.3123019330146715,3,0.4
139.28809012738384,-18.111984159013556,2.331700354192975,3,0.4
140.25691541056963,-18.111540956445925,2.351164920952178,3,0.4
141.23247940650882,-18.111059069713722,2.370801807898839,3,0.4
142.2148289866553,-18.110577404345758,2.3905294615369566,3,0.4
143.20401134847972,-18.110077663527694,2.410387482597735,3,0.4
144.200074017737,-18.10959239849478,2.4303060326210235,3,0.4
145.20306485074994,-18.109084224662055,2.450366384441832,3,0.4
146.2130320367083,-18.10854752953384,2.47058204471114,3,0.4
147.2300240999843,-18.108021211189808,2.4908680609907785,3,0.4
148.25408990246365,-18.10748693088232,2.5112650156413774,3,0.4
149.28527864589356,-18.106939056058856,2.5317860167563704,3,0.4
150.32363987424628,-18.106365580274968,2.5524589667882194,3,0.4
151.3692234760998,-18.105799025392095,2.5732108838236902,3,0.4
152.42207968703445,-18.105221007257832,2.5940837232781555,3,0.4
153.48225909204683,-18.10462585248087,2.615091181870519,3,0.4
154.54981262797986,-18.104014240170525,2.636232509071228,3,0.4
155.6247915859703,-18.103412306520386,2.6574471600965164,3,0.4
156.70724761391295,-18.10278251417974,2.678823354638734,3,0.4
157.79723271894218,-18.102157347799068,2.7002851267397614,3,0.4
158.8947992699305,-18.101505603548983,2.7219069769666615,3,0.4
160.0000000000048,-18.10084701059829,2.743642566679716,3,0.4
161.11288800907985,-18.10017581135723,2.765506159908341,3,0.4
162.23351676640956,-18.09950534857287,2.7874656652974332,3,0.4
163.36194011315587,-18.098804345823666,2.809597997749946,3,0.4
164.49821226497562,-18.09811161114419,2.8318083358103388,3,0.4
165.6423878146254,-18.097383082136854,2.8542061872840363,3,0.4
166.79452173458452,-18.096651170182753,2.876711742219555,3,0.4
167.9546693796959,-18.095910026960496,2.899339831547398,3,0.4
169.12288648982604,-18.095166541338504,2.9220731972684044,3,0.4
170.29922919254284,-18.094395691995683,2.9449760172151747,3,0.4
171.4837540058122,-18.093623469165493,2.9679823365150795,3,0.4
172.6765178407137,-18.092831190489374,2.991140637946928,3,0.4
173.87757800417467,-18.092038440015333,3.0144004175269252,3,0.4
175.08699220172375,-18.091213724255283,3.0378445589928362,3,0.4
176.30481854026317,-18.0903893602915,3.0613886327980495,3,0.4
177.53111553086072,-18.08954657752792,3.08508254576023,3,0.4
178.7659420915608,-18.08868573404822,3.1089260241140995,3,0.4
180.00935755021513,-18.087819945062723,3.1328841465393555,3,0.4
181.26142164733346,-18.08694314421264,3.15697339472688,3,0.4
182.52219453895353,-18.08603645588044,3.181245912229605,3,0.4
183.7917367995314,-18.085138500580605,3.205596030796313,3,0.4
185.07010942485184,-18.08419839213238,3.230164703282379,3,0.4
186.35737383495882,-18.083261107744093,3.2548276191884042,3,0.4
187.65359187710658,-18.082307671977585,3.2796377745069933,3,0.4
188.95882582873088,-18.081344660763563,3.3045768852961808,3,0.4
190.27313840044144,-18.080353033327857,3.3296995395998916,3,0.4
191.59659273903472,-18.079358511421006,3.354932651666055,3,0.4
192.92925243052787,-18.078348400526103,3.380312686260444,3,0.4
194.27118150321374,-18.077303564748885,3.4058959247276146,3,0.4
195.62244443073726,-18.07626246819813,3.4315705445183724,3,0.4
196.98310613519297,-18.075199517675507,3.457411534879948,3,0.4
198.35323199024427,-18.07412110781179,3.4834004355257093,3,0.4
199.73288782426437,-18.073027200862256,3.509537577821576,3,0.4
201.12213992349908,-18.071917729430417,3.5358233605420923,3,0.4
202.5210550352514,-18.07079900871209,3.5622387188352467,3,0.4
203.9297003710886,-18.069645258919113,3.588862476830785,3,0.4
205.3481436100714,-18.068481969539935,3.6156172594346825,3,0.4
206.77645290200556,-18.06730253704132,3.642523314531713,3,0.4
208.21469687071618,-18.066100319205326,3.669601535581085,3,0.4
209.66294461734503,-18.064881475671697,3.696833008542228,3,0.4
211.12126572367004,-18.06365213948319,3.7241983527338958,3,0.4
212.5897302554489,-18.06240556829514,3.75171875552575,3,0.4
214.06840876578502,-18.061128552472095,3.7794367485989406,3,0.4
215.5573722985176,-18.059846399548135,3.8072712811061002,3,0.4
217.05669239163473,-18.058532973903095,3.8353067390116475,3,0.4
218.5664410807106,-18.057213525724773,3.8634611474721554,3,0.4
220.08669090236637,-18.055861832432928,3.8918203163892193,3,0.4
221.6175148977554,-18.054496650099836,3.9203227544943817,3,0.4
223.15898661607235,-18.053117409046003,3.948969973313172,3,0.4
224.71118011808713,-18.05170418458022,3.9778287374355585,3,0.4
226.27416997970286,-18.050282076700526,4.006814785990325,3,0.4
227.8480312955392,-18.048837520318727,4.035973634514286,3,0.4
229.43283968254013,-18.04736333988255,4.0653300211074335,3,0.4
231.02867128360725,-18.045871652804596,4.094842509402715,3,0.4
232.63560277125762,-18.044361654307515,4.124513546448617,3,0.4
234.25371135130806,-18.042832498902396,4.154345753779634,3,0.4
235.88307476658426,-18.04127039316868,4.184387527221618,3,0.4
237.523771300656,-18.039700218076394,4.214550989791058,3,0.4
239.17587978159838,-18.038101643195354,4.24490771824338,3,0.4
240.83947958577906,-18.036480109238806,4.275438302467903,3,0.4
242.51465064167206,-18.034841023039945,4.3061228912530565,3,0.4
244.2014734336979,-18.03316389905285,4.337035626346831,3,0.4
245.9000290060905,-18.03147344891937,4.368086425516365,3,0.4
247.61039896679097,-18.029762031462994,4.399302487595292,3,0.4
249.33266549136863,-18.028015480136798,4.430736016246076,3,0.4
251.06691132696898,-18.02625840968815,4.462295122340321,3,0.4
252.81321979628953,-18.024457139432137,4.494105502812071,3,0.4
254.5716748015829,-18.022655643954764,4.526001050046186,3,0.4
256.3423608286881,-18.02080717915866,4.5581582335460675,3,0.4
258.12536295108947,-18.018936211293976,4.59048396344808,3,0.4
259.9207668340045,-18.017041254389504,4.622983218182029,3,0.4
261.72865873849923,-18.015114287046064,4.655686569689159,3,0.4
263.54912552563275,-18.01317320025881,4.688523579168394,3,0.4
265.38225466063074,-18.011203396134007,4.721550348637205,3,0.4
267.2281342170877,-18.00919670653393,4.754798842001349,3,0.4
269.08685288119824,-18.007164407249892,4.788223927068304,3,0.4
270.95849995601833,-18.0051047429725,4.8218317734168865,3,0.4
272.8431653657559,-18.003022418133487,4.855602451352362,3,0.4
274.74093966009104,-18.00090257410863,4.889595387384393,3,0.4
276.6519140185268,-17.9987563310933,4.923764696592188,3,0.4
278.5761802547697,-17.996575240239235,4.958144235260876,3,0.4
280.51383082114137,-17.99437034880838,4.992687475485482,3,0.4
282.4649588130198,-17.992133117377985,5.0274287573385665,3,0.4
284.42965797331277,-17.98986147200852,5.062375987868693,3,0.4
286.40802269696155,-17.98756634763628,5.097481961660794,3,0.4
288.40014803547615,-17.985232533759884,5.132809992866765,3,0.4
290.4061297015021,-17.982877419499914,5.168284695758994,3,0.4
292.42606407341884,-17.980485698387692,5.203970303764351,3,0.4
294.4600481999708,-17.978055073229758,5.239875960410358,3,0.4
296.50817980492957,-17.97558974527036,5.275982474077996,3,0.4
298.5705572917893,-17.973087335245125,5.3122991623711915,3,0.4
300.64727974849484,-17.970571624752235,5.348719234188462,3,0.4
302.73844695220185,-17.96800740992452,5.385396995016023,3,0.4
304.84415937407124,-17.965398723123183,5.422314026817623,3,0.4
306.964518184096,-17.962762690981418,5.459392020776309,3,0.4
309.09962525596205,-17.960096741051323,5.496640439968691,3,0.4
311.24958317194296,-17.957391686746348,5.534099312227989,3,0.4
313.4144952278283,-17.954638282458014,5.571809922118382,3,0.4
315.59446543788675,-17.951846956721344,5.609723074573143,3,0.4
317.7895985398634,-17.949034707859955,5.647757499265839,3,0.4
320.000000000012,-17.946172438619456,5.686046881968377,3,0.4
322.22577601816215,-17.94327707448007,5.724510160164072,3,0.4
324.4670335328215,-17.94034576587897,5.763158456498922,3,0.4
326.7238802263142,-17.937362425552678,5.8020666747949665,3,0.4
328.99642452995374,-17.934343904002027,5.841152454783874,3,0.4
331.2847756292533,-17.931287241959367,5.88042757583044,3,0.4
333.5890434691715,-17.92818282938904,5.919936605423633,3,0.4
335.90933875939425,-17.925047461913174,5.959595178903843,3,0.4
338.2457729796546,-17.921858229106196,5.999513457923931,3,0.4
340.5984583850881,-17.91863187666794,6.039606622596894,3,0.4
342.96750801162693,-17.915352020871786,6.079953860585106,3,0.4
345.3530356814299,-17.912042008195503,6.1204357047575035,3,0.4
347.75515600835195,-17.908685391672478,6.161131790067907,3,0.4
350.1739844034501,-17.905285581919017,6.202022186093438,3,0.4
352.60963708052907,-17.901839325632352,6.243120683005254,3,0.4
355.0622310617241,-17.898343335461448,6.284441534027511,3,0.4
357.53188418312425,-17.894780973506247,6.326068833862289,3,0.4
360.0187151004329,-17.89120216503013,6.367739795231558,3,0.4
362.52284329466966,-17.88757027257801,6.409641564477807,3,0.4
365.0443890779098,-17.88387522096722,6.451824954022544,3,0.4
367.58347359906554,-17.880133600952114,6.49419956460155,3,0.4
370.14021884970646,-17.87634866788052,6.536744324508376,3,0.4
372.7147476699204,-17.87252367063645,6.579437616037246,3,0.4
375.30718375421594,-17.868628372913637,6.622439390221945,3,0.4
377.9176516574646,-17.864699438025298,6.6655473190434575,3,0.4
380.5462768008857,-17.860686443443228,6.709033594399186,3,0.4
383.1931854780723,-17.856646190844952,6.752582930187448,3,0.4
385.85850486105863,-17.85254160010887,6.796395577850552,3,0.4
388.5423630064304,-17.848395975430623,6.8403379647033224,3,0.4
391.2448888614774,-17.844192307762658,6.884500671209069,3,0.4
393.96621227038884,-17.839933729773687,6.928862080219079,3,0.4
396.7064639804915,-17.83560314747017,6.973515515363369,3,0.4
399.4657756485318,-17.831223895364893,7.018324159443861,3,0.4
402.24427984700117,-17.82679912153894,7.0632644968919465,3,0.4
405.04211007050577,-17.822298168553097,7.108509022808612,3,0.4
407.85940074218024,-17.81773764288832,7.153957768461066,3,0.4
410.69628722014585,-17.813134213723462,7.199507888415597,3,0.4
413.55290580401413,-17.808457135833365,7.245334797526494,3,0.4
416.42939374143555,-17.80372306945522,7.291335640972228,3,0.4
419.3258892346932,-17.798921556673694,7.337567539106063,3,0.4
422.24253144734325,-17.794062510988173,7.383966089229503,3,0.4
425.179460510901,-17.789155891166825,7.430464997566485,3,0.4
428.13681753157323,-17.7841639750384,7.477287235659271,3,0.4
431.11474459703845,-17.779117142618848,7.5242430583599464,3,0.4
434.11338478327275,-17.773998079703627,7.571432560998428,3,0.4
437.13288216142445,-17.768809927146055,7.618831120784485,3,0.4
440.173381804736,-17.763549000330865,7.666456083463817,3,0.4
443.23502979551404,-17.75823903484597,7.714152842532025,3,0.4
446.31797323214806,-17.752842106725033,7.762152758650531,3,0.4
449.4223602361776,-17.747388854632057,7.810256727462697,3,0.4
452.5483399594091,-17.74186879100194,7.8585238452006125,3,0.4
455.6960625910818,-17.73625761556604,7.9071033529237615,3,0.4
458.8656793650838,-17.730586106400196,7.955791636246494,3,0.4
462.0573425672179,-17.724843773135703,8.004648726404383,3,0.4
465.2712055425187,-17.719013177360466,8.053781440811061,3,0.4
468.5074227026196,-17.713118353382473,8.103026076218212,3,0.4
471.76614953317204,-17.707155748546597,8.15239764346277,3,0.4
475.04754260131557,-17.70109404773563,8.202096215750101,3,0.4
478.3517595632003,-17.694985202988892,8.251769005065926,3,0.4
481.6789591715617,-17.688784024935842,8.301709003837937,3,0.4
485.02930128334776,-17.682493893101586,8.35188702189769,3,0.4
488.40294686739946,-17.676132188280604,8.40217778717964,3,0.4
491.8000580121847,-17.6696884582045,8.452643657216846,3,0.4
495.2207979335857,-17.663159218707037,8.503300353733986,3,0.4
498.665330982741,-17.65655501166842,8.554066768304754,3,0.4
502.1338226539417,-17.64985839327732,8.60505471719664,3,0.4
505.62643959258287,-17.6430869946427,8.656132910611081,3,0.4
509.14334960316967,-17.63621634369522,8.70746340703495,3,0.4
512.68472165738,-17.629278256684454,8.75881339986769,3,0.4
516.2507259021829,-17.62223416447847,8.810445743609492,3,0.4
519.841533668013,-17.615108943451105,8.862175038296481,3,0.4
523.4573174770023,-17.6078780764745,8.914167069124073,3,0.4
527.0982510512695,-17.600580776278328,8.966130180350827,3,0.4
530.7645093212655,-17.593178378610496,9.018332645634343,3,0.4
534.4562684341794,-17.585703180180317,9.070529650326467,3,0.4
538.1737057624005,-17.57810930698236,9.12304563898775,3,0.4
541.9169999120409,-17.57042916984251,9.175633415270438,3,0.4
545.6863307315159,-17.562652516741085,9.228357348479527,3,0.4
549.4818793201863,-17.55478339656767,9.281176296442808,3,0.4
553.3038280370578,-17.546804393149813,9.334209335939825,3,0.4
557.1523605095437,-17.5387339613767,9.387307222021457,3,0.4
561.027661642287,-17.530561914828986,9.440534792603414,3,0.4
564.9299176260438,-17.522285252755324,9.49390336765791,3,0.4
568.8593159466297,-17.513908224484993,9.547368832733746,3,0.4
572.8160453939274,-17.505442396589878,9.60082968148839,3,0.4
576.8002960709567,-17.496870440547248,9.654406066814335,3,0.4
580.8122594030085,-17.48816040194778,9.708334435153812,3,0.4
584.8521281468421,-17.479367535465713,9.76217350519013,3,0.4
588.920096399946,-17.47047458378139,9.816043212396922,3,0.4
593.0163596098636,-17.461449576430454,9.87018220284103,3,0.4
597.1411145835832,-17.45234093599673,9.924195142102526,3,0.4
601.2945594969942,-17.44310207181645,9.978437304073438,3,0.4
605.4768939044083,-17.433774348946645,10.032565220940596,3,0.4
609.688318748147,-17.424311050152653,10.086938812593273,3,0.4
613.9290363681965,-17.41473899686605,10.141329115779952,3,0.4
618.1992505119288,-17.40504826511453,10.195801790022713,3,0.4
622.4991663438906,-17.395243734125373,10.250302571377462,3,0.4
626.8289904556613,-17.38532293811337,10.304836457711913,3,0.4
631.1889308757782,-17.375268534408285,10.359531401415223,3,0.4
635.5791970797316,-17.365115357751794,10.414084533844067,3,0.4
640.0000000000289,-17.354831232813986,10.468746103649583,3,0.4
644.4515520363291,-17.344413754440207,10.523521562307671,3,0.4
648.9340670656479,-17.33388310538249,10.578226147781098,3,0.4
653.4477604526332,-17.32322201617748,10.632988407442062,3,0.4
657.9928490599125,-17.312428217186103,10.68781173760412,3,0.4
662.5695512585116,-17.301522190052594,10.74250522888317,3,0.4
667.178086938348,-17.290471516328843,10.79732818803037,3,0.4
671.8186775187937,-17.27928918028399,10.852153354078064,3,0.4
676.4915459593144,-17.26799597563796,10.906783436016365,3,0.4
681.1969167701814,-17.256559408009934,10.961480911872506,3,0.4
685.935016023259,-17.24497738270018,11.016247404356461,3,0.4
690.7060713628651,-17.233270901840918,11.070881819701775,3,0.4
695.5103120167091,-17.221414979944058,11.125584689268548,3,0.4
700.3479688069056,-17.209438530833985,11.180082944044173,3,0.4
705.2192741610634,-17.197308821034458,11.234646696667182,3,0.4
710.1244621234536,-17.18506276468088,11.288928878111419,3,0.4
715.0637683662537,-17.172652002976644,11.343340971255621,3,0.4
720.0374302008713,-17.160098031381054,11.397672447796644,3,0.4
725.0456865893448,-17.14739912444848,11.451919081586277,3,0.4
730.0887781558251,-17.134545729037182,11.50614759555586,3,0.4
735.1669471981365,-17.121567647102133,11.560066905734205,3,0.4
740.2804376994185,-17.108431834076242,11.613956469788459,3,0.4
745.4294953398465,-17.095136626105628,11.66781182349814,3,0.4
750.6143675084376,-17.08169629624324,11.72148124031077,3,0.4
755.8353033149348,-17.06810938717718,11.77495626012902,3,0.4
761.0925536017771,-17.054358472924974,11.828376833070916,3,0.4
766.3863709561504,-17.040466097538648,11.881511710193093,3,0.4
771.717009722123,-17.02639877494548,11.93465138623789,3,0.4
777.0847260128666,-17.012179190795745,11.987562039203752,3,0.4
782.4897777229608,-16.99781416468965,12.040156094346386,3,0.4
787.9324245407837,-16.983278137113057,12.092651768256006,3,0.4
793.412927960989,-16.968586050815343,12.14488490106131,3,0.4
798.9315512970695,-16.953720360654373,12.196999305246212,3,0.4
804.4885596940084,-16.938704397821073,12.248748788714389,3,0.4
810.0842201410177,-16.923495940433117,12.300514590518919,3,0.4
815.7188014843666,-16.908143193474846,12.351809756010933,3,0.4
821.392574440298,-16.89260380824104,12.403018303451415,3,0.4
827.1058116080346,-16.876909836774384,12.453805744897975,3,0.4
832.8587874828772,-16.861043696313946,12.504317490389422,3,0.4
838.6517784693928,-16.845004378107028,12.554538574259302,3,0.4
844.4850628946929,-16.828774073045203,12.604618957506588,3,0.4
850.3589210218082,-16.812377006935083,12.654295943224076,3,0.4
856.2736350631529,-16.795803892454014,12.70363494150816,3,0.4
862.2294891940834,-16.779045353738727,12.752703095920731,3,0.4
868.226769566552,-16.762134654459686,12.801143649347006,3,0.4
874.2657643228554,-16.745002668397355,12.849618424580381,3,0.4
880.3467636094787,-16.727717053901802,12.897426452386826,3,0.4
886.4700595910348,-16.710225520320797,12.945064054813596,3,0.4
892.635946464303,-16.692570500534416,12.99207829900693,3,0.4
898.844720472362,-16.67472542076517,13.03870880649058,3,0.4
905.096679918825,-16.656680831620328,13.085024336043999,3,0.4
911.3921251821704,-16.638444757417332,13.130916609974335,3,0.4
917.7313587301744,-16.620043061734297,13.176094003776257,3,0.4
924.1146851344428,-16.60142231079879,13.221073082574312,3,0.4
930.5424110850445,-16.582617240181595,13.2654714115365,3,0.4
937.0148454052463,-16.56360958185925,13.309447687024456,3,0.4
943.5322990663512,-16.54442570715377,13.352701754876971,3,0.4
950.0950852026382,-16.52502033015561,13.395671533151976,3,0.4
956.7035191264079,-16.50542896613153,13.437961500686752,3,0.4
963.3579183431307,-16.48564230351726,13.47963812978004,3,0.4
970.0586025667028,-16.465660057058425,13.52067450201362,3,0.4
976.8058937348063,-16.44545442007275,13.561331001795645,3,0.4
983.6001160243768,-16.425061737537582,13.601198622755447,3,0.4
990.4415958671789,-16.404454159611877,13.640538366274857,3,0.4
997.3306619654895,-16.38363131487167,13.679324548400489,3,0.4
1004.267645307891,-16.362611605236335,13.717333254038587,3,0.4
1011.2528791851732,-16.34139501792649,13.754533191203034,3,0.4
1018.2866992063468,-16.319953212110292,13.791192831493529,3,0.4
1025.3694433147675,-16.298304863439796,13.827083970291993,3,0.4
1032.5014518043733,-16.27644996309118,13.86217518792378,3,0.4
1039.6830673360337,-16.25435973662054,13.89674129302258,3,0.4
1046.9146349540124,-16.232062790596565,13.93044672158491,3,0.4
1054.1965021025467,-16.20955926105061,13.963257805137898,3,0.4
1061.5290186425389,-16.18682982220658,13.99534915278416,3,0.4
1068.9125368683667,-16.163894022442385,14.026479450879973,3,0.4
1076.347411524809,-16.140712702579922,14.057036786747814,3,0.4
1083.8339998240897,-16.117345067893062,14.086352775168752,3,0.4
1091.37266146304,-16.093732012028163,14.115030527546471,3,0.4
1098.9637586403808,-16.069913440783516,14.142607653641587,3,0.4
1106.607656074124,-16.045849526189876,14.169481296053872,3,0.4
1114.3047210190957,-16.02158072355586,14.1951814325113,3,0.4
1122.0553232845823,-15.997056652037806,14.220220466348108,3,0.4
1129.859835252096,-15.97231815716489,14.244122990133906,3,0.4
1137.7186318932681,-15.947355481744179,14.266961260803122,3,0.4
1145.6320907878635,-15.92216906882742,14.288696906047651,3,0.4
1153.600592141922,-15.896738526425017,14.309518373930446,3,0.4
1161.6245188060257,-15.871085054630116,14.329161326035688,3,0.4
1169.704256293693,-15.845198695147097,14.34770045895388,3,0.4
1177.840192799901,-15.819048007700554,14.365445444879935,3,0.4
1186.032719219736,-15.79270788680645,14.381544307319242,3,0.4
1194.2822291671753,-15.766115084378162,14.396653918359412,3,0.4
1202.5891189939975,-15.739291542341856,14.410500339047784,3,0.4
1210.9537878088256,-15.71220523736315,14.423400109701312,3,0.4
1219.3766374963034,-15.684889275879147,14.434956505099887,3,0.4
1227.8580727364024,-15.657344503019532,14.445125715493777,3,0.4
1236.3985010238666,-15.629560699334915,14.453985270843829,3,0.4
1244.9983326877905,-15.601538624483089,14.461492315406,3,0.4
1253.657980911332,-15.573256533158276,14.467850998399213,3,0.4
1262.377861751566,-15.544748940526599,14.472647793116094,3,0.4
1271.1583941594727,-15.515982711991839,14.476211809540676,3,0.4
1280.0000000000673,-15.486981439545215,14.478249208346993,3,0.4
1288.9031040726677,-15.457746218066365,14.478713130069677,3,0.4
1297.8681341313059,-15.428231469888935,14.478069329867015,3,0.4
1306.8955209052763,-15.398508058774741,14.475504572224656,3,0.4
1315.9856981198345,-15.36850666702809,14.471745188987715,3,0.4
1325.1391025170333,-15.338299317793142,14.465965402406749,3,0.4
1334.3561738767062,-15.307803777936769,14.45903294431191,3,0.4
1343.6373550375972,-15.277080878611038,14.450245100644572,3,0.4
1352.9830919186386,-15.24608338872752,14.440084883635791,3,0.4
1362.393833540373,-15.214885769970927,14.427700967750825,3,0.4
1371.8700320465282,-15.183366347221565,14.414391451978114,3,0.4
1381.4121427257405,-15.151649723787672,14.398756363277469,3,0.4
1391.0206240334287,-15.119662861614483,14.381560346584637,3,0.4
1400.6959376138216,-15.087432044509644,14.36248069703772,3,0.4
1410.4385483221372,-15.054958832898699,14.341465506366495,3,0.4
1420.2489242469178,-15.022219064552056,14.318743376266351,3,0.4
1430.1275367325184,-14.98923987036556,14.293983322389378,3,0.4
1440.0748604017533,-14.955970601263433,14.267701584959672,3,0.4
1450.0913731787002,-14.922491235895839,14.238992929118952,3,0.4
1460.177556311661,-14.88875108639268,14.208373937649808,3,0.4
1470.3338943962842,-14.854751590434358,14.17579372778313,3,0.4
1480.560875398848,-14.820467135720186,14.141494039822941,3,0.4
1490.8589906797042,-14.785994414261411,14.104394347964002,3,0.4
1501.2287350168863,-14.75119886794057,14.065913619870454,3,0.4
1511.670606629881,-14.716219727503162,14.024515095499387,3,0.4
1522.1851072035656,-14.680934287791656,13.981485906280994,3,0.4
1532.772741912312,-14.645399736842805,13.936175151949246,3,0.4
1543.4340194442575,-14.609646754190047,13.888220241570982,3,0.4
1554.1694520257447,-14.573620580720512,13.838173450933716,3,0.4
1564.9795554459333,-14.53732272872104,13.78598281679002,3,0.4
1575.8648490815792,-14.500784190344662,13.731283210735338,3,0.4
1586.8258559219898,-14.464051976704113,13.67354277686049,3,0.4
1597.863102594151,-14.426995202281173,13.61411600211208,3,0.4
1608.9771193880288,-14.389719898365023,13.551844563738792,3,0.4
1620.1684402820476,-14.352168312170628,13.487304714291213,3,0.4
1631.4376029687455,-14.314357524516804,13.42028118782864,3,0.4
1642.7851488806082,-14.276351978131155,13.350065171510936,3,0.4
1654.2116232160815,-14.23803014126836,13.27789574921282,3,0.4
1665.7175749657672,-14.199535407408883,13.202241840544696,3,0.4
1677.303556938798,-14.160760532655951,13.124189178548516,3,0.4
1688.9701257893985,-14.121739635005175,13.043348804696949,3,0.4
1700.7178420436294,-14.082475537982953,12.959658662713599,3,0.4
1712.5472701263188,-14.042938164977297,12.873394910671413,3,0.4
1724.4589783881795,-14.003196327041024,12.783817870337286,3,0.4
1736.453539133117,-13.963169981983937,12.691715182793905,3,0.4
1748.531528645724,-13.92294609070052,12.596166696478308,3,0.4
1760.6935272189705,-13.88246037079872,12.497795661430803,3,0.4
1772.940119182083,-13.841750189751105,12.396191079095715,3,0.4
1785.2718929286193,-13.800784195104004,12.291637718659251,3,0.4
1797.6894409447373,-13.759583000546606,12.183895834700689,3,0.4
1810.1933598376636,-13.718204050355254,12.072362430609314,3,0.4
1822.7842503643546,-13.676525695478471,11.958219677883857,3,0.4
1835.4627174603627,-13.634604521832216,11.840869885212875,3,0.4
1848.2293702688994,-13.592536768129882,11.719335513860017,3,0.4
1861.0848221701028,-13.550197713849666,11.594817340343797,3,0.4
1874.0296908105065,-13.507627842123446,11.46688559054771,3,0.4
1887.0645981327166,-13.46481188151952,11.335657986408,3,0.4
1900.190170405291,-13.421830939513502,11.200320323692242,3,0.4
1913.4070382528298,-13.378612725596788,11.061545252226269,3,0.4
1926.715836686276,-13.335161039866994,10.919265447264113,3,0.4
1940.1172051334202,-13.291520045409204,10.773031175513898,3,0.4
1953.611787469627,-13.247695294078865,10.622766137093366,3,0.4
1967.2002320487684,-13.203589696427468,10.469358975557673,3,0.4
1980.8831917343723,-13.159330519617711,10.31158342821589,3,0.4
1994.661323930994,-13.114882576066867,10.149748071285503,3,0.4
2008.535290615797,-13.070230253325494,9.983973446155266,3,0.4
2022.5057583703617,-13.0253571419548,9.81438402287569,3,0.4
2036.573398412709,-12.980289681766351,9.640709848862253,3,0.4
2050.7388866295505,-12.935055578929111,9.462675300073741,3,0.4
2065.0029036087626,-12.88966147951858,9.280200675059401,3,0.4
2079.366134672083,-12.844023656147534,9.094016463610117,3,0.4
2093.8292699080407,-12.79830651813564,8.902627933186542,3,0.4
2108.3930042051093,-12.752357458946907,8.707378112396968,3,0.4
2123.0580372850936,-12.706251305442322,8.507579241810589,3,0.4
2137.82507373675,-12.659995178730252,8.303151023130686,3,0.4
2152.6948230496346,-12.61357235843245,8.094221014366108,3,0.4
2167.6679996481957,-12.567038497644138,7.880291204392514,3,0.4
2182.7453229260964,-12.520328277537233,7.661908384055239,3,0.4
2197.927517280778,-12.473473177982573,7.438783959548752,3,0.4
2213.2153121482643,-12.426531649070293,7.210410726344148,3,0.4
2228.6094420382083,-12.379410697881674,6.977557984697398,3,0.4
2244.1106465691814,-12.332142666520342,6.739934849306393,3,0.4
2259.7196705042093,-12.284814370012269,6.496811980235144,3,0.4
2275.4372637865536,-12.237410056967894,6.248316965600221,3,0.4
2291.2641815757443,-12.189831584644155,5.995237577514867,3,0.4
2307.2011842838615,-12.142195324883831,5.736619395505644,3,0.4
2323.2490376120686,-12.094484520127802,5.472594838258163,3,0.4
2339.4085125874035,-12.046624849473018,5.203743926375906,3,0.4
2355.6803855998196,-11.998766773611553,4.9288748066444406,3,0.4
2372.0654384394898,-11.950894767505499,4.6481186080488355,3,0.4
2388.5644583343683,-11.902874577408515,4.362509997458536,3,0.4
2405.178237988013,-11.854832681909574,4.071069601305862,3,0.4
2421.9075756176694,-11.806811740553211,3.7734827747975825,3,0.4
2438.753274992625,-11.75867268244122,3.470797559647691,3,0.4
2455.716145472823,-11.710579145538386,3.161793407034036,3,0.4
2472.797002047752,-11.66248322059375,2.8468383999358955,3,0.4
2489.9966653755996,-11.61439791055179,2.5258468356918105,3,0.4
2507.3159618226828,-11.566304303349892,2.198964142994161,3,0.4
2524.755723503151,-11.518247841462802,1.86587503897555,3,0.4
2542.3167883189644,-11.470342878006953,1.5257958276684185,3,0.4
2560.0000000001537,-11.422338402128759,1.180501887081446,3,0.4
2577.806208145355,-11.374414061963563,0.8287482498907057,3,0.4
2595.736268262631,-11.326655300693973,0.4699806175612157,3,0.4
2613.7910418105726,-11.278975918792167,0.10481704318039467,3,0.4
2631.971396239689,-11.231391557244692,-0.26682419019198494,3,0.4
2650.2782050340866,-11.183809693508017,-0.6443150280586346,3,0.4
2668.7123477534324,-11.13649964329661,-1.0293898601593026,3,0.4
2687.274710075215,-11.089335805312237,-1.4211847048125532,3,0.4
2705.9661838372976,-11.042298249982341,-1.8195405066046528,3,0.4
2724.7876670807664,-10.995442150995384,-2.2247718562249674,3,0.4
2743.740064093077,-10.948825407789895,-2.6371935475064614,3,0.4
2762.824285451502,-10.902429864952872,-3.056642851968352,3,0.4
2782.0412480668783,-10.856235784595844,-3.482954509205232,3,0.4
2801.391875227664,-10.810302901275556,-3.916438700678676,3,0.4
2820.8770966442953,-10.764611563611444,-4.356926594830174,3,0.4
2840.4978484938565,-10.7192655794486,-4.8049638072489085,3,0.4
2860.2550734650586,-10.674247152548912,-5.260377209805315,3,0.4
2880.1497208035285,-10.629536795320737,-5.722991424441757,3,0.4
2900.1827463574223,-10.585200269798198,-6.193105975112365,3,0.4
2920.355112623344,-10.541218166304914,-6.670540643030735,3,0.4
2940.6677887925907,-10.49761399913833,-7.15535125306164,3,0.4
2961.121750797718,-10.454457253727744,-7.64782793542174,3,0.4
2981.717981359431,-10.411774571230549,-8.14801889307667,3,0.4
3002.4574700337953,-10.3695000238471,-8.655496430628343,3,0.4
3023.3412132597846,-10.327657721277212,-9.170305076231687,3,0.4
3044.3702144071544,-10.286511838111378,-9.693658657942882,3,0.4
3065.545483824648,-10.24566046632306,-10.223478885916887,3,0.4
3086.868038888538,-10.205564473241083,-10.76190391360913,3,0.4
3108.338904051513,-10.166010852574594,-11.307789417890199,3,0.4
3129.9591108918903,-10.127127679518926,-11.861620136491558,3,0.4
3151.7296981631816,-10.0887417508938,-12.422491537632538,3,0.4
3173.651711844004,-10.051136456573829,-12.991564528711445,3,0.4
3195.726205188326,-10.01424137206024,-13.56838300193701,3,0.4
3217.954238776082,-9.977981198921382,-14.152496514021479,3,0.4
3240.3368805641194,-9.942652909017232,-14.745022198285142,3,0.4
3262.8752059375156,-9.908076375143672,-15.3450462111513,3,0.4
3285.570297761241,-9.874171522112654,-15.9521153042404,3,0.4
3308.4232464321876,-9.841132840183903,-16.566871467273792,3,0.4
3331.435149931559,-9.808993504327532,-17.189280933278525,3,0.4
3354.607113877621,-9.777844283033545,-17.81951496919872,3,0.4
3377.9402515788224,-9.747547063965774,-18.45688714474175,3,0.4
3401.4356840872842,-9.718366307722166,-19.102185574053685,3,0.4
3425.094540252663,-9.689984317835286,-19.754100598887796,3,0.4
3448.9179567763854,-9.662667221587517,-20.41340019627459,3,0.4
3472.9070782662598,-9.636388712517071,-21.07980450121187,3,0.4
3497.0630572914743,-9.611242465571358,-21.753429191795423,3,0.4
3521.387054437968,-9.58726279267992,-22.434176248306926,3,0.4
3545.880238364193,-9.564296057037446,-23.121370227497998,3,0.4
3570.543785857265,-9.54249700526257,-23.815298095537717,3,0.4
3595.378881889502,-9.522089233180761,-24.51639366735702,3,0.4
3620.3867196753545,-9.50265845365649,-25.22325052738982,3,0.4
3645.5685007287366,-9.484749562590531,-25.937182024800645,3,0.4
3670.9254349207527,-9.467940671041507,-26.656805457653217,3,0.4
3696.458740537827,-9.45258845507723,-27.382842808685826,3,0.4
3722.1696443402334,-9.438458720844606,-28.11446214792538,3,0.4
3748.0593816210417,-9.425712280652371,-28.851840467497713,3,0.4
3774.129196265462,-9.414377805915384,-29.59480456734323,3,0.4
3800.3803408106105,-9.40434606345013,-30.342874608401505,3,0.4
3826.8140765056887,-9.395917423042196,-31.09646708813815,3,0.4
3853.43167337258,-9.388842795169994,-31.854797588004335,3,0.4
3880.2344102668694,-9.383354810986965,-32.618094571593076,3,0.4
3907.223574939284,-9.379338060597224,-33.38587139496811,3,0.4
3934.400464097566,-9.376743311048553,-34.157799215347175,3,0.4
3961.7663834687746,-9.37580448491899,-34.93404116936389,3,0.4
3989.322647862018,-9.376400016444952,-35.71412096466466,3,0.4
4017.070581231624,-9.378548364219801,-36.497816058488894,3,0.4
4045.011516740754,-9.382266779306715,-37.284898596985876,3,0.4
4073.1467968254487,-9.387717367395798,-38.07533080782634,3,0.4
4101.477773259132,-9.394696674819523,-38.86856587268639,3,0.4
4130.005807217556,-9.403364393994817,-39.66455136227131,3,0.4
4158.732269344197,-9.413437309787682,-40.46270331211509,3,0.4
4187.658539816113,-9.425443323144618,-41.263347044072006,3,0.4
4216.78600841025,-9.438947484957046,-42.06574941797325,3,0.4
4246.116074570219,-9.454180137673468,-42.869880277173024,3,0.4
4275.650147473531,-9.470923175926353,-43.67529661885251,3,0.4
4305.389646099301,-9.489330330168217,-44.48187930818485,3,0.4
4335.335999296423,-9.509480060018765,-45.289415878374065,3,0.4
4365.4906458522255,-9.531374429310771,-46.09763085836379,3,0.4
4395.8550345615895,-9.554938355355585,-46.9062165961296,3,0.4
4426.430624296562,-9.579943668989689,-47.71483808342612,3,0.4
4457.21888407645,-9.606840670856306,-48.52341639918785,3,0.4
4488.2212931383965,-9.635171520464276,-49.33155924153105,3,0.4
4519.439341008452,-9.665005965998336,-50.139078753838454,3,0.4
4550.874527573141,-9.696715205705749,-50.9457728734966,3,0.4
4582.528363151522,-9.729912579170533,-51.7513630429372,3,0.4
4614.402368567757,-9.764890654416067,-52.55560362689069,3,0.4
4646.498075224173,-9.801034406665117,-53.35835109441679,3,0.4
4678.817025174842,-9.839161786691829,-54.15923663175142,3,0.4
4711.360771199674,-9.878580862473004,-54.958195859132694,3,0.4
4744.130876879015,-9.919503721067409,-55.75497499272194,3,0.4
4777.128916668773,-9.962064825758919,-56.54929455801467,3,0.4
4810.356475976061,-10.006246800354903,-57.340925539266955,3,0.4
4843.815151235375,-10.0516591206659,-58.129901320417744,3,0.4
4877.506549985286,-10.098582438381854,-58.91586327605875,3,0.4
4911.432290945683,-10.14692328978432,-59.69868067884984,3,0.4
4945.594004095541,-10.196662087627997,-60.47818366363811,3,0.4
4979.9933307512365,-10.247851857097327,-61.25413565354429,3,0.4
5014.631923645403,-10.300324760357356,-62.02652103458466,3,0.4
5049.511447006339,-10.354132911715826,-62.79512198073567,3,0.4
5084.633576637967,-10.409398879343643,-63.55961753316904,3,0.4
5120.000000000346,-10.465738357488865,-64.3203107075636,3,0.4
5155.612416290749,-10.52348950471859,-65.07662280557143,3,0.4
5191.4725365253,-10.582342170286992,-65.82881676470785,3,0.4
5227.582083621183,-10.642345956002755,-66.57669727334084,3,0.4
5263.942792479418,-10.703829847792711,-67.31960358179151,3,0.4
5300.556410068212,-10.766205780198456,-68.05831989102785,3,0.4
5337.424695506905,-10.82980194565435,-68.7921943669354,3,0.4
5374.54942015047,-10.894454857875582,-69.52137773303515,3,0.4
5411.932367674636,-10.96021009063037,-70.24566971799962,3,0.4
5449.575334161574,-11.026975351157356,-70.96512901622965,3,0.4
5487.480128186196,-11.094795321054587,-71.67955905267418,3,0.4
5525.648570903045,-11.163645794453318,-72.38889592275841,3,0.4
5564.082496133798,-11.233369687736523,-73.09337497410758,3,0.4
5602.78375045537,-11.304144019171872,-73.79251562964835,3,0.4
5641.754193288633,-11.375812544943232,-74.48656808867743,3,0.4
5680.995696987757,-11.448288321725526,-75.17565934744367,3,0.4
5720.51014693016,-11.521679947843491,-75.85945238948953,3,0.4
5760.2994416071,-11.596028169222325,-76.53775197042698,3,0.4
5800.365492714889,-11.671055322523447,-77.21119149074538,3,0.4
5840.710225246731,-11.746869290510816,-77.87943710160008,3,0.4
5881.335577585225,-11.823573923363861,-78.5421339799835,3,0.4
5922.243501595481,-11.900960748351444,-79.19978921186662,3,0.4
5963.435962718906,-11.979133753947426,-79.85205326445531,3,0.4
6004.914940067636,-12.057890189312022,-80.49946645755654,3,0.4
6046.682426519615,-12.137454197204988,-81.14131434322387,3,0.4
6088.740428814354,-12.21750665973495,-81.77852541699522,3,0.4
6131.090967649341,-12.298446257158968,-82.40981054963957,3,0.4
6173.736077777122,-12.37978206445547,-83.03668910012227,3,0.4
6216.6778081030725,-12.461907390502027,-83.6578511595796,3,0.4
6259.918221783827,-12.544628615513105,-84.2738856930635,3,0.4
6303.4593963264115,-12.627759291971202,-84.88541014957774,3,0.4
6347.303423688055,-12.711512364906046,-85.4916691116272,3,0.4
6391.4524103767,-12.795870318771376,-86.09268449120593,3,0.4
6435.9084775522115,-12.880706231035271,-86.68888762137976,3,0.4
6480.673761128287,-12.966006777183674,-87.28031549048772,3,0.4
6525.750411875079,-13.051759034280519,-87.86700632484322,3,0.4
6571.140595522531,-13.138056976263819,-88.44858271934045,3,0.4
6616.846492864425,-13.22472706703329,-89.02570571513189,3,0.4
6662.870299863169,-13.311915671060772,-89.5977874409256,3,0.4
6709.214227755292,-13.399504942901864,-90.16528738366061,3,0.4
6755.880503157695,-13.487483911405365,-90.72824897705638,3,0.4
6802.871368174619,-13.575993547552343,-91.28607099762527,3,0.4
6850.189080505378,-13.664768839104763,-91.839868913563,3,0.4
6897.835913552822,-13.753951489264253,-92.38904286660748,3,0.4
6945.814156532571,-13.843432519165484,-92.93407202714225,3,0.4
6994.126114583001,-13.933301120979941,-93.47456677428063,3,0.4
7042.774108875988,-14.023546860001286,-94.01057052564737,3,0.4
7091.760476728439,-14.114159645294146,-94.54212720926435,3,0.4
7141.087571714584,-14.205082872500164,-95.06950296002253,3,0.4
7190.757763779057,-14.296215964285864,-95.59318967172308,3,0.4
7240.773439350762,-14.387691859439322,-96.11256873063077,3,0.4
7291.137001457528,-14.479592387038656,-96.6272371565772,3,0.4
7341.850869841561,-14.571681845928072,-97.13835817525332,3,0.4
7392.917481075709,-14.66391211522149,-97.64620663306268,3,0.4
7444.339288680522,-14.75658808927545,-98.14925551221053,3,0.4
7496.118763242139,-14.849567566537115,-98.6482227004645,3,0.4
7548.258392530979,-14.942628667990823,-99.14428392773553,3,0.4
7600.760681621277,-15.036153130042573,-99.6354502047015,3,0.4
7653.628153011434,-15.129750825748417,-100.1238034642673,3,0.4
7706.863346745218,-15.223629500181461,-100.608256465511,3,0.4
7760.468820533797,-15.317823698073592,-101.08862545632469,3,0.4
7814.447149878626,-15.412122999745211,-101.5660908903797,3,0.4
7868.800928195191,-15.506687279597124,-102.03978718310633,3,0.4
7923.532766937609,-15.601471049575881,-102.50998474468733,3,0.4
7978.645295724095,-15.696430811412569,-102.97695405533857,3,0.4
8034.141162463309,-15.791680119064267,-103.44005360745933,3,0.4
8090.023033481568,-15.8870590512187,-103.90023658612633,3,0.4
8146.293593650958,-15.98260436003795,-104.3573161828456,3,0.4
8202.955546518326,-16.078313715071868,-104.81133276520956,3,0.4
8260.011614435174,-16.174333182277564,-105.2614147260337,3,0.4
8317.464538688457,-16.2705457316473,-105.7082853812295,3,0.4
8375.317079632288,-16.366839506226736,-106.15266644917894,3,0.4
8433.572016820564,-16.463322660090533,-106.59391266798482,3,0.4
8492.232149140504,-16.560027705460712,-107.03183441150549,3,0.4
8551.300294947127,-16.656845579999622,-107.46715051604974,3,0.4
8610.779292198666,-16.753879896593084,-107.89921574467863,3,0.4
8670.671998592914,-16.851058443333216,-108.32851988909813,3,0.4
8730.981291704516,-16.948379946139028,-108.75509754072108,3,0.4
8791.710069123244,-17.04587668388966,-109.17875659807797,3,0.4
8852.86124859319,-17.143546407666225,-109.59953122993906,3,0.4
8914.437768152968,-17.241386967270838,-110.01745505456574,3,0.4
8976.44258627686,-17.33933161106766,-110.43301114579154,3,0.4
9038.878682016972,-17.437476514948568,-110.84555589701404,3,0.4
9101.74905514635,-17.535755449613582,-111.25557082624896,3,0.4
9165.056726303115,-17.634167679952185,-111.66308609022327,3,0.4
9228.804737135582,-17.73268161877046,-112.06835461722993,3,0.4
9292.996150448414,-17.831450471776865,-112.47028914486528,3,0.4
9357.634050349754,-17.930288228334195,-112.87025843754722,3,0.4
9422.721542399418,-18.029286046604284,-113.26762135623845,3,0.4
9488.261753758103,-18.12847195733745,-113.66218492481721,3,0.4
9554.257833337617,-18.227668359674382,-114.0553049985296,3,0.4
9620.712951952195,-18.327138616165314,-114.44501666474474,3,0.4
9687.630302470823,-18.426649157091816,-114.83311321979885,3,0.4
9755.013099970645,-18.52640007291446,-115.21807850475196,3,0.4
9822.864581891441,-18.626191995389444,-115.60147583740103,3,0.4
9891.188008191157,-18.72616540919053,-115.98223229895918,3,0.4
9959.98666150255,-18.826263680898588,-116.3608101490005,3,0.4
10029.26384729088,-18.926459671061988,-116.73744937775452,3,0.4
10099.022894012754,-19.026860692867512,-117.11130413621767,3,0.4
10169.26715327601,-19.127358502777202,-117.48326556945277,3,0.4
10240.000000000768,-19.22797992314846,-117.85313781710715,3,0.4
10311.224832581574,-19.328750584395735,-118.22072698739981,3,0.4
10382.945073050678,-19.429618614768188,-118.58648354714549,3,0.4
10455.164167242447,-19.53063512372403,-118.94999858890382,3,0.4
10527.885584958914,-19.631774305703896,-119.31150631878653,3,0.4
10601.112820136505,-19.733036104862645,-119.67102576537768,3,0.4
10674.849391013888,-19.83442047294333,-120.02857552217228,3,0.4
10749.098840301021,-19.935975421995906,-120.38375218275075,3,0.4
10823.864735349352,-20.037628009986804,-120.73720791424634,3,0.4
10899.15066832323,-20.13944947904602,-121.08832980180473,3,0.4
10974.960256372473,-20.24134534840918,-121.43797384276196,3,0.4
11051.297141806172,-20.343386049452057,-121.78552841250414,3,0.4
11128.16499226768,-20.445548091904307,-122.13121913647663,3,0.4
11205.567500910824,-20.54785388886217,-122.47485528798819,3,0.4
11283.508386577352,-20.6502361605397,-122.81707206975824,3,0.4
11361.991393975597,-20.752784074205465,-123.15705977199285,3,0.4
11441.020293860403,-20.855452776937486,-123.49524634234669,3,0.4
11520.598883214287,-20.958242258141397,-123.83164624441321,3,0.4
11600.730985429864,-21.061152503109245,-124.16627361280109,3,0.4
11681.420450493551,-21.164204413263935,-124.49894010938472,3,0.4
11762.671155170538,-21.26735588111177,-124.83006429311355,3,0.4
11844.48700319105,-21.370648482026176,-125.1592558196148,3,0.4
11926.871925437901,-21.474061265733685,-125.4867297533417,3,0.4
12009.82988013536,-21.577594195862346,-125.8124987170093,3,0.4
12093.36485303932,-21.68126697080217,-126.1363767109979,3,0.4
12177.4808576288,-21.78502031235829,-126.45897082233478,3,0.4
12262.181935298773,-21.888932675507068,-126.77950103925289,3,0.4
12347.472155554336,-21.992945449749715,-127.0985716009942,3,0.4
12433.355616206238,-22.097096916016103,-127.41580100030536,3,0.4
12519.836443567749,-22.201386332494298,-127.73120263709713,3,0.4
12606.918792652916,-22.305776142566963,-128.0451769867838,3,0.4
12694.606847376202,-22.410285091872307,-128.35753939930774,3,0.4
12782.904820753494,-22.51494904099995,-128.66791609980007,3,0.4
12871.816955104521,-22.619677738897597,-128.97727832195693,3,0.4
12961.347522256672,-22.72454320640564,-129.28486693926695,3,0.4
13051.500823750257,-22.82956204689772,-129.5905043902367,3,0.4
13142.28119104516,-22.934698572719977,-129.89458272290028,3,0.4
13233.69298572895,-23.039935674818416,-130.19729931055085,3,0.4
13325.740599726436,-23.145307314905278,-130.49828636553377,3,0.4
13418.428455510686,-23.25076302756883,-130.79811456669623,3,0.4
13511.761006315492,-23.356402034341702,-131.0956740486025,3,0.4
13605.74273634934,-23.462108559337604,-131.39227684228837,3,0.4
13700.378161010858,-23.56796407798306,-131.68700404574963,3,0.4
13795.671827105747,-23.673888223474897,-131.98078473371393,3,0.4
13891.628313065248,-23.77999177627236,-132.27234306070355,3,0.4
13988.252229166108,-23.886195110344968,-132.56260453918873,3,0.4
14085.548217752083,-23.992483281830147,-132.8517552507732,3,0.4
14183.520953456982,-24.098917410032815,-133.13907825772344,3,0.4
14282.175143429275,-24.205481257409698,-133.42476507950875,3,0.4
14381.515527558222,-24.31215930199169,-133.70900382975356,3,0.4
14481.546878701633,-24.41892217195069,-133.99215667106378,3,0.4
14582.274002915165,-24.525842478554225,-134.27334259872802,3,0.4
14683.70173968323,-24.63284735875056,-134.55345508303938,3,0.4
14785.834962151528,-24.739979622291003,-134.83197107967976,3,0.4
14888.678577361155,-24.84723844153617,-135.1088998103242,3,0.4
14992.23752648439,-24.954595580855468,-135.3845970922218,3,0.4
15096.516785062071,-25.06207827366771,-135.6587219359718,3,0.4
15201.521363242668,-25.169672302843352,-135.9314549502619,3,0.4
15307.256306022984,-25.277364089361484,-136.202973355571,3,0.4
15413.726693490553,-25.385205990406735,-136.47260066020755,3,0.4
15520.93764106771,-25.49311877639381,-136.7413658644977,3,0.4
15628.894299757369,-25.601179975660315,-137.0082570897353,3,0.4
15737.6018563905,-25.7093248112678,-137.27412569935507,3,0.4
15847.065533875337,-25.817603590085398,-137.53830552027796,3,0.4
15957.29059144831,-25.925990400751665,-137.80113919452918,3,0.4
16068.282324926739,-26.03448482864701,-138.06263243873667,3,0.4
16180.046066963258,-26.14307444362362,-138.32295521850412,3,0.4
16292.587187302037,-26.251759246882997,-138.58211065021032,3,0.4
16405.911093036775,-26.36057437931578,-138.8396137114472,3,0.4
16520.023228870472,-26.469530112907158,-139.09531286006526,3,0.4
16634.92907737704,-26.578556103162477,-139.35018715345552,3,0.4
16750.634159264704,-26.687687042927955,-139.60375382385348,3,0.4
16867.144033641256,-26.796955949807852,-139.855539820091,3,0.4
16984.464298281135,-26.906294956831882,-140.1065093524639,3,0.4
17102.600589894384,-27.01577016083222,-140.35571339356954,3,0.4
17221.558584397462,-27.125326064463643,-140.60394930012134,3,0.4
17341.343997185955,-27.235005490497265,-140.85059247796576,3,0.4
17461.962583409164,-27.34478615376778,-141.0959635089911,3,0.4
17583.42013824662,-27.454677926539347,-141.33991273668238,3,0.4
17705.72249718651,-27.564659423765015,-141.58275498903618,3,0.4
17828.875536306066,-27.67474063265146,-141.82433971459335,3,0.4
17952.885172553855,-27.78494103115746,-142.0643673720792,3,0.4
18077.75736403408,-27.895219848221622,-142.30345296929215,3,0.4
18203.498110292836,-28.005616310623363,-142.5409941528625,3,0.4
18330.113452606365,-28.11611952529661,-142.77715014890668,3,0.4
18457.609474271307,-28.22671908252012,-143.01207694602442,3,0.4
18585.99230089697,-28.337414444773813,-143.2457791345626,3,0.4
18715.26810069965,-28.448186496071912,-143.4785560431459,3,0.4
18845.44308479898,-28.559090408800422,-143.70952788955788,3,0.4
18976.523507516347,-28.670060851249247,-143.93972928836604,3,0.4
19108.51566667538,-28.78115196604293,-144.16828750517888,3,0.4
19241.425903904536,-28.89233568233998,-144.39564675681564,3,0.4
19375.260604941792,-29.003585257623463,-144.62224180119443,3,0.4
19510.026199941436,-29.11497006336417,-144.8469286389504,3,0.4
19645.729163783028,-29.226428327230497,-145.0707165656107,3,0.4
19782.376016382463,-29.337985344074816,-145.29318190692277,3,0.4
19919.973323005244,-29.449640227894974,-145.51433130668062,3,0.4
20058.527694581913,-29.561367494372508,-145.7345900667591,3,0.4
20198.045788025658,-29.67320767626692,-145.9532638646894,3,0.4
20338.53430655217,-29.785127292025237,-146.17091597685697,3,0.4
20480.00000000169,-29.897149760515624,-146.38713655785685,3,0.4
20622.4496651633,-30.009250509728563,-146.60234388662144,3,0.4
20765.890146101516,-30.121436957100865,-146.81640413332534,3,0.4
20910.32833448505,-30.233723732402147,-147.029051537896,3,0.4
21055.771169917985,-30.346087145733996,-147.24069744740055,3,0.4
21202.22564027317,-30.45854915016498,-147.4509433653855,3,0.4
21349.698782027936,-30.571079304365348,-147.6603287553134,3,0.4
21498.197680602203,-30.68371374053165,-147.86819345905613,3,0.4
21647.72947069887,-30.79641534302659,-148.07520434098822,3,0.4
21798.301336646622,-30.909212276467187,-148.2808391726056,3,0.4
21949.920512745113,-31.022096455765084,-148.4852362122424,3,0.4
22102.59428361251,-31.135046406153634,-148.68878866110995,3,0.4
22256.32998453553,-31.248096009733967,-148.8908549575814,3,0.4
22411.135001821818,-31.361217092149033,-149.09195576918034,3,0.4
22567.01677315487,-31.4744291816317,-149.29171261923025,3,0.4
22723.98278795137,-31.58771812020866,-149.49038597991068,3,0.4
22882.04058772098,-31.701076874605377,-149.68810515223257,3,0.4
23041.197766428744,-31.814524221098715,-149.8844982095894,3,0.4
23201.4619708599,-31.928046510320804,-150.07982119408024,3,0.4
23362.840900987278,-32.04164937323776,-150.27395493860098,3,0.4
23525.342310341253,-32.15531973046567,-150.46715039471053,3,0.4
23688.974006382276,-32.26907539957624,-150.65904425854313,3,0.4
23853.743850875984,-32.38289740861625,-150.8500077260624,3,0.4
24019.6597602709,-32.49680901381624,-151.03956147823556,3,0.4
24186.729706078822,-32.61078565967399,-151.22819410282156,3,0.4
24354.96171525778,-32.72483275133884,-151.41578852106213,3,0.4
24524.363870597732,-32.83896107324526,-151.60211230639743,3,0.4
24694.944311108862,-32.95315840870566,-151.78740848782604,3,0.4
24866.711232412665,-33.06741865867665,-151.9717977148686,3,0.4
25039.672887135683,-33.18176332256288,-152.15481746998302,3,0.4
25213.837585306024,-33.2961642390504,-152.33705477886977,3,0.4
25389.213694752598,-33.41064788386105,-152.5179358631497,3,0.4
25565.809641507185,-33.52520256851218,-152.69769877024322,3,0.4
25743.63391020923,-33.63981197115795,-152.87668936257273,3,0.4
25922.695044513537,-33.75449642672103,-153.05445675867833,3,0.4
26103.00164750071,-33.86923981731256,-153.23134475644133,3,0.4
26284.562382090517,-33.98406175130819,-153.40690990847554,3,0.4
26467.385971458098,-34.09894139298202,-153.58160455638037,3,0.4
26651.481199453076,-34.21389297844645,-153.75510054214735,3,0.4
26836.856911021572,-34.32890598559615,-153.9276241792094,3,0.4
27023.522012631187,-34.44397039751866,-154.0993964261342,3,0.4
27211.485472698885,-34.559109428144524,-154.26987709661702,3,0.4
27400.75632202192,-34.674312755911885,-154.43929037577206,3,0.4
27591.3436542117,-34.78957966416982,-154.60764178598527,3,0.4
27783.256626130707,-34.90490494136682,-154.77504278714102,3,0.4
27976.504458332423,-35.02028805109829,-154.94149677836,3,0.4
28171.096435504372,-35.135732835614725,-155.10690232096928,3,0.4
28367.04190691418,-35.25123857785622,-155.27126447034414,3,0.4
28564.35028685876,-35.36680455427242,-155.4345880428727,3,0.4
28763.031055116662,-35.482421599320595,-155.5970831334612,3,0.4
28963.093757403483,-35.59809759595704,-155.758545567494,3,0.4
29164.548005830547,-35.71383172531426,-155.91897856758652,3,0.4
29367.403479366687,-35.82962712301759,-156.07828320056728,3,0.4
29571.669924303278,-35.945474520677806,-156.23666183032836,3,0.4
29777.35715472254,-36.06137254094758,-156.3941087548213,3,0.4
29984.475052969006,-36.17731879012513,-156.55061119171214,3,0.4
30193.03357012437,-36.29331962418972,-156.70584680105313,3,0.4
30403.042726485564,-36.40934121329259,-156.8602559329144,3,0.4
30614.512612046197,-36.525342283356544,-157.01349002246724,3,0.4
30827.45338698134,-36.64115061583526,-157.16661468231368,3,0.4
31041.875282135654,-36.75743833795042,-157.32217543739645,3,0.4
31257.788599514974,-36.874047894006964,-157.47290927012506,3,0.4
31475.203712781236,-36.9904792307094,-157.6221656583384,3,0.4
31694.13106775091,-37.10688708146203,-157.77095204772678,3,0.4
31914.581182896858,-37.22332619971088,-157.91891317625849,3,0.4
32136.564649853717,-37.339811420722,-158.06590493659286,3,0.4
32360.09213392676,-37.45633938473231,-158.21209003048173,3,0.4
32585.17437460432,-37.57292129927475,-158.35718068141932,3,0.4
32811.8221860738,-37.689540697913124,-158.501633150355,3,0.4
33040.04645774119,-37.806210759684134,-158.64507918737218,3,0.4
33269.85815475433,-37.92292781684229,-158.78761244862892,3,0.4
33501.26831852966,-38.03968513260743,-158.92941500968192,3,0.4
33734.28806728276,-38.15649182123183,-159.0702200702411,3,0.4
33968.928596562524,-38.273338044820605,-159.21029873577504,3,0.4
34205.20117978902,-38.3902356606333,-159.34930047276933,3,0.4
34443.11716879519,-38.50717792733708,-159.4874078423951,3,0.4
34682.68799437217,-38.62416137540274,-159.6247122807469,3,0.4
34923.92516681859,-38.74118851720313,-159.7611306637264,3,0.4
35166.8402764935,-38.858255961620486,-159.89675346130704,3,0.4
35411.44499437329,-38.975363308682844,-160.0315838645491,3,0.4
35657.7510726124,-39.092515756442175,-160.16545594368236,3,0.4
35905.77034510798,-39.20970992241943,-160.29846020728354,3,0.4
36155.51472806843,-39.32694257713917,-160.4306849766462,3,0.4
36406.99622058595,-39.44421601757518,-160.56205048420827,3,0.4
36660.22690521301,-39.561529745774216,-160.69256149415165,3,0.4
36915.21894854289,-39.678883267341874,-160.82222271482027,3,0.4
37171.98460179422,-39.796276091005296,-160.95103878132826,3,0.4
37430.53620139958,-39.91370517863564,-161.07909508099792,3,0.4
37690.88616959824,-40.03117265971365,-161.2063141381788,3,0.4
37953.04701503298,-40.14867308112265,-161.33285982578292,3,0.4
38217.03133335104,-40.26621839401265,-161.4583366053814,3,0.4
38482.85180780936,-40.38379572138748,-161.58314671632348,3,0.4
38750.521209883875,-40.50140951276689,-161.707133782887,3,0.4
39020.05239988316,-40.61905922681376,-161.8303003498129,3,0.4
39291.458327566346,-40.736744272044774,-161.952647872686,3,0.4
39564.752032765224,-40.854461670315274,-162.07425279016607,3,0.4
39839.94664601079,-40.97221289100282,-162.19503394365856,3,0.4
40117.05538916413,-41.08999662683246,-162.3149822498375,3,0.4
40396.09157605162,-41.20781493853194,-162.43392661466018,3,0.4
40677.068613104646,-41.32565152446874,-162.5521977830421,3,0.4
40960.00000000368,-41.4434952128631,-162.66953230789642,3,0.4
41244.899330326916,-41.56128625822838,-162.78536323727332,3,0.4
41531.78029220334,-41.67858015530552,-162.90081468609802,3,0.4
41820.65666897041,-41.79666125781995,-163.02480077062503,3,0.4
42111.54233983629,-41.91526606954443,-163.13839317729602,3,0.4
42404.45128054665,-42.03343366100248,-163.25135453888188,3,0.4
42699.3975640562,-42.1515490162883,-163.3641275787235,3,0.4
42996.39536120473,-42.26967527697515,-163.4763051375794,3,0.4
43295.458941398065,-42.387821814190715,-163.5879240515123,3,0.4
43596.60267329357,-42.505996498220775,-163.698798533947,3,0.4
43899.84102549055,-42.62419686542412,-163.80904924106554,3,0.4
44205.18856722535,-42.742423413797006,-163.9186658585063,3,0.4
44512.659969071385,-42.860678076425415,-164.02757486072238,3,0.4
44822.27000364397,-42.97896071220541,-164.13577570541267,3,0.4
45134.033546310086,-43.09727109247361,-164.24326953823672,3,0.4
45447.96557590307,-43.21561069272832,-164.34999119504167,3,0.4
45764.081175442305,-43.33397396442173,-164.4561454754416,3,0.4
46082.39553285784,-43.45236584508341,-164.56153361395312,3,0.4
46402.92394172015,-43.57078594634291,-164.6661604356978,3,0.4
46725.681801974904,-43.689228905281325,-164.77022765802312,3,0.4
47050.68462068286,-43.80769780493359,-164.87360621600845,3,0.4
47377.94801276491,-43.92619393617884,-164.97623531604745,3,0.4
47707.487701752325,-44.044715321142355,-165.07818450100476,3,0.4
48039.319520542165,-44.16325850111164,-165.17958549668268,3,0.4
48373.45941215801,-44.28182793567715,-165.28024949887572,3,0.4
48709.923430515926,-44.4004232484541,-165.38018183480918,3,0.4
49048.72774119583,-44.519038036223975,-165.47963821670072,3,0.4
49389.888622218095,-44.63768110152627,-165.57824587318171,3,0.4
49733.4224648257,-44.756344621304336,-165.67632145190925,3,0.4
50000.0,-44.847876117865496,-165.75160586980493,3,0.4
10.0,-14.549313037301078,-0.2857619031768121,4,0.5
10.069555500567189,-14.549591393913916,-0.2871097095053558,4,0.5
10.139594797900294,-14.549857681025935,-0.2884538117261323,4,0.5
10.210121257071936,-14.550144035333403,-0.2897974769342877,4,0.5
10.281138266560667,-14.550424769168558,-0.29113772769686935,4,0.5
10.352649238413779,-14.550712744113648,-0.29247576158436944,4,0.5
10.424657608411218,-14.550995123869852,-0.2938099514893967,4,0.5
10.497166836230678,-14.55128476962874,-0.2951415094684962,4,0.5
10.57018040561381,-14.551581693735132,-0.2964702337617674,4,0.5
10.643701824533608,-14.551885908778035,-0.2977959193059864,4,0.5
10.71773462536294,-14.552178157450623,-0.2991161428172441,4,0.5
10.792282365044281,-14.552490570129477,-0.30043436142065927,4,0.5
10.867348625260592,-14.552797467145487,-0.3017473951775585,4,0.5
10.942937012607405,-14.553098863130518,-0.30305499093085725,4,0.5
11.019051158766118,-14.553426885251284,-0.3043606980223067,4,0.5
11.095694720678463,-14.553730167422785,-0.30565820615178896,4,0.5
11.172871380722214,-14.554047259064184,-0.3069518362181556,4,0.5
11.250584846888108,-14.554384595625457,-0.3082421522865898,4,0.5
11.328838852958,-14.554697239093384,-0.3095234587962479,4,0.5
11.407637158684253,-14.555030157050766,-0.31080096348471703,4,0.5
11.486983549970367,-14.555364099716,-0.3120720678785869,4,0.5
11.566881839052892,-14.555699082958991,-0.3133365069714311,4,0.5
11.647335864684578,-14.556035122901223,-0.31459401205102155,4,0.5
11.728349492318808,-14.556385076767164,-0.3158459427026512,4,0.5
11.809926614295325,-14.556723279034603,-0.3170887714909485,4,0.5
11.892071150027233,-14.557081847811855,-0.3183263242602709,4,0.5
11.97478704618931,-14.557435119175947,-0.31955503478233116,4,0.5
12.05807827690763,-14.557783111347806,-0.3207745968098452,4,0.5
12.141948843950495,-14.55815793881924,-0.32198894154074853,4,0.5
12.226402776920713,-14.558514683904685,-0.32319186967984465,4,0.5
12.31144413344919,-14.558879041944923,-0.3243864701197859,4,0.5
12.397076999389895,-14.559244612358928,-0.32557159322181695,4,0.5
12.48330548901615,-14.55962425029094,-0.32674868433713905,4,0.5
12.570133745218314,-14.560005137530023,-0.32791571202292913,4,0.5
12.657565939702833,-14.560387293532743,-0.3290723644723311,4,0.5
12.745606273192656,-14.56077073806326,-0.3302183263147133,4,0.5
12.834258975629076,-14.561161908338793,-0.331354181623803,4,0.5
12.923528306374958,-14.561547990263437,-0.33247780911604585,4,0.5
13.013418554419374,-14.56194825505229,-0.3335916133565676,4,0.5
13.10393403858367,-14.562343473188037,-0.33469253488465206,4,0.5
13.195079107728983,-14.562746498968483,-0.33578208300527174,4,0.5
13.286858140965156,-14.563150937499437,-0.3368590046619452,4,0.5
13.379275547861162,-14.563556810830082,-0.3379229607197569,4,0.5
13.472335768656947,-14.563970556628318,-0.33897456283603244,4,0.5
13.566043274476765,-14.564392196677359,-0.34001348799644215,4,0.5
13.660402567544,-14.564808924000479,-0.34103747177948784,4,0.5
13.755418181397484,-14.565240005970406,-0.3420490703714275,4,0.5
13.851094681109295,-14.565672636561294,-0.3430460058383752,4,0.5
13.947436663504105,-14.566094012527731,-0.3440259353221331,4,0.5
14.044448757380025,-14.566536227409186,-0.3449934532017753,4,0.5
14.142135623731003,-14.566980064069606,-0.3459452417767164,4,0.5
14.240501955970773,-14.567412722166225,-0.3468789016888505,4,0.5
14.33955248015833,-14.567853466916398,-0.34779708899860146,4,0.5
14.439291955225018,-14.568315148117248,-0.3487015216047223,4,0.5
14.539725173203164,-14.56876572978041,-0.3495866935790859,4,0.5
14.640856959456315,-14.569224475659011,-0.35045532640903676,4,0.5
14.742692172911074,-14.569691412209803,-0.35130706555182023,4,0.5
14.845235706290554,-14.570147333419246,-0.3521383554349215,4,0.5
14.94849248634945,-14.570617911992645,-0.3529530600769187,4,0.5
15.05246747411074,-14.57109035407874,-0.35374867727369946,4,0.5
15.15716566510405,-14.571571098830232,-0.3545259105493822,4,0.5
15.26259208960566,-14.572034536104116,-0.3552799912044173,4,0.5
15.368751812880195,-14.572531973845656,-0.3560193261137808,4,0.5
15.475649935423972,-14.573018574294547,-0.356735822057338,4,0.5
15.58329159321007,-14.573513596557468,-0.3574324125643248,4,0.5
15.69168195793509,-14.574004254385962,-0.3581064526671905,4,0.5
15.800826237267621,-14.574509804819753,-0.3587609537879364,4,0.5
15.910729675098453,-14.575004647471852,-0.35939094812022127,4,0.5
16.02139755179252,-14.57550803934998,-0.3599994716791569,4,0.5
16.13283518444261,-14.57602641988933,-0.360587322869236,4,0.5
16.245047927124794,-14.576521381079125,-0.3611470505938884,4,0.5
16.358041171155712,-14.57705061812839,-0.3616888747951133,4,0.5
16.471820345351553,-14.57756291336365,-0.36220290786958875,4,0.5
16.586390916288924,-14.578090333385717,-0.3626947190754684,4,0.5
16.70175838856748,-14.57862010159095,-0.3631615130917934,4,0.5
16.817928305074386,-14.579145849803686,-0.36360164810874057,4,0.5
16.93490624725064,-14.579674020812192,-0.3640159273071708,4,0.5
17.052697835359233,-14.580217460478188,-0.36440644655337506,4,0.5
17.17130872875518,-14.580756993709652,-0.3647690672202854,4,0.5
17.290744626157405,-14.581292660487481,-0.36510334843766507,4,0.5
17.411011265922586,-14.581856516488163,-0.3654152687143162,4,0.5
17.53211442632081,-14.582397376122515,-0.36569418810995374,4,0.5
17.654059925813208,-14.582947295874188,-0.36594609607817596,4,0.5
17.776853623331515,-14.583519119699604,-0.36617324693586456,4,0.5
17.900501418559564,-14.584080878476367,-0.36636869643570835,4,0.5
18.02500925221672,-14.584639018173773,-0.36653330988850646,4,0.5
18.150383106343334,-14.585212785313683,-0.3666706932855594,4,0.5
18.27662900458813,-14.585789420581058,-0.3667777883747523,4,0.5
18.403753012497624,-14.586368968465157,-0.3668541913301881,4,0.5
18.53176123780754,-14.586945074573567,-0.3668981177024281,4,0.5
18.660659830736275,-14.587517785731187,-0.36690913248130086,4,0.5
18.790454984280366,-14.588106345949164,-0.36689101649945477,4,0.5
18.921152934512047,-14.588698003139289,-0.36684060846072913,4,0.5
19.05275996087888,-14.589292805170398,-0.36675751318824085,4,0.5
19.18528238650542,-14.589884403065154,-0.3666398977413024,4,0.5
19.31872657849705,-14.590479244293999,-0.3664887877459575,4,0.5
19.453098948245852,-14.591083775603844,-0.36630525878080605,4,0.5
19.588405951738682,-14.591678857509244,-0.3660845335614294,4,0.5
19.72465408986733,-14.59228373153457,-0.36583062109238007,4,0.5
19.861849908740865,-14.592904844234909,-0.3655446789744685,4,0.5
20.00000000000015,-14.59351027045437,-0.36521884046895514,4,0.5
20.13911100113453,-14.594119251696583,-0.3648571969836774,4,0.5
20.279189595800737,-14.594738236750707,-0.36446091703152106,4,0.5
20.42024251414402,-14.595354491797924,-0.36402657104652586,4,0.5
20.56227653312149,-14.595974467673747,-0.3635553225891487,4,0.5
20.70529847682771,-14.59661100712106,-0.36304996750536755,4,0.5
20.849315216822593,-14.597232202454823,-0.36250228106597093,4,0.5
20.994333672461515,-14.597863684480233,-0.3619182085945296,4,0.5
21.14036081122778,-14.598499119613596,-0.3612958287888066,4,0.5
21.28740364906737,-14.599125785288432,-0.3606315420661459,4,0.5
21.43546925072604,-14.59977569956035,-0.3599331501511478,4,0.5
21.584564730088722,-14.600404187222637,-0.35918884538328616,4,0.5
21.734697250521346,-14.601056046311765,-0.35840983572939555,4,0.5
21.885874025214974,-14.601699388737794,-0.3575875019750566,4,0.5
22.038102317532406,-14.602340670650328,-0.35672314600836413,4,0.5
22.191389441357092,-14.602992736300816,-0.35581984405135586,4,0.5
22.345742761444598,-14.603649262392814,-0.3548756094619375,4,0.5
22.501169693776383,-14.60429754048533,-0.35388666293213966,4,0.5
22.657677705916175,-14.604950416294518,-0.3528561411165874,4,0.5
22.815274317368676,-14.60561434580297,-0.3517855319494948,4,0.5
22.973967099940907,-14.606263851896383,-0.35066745948161887,4,0.5
23.13376367810596,-14.606943711923837,-0.349514126328915,4,0.5
23.29467172936933,-14.607596522227077,-0.34830910638231005,4,0.5
23.456698984637793,-14.6082606733953,-0.3470629040336816,4,0.5
23.619853228590827,-14.608923468822617,-0.34577162322438665,4,0.5
23.784142300054643,-14.609604137617646,-0.3444405620334172,4,0.5
23.949574092378796,-14.610258066537089,-0.34305643786004003,4,0.5
24.11615655381544,-14.61092363961943,-0.34163014873881015,4,0.5
24.28389768790117,-14.61160731659082,-0.34016343192628573,4,0.5
24.452805553841607,-14.612277261704616,-0.33864654766319957,4,0.5
24.622888266898567,-14.612959087381704,-0.3370869136545982,4,0.5
24.794153998779972,-14.613627347317088,-0.33547655490727063,4,0.5
24.966610978032485,-14.614307652675487,-0.3338230333832227,4,0.5
25.140267490436816,-14.61497456290932,-0.3321182597510952,4,0.5
25.315131879405854,-14.615666448263854,-0.33037395676278597,4,0.5
25.4912125463855,-14.616345111866984,-0.32857797246626513,4,0.5
25.668517951258348,-14.617029782695937,-0.32673612572265454,4,0.5
25.847056612750112,-14.617701412469783,-0.3248421007442915,4,0.5
26.026837108838944,-14.618385608184388,-0.32290390904209076,4,0.5
26.20786807716754,-14.619076081065227,-0.3209193853439661,4,0.5
26.390158215458165,-14.619760167805808,-0.31888419495639747,4,0.5
26.573716281930512,-14.620444341239448,-0.3168002540913787,4,0.5
26.758551095722524,-14.621128696854536,-0.31466741296433565,4,0.5
26.944671537314093,-14.621813331437023,-0.312485530833889,4,0.5
27.13208654895373,-14.62250471864504,-0.31025665744705855,4,0.5
27.320805135088207,-14.623177455657466,-0.30797192680874147,4,0.5
27.510836362795175,-14.623869895702395,-0.30564436870173,4,0.5
27.7021893622188,-14.624556639325167,-0.3032650993681934,4,0.5
27.89487332700842,-14.625244164894852,-0.30083622427370055,4,0.5
28.088897514760255,-14.625919830235581,-0.29835311065877473,4,0.5
28.284271247462218,-14.626615608655582,-0.2958270350973256,4,0.5
28.48100391194176,-14.627299740787924,-0.2932465425928879,4,0.5
28.679104960316874,-14.627985082042546,-0.2906161254718471,4,0.5
28.878583910450253,-14.628665370800032,-0.2879333866594338,4,0.5
29.079450346406546,-14.629353462091451,-0.2852029725265646,4,0.5
29.28171391891285,-14.630030355207813,-0.2824177444006297,4,0.5
29.485384345822368,-14.630721648192413,-0.2795872081577431,4,0.5
29.690471412581335,-14.63140834456324,-0.27670418584229106,4,0.5
29.896984972699123,-14.6320905628141,-0.27376862071781394,4,0.5
30.104934948221704,-14.632781160710193,-0.27078540767425135,4,0.5
30.314331330208326,-14.633454783224098,-0.2677446646900336,4,0.5
30.52518417921155,-14.634143396032988,-0.2646588019617576,4,0.5
30.73750362576062,-14.634828016942238,-0.26152038749897477,4,0.5
30.951299870848175,-14.635496037776075,-0.2583243031410066,4,0.5
31.16658318642038,-14.63618578882598,-0.2550858765874538,4,0.5
31.38336391587042,-14.636846464129526,-0.25178459557396493,4,0.5
31.60165247453548,-14.637516394493865,-0.2484359339842545,4,0.5
31.82145935019715,-14.638195709690011,-0.24504004967813736,4,0.5
32.04279510358529,-14.638878176186,-0.24159444936819882,4,0.5
32.26567036888546,-14.639551199399147,-0.23809387819510064,4,0.5
32.49009585424984,-14.640214917994728,-0.2345383272998097,4,0.5
32.716082342311665,-14.640888563135652,-0.2309359841029163,4,0.5
32.94364069070335,-14.641546820319448,-0.22727605218902155,4,0.5
33.172781832578096,-14.64220255997483,-0.22356403028599703,4,0.5
33.40351677713521,-14.642868651025312,-0.21980560811080713,4,0.5
33.63585661014903,-14.643538874980086,-0.21599820731451658,4,0.5
33.86981249450153,-14.644194293929509,-0.21213347938586996,4,0.5
34.10539567071872,-14.644847782084373,-0.20821714249340154,4,0.5
34.34261745751061,-14.645505851522715,-0.20425222003368662,4,0.5
34.58148925231507,-14.646149573500235,-0.20023017928599113,4,0.5
34.822022531845434,-14.646810904637444,-0.19616572333526003,4,0.5
35.064228852641875,-14.64746456069318,-0.19204737551624207,4,0.5
35.30811985162668,-14.648091625031066,-0.18786626900934816,4,0.5
35.55370724666329,-14.648749490234238,-0.18364939966423763,4,0.5
35.80100283711939,-14.649393806041699,-0.17937606394759187,4,0.5
36.05001850443371,-14.650018382032538,-0.17504324733414198,4,0.5
36.30076621268694,-14.650667889767075,-0.1706725405278303,4,0.5
36.55325800917653,-14.651291637911507,-0.16623955870558943,4,0.5
36.80750602499552,-14.651921584771815,-0.1617599108318306,4,0.5
37.06352247561536,-14.652545189708611,-0.15722757696029058,4,0.5
37.32131966147283,-14.653175340481459,-0.15264909948319122,4,0.5
37.58090996856101,-14.653793146922048,-0.1480151574574372,4,0.5
37.84230586902438,-14.654424210517046,-0.1433388204648703,4,0.5
38.105519921758045,-14.655036937506004,-0.138604169458076,4,0.5
38.37056477301113,-14.655650577596521,-0.13382112659701223,4,0.5
38.63745315699439,-14.656265316508751,-0.12898997489659458,4,0.5
38.906197896491996,-14.656868635648097,-0.12410430725346941,4,0.5
39.176811903477656,-14.657467080536065,-0.11916763727738268,4,0.5
39.449308179734956,-14.65807355033207,-0.11418699908879838,4,0.5
39.72369981748203,-14.658662829735118,-0.10914906436167864,4,0.5
40.000000000000604,-14.659266878827417,-0.1040712066613303,4,0.5
40.27822200226936,-14.659860489054426,-0.09893997539208166,4,0.5
40.55837919160177,-14.660437513478321,-0.09375202692147652,4,0.5
40.840485028288356,-14.66102991381918,-0.0885251779075586,4,0.5
41.124553066243294,-14.661606142760526,-0.08324209015974428,4,0.5
41.410596953655734,-14.662185463165988,-0.07791367676590488,4,0.5
41.6986304336455,-14.662755387514046,-0.0725330480191377,4,0.5
41.98866734492334,-14.663328831114484,-0.06710773122035561,4,0.5
42.28072162245588,-14.663886964021955,-0.06162704455785738,4,0.5
42.57480729813507,-14.6644554037223,-0.0561059982382689,4,0.5
42.8709385014524,-14.665008978049991,-0.050530086469953925,4,0.5
43.16912946017777,-14.66556695905096,-0.044910791985262356,4,0.5
43.46939450104301,-14.666123226665597,-0.03924472459130036,4,0.5
43.771748050430276,-14.666658970193405,-0.0335206978117892,4,0.5
44.07620463506514,-14.667199814768274,-0.02775426704666619,4,0.5
44.38277888271451,-14.667745996259354,-0.021945875507968032,4,0.5
44.69148552288952,-14.668278714210564,-0.016084171897683217,4,0.5
45.00233938755311,-14.668804559087494,-0.01017329934614905,4,0.5
45.315355411832684,-14.669336468680246,-0.00422153029310072,4,0.5
45.63054863473769,-14.669861999413886,0.0017787194007502585,4,0.5
45.947934199882155,-14.6703750583209,0.007831220593140323,4,0.5
46.26752735621227,-14.670894935727006,0.013923490952428667,4,0.5
46.58934345873901,-14.671402854328182,0.02006741230796912,4,0.5
46.913397969275934,-14.671905420293418,0.026258613219761938,4,0.5
47.23970645718201,-14.67241558563529,0.03248839223390887,4,0.5
47.56828460010965,-14.672908241091207,0.038773130970471394,4,0.5
47.89914818475796,-14.673396345447554,0.04510418122714134,4,0.5
48.232313107631235,-14.673886515268125,0.051476914109910725,4,0.5
48.5677953758027,-14.674372683413415,0.05789521271985311,4,0.5
48.90561110768358,-14.674842444780188,0.06436745066806579,4,0.5
49.2457765337975,-14.675321452996526,0.0708758940458613,4,0.5
49.58830799756032,-14.675797308943645,0.0774288342481036,4,0.5
49.933221956065346,-14.676263960485798,0.0840303667324681,4,0.5
50.280534980874016,-14.676709018633499,0.09068922176810079,4,0.5
50.630263758812085,-14.67717082934974,0.09737811557264646,4,0.5
50.982425092771386,-14.67762432629832,0.10411462650073873,4,0.5
51.33703590251707,-14.678082495096106,0.11088924734310919,4,0.5
51.69411322550061,-14.678520279918681,0.11772004124296245,4,0.5
52.05367421767828,-14.678950673750766,0.12459756052277134,4,0.5
52.41573615433548,-14.67938667115428,0.13151206047772776,4,0.5
52.78031643091672,-14.679822249301033,0.13846775763830374,4,0.5
53.14743256386143,-14.680238710720108,0.14547859093839866,4,0.5
53.517102191445446,-14.680661739529928,0.15252513659733746,4,0.5
53.8893430746286,-14.681078985446982,0.15961656445408462,4,0.5
54.264173097907864,-14.681478103698902,0.16676233788295064,4,0.5
54.64161027017682,-14.681884786961405,0.1739425603759852,4,0.5
55.02167272559077,-14.682293036069513,0.1811616228252119,4,0.5
55.40437872443802,-14.682684180123749,0.18843410091627133,4,0.5
55.78974665401725,-14.683071244622806,0.19574973229332754,4,0.5
56.17779502952094,-14.683454581834528,0.20310813255085447,4,0.5
56.56854249492486,-14.683847223271371,0.21049863242411201,4,0.5
56.962007823883944,-14.684217840630847,0.2179464816964935,4,0.5
57.358209920634174,-14.684585811572061,0.22543597484070227,4,0.5
57.75716782090094,-14.684951504482061,0.2329666931691971,4,0.5
58.158900692813525,-14.685321628581447,0.2405329094080666,4,0.5
58.56342783782614,-14.68567754967249,0.24815008335734506,4,0.5
58.97076869164518,-14.686013312746217,0.25582339504299656,4,0.5
59.38094282516311,-14.686367323041289,0.26352022396730335,4,0.5
59.79396994539869,-14.686701950442036,0.27127251659943213,4,0.5
60.209869896443855,-14.687042934366927,0.2790581465185729,4,0.5
60.628662660417106,-14.687378000274087,0.28688759770357697,4,0.5
61.05036835842356,-14.68769487900117,0.29477168192772796,4,0.5
61.4750072515217,-14.688038328433406,0.3026708339094782,4,0.5
61.90259974169682,-14.688351737682101,0.31063511471877014,4,0.5
62.33316637284123,-14.688648195128929,0.3186531988748482,4,0.5
62.766727831741306,-14.688959798554054,0.3266961117620522,4,0.5
63.20330494907143,-14.689261630891055,0.33478627060779553,4,0.5
63.642918700394766,-14.68956679215778,0.34291166517360755,4,0.5
64.08559020717105,-14.689844041219295,0.3511012040710759,4,0.5
64.5313407377714,-14.690144496994368,0.3593074213993758,4,0.5
64.98019170850016,-14.69041158865281,0.36758319849392523,4,0.5
65.43216468462381,-14.690683773891076,0.3758925283142354,4,0.5
65.8872813814072,-14.690974174284277,0.38422261714889444,4,0.5
66.34556366515669,-14.691238905202802,0.39261542006242983,4,0.5
66.80703355427093,-14.691491098788081,0.40105862150660804,4,0.5
67.27171322029855,-14.691750225845375,0.40953330454671444,4,0.5
67.73962498900357,-14.69199775535342,0.41805757399483845,4,0.5
68.21079134143795,-14.692246833098855,0.42661851662416717,4,0.5
68.68523491502174,-14.692497940906925,0.43521554803943174,4,0.5
69.16297850463066,-14.692719895396078,0.4438801163048331,4,0.5
69.6440450636914,-14.692957527313308,0.4525671215335615,4,0.5
70.12845770528428,-14.693185997306086,0.4613016680865309,4,0.5
70.61623970325388,-14.693412141536566,0.47007684297079005,4,0.5
71.10741449332713,-14.693623799229133,0.4789053372473701,4,0.5
71.60200567423932,-14.693821482822278,0.48778691223541476,4,0.5
72.10003700886796,-14.6940373788753,0.4966877889464215,4,0.5
72.60153242537443,-14.694234006830998,0.5056474788560078,4,0.5
73.10651601835362,-14.69443089568233,0.5146454283328822,4,0.5
73.61501204999159,-14.694615910770988,0.5236947452188279,4,0.5
74.12704495123128,-14.694808591318466,0.5327743840359356,4,0.5
74.64263932294622,-14.694977811760971,0.5419183476653399,4,0.5
75.16181993712259,-14.695149455477965,0.5510985425346966,4,0.5
75.68461173804933,-14.695324076270499,0.5603142836664574,4,0.5
76.21103984351666,-14.695476897999683,0.5695933366051532,4,0.5
76.74112954602285,-14.695640153708496,0.5788997528122078,4,0.5
77.27490631398935,-14.69578907788161,0.5882615222379415,4,0.5
77.81239579298456,-14.695949580470089,0.5976492407033047,4,0.5
78.3536238069559,-14.69609057260337,0.6070986151995612,4,0.5
78.8986163594705,-14.696231641294123,0.6165873164335302,4,0.5
79.44739963496465,-14.69637337733974,0.626114666079625,4,0.5
80.00000000000179,-14.696491041223481,0.6357099534198261,4,0.5
80.55644400453932,-14.69661690407049,0.6453353509914569,4,0.5
81.11675838320417,-14.696719902713493,0.6550279908074983,4,0.5
81.68097005657731,-14.696832319610206,0.6647494429037887,4,0.5
82.24910613248719,-14.696935770076893,0.6745219075880501,4,0.5
82.8211939073121,-14.697049879852795,0.6843215597123101,4,0.5
83.39726086729164,-14.697143605865486,0.6941865631312809,4,0.5
83.97733468984731,-14.697223915699807,0.7041088343652654,4,0.5
84.56144324491237,-14.697310451579089,0.7140641270329372,4,0.5
85.14961459627077,-14.697403858433397,0.7240515055969892,4,0.5
85.74187700290544,-14.697473112551043,0.7341103653262533,4,0.5
86.33825892035618,-14.69753153781645,0.7442243374153285,4,0.5
86.93878900208668,-14.697611469103345,0.754351976550914,4,0.5
87.54349610086122,-14.69766289254556,0.7645578842404488,4,0.5
88.15240927013093,-14.697724489054146,0.774792184299776,4,0.5
88.7655577654297,-14.697758923422663,0.7851040036113307,4,0.5
89.38297104577971,-14.697798553085113,0.7954511166101612,4,0.5
90.00467877510688,-14.697837729627297,0.8058410235178045,4,0.5
90.63071082366605,-14.697870809136365,0.8162814396272872,4,0.5
91.26109726947607,-14.697898488490896,0.8267716754300986,4,0.5
91.895868399765,-14.697921469506987,0.837311010168766,4,0.5
92.53505471242522,-14.697940459359343,0.847898691150044,4,0.5
93.17868691747873,-14.697943497223939,0.8585515617520728,4,0.5
93.82679593855258,-14.697950309200198,0.8692425534977278,4,0.5
94.47941291436473,-14.697955281301828,0.8799795647800718,4,0.5
95.13656920022001,-14.69793379254549,0.8907977463627963,4,0.5
95.79829636951663,-14.697924596180584,0.9016425141727544,4,0.5
96.4646262152632,-14.697903080780684,0.9125490827863734,4,0.5
97.13559075160614,-14.6978763246052,0.9235076502858629,4,0.5
97.81122221536789,-14.6978577494604,0.9344988374121107,4,0.5
98.49155306759573,-14.697822755072208,0.9455587471735312,4,0.5
99.17661599512138,-14.697772095519994,0.9566868843229356,4,0.5
99.86644391213144,-14.697731883700069,0.9678448010819265,4,0.5
100.56106996174877,-14.697683869221763,0.979059755411583,4,0.5
101.26052751762494,-14.697622481196564,0.9903405571959741,4,0.5
101.96485018554354,-14.697561170270706,1.0016671931040828,4,0.5
102.67407180503491,-14.697481695308856,1.0130678459725395,4,0.5
103.388226451002,-14.697410195316083,1.0245026981001955,4,0.5
104.10734843535732,-14.697328436742165,1.036000064971125,4,0.5
104.83147230867174,-14.69723720809717,1.0475591585914192,4,0.5
105.56063286183424,-14.697143642376574,1.0591691068132392,4,0.5
106.29486512772365,-14.69704219573642,1.0708389439605013,4,0.5
107.03420438289172,-14.696952692109363,1.0825371872261695,4,0.5
107.778686149258,-14.696837887864183,1.094323818672029,4,0.5
108.52834619581655,-14.696717613182512,1.106167493388821,4,0.5
109.28322054035448,-14.69659902084926,1.1180567648787862,4,0.5
110.04334545118235,-14.696451212331576,1.1300427842321845,4,0.5
110.80875744887686,-14.696319401423,1.1420513785753634,4,0.5
111.57949330803534,-14.69618538119522,1.1541126301177065,4,0.5
112.35559005904271,-14.696030943250932,1.166257489348596,4,0.5
113.13708498985058,-14.695869598190036,1.1784638052078205,4,0.5
113.92401564776874,-14.695721206499972,1.1906978907532,4,0.5
114.71641984126921,-14.695548532052419,1.2030236534297425,4,0.5
115.51433564180275,-14.695371438956572,1.2154075509103057,4,0.5
116.31780138562794,-14.695190761367513,1.2278483860417075,4,0.5
117.12685567565316,-14.695013681423621,1.2403337233053113,4,0.5
117.94153738329126,-14.694809305576946,1.2529183933510142,4,0.5
118.76188565032712,-14.694610203045173,1.2655452613535838,4,0.5
119.58793989079828,-14.694404521411988,1.2782355714819913,4,0.5
120.41973979288862,-14.694180405936358,1.2910111738195529,4,0.5
121.25732532083512,-14.693970437435533,1.3038133302755694,4,0.5
122.10073671684803,-14.693750068029185,1.3166867511424547,4,0.5
122.95001450304433,-14.693513790727813,1.329642128340971,4,0.5
123.80519948339456,-14.693275146181046,1.342654889746297,4,0.5
124.66633274568338,-14.693022278520342,1.3557474911931668,4,0.5
125.53345566348355,-14.692775081358391,1.368882908283662,4,0.5
126.40660989814381,-14.692508995574599,1.3821078057780918,4,0.5
127.28583740079048,-14.692243915791302,1.3953848094606303,4,0.5
128.17118041434307,-14.69196162847454,1.4087491589791783,4,0.5
129.0626814755438,-14.691682029675594,1.4221628678860825,4,0.5
129.9603834170013,-14.691393254081081,1.4356491481088294,4,0.5
130.86432936924862,-14.691096138250757,1.4492067739383072,4,0.5
131.77456276281538,-14.690785162798292,1.4628471142960553,4,0.5
132.69112733031437,-14.690480224208862,1.4765309341435173,4,0.5
133.61406710854286,-14.690163089739038,1.4902947906132804,4,0.5
134.5434264405981,-14.689840942310088,1.504124636403957,4,0.5
135.47924997800817,-14.689495536851222,1.5180580331393165,4,0.5
136.42158268287693,-14.689165835140841,1.5320157284646705,4,0.5
137.3704698300445,-14.688808155201293,1.5460876809308846,4,0.5
138.32595700926237,-14.688429663427225,1.5602601419029498,4,0.5
139.28809012738384,-14.688069321946301,1.5744520477084951,4,0.5
140.25691541056963,-14.687708863525923,1.5887012941867982,4,0.5
141.23247940650882,-14.687323647591695,1.6030604448410848,4,0.5
142.2148289866553,-14.686927186505095,1.6175015497477674,4,0.5
143.20401134847972,-14.686526630388164,1.6320096148375667,4,0.5
144.200074017737,-14.686129126588074,1.646569214709124,4,0.5
145.20306485074994,-14.685722728498567,1.661206377222984,4,0.5
146.2130320367083,-14.68527638452284,1.675990069046664,4,0.5
147.2300240999843,-14.684854497076614,1.6907787719019949,4,0.5
148.25408990246365,-14.684413272693167,1.705669407562957,4,0.5
149.28527864589356,-14.68397255485042,1.7206180253827372,4,0.5
150.32363987424628,-14.683501249521253,1.7356951628488564,4,0.5
151.3692234760998,-14.68303828831986,1.7508130955082262,4,0.5
152.42207968703445,-14.682565292452816,1.7660136631418435,4,0.5
153.48225909204683,-14.682070234223207,1.7813251347943264,4,0.5
154.54981262797986,-14.681572922629986,1.7967021696035166,4,0.5
155.6247915859703,-14.681074052505785,1.8121431052101857,4,0.5
156.70724761391295,-14.680561563546455,1.8276764382287096,4,0.5
157.79723271894218,-14.68004887042558,1.8432706765360387,4,0.5
158.8947992699305,-14.679504765145765,1.8590006210861103,4,0.5
160.0000000000048,-14.678968134721531,1.874773594676531,4,0.5
161.11288800907985,-14.678407740816187,1.8906651108681902,4,0.5
162.23351676640956,-14.67786245926452,1.9065808163289046,4,0.5
163.36194011315587,-14.677281886162518,1.9226441951153481,4,0.5
164.49821226497562,-14.676704876147483,1.9387601964308014,4,0.5
165.6423878146254,-14.676106495508437,1.9549908210404607,4,0.5
166.79452173458452,-14.675500064725204,1.9713033287821733,4,0.5
167.9546693796959,-14.674879751774487,1.9877126697087446,4,0.5
169.12288648982604,-14.674271618960194,2.0041526561621748,4,0.5
170.29922919254284,-14.673631507114628,2.020736004238423,4,0.5
171.4837540058122,-14.672985444815822,2.0373966271060886,4,0.5
172.6765178407137,-14.672327530782379,2.054149906202921,4,0.5
173.87757800417467,-14.671677389800013,2.0709445532689084,4,0.5
175.08699220172375,-14.670990760720636,2.087896886124797,4,0.5
176.30481854026317,-14.670300003388823,2.104922289980541,4,0.5
177.53111553086072,-14.669599138705342,2.122036625158795,4,0.5
178.7659420915608,-14.668888554774638,2.139238976083973,4,0.5
180.00935755021513,-14.668168619536477,2.156528437807287,4,0.5
181.26142164733346,-14.667439680234242,2.1739041184158774,4,0.5
182.52219453895353,-14.666676482404748,2.19143567408018,4,0.5
183.7917367995314,-14.665930485867323,2.2089816796625024,4,0.5
185.07010942485184,-14.665144409147805,2.2267007516879116,4,0.5
186.35737383495882,-14.664369682629221,2.2444498940880724,4,0.5
187.65359187710658,-14.663574552390578,2.26231787172247,4,0.5
188.95882582873088,-14.662765623359622,2.2802864351881773,4,0.5
190.27313840044144,-14.661936675453251,2.298373650183613,4,0.5
191.59659273903472,-14.661107074228505,2.3165240473507995,4,0.5
192.92925243052787,-14.660264148592368,2.3347739110725496,4,0.5
194.27118150321374,-14.659388783596372,2.3531794023732977,4,0.5
195.62244443073726,-14.658519494404135,2.3716280542628447,4,0.5
196.98310613519297,-14.657630706156654,2.3901947912977772,4,0.5
198.35323199024427,-14.656728848719872,2.4088607966211613,4,0.5
199.73288782426437,-14.65581391672648,2.4276261022143704,4,0.5
201.12213992349908,-14.654885875493157,2.4464908063837503,4,0.5
202.5210550352514,-14.653951076320322,2.4654354822905518,4,0.5
203.9297003710886,-14.652983761261174,2.4845388939966058,4,0.5
205.3481436100714,-14.652009465654558,2.503723121291244,4,0.5
206.77645290200556,-14.651021617416697,2.5230081681162493,4,0.5
208.21469687071618,-14.650013606485626,2.5424146846112636,4,0.5
209.66294461734503,-14.648991630607139,2.5619233891419038,4,0.5
211.12126572367004,-14.647961861161164,2.5815145309841427,4,0.5
212.5897302554489,-14.64691758927991,2.6012090514760677,4,0.5
214.06840876578502,-14.645845637047994,2.621049300623326,4,0.5
215.5573722985176,-14.644771359079684,2.6409536640589937,4,0.5
217.05669239163473,-14.64366864765835,2.661006472533216,4,0.5
218.5664410807106,-14.642562800445907,2.681125182885559,4,0.5
220.08669090236637,-14.64142762430495,2.7013955515052097,4,0.5
221.6175148977554,-14.640281921075955,2.7217555797414543,4,0.5
223.15898661607235,-14.639125160480402,2.742206464409281,4,0.5
224.71118011808713,-14.637937451735848,2.762814854081654,4,0.5
226.27416997970286,-14.63674394348291,2.783495907995851,4,0.5
227.8480312955392,-14.635531107666624,2.804294958375551,4,0.5
229.43283968254013,-14.634291808627518,2.8252364950067483,4,0.5
231.02867128360725,-14.63303820957712,2.846278629954309,4,0.5
232.63560277125762,-14.631769548271754,2.8674234919332493,4,0.5
234.25371135130806,-14.630485022314721,2.8886733836505507,4,0.5
235.88307476658426,-14.629170879068177,2.910076520429692,4,0.5
237.523771300656,-14.62785204963895,2.931544428834907,4,0.5
239.17587978159838,-14.626508244125185,2.9531485737062413,4,0.5
240.83947958577906,-14.625138488881015,2.9748925068888967,4,0.5
242.51465064167206,-14.623767621547897,2.9966859298442428,4,0.5
244.2014734336979,-14.622349350595872,3.0186966132024815,4,0.5
245.9000290060905,-14.620934297329818,3.040739472650826,4,0.5
247.61039896679097,-14.619489000054793,3.0629365141385194,4,0.5
249.33266549136863,-14.618025215138736,3.0852440372111256,4,0.5
251.06691132696898,-14.616541724126538,3.1076659384067202,4,0.5
252.81321979628953,-14.615030787247205,3.13023088076993,4,0.5
254.5716748015829,-14.613510529388602,3.152869676714839,4,0.5
256.3423608286881,-14.611960167408464,3.1756605440946557,4,0.5
258.12536295108947,-14.610378297673694,3.198608910102639,4,0.5
259.9207668340045,-14.608782932675497,3.2216448167564438,4,0.5
261.72865873849923,-14.607166111321915,3.2447980597002064,4,0.5
263.54912552563275,-14.605526309330072,3.2680738427179525,4,0.5
265.38225466063074,-14.603868451803901,3.2914518997014834,4,0.5
267.2281342170877,-14.602184433793528,3.3149634091678117,4,0.5
269.08685288119824,-14.600472594051022,3.338614452788511,4,0.5
270.95849995601833,-14.598731225396937,3.3624114215227827,4,0.5
272.8431653657559,-14.596978092191597,3.3862815623992435,4,0.5
274.74093966009104,-14.595191894271322,3.4103102536560463,4,0.5
276.6519140185268,-14.593383809352362,3.434451128910889,4,0.5
278.5761802547697,-14.591551963130607,3.458710751346418,4,0.5
280.51383082114137,-14.589687917731275,3.483123254934414,4,0.5
282.4649588130198,-14.587802738854975,3.5076415902111098,4,0.5
284.42965797331277,-14.585887899791306,3.532300389825002,4,0.5
286.40802269696155,-14.583954395414855,3.5570519623672032,4,0.5
288.40014803547615,-14.581987080874514,3.5819594622568895,4,0.5
290.4061297015021,-14.5800034049903,3.6069469346067256,4,0.5
292.42606407341884,-14.57798812888845,3.632078455110149,4,0.5
294.4600481999708,-14.57593248184529,3.657391450971834,4,0.5
296.50817980492957,-14.573860348115916,3.682780513792721,4,0.5
298.5705572917893,-14.571749797714588,3.7083404539120965,4,0.5
300.64727974849484,-14.5696312111699,3.733935216365744,4,0.5
302.73844695220185,-14.567469464049017,3.7597192106627793,4,0.5
304.84415937407124,-14.565262100586416,3.7857032385086304,4,0.5
306.964518184096,-14.563039420202308,3.811749380432719,4,0.5
309.09962525596205,-14.560798932288034,3.8378661574463484,4,0.5
311.24958317194296,-14.55851183463725,3.8641834818842025,4,0.5
313.4144952278283,-14.556188649034782,3.8906522964402175,4,0.5
315.59446543788675,-14.553839883937009,3.9172222805866124,4,0.5
317.7895985398634,-14.551462878985738,3.943903607311273,4,0.5
320.000000000012,-14.54905493245536,3.9707068734609723,4,0.5
322.22577601816215,-14.546606715135137,3.997674430497615,4,0.5
324.4670335328215,-14.544141792680009,4.024692227016936,4,0.5
326.7238802263142,-14.541617811451717,4.051960774894736,4,0.5
328.99642452995374,-14.539071461482475,4.079302503150693,4,0.5
331.2847756292533,-14.536493274009105,4.106760426211324,4,0.5
333.5890434691715,-14.53387372540508,4.134378896906919,4,0.5
335.90933875939425,-14.531229681141035,4.1620729690432805,4,0.5
338.2457729796546,-14.528531713063755,4.189985671289269,4,0.5
340.5984583850881,-14.525816484339495,4.217932922059309,4,0.5
342.96750801162693,-14.523047861134778,4.246092476117879,4,0.5
345.3530356814299,-14.520255872247143,4.27431129730529,4,0.5
347.75515600835195,-14.517424168953815,4.302668909723188,4,0.5
350.1739844034501,-14.514556245842613,4.331144991639727,4,0.5
352.60963708052907,-14.511648939997988,4.359753038145284,4,0.5
355.0622310617241,-14.508699055758035,4.388507009613205,4,0.5
357.53188418312425,-14.50569006073244,4.417490903868694,4,0.5
360.0187151004329,-14.502671924413358,4.44644086996081,4,0.5
362.52284329466966,-14.499601472407953,4.475579521603069,4,0.5
365.0443890779098,-14.496482052400562,4.504887186536556,4,0.5
367.58347359906554,-14.493323675396406,4.534307915966388,4,0.5
370.14021884970646,-14.490136365381964,4.56378423729622,4,0.5
372.7147476699204,-14.486903429736556,4.593402210614777,4,0.5
375.30718375421594,-14.483614795556418,4.623213849267174,4,0.5
377.9176516574646,-14.480300505084767,4.653051970155784,4,0.5
380.5462768008857,-14.476910293686993,4.683189195238595,4,0.5
383.1931854780723,-14.47350099583927,4.713309061353672,4,0.5
385.85850486105863,-14.470035677001773,4.743612055718445,4,0.5
388.5423630064304,-14.466537714195267,4.773963932679109,4,0.5
391.2448888614774,-14.462983500822679,4.804493300808663,4,0.5
393.96621227038884,-14.45938970821925,4.835102269104211,4,0.5
396.7064639804915,-14.45573938948964,4.86588330964095,4,0.5
399.4657756485318,-14.452042491646463,4.896775914351499,4,0.5
402.24427984700117,-14.448302246621218,4.927757020823034,4,0.5
405.04211007050577,-14.444501637138643,4.95892123131961,4,0.5
407.85940074218024,-14.4406506156394,4.9902069123825905,4,0.5
410.69628722014585,-14.436765936034943,5.0215106574331125,4,0.5
413.55290580401413,-14.432817013185577,5.0530080621183835,4,0.5
416.42939374143555,-14.428813815934676,5.084636275588645,4,0.5
419.3258892346932,-14.424759568544303,5.116371455991076,4,0.5
422.24253144734325,-14.420664303872535,5.148147902896573,4,0.5
425.179460510901,-14.41651770276854,5.180022266589706,4,0.5
428.13681753157323,-14.412302604012963,5.2120944441823465,4,0.5
431.11474459703845,-14.40804266094985,5.244215059682892,4,0.5
434.11338478327275,-14.403720711334797,5.276484207493479,4,0.5
437.13288216142445,-14.399340012358202,5.308876942959754,4,0.5
440.173381804736,-14.394897009820852,5.341410402428699,4,0.5
443.23502979551404,-14.390415516184143,5.373929333883246,4,0.5
446.31797323214806,-14.385857808449291,5.40666544532022,4,0.5
449.4223602361776,-14.381247731458078,5.439462680526912,4,0.5
452.5483399594091,-14.376588654674304,5.472292763025078,4,0.5
455.6960625910818,-14.371849609178573,5.505348571175838,4,0.5
458.8656793650838,-14.367061437033984,5.5384257486065245,4,0.5
462.0573425672179,-14.362213801715091,5.571584256188734,4,0.5
465.2712055425187,-14.357289437892662,5.6049309597467625,4,0.5
468.5074227026196,-14.352305551642228,5.638347206748041,4,0.5
471.76614953317204,-14.347279454156343,5.67171082337804,4,0.5
475.04754260131557,-14.342159321809056,5.705359189480414,4,0.5
478.3517595632003,-14.336997090610673,5.738939419491616,4,0.5
481.6789591715617,-14.331761679693681,5.772652082540141,4,0.5
485.02930128334776,-14.326449677844481,5.806514043127818,4,0.5
488.40294686739946,-14.321078562624328,5.840399544259398,4,0.5
491.8000580121847,-14.31563805201382,5.874370920603935,4,0.5
495.2207979335857,-14.31011783675041,5.9084920600008575,4,0.5
498.665330982741,-14.304542524161818,5.942585241665105,4,0.5
502.1338226539417,-14.298887896707617,5.976810353368719,4,0.5
505.62643959258287,-14.293171683391757,6.01103564404965,4,0.5
509.14334960316967,-14.287369633502925,6.045423411088746,4,0.5
512.68472165738,-14.281506590649746,6.079790179758789,4,0.5
516.2507259021829,-14.275565341197938,6.114249244989537,4,0.5
519.841533668013,-14.269542703511675,6.148815414298045,4,0.5
523.4573174770023,-14.263435510759546,6.183503642649282,4,0.5
527.0982510512695,-14.257275967005775,6.218071861479235,4,0.5
530.7645093212655,-14.251018608779294,6.252840651900686,4,0.5
534.4562684341794,-14.244709937306418,6.287461325426576,4,0.5
538.1737057624005,-14.238297323435795,6.322310406434747,4,0.5
541.9169999120409,-14.231813230128054,6.357140061932431,4,0.5
545.6863307315159,-14.2252476039217,6.392014735782581,4,0.5
549.4818793201863,-14.218604643700631,6.426893132634447,4,0.5
553.3038280370578,-14.211867163310355,6.461894536571077,4,0.5
557.1523605095437,-14.205046554321905,6.496923720839388,4,0.5
561.027661642287,-14.198147151113872,6.5319372263939615,4,0.5
564.9299176260438,-14.19115898411506,6.567000381034586,4,0.5
568.8593159466297,-14.184079257436707,6.602124500868957,4,0.5
572.8160453939274,-14.176934051857446,6.637097154374371,4,0.5
576.8002960709567,-14.169699093768031,6.67209390808343,4,0.5
580.8122594030085,-14.162342739114113,6.707351707545152,4,0.5
584.8521281468421,-14.154920190878634,6.742428365658106,4,0.5
588.920096399946,-14.147414440269063,6.777444099394316,4,0.5
593.0163596098636,-14.139786555914666,6.8126960059219925,4,0.5
597.1411145835832,-14.132099476572455,6.847672545276921,4,0.5
601.2945594969942,-14.124292426003471,6.882846034745353,4,0.5
605.4768939044083,-14.116421368852944,6.9177553113811845,4,0.5
609.688318748147,-14.108432694302506,6.952819423423991,4,0.5
613.9290363681965,-14.100345934879373,6.987869030315661,4,0.5
618.1992505119288,-14.092166092374097,7.022850462215138,4,0.5
622.4991663438906,-14.083890874872608,7.0577690314891965,4,0.5
626.8289904556613,-14.075510621354436,7.092691131158098,4,0.5
631.1889308757782,-14.067023051631672,7.127622992117378,4,0.5
635.5791970797316,-14.058455634027048,7.162322155916158,4,0.5
640.0000000000289,-14.049769107607734,7.197102061360943,4,0.5
644.4515520363291,-14.040976155974063,7.231843646173282,4,0.5
648.9340670656479,-14.032082143423368,7.266487563371543,4,0.5
653.4477604526332,-14.023085035666892,7.301036340681378,4,0.5
657.9928490599125,-14.013975316128086,7.335556585965309,4,0.5
662.5695512585116,-14.004766022759057,7.369922065045363,4,0.5
667.178086938348,-13.995440170533291,7.404263637581046,4,0.5
671.8186775187937,-13.986003363650712,7.4385184023557605,4,0.5
676.4915459593144,-13.976468893792454,7.472555162554689,4,0.5
681.1969167701814,-13.966819819293653,7.50650523760831,4,0.5
685.935016023259,-13.957046705321964,7.540436238853156,4,0.5
690.7060713628651,-13.947162995668345,7.5742146143893105,4,0.5
695.5103120167091,-13.937159337808936,7.607906855082177,4,0.5
700.3479688069056,-13.927049374119356,7.641375415319151,4,0.5
705.2192741610634,-13.916808438642455,7.6748236103391925,4,0.5
710.1244621234536,-13.906481138874895,7.707834697144804,4,0.5
715.0637683662537,-13.89600423705011,7.74095968165598,4,0.5
720.0374302008713,-13.885414767914767,7.773848609779871,4,0.5
725.0456865893448,-13.874695738000753,7.806638123580327,4,0.5
730.0887781558251,-13.863853429680084,7.839254002331861,4,0.5
735.1669471981365,-13.852902070040859,7.871547635291227,4,0.5
740.2804376994185,-13.841824706201965,7.903655876527515,4,0.5
745.4294953398465,-13.83061211426549,7.935646187895417,4,0.5
750.6143675084376,-13.819262906450682,7.9675141333315604,4,0.5
755.8353033149348,-13.807807390835713,7.998958731753443,4,0.5
761.0925536017771,-13.796204829206868,8.03034117343365,4,0.5
766.3863709561504,-13.784493679214938,8.061281863084405,4,0.5
771.717009722123,-13.772625052761178,8.092221843212295,4,0.5
777.0847260128666,-13.760637643742765,8.12277688225594,4,0.5
782.4897777229608,-13.748514415945474,8.153088309048862,4,0.5
787.9324245407837,-13.73626235635596,8.183069587785853,4,0.5
793.412927960989,-13.723880502463658,8.212709256135076,4,0.5
798.9315512970695,-13.711343589596009,8.242230230250613,4,0.5
804.4885596940084,-13.69867491313937,8.271388355313816,4,0.5
810.0842201410177,-13.685857288394065,8.300329390457582,4,0.5
815.7188014843666,-13.672914320748168,8.32880314197917,4,0.5
821.392574440298,-13.659812431194977,8.357115891173764,4,0.5
827.1058116080346,-13.646583629406951,8.38493355731836,4,0.5
832.8587874828772,-13.63321902291043,8.412320783566694,4,0.5
838.6517784693928,-13.619693032882791,8.439508406647677,4,0.5
844.4850628946929,-13.606021449222608,8.466319453714775,4,0.5
850.3589210218082,-13.592203600967274,8.492738578930805,4,0.5
856.2736350631529,-13.578238855586967,8.518749844772314,4,0.5
862.2294891940834,-13.564118192621775,8.544421314638509,4,0.5
868.226769566552,-13.549874795597901,8.56939684898696,4,0.5
874.2657643228554,-13.53544051638369,8.594339677252478,4,0.5
880.3467636094787,-13.520882574424483,8.618549250333977,4,0.5
886.4700595910348,-13.506149498735159,8.642523193964,4,0.5
892.635946464303,-13.491283534618832,8.66580925595984,4,0.5
898.844720472362,-13.476258664287972,8.688648220375113,4,0.5
905.096679918825,-13.461065818609178,8.711109905895967,4,0.5
911.3921251821704,-13.445713209002362,8.733087018120637,4,0.5
917.7313587301744,-13.430217949389387,8.754378995992699,4,0.5
924.1146851344428,-13.414544915652494,8.775324135734607,4,0.5
930.5424110850445,-13.398720029999108,8.795630441191914,4,0.5
937.0148454052463,-13.382725522336559,8.81545782699243,4,0.5
943.5322990663512,-13.36658772552535,8.834507207840131,4,0.5
950.0950852026382,-13.350253284255693,8.853311211897033,4,0.5
956.7035191264079,-13.333775342430972,8.87128936452098,4,0.5
963.3579183431307,-13.317136118071913,8.888602126398569,4,0.5
970.0586025667028,-13.300326589917157,8.905319214022919,4,0.5
976.8058937348063,-13.283337621051146,8.921512342819302,4,0.5
983.6001160243768,-13.266196386887488,8.936868461731507,4,0.5
990.4415958671789,-13.248866552409272,8.951747364619443,4,0.5
997.3306619654895,-13.231357119783771,8.966028746853919,4,0.5
1004.267645307891,-13.213695771341525,8.979391363952963,4,0.5
1011.2528791851732,-13.195864360293701,8.992002250348898,4,0.5
1018.2866992063468,-13.177844440265854,9.004033300819183,4,0.5
1025.3694433147675,-13.159664095103867,9.015156986275118,4,0.5
1032.5014518043733,-13.141304927039162,9.025544508410416,4,0.5
1039.6830673360337,-13.122748220479162,9.035372060298448,4,0.5
1046.9146349540124,-13.104022469291545,9.04430577547072,4,0.5
1054.1965021025467,-13.085137669409512,9.052209920901582,4,0.5
1061.5290186425389,-13.06605604138486,9.059467547949048,4,0.5
1068.9125368683667,-13.046806652248598,9.065736138543198,4,0.5
1076.347411524809,-13.027341577889349,9.071511381188872,4,0.5
1083.8339998240897,-13.007738752212516,9.075915790585787,4,0.5
1091.37266146304,-12.987930690851607,9.079659296357706,4,0.5
1098.9637586403808,-12.967956969862609,9.082281627923726,4,0.5
1106.607656074124,-12.947778752377895,9.084181641740603,4,0.5
1114.3047210190957,-12.927436138930153,9.084891563732533,4,0.5
1122.0553232845823,-12.906869921619341,9.085036026633572,4,0.5
1129.859835252096,-12.886140566080456,9.083921673867458,4,0.5
1137.7186318932681,-12.865228847347073,9.081732591418552,4,0.5
1145.6320907878635,-12.844125339199167,9.078545491799874,4,0.5
1153.600592141922,-12.822830691527884,9.074325829057077,4,0.5
1161.6245188060257,-12.801345608517474,9.069038342409964,4,0.5
1169.704256293693,-12.77967084957961,9.062647050366428,4,0.5
1177.840192799901,-12.757786358721656,9.055347511233556,4,0.5
1186.032719219736,-12.735745128870064,9.04652244551659,4,0.5
1194.2822291671753,-12.713495848349352,9.036715173881264,4,0.5
1202.5891189939975,-12.691060382277623,9.025654534905424,4,0.5
1210.9537878088256,-12.6684077048625,9.013659226993981,4,0.5
1219.3766374963034,-12.645570615297565,9.000335574048677,4,0.5
1227.8580727364024,-12.622550289789361,8.985642477702676,4,0.5
1236.3985010238666,-12.599337074464074,8.969660073438364,4,0.5
1244.9983326877905,-12.575921103624076,8.952471172392602,4,0.5
1253.657980911332,-12.552303330009948,8.934037594444456,4,0.5
1262.377861751566,-12.528495878133052,8.914195860551825,4,0.5
1271.1583941594727,-12.504488856116039,8.893029211460249,4,0.5
1280.0000000000673,-12.480283403049423,8.87049731831159,4,0.5
1288.9031040726677,-12.455892059857767,8.84643188585606,4,0.5
1297.8681341313059,-12.43128208313614,8.821172879693915,4,0.5
1306.8955209052763,-12.406500317093146,8.79416701330496,4,0.5
1315.9856981198345,-12.381502349256547,8.765885430678814,4,0.5
1325.1391025170333,-12.356324140543794,8.735897022196507,4,0.5
1334.3561738767062,-12.330920534297775,8.704681476083632,4,0.5
1343.6373550375972,-12.30532786913585,8.67180352115978,4,0.5
1352.9830919186386,-12.279524022589115,8.637484285859522,4,0.5
1362.393833540373,-12.253570222391136,8.60100955020828,4,0.5
1371.8700320465282,-12.227348275307682,8.56367846770097,4,0.5
1381.4121427257405,-12.200967800038585,8.524234203843692,4,0.5
1391.0206240334287,-12.174370020529414,8.483309097013843,4,0.5
1400.6959376138216,-12.14758091458464,8.440585085017709,4,0.5
1410.4385483221372,-12.120602374870773,8.396014423724962,4,0.5
1420.2489242469178,-12.093411281051461,8.349829317174569,4,0.5
1430.1275367325184,-12.066034403747413,8.301703751003133,4,0.5
1440.0748604017533,-12.038410157450649,8.252299353488697,4,0.5
1450.0913731787002,-12.010642037137924,8.200433804213999,4,0.5
1460.177556311661,-11.982655574488415,8.146912581433238,4,0.5
1470.3338943962842,-11.954465300229822,8.091547196274155,4,0.5
1480.560875398848,-11.92605991746837,8.034437113599667,4,0.5
1490.8589906797042,-11.897507389830714,7.97480104281269,4,0.5
1501.2287350168863,-11.868677273375853,7.914062210510427,4,0.5
1511.670606629881,-11.839731571265961,7.850397186731607,4,0.5
1522.1851072035656,-11.81053847485368,7.785242126126954,4,0.5
1532.772741912312,-11.781153786634118,7.717953081964778,4,0.5
1543.4340194442575,-11.75159372625864,7.6483263561250086,4,0.5
1554.1694520257447,-11.721819259929521,7.576767698766073,4,0.5
1564.9795554459333,-11.691832241898233,7.503230846648583,4,0.5
1575.8648490815792,-11.661648806868612,7.427513136010872,4,0.5
1586.8258559219898,-11.631342987936764,7.348779694224731,4,0.5
1597.863102594151,-11.60076016791761,7.268699551034581,4,0.5
1608.9771193880288,-11.570017315052654,7.1859681129363855,4,0.5
1620.1684402820476,-11.539073744864945,7.101006068337834,4,0.5
1631.4376029687455,-11.507916995776714,7.0139241603710865,4,0.5
1642.7851488806082,-11.476624102040303,6.923863214135789,4,0.5
1654.2116232160815,-11.445078264844938,6.832065174689885,4,0.5
1665.7175749657672,-11.413387399967714,6.737339360081726,4,0.5
1677.303556938798,-11.381509334692542,6.6401193286744595,4,0.5
1688.9701257893985,-11.349431413456974,6.540517856052672,4,0.5
1700.7178420436294,-11.317171921986626,6.438315770149602,4,0.5
1712.5472701263188,-11.284686385873473,6.333964747157453,4,0.5
1724.4589783881795,-11.252056762819329,6.226568139519949,4,0.5
1736.453539133117,-11.219222621325798,6.116747524856736,4,0.5
1748.531528645724,-11.186235498799268,6.003934865209599,4,0.5
1760.6935272189705,-11.153033466692214,5.8887629539152595,4,0.5
1772.940119182083,-11.119685439367258,5.77048408428514,4,0.5
1785.2718929286193,-11.086128417594374,5.649738915988033,4,0.5
1797.6894409447373,-11.052398867401843,5.526123284895082,4,0.5
1810.1933598376636,-11.018551929767916,5.399044608827071,4,0.5
1822.7842503643546,-10.98445402546991,5.269869941055922,4,0.5
1835.4627174603627,-10.950194037802834,5.1376545446888295,4,0.5
1848.2293702688994,-10.915829125453584,5.001792999638206,4,0.5
1861.0848221701028,-10.881257601891603,4.863312562131282,4,0.5
1874.0296908105065,-10.846500152331469,4.7219785102826535,4,0.5
1887.0645981327166,-10.811578332890761,4.577550646296724,4,0.5
1900.190170405291,-10.776514608071583,4.429783250104126,4,0.5
1913.4070382528298,-10.741294989823283,4.278800866583944,4,0.5
1926.715836686276,-10.705885934205694,4.124921296226615,4,0.5
1940.1172051334202,-10.670347948514106,3.9675196469628746,4,0.5
1953.611787469627,-10.634686222789885,3.806530394398426,4,0.5
1967.2002320487684,-10.598808423823948,3.6428512299395552,4,0.5
1980.8831917343723,-10.562815626794125,3.475463481574444,4,0.5
1994.661323930994,-10.526693550649336,3.304494716204342,4,0.5
2008.535290615797,-10.490406993049909,3.130273168995545,4,0.5
2022.5057583703617,-10.453959971399755,2.9527408062883382,4,0.5
2036.573398412709,-10.417398005224129,2.7714410268054706,4,0.5
2050.7388866295505,-10.380684999099623,2.586707352306078,4,0.5
2065.0029036087626,-10.343867764662164,2.3980768522687947,4,0.5
2079.366134672083,-10.30688819292185,2.2060892289050984,4,0.5
2093.8292699080407,-10.269837019348191,2.009871182093292,4,0.5
2108.3930042051093,-10.232611925461848,1.8103749515852139,4,0.5
2123.0580372850936,-10.19528309699217,1.606926034712356,4,0.5
2137.82507373675,-10.157856687692428,1.3994571685974395,4,0.5
2152.6948230496346,-10.12029361708402,1.1883180220648035,4,0.5
2167.6679996481957,-10.082644821223617,0.9730273047399476,4,0.5
2182.7453229260964,-10.044893810280422,0.7537270048570714,4,0.5
2197.927517280778,-10.006999617856494,0.5307758285664179,4,0.5
2213.2153121482643,-9.969086182305846,0.30304571526264873,4,0.5
2228.6094420382083,-9.930993652751152,0.07196252591079161,4,0.5
2244.1106465691814,-9.892847553087748,-0.1636079776493794,4,0.5
2259.7196705042093,-9.854631065622273,-0.4035209343539928,4,0.5
2275.4372637865536,-9.8163514772879,-0.6478457880425498,4,0.5
2291.2641815757443,-9.777965536448388,-0.8962131553141913,4,0.5
2307.2011842838615,-9.739530540926749,-1.1491283429793309,4,0.5
2323.2490376120686,-9.701028478745663,-1.4064405053772886,4,0.5
2339.4085125874035,-9.662413893386416,-1.6677714229531118,4,0.5
2355.6803855998196,-9.623825919767848,-1.9343050015249552,4,0.5
2372.0654384394898,-9.58519425248831,-2.2054443896860243,4,0.5
2388.5644583343683,-9.546499576599821,-2.4810328113143245,4,0.5
2405.178237988013,-9.507721420582769,-2.7609094955511164,4,0.5
2421.9075756176694,-9.46900698082144,-3.046283365789194,4,0.5
2438.753274992625,-9.430168888708463,-3.3356256032593796,4,0.5
2455.716145472823,-9.391385257876339,-3.630381695586434,4,0.5
2472.797002047752,-9.352580068502887,-3.9299338948401155,4,0.5
2489.9966653755996,-9.313762025247543,-4.234351714341676,4,0.5
2507.3159618226828,-9.274940127905868,-4.5437051045078,4,0.5
2524.755723503151,-9.236123680859993,-4.858064422381597,4,0.5
2542.3167883189644,-9.197445820191597,-5.1784456254264075,4,0.5
2560.0000000001537,-9.158671121322913,-5.50303325625103,4,0.5
2577.806208145355,-9.11993173771061,-5.832839892776054,4,0.5
2595.736268262631,-9.081302592606855,-6.1684155135656695,4,0.5
2613.7910418105726,-9.042699520988347,-6.509117134462886,4,0.5
2631.971396239689,-9.004165604497748,-6.855254903012538,4,0.5
2650.2782050340866,-8.965612120821964,-7.206175306005268,4,0.5
2668.7123477534324,-8.927250732967583,-7.5633989216168125,4,0.5
2687.274710075215,-8.888960445651687,-7.926031361400491,4,0.5
2705.9661838372976,-8.850752764408673,-8.294142246762764,4,0.5
2724.7876670807664,-8.81263956906665,-8.667801231456824,4,0.5
2743.740064093077,-8.77466898031892,-9.047323629312269,4,0.5
2762.824285451502,-8.736855146050607,-9.432780982171908,4,0.5
2782.0412480668783,-8.699138952580546,-9.823750473322999,4,0.5
2801.391875227664,-8.661607126817948,-10.220794385266789,4,0.5
2820.8770966442953,-8.624161497339633,-10.623238672558882,4,0.5
2840.4978484938565,-8.586966944141679,-11.032143008319741,4,0.5
2860.2550734650586,-8.549963569173517,-11.447079891781533,4,0.5
2880.1497208035285,-8.513206152738947,-11.86836591058669,4,0.5
2900.1827463574223,-8.476632029819573,-12.29556874447316,4,0.5
2920.355112623344,-8.440255790530276,-12.728752838384825,4,0.5
2940.6677887925907,-8.404133621676444,-13.168232504388266,4,0.5
2961.121750797718,-8.368282718003416,-13.614071500557314,4,0.5
2981.717981359431,-8.332720777922857,-14.066332428984786,4,0.5
3002.4574700337953,-8.29742311946295,-14.524825650556682,4,0.5
3023.3412132597846,-8.262363206652445,-14.989359944345813,4,0.5
3044.3702144071544,-8.227733014925096,-15.460997859473354,4,0.5
3065.545483824648,-8.193287752977012,-15.938290748919853,4,0.5
3086.868038888538,-8.159357512066613,-16.423050540453566,4,0.5
3108.338904051513,-8.125739004842709,-16.91407642832917,4,0.5
3129.9591108918903,-8.092542959279697,-17.411921551628957,4,0.5
3151.7296981631816,-8.059602493715223,-17.91563559975066,4,0.5
3173.651711844004,-8.02721937212731,-18.426766752527232,4,0.5
3195.726205188326,-7.995226479961404,-18.94436113049868,4,0.5
3217.954238776082,-7.96369255967162,-19.46871198869586,4,0.5
3240.3368805641194,-7.9327392779444565,-20.00035526215891,4,0.5
3262.8752059375156,-7.902241834592574,-20.5385840181703,4,0.5
3285.570297761241,-7.872119099077519,-21.08294365742415,4,0.5
3308.4232464321876,-7.842647687415811,-21.634699178657655,4,0.5
3331.435149931559,-7.813698334343026,-22.193141771035105,4,0.5
3354.607113877621,-7.785346821087279,-22.75854266105608,4,0.5
3377.9402515788224,-7.757618298675314,-23.330923421597277,4,0.5
3401.4356840872842,-7.730647533756172,-23.910781877832267,4,0.5
3425.094540252663,-7.704133294597395,-24.496690771218976,4,0.5
3448.9179567763854,-7.678261670726789,-25.089388515140794,4,0.5
3472.9070782662598,-7.653170918332611,-25.689355993819763,4,0.5
3497.0630572914743,-7.628775899841918,-26.296121115948832,4,0.5
3521.387054437968,-7.605160481231828,-26.9099164454684,4,0.5
3545.880238364193,-7.582235409861205,-27.530272737570307,4,0.5
3570.543785857265,-7.560025125482332,-28.15718746246182,4,0.5
3595.378881889502,-7.538855444910424,-28.79178052575401,4,0.5
3620.3867196753545,-7.518274837405174,-29.4322212837165,4,0.5
3645.5685007287366,-7.498795351029618,-30.080278214375344,4,0.5
3670.9254349207527,-7.480017023590059,-30.734365458288895,4,0.5
3696.458740537827,-7.462276792753885,-31.3955465786106,4,0.5
3722.1696443402334,-7.445415998606392,-32.06312603717828,4,0.5
3748.0593816210417,-7.4294610577172895,-32.73706431812011,4,0.5
3774.129196265462,-7.414568842150215,-33.41772855494275,4,0.5
3800.3803408106105,-7.400572745263867,-34.10443979539087,4,0.5
3826.8140765056887,-7.387763602084711,-34.79794856647037,4,0.5
3853.43167337258,-7.375905644019223,-35.49737626477693,4,0.5
3880.2344102668694,-7.365295233304713,-36.203432503704555,4,0.5
3907.223574939284,-7.355691093954048,-36.91525284971665,4,0.5
3934.400464097566,-7.347187219983251,-37.63294969236987,4,0.5
3961.7663834687746,-7.33988015849103,-38.35661351605485,4,0.5
3989.322647862018,-7.333798382593281,-39.086135174706385,4,0.5
4017.070581231624,-7.328898988902106,-39.82122609968766,4,0.5
4045.011516740754,-7.32520803392881,-40.56177562504536,4,0.5
4073.1467968254487,-7.322895983538781,-41.30799236892067,4,0.5
4101.477773259132,-7.321772991581322,-42.0592491903879,4,0.5
4130.005807217556,-7.322082839726846,-42.815889423852475,4,0.5
4158.732269344197,-7.3234089186889895,-43.576854536198844,4,0.5
4187.658539816113,-7.326440347340238,-44.34335113705822,4,0.5
4216.78600841025,-7.330607313317108,-45.11404518827675,4,0.5
4246.116074570219,-7.336382058584085,-45.88962358731736,4,0.5
4275.650147473531,-7.343334134191036,-46.669108740411154,4,0.5
4305.389646099301,-7.351710579952605,-47.45274541258467,4,0.5
4335.335999296423,-7.361609287651488,-48.240473963434646,4,0.5
4365.4906458522255,-7.373129112199823,-49.03220593548665,4,0.5
4395.8550345615895,-7.3861355806141615,-49.82750894330604,4,0.5
4426.430624296562,-7.400411423108803,-50.62589265854253,4,0.5
4457.21888407645,-7.416442980473008,-51.427769258497165,4,0.5
4488.2212931383965,-7.433695599522817,-52.232273702613554,4,0.5
4519.439341008452,-7.452498142587233,-53.039593928614885,4,0.5
4550.874527573141,-7.473024348630812,-53.84966674784631,4,0.5
4582.528363151522,-7.495128768246179,-54.662102473204015,4,0.5
4614.402368567757,-7.518823100395027,-55.476681235021196,4,0.5
4646.498075224173,-7.543795448217043,-56.29295930984462,4,0.5
4678.817025174842,-7.570699037342773,-57.11117777271306,4,0.5
4711.360771199674,-7.598977440047621,-57.93073534435918,4,0.5
4744.130876879015,-7.628717106148656,-58.751496042141724,4,0.5
4777.128916668773,-7.660248163831263,-59.57338310978205,4,0.5
4810.356475976061,-7.693494434205107,-60.39610110325079,4,0.5
4843.815151235375,-7.728133222296226,-61.219333064336496,4,0.5
4877.506549985286,-7.764410409061825,-62.042930903167026,4,0.5
4911.432290945683,-7.802245004399438,-62.86665731972103,4,0.5
4945.594004095541,-7.841636283382813,-63.69029762155987,4,0.5
4979.9933307512365,-7.882745574280411,-64.51361566441163,4,0.5
5014.631923645403,-7.925324903707733,-65.33641169029036,4,0.5
5049.511447006339,-7.969451647129931,-66.15846979236721,4,0.5
5084.633576637967,-8.015283233961567,-66.97951824339316,4,0.5
5120.000000000346,-8.0624873554256,-67.79946020211538,4,0.5
5155.612416290749,-8.111462842372948,-68.6179093453,4,0.5
5191.4725365253,-8.161794728063978,-69.43485789857817,4,0.5
5227.582083621183,-8.213555073950904,-70.2500886396342,4,0.5
5263.942792479418,-8.267056013201906,-71.06317093420186,4,0.5
5300.556410068212,-8.321962497482874,-71.87413484393481,4,0.5
5337.424695506905,-8.37834258679478,-72.6827353029492,4,0.5
5374.54942015047,-8.436102913115828,-73.48887096385003,4,0.5
5411.932367674636,-8.495309377238478,-74.29229245969401,4,0.5
5449.575334161574,-8.55602586099055,-75.092730347445,4,0.5
5487.480128186196,-8.618156523326073,-75.89009727263887,4,0.5
5525.648570903045,-8.681684538891057,-76.6842285480775,4,0.5
5564.082496133798,-8.746514385816667,-77.47507700633271,4,0.5
5602.78375045537,-8.812784292695659,-78.26226965144328,4,0.5
5641.754193288633,-8.880319922792456,-79.04588799142857,4,0.5
5680.995696987757,-8.949179971951487,-79.8256763990905,4,0.5
5720.51014693016,-9.019344614454084,-80.60149722343719,4,0.5
5760.2994416071,-9.090869307692696,-81.37307867569893,4,0.5
5800.365492714889,-9.163430761539002,-82.14085939546553,4,0.5
5840.710225246731,-9.237311422391413,-82.9041645621195,4,0.5
5881.335577585225,-9.312414096550924,-83.66301932157157,4,0.5
5922.243501595481,-9.388790734694677,-84.41715477141692,4,0.5
5963.435962718906,-9.46619827173086,-85.16694795835423,4,0.5
6004.914940067636,-9.544690406404202,-85.91216042579832,4,0.5
6046.682426519615,-9.624390489178275,-86.65236611074478,4,0.5
6088.740428814354,-9.70498863925797,-87.38817873106213,4,0.5
6131.090967649341,-9.786963300431351,-88.1182782257368,4,0.5
6173.736077777122,-9.869722931290113,-88.84403294383279,4,0.5
6216.6778081030725,-9.953669714224446,-89.5642776877112,4,0.5
6259.918221783827,-10.03857034499358,-90.27950820213763,4,0.5
6303.4593963264115,-10.124335694691393,-90.98987554015591,4,0.5
6347.303423688055,-10.211150104881476,-91.69474120508275,4,0.5
6391.4524103767,-10.298922114121636,-92.39425064987458,4,0.5
6435.9084775522115,-10.387496512114838,-93.08877796309272,4,0.5
6480.673761128287,-10.476920739964001,-93.77809112903422,4,0.5
6525.750411875079,-10.567239828667667,-94.46194860845776,4,0.5
6571.140595522531,-10.658431925623743,-95.14031919285655,4,0.5
6616.846492864425,-10.750347809055015,-95.81361970362505,4,0.5
6662.870299863169,-10.843159407409912,-96.48117088355207,4,0.5
6709.214227755292,-10.936718640172653,-97.14340031051297,4,0.5
6755.880503157695,-11.031006594307575,-97.80030126816152,4,0.5
6802.871368174619,-11.126126861572223,-98.45140509058862,4,0.5
6850.189080505378,-11.221815308027743,-99.09763680719487,4,0.5
6897.835913552822,-11.318296995785953,-99.73806419064387,4,0.5
6945.814156532571,-11.415372867022542,-100.37339786825362,4,0.5
6994.126114583001,-11.51308594307887,-101.00341113827805,4,0.5
7042.774108875988,-11.611476883611193,-101.62787118739188,4,0.5
7091.760476728439,-11.710526910988804,-102.24678554179569,4,0.5
7141.087571714584,-11.810161164585171,-102.8604119843628,4,0.5
7190.757763779057,-11.910307789182086,-103.46901790545812,4,0.5
7240.773439350762,-12.011008107771575,-104.07237779596534,4,0.5
7291.137001457528,-12.11240999980378,-104.66975685851814,4,0.5
7341.850869841561,-12.214277347042131,-105.26218070354341,4,0.5
7392.917481075709,-12.31649113756058,-105.85018981307799,4,0.5
7444.339288680522,-12.41941015667107,-106.43202891772265,4,0.5
7496.118763242139,-12.52280524485185,-107.0087421875388,4,0.5
7548.258392530979,-12.626509140736076,-107.58113623260071,4,0.5
7600.760681621277,-12.730918596325196,-108.14717504285791,4,0.5
7653.628153011434,-12.835611721878688,-108.70896171193868,4,0.5
7706.863346745218,-12.94072935260861,-109.26575440386976,4,0.5
7760.468820533797,-13.046405062549784,-109.8168013370992,4,0.5
7814.447149878626,-13.152332976785392,-110.36371000613329,4,0.5
7868.800928195191,-13.258649184715667,-110.90573281887285,4,0.5
7923.532766937609,-13.365435861710758,-111.4423788602279,4,0.5
7978.645295724095,-13.472493423979197,-111.97474245975685,4,0.5
8034.141162463309,-13.579997087015268,-112.50180470928575,4,0.5
8090.023033481568,-13.687797721960441,-113.02439968954128,4,0.5
8146.293593650958,-13.795931308530244,-113.54230280418626,4,0.5
8202.955546518326,-13.90434407503383,-114.05582096638116,4,0.5
8260.011614435174,-14.013157873719184,-114.56419633836477,4,0.5
8317.464538688457,-14.122317190297615,-115.06773574640249,4,0.5
8375.317079632288,-14.231642764229548,-115.56754776359706,4,0.5
8433.572016820564,-14.341338621900007,-116.06234082846609,4,0.5
8492.232149140504,-14.45126982838474,-116.55295730598785,4,0.5
8551.300294947127,-14.561470173139693,-117.0391725293366,4,0.5
8610.779292198666,-14.671971484436572,-117.52076195590575,4,0.5
8670.671998592914,-14.782724939578022,-117.99803485886711,4,0.5
8730.981291704516,-14.893684113580521,-118.47130010130304,4,0.5
8791.710069123244,-15.00484322815057,-118.94059942648829,4,0.5
8852.86124859319,-15.116310077648452,-119.40517630135464,4,0.5
8914.437768152968,-15.22800007031451,-119.86560587831111,4,0.5
8976.44258627686,-15.33986973338007,-120.32219563497118,4,0.5
9038.878682016972,-15.451950351697564,-120.77472144489325,4,0.5
9101.74905514635,-15.564271393133174,-121.22296042173109,4,0.5
9165.056726303115,-15.676719417451793,-121.66774782478461,4,0.5
9228.804737135582,-15.789361029237483,-122.10859487650077,4,0.5
9292.996150448414,-15.902293448005844,-122.54475305702694,4,0.5
9357.634050349754,-16.015303737993772,-122.9778436921645,4,0.5
9422.721542399418,-16.128524294194364,-123.40685418428366,4,0.5
9488.261753758103,-16.241948507301878,-123.83182651560237,4,0.5
9554.257833337617,-16.355440084181428,-124.25384589829484,4,0.5
9620.712951952195,-16.46915830705848,-124.67164529682002,4,0.5
9687.630302470823,-16.582969437600635,-125.08630602847556,4,0.5
9755.013099970645,-16.697058369195297,-125.49631003375359,4,0.5
9822.864581891441,-16.811169778041076,-125.90376927208483,4,0.5
9891.188008191157,-16.92548622070618,-126.30716920459069,4,0.5
9959.98666150255,-17.039911399038424,-126.70732201959191,4,0.5
10029.26384729088,-17.154442538741748,-127.10426297211984,4,0.5
10099.022894012754,-17.26916407323895,-127.49726189656633,4,0.5
10169.26715327601,-17.384012512299783,-127.88686882451785,4,0.5
10240.000000000768,-17.49892774354375,-128.27362684975373,4,0.5
10311.224832581574,-17.614019962175217,-128.65655716293563,4,0.5
10382.945073050678,-17.729146134039162,-129.03695843699495,4,0.5
10455.164167242447,-17.84444174627749,-129.41360465834387,4,0.5
10527.885584958914,-17.95982121595651,-129.78728533455785,4,0.5
10601.112820136505,-18.07530886977934,-130.1577833751482,4,0.5
10674.849391013888,-18.19087573401579,-130.52538072447157,4,0.5
10749.098840301021,-18.306596727701592,-130.88936744459852,4,0.5
10823.864735349352,-18.422365941861436,-131.2507663916342,4,0.5
10899.15066832323,-18.538282265742097,-131.60862474319424,4,0.5
10974.960256372473,-18.65424283347632,-131.9639568279177,4,0.5
11051.297141806172,-18.770295515712206,-132.31630283079974,4,0.5
11128.16499226768,-18.88646165334247,-132.6654524854426,4,0.5
11205.567500910824,-19.002714310735286,-133.011681108303,4,0.5
11283.508386577352,-19.118981614966145,-133.35573936559996,4,0.5
11361.991393975597,-19.235401363325337,-133.69621527147325,4,0.5
11441.020293860403,-19.351855771491238,-134.03433745563532,4,0.5
11520.598883214287,-19.46838905573926,-134.3696558668982,4,0.5
11600.730985429864,-19.585021046185524,-134.70196419710464,4,0.5
11681.420450493551,-19.70172721046656,-135.031529298471,4,0.5
11762.671155170538,-19.818484317322042,-135.35861337991852,4,0.5
11844.48700319105,-19.935312386231075,-135.68300902994508,4,0.5
11926.871925437901,-20.052188886624013,-136.00497553680364,4,0.5
12009.82988013536,-20.169153742710684,-136.3240766286191,4,0.5
12093.36485303932,-20.286184241398843,-136.6405719704835,4,0.5
12177.4808576288,-20.403258877211762,-136.95471648566308,4,0.5
12262.181935298773,-20.52039643872353,-137.26630639474493,4,0.5
12347.472155554336,-20.637576063319543,-137.57559369671444,4,0.5
12433.355616206238,-20.75485409398577,-137.88192666021163,4,0.5
12519.836443567749,-20.872171184464342,-138.18600830550943,4,0.5
12606.918792652916,-20.989545190890894,-138.4876379304584,4,0.5
12694.606847376202,-21.106956494971776,-138.787061716704,4,0.5
12782.904820753494,-21.22445843552366,-139.08364006835063,4,0.5
12871.816955104521,-21.34195957843588,-139.37849946372032,4,0.5
12961.347522256672,-21.459513321436887,-139.67099966282973,4,0.5
13051.500823750257,-21.577152867091044,-139.9607305155121,4,0.5
13142.28119104516,-21.694841582335304,-140.24815347973956,4,0.5
13233.69298572895,-21.81254481747544,-140.53372064195133,4,0.5
13325.740599726436,-21.930295883173685,-140.81702095025446,4,0.5
13418.428455510686,-22.048093670396657,-141.0980767453715,4,0.5
13511.761006315492,-22.165969205295323,-141.3764877444302,4,0.5
13605.74273634934,-22.283840960932174,-141.65333268395503,4,0.5
13700.378161010858,-22.401787960544898,-141.92757835107327,4,0.5
13795.671827105747,-22.519730969606396,-142.20029155958153,4,0.5
13891.628313065248,-22.637746829936653,-142.47044990801587,4,0.5
13988.252229166108,-22.755803403807473,-142.73849184906805,4,0.5
14085.548217752083,-22.873870294236525,-143.00484649006557,4,0.5
14183.520953456982,-22.992006025629614,-143.26871428245246,4,0.5
14282.175143429275,-23.110165495806,-143.53072817282106,4,0.5
14381.515527558222,-23.22837675045705,-143.79050247477295,4,0.5
14481.546878701633,-23.34658263180419,-144.04885927797034,4,0.5
14582.274002915165,-23.46486656816305,-144.30461534054854,4,0.5
14683.70173968323,-23.58314474326583,-144.5589851658726,4,0.5
14785.834962151528,-23.70148492504098,-144.810995009624,4,0.5
14888.678577361155,-23.819858902049024,-145.0610606977221,4,0.5
14992.23752648439,-23.938252978612333,-145.30939463079832,4,0.5
15096.516785062071,-24.056667012231856,-145.55601141582474,4,0.5
15201.521363242668,-24.17512611786949,-145.8005414794327,4,0.5
15307.256306022984,-24.293604197795112,-146.0433874307357,4,0.5
15413.726693490553,-24.41213796177493,-146.2839939495185,4,0.5
15520.93764106771,-24.530665225293767,-146.52332806311034,4,0.5
15628.894299757369,-24.64924658710933,-146.76045893260886,4,0.5
15737.6018563905,-24.767845134809665,-146.99596921361245,4,0.5
15847.065533875337,-24.886472389147663,-147.2296867219435,4,0.5
15957.29059144831,-25.005139222905257,-147.4614434674214,4,0.5
16068.282324926739,-25.123810758222564,-147.69180831927673,4,0.5
16180.046066963258,-25.242520779308485,-147.92024436679384,4,0.5
16292.587187302037,-25.361224414475924,-148.1474945729847,4,0.5
16405.911093036775,-25.479976604685927,-148.37266510399633,4,0.5
16520.023228870472,-25.598775923795447,-148.59577776833967,4,0.5
16634.92907737704,-25.71756841085126,-148.81774301332777,4,0.5
16750.634159264704,-25.83639639025251,-149.0378593434632,4,0.5
16867.144033641256,-25.955258951787744,-149.25614475519234,4,0.5
16984.464298281135,-26.07411488793993,-149.47331534976055,4,0.5
17102.600589894384,-26.19302466179044,-149.68833493041816,4,0.5
17221.558584397462,-26.311927771750184,-149.9022620621601,4,0.5
17341.343997185955,-26.430873349255705,-150.1142443218083,4,0.5
17461.962583409164,-26.549831570750214,-150.32481305595735,4,0.5
17583.42013824662,-26.66882122198765,-150.53364026988316,4,0.5
17705.72249718651,-26.78782297796186,-150.74107928876987,4,0.5
17828.875536306066,-26.90683683979597,-150.9471404794711,4,0.5
17952.885172553855,-27.025880823680048,-151.15150163017017,4,0.5
18077.75736403408,-27.144936407540158,-151.35450940392704,4,0.5
18203.498110292836,-27.26402111539485,-151.55584540556637,4,0.5
18330.113452606365,-27.3831255817067,-151.75568873955325,4,0.5
18457.609474271307,-27.502240940910035,-151.95421429145966,4,0.5
18585.99230089697,-27.62138400372713,-152.15110934386428,4,0.5
18715.26810069965,-27.740520957218315,-152.3470299327147,4,0.5
18845.44308479898,-27.859709672090407,-152.54086539201847,4,0.5
18976.523507516347,-27.978884036185647,-152.7339050504796,4,0.5
19108.51566667538,-28.09810066556353,-152.92504895723306,4,0.5
19241.425903904536,-28.217326930021112,-153.11494262246285,4,0.5
19375.260604941792,-28.33654741843988,-153.30390527121148,4,0.5
19510.026199941436,-28.455816089547163,-153.4908602716737,4,0.5
19645.729163783028,-28.575086328967075,-153.6767503344187,4,0.5
19782.376016382463,-28.694373288554793,-153.86127650516204,4,0.5
19919.973323005244,-28.81368398538491,-154.04429877603428,4,0.5
20058.527694581913,-28.932996246068633,-154.22628228440905,4,0.5
20198.045788025658,-29.052331697635054,-154.40678414983216,4,0.5
20338.53430655217,-29.17167577765933,-154.58611509941576,4,0.5
20480.00000000169,-29.29104922294411,-154.7638405938027,4,0.5
20622.4496651633,-29.41042397830456,-154.94056330789968,4,0.5
20765.890146101516,-29.52981378839183,-155.11599694939372,4,0.5
20910.32833448505,-29.649225023051272,-155.29000731867367,4,0.5
21055.771169917985,-29.76864411288001,-155.46289517250483,4,0.5
21202.22564027317,-29.888090400471718,-155.63423942706703,4,0.5
21349.698782027936,-30.00752504418511,-155.80490749002234,4,0.5
21498.197680602203,-30.126992681536432,-155.97391118831044,4,0.5
21647.72947069887,-30.246461447702554,-156.14196937765212,4,0.5
21798.301336646622,-30.365949894724146,-156.30866880779732,4,0.5
21949.920512745113,-30.48545755033318,-156.4740219633058,4,0.5
22102.59428361251,-30.604960286951545,-156.63859100487974,4,0.5
22256.32998453553,-30.724487813139408,-156.80169470380542,4,0.5
22411.135001821818,-30.844022172624523,-156.96375491695122,4,0.5
22567.01677315487,-30.96357475316404,-157.12450879654088,4,0.5
22723.98278795137,-31.08313952512266,-157.28410220827817,4,0.5
22882.04058772098,-31.20271077980494,-157.44267742681518,4,0.5
23041.197766428744,-31.322293999609144,-157.6001087779832,4,0.5
23201.4619708599,-31.44188899691804,-157.75640530310673,4,0.5
23362.840900987278,-31.561495587600223,-157.91157595447817,4,0.5
23525.342310341253,-31.681108373704593,-158.0657592403436,4,0.5
23688.974006382276,-31.80073768461117,-158.2187038069102,4,0.5
23853.743850875984,-31.920372982109445,-158.3706767989373,4,0.5
24019.6597602709,-32.040034318629964,-158.52117581418347,4,0.5
24186.729706078822,-32.159686362864285,-158.6711009337349,4,0.5
24354.96171525778,-32.279358968517144,-158.81969783891898,4,0.5
24524.363870597732,-32.39904196741347,-158.96722913991522,4,0.5
24694.944311108862,-32.51873046910411,-159.11382694820972,4,0.5
24866.711232412665,-32.63842451406346,-159.2594970259984,4,0.5
25039.672887135683,-32.75814254401481,-159.40375620973217,4,0.5
25213.837585306024,-32.87785206784859,-159.5474696939689,4,0.5
25389.213694752598,-32.99758501494462,-159.6897915192952,4,0.5
25565.809641507185,-33.11732743638994,-159.83109621765232,4,0.5
25743.63391020923,-33.23707483741073,-159.97151062586693,4,0.5
25922.695044513537,-33.35683154857672,-160.1109218574256,4,0.5
26103.00164750071,-33.47658896539027,-160.24957251941598,4,0.5
26284.562382090517,-33.59636816445842,-160.38688202545578,4,0.5
26467.385971458098,-33.71615202306699,-160.52332855400604,4,0.5
26651.481199453076,-33.835944637167195,-160.6588020363114,4,0.5
26836.856911021572,-33.95574587293292,-160.79330979473215,4,0.5
27023.522012631187,-34.075547705033046,-160.92708636519768,4,0.5
27211.485472698885,-34.19536200558347,-161.05979567731683,4,0.5
27400.75632202192,-34.31518847781953,-161.19144703613182,4,0.5
27591.3436542117,-34.435023045048936,-161.32216101877663,4,0.5
27783.256626130707,-34.55486184397791,-161.4520550976398,4,0.5
27976.504458332423,-34.67470857770148,-161.58102378823682,4,0.5
28171.096435504372,-34.79456310791032,-161.7090735849304,4,0.5
28367.04190691418,-34.91442886965682,-161.83610228129695,4,0.5
28564.35028685876,-35.034298499217606,-161.96233356208967,4,0.5
28763.031055116662,-35.15417545331921,-162.08766383320116,4,0.5
28963.093757403483,-35.274056095002365,-162.21220450245158,4,0.5
29164.548005830547,-35.393943693552295,-162.33585208192346,4,0.5
29367.403479366687,-35.51384790263051,-162.45829479752524,4,0.5
29571.669924303278,-35.63375128187273,-162.58006094323065,4,0.5
29777.35715472254,-35.75365961403071,-162.70093635680175,4,0.5
29984.475052969006,-35.873567692068114,-162.82101383707297,4,0.5
30193.03357012437,-35.99348033235776,-162.93996053471054,4,0.5
30403.042726485564,-36.11336768252724,-163.05823624098272,4,0.5
30614.512612046197,-36.23318999132138,-163.17538102312372,4,0.5
30827.45338698134,-36.352769383534124,-163.29266350057114,4,0.5
31041.875282135654,-36.472786936152026,-163.4123260899973,4,0.5
31257.788599514974,-36.59307720262615,-163.52741037247927,4,0.5
31475.203712781236,-36.7131465791954,-163.64106820574838,4,0.5
31694.13106775091,-36.833149251380995,-163.75441681608638,4,0.5
31914.581182896858,-36.95313851856482,-163.86709137852563,4,0.5
32136.564649853717,-37.07313187792344,-163.97884902369537,4,0.5
32360.09213392676,-37.19312212446341,-164.09005224622342,4,0.5
32585.17437460432,-37.31312462808125,-164.20021283995294,4,0.5
32811.8221860738,-37.433126390088304,-164.30980451761025,4,0.5
33040.04645774119,-37.553133225866524,-164.41863646411383,4,0.5
33269.85815475433,-37.67314787662798,-164.52661785279133,4,0.5
33501.26831852966,-37.79316259838436,-164.63403091078638,4,0.5
33734.28806728276,-37.91318518967082,-164.7406006326565,4,0.5
33968.928596562524,-38.03321053418321,-164.84651548659326,4,0.5
34205.20117978902,-38.15324360925606,-164.95159723723455,4,0.5
34443.11716879519,-38.273281835744335,-165.05594240672525,4,0.5
34682.68799437217,-38.39332754611155,-165.15946658167172,4,0.5
34923.92516681859,-38.513375864423885,-165.26235388957684,4,0.5
35166.8402764935,-38.63342915035675,-165.36451939239015,4,0.5
35411.44499437329,-38.7534827524661,-165.46614305985685,4,0.5
35657.7510726124,-38.873545838659076,-165.5668786547189,4,0.5
35905.77034510798,-38.99361369179602,-165.66690729399392,4,0.5
36155.51472806843,-39.11368624418607,-165.7662338638873,4,0.5
36406.99622058595,-39.23376125897319,-165.86494836593272,4,0.5
36660.22690521301,-39.35384303509088,-165.96288466853576,4,0.5
36915.21894854289,-39.47392930411986,-166.06013321401738,4,0.5
37171.98460179422,-39.59401791543642,-166.15678205972324,4,0.5
37430.53620139958,-39.714112985873655,-166.25266822977812,4,0.5
37690.88616959824,-39.83421233102147,-166.3478800902642,4,0.5
37953.04701503298,-39.95430988562362,-166.44266711407752,4,0.5
38217.03133335104,-40.074419584601614,-166.53645971280403,4,0.5
38482.85180780936,-40.19453129813546,-166.62967142680353,4,0.5
38750.521209883875,-40.31464499136129,-166.72230369736988,4,0.5
39020.05239988316,-40.43476248357523,-166.81427769266958,4,0.5
39291.458327566346,-40.55488543341553,-166.90551565249282,4,0.5
39564.752032765224,-40.67500978965863,-166.9961756796334,4,0.5
39839.94664601079,-40.79513693828612,-167.08617458847286,4,0.5
40117.05538916413,-40.91526594989155,-167.17550306687087,4,0.5
40396.09157605162,-41.03539838024791,-167.26398649223407,4,0.5
40677.068613104646,-41.15552223600595,-167.35188719934595,4,0.5
40960.00000000368,-41.27562231056465,-167.4390913398713,4,0.5
41244.899330326916,-41.39564095756894,-167.5248731091325,4,0.5
41531.78029220334,-41.51513277077684,-167.61051543245156,4,0.5
41820.65666897041,-41.635387011552936,-167.70470587616964,4,0.5
42111.54233983629,-41.75613470458509,-167.78873735353508,4,0.5
42404.45128054665,-41.876418950416856,-167.87222547940175,4,0.5
42699.3975640562,-41.99662226005224,-167.95576120272614,4,0.5
42996.39536120473,-42.116810483473785,-168.03878798063786,4,0.5
43295.458941398065,-42.236992527245945,-168.12141838049942,4,0.5
43596.60267329357,-42.357175808672054,-168.20346349864298,4,0.5
43899.84102549055,-42.47735897097131,-168.28504625392577,4,0.5
44205.18856722535,-42.597542824541435,-168.36615583915966,4,0.5
44512.659969071385,-42.71773068832505,-168.44664706511136,4,0.5
44822.27000364397,-42.837919821134065,-168.52665927288552,4,0.5
45134.033546310086,-42.95811318928733,-168.60605379601853,4,0.5
45447.96557590307,-43.07831077189577,-168.68483375880982,4,0.5
45764.081175442305,-43.198508407946576,-168.76320700804362,4,0.5
46082.39553285784,-43.3187102620664,-168.8409707862179,4,0.5
46402.92394172015,-43.438916260753984,-168.9181295020689,4,0.5
46725.681801974904,-43.55912369504956,-168.99482103651292,4,0.5
47050.68462068286,-43.679332592767004,-169.0710473384976,4,0.5
47377.94801276491,-43.79954681539574,-169.14661320738153,4,0.5
47707.487701752325,-43.91976370144417,-169.22165539980318,4,0.5
48039.319520542165,-44.03998073037302,-169.29630710876242,4,0.5
48373.45941215801,-44.160200426696996,-169.3704403529512,4,0.5
48709.923430515926,-44.280425176409125,-169.4439307103456,4,0.5
49048.72774119583,-44.40065007086748,-169.51703848160366,4,0.5
49389.888622218095,-44.52087988397391,-169.58951215408774,4,0.5
49733.4224648257,-44.64110984068216,-169.6616085247459,4,0.5
50000.0,-44.73383797904492,-169.7168411681202,4,0.5
10.0,-11.500600771767925,-0.3524991280101801,5,0.6
10.069555500567189,-11.500880108740779,-0.35431033880423585,5,0.6
10.139594797900294,-11.50114736871862,-0.35612104781652865,5,0.6
10.210121257071936,-11.501434731376916,-0.35793455861104906,5,0.6
10.281138266560667,-11.501716474916279,-0.3597479044642414,5,0.6
10.352649238413779,-11.50200547819585,-0.36156231115253196,5,0.6
10.424657608411218,-11.502288887929026,-0.3633761682224927,5,0.6
10.497166836230678,-11.502579582585895,-0.3651907163296083,5,0.6
10.57018040561381,-11.502877574658559,-0.36700577661675,5,0.6
10.643701824533608,-11.503182876903796,-0.36882116707995083,5,0.6
10.71773462536294,-11.503476206441297,-0.37063447848153236,5,0.6
10.792282365044281,-11.503789736636312,-0.3724492065226059,5,0.6
10.867348625260592,-11.504097753726112,-0.37426218252509624,5,0.6
10.942937012607405,-11.504400272505041,-0.37607317689389963,5,0.6
11.019051158766118,-11.504729463104573,-0.3778857784393032,5,0.6
11.095694720678463,-11.50503389112222,-0.3796936757153004,5,0.6
11.172871380722214,-11.505352157504475,-0.3815012326353022,5,0.6
11.250584846888108,-11.50569070644319,-0.38330904090896745,5,0.6
11.328838852958,-11.506004540154658,-0.38511140693862217,5,0.6
11.407637158684253,-11.50633868631823,-0.38691358566559325,5,0.6
11.486983549970367,-11.506673869656352,-0.38871299374639195,5,0.6
11.566881839052892,-11.507010106219022,-0.390509391133358,5,0.6
11.647335864684578,-11.507347412310454,-0.3923025342442625,5,0.6
11.728349492318808,-11.50769866244702,-0.3940938146981078,5,0.6
11.809926614295325,-11.508038157080003,-0.3958797171232539,5,0.6
11.892071150027233,-11.50839805729009,-0.3976641099435749,5,0.6
11.97478704618931,-11.508752665100424,-0.3994434392233926,5,0.6
12.05807827690763,-11.509101998949161,-0.4012174246443944,5,0.6
12.141948843950495,-11.509478216276072,-0.4029900409756348,5,0.6
12.226402776920713,-11.509836339749036,-0.40475509096712264,5,0.6
12.31144413344919,-11.510202099111718,-0.4065157040036122,5,0.6
12.397076999389895,-11.51056908546039,-0.4082707536823717,5,0.6
12.48330548901615,-11.510950171205419,-0.41002171946635724,5,0.6
12.570133745218314,-11.511332521273342,-0.41176658992209875,5,0.6
12.657565939702833,-11.511716155338053,-0.41350508052980034,5,0.6
12.745606273192656,-11.512101093384251,-0.41523690339399494,5,0.6
12.834258975629076,-11.51249378139521,-0.4169626739601536,5,0.6
12.923528306374958,-11.51288138843487,-0.4186802914129367,5,0.6
13.013418554419374,-11.513283211536098,-0.4203921995723149,5,0.6
13.10393403858367,-11.513679995809342,-0.42209535601422105,5,0.6
13.195079107728983,-11.514084612869567,-0.42379130603535037,5,0.6
13.286858140965156,-11.514490659522544,-0.42547882145086885,5,0.6
13.379275547861162,-11.514898158061452,-0.42715759195840564,5,0.6
13.472335768656947,-11.51531355495596,-0.42882826215274944,5,0.6
13.566043274476765,-11.515736872200726,-0.4304905383425743,5,0.6
13.660402567544,-11.516155286021556,-0.43214217769979757,5,0.6
13.755418181397484,-11.516588089651234,-0.433785777947658,5,0.6
13.851094681109295,-11.517022460256428,-0.4354190831278708,5,0.6
13.947436663504105,-11.517445577814458,-0.43703977232396596,5,0.6
14.044448757380025,-11.51788957875318,-0.438652490427626,5,0.6
14.142135623731003,-11.518335220633123,-0.44025393813481467,5,0.6
14.240501955970773,-11.51876968633379,-0.4418417384761235,5,0.6
14.33955248015833,-11.519212266940777,-0.44341859076141754,5,0.6
14.439291955225018,-11.519675829603692,-0.44498625251796675,5,0.6
14.539725173203164,-11.520128295954926,-0.44653922821987213,5,0.6
14.640856959456315,-11.520588955637193,-0.4480802835364183,5,0.6
14.742692172911074,-11.521057835402502,-0.4496090957900889,5,0.6
14.845235706290554,-11.521515703991358,-0.45112212847446453,5,0.6
14.94849248634945,-11.521988268466888,-0.4526232951200838,5,0.6
15.05246747411074,-11.522462718263057,-0.45411011734544676,5,0.6
15.15716566510405,-11.522945501366681,-0.45558333578031446,5,0.6
15.26259208960566,-11.523410973884918,-0.45703819682518076,5,0.6
15.368751812880195,-11.523910512242226,-0.45848317623488966,5,0.6
15.475649935423972,-11.5243992193529,-0.4599101828651556,5,0.6
15.58329159321007,-11.524896380223709,-0.4613221973584257,5,0.6
15.69168195793509,-11.525389191918125,-0.4627165994539329,5,0.6
15.800826237267621,-11.52589693737504,-0.46409644847053116,5,0.6
15.910729675098453,-11.526393982474305,-0.465456792389337,5,0.6
16.02139755179252,-11.526899610129197,-0.4668007157074331,5,0.6
16.13283518444261,-11.52742026865652,-0.4681290564748277,5,0.6
16.245047927124794,-11.527917499330284,-0.46943437010347216,5,0.6
16.358041171155712,-11.528449074305424,-0.4707269548146962,5,0.6
16.471820345351553,-11.528963708237388,-0.47199692017122247,5,0.6
16.586390916288924,-11.529493510648424,-0.4732498953773984,5,0.6
16.70175838856748,-11.530025688274907,-0.47448311148910344,5,0.6
16.817928305074386,-11.530553864851775,-0.4756949580013327,5,0.6
16.93490624725064,-11.531084492085286,-0.47688627953212004,5,0.6
17.052697835359233,-11.531630433197368,-0.4780592188512407,5,0.6
17.17130872875518,-11.53217248802848,-0.4792096593428563,5,0.6
17.290744626157405,-11.532710696978262,-0.4803371973382521,5,0.6
17.411011265922586,-11.533277158630797,-0.48144787465996874,5,0.6
17.53211442632081,-11.533820619838227,-0.482531048013457,5,0.6
17.654059925813208,-11.534373180002515,-0.48359277073931345,5,0.6
17.776853623331515,-11.534947700510788,-0.4846353462399874,5,0.6
17.900501418559564,-11.535512170199755,-0.4856518426388414,5,0.6
18.02500925221672,-11.536073044003013,-0.48664316930633095,5,0.6
18.150383106343334,-11.536649594376495,-0.48761298755848015,5,0.6
18.27662900458813,-11.537222636645453,-0.48855690295661935,5,0.6
18.403753012497624,-11.537805033809114,-0.48947727024606624,5,0.6
18.53176123780754,-11.53838401428054,-0.49037098559846,5,0.6
18.660659830736275,-11.53895962533685,-0.49123765421397575,5,0.6
18.790454984280366,-11.53955113696744,-0.49208111429893164,5,0.6
18.921152934512047,-11.540145780576136,-0.49289823438857794,5,0.6
19.05275996087888,-11.54074360455565,-0.49368866050893223,5,0.6
19.18528238650542,-11.541338251982456,-0.49445059545671455,5,0.6
19.31872657849705,-11.541936179290445,-0.49518511232472795,5,0.6
19.453098948245852,-11.542543842246369,-0.4958933346302398,5,0.6
19.588405951738682,-11.543142076495467,-0.4965705099331684,5,0.6
19.72465408986733,-11.543750149490059,-0.497220707481616,5,0.6
19.861849908740865,-11.544374516836617,-0.49784513399628694,5,0.6
20.00000000000015,-11.544983211551521,-0.49843593616670195,5,0.6
20.13911100113453,-11.545595501135345,-0.498997266834575,5,0.6
20.279189595800737,-11.54621784343374,-0.4995303445659592,5,0.6
20.42024251414402,-11.54683748824192,-0.5000317718363957,5,0.6
20.56227653312149,-11.547460895488143,-0.5005027628426558,5,0.6
20.70529847682771,-11.548100925395675,-0.5009461708526751,5,0.6
20.849315216822593,-11.548725628623139,-0.5013537850360362,5,0.6
20.994333672461515,-11.549360670393787,-0.5017316212756868,5,0.6
21.14036081122778,-11.549999709324668,-0.5020777978495307,5,0.6
21.28740364906737,-11.550630006539242,-0.5023887484259579,5,0.6
21.43546925072604,-11.551283623036442,-0.5026723535246427,5,0.6
21.584564730088722,-11.551915825062299,-0.5029168068146218,5,0.6
21.734697250521346,-11.552571470484335,-0.5031334091669709,5,0.6
21.885874025214974,-11.55321862965481,-0.5033135559973523,5,0.6
22.038102317532406,-11.553863767818777,-0.5034586034736898,5,0.6
22.191389441357092,-11.554519746841201,-0.5035716894155189,5,0.6
22.345742761444598,-11.55518023565814,-0.5036508690666986,5,0.6
22.501169693776383,-11.555832509639593,-0.5036923982639289,5,0.6
22.657677705916175,-11.556489432138905,-0.5036994764625915,5,0.6
22.815274317368676,-11.557157468262748,-0.5036736481974481,5,0.6
22.973967099940907,-11.55781110793263,-0.5036075594747245,5,0.6
23.13376367810596,-11.558495188241071,-0.5035135124316785,5,0.6
23.29467172936933,-11.559152230438807,-0.5033750679291743,5,0.6
23.456698984637793,-11.559820676437006,-0.5032028238364307,5,0.6
23.619853228590827,-11.560487813588178,-0.5029929211493004,5,0.6
23.784142300054643,-11.561172897028406,-0.5027507315368135,5,0.6
23.949574092378796,-11.561831255389567,-0.5024629732489381,5,0.6
24.11615655381544,-11.562501324047858,-0.5021406406200247,5,0.6
24.28389768790117,-11.563189571944264,-0.5017855314921542,5,0.6
24.452805553841607,-11.563864122113017,-0.5013879219867373,5,0.6
24.622888266898567,-11.564550621472566,-0.500955313413765,5,0.6
24.794153998779972,-11.565223590904225,-0.5004797543433125,5,0.6
24.966610978032485,-11.565908676132857,-0.49996889158121505,5,0.6
25.140267490436816,-11.566580403818815,-0.4994146596634369,5,0.6
25.315131879405854,-11.567277195585637,-0.4988288831534306,5,0.6
25.4912125463855,-11.567960805009799,-0.4981994188110693,5,0.6
25.668517951258348,-11.568650487188377,-0.49753216491772234,5,0.6
25.847056612750112,-11.56932716960981,-0.49682083801631405,5,0.6
26.026837108838944,-11.570016493799395,-0.4960735383128728,5,0.6
26.20786807716754,-11.570712163536392,-0.4952881498225051,5,0.6
26.390158215458165,-11.571407885561163,-0.4944624971295361,5,0.6
26.573716281930512,-11.572097369907004,-0.4935943440537375,5,0.6
26.758551095722524,-11.572787099383852,-0.49268569960593694,5,0.6
26.944671537314093,-11.573477171792248,-0.491736481779295,5,0.6
27.13208654895373,-11.5741740701792,-0.49074880796389175,5,0.6
27.320805135088207,-11.574852359289379,-0.4897138377385533,5,0.6
27.510836362795175,-11.575550443655757,-0.4886447120037151,5,0.6
27.7021893622188,-11.576242891385643,-0.48753257330596267,5,0.6
27.89487332700842,-11.576936190291855,-0.48637959653892343,5,0.6
28.088897514760255,-11.577617682600362,-0.48518119261028275,5,0.6
28.284271247462218,-11.578319384556197,-0.4839487438842993,5,0.6
28.48100391194176,-11.579009496087238,-0.4826708133866688,5,0.6
28.679104960316874,-11.579700890484101,-0.48135197372677685,5,0.6
28.878583910450253,-11.580387298930319,-0.4799898818213529,5,0.6
29.079450346406546,-11.581081594352487,-0.4785892657126719,5,0.6
29.28171391891285,-11.581764752148656,-0.4771430232169386,5,0.6
29.485384345822368,-11.582462405026154,-0.4756607614880423,5,0.6
29.690471412581335,-11.583155532649666,-0.4741353397658559,5,0.6
29.896984972699123,-11.58384425476215,-0.4725667664805775,5,0.6
30.104934948221704,-11.584535069840818,-0.4709575404690486,5,0.6
30.314331330208326,-11.585215345687743,-0.4693027486582505,5,0.6
30.52518417921155,-11.58591071331449,-0.46761245554703335,5,0.6
30.73750362576062,-11.586602166799596,-0.4658792675854089,5,0.6
30.951299870848175,-11.58727708262662,-0.4640981144673492,5,0.6
31.16658318642038,-11.587973842469687,-0.4622844509281025,5,0.6
31.38336391587042,-11.588641575043281,-0.4604177541922437,5,0.6
31.60165247453548,-11.589318662558517,-0.4585136266113016,5,0.6
31.82145935019715,-11.590005236179984,-0.45657229598670734,5,0.6
32.04279510358529,-11.590695055462756,-0.4545913292483013,5,0.6
32.26567036888546,-11.59137551061837,-0.4525655216360199,5,0.6
32.49009585424984,-11.592046741786755,-0.45049493502580235,5,0.6
32.716082342311665,-11.592728006576676,-0.44838785947289683,5,0.6
32.94364069070335,-11.59339395873655,-0.4462335288425865,5,0.6
33.172781832578096,-11.594057486824621,-0.44403753513477706,5,0.6
33.40351677713521,-11.594731477947889,-0.44180566249955233,5,0.6
33.63585661014903,-11.595409706860714,-0.43953539582231954,5,0.6
33.86981249450153,-11.596073212323931,-0.43721842826444385,5,0.6
34.10539567071872,-11.596734886776526,-0.4348605739984774,5,0.6
34.34261745751061,-11.597401252244563,-0.4324649425763669,5,0.6
34.58148925231507,-11.598053356707743,-0.43002304378243045,5,0.6
34.822022531845434,-11.598723199958041,-0.42754971246019496,5,0.6
35.064228852641875,-11.599385466270535,-0.4250335042193139,5,0.6
35.30811985162668,-11.600021215898854,-0.42246559506282677,5,0.6
35.55370724666329,-11.60068791771771,-0.41987316093521093,5,0.6
35.80100283711939,-11.60134116524646,-0.4172354969965582,5,0.6
36.05001850443371,-11.601974761614741,-0.414549655444986,5,0.6
36.30076621268694,-11.602633438108134,-0.4118373879022383,5,0.6
36.55325800917653,-11.603266439045598,-0.4090742959420586,5,0.6
36.80750602499552,-11.603905765993156,-0.4062761276950002,5,0.6
37.06352247561536,-11.60453886362511,-0.40343692061797404,5,0.6
37.32131966147283,-11.605178638185903,-0.4005633227975175,5,0.6
37.58090996856101,-11.605806176625437,-0.39764605926832447,5,0.6
37.84230586902438,-11.60644711547513,-0.39469833116121555,5,0.6
38.105519921758045,-11.607069821649727,-0.3917042414983945,5,0.6
38.37056477301113,-11.607693571689692,-0.3886738331364881,5,0.6
38.63745315699439,-11.608318553325315,-0.3856074737630672,5,0.6
38.906197896491996,-11.608932233587732,-0.38249881616290365,5,0.6
39.176811903477656,-11.609541168322872,-0.37935147201679426,5,0.6
39.449308179734956,-11.610158275339376,-0.3761725873767726,5,0.6
39.72369981748203,-11.610758308535903,-0.37294886937152344,5,0.6
40.000000000000604,-11.611373271341098,-0.3696978437639014,5,0.6
40.27822200226936,-11.611977924530283,-0.36640609613903014,5,0.6
40.55837919160177,-11.612566115192118,-0.3630703579120048,5,0.6
40.840485028288356,-11.613169848431586,-0.3597086012932281,5,0.6
41.124553066243294,-11.613757538177998,-0.3563035114554404,5,0.6
41.410596953655734,-11.61434847428271,-0.35286613214143536,5,0.6
41.6986304336455,-11.614930155177161,-0.3493896377116156,5,0.6
41.98866734492334,-11.615515514985539,-0.34588167452805874,5,0.6
42.28072162245588,-11.616085701629341,-0.34233161180793487,5,0.6
42.57480729813507,-11.616666367865667,-0.33875460822509706,5,0.6
42.8709385014524,-11.617232311241779,-0.3351361958939963,5,0.6
43.16912946017777,-11.617802830940587,-0.33148799394778655,5,0.6
43.46939450104301,-11.618371801283004,-0.32780669322814726,5,0.6
43.771748050430276,-11.618920389633054,-0.3240811596517354,5,0.6
44.07620463506514,-11.619474256522054,-0.3203271022015228,5,0.6
44.38277888271451,-11.620033640490888,-0.31654506146809136,5,0.6
44.69148552288952,-11.620579719277352,-0.31272373990728,5,0.6
45.00233938755311,-11.621119094293043,-0.30886739327542917,5,0.6
45.315355411832684,-11.62165836854512,-0.30498041014213256,5,0.6
45.63054863473769,-11.622197793102112,-0.30106326947513024,5,0.6
45.947934199882155,-11.62272491549901,-0.29710830454093734,5,0.6
46.26752735621227,-11.62325905342254,-0.29312814421225736,5,0.6
46.58934345873901,-11.623781408064689,-0.28911096252444135,5,0.6
46.913397969275934,-11.624298596751068,-0.28506124840810865,5,0.6
47.23970645718201,-11.624823590836161,-0.2809878376781059,5,0.6
47.56828460010965,-11.625337603297698,-0.2768786316902688,5,0.6
47.89914818475796,-11.625840908504275,-0.27273396425746693,5,0.6
48.232313107631235,-11.62634648639611,-0.26856279384117127,5,0.6
48.5677953758027,-11.626848264864535,-0.26436132742486057,5,0.6
48.90561110768358,-11.627333825853556,-0.2601212654381197,5,0.6
49.2457765337975,-11.62782885872043,-0.2558605140710555,5,0.6
49.58830799756032,-11.628320951472064,-0.2515708577061684,5,0.6
49.933221956065346,-11.628804047208783,-0.24724829310590887,5,0.6
50.280534980874016,-11.629265744214855,-0.24288416568443166,5,0.6
50.630263758812085,-11.629744440511335,-0.23850596994257722,5,0.6
50.982425092771386,-11.6302150408561,-0.23409617168374908,5,0.6
51.33703590251707,-11.630684201853684,-0.2296597986856149,5,0.6
51.69411322550061,-11.631139536766648,-0.22518804603011258,5,0.6
52.05367421767828,-11.63158770938528,-0.22068591935383503,5,0.6
52.41573615433548,-11.632041734123773,-0.21616331238367742,5,0.6
52.78031643091672,-11.632495583860402,-0.21161610637429987,5,0.6
53.14743256386143,-11.63293054071421,-0.20703042482547068,5,0.6
53.517102191445446,-11.633372324945814,-0.20242587884310012,5,0.6
53.8893430746286,-11.633808574052797,-0.19779338032427468,5,0.6
54.264173097907864,-11.634226931136538,-0.19312354737906526,5,0.6
54.64161027017682,-11.634653125111171,-0.18843646788791982,5,0.6
55.02167272559077,-11.63508749931264,-0.18373285291149075,5,0.6
55.40437872443802,-11.635498669687873,-0.17898823048183005,5,0.6
55.78974665401725,-11.635906028679203,-0.1742179823415553,5,0.6
56.17779502952094,-11.636309932818554,-0.16942261498622285,5,0.6
56.56854249492486,-11.636717088267137,-0.16460780145399675,5,0.6
56.962007823883944,-11.637108822575602,-0.15975859521943656,5,0.6
57.358209920634174,-11.637498195969794,-0.1548857656406654,5,0.6
57.75716782090094,-11.637885581349751,-0.14998985692693034,5,0.6
58.158900692813525,-11.638277700430681,-0.14507674238613022,5,0.6
58.56342783782614,-11.638655899659975,-0.1401310306321162,5,0.6
58.97076869164518,-11.639014220699215,-0.13514764903484527,5,0.6
59.38094282516311,-11.639391121465074,-0.1301594661839122,5,0.6
59.79396994539869,-11.639748928717532,-0.1251345456570473,5,0.6
60.209869896443855,-11.640113418620233,-0.12009522483736229,5,0.6
60.628662660417106,-11.640472305638308,-0.11503111095150008,5,0.6
61.05036835842356,-11.640813309675247,-0.10993148316184548,5,0.6
61.4750072515217,-11.641174905683535,-0.10483052939950115,5,0.6
61.90259974169682,-11.641519447319318,-0.0996951021331098,5,0.6
62.33316637284123,-11.641841013116913,-0.09451973644643373,5,0.6
62.766727831741306,-11.642178089461371,-0.08933930362101634,5,0.6
63.20330494907143,-11.642505732871378,-0.08413143902868468,5,0.6
63.642918700394766,-11.642837064616522,-0.07890833347482455,5,0.6
64.08559020717105,-11.643140809490244,-0.07364110892857281,5,0.6
64.5313407377714,-11.643468155214727,-0.06837754440330775,5,0.6
64.98019170850016,-11.643762465460526,-0.06306470267734215,5,0.6
65.43216468462381,-11.64406225106598,-0.057738863461619536,5,0.6
65.8872813814072,-11.644374312611534,-0.052406906256562365,5,0.6
66.34556366515669,-11.644667401193677,-0.04703902137195805,5,0.6
66.80703355427093,-11.644948328085913,-0.04164165639494164,5,0.6
67.27171322029855,-11.645236593763675,-0.03623394165332292,5,0.6
67.73962498900357,-11.645519991796135,-0.030804139976524432,5,0.6
68.21079134143795,-11.645799005545648,-0.025352826288852492,5,0.6
68.68523491502174,-11.646080465257779,-0.019886976033104638,5,0.6
69.16297850463066,-11.64633315476113,-0.014375173196849732,5,0.6
69.6440450636914,-11.64660196605227,-0.008862832052744764,5,0.6
70.12845770528428,-11.646855693181976,-0.003318374685896739,5,0.6
70.61623970325388,-11.64711387037568,0.0022380973279271183,5,0.6
71.10741449332713,-11.6473579860569,0.007825652029982087,5,0.6
71.60200567423932,-11.64758855950013,0.013443897216792105,5,0.6
72.10003700886796,-11.647837823100415,0.019058776270901398,5,0.6
72.60153242537443,-11.648068256527422,0.024709791057439433,5,0.6
73.10651601835362,-11.64829941915749,0.030376156823501015,5,0.6
73.61501204999159,-11.648525509498855,0.03606399010774746,5,0.6
74.12704495123128,-11.648747072722365,0.04177265857075415,5,0.6
74.64263932294622,-11.648951976402309,0.047515482905498146,5,0.6
75.16181993712259,-11.649159800833488,0.05327098939527026,5,0.6
75.68461173804933,-11.64937110736278,0.05903832970031442,5,0.6
76.21103984351666,-11.649561096575574,0.06484520911594041,5,0.6
76.74112954602285,-11.649762047863732,0.07065538443026664,5,0.6
77.27490631398935,-11.649949172718548,0.07649678401056416,5,0.6
77.81239579298456,-11.650142078279428,0.08234703629760436,5,0.6
78.3536238069559,-11.650328669836158,0.08821989648771464,5,0.6
78.8986163594705,-11.650509541100844,0.09411470248730412,5,0.6
79.44739963496465,-11.650691632599061,0.10002329966254517,5,0.6
80.00000000000179,-11.650850182609393,0.10597491485969787,5,0.6
80.55644400453932,-11.651017508995913,0.11193141168108274,5,0.6
81.11675838320417,-11.651162519026826,0.1179298861081264,5,0.6
81.68097005657731,-11.65131120024838,0.12393928920987596,5,0.6
82.24910613248719,-11.651457837434513,0.12996639685069936,5,0.6
82.8211939073121,-11.65161574636381,0.1359947593947387,5,0.6
83.39726086729164,-11.651760196977515,0.1420546372176626,5,0.6
83.97733468984731,-11.651885489854795,0.14815341492161338,5,0.6
84.56144324491237,-11.652017641135604,0.1542587703122196,5,0.6
85.14961459627077,-11.652150962944699,0.16037762723686463,5,0.6
85.74187700290544,-11.652267087656714,0.16653331831692514,5,0.6
86.33825892035618,-11.652373021910183,0.17271721645816346,5,0.6
86.93878900208668,-11.652501148020619,0.17888754205926272,5,0.6
87.54349610086122,-11.652601401825697,0.1851089478086503,5,0.6
88.15240927013093,-11.652712519436745,0.19133119017761477,5,0.6
88.7655577654297,-11.652797130842371,0.19760338833262475,5,0.6
89.38297104577971,-11.652887641318664,0.2038829749401064,5,0.6
90.00467877510688,-11.652978405423317,0.21017728845696756,5,0.6
90.63071082366605,-11.653063782342567,0.21649388194424593,5,0.6
91.26109726947607,-11.653138136346492,0.22284052653802863,5,0.6
91.895868399765,-11.653214866769162,0.22919906024932354,5,0.6
92.53505471242522,-11.653294692299703,0.2355683431861414,5,0.6
93.17868691747873,-11.65335296122282,0.24198258462964886,5,0.6
93.82679593855258,-11.65341577673911,0.24840570305152507,5,0.6
94.47941291436473,-11.653471184723024,0.2548544044098239,5,0.6
95.13656920022001,-11.653507234552542,0.2613458809907364,5,0.6
95.79829636951663,-11.653556391462592,0.2678340613935086,5,0.6
96.4646262152632,-11.653600371303467,0.2743449119209071,5,0.6
97.13559075160614,-11.653633582423392,0.28088667504797876,5,0.6
97.81122221536789,-11.65366947288135,0.2874398982310322,5,0.6
98.49155306759573,-11.65369611570984,0.2940220596069052,5,0.6
99.17661599512138,-11.653707932658754,0.300641697456578,5,0.6
99.86644391213144,-11.653731078467898,0.3072600166635982,5,0.6
100.56106996174877,-11.653747293816956,0.3139041650586922,5,0.6
101.26052751762494,-11.6537510136354,0.32058277407577324,5,0.6
101.96485018554354,-11.653755716326087,0.3272755461246761,5,0.6
102.67407180503491,-11.653743152512135,0.33401055322837053,5,0.6
103.388226451002,-11.653733156540554,0.34075748466348965,5,0.6
104.10734843535732,-11.653726528199508,0.3475149460787237,5,0.6
104.83147230867174,-11.653705028815791,0.3543115265354934,5,0.6
105.56063286183424,-11.653682159685845,0.36112623059995885,5,0.6
106.29486512772365,-11.65364603599918,0.3679780609281845,5,0.6
107.03420438289172,-11.65362921350891,0.37481496299890416,5,0.6
107.778686149258,-11.653594421488407,0.3816966929542052,5,0.6
108.52834619581655,-11.653542480092005,0.3886224774440166,5,0.6
109.28322054035448,-11.653499610453672,0.39554969487349867,5,0.6
110.04334545118235,-11.653428545354041,0.40253975793227265,5,0.6
110.80875744887686,-11.653374563269923,0.4095179977213328,5,0.6
111.57949330803534,-11.653319451791086,0.416514376232349,5,0.6
112.35559005904271,-11.653244997401178,0.42355972536318814,5,0.6
113.13708498985058,-11.653164740807178,0.4306315821310549,5,0.6
113.92401564776874,-11.653092228100705,0.4377068188489898,5,0.6
114.71641984126921,-11.653009252281501,0.4448165967409866,5,0.6
115.51433564180275,-11.65291666067475,0.45195975878107947,5,0.6
116.31780138562794,-11.652815303216835,0.45913510399779617,5,0.6
117.12685567565316,-11.65272509071941,0.4663076894833586,5,0.6
117.94153738329126,-11.652608760482599,0.4735433757875017,5,0.6
118.76188565032712,-11.65249893357462,0.4807845802625167,5,0.6
119.58793989079828,-11.652383761676399,0.48805238073227347,5,0.6
120.41973979288862,-11.652251394497966,0.49536846159883663,5,0.6
121.25732532083512,-11.65213446495935,0.5026736271227918,5,0.6
122.10073671684803,-11.65200841655103,0.5100125015219903,5,0.6
122.95001450304433,-11.651867754310704,0.5173955664694618,5,0.6
123.80519948339456,-11.651719694885355,0.5248098063282371,5,0.6
124.66633274568338,-11.651571457445574,0.532241820587685,5,0.6
125.53345566348355,-11.651417548510503,0.5397019507043344,5,0.6
126.40660989814381,-11.651252472604783,0.5472008330996221,5,0.6
127.28583740079048,-11.651089807359515,0.5547126836902,5,0.6
128.17118041434307,-11.650911339629488,0.5622726115303758,5,0.6
129.0626814755438,-11.65073700564571,0.5698422346419553,5,0.6
129.9603834170013,-11.650548587810345,0.5774570935069069,5,0.6
130.86432936924862,-11.650366023243118,0.5850781801341873,5,0.6
131.77456276281538,-11.650164727781288,0.5927541571156099,5,0.6
132.69112733031437,-11.649964637172147,0.6004456541918398,5,0.6
133.61406710854286,-11.649766605512482,0.6081507661770595,5,0.6
134.5434264405981,-11.649552397143603,0.6159064143206441,5,0.6
135.47924997800817,-11.649322856381527,0.6237114243560631,5,0.6
136.42158268287693,-11.649110643743425,0.6314988559862974,5,0.6
137.3704698300445,-11.64887205576826,0.6393587185628137,5,0.6
138.32595700926237,-11.648614288555578,0.6472769403928695,5,0.6
139.28809012738384,-11.648376365390803,0.6551718920276616,5,0.6
140.25691541056963,-11.648140023834266,0.6630813287572517,5,0.6
141.23247940650882,-11.647874255592384,0.671071345484662,5,0.6
142.2148289866553,-11.64761171079819,0.6790727492814296,5,0.6
143.20401134847972,-11.647334101361901,0.6871248906457623,5,0.6
144.200074017737,-11.647067708480845,0.695170851720711,5,0.6
145.20306485074994,-11.646794230976214,0.7032501878456626,5,0.6
146.2130320367083,-11.646482612764125,0.7114318269411753,5,0.6
147.2300240999843,-11.64619097163425,0.7195876713022338,5,0.6
148.25408990246365,-11.645894611334842,0.7277720589872099,5,0.6
149.28527864589356,-11.64558793426512,0.7359976512732502,5,0.6
150.32363987424628,-11.645258959046703,0.7442920007440168,5,0.6
151.3692234760998,-11.644940308392318,0.7525810915490598,5,0.6
152.42207968703445,-11.644607238576185,0.7609213455199186,5,0.6
153.48225909204683,-11.644266862746704,0.7692966558294706,5,0.6
154.54981262797986,-11.643913534930947,0.777720340117033,5,0.6
155.6247915859703,-11.643573482569307,0.7861308929894377,5,0.6
156.70724761391295,-11.643209155728531,0.7946165736709518,5,0.6
157.79723271894218,-11.642853141465793,0.8031003460963402,5,0.6
158.8947992699305,-11.642467856218042,0.8116720177909437,5,0.6
160.0000000000048,-11.64208587039128,0.8202537512126209,5,0.6
161.11288800907985,-11.641695090007754,0.8288745975033202,5,0.6
162.23351676640956,-11.641308930974073,0.8375016799849788,5,0.6
163.36194011315587,-11.640896120997189,0.8462118585692439,5,0.6
164.49821226497562,-11.640489197955716,0.8549250179833244,5,0.6
165.6423878146254,-11.64006323849999,0.8637030674198894,5,0.6
166.79452173458452,-11.63962522047967,0.8725289818226669,5,0.6
167.9546693796959,-11.639188497681836,0.8813690129656853,5,0.6
169.12288648982604,-11.638753640621486,0.890221232508528,5,0.6
170.29922919254284,-11.638295648088219,0.8991496596058732,5,0.6
171.4837540058122,-11.63783421691819,0.90810391274089,5,0.6
172.6765178407137,-11.637363475259034,0.9170991069901206,5,0.6
173.87757800417467,-11.636896706102927,0.926100293343505,5,0.6
175.08699220172375,-11.636402431328573,0.9351903102865248,5,0.6
176.30481854026317,-11.635906681137449,0.9443006426969353,5,0.6
177.53111553086072,-11.635403507757259,0.9534468804718458,5,0.6
178.7659420915608,-11.63489333610463,0.962627776637393,5,0.6
180.00935755021513,-11.634370173862393,0.9718595414983264,5,0.6
181.26142164733346,-11.633847199966805,0.9811061763886936,5,0.6
182.52219453895353,-11.633292782764958,0.9904545771817499,5,0.6
183.7917367995314,-11.632758458848977,0.9997624844133153,5,0.6
185.07010942485184,-11.632186943568385,1.0091887407310638,5,0.6
186.35737383495882,-11.631623340957095,1.018607581188273,5,0.6
187.65359187710658,-11.631048719660926,1.0280717276714992,5,0.6
188.95882582873088,-11.63046332782385,1.0375804736353011,5,0.6
190.27313840044144,-11.629860982202107,1.0471516080161487,5,0.6
191.59659273903472,-11.62926110339578,1.056729123831743,5,0.6
192.92925243052787,-11.628644643898358,1.0663678108593502,5,0.6
194.27118150321374,-11.628005336967384,1.0760863749203902,5,0.6
195.62244443073726,-11.627375358420622,1.0857901959789449,5,0.6
196.98310613519297,-11.626722746387024,1.0955732352480354,5,0.6
198.35323199024427,-11.626066805591783,1.1053781571026224,5,0.6
199.73288782426437,-11.62540116327612,1.1152236297603617,5,0.6
201.12213992349908,-11.62471941228258,1.1251289279981003,5,0.6
202.5210550352514,-11.624040788454133,1.1350352886374002,5,0.6
203.9297003710886,-11.623333148420423,1.1450407896554238,5,0.6
205.3481436100714,-11.622622090490417,1.155066882536962,5,0.6
206.77645290200556,-11.621894662632018,1.1651533692883183,5,0.6
208.21469687071618,-11.621157145864899,1.1752805908674822,5,0.6
209.66294461734503,-11.620409368399827,1.185448782835887,5,0.6
211.12126572367004,-11.619657554850864,1.1956377663855142,5,0.6
212.5897302554489,-11.618895043018771,1.2058681963314377,5,0.6
214.06840876578502,-11.618102267392239,1.2162030103800578,5,0.6
215.5573722985176,-11.617317509776964,1.2265184915818126,5,0.6
217.05669239163473,-11.61650827117644,1.2369195577527579,5,0.6
218.5664410807106,-11.615693478476896,1.2473442557945587,5,0.6
220.08669090236637,-11.61485985121006,1.2578359402615655,5,0.6
221.6175148977554,-11.61401981986054,1.2683531241051678,5,0.6
223.15898661607235,-11.61316646693562,1.2789183359453453,5,0.6
224.71118011808713,-11.612292830699209,1.289554852253779,5,0.6
226.27416997970286,-11.611411241952204,1.3002207113038111,5,0.6
227.8480312955392,-11.610521113291554,1.3109171865850104,5,0.6
229.43283968254013,-11.609608920434663,1.3216903296325402,5,0.6
231.02867128360725,-11.608686890567627,1.3324977351456153,5,0.6
232.63560277125762,-11.607747867365728,1.3433637933731768,5,0.6
234.25371135130806,-11.60680401274849,1.3542453484961245,5,0.6
235.88307476658426,-11.605835178851809,1.3652128778444623,5,0.6
237.523771300656,-11.604859908450948,1.3762003331465984,5,0.6
239.17587978159838,-11.603870883251163,1.3872330009594769,5,0.6
240.83947958577906,-11.602860735783949,1.3983370150450452,5,0.6
242.51465064167206,-11.601847910298266,1.4094449850628321,5,0.6
244.2014734336979,-11.600799094709021,1.4206778566515168,5,0.6
245.9000290060905,-11.599752058233886,1.4318968901689189,5,0.6
247.61039896679097,-11.598686333264446,1.4431764436591983,5,0.6
249.33266549136863,-11.597600805298008,1.4545203175793529,5,0.6
251.06691132696898,-11.596507269725997,1.4658836786977851,5,0.6
252.81321979628953,-11.595385103681705,1.4773436172263181,5,0.6
254.5716748015829,-11.594265460912862,1.4887812813020873,5,0.6
256.3423608286881,-11.593121148375069,1.5002992163245032,5,0.6
258.12536295108947,-11.591950834320633,1.5119024876190537,5,0.6
259.9207668340045,-11.590766118924375,1.5235458238979152,5,0.6
261.72865873849923,-11.589565596303936,1.5352337901986122,5,0.6
263.54912552563275,-11.588354309332615,1.5469455667289778,5,0.6
265.38225466063074,-11.587130770792015,1.558685744894323,5,0.6
267.2281342170877,-11.585880452859813,1.5705112550730178,5,0.6
269.08685288119824,-11.584608264436156,1.5824021581865757,5,0.6
270.95849995601833,-11.583319079891856,1.5943380975328556,5,0.6
272.8431653657559,-11.582024245372324,1.606271716369511,5,0.6
274.74093966009104,-11.580696030868197,1.6183150681633491,5,0.6
276.6519140185268,-11.579352198839764,1.630394859239598,5,0.6
278.5761802547697,-11.57799747109886,1.6424901582946765,5,0.6
280.51383082114137,-11.576616984089052,1.654661599642355,5,0.6
282.4649588130198,-11.575215367136382,1.666889116776365,5,0.6
284.42965797331277,-11.573797216146522,1.6791522287141551,5,0.6
286.40802269696155,-11.572360567924731,1.6914579445700044,5,0.6
288.40014803547615,-11.570903414826663,1.703813630758562,5,0.6
290.4061297015021,-11.569430236760612,1.7161987158956873,5,0.6
292.42606407341884,-11.567938946586068,1.7286207090790906,5,0.6
294.4600481999708,-11.566407798274547,1.741173594612806,5,0.6
296.50817980492957,-11.564867295300317,1.7537229336166154,5,0.6
298.5705572917893,-11.563295603824255,1.7663634867607756,5,0.6
300.64727974849484,-11.561729738928372,1.7789290617220936,5,0.6
302.73844695220185,-11.560121585783797,1.7916326332340908,5,0.6
304.84415937407124,-11.558481884827112,1.8044258456701383,5,0.6
306.964518184096,-11.556834476165307,1.817199253765918,5,0.6
309.09962525596205,-11.55516384401398,1.830021317171133,5,0.6
311.24958317194296,-11.553467532969133,1.8429018826712664,5,0.6
313.4144952278283,-11.551743046185766,1.8558512202254582,5,0.6
315.59446543788675,-11.549987845380157,1.8688800301086512,5,0.6
317.7895985398634,-11.548225654386734,1.881875478812612,5,0.6
320.000000000012,-11.54643415960457,1.894940173045781,5,0.6
322.22577601816215,-11.544617296019466,1.9080540442301361,5,0.6
324.4670335328215,-11.54278556148334,1.9211649440004155,5,0.6
326.7238802263142,-11.540903309522179,1.9344424903076844,5,0.6
328.99642452995374,-11.539007320452772,1.94770817093181,5,0.6
331.2847756292533,-11.537094838316296,1.9609724773625516,5,0.6
333.5890434691715,-11.53514326209367,1.9743439746497833,5,0.6
335.90933875939425,-11.53317615412098,1.9877049980004755,5,0.6
338.2457729796546,-11.531170828752641,2.0011657060344255,5,0.6
340.5984583850881,-11.529150822427399,2.0146068435927194,5,0.6
342.96750801162693,-11.527086747862773,2.028173643630868,5,0.6
345.3530356814299,-11.525008730383746,2.04171223181591,5,0.6
347.75515600835195,-11.522900550894628,2.055302063974471,5,0.6
350.1739844034501,-11.520765821088684,2.0689224237851858,5,0.6
352.60963708052907,-11.518608138760731,2.0825521123725403,5,0.6
355.0622310617241,-11.516411163313865,2.0962734001970698,5,0.6
357.53188418312425,-11.514165133601608,2.1101360665487676,5,0.6
360.0187151004329,-11.51192010064275,2.123875082805419,5,0.6
362.52284329466966,-11.509633054021569,2.13771347851435,5,0.6
365.0443890779098,-11.507314127894595,2.1515955727438394,5,0.6
367.58347359906554,-11.504960136259996,2.1655359510883216,5,0.6
370.14021884970646,-11.50258120823496,2.1794774024646633,5,0.6
372.7147476699204,-11.500180812030493,2.1933975609580707,5,0.6
375.30718375421594,-11.49772900693369,2.207456723422254,5,0.6
377.9176516574646,-11.495262608001216,2.2214507411573723,5,0.6
380.5462768008857,-11.492731543395214,2.2356528312162416,5,0.6
383.1931854780723,-11.490192720336918,2.249745229765045,5,0.6
385.85850486105863,-11.487609386159285,2.2639287942120414,5,0.6
388.5423630064304,-11.485005029812624,2.278068576665089,5,0.6
391.2448888614774,-11.482362929384893,2.292255121660204,5,0.6
393.96621227038884,-11.479679738092784,2.3065045947103266,5,0.6
396.7064639804915,-11.476958816610976,2.3207948757507104,5,0.6
399.4657756485318,-11.474203531800011,2.335103222734204,5,0.6
402.24427984700117,-11.471417258546705,2.3494062545120467,5,0.6
405.04211007050577,-11.468583153647824,2.363798633545091,5,0.6
407.85940074218024,-11.465711306414466,2.3782182957223625,5,0.6
410.69628722014585,-11.462818596897804,2.3925612793492896,5,0.6
413.55290580401413,-11.459874641000694,2.4070035122912583,5,0.6
416.42939374143555,-11.456889548096958,2.421481728030414,5,0.6
419.3258892346932,-11.453866694206445,2.435971799223465,5,0.6
422.24253144734325,-11.4508094727844,2.4504488743769732,5,0.6
425.179460510901,-11.44772129563475,2.464887357085666,5,0.6
428.13681753157323,-11.444578420070012,2.4794282370345706,5,0.6
431.11474459703845,-11.441397819890769,2.4939636190573315,5,0.6
434.11338478327275,-11.438176123102773,2.508509766388915,5,0.6
437.13288216142445,-11.434909953921984,2.523083324936749,5,0.6
440.173381804736,-11.431595933401052,2.537701321805038,5,0.6
443.23502979551404,-11.428251166896155,2.5522511947433935,5,0.6
446.31797323214806,-11.424851828678221,2.5668788775628504,5,0.6
449.4223602361776,-11.42141506632463,2.58147071633805,5,0.6
452.5483399594091,-11.417944415302113,2.5959982189299,5,0.6
455.6960625910818,-11.414402291136305,2.610699280981429,5,0.6
458.8656793650838,-11.410833355785028,2.6252800216203394,5,0.6
462.0573425672179,-11.407213748594858,2.639889895392272,5,0.6
465.2712055425187,-11.403540166226138,2.6545459625902805,5,0.6
468.5074227026196,-11.399823091045098,2.669173984488141,5,0.6
471.76614953317204,-11.396073076156936,2.683697473348263,5,0.6
475.04754260131557,-11.392245492992721,2.6984092736780245,5,0.6
478.3517595632003,-11.388399250371165,2.7129086075192412,5,0.6
481.6789591715617,-11.384489711828888,2.727489836443789,5,0.6
485.02930128334776,-11.380527506008667,2.7420759528768737,5,0.6
488.40294686739946,-11.376516399435545,2.7566353444694203,5,0.6
491.8000580121847,-11.372453254654292,2.7711834154065764,5,0.6
495.2207979335857,-11.368334946324314,2.7857358028197687,5,0.6
498.665330982741,-11.364179267472828,2.8001620339625273,5,0.6
502.1338226539417,-11.359955290605905,2.814671605455221,5,0.6
505.62643959258287,-11.355687851727392,2.829083973548727,5,0.6
509.14334960316967,-11.351352974685076,2.843561957152818,5,0.6
512.68472165738,-11.346982637045823,2.857871443221424,5,0.6
516.2507259021829,-11.342538862826853,2.8722766082349382,5,0.6
519.841533668013,-11.33804673456478,2.8865910384950113,5,0.6
523.4573174770023,-11.333482255445219,2.9009813602918055,5,0.6
527.0982510512695,-11.328884747904855,2.9151544049008598,5,0.6
530.7645093212655,-11.324216169977483,2.9293798547133156,5,0.6
534.4562684341794,-11.319508971136152,2.9434116772455714,5,0.6
538.1737057624005,-11.314710888738377,2.957628711371427,5,0.6
541.9169999120409,-11.309868634544952,2.9716776038323847,5,0.6
545.6863307315159,-11.304965340415563,2.985675463477789,5,0.6
549.4818793201863,-11.300005408574243,2.99958106867448,5,0.6
553.3038280370578,-11.294971939231244,3.0135142429462776,5,0.6
557.1523605095437,-11.289883638902849,3.0273251668310164,5,0.6
561.027661642287,-11.28473079015122,3.0410791995984283,5,0.6
564.9299176260438,-11.279503653211183,3.0548432472025446,5,0.6
568.8593159466297,-11.274213976786067,3.0685186874402355,5,0.6
572.8160453939274,-11.268880814308154,3.081947711077759,5,0.6
576.8002960709567,-11.263473026617383,3.0953631482816526,5,0.6
580.8122594030085,-11.257973718559082,3.1088903346996037,5,0.6
584.8521281468421,-11.252430904383946,3.1221422943270825,5,0.6
588.920096399946,-11.246820648035827,3.1352975992696273,5,0.6
593.0163596098636,-11.241118886623116,3.1485395589862306,5,0.6
597.1411145835832,-11.235381287031414,3.161412914073505,5,0.6
601.2945594969942,-11.22954759484619,3.1743916470544,5,0.6
605.4768939044083,-11.22366646179559,3.187073094385726,5,0.6
609.688318748147,-11.217692036446609,3.1998193718010337,5,0.6
613.9290363681965,-11.211651316822678,3.2124010024656893,5,0.6
618.1992505119288,-11.205542236821543,3.224823959642094,5,0.6
622.4991663438906,-11.19935541712574,3.2371550548932024,5,0.6
626.8289904556613,-11.19308880954742,3.2494012254129094,5,0.6
631.1889308757782,-11.186747770140894,3.261507402359035,5,0.6
635.5791970797316,-11.180337745656887,3.273416619047611,5,0.6
640.0000000000289,-11.17384946625545,3.28519541812808,5,0.6
644.4515520363291,-11.167273632470469,3.296911886732954,5,0.6
648.9340670656479,-11.160630657644512,3.308381254414529,5,0.6
653.4477604526332,-11.153903916781594,3.319733462431895,5,0.6
657.9928490599125,-11.147091625707134,3.330972783680587,5,0.6
662.5695512585116,-11.140207002438325,3.3419733520451134,5,0.6
667.178086938348,-11.133233422550937,3.3528670567928094,5,0.6
671.8186775187937,-11.126169198001625,3.363657435821234,5,0.6
676.4915459593144,-11.119050354659077,3.374016113636294,5,0.6
681.1969167701814,-11.111830206544775,3.3843399087017576,5,0.6
685.935016023259,-11.104522254190085,3.394498393980983,5,0.6
690.7060713628651,-11.097124992710818,3.4044925813362967,5,0.6
695.5103120167091,-11.089644558765288,3.414254961297953,5,0.6
700.3479688069056,-11.082087196551932,3.423715792645694,5,0.6
705.2192741610634,-11.074428676778103,3.4330797599744196,5,0.6
710.1244621234536,-11.06670589716315,3.4419997184442557,5,0.6
715.0637683662537,-11.058871646133925,3.4508900672994853,5,0.6
720.0374302008713,-11.050955320802693,3.4594701736047013,5,0.6
725.0456865893448,-11.042932598347324,3.4679491206557507,5,0.6
730.0887781558251,-11.03481767173718,3.4761833905684743,5,0.6
735.1669471981365,-11.026632695719647,3.4839529465358083,5,0.6
740.2804376994185,-11.018345607490643,3.491539806439403,5,0.6
745.4294953398465,-11.0099552746835,3.4989410449869274,5,0.6
750.6143675084376,-11.001460598040687,3.5061533410026486,5,0.6
755.8353033149348,-10.992891915440033,3.512876208433312,5,0.6
761.0925536017771,-10.984216967842823,3.5193981008479422,5,0.6
766.3863709561504,-10.975450550984213,3.525563944981956,5,0.6
771.717009722123,-10.96656808380538,3.531592836622787,5,0.6
777.0847260128666,-10.957600336949325,3.537175698212597,5,0.6
782.4897777229608,-10.94853069690682,3.5424554561417514,5,0.6
787.9324245407837,-10.939366366610773,3.547346717478404,5,0.6
793.412927960989,-10.930098654623592,3.5519172697051764,5,0.6
798.9315512970695,-10.920718808949747,3.5562365804627505,5,0.6
804.4885596940084,-10.91124220314276,3.56013877707656,5,0.6
810.0842201410177,-10.901644004711152,3.563850927796623,5,0.6
815.7188014843666,-10.891955911008104,3.567045354341201,5,0.6
821.392574440298,-10.882153086057267,3.5699497649891914,5,0.6
827.1058116080346,-10.872251251936714,3.5723917878418274,5,0.6
832.8587874828772,-10.862249992514881,3.574357641177046,5,0.6
838.6517784693928,-10.85213248895517,3.5759978022846193,5,0.6
844.4850628946929,-10.841898238113043,3.577300834003121,5,0.6
850.3589210218082,-10.831555048868395,3.5781711959722258,5,0.6
856.2736350631529,-10.821094268464325,3.5786787856061637,5,0.6
862.2294891940834,-10.810523835568905,3.5787257922986915,5,0.6
868.226769566552,-10.799868570454985,3.578040767728296,5,0.6
874.2657643228554,-10.789061357064787,3.5772899463804086,5,0.6
880.3467636094787,-10.778160520400126,3.575859902450928,5,0.6
886.4700595910348,-10.767132267443973,3.5740785128305754,5,0.6
892.635946464303,-10.756001754660527,3.5716683593741707,5,0.6
898.844720472362,-10.74475196365138,3.5687860415901347,5,0.6
905.096679918825,-10.733382762258117,3.565414455602189,5,0.6
911.3921251821704,-10.72188547368323,3.5616255491247286,5,0.6
917.7313587301744,-10.710294407774681,3.557041803232039,5,0.6
924.1146851344428,-10.698557950833106,3.5521840821622375,5,0.6
930.5424110850445,-10.686710557769615,3.546672382296871,5,0.6
937.0148454052463,-10.674734956842993,3.5406690350163283,5,0.6
943.5322990663512,-10.662648654289143,3.533969520866379,5,0.6
950.0950852026382,-10.650416741488904,3.5269244937861437,5,0.6
956.7035191264079,-10.638083208851581,3.5190470337981856,5,0.6
963.3579183431307,-10.625613049348674,3.510689807486628,5,0.6
970.0586025667028,-10.613033009845498,3.501547018557481,5,0.6
976.8058937348063,-10.600307760232624,3.491977347799385,5,0.6
983.6001160243768,-10.587473217798768,3.481574888117326,5,0.6
990.4415958671789,-10.574502846401025,3.470604900642391,5,0.6
997.3306619654895,-10.561387793998867,3.4591437649219032,5,0.6
1004.267645307891,-10.548164568925557,3.446775487374935,5,0.6
1011.2528791851732,-10.534815546078322,3.433669925785115,5,0.6
1018.2866992063468,-10.521322818667795,3.420001829031648,5,0.6
1025.3694433147675,-10.507705072890968,3.4055468944994076,5,0.6
1032.5014518043733,-10.49395358281841,3.390379671360171,5,0.6
1039.6830673360337,-10.48005949429137,3.3745768943262577,5,0.6
1046.9146349540124,-10.466032524829966,3.3580112107752385,5,0.6
1054.1965021025467,-10.45189200919696,3.340447839944275,5,0.6
1061.5290186425389,-10.437601033381487,3.322273191247733,5,0.6
1068.9125368683667,-10.423188422771432,3.3031472415752736,5,0.6
1076.347411524809,-10.408616849177022,3.283463134102713,5,0.6
1083.8339998240897,-10.393934532603383,3.2626636406584684,5,0.6
1091.37266146304,-10.379104001250994,3.241144276152613,5,0.6
1098.9637586403808,-10.364145148029127,3.218661782310355,5,0.6
1106.607656074124,-10.349029644790711,3.195511764771589,5,0.6
1114.3047210190957,-10.333797090113565,3.1712291171848146,5,0.6
1122.0553232845823,-10.318389594680395,3.146442382440952,5,0.6
1129.859835252096,-10.302866722494153,3.1204607287109285,5,0.6
1137.7186318932681,-10.287209818594306,3.0934717648041,5,0.6
1145.6320907878635,-10.271409851564957,3.0655556471634244,5,0.6
1153.600592141922,-10.25545762225013,3.036795019421519,5,0.6
1161.6245188060257,-10.239374075873327,3.0069312027912556,5,0.6
1169.704256293693,-10.223140003733622,2.9761601290225856,5,0.6
1177.840192799901,-10.206746013195811,2.9445672834517445,5,0.6
1186.032719219736,-10.190244199839656,2.911538410238847,5,0.6
1194.2822291671753,-10.173584503229234,2.877620997011135,5,0.6
1202.5891189939975,-10.156778121305978,2.842666046649209,5,0.6
1210.9537878088256,-10.139815620675819,2.8067596928326974,5,0.6
1219.3766374963034,-10.122718939475108,2.7696295857067708,5,0.6
1227.8580727364024,-10.105478809976516,2.731359681444465,5,0.6
1236.3985010238666,-10.088096417991473,2.691914542810843,5,0.6
1244.9983326877905,-10.07056228837423,2.651381006607887,5,0.6
1253.657980911332,-10.05287751974788,2.609724863609089,5,0.6
1262.377861751566,-10.03505411302184,2.5667865553490374,5,0.6
1271.1583941594727,-10.017071639928957,2.522779066836051,5,0.6
1280.0000000000673,-9.99894214168165,2.4775423868680577,5,0.6
1288.9031040726677,-9.980677991974913,2.4309123114605278,5,0.6
1297.8681341313059,-9.962247384350498,2.3832333450191485,5,0.6
1306.8955209052763,-9.943696132327322,2.333956098274627,5,0.6
1315.9856981198345,-9.92496977535678,2.283686505933117,5,0.6
1325.1391025170333,-9.906125962495299,2.2317383703687588,5,0.6
1334.3561738767062,-9.88709817749151,2.1788572522507117,5,0.6
1343.6373550375972,-9.867933203365215,2.1244820535610716,5,0.6
1352.9830919186386,-9.84860959824045,2.068838673952117,5,0.6
1362.393833540373,-9.829175357320384,2.011351706709757,5,0.6
1371.8700320465282,-9.809538832965869,1.9530575606820562,5,0.6
1381.4121427257405,-9.789783310798693,1.892973562369228,5,0.6
1391.0206240334287,-9.769863367930858,1.8316026776208756,5,0.6
1400.6959376138216,-9.749804316175142,1.7686315026861616,5,0.6
1410.4385483221372,-9.729608035912253,1.7040172080367766,5,0.6
1420.2489242469178,-9.709252118636522,1.637997182228881,5,0.6
1430.1275367325184,-9.688738048700927,1.5705331060492014,5,0.6
1440.0748604017533,-9.668055006380488,1.5017284663177783,5,0.6
1450.0913731787002,-9.647254134343562,1.430972960401025,5,0.6
1460.177556311661,-9.626300293623197,1.3586506610913363,5,0.6
1470.3338943962842,-9.605195219125978,1.2847206764955073,5,0.6
1480.560875398848,-9.583915222614209,1.2094343909119942,5,0.6
1490.8589906797042,-9.562538634487609,1.1318708559416504,5,0.6
1501.2287350168863,-9.540939147484059,1.0534600504641747,5,0.6
1511.670606629881,-9.519260448010975,0.9725320377130117,5,0.6
1522.1851072035656,-9.497387794397007,0.8903824335974463,5,0.6
1532.772741912312,-9.47537510206121,0.8063724101083859,5,0.6
1543.4340194442575,-9.453237950965454,0.7203038222394996,5,0.6
1554.1694520257447,-9.43093853497356,0.6325886510272118,5,0.6
1564.9795554459333,-9.408464975464772,0.5433413253149321,5,0.6
1575.8648490815792,-9.385859805568773,0.4520563294160023,5,0.6
1586.8258559219898,-9.363153178542827,0.3583715694045595,5,0.6
1597.863102594151,-9.340236934620105,0.26349637295625433,5,0.6
1608.9771193880288,-9.317210009359924,0.16628666969473987,5,0.6
1620.1684402820476,-9.294004661094089,0.06749043252620876,5,0.6
1631.4376029687455,-9.270650874864355,-0.033252673444327,5,0.6
1642.7851488806082,-9.247208534824692,-0.13663749829338515,5,0.6
1654.2116232160815,-9.22355047753866,-0.24125027007177263,5,0.6
1665.7175749657672,-9.199809254269551,-0.3486030904521331,5,0.6
1677.303556938798,-9.175899988658148,-0.45776093386851435,5,0.6
1688.9701257893985,-9.151854296361726,-0.5690985020147367,5,0.6
1700.7178420436294,-9.127659692606434,-0.6824957043026573,5,0.6
1712.5472701263188,-9.103288002966522,-0.7976591507940757,5,0.6
1724.4589783881795,-9.078817546000543,-0.9154803535700481,5,0.6
1736.453539133117,-9.054174489612814,-1.0351579869071192,5,0.6
1748.531528645724,-9.029423086140879,-1.1574236654426362,5,0.6
1760.6935272189705,-9.004519406073557,-1.2818102418501287,5,0.6
1772.940119182083,-8.979465682956548,-1.4083627197104305,5,0.6
1785.2718929286193,-8.954280331455482,-1.5373031482326815,5,0.6
1797.6894409447373,-8.92894994241868,-1.6685037777633616,5,0.6
1810.1933598376636,-8.903542676815846,-1.8027268307870774,5,0.6
1822.7842503643546,-8.877913774973528,-1.9384141060227371,5,0.6
1835.4627174603627,-8.85216393270248,-2.076683151496772,5,0.6
1848.2293702688994,-8.826347119160282,-2.218133954517113,5,0.6
1861.0848221701028,-8.800348592530213,-2.3615448610443464,5,0.6
1874.0296908105065,-8.774221519772858,-2.507509882096188,5,0.6
1887.0645981327166,-8.747934047501023,-2.6557075642482504,5,0.6
1900.190170405291,-8.721558680140404,-2.806931776560868,5,0.6
1913.4070382528298,-8.695046323800863,-2.9606762360585144,5,0.6
1926.715836686276,-8.66838176868789,-3.1168002176619343,5,0.6
1940.1172051334202,-8.641621831229177,-3.275923460734181,5,0.6
1953.611787469627,-8.614752251411971,-3.437911654042677,5,0.6
1967.2002320487684,-8.587683883935108,-3.6018511213095104,5,0.6
1980.8831917343723,-8.560567597611891,-3.7693387662008573,5,0.6
1994.661323930994,-8.533295298237974,-3.939264709397313,5,0.6
2008.535290615797,-8.505907483830295,-4.11206981711399,5,0.6
2022.5057583703617,-8.478388267652594,-4.287609259873028,5,0.6
2036.573398412709,-8.450760209088271,-4.46613413015629,5,0.6
2050.7388866295505,-8.423007219332693,-4.64749843120115,5,0.6
2065.0029036087626,-8.39515250999828,-4.831957281862652,5,0.6
2079.366134672083,-8.367159537656066,-5.019159417523267,5,0.6
2093.8292699080407,-8.339092477202204,-5.209770936791637,5,0.6
2108.3930042051093,-8.31089409599355,-5.40323399792006,5,0.6
2123.0580372850936,-8.282588297353447,-5.599807940375332,5,0.6
2137.82507373675,-8.254200049526402,-5.799758112188427,5,0.6
2152.6948230496346,-8.225669674714842,-6.002513097037521,5,0.6
2167.6679996481957,-8.19708648249197,-6.20897052851221,5,0.6
2182.7453229260964,-8.168346445980829,-6.418129823129444,5,0.6
2197.927517280778,-8.13951817998743,-6.6306820698787625,5,0.6
2213.2153121482643,-8.110651062209515,-6.847119057881725,5,0.6
2228.6094420382083,-8.08161490088165,-7.066205227190879,5,0.6
2244.1106465691814,-8.052480234332462,-7.288641940436316,5,0.6
2259.7196705042093,-8.023297700313263,-7.514927320924405,5,0.6
2275.4372637865536,-7.9940496413323086,-7.7449068986706315,5,0.6
2291.2641815757443,-7.964669750467397,-7.977976307411446,5,0.6
2307.2011842838615,-7.935209130538359,-8.214636041135991,5,0.6
2323.2490376120686,-7.9056724781669585,-8.454947368398482,5,0.6
2339.4085125874035,-7.876039910344069,-8.698745691861753,5,0.6
2355.6803855998196,-7.846340598499305,-8.946317906859734,5,0.6
2372.0654384394898,-7.816630490711525,-9.198186346656788,5,0.6
2388.5644583343683,-7.78678844699082,-9.453270241112138,5,0.6
2405.178237988013,-7.756869196719835,-9.712086945519856,5,0.6
2421.9075756176694,-7.726930219299638,-9.97516519485271,5,0.6
2438.753274992625,-7.69687176140303,-10.241637571858922,5,0.6
2455.716145472823,-7.666805054962584,-10.512503616123944,5,0.6
2472.797002047752,-7.636655401962326,-10.787124303324084,5,0.6
2489.9966653755996,-7.60648277218018,-11.066038206860648,5,0.6
2507.3159618226828,-7.576237825479563,-11.34883606345071,5,0.6
2524.755723503151,-7.545925454537443,-11.635581239513831,5,0.6
2542.3167883189644,-7.515694914855587,-11.927549367295592,5,0.6
2560.0000000001537,-7.48532346224239,-12.22287614654698,5,0.6
2577.806208145355,-7.454901994691848,-12.522350562968208,5,0.6
2595.736268262631,-7.424526233972971,-12.826777452372383,5,0.6
2613.7910418105726,-7.394084138834752,-13.135246597855701,5,0.6
2631.971396239689,-7.363673147856389,-13.448568109013575,5,0.6
2650.2782050340866,-7.333146091365213,-13.765570396391475,5,0.6
2668.7123477534324,-7.3026641477517265,-14.087566935328377,5,0.6
2687.274710075215,-7.272204764205826,-14.414383806760345,5,0.6
2705.9661838372976,-7.2417439964821355,-14.745843139627892,5,0.6
2724.7876670807664,-7.211256446103613,-15.081763266269807,5,0.6
2743.740064093077,-7.180815431694674,-15.422724843977948,5,0.6
2762.824285451502,-7.150396595186889,-15.76854887205755,5,0.6
2782.0412480668783,-7.119974067327686,-16.11905272164192,5,0.6
2801.391875227664,-7.089590034599498,-16.474567320337076,5,0.6
2820.8770966442953,-7.059218309616994,-16.83490945774074,5,0.6
2840.4978484938565,-7.028938466632074,-17.200674113575477,5,0.6
2860.2550734650586,-6.998689224517513,-17.57141890875766,5,0.6
2880.1497208035285,-6.968552868559165,-17.94774395149195,5,0.6
2900.1827463574223,-6.9384295637836315,-18.32894087912536,5,0.6
2920.355112623344,-6.908402849161216,-18.715611926200282,5,0.6
2940.6677887925907,-6.878407334912602,-19.107306944976013,5,0.6
2961.121750797718,-6.8485683335190215,-19.504898598676704,5,0.6
2981.717981359431,-6.8188207478755505,-19.907936823737916,5,0.6
3002.4574700337953,-6.789175580455764,-20.316500306906885,5,0.6
3023.3412132597846,-6.759563048928589,-20.73013235795056,5,0.6
3044.3702144071544,-6.73019745779797,-21.150251319600727,5,0.6
3065.545483824648,-6.700845737218239,-21.57532779654749,5,0.6
3086.868038888538,-6.67176952276866,-22.007054726770125,5,0.6
3108.338904051513,-6.642772618216833,-22.444166215232492,5,0.6
3129.9591108918903,-6.614039464301625,-22.88782198791137,5,0.6
3151.7296981631816,-6.585367007441437,-23.336749862080097,5,0.6
3173.651711844004,-6.556943744009789,-23.792111883066372,5,0.6
3195.726205188326,-6.528741404706096,-24.25371742281611,5,0.6
3217.954238776082,-6.500683598446533,-24.72110258447921,5,0.6
3240.3368805641194,-6.473016770421963,-25.195705089039564,5,0.6
3262.8752059375156,-6.445574076212715,-25.676516668440453,5,0.6
3285.570297761241,-6.418226733394215,-26.162799055692012,5,0.6
3308.4232464321876,-6.391277698712159,-26.656261277509323,5,0.6
3331.435149931559,-6.364551843029206,-27.155892270331623,5,0.6
3354.607113877621,-6.338164861581368,-27.66231151551195,5,0.6
3377.9402515788224,-6.3121368331309835,-28.175593247312058,5,0.6
3401.4356840872842,-6.2865401639125125,-28.696080970317826,5,0.6
3425.094540252663,-6.261136542961331,-29.2224926016953,5,0.6
3448.9179567763854,-6.236151763782204,-29.755982781245198,5,0.6
3472.9070782662598,-6.211554712984534,-30.296350167491088,5,0.6
3497.0630572914743,-6.187366600867879,-30.84366245909928,5,0.6
3521.387054437968,-6.163664699666247,-31.398252862687027,5,0.6
3545.880238364193,-6.140361581124195,-31.95964902118172,5,0.6
3570.543785857265,-6.11742127603773,-32.52764952899591,5,0.6
3595.378881889502,-6.095209330692473,-33.10390554921916,5,0.6
3620.3867196753545,-6.073291835618568,-33.68635412062846,5,0.6
3645.5685007287366,-6.052099746298758,-34.276894871348226,5,0.6
3670.9254349207527,-6.031365840889338,-34.87426370731206,5,0.6
3696.458740537827,-6.011294817064067,-35.47929072809895,5,0.6
3722.1696443402334,-5.991793177634727,-36.091499267870525,5,0.6
3748.0593816210417,-5.972886696641777,-36.71093229768296,5,0.6
3774.129196265462,-5.95466517591065,-37.33788167318197,5,0.6
3800.3803408106105,-5.937029854955021,-37.971875164218,5,0.6
3826.8140765056887,-5.920266062298563,-38.613942737457734,5,0.6
3853.43167337258,-5.904080543427827,-39.26286022246694,5,0.6
3880.2344102668694,-5.888897399247421,-39.92012171281227,5,0.6
3907.223574939284,-5.874351372270844,-40.584268155063775,5,0.6
3934.400464097566,-5.86060447154738,-41.25580025494364,5,0.6
3961.7663834687746,-5.847756791747209,-41.93495586913369,5,0.6
3989.322647862018,-5.835842329807067,-42.62172273002192,5,0.6
4017.070581231624,-5.82475397689322,-43.31562577849359,5,0.6
4045.011516740754,-5.8146650879477635,-44.01710715378946,5,0.6
4073.1467968254487,-5.8055386924944266,-44.725911902607635,5,0.6
4101.477773259132,-5.797481534248737,-45.44222528980358,5,0.6
4130.005807217556,-5.790455808668749,-46.1657836917521,5,0.6
4158.732269344197,-5.78427098946322,-46.895914789397246,5,0.6
4187.658539816113,-5.779560020687705,-47.63423342580624,5,0.6
4216.78600841025,-5.775681121000217,-48.37881443980233,5,0.6
4246.116074570219,-5.773200748901636,-49.13100260862281,5,0.6
4275.650147473531,-5.7717707434545655,-49.88972414003978,5,0.6
4305.389646099301,-5.771500480140843,-50.65510206535351,5,0.6
4335.335999296423,-5.772582039800119,-51.42741034975388,5,0.6
4365.4906458522255,-5.775052817474848,-52.20652303128878,5,0.6
4395.8550345615895,-5.7789499929638,-52.99230324233842,5,0.6
4426.430624296562,-5.783983592477111,-53.78395273478854,5,0.6
4457.21888407645,-5.790593872083231,-54.58216696571565,5,0.6
4488.2212931383965,-5.798486790194101,-55.386157183937534,5,0.6
4519.439341008452,-5.807692113306906,-56.19579976505051,5,0.6
4550.874527573141,-5.818661039380756,-57.01165229528201,5,0.6
4582.528363151522,-5.831091971815956,-57.832950541998805,5,0.6
4614.402368567757,-5.84510054051533,-58.65964794282182,5,0.6
4646.498075224173,-5.860459577101223,-59.49119026427376,5,0.6
4678.817025174842,-5.877714263198751,-60.32809411628128,5,0.6
4711.360771199674,-5.896375826372376,-61.16945412808738,5,0.6
4744.130876879015,-5.91664333874372,-62.01529816387377,5,0.6
4777.128916668773,-5.938718847577712,-62.865587850913656,5,0.6
4810.356475976061,-5.962718231470129,-63.72013490764745,5,0.6
4843.815151235375,-5.988135203748492,-64.5781947769099,5,0.6
4877.506549985286,-6.0153455236014945,-65.43985930505103,5,0.6
4911.432290945683,-6.044371177294145,-66.30485673404606,5,0.6
4945.594004095541,-6.075052814203167,-67.17280730514508,5,0.6
4979.9933307512365,-6.107768243462761,-68.04364192736762,5,0.6
5014.631923645403,-6.142084215951696,-68.91684905601964,5,0.6
5049.511447006339,-6.178286025103646,-69.79228167318958,5,0.6
5084.633576637967,-6.216478234274608,-70.66965449455496,5,0.6
5120.000000000346,-6.256218779331584,-71.54858691002235,5,0.6
5155.612416290749,-6.298153267836081,-72.42887567599112,5,0.6
5191.4725365253,-6.341744435471001,-73.31017294643355,5,0.6
5227.582083621183,-6.387089227729671,-74.19222053191723,5,0.6
5263.942792479418,-6.434556283589266,-75.07465440175315,5,0.6
5300.556410068212,-6.483783948129184,-75.95723144131455,5,0.6
5337.424695506905,-6.534863983037942,-76.8396398901158,5,0.6
5374.54942015047,-6.587795275373701,-77.72158331784964,5,0.6
5411.932367674636,-6.642574892802101,-78.60276600092809,5,0.6
5449.575334161574,-6.699198093788778,-79.4828935693403,5,0.6
5487.480128186196,-6.757748542246974,-80.3616005276908,5,0.6
5525.648570903045,-6.81812721160329,-81.23865404773768,5,0.6
5564.082496133798,-6.8802343203781575,-82.11385705973453,5,0.6
5602.78375045537,-6.944237627897101,-82.98675659272324,5,0.6
5641.754193288633,-7.010033693831689,-83.85715585745425,5,0.6
5680.995696987757,-7.077518851627227,-84.72489466081927,5,0.6
5720.51014693016,-7.146853947002043,-85.58948755898615,5,0.6
5760.2994416071,-7.218019519509179,-86.4506501082842,5,0.6
5800.365492714889,-7.290645774468586,-87.30864686259127,5,0.6
5840.710225246731,-7.365062916736278,-88.16272485558106,5,0.6
5881.335577585225,-7.441333304206346,-89.01247109143637,5,0.6
5922.243501595481,-7.519087853071985,-89.85823782417255,5,0.6
5963.435962718906,-7.598560227142007,-90.69935018182257,5,0.6
6004.914940067636,-7.679469845499392,-91.53608267357575,5,0.6
6046.682426519615,-7.762128558335296,-92.3675577911306,5,0.6
6088.740428814354,-7.846089639380657,-93.1944549986252,5,0.6
6131.090967649341,-7.931824775471391,-94.01550063243857,5,0.6
6173.736077777122,-8.01880862379941,-94.83163340208861,5,0.6
6216.6778081030725,-8.107422271981303,-95.64172459570479,5,0.6
6259.918221783827,-8.197470456434434,-96.44599088033831,5,0.6
6303.4593963264115,-8.288763242988923,-97.24470519972637,5,0.6
6347.303423688055,-8.381431003536663,-98.03731783276741,5,0.6
6391.4524103767,-8.475597602137189,-98.82324414080824,5,0.6
6435.9084775522115,-8.570917852614336,-99.6032435134029,5,0.6
6480.673761128287,-8.667440398589866,-100.37699448257688,5,0.6
6525.750411875079,-8.765210557169606,-101.14416359989357,5,0.6
6571.140595522531,-8.86419568134001,-101.90465053793278,5,0.6
6616.846492864425,-8.964289333076707,-102.65861167426935,5,0.6
6662.870299863169,-9.065607180021551,-103.40547262056097,5,0.6
6709.214227755292,-9.167969992405679,-104.14565864280203,5,0.6
6755.880503157695,-9.271419066171738,-104.8788552457632,5,0.6
6802.871368174619,-9.375992445282359,-105.60474015475268,5,0.6
6850.189080505378,-9.481377697521273,-106.32432109679225,5,0.6
6897.835913552822,-9.58782519126991,-107.03650325586955,5,0.6
6945.814156532571,-9.695165469854423,-107.74178794127668,5,0.6
6994.126114583001,-9.803370071224414,-108.44015513602537,5,0.6
7042.774108875988,-9.912476874659248,-109.13131092762279,5,0.6
7091.760476728439,-10.02252067694052,-109.8149561195871,5,0.6
7141.087571714584,-10.133340632248679,-110.49164281317488,5,0.6
7190.757763779057,-10.24491001497812,-111.16137444520741,5,0.6
7240.773439350762,-10.357140134916625,-111.82444915144195,5,0.6
7291.137001457528,-10.47031580149185,-112.47942661114119,5,0.6
7341.850869841561,-10.584097811683034,-113.12776952246443,5,0.6
7392.917481075709,-10.698404240300995,-113.76980206379739,5,0.6
7444.339288680522,-10.813570161655113,-114.4037757471233,5,0.6
7496.118763242139,-10.929329156243492,-115.03089712745897,5,0.6
7548.258392530979,-11.04554363312683,-115.65180160870861,5,0.6
7600.760681621277,-11.162591553004885,-116.26442119817494,5,0.6
7653.628153011434,-11.279993421584539,-116.87120251666605,5,0.6
7706.863346745218,-11.397899920443756,-117.47128708800194,5,0.6
7760.468820533797,-11.516560352911876,-118.06319453362659,5,0.6
7814.447149878626,-11.635463738462713,-118.64971510811718,5,0.6
7868.800928195191,-11.754862193962312,-119.22937572021219,5,0.6
7923.532766937609,-11.874734357067556,-119.80222722306844,5,0.6
7978.645295724095,-11.995008668991897,-120.36863110138097,5,0.6
8034.141162463309,-12.115767353639765,-120.92802710535557,5,0.6
8090.023033481568,-12.236840759329134,-121.48139854459664,5,0.6
8146.293593650958,-12.358262976000416,-122.02849744546324,5,0.6
8202.955546518326,-12.480017822454725,-122.56938521151518,5,0.6
8260.011614435174,-12.60218362119124,-123.10350501266713,5,0.6
8317.464538688457,-12.724740812429227,-123.6309200243792,5,0.6
8375.317079632288,-12.84744279857537,-124.15324346199611,5,0.6
8433.572016820564,-12.970506053884161,-124.668992453402,5,0.6
8492.232149140504,-13.09382447819696,-125.17885258005823,5,0.6
8551.300294947127,-13.217341548120967,-125.68319962084728,5,0.6
8610.779292198666,-13.341217549003034,-126.18086443544368,5,0.6
8670.671998592914,-13.465265976736198,-126.67315124129408,5,0.6
8730.981291704516,-13.589518500937558,-127.15981858154093,5,0.6
8791.710069123244,-13.713963811770313,-127.64093421533588,5,0.6
8852.86124859319,-13.838631073095467,-128.11625899497693,5,0.6
8914.437768152968,-13.963507871631728,-128.58586247673156,5,0.6
8976.44258627686,-14.08850467848493,-129.05042571550106,5,0.6
9038.878682016972,-14.21369002789557,-129.50940441822203,5,0.6
9101.74905514635,-14.339052767501322,-129.96286818877869,5,0.6
9165.056726303115,-14.464508278328822,-130.41149336576024,5,0.6
9228.804737135582,-14.590086147731014,-130.85504182177922,5,0.6
9292.996150448414,-14.715849661638616,-131.29297667092732,5,0.6
9357.634050349754,-14.84168190445645,-131.72627161574997,5,0.6
9422.721542399418,-14.967611662483396,-132.1546897296104,5,0.6
9488.261753758103,-15.09373384814056,-132.57739981384773,5,0.6
9554.257833337617,-15.219802022288127,-132.996559812722,5,0.6
9620.712951952195,-15.346079798559767,-133.4098478738837,5,0.6
9687.630302470823,-15.472327359987935,-133.81940940906952,5,0.6
9755.013099970645,-15.598798622718222,-134.22294169178855,5,0.6
9822.864581891441,-15.725197488304447,-134.62316376004995,5,0.6
9891.188008191157,-15.851709851141397,-135.01837056042544,5,0.6
9959.98666150255,-15.978236228026677,-135.40950286737774,5,0.6
10029.26384729088,-16.104802922762612,-135.7963275500302,5,0.6
10099.022894012754,-16.231493293646153,-136.1780386771621,5,0.6
10169.26715327601,-16.35818269505887,-136.55585513552435,5,0.6
10240.000000000768,-16.484868165045114,-136.92983122856066,5,0.6
10311.224832581574,-16.611630905915863,-137.29916657565298,5,0.6
10382.945073050678,-16.73835398122603,-137.66505878227846,5,0.6
10455.164167242447,-16.8651446991093,-138.02642790050027,5,0.6
10527.885584958914,-16.991916775121908,-138.3841788609218,5,0.6
10601.112820136505,-17.118720541517018,-138.73780342909836,5,0.6
10674.849391013888,-17.245499803972194,-139.08791499841115,5,0.6
10749.098840301021,-17.3723288996316,-139.4337327666909,5,0.6
10823.864735349352,-17.49912741924694,-139.77614237110893,5,0.6
10899.15066832323,-17.62596754713454,-140.11436986722777,5,0.6
10974.960256372473,-17.752771655189193,-140.4492910317064,5,0.6
11051.297141806172,-17.879562219207934,-140.78068055568514,5,0.6
11128.16499226768,-18.00633685262913,-141.10858745496444,5,0.6
11205.567500910824,-18.133139393363425,-141.4325240932521,5,0.6
11283.508386577352,-18.259852080749145,-141.7538791865584,5,0.6
11361.991393975597,-18.386587780505394,-142.07136122288208,5,0.6
11441.020293860403,-18.51329849442659,-142.38555216343082,5,0.6
11520.598883214287,-18.63998242948375,-142.69649734128114,5,0.6
11600.730985429864,-18.766637893831273,-143.00424136884246,5,0.6
11681.420450493551,-18.89328421982979,-143.30856895307872,5,0.6
11762.671155170538,-19.019877718207535,-143.61004314616198,5,0.6
11844.48700319105,-19.14647877559331,-143.9079332945105,5,0.6
11926.871925437901,-19.27300435431076,-144.2033091395858,5,0.6
12009.82988013536,-19.39951402544817,-144.4954430833993,5,0.6
12093.36485303932,-19.526005688705016,-144.7843800217655,5,0.6
12177.4808576288,-19.652439327883155,-145.07066485700705,5,0.6
12262.181935298773,-19.778833566873775,-145.35408344573744,5,0.6
12347.472155554336,-19.905187469842012,-145.63467429070005,5,0.6
12433.355616206238,-20.03153641539783,-145.91198346372437,5,0.6
12519.836443567749,-20.157824365868397,-146.18679032978986,5,0.6
12606.918792652916,-20.28406900335615,-146.45888413503172,5,0.6
12694.606847376202,-20.41026965212492,-146.72830089324984,5,0.6
12782.904820753494,-20.53645971194204,-146.9945960201739,5,0.6
12871.816955104521,-20.662553294749465,-147.25900581139717,5,0.6
12961.347522256672,-20.788618194880904,-147.5206030446097,5,0.6
13051.500823750257,-20.914669376617624,-147.77919019219883,5,0.6
13142.28119104516,-21.040672953479735,-148.03527741817194,5,0.6
13233.69298572895,-21.16659712805196,-148.28936263821043,5,0.6
13325.740599726436,-21.292504955686866,-148.54054420919383,5,0.6
13418.428455510686,-21.418333752665276,-148.78978145184752,5,0.6
13511.761006315492,-21.544159685890527,-149.035954947394,5,0.6
13605.74273634934,-21.669906610976795,-149.28024260789718,5,0.6
13700.378161010858,-21.795619348295325,-149.52198934012324,5,0.6
13795.671827105747,-21.92125414480397,-149.76190097247857,5,0.6
13891.628313065248,-22.046882660248496,-149.99888485582352,5,0.6
13988.252229166108,-22.172461224456626,-150.23364582353605,5,0.6
14085.548217752083,-22.297948832224733,-150.46687115058563,5,0.6
14183.520953456982,-22.423428033846513,-150.69726550224456,5,0.6
14282.175143429275,-22.54884399544582,-150.92573643854618,5,0.6
14381.515527558222,-22.674236463838987,-151.1516597085725,5,0.6
14481.546878701633,-22.7995401194542,-151.37614065636788,5,0.6
14582.274002915165,-22.92483264004716,-151.59791588565247,5,0.6
14683.70173968323,-23.05003770927283,-151.81829152055332,5,0.6
14785.834962151528,-23.17521842688437,-152.03622999695634,5,0.6
14888.678577361155,-23.300361721512495,-152.25197271016856,5,0.6
14992.23752648439,-23.425443435324734,-152.465962407199,5,0.6
15096.516785062071,-23.55047598915987,-152.67801278070016,5,0.6
15201.521363242668,-23.675459568094894,-152.88814715250749,5,0.6
15307.256306022984,-23.8003943716722,-153.09638846750158,5,0.6
15413.726693490553,-23.925291783766752,-153.3025574127896,5,0.6
15520.93764106771,-24.050129519099222,-153.50708130805828,5,0.6
15628.894299757369,-24.17492999287065,-153.70957955215337,5,0.6
15737.6018563905,-24.299682292075335,-153.9102755201905,5,0.6
15847.065533875337,-24.424386684905578,-154.10919035668354,5,0.6
15957.29059144831,-24.549043449426314,-154.30634486980688,5,0.6
16068.282324926739,-24.673652872949866,-154.50175953778842,5,0.6
16180.046066963258,-24.79821525141745,-154.69545451552344,5,0.6
16292.587187302037,-24.922711116219162,-154.88783249042083,5,0.6
16405.911093036775,-25.04718062235757,-155.07814473436247,5,0.6
16520.023228870472,-25.17161360322666,-155.26660700765143,5,0.6
16634.92907737704,-25.295991058661713,-155.45361725073624,5,0.6
16750.634159264704,-25.420323056946952,-155.63900394218743,5,0.6
16867.144033641256,-25.544619099135296,-155.82260031046124,5,0.6
16984.464298281135,-25.668861060707293,-156.00479587323292,5,0.6
17102.600589894384,-25.793067483870878,-156.1852394162293,5,0.6
17221.558584397462,-25.91721204463296,-156.36449634537502,5,0.6
17341.343997185955,-26.041339027174587,-156.54167562916018,5,0.6
17461.962583409164,-26.16541362923418,-156.7175210733048,5,0.6
17583.42013824662,-26.289444976780175,-156.8918679702502,5,0.6
17705.72249718651,-26.41343344013341,-157.06473276583782,5,0.6
17828.875536306066,-26.537371268191873,-157.23630703097615,5,0.6
17952.885172553855,-26.661283207394526,-157.40608060347168,5,0.6
18077.75736403408,-26.785137379060068,-157.57476832723134,5,0.6
18203.498110292836,-26.908965936909517,-157.74169128596418,5,0.6
18330.113452606365,-27.03275326042395,-157.9072130871553,5,0.6
18457.609474271307,-27.156492197766124,-158.0715182550159,5,0.6
18585.99230089697,-27.28019832343703,-158.2342813930171,5,0.6
18715.26810069965,-27.403849740803167,-158.39602219249372,5,0.6
18845.44308479898,-27.52748352713388,-158.555917755848,5,0.6
18976.523507516347,-27.651056492175417,-158.7149821880588,5,0.6
19108.51566667538,-27.774604955568197,-158.8724001289069,5,0.6
19241.425903904536,-27.89812178209816,-159.0283547748222,5,0.6
19375.260604941792,-28.021573095113048,-159.1836710671558,5,0.6
19510.026199941436,-28.145014019649288,-159.33706501622123,5,0.6
19645.729163783028,-28.26841077953781,-159.48936007267926,5,0.6
19782.376016382463,-28.39177055109882,-159.64040759642896,5,0.6
19919.973323005244,-28.515093717911874,-159.79022037914808,5,0.6
20058.527694581913,-28.63837435560952,-159.93896721134504,5,0.6
20198.045788025658,-28.76162555131623,-160.08634710362972,5,0.6
20338.53430655217,-28.884841283942787,-160.23252957003007,5,0.6
20480.00000000169,-29.008027965029875,-160.37737370200344,5,0.6
20622.4496651633,-29.131173815853376,-160.52119846949194,5,0.6
20765.890146101516,-29.254285334222175,-160.6638615798029,5,0.6
20910.32833448505,-29.37736866554659,-160.805224750108,5,0.6
21055.771169917985,-29.500406863009644,-160.94574906557332,5,0.6
21202.22564027317,-29.62342882373695,-161.0847004936548,5,0.6
21349.698782027936,-29.74640103389045,-161.22298024200452,5,0.6
21498.197680602203,-29.869357248265388,-161.35971529354515,5,0.6
21647.72947069887,-29.992264929462703,-161.49579440544863,5,0.6
21798.301336646622,-30.11515157596778,-161.63050016704184,5,0.6
21949.920512745113,-30.238006663001535,-161.7641347408934,5,0.6
22102.59428361251,-30.360820283024307,-161.89699223184724,5,0.6
22256.32998453553,-30.4836134740362,-162.02851350986015,5,0.6
22411.135001821818,-30.6063761720759,-162.1589943675076,5,0.6
22567.01677315487,-30.729108728229516,-162.28844478796142,5,0.6
22723.98278795137,-30.85181149092122,-162.4168746238222,5,0.6
22882.04058772098,-30.974484805868006,-162.54429359951556,5,0.6
23041.197766428744,-31.097129016042974,-162.67071131350124,5,0.6
23201.4619708599,-31.21973982710644,-162.79627241718154,5,0.6
23362.840900987278,-31.34232691254443,-162.92071497958958,5,0.6
23525.342310341253,-31.464881402851226,-163.04431767068152,5,0.6
23688.974006382276,-31.58741713437724,-163.16668963075102,5,0.6
23853.743850875984,-31.709916558843982,-163.28837132918272,5,0.6
24019.6597602709,-31.832401930905327,-163.4087132424152,5,0.6
24186.729706078822,-31.95484752740714,-163.52851040882044,5,0.6
24354.96171525778,-32.077270969610424,-163.64724821560227,5,0.6
24524.363870597732,-32.1996723911432,-163.7649378918679,5,0.6
24694.944311108862,-32.322043794882774,-163.88184458971432,5,0.6
24866.711232412665,-32.44438166203469,-163.99810016262927,5,0.6
25039.672887135683,-32.56671034958079,-164.11295589044306,5,0.6
25213.837585306024,-32.68900222016036,-164.22730127970297,5,0.6
25389.213694752598,-32.811277273583904,-164.34051875830647,5,0.6
25565.809641507185,-32.93353169333821,-164.45274409373326,5,0.6
25743.63391020923,-33.05575442920616,-164.56435324444638,5,0.6
25922.695044513537,-33.177953449975654,-164.67510679364273,5,0.6
26103.00164750071,-33.300125422832224,-164.7851325604841,5,0.6
26284.562382090517,-33.42228507265438,-164.8939581021592,5,0.6
26467.385971458098,-33.54441462250535,-165.00219099415972,5,0.6
26651.481199453076,-33.66652853598677,-165.10936270002398,5,0.6
26836.856911021572,-33.78861311302227,-165.21595297168636,5,0.6
27023.522012631187,-33.91067229474791,-165.32184793281513,5,0.6
27211.485472698885,-34.03271646242187,-165.42670624499814,5,0.6
27400.75632202192,-34.15473904327507,-165.53076860096397,5,0.6
27591.3436542117,-34.276743527719084,-165.63392800733564,5,0.6
27783.256626130707,-34.398720486240926,-165.7365322266514,5,0.6
27976.504458332423,-34.52067985424397,-165.83824651542565,5,0.6
28171.096435504372,-34.64261555191525,-165.93930222454193,5,0.6
28367.04190691418,-34.76453403855419,-166.0394818219142,5,0.6
28564.35028685876,-34.88643539699811,-166.1387933277005,5,0.6
28763.031055116662,-35.008310804238114,-166.2375716231962,5,0.6
28963.093757403483,-35.13016651205068,-166.33560025259067,5,0.6
29164.548005830547,-35.252005494564585,-166.4327755774048,5,0.6
29367.403479366687,-35.37382761851083,-166.52910249493146,5,0.6
29571.669924303278,-35.49562695460975,-166.62479596349107,5,0.6
29777.35715472254,-35.617408493703415,-166.71963974325837,5,0.6
29984.475052969006,-35.739162295595726,-166.81393956917003,5,0.6
30193.03357012437,-35.86089485787349,-166.90725065927003,5,0.6
30403.042726485564,-35.98258169395657,-166.99993812381084,5,0.6
30614.512612046197,-36.104178744696284,-167.09163912897924,5,0.6
30827.45338698134,-36.22550939627188,-167.18362532099275,5,0.6
31041.875282135654,-36.34725067545004,-167.278233124679,5,0.6
31257.788599514974,-36.469244397431225,-167.36830752134725,5,0.6
31475.203712781236,-36.590991335693026,-167.45719816632257,5,0.6
31694.13106775091,-36.71265270982008,-167.54582799969018,5,0.6
31914.581182896858,-36.83427827687613,-167.63392731207773,5,0.6
32136.564649853717,-36.955887333121964,-167.72115216050278,5,0.6
32360.09213392676,-37.077469945065324,-167.80806650363695,5,0.6
32585.17437460432,-37.19904204276128,-167.8940760484595,5,0.6
32811.8221860738,-37.3205930261098,-167.9796612284499,5,0.6
33040.04645774119,-37.44213037425344,-168.06453285565786,5,0.6
33269.85815475433,-37.5636522197226,-168.14878886930828,5,0.6
33501.26831852966,-37.68515456266879,-168.23261935329725,5,0.6
33734.28806728276,-37.80664639897269,-168.3156517586167,5,0.6
33968.928596562524,-37.92811937456898,-168.3982633038613,5,0.6
34205.20117978902,-38.04958218946255,-168.48008728129227,5,0.6
34443.11716879519,-38.17103078696066,-168.56131396760898,5,0.6
34682.68799437217,-38.29246536879467,-168.6419476920964,5,0.6
34923.92516681859,-38.41388612943383,-168.72199283457243,5,0.6
35166.8402764935,-38.53529325757406,-168.80145379587188,5,0.6
35411.44499437329,-38.65668307237516,-168.88051220135637,5,0.6
35657.7510726124,-38.77806163216689,-168.9589047581252,5,0.6
35905.77034510798,-38.89942903006946,-169.03663766800648,5,0.6
36155.51472806843,-39.0207835060187,-169.11380385341073,5,0.6
36406.99622058595,-39.142125228737406,-169.19040757052167,5,0.6
36660.22690521301,-39.26345436334608,-169.26645301009074,5,0.6
36915.21894854289,-39.38477107115214,-169.3419442841928,5,0.6
37171.98460179422,-39.506075509269444,-169.41688540945873,5,0.6
37430.53620139958,-39.62736782998829,-169.4912802852555,5,0.6
37690.88616959824,-39.74864817977038,-169.565132664134,5,0.6
37953.04701503298,-39.86991334276129,-169.6386114606151,5,0.6
38217.03133335104,-39.99117185881944,-169.71130604073753,5,0.6
38482.85180780936,-40.112417109264854,-169.7835506532958,5,0.6
38750.521209883875,-40.233650865295715,-169.8552651098724,5,0.6
39020.05239988316,-40.35487318692791,-169.9264511808462,5,0.6
39291.458327566346,-40.47608407715462,-169.9971095298962,5,0.6
39564.752032765224,-40.59728343591956,-170.06723902418744,5,0.6
39839.94664601079,-40.71846944243614,-170.13691419508626,5,0.6
40117.05538916413,-40.83964442542168,-170.20596705107312,5,0.6
40396.09157605162,-40.960808027827525,-170.27430014891036,5,0.6
40677.068613104646,-41.08194958891613,-170.34217823847035,5,0.6
40960.00000000368,-41.20305407014051,-170.40948675573617,5,0.6
41244.899330326916,-41.32406235601292,-170.47549494199754,5,0.6
41531.78029220334,-41.4445311504523,-170.54149011937497,5,0.6
41820.65666897041,-41.5657488034614,-170.61615638627813,5,0.6
42111.54233983629,-41.687446792109085,-170.680786736785,5,0.6
42404.45128054665,-41.80866813558693,-170.74499550832184,5,0.6
42699.3975640562,-41.92979761639894,-170.8093014972955,5,0.6
42996.39536120473,-42.05089757024167,-170.87329242245306,5,0.6
43295.458941398065,-42.17197789582927,-170.93708061402197,5,0.6
43596.60267329357,-42.29304952762249,-171.00025790407884,5,0.6
43899.84102549055,-42.41410791917019,-171.0631651968332,5,0.6
44205.18856722535,-42.53515654883252,-171.12564758123352,5,0.6
44512.659969071385,-42.65619593717308,-171.18770051895956,5,0.6
44822.27000364397,-42.77722642223226,-171.24932240051766,5,0.6
45134.033546310086,-42.89824824874308,-171.3105132957861,5,0.6
45447.96557590307,-43.01926277320003,-171.3712052548823,5,0.6
45764.081175442305,-43.1402678162312,-171.4315385357856,5,0.6
46082.39553285784,-43.26126470186821,-171.49144575211838,5,0.6
46402.92394172015,-43.38225579264141,-171.55079407982953,5,0.6
46725.681801974904,-43.503237820066786,-171.60979033018086,5,0.6
47050.68462068286,-43.624210949029134,-171.66843579163444,5,0.6
47377.94801276491,-43.74517747700338,-171.72659941857478,5,0.6
47707.487701752325,-43.866136414389125,-171.78435118175986,5,0.6
48039.319520542165,-43.98708682861533,-171.84175924963023,5,0.6
48373.45941215801,-44.108029892906416,-171.89876029748464,5,0.6
48709.923430515926,-44.228967730907854,-171.9552284174369,5,0.6
49048.72774119583,-44.34989637064443,-172.0114250303701,5,0.6
49389.888622218095,-44.470819926578756,-172.0670962950393,5,0.6
49733.4224648257,-44.59173453584063,-172.1225000610466,5,0.6
50000.0,-44.68498282383451,-172.1650240322477,5,0.6
10.0,-8.722908596885226,-0.42871002943412445,6,0.7
10.069555500567189,-8.723189103449192,-0.43105047256549694,6,0.7
10.139594797900294,-8.72345752672543,-0.4333940729623509,6,0.7
10.210121257071936,-8.723746092290394,-0.43574417368507573,6,0.7
10.281138266560667,-8.724029041935296,-0.4380978220016938,6,0.7
10.352649238413779,-8.724319272985467,-0.4404562750430398,6,0.7
10.424657608411218,-8.724603914045366,-0.4428179422844391,6,0.7
10.497166836230678,-8.724895862053774,-0.4451840961726223,6,0.7
10.57018040561381,-8.725195129685224,-0.4475545840200164,6,0.7
10.643701824533608,-8.725501729898838,-0.4499292501710198,6,0.7
10.71773462536294,-8.725796352546487,-0.45230570282613664,6,0.7
10.792282365044281,-8.726111216905569,-0.454687479464428,6,0.7
10.867348625260592,-8.72642057284675,-0.45707142613253615,6,0.7
10.942937012607405,-8.726724435364726,-0.4594573401785516,6,0.7
11.019051158766118,-8.727055020481309,-0.46184885315131613,6,0.7
11.095694720678463,-8.72736082089573,-0.46423965610142953,6,0.7
11.172871380722214,-8.727680492585865,-0.46663415924677715,6,0.7
11.250584846888108,-8.728020489101441,-0.469032985388793,6,0.7
11.328838852958,-8.72833574888946,-0.4714304465818654,6,0.7
11.407637158684253,-8.728671363807134,-0.4738318483040016,6,0.7
11.486983549970367,-8.729008031390572,-0.47623462597024163,6,0.7
11.566881839052892,-8.729345767912077,-0.4786385680633846,6,0.7
11.647335864684578,-8.729684589901382,-0.48104345972748613,6,0.7
11.728349492318808,-8.730037390364508,-0.4834507281812887,6,0.7
11.809926614295325,-8.73037843346152,-0.4858568738727775,6,0.7
11.892071150027233,-8.730739926174692,-0.48826581133848385,6,0.7
11.97478704618931,-8.731096134212144,-0.4906740027422875,6,0.7
12.05807827690763,-8.731447076274177,-0.49308119741669015,6,0.7
12.141948843950495,-8.731824955680095,-0.4954914173105513,6,0.7
12.226402776920713,-8.73218473145926,-0.4978984711866709,6,0.7
12.31144413344919,-8.732552170114054,-0.5003055326101012,6,0.7
12.397076999389895,-8.732920853888471,-0.502711502267237,6,0.7
12.48330548901615,-8.733303673664073,-0.5051178975290408,6,0.7
12.570133745218314,-8.733687776399767,-0.5075227309054198,6,0.7
12.657565939702833,-8.73407318203735,-0.5099257490687963,6,0.7
12.745606273192656,-8.734459910833289,-0.5123266955309488,6,0.7
12.834258975629076,-8.73485441816563,-0.5147262210401486,6,0.7
12.923528306374958,-8.735243855156286,-0.5171222492918308,6,0.7
13.013418554419374,-8.735647546441568,-0.5195172672906695,6,0.7
13.10393403858367,-8.736046210082744,-0.5219082537752786,6,0.7
13.195079107728983,-8.736452736220109,-0.5242967940472225,6,0.7
13.286858140965156,-8.736860712838478,-0.526681688919189,6,0.7
13.379275547861162,-8.737270162531507,-0.5290626610473036,6,0.7
13.472335768656947,-8.737687541203268,-0.5314403920897288,6,0.7
13.566043274476765,-8.738112871120043,-0.5338146218615959,6,0.7
13.660402567544,-8.738533310615056,-0.5361831333967202,6,0.7
13.755418181397484,-8.738968180570016,-0.5385485701113506,6,0.7
13.851094681109295,-8.73940464025181,-0.5409087023498922,6,0.7
13.947436663504105,-8.739829851768222,-0.5432612354940615,6,0.7
14.044448757380025,-8.740275997381355,-0.5456108691362727,6,0.7
14.142135623731003,-8.7407238076814,-0.547954326813502,6,0.7
14.240501955970773,-8.741160447681809,-0.550289258391469,6,0.7
14.33955248015833,-8.741605236129894,-0.5526184107643469,6,0.7
14.439291955225018,-8.742071058744537,-0.5549435854815858,6,0.7
14.539725173203164,-8.74252579196719,-0.5572593020431408,6,0.7
14.640856959456315,-8.742988753124976,-0.5595683747273147,6,0.7
14.742692172911074,-8.74345996933363,-0.5618705172654588,6,0.7
14.845235706290554,-8.743920182428282,-0.5641622168769901,6,0.7
14.94849248634945,-8.744395136206366,-0.5664474410983309,6,0.7
15.05246747411074,-8.744872002305588,-0.5687237400655838,6,0.7
15.15716566510405,-8.745357238195158,-0.5709918961566504,6,0.7
15.26259208960566,-8.745825164002756,-0.5732471756878518,6,0.7
15.368751812880195,-8.746327229311676,-0.5754981278039916,6,0.7
15.475649935423972,-8.746818473758191,-0.577736668402656,6,0.7
15.58329159321007,-8.747318210051887,-0.579965829956405,6,0.7
15.69168195793509,-8.747813617494556,-0.5821830218020925,6,0.7
15.800826237267621,-8.748324006728808,-0.5843913559395455,6,0.7
15.910729675098453,-8.748823707681073,-0.5865859011515765,6,0.7
16.02139755179252,-8.749332030976838,-0.5887697952692692,6,0.7
16.13283518444261,-8.749855434470874,-0.5909439209306175,6,0.7
16.245047927124794,-8.750355405354872,-0.5931008452276001,6,0.7
16.358041171155712,-8.750889797991746,-0.5952509494510453,6,0.7
16.471820345351553,-8.751407254848377,-0.5973843456252265,6,0.7
16.586390916288924,-8.751939931330961,-0.599506727872317,6,0.7
16.70175838856748,-8.752475016455435,-0.6016153588257799,6,0.7
16.817928305074386,-8.753006125380367,-0.6037086644932496,6,0.7
16.93490624725064,-8.7535397193947,-0.6057875361190898,6,0.7
17.052697835359233,-8.754088680324802,-0.607854168576066,6,0.7
17.17130872875518,-8.754633781310188,-0.6099044726302316,6,0.7
17.290744626157405,-8.75517506326375,-0.6119380871403732,6,0.7
17.411011265922586,-8.755744670646799,-0.6139611224720946,6,0.7
17.53211442632081,-8.756291278252094,-0.6159629375915862,6,0.7
17.654059925813208,-8.756847031372196,-0.6179496550307062,6,0.7
17.776853623331515,-8.757424810073168,-0.6199236327009648,6,0.7
17.900501418559564,-8.757992558379824,-0.621877956742976,6,0.7
18.02500925221672,-8.758556740866585,-0.623813586112159,6,0.7
18.150383106343334,-8.759136657750666,-0.625734242961986,6,0.7
18.27662900458813,-8.75971309771072,-0.6276355619357286,6,0.7
18.403753012497624,-8.760298942458194,-0.6295199540326883,6,0.7
18.53176123780754,-8.760881402895821,-0.631384350281415,6,0.7
18.660659830736275,-8.761460526865193,-0.633228401841638,6,0.7
18.790454984280366,-8.762055612152794,-0.6350560100000976,6,0.7
18.921152934512047,-8.762653872629931,-0.6368640790083052,6,0.7
19.05275996087888,-8.76325535732674,-0.6386523019649437,6,0.7
19.18528238650542,-8.763853700918942,-0.640418923341381,6,0.7
19.31872657849705,-8.764455369493678,-0.6421650696228501,6,0.7
19.453098948245852,-8.765066828525551,-0.6438919182322822,6,0.7
19.588405951738682,-8.765668887201759,-0.6455947476876568,6,0.7
19.72465408986733,-8.766280840736414,-0.6472776934797794,6,0.7
19.861849908740865,-8.766909154479116,-0.648942017543266,6,0.7
20.00000000000015,-8.767521816899617,-0.6505798862872756,6,0.7
20.13911100113453,-8.76813812333098,-0.6521955201147598,6,0.7
20.279189595800737,-8.768764541373455,-0.6537901938681024,6,0.7
20.42024251414402,-8.76938830343147,-0.6553605484072159,6,0.7
20.56227653312149,-8.770015879226744,-0.6569078548752305,6,0.7
20.70529847682771,-8.77066014773897,-0.6584350302940537,6,0.7
20.849315216822593,-8.771289115259348,-0.6599338842777951,6,0.7
20.994333672461515,-8.771928483847573,-0.6614105096411852,6,0.7
21.14036081122778,-8.77257190389115,-0.6628630707803665,6,0.7
21.28740364906737,-8.77320661921065,-0.6642880412218009,6,0.7
21.43546925072604,-8.77386473673673,-0.6656933867683977,6,0.7
21.584564730088722,-8.774501460334118,-0.6670673092326751,6,0.7
21.734697250521346,-8.775161711832746,-0.6684212089269523,6,0.7
21.885874025214974,-8.775813517332304,-0.669746502754742,6,0.7
22.038102317532406,-8.776463351898002,-0.6710446079324472,6,0.7
22.191389441357092,-8.77712409629953,-0.6723187306713712,6,0.7
22.345742761444598,-8.777789411295355,-0.6735669750104719,6,0.7
22.501169693776383,-8.778446555089921,-0.6747856389079931,6,0.7
22.657677705916175,-8.779108409971464,-0.6759779915592046,6,0.7
22.815274317368676,-8.77978145090609,-0.6771456411114011,6,0.7
22.973967099940907,-8.780440132740816,-0.6782812626870389,6,0.7
23.13376367810596,-8.781129356463763,-0.6793972649349775,6,0.7
23.29467172936933,-8.781791563285879,-0.680477203042434,6,0.7
23.456698984637793,-8.782465250028379,-0.6815317754675886,6,0.7
23.619853228590827,-8.783137687038995,-0.6825571675781977,6,0.7
23.784142300054643,-8.783828157367886,-0.6835588319091258,6,0.7
23.949574092378796,-8.784491927721426,-0.6845234950687203,6,0.7
24.11615655381544,-8.785167488409652,-0.6854622550145105,6,0.7
24.28389768790117,-8.785861318344153,-0.6863769776434505,6,0.7
24.452805553841607,-8.786541496684489,-0.6872579625791495,6,0.7
24.622888266898567,-8.787233707313158,-0.6881128022579412,6,0.7
24.794153998779972,-8.787912436219562,-0.688933576519951,6,0.7
24.966610978032485,-8.788603366157028,-0.6897280246443387,6,0.7
25.140267490436816,-8.789280988922405,-0.6904881128447725,6,0.7
25.315131879405854,-8.789983781127773,-0.6912257752076028,6,0.7
25.4912125463855,-8.790673443594738,-0.6919288851498657,6,0.7
25.668517951258348,-8.791369259454461,-0.6926034282404036,6,0.7
25.847056612750112,-8.792052130468965,-0.6932431613576673,6,0.7
26.026837108838944,-8.792747735181104,-0.6938562813703576,6,0.7
26.20786807716754,-8.793449769572678,-0.6944407296718104,6,0.7
26.390158215458165,-8.794145537751167,-0.6949922621707709,6,0.7
26.573716281930512,-8.794841532181163,-0.6955129352452285,6,0.7
26.758551095722524,-8.795537850543653,-0.6960027239888779,6,0.7
26.944671537314093,-8.79623459188333,-0.6964616134302335,6,0.7
27.13208654895373,-8.796938249447413,-0.6968917969580437,6,0.7
27.320805135088207,-8.797623353470406,-0.6972844681525349,6,0.7
27.510836362795175,-8.798328363495218,-0.6976528874896866,6,0.7
27.7021893622188,-8.799027813124027,-0.6979882323645945,6,0.7
27.89487332700842,-8.799728200437935,-0.6982927556891552,6,0.7
28.088897514760255,-8.800416851157282,-0.6985619206894922,6,0.7
28.284271247462218,-8.801125827604839,-0.6988072242310099,6,0.7
28.48100391194176,-8.801823286372843,-0.6990172561335065,6,0.7
28.679104960316874,-8.802522120047394,-0.6991966781216354,6,0.7
28.878583910450253,-8.803216052301249,-0.699343209994759,6,0.7
29.079450346406546,-8.803917975378576,-0.6994616704257061,6,0.7
29.28171391891285,-8.804608839324574,-0.6995450027274319,6,0.7
29.485384345822368,-8.805314314092591,-0.6996029244235038,6,0.7
29.690471412581335,-8.806015354041763,-0.699628341080044,6,0.7
29.896984972699123,-8.806712080446697,-0.6996213354965146,6,0.7
30.104934948221704,-8.807411002258002,-0.6995844909475384,6,0.7
30.314331330208326,-8.808099471006969,-0.6995129507855499,6,0.7
30.52518417921155,-8.808803154971228,-0.6994168940121012,6,0.7
30.73750362576062,-8.809503023082918,-0.6992889749684049,6,0.7
30.951299870848175,-8.810186435642239,-0.6991241807161594,6,0.7
31.16658318642038,-8.81089182944896,-0.6989381026506744,6,0.7
31.38336391587042,-8.811568263624,-0.6987102170924627,6,0.7
31.60165247453548,-8.812254175534118,-0.6984562646217577,6,0.7
31.82145935019715,-8.812956080640813,-0.6981792136635641,6,0.7
32.04279510358529,-8.813654965720637,-0.6978714015174218,6,0.7
32.26567036888546,-8.81434458800358,-0.6975303224149475,6,0.7
32.49009585424984,-8.815025089437452,-0.6971561189571462,6,0.7
32.716082342311665,-8.815715756119111,-0.6967571939156257,6,0.7
32.94364069070335,-8.816391208116858,-0.6963228215358669,6,0.7
33.172781832578096,-8.817064353604243,-0.6958586973035187,6,0.7
33.40351677713521,-8.817748099359271,-0.6953707100899025,6,0.7
33.63585661014903,-8.81843621317046,-0.6948564183472012,6,0.7
33.86981249450153,-8.819109709126472,-0.6943075672859351,6,0.7
34.10539567071872,-8.81978149939798,-0.6937300775829828,6,0.7
34.34261745751061,-8.820458116898513,-0.6931271555100468,6,0.7
34.58148925231507,-8.821120585006291,-0.6924903639410218,6,0.7
34.822022531845434,-8.821800949908083,-0.6918346802432206,6,0.7
35.064228852641875,-8.822473862509687,-0.6911487030140562,6,0.7
35.30811985162668,-8.823120358641436,-0.6904236618678921,6,0.7
35.55370724666329,-8.823797988986755,-0.689686923908174,6,0.7
35.80100283711939,-8.824462287269268,-0.6889177938615382,6,0.7
36.05001850443371,-8.82510705000914,-0.6881134016885857,6,0.7
36.30076621268694,-8.825777072615237,-0.687295671202632,6,0.7
36.55325800917653,-8.826421530930467,-0.686440201430278,6,0.7
36.80750602499552,-8.827072473050308,-0.6855628910576553,6,0.7
37.06352247561536,-8.827717328260633,-0.6846578462698731,6,0.7
37.32131966147283,-8.828369022865392,-0.683731832335719,6,0.7
37.58090996856101,-8.829008619673585,-0.6827756317184509,6,0.7
37.84230586902438,-8.829661792986345,-0.6818025887934687,6,0.7
38.105519921758045,-8.830296868008595,-0.6807968402031846,6,0.7
38.37056477301113,-8.830926779052852,-0.6797652408350322,6,0.7
38.63745315699439,-8.831564459185069,-0.6787148687995251,6,0.7
38.906197896491996,-8.832190988766747,-0.6776361550005221,6,0.7
39.176811903477656,-8.832812935027853,-0.6765328212151813,6,0.7
39.449308179734956,-8.833443236062617,-0.6754121375716761,6,0.7
39.72369981748203,-8.834056613171475,-0.6742608586624531,6,0.7
40.000000000000604,-8.8346851165054,-0.673096674871565,6,0.7
40.27822200226936,-8.835303474381956,-0.6719062201307111,6,0.7
40.55837919160177,-8.835905527860895,-0.6706863132585783,6,0.7
40.840485028288356,-8.83652332883053,-0.6694550947056301,6,0.7
41.124553066243294,-8.837125250124323,-0.6681952853667512,6,0.7
41.410596953655734,-8.837730610845977,-0.6669180724173311,6,0.7
41.6986304336455,-8.838326894778163,-0.6656167069325402,6,0.7
41.98866734492334,-8.838927056565224,-0.6642989672464329,6,0.7
42.28072162245588,-8.839512220831455,-0.6629542863696085,6,0.7
42.57480729813507,-8.84010807847676,-0.6615979846247726,6,0.7
42.8709385014524,-8.840689395039576,-0.6602156449173207,6,0.7
43.16912946017777,-8.841275499151692,-0.6588190360939333,6,0.7
43.46939450104301,-8.841860259534203,-0.6574049432351959,6,0.7
43.771748050430276,-8.842424820491997,-0.6559622978308626,6,0.7
44.07620463506514,-8.842994880866788,-0.6545069760861278,6,0.7
44.38277888271451,-8.843570682491398,-0.6530396294930735,6,0.7
44.69148552288952,-8.844133380198546,-0.6515490277017162,6,0.7
45.00233938755311,-8.84468958755829,-0.6500395528448982,6,0.7
45.315355411832684,-8.84524591976702,-0.6485157210957508,6,0.7
45.63054863473769,-8.845802631377925,-0.6469781250962966,6,0.7
45.947934199882155,-8.846347256011345,-0.6454191820041348,6,0.7
46.26752735621227,-8.84689914110549,-0.643851681466716,6,0.7
46.58934345873901,-8.847439465313585,-0.6422638673689585,6,0.7
46.913397969275934,-8.84797485838117,-0.6406603604373969,6,0.7
47.23970645718201,-8.848518312849531,-0.6390501453130292,6,0.7
47.56828460010965,-8.849044658796991,-0.6374169368927017,6,0.7
47.89914818475796,-8.849566895738072,-0.635769669167029,6,0.7
48.232313107631235,-8.85009166415735,-0.6341132281136825,6,0.7
48.5677953758027,-8.85061288713842,-0.6324439254482132,6,0.7
48.90561110768358,-8.851118133256671,-0.630753550295462,6,0.7
49.2457765337975,-8.851633130692212,-0.6290601963648543,6,0.7
49.58830799756032,-8.852145454183061,-0.6273557386685056,6,0.7
49.933221956065346,-8.852649042267789,-0.6256362812161496,6,0.7
50.280534980874016,-8.853131480129038,-0.623893260135442,6,0.7
50.630263758812085,-8.85363122215082,-0.6221543964725705,6,0.7
50.982425092771386,-8.854123142669378,-0.6204022152526742,6,0.7
51.33703590251707,-8.854613911394253,-0.618641888562648,6,0.7
51.69411322550061,-8.855091128688663,-0.6168647050491405,6,0.7
52.05367421767828,-8.855561471536978,-0.6150758162976062,6,0.7
52.41573615433548,-8.856037976227867,-0.6132852810467904,6,0.7
52.78031643091672,-8.856514611638332,-0.6114890941665785,6,0.7
53.14743256386143,-8.856972638623432,-0.6096734573355679,6,0.7
53.517102191445446,-8.857437816804538,-0.6078581854709747,6,0.7
53.8893430746286,-8.857897771210151,-0.6060342882490807,6,0.7
54.264173097907864,-8.858340132575899,-0.6041924813999549,6,0.7
54.64161027017682,-8.858790669313498,-0.602353060995794,6,0.7
55.02167272559077,-8.859249729758327,-0.6005168750402264,6,0.7
55.40437872443802,-8.859685891859371,-0.5986594957824076,6,0.7
55.78974665401725,-8.860118579068399,-0.5967964983477546,6,0.7
56.17779502952094,-8.86054815316884,-0.5949285281820703,6,0.7
56.56854249492486,-8.860981334227095,-0.5930614173947669,6,0.7
56.962007823883944,-8.86139942938386,-0.5911803028630865,6,0.7
57.358209920634174,-8.86181552149001,-0.5892961338344062,6,0.7
57.75716782090094,-8.862229989000486,-0.5874095973366424,6,0.7
58.158900692813525,-8.862649567769612,-0.5855267302358421,6,0.7
58.56342783782614,-8.863055584209812,-0.5836322267384404,6,0.7
58.97076869164518,-8.86344207715745,-0.5817211391169499,6,0.7
59.38094282516311,-8.863847561813,-0.5798266024905786,6,0.7
59.79396994539869,-8.864234319424881,-0.5779167076360783,6,0.7
60.209869896443855,-8.864628166374974,-0.576014021342344,6,0.7
60.628662660417106,-8.865016806112612,-0.5741082598818263,6,0.7
61.05036835842356,-8.865387947600942,-0.5721888112957629,6,0.7
61.4750072515217,-8.865780123269955,-0.5702901396903705,6,0.7
61.90259974169682,-8.86614928980682,-0.5683734056327718,6,0.7
62.33316637284123,-8.86650222790147,-0.5664446712184836,6,0.7
62.766727831741306,-8.866871129407034,-0.564533413200619,6,0.7
63.20330494907143,-8.867231023309346,-0.5626173377671388,6,0.7
63.642918700394766,-8.86759505457841,-0.5607088354662191,6,0.7
64.08559020717105,-8.867931912253882,-0.558779077125481,6,0.7
64.5313407377714,-8.868292858905004,-0.5568761751719269,6,0.7
64.98019170850016,-8.868621188681718,-0.5549471544066645,6,0.7
65.43216468462381,-8.868955470457541,-0.553028587468138,6,0.7
65.8872813814072,-8.869302520356019,-0.5511275391151483,6,0.7
66.34556366515669,-8.869631054341514,-0.549214250435405,6,0.7
66.80703355427093,-8.869947899487743,-0.5472953548636157,6,0.7
67.27171322029855,-8.870272589120052,-0.5453902164195497,6,0.7
67.73962498900357,-8.870586556811018,-0.5434809059644179,6,0.7
68.21079134143795,-8.870902994778016,-0.5415807435399198,6,0.7
68.68523491502174,-8.871222398756855,-0.5396906313573396,6,0.7
69.16297850463066,-8.871513518265932,-0.5377792049037751,6,0.7
69.6440450636914,-8.87182131227405,-0.5358922145510897,6,0.7
70.12845770528428,-8.872114540725281,-0.5339981355344897,6,0.7
70.61623970325388,-8.872412771281004,-0.5321173143164645,6,0.7
71.10741449332713,-8.87270382544074,-0.5302374386223412,6,0.7
71.60200567423932,-8.872975530701032,-0.5283458169064584,6,0.7
72.10003700886796,-8.873266520019373,-0.5264834097803874,6,0.7
72.60153242537443,-8.873539231357785,-0.5246107451819914,6,0.7
73.10651601835362,-8.873813257925441,-0.5227488608611233,6,0.7
73.61501204999159,-8.874076448843956,-0.5208848873331077,6,0.7
74.12704495123128,-8.874342058005837,-0.5190334022673903,6,0.7
74.64263932294622,-8.87459159545664,-0.5171743593187952,6,0.7
75.16181993712259,-8.874844675728509,-0.5153294923392269,6,0.7
75.68461173804933,-8.875101869491672,-0.5134998350365867,6,0.7
76.21103984351666,-8.87533835344366,-0.511657763694978,6,0.7
76.74112954602285,-8.87558645817231,-0.5098398394678239,6,0.7
77.27490631398935,-8.875821371608346,-0.5080182171511499,6,0.7
77.81239579298456,-8.87606273560443,-0.5062155376098096,6,0.7
78.3536238069559,-8.876292098986083,-0.5044107964550392,6,0.7
78.8986163594705,-8.876522765218168,-0.5026195664984838,6,0.7
79.44739963496465,-8.876755343478298,-0.5008428907935424,6,0.7
80.00000000000179,-8.876965049370117,-0.49905162706685485,6,0.7
80.55644400453932,-8.877184252570672,-0.497284244993023,6,0.7
81.11675838320417,-8.877381829750831,-0.49550370677952127,6,0.7
81.68097005657731,-8.877583812236425,-0.49374137104123594,6,0.7
82.24910613248719,-8.877784487467908,-0.491990633950645,6,0.7
82.8211939073121,-8.877997198711506,-0.4902682036685897,6,0.7
83.39726086729164,-8.878190844060173,-0.48853601275638164,6,0.7
83.97733468984731,-8.878378777870127,-0.48681053671273133,6,0.7
84.56144324491237,-8.878568010027646,-0.48510073185773833,6,0.7
85.14961459627077,-8.878759206317937,-0.48340774768624545,6,0.7
85.74187700290544,-8.878933986396524,-0.4817083706497486,6,0.7
86.33825892035618,-8.879099377136697,-0.48001146535440065,6,0.7
86.93878900208668,-8.879287813709988,-0.4783591716503045,6,0.7
87.54349610086122,-8.879449179090663,-0.4766868084859107,6,0.7
88.15240927013093,-8.879615919832766,-0.47503663926237766,6,0.7
88.7655577654297,-8.879763331428984,-0.473376262376614,6,0.7
89.38297104577971,-8.879917521815466,-0.4717403007746118,6,0.7
90.00467877510688,-8.880072850394244,-0.4701216028886914,6,0.7
90.63071082366605,-8.880223681357386,-0.4685128031468456,6,0.7
91.26109726947607,-8.88036438426664,-0.4669063184444145,6,0.7
91.895868399765,-8.88050838805454,-0.46532059507777335,6,0.7
92.53505471242522,-8.880650073331443,-0.4637481820364,6,0.7
93.17868691747873,-8.88077747339638,-0.4621725293234565,6,0.7
93.82679593855258,-8.880910386052566,-0.46062132232278324,6,0.7
94.47941291436473,-8.881036855343963,-0.45907801724796715,6,0.7
95.13656920022001,-8.881151281440337,-0.45753465891130096,6,0.7
95.79829636951663,-8.881273479574878,-0.45601962905768656,6,0.7
96.4646262152632,-8.88138515588045,-0.4545068948658641,6,0.7
97.13559075160614,-8.881493431011608,-0.4530067621324686,6,0.7
97.81122221536789,-8.881605431566324,-0.4515298431492579,6,0.7
98.49155306759573,-8.881709230056744,-0.4500588275974093,6,0.7
99.17661599512138,-8.881799255931968,-0.44858537912475843,6,0.7
99.86644391213144,-8.881901711377441,-0.4471486690088339,6,0.7
100.56106996174877,-8.881991975378485,-0.4457120675090059,6,0.7
101.26052751762494,-8.882077198844584,-0.4442863164802902,6,0.7
101.96485018554354,-8.882164538667501,-0.4428824772290593,6,0.7
102.67407180503491,-8.882235738512115,-0.441472615539331,6,0.7
103.388226451002,-8.882310673148321,-0.4400873944449026,6,0.7
104.10734843535732,-8.882383804243267,-0.4387184829778357,6,0.7
104.83147230867174,-8.882449596994205,-0.4373573070403073,6,0.7
105.56063286183424,-8.88252158659529,-0.43602540196018785,6,0.7
106.29486512772365,-8.88257517940811,-0.4346837790487723,6,0.7
107.03420438289172,-8.882649343354235,-0.43339497750088574,6,0.7
107.778686149258,-8.882700422849831,-0.4320889334352627,6,0.7
108.52834619581655,-8.882741969267695,-0.43078728101621977,6,0.7
109.28322054035448,-8.882793897143982,-0.42952278455051834,6,0.7
110.04334545118235,-8.882818911975537,-0.42823406255870144,6,0.7
110.80875744887686,-8.882862365260825,-0.42699631240157454,6,0.7
111.57949330803534,-8.882899682894983,-0.4257690008902904,6,0.7
112.35559005904271,-8.882925363798515,-0.42454280582540216,6,0.7
113.13708498985058,-8.882946626288494,-0.4233298899211964,6,0.7
113.92401564776874,-8.882977051828961,-0.4221537275444242,6,0.7
114.71641984126921,-8.882998431048744,-0.4209833080101552,6,0.7
115.51433564180275,-8.883011632007689,-0.4198200581191394,6,0.7
116.31780138562794,-8.883017525707391,-0.4186654502632089,6,0.7
117.12685567565316,-8.88303606683422,-0.4175548230120517,6,0.7
117.94153738329126,-8.88302996899987,-0.4164223464468401,6,0.7
118.76188565032712,-8.883025551482161,-0.41531464805873997,6,0.7
119.58793989079828,-8.883023695141938,-0.4142336366528971,6,0.7
120.41973979288862,-8.883006196289633,-0.4131464693171504,6,0.7
121.25732532083512,-8.882999385311766,-0.41210114846273105,6,0.7
122.10073671684803,-8.882991423365716,-0.4110764510647447,6,0.7
122.95001450304433,-8.882976832631583,-0.4100623886907656,6,0.7
123.80519948339456,-8.882950134563846,-0.40904868383410176,6,0.7
124.66633274568338,-8.882918578276373,-0.4080488127663466,6,0.7
125.53345566348355,-8.882889415041046,-0.4070766424986322,6,0.7
126.40660989814381,-8.882850802765482,-0.40610984524775723,6,0.7
127.28583740079048,-8.882816358533347,-0.40517458588072686,6,0.7
128.17118041434307,-8.882761506344641,-0.4042235439057413,6,0.7
129.0626814755438,-8.882718961375137,-0.40332018789950247,6,0.7
129.9603834170013,-8.882664144448304,-0.4024168555717503,6,0.7
130.86432936924862,-8.882617040410558,-0.4015529899476794,6,0.7
131.77456276281538,-8.882553062761119,-0.40068004698530474,6,0.7
132.69112733031437,-8.882492195588814,-0.39983783638002773,6,0.7
133.61406710854286,-8.882428950808405,-0.3990156546085986,6,0.7
134.5434264405981,-8.882357836679425,-0.398202481728784,6,0.7
135.47924997800817,-8.882273356788106,-0.39738697557304925,6,0.7
136.42158268287693,-8.88220186429966,-0.3966234292390451,6,0.7
137.3704698300445,-8.882112375993973,-0.3958481030020381,6,0.7
138.32595700926237,-8.882012125811062,-0.39507570853733764,6,0.7
139.28809012738384,-8.881921092208957,-0.3943483329423088,6,0.7
140.25691541056963,-8.881840137308473,-0.3936685391059399,6,0.7
141.23247940650882,-8.881731876093422,-0.3929569218705893,6,0.7
142.2148289866553,-8.881622649363491,-0.3922694692177923,6,0.7
143.20401134847972,-8.881506927403123,-0.3915944399015622,6,0.7
144.200074017737,-8.881404676179272,-0.3909756029464073,6,0.7
145.20306485074994,-8.881291228987195,-0.3903595127251775,6,0.7
146.2130320367083,-8.881154657136886,-0.3897195038682948,6,0.7
147.2300240999843,-8.88103404261621,-0.3891422646652118,6,0.7
148.25408990246365,-8.880904692694884,-0.38857327983156353,6,0.7
149.28527864589356,-8.880773792503684,-0.38802879748142516,6,0.7
150.32363987424628,-8.880616623323206,-0.38745265299987186,6,0.7
151.3692234760998,-8.880478634354759,-0.38694849696601846,6,0.7
152.42207968703445,-8.880335091907583,-0.3864603427664434,6,0.7
153.48225909204683,-8.880174006567042,-0.3859603447494522,6,0.7
154.54981262797986,-8.880008905322862,-0.38547980892344086,6,0.7
155.6247915859703,-8.879853312420817,-0.38505091784760614,6,0.7
156.70724761391295,-8.879682441711687,-0.3846155158645652,6,0.7
157.79723271894218,-8.879516181119568,-0.38422094930901346,6,0.7
158.8947992699305,-8.879336101576211,-0.38382336211328155,6,0.7
160.0000000000048,-8.879155687354181,-0.3834552735675495,6,0.7
161.11288800907985,-8.878962867321626,-0.38308753980694477,6,0.7
162.23351676640956,-8.878783883260148,-0.3827846692606131,6,0.7
163.36194011315587,-8.87857469409881,-0.3824384738121798,6,0.7
164.49821226497562,-8.878380686787679,-0.38216131758314026,6,0.7
165.6423878146254,-8.878170564490958,-0.3818756627241937,6,0.7
166.79452173458452,-8.877951351998936,-0.38159894368283753,6,0.7
167.9546693796959,-8.877730063308473,-0.3813490613240514,6,0.7
169.12288648982604,-8.877520095731276,-0.38116082295636877,6,0.7
170.29922919254284,-8.877283678683334,-0.38093757742847506,6,0.7
171.4837540058122,-8.877059754974804,-0.3807798925616817,6,0.7
172.6765178407137,-8.876816907874526,-0.38060651755454944,6,0.7
173.87757800417467,-8.876587663915013,-0.3805028864558722,6,0.7
175.08699220172375,-8.876327764786557,-0.3803525294888966,6,0.7
176.30481854026317,-8.876076106115963,-0.38025849520454713,6,0.7
177.53111553086072,-8.8758203816752,-0.38018859421700174,6,0.7
178.7659420915608,-8.87555466018968,-0.38012705255390294,6,0.7
180.00935755021513,-8.875285793395616,-0.38009261791987586,6,0.7
181.26142164733346,-8.875014213366937,-0.38008688321090817,6,0.7
182.52219453895353,-8.874727520991732,-0.3800759102619725,6,0.7
183.7917367995314,-8.874451726504933,-0.38013204907998543,6,0.7
185.07010942485184,-8.874142352730864,-0.38013152213663537,6,0.7
186.35737383495882,-8.87385100081333,-0.38021905174056614,6,0.7
187.65359187710658,-8.87354595638908,-0.3803059474642849,6,0.7
188.95882582873088,-8.87324674860389,-0.38044809004330454,6,0.7
190.27313840044144,-8.872921597803504,-0.3805546770298077,6,0.7
191.59659273903472,-8.872602812627296,-0.3807188213641037,6,0.7
192.92925243052787,-8.872277797313693,-0.3809046982284864,6,0.7
194.27118150321374,-8.87193392110125,-0.38107538748555503,6,0.7
195.62244443073726,-8.871597022179827,-0.3813071734333091,6,0.7
196.98310613519297,-8.871248001425219,-0.3815441111352201,6,0.7
198.35323199024427,-8.870893397919637,-0.38180587931771975,6,0.7
199.73288782426437,-8.870539728908142,-0.3821126354967382,6,0.7
201.12213992349908,-8.870174220315524,-0.3824262313607268,6,0.7
202.5210550352514,-8.869809755899432,-0.38278628984318624,6,0.7
203.9297003710886,-8.86942707346406,-0.383134098293274,6,0.7
205.3481436100714,-8.869038999690016,-0.3835092618989794,6,0.7
206.77645290200556,-8.868645485483327,-0.3839121108026286,6,0.7
208.21469687071618,-8.868240021426455,-0.3843225917844038,6,0.7
209.66294461734503,-8.867835355453566,-0.38478130882328754,6,0.7
211.12126572367004,-8.867424917069188,-0.38526816403400976,6,0.7
212.5897302554489,-8.867008532178888,-0.3857831139991114,6,0.7
214.06840876578502,-8.866579557918891,-0.3863051349969842,6,0.7
215.5573722985176,-8.866150625314212,-0.38687556987237753,6,0.7
217.05669239163473,-8.865702147904692,-0.38743097481503525,6,0.7
218.5664410807106,-8.865259572217571,-0.38805523374202916,6,0.7
220.08669090236637,-8.864796795949962,-0.3886627421707639,6,0.7
221.6175148977554,-8.864332764627372,-0.3893166972936685,6,0.7
223.15898661607235,-8.863873516997495,-0.39003842698973523,6,0.7
224.71118011808713,-8.863386376269741,-0.3907181849075884,6,0.7
226.27416997970286,-8.862896639751911,-0.39144171584641607,6,0.7
227.8480312955392,-8.86241024208236,-0.3922303710230318,6,0.7
229.43283968254013,-8.861900822714833,-0.39299401804585876,6,0.7
231.02867128360725,-8.861387138526526,-0.3937976878735231,6,0.7
232.63560277125762,-8.860868559933099,-0.39464000642724933,6,0.7
234.25371135130806,-8.860344418891842,-0.3955194255418223,6,0.7
235.88307476658426,-8.85980754800509,-0.3964111895764754,6,0.7
237.523771300656,-8.859263657657088,-0.39733608622535094,6,0.7
239.17587978159838,-8.858711962075548,-0.39829200267922527,6,0.7
240.83947958577906,-8.858151635396458,-0.3992766257229007,6,0.7
242.51465064167206,-8.857588279806633,-0.400311115797402,6,0.7
244.2014734336979,-8.856995112693546,-0.40129784796749135,6,0.7
245.9000290060905,-8.856416475160287,-0.4024004659559945,6,0.7
247.61039896679097,-8.855819029957644,-0.4034968848229659,6,0.7
249.33266549136863,-8.85521469327234,-0.40463188884229706,6,0.7
251.06691132696898,-8.854602398872961,-0.4058023316595686,6,0.7
252.81321979628953,-8.853974557236661,-0.4069801274823084,6,0.7
254.5716748015829,-8.853349461176364,-0.4082357256619176,6,0.7
256.3423608286881,-8.85269998835084,-0.40946609492317115,6,0.7
258.12536295108947,-8.852044352948813,-0.4107416813133378,6,0.7
259.9207668340045,-8.85137479260474,-0.4120331788057054,6,0.7
261.72865873849923,-8.850702970465532,-0.41338702118274945,6,0.7
263.54912552563275,-8.850021040340671,-0.4147735249828586,6,0.7
265.38225466063074,-8.849334098062297,-0.41621387373258123,6,0.7
267.2281342170877,-8.848627706290449,-0.4176513297482728,6,0.7
269.08685288119824,-8.847913373808316,-0.419132595727176,6,0.7
270.95849995601833,-8.84718307091034,-0.4206260749615348,6,0.7
272.8431653657559,-8.846454744262394,-0.42220579895200283,6,0.7
274.74093966009104,-8.845700756773674,-0.4237597099614179,6,0.7
276.6519140185268,-8.844945488295956,-0.42538879456618867,6,0.7
278.5761802547697,-8.844174224509752,-0.42703330605532336,6,0.7
280.51383082114137,-8.84339825866167,-0.4287413495842363,6,0.7
282.4649588130198,-8.842602778639979,-0.4304517392861204,6,0.7
284.42965797331277,-8.841799001847493,-0.4322126476558776,6,0.7
286.40802269696155,-8.840985071275485,-0.4340174232229722,6,0.7
288.40014803547615,-8.840159086859478,-0.43585905443414774,6,0.7
290.4061297015021,-8.839332170369227,-0.43778696559471175,6,0.7
292.42606407341884,-8.838482747376581,-0.4397087929411624,6,0.7
294.4600481999708,-8.837615318445359,-0.4416446060041834,6,0.7
296.50817980492957,-8.836734353759587,-0.4436148814141721,6,0.7
298.5705572917893,-8.835844293088561,-0.4456405095663512,6,0.7
300.64727974849484,-8.834956094557802,-0.44777221156679015,6,0.7
302.73844695220185,-8.834047945531614,-0.449913872999333,6,0.7
304.84415937407124,-8.833111062131128,-0.4520261503011347,6,0.7
306.964518184096,-8.832169392896994,-0.45421861012794185,6,0.7
309.09962525596205,-8.831227216050362,-0.4565130150856771,6,0.7
311.24958317194296,-8.830262526777004,-0.4588097405740119,6,0.7
313.4144952278283,-8.829272942508146,-0.46109820004698904,6,0.7
315.59446543788675,-8.828275753392619,-0.4634600158037369,6,0.7
317.7895985398634,-8.827275103277962,-0.46591675436090824,6,0.7
320.000000000012,-8.826248799849537,-0.4683651492770667,6,0.7
322.22577601816215,-8.825214059437466,-0.4708880985742705,6,0.7
324.4670335328215,-8.824174933715826,-0.4735071701636626,6,0.7
326.7238802263142,-8.823095918133687,-0.476052494164398,6,0.7
328.99642452995374,-8.822013917315228,-0.4787035337025874,6,0.7
331.2847756292533,-8.820926310796878,-0.4814500891149535,6,0.7
333.5890434691715,-8.819810641872692,-0.4841835446109029,6,0.7
335.90933875939425,-8.81868399881615,-0.4869894064620114,6,0.7
338.2457729796546,-8.817537049176869,-0.48982299404250573,6,0.7
340.5984583850881,-8.816386861084354,-0.4927716291900784,6,0.7
342.96750801162693,-8.815204202730095,-0.49568988618620213,6,0.7
345.3530356814299,-8.814012709997428,-0.4986986565950585,6,0.7
347.75515600835195,-8.812809554342408,-0.5017859063161285,6,0.7
350.1739844034501,-8.811591876803208,-0.5049391354092648,6,0.7
352.60963708052907,-8.810356788701338,-0.5081453728495267,6,0.7
355.0622310617241,-8.809101372169478,-0.5113911714824786,6,0.7
357.53188418312425,-8.807802753719464,-0.5145575517682168,6,0.7
360.0187151004329,-8.806524388204053,-0.5179805136028337,6,0.7
362.52284329466966,-8.805216809259434,-0.5214017565183158,6,0.7
365.0443890779098,-8.803883646056619,-0.5248416571602016,6,0.7
367.58347359906554,-8.802535181731143,-0.5283571007229381,6,0.7
370.14021884970646,-8.801175047117844,-0.531970235057774,6,0.7
372.7147476699204,-8.799800198846741,-0.5356672323855344,6,0.7
375.30718375421594,-8.798394220038299,-0.5393602575106511,6,0.7
377.9176516574646,-8.796980715562169,-0.5431811002995574,6,0.7
380.5462768008857,-8.795523179375245,-0.5469296303819682,6,0.7
383.1931854780723,-8.794065272482326,-0.5508505952008613,6,0.7
385.85850486105863,-8.792583821514803,-0.5548174935393625,6,0.7
388.5423630064304,-8.791089079085973,-0.5588905751784473,6,0.7
391.2448888614774,-8.789571203587931,-0.5630167236477899,6,0.7
393.96621227038884,-8.788033739698587,-0.5672185087489419,6,0.7
396.7064639804915,-8.786466803929667,-0.5714413529301167,6,0.7
399.4657756485318,-8.784880645333228,-0.5757465806938004,6,0.7
402.24427984700117,-8.783285544459462,-0.5801972335948227,6,0.7
405.04211007050577,-8.781651408190957,-0.584619904974246,6,0.7
407.85940074218024,-8.779995222224695,-0.5891161589210818,6,0.7
410.69628722014585,-8.77833403162199,-0.5937904378942086,6,0.7
413.55290580401413,-8.776637677592573,-0.5984663426926036,6,0.7
416.42939374143555,-8.774916447185023,-0.6032074651817586,6,0.7
419.3258892346932,-8.773173903498355,-0.608038116237286,6,0.7
422.24253144734325,-8.77141362833955,-0.6129833229318556,6,0.7
425.179460510901,-8.769646000189152,-0.6181105355648465,6,0.7
428.13681753157323,-8.767833959240761,-0.6231952833547589,6,0.7
431.11474459703845,-8.766001424595725,-0.6283872807899961,6,0.7
434.11338478327275,-8.764145229496371,-0.6336702606064414,6,0.7
437.13288216142445,-8.762255402103037,-0.6389846955788614,6,0.7
440.173381804736,-8.760349183974892,-0.6444421257373006,6,0.7
443.23502979551404,-8.75842344734274,-0.6500269089766905,6,0.7
446.31797323214806,-8.756454592889613,-0.6555917243612651,6,0.7
449.4223602361776,-8.754480421507179,-0.6613819103338757,6,0.7
452.5483399594091,-8.752477360917347,-0.6672503331996473,6,0.7
455.6960625910818,-8.750428602389047,-0.6730905092505672,6,0.7
458.8656793650838,-8.748372109557245,-0.6791531703920967,6,0.7
462.0573425672179,-8.746284282294141,-0.6852883086292393,6,0.7
465.2712055425187,-8.744155174186941,-0.6914330946080417,6,0.7
468.5074227026196,-8.742009196675792,-0.6977528901771053,6,0.7
471.76614953317204,-8.739843357026949,-0.7042327282290938,6,0.7
475.04754260131557,-8.737633996147844,-0.7107175346482038,6,0.7
478.3517595632003,-8.73541257087221,-0.7174234967222023,6,0.7
481.6789591715617,-8.733155443755772,-0.724194961879036,6,0.7
485.02930128334776,-8.73085964122916,-0.7310148348874986,6,0.7
488.40294686739946,-8.728542977124128,-0.7380095082766733,6,0.7
491.8000580121847,-8.72618871150147,-0.7450678174078282,6,0.7
495.2207979335857,-8.723807819701605,-0.7522700516046128,6,0.7
498.665330982741,-8.721397459236432,-0.759601086377242,6,0.7
502.1338226539417,-8.718954803572263,-0.7670455718470204,6,0.7
505.62643959258287,-8.716490981043808,-0.7746871884652183,6,0.7
509.14334960316967,-8.713975340208684,-0.782312344157672,6,0.7
512.68472165738,-8.7114469764691,-0.7902048941252348,6,0.7
516.2507259021829,-8.708875256861228,-0.7981501665652,6,0.7
519.841533668013,-8.706264450332801,-0.806182821234721,6,0.7
523.4573174770023,-8.703618882986229,-0.8143387537324341,6,0.7
527.0982510512695,-8.700956992990749,-0.8227586184753456,6,0.7
530.7645093212655,-8.698241069259073,-0.8311703960543043,6,0.7
534.4562684341794,-8.695517778597715,-0.8399243527767781,6,0.7
538.1737057624005,-8.692735302159333,-0.8486411001152829,6,0.7
541.9169999120409,-8.68992636074926,-0.8575693639958497,6,0.7
545.6863307315159,-8.687081441277341,-0.866643663969166,6,0.7
549.4818793201863,-8.684205189637206,-0.8759048628035137,6,0.7
553.3038280370578,-8.681281021936671,-0.8852322441130472,6,0.7
557.1523605095437,-8.678320733215987,-0.8947208548563695,6,0.7
561.027661642287,-8.675329110856012,-0.9044136229649663,6,0.7
564.9299176260438,-8.672289614771511,-0.9141885180589165,6,0.7
568.8593159466297,-8.669214218297409,-0.9241438756983232,6,0.7
572.8160453939274,-8.666115014188469,-0.9343811143844768,6,0.7
576.8002960709567,-8.662975545191197,-0.9447781599523792,6,0.7
580.8122594030085,-8.659764927732652,-0.9550956846279187,6,0.7
584.8521281468421,-8.656538419134694,-0.9657774451063699,6,0.7
588.920096399946,-8.653279649990921,-0.9767014398528782,6,0.7
593.0163596098636,-8.64995053081506,-0.9875677244847842,6,0.7
597.1411145835832,-8.646613968620393,-0.9988896622470329,6,0.7
601.2945594969942,-8.643217473675893,-1.010250071938786,6,0.7
605.4768939044083,-8.639795297355205,-1.0219342937910343,6,0.7
609.688318748147,-8.63630929041055,-1.0336369046346408,6,0.7
613.9290363681965,-8.63278661350918,-1.0455872155817196,6,0.7
618.1992505119288,-8.629225487299475,-1.0577783280922743,6,0.7
622.4991663438906,-8.625616854379762,-1.070142290520393,6,0.7
626.8289904556613,-8.62195895772959,-1.082671184158202,6,0.7
631.1889308757782,-8.618257410542983,-1.0954192591857979,6,0.7
635.5791970797316,-8.61451791508353,-1.1084426399965,6,0.7
640.0000000000289,-8.610731528548659,-1.1216735336959986,6,0.7
644.4515520363291,-8.606881899299786,-1.1349792149073894,6,0.7
648.9340670656479,-8.603004373861108,-1.1486701831260417,6,0.7
653.4477604526332,-8.599067914176846,-1.1624878041407187,6,0.7
657.9928490599125,-8.59508584363764,-1.1765546735008128,6,0.7
662.5695512585116,-8.59106419819304,-1.1909320459554977,6,0.7
667.178086938348,-8.586979267610905,-1.205420799369507,6,0.7
671.8186775187937,-8.582844567686323,-1.2201468868345184,6,0.7
676.4915459593144,-8.578681270559326,-1.2353067049026596,6,0.7
681.1969167701814,-8.574458209388542,-1.2506335148238996,6,0.7
685.935016023259,-8.57016656560839,-1.2660557836524398,6,0.7
690.7060713628651,-8.565835207273036,-1.2818400383070045,6,0.7
695.5103120167091,-8.561447939253295,-1.297850161394124,6,0.7
700.3479688069056,-8.557018780635964,-1.3142221101594533,6,0.7
705.2192741610634,-8.552523937426043,-1.3307490967820803,6,0.7
710.1244621234536,-8.548000362988512,-1.3477777725951599,6,0.7
715.0637683662537,-8.543401429887822,-1.364890945785843,6,0.7
720.0374302008713,-8.53874898106328,-1.382297636707789,6,0.7
725.0456865893448,-8.534034427340103,-1.3999277190217383,6,0.7
730.0887781558251,-8.52926452043818,-1.4178531137199746,6,0.7
735.1669471981365,-8.524453835124609,-1.4362204504901337,6,0.7
740.2804376994185,-8.519578481652129,-1.454816482654539,6,0.7
745.4294953398465,-8.514645372707788,-1.4737157353747798,6,0.7
750.6143675084376,-8.509645990641877,-1.4928473798933468,6,0.7
755.8353033149348,-8.504602941665677,-1.512436528195082,6,0.7
761.0925536017771,-8.499492231594608,-1.532265364623768,6,0.7
766.3863709561504,-8.494328825694975,-1.5524874844388472,6,0.7
771.717009722123,-8.489088607599536,-1.572881189446903,6,0.7
777.0847260128666,-8.483802389441218,-1.5937544487258297,6,0.7
782.4897777229608,-8.47845395952413,-1.6149618788396691,6,0.7
787.9324245407837,-8.473050736571846,-1.636587038027049,6,0.7
793.412927960989,-8.467576422138144,-1.6584816822266504,6,0.7
798.9315512970695,-8.46203848005939,-1.6807297218080401,6,0.7
804.4885596940084,-8.456444501167487,-1.7034177122736553,6,0.7
810.0842201410177,-8.450762111366114,-1.7262359002357095,6,0.7
815.7188014843666,-8.445039016508911,-1.7496696654448887,6,0.7
821.392574440298,-8.43923479406617,-1.7733281660672784,6,0.7
827.1058116080346,-8.43338140011826,-1.7975431934610697,6,0.7
832.8587874828772,-8.427462514928918,-1.822163745130497,6,0.7
838.6517784693928,-8.421469795242333,-1.847117397038297,6,0.7
844.4850628946929,-8.41540299818273,-1.872413133711156,6,0.7
850.3589210218082,-8.409270110844831,-1.8981442394418853,6,0.7
856.2736350631529,-8.403062810889699,-1.9242380532767591,6,0.7
862.2294891940834,-8.3967892058976,-1.950790053809821,6,0.7
868.226769566552,-8.39046582791757,-1.9779842107592966,6,0.7
874.2657643228554,-8.384034691249093,-2.005234119773934,6,0.7
880.3467636094787,-8.37756210905834,-2.0332389812924268,6,0.7
886.4700595910348,-8.370998216506834,-2.061494230297466,6,0.7
892.635946464303,-8.36438484111344,-2.09044945089262,6,0.7
898.844720472362,-8.357688601991288,-2.119769310987006,6,0.7
905.096679918825,-8.350917956039481,-2.1495554642559203,6,0.7
911.3921251821704,-8.34406453938325,-2.179732815024158,6,0.7
917.7313587301744,-8.337162492870759,-2.2106769385101717,6,0.7
924.1146851344428,-8.330152435692707,-2.241771331356816,6,0.7
930.5424110850445,-8.32308571039212,-2.273575664991595,6,0.7
937.0148454052463,-8.315928306665628,-2.305741064673198,6,0.7
943.5322990663512,-8.308714920049825,-2.3386537144057318,6,0.7
950.0950852026382,-8.301402664467092,-2.3718669905081295,6,0.7
956.7035191264079,-8.2940264703732,-2.4057714978828706,6,0.7
963.3579183431307,-8.286560583269724,-2.44010341022368,6,0.7
970.0586025667028,-8.279031593196159,-2.475166031527103,6,0.7
976.8058937348063,-8.271404782539003,-2.5105963209759237,6,0.7
983.6001160243768,-8.263715776630553,-2.546797885723373,6,0.7
990.4415958671789,-8.255929639159783,-2.5834034890635253,6,0.7
997.3306619654895,-8.248055551351365,-2.620527940373538,6,0.7
1004.267645307891,-8.240120822821677,-2.6584877307677353,6,0.7
1011.2528791851732,-8.2320991871693,-2.697009086423571,6,0.7
1018.2866992063468,-8.223982053047624,-2.736011628750555,6,0.7
1025.3694433147675,-8.215787977681778,-2.775716604729537,6,0.7
1032.5014518043733,-8.207517609190372,-2.816147549995533,6,0.7
1039.6830673360337,-8.199134940748003,-2.8569177697755794,6,0.7
1046.9146349540124,-8.190686272047426,-2.8985606202386522,6,0.7
1054.1965021025467,-8.182153972983201,-2.9408953704848044,6,0.7
1061.5290186425389,-8.173529414031753,-2.983841013048815,6,0.7
1068.9125368683667,-8.164822516250434,-3.027525512805007,6,0.7
1076.347411524809,-8.15600585783033,-3.071654858198259,6,0.7
1083.8339998240897,-8.147136418241725,-3.11689096155188,6,0.7
1091.37266146304,-8.138158548159605,-3.1626196563263442,6,0.7
1098.9637586403808,-8.129091743549,-3.2090785380580353,6,0.7
1106.607656074124,-8.119927186484889,-3.256183627071924,6,0.7
1114.3047210190957,-8.11069438937908,-3.3042892829898376,6,0.7
1122.0553232845823,-8.101336454024928,-3.3527610366321374,6,0.7
1129.859835252096,-8.091902255611936,-3.4021756757784996,6,0.7
1137.7186318932681,-8.082392847462138,-3.4525635521979017,6,0.7
1145.6320907878635,-8.072779867535727,-3.5036156906282283,6,0.7
1153.600592141922,-8.063063994999194,-3.5553566411606914,6,0.7
1161.6245188060257,-8.053255866900072,-3.607926503234347,6,0.7
1169.704256293693,-8.043366367106527,-3.6614692325850533,6,0.7
1177.840192799901,-8.033346443607208,-3.7154332579739884,6,0.7
1186.032719219736,-8.023277121344542,-3.770777402291531,6,0.7
1194.2822291671753,-8.013089089881698,-3.8267141427987994,6,0.7
1202.5891189939975,-8.002813510218589,-3.883623998208553,6,0.7
1210.9537878088256,-7.992410460918712,-3.941058835834269,6,0.7
1219.3766374963034,-7.981931971857907,-3.9996443802343715,6,0.7
1227.8580727364024,-7.97135865794645,-4.05917274948047,6,0.7
1236.3985010238666,-7.960691574884013,-4.119674834649001,6,0.7
1244.9983326877905,-7.949910826374763,-4.180935540799907,6,0.7
1253.657980911332,-7.939027739261251,-4.243106052128435,6,0.7
1262.377861751566,-7.928053926331293,-4.3063416571113775,6,0.7
1271.1583941594727,-7.916969236311622,-4.370423954467961,6,0.7
1280.0000000000673,-7.9057960513167576,-4.435635482052816,6,0.7
1288.9031040726677,-7.894524864098093,-4.501883338994518,6,0.7
1297.8681341313059,-7.8831241755342845,-4.568814428578557,6,0.7
1306.8955209052763,-7.8716493443,-4.637101807692475,6,0.7
1315.9856981198345,-7.860057930866483,-4.706263205421306,6,0.7
1325.1391025170333,-7.848384087076231,-4.776722056400887,6,0.7
1334.3561738767062,-7.836562364013312,-4.847722716653393,6,0.7
1343.6373550375972,-7.824671728879898,-4.920220050743436,6,0.7
1352.9830919186386,-7.812657479846066,-4.993585509720528,6,0.7
1362.393833540373,-7.8005659729271,-5.0683885852806405,6,0.7
1371.8700320465282,-7.788318704972019,-5.143717642155696,6,0.7
1381.4121427257405,-7.776008199956409,-5.220690633370136,6,0.7
1391.0206240334287,-7.763555196173009,-5.298386692056492,6,0.7
1400.6959376138216,-7.751018680912111,-5.37752636768035,6,0.7
1410.4385483221372,-7.738388593234231,-5.4580105210119045,6,0.7
1420.2489242469178,-7.725630870149377,-5.539454878638153,6,0.7
1430.1275367325184,-7.712770245674107,-5.622173699940295,6,0.7
1440.0748604017533,-7.699771991760286,-5.705775062566743,6,0.7
1450.0913731787002,-7.686697369058716,-5.791007322502112,6,0.7
1460.177556311661,-7.673523954536195,-5.877624840778426,6,0.7
1470.3338943962842,-7.660216376721003,-5.965228568526016,6,0.7
1480.560875398848,-7.6467754008363205,-6.053848884218454,6,0.7
1490.8589906797042,-7.633289214843833,-6.144553203006126,6,0.7
1501.2287350168863,-7.61960967773973,-6.235605641220558,6,0.7
1511.670606629881,-7.605888340249343,-6.328824622961243,6,0.7
1522.1851072035656,-7.59201320124785,-6.422904130101058,6,0.7
1532.772741912312,-7.578036121565777,-6.518480388076374,6,0.7
1543.4340194442575,-7.563958703016734,-6.615593867897591,6,0.7
1554.1694520257447,-7.549756457853784,-6.713976865291735,6,0.7
1564.9795554459333,-7.535430482369008,-6.813664726775454,6,0.7
1575.8648490815792,-7.520981914268514,-6.9146934194106064,6,0.7
1586.8258559219898,-7.506478886952693,-7.017888127667052,6,0.7
1597.863102594151,-7.491802765207791,-7.121873276236645,6,0.7
1608.9771193880288,-7.477035179978212,-7.22763310846051,6,0.7
1620.1684402820476,-7.462136962038777,-7.334729712351422,6,0.7
1631.4376029687455,-7.447109152865314,-7.44319893888285,6,0.7
1642.7851488806082,-7.432008653336272,-7.553730603794801,6,0.7
1654.2116232160815,-7.416753568937286,-7.665388667312575,6,0.7
1665.7175749657672,-7.401415336869308,-7.779032207870981,6,0.7
1677.303556938798,-7.38595333457855,-7.894209707044639,6,0.7
1688.9701257893985,-7.370354409988206,-8.010792342383734,6,0.7
1700.7178420436294,-7.354663226139686,-8.129323803118046,6,0.7
1712.5472701263188,-7.338808454602255,-8.249000019047706,6,0.7
1724.4589783881795,-7.322879334414746,-8.370880518751052,6,0.7
1736.453539133117,-7.306788781389563,-8.493981593457066,6,0.7
1748.531528645724,-7.290627720445758,-8.61937844255477,6,0.7
1760.6935272189705,-7.274307584148234,-8.746074366741102,6,0.7
1772.940119182083,-7.257890295632628,-8.874807743049987,6,0.7
1785.2718929286193,-7.241346974223546,-9.005271695994947,6,0.7
1797.6894409447373,-7.224663322708416,-9.137329051478815,6,0.7
1810.1933598376636,-7.207919371747122,-9.271918732910233,6,0.7
1822.7842503643546,-7.19099070560187,-9.407648258714332,6,0.7
1835.4627174603627,-7.1739415048407675,-9.545276633550984,6,0.7
1848.2293702688994,-7.15683843420268,-9.685583671652006,6,0.7
1861.0848221701028,-7.139570054652362,-9.827334043733632,6,0.7
1874.0296908105065,-7.1221698467575685,-9.970935023117345,6,0.7
1887.0645981327166,-7.104639116853018,-10.116429441946844,6,0.7
1900.190170405291,-7.0870130620493486,-10.264238811545958,6,0.7
1913.4070382528298,-7.06925994316539,-10.414034664438262,6,0.7
1926.715836686276,-7.0513639975855416,-10.56567046934065,6,0.7
1940.1172051334202,-7.033361129106109,-10.719573911200714,6,0.7
1953.611787469627,-7.015271103261079,-10.875989756532428,6,0.7
1967.2002320487684,-6.9969899361375685,-11.03379992667184,6,0.7
1980.8831917343723,-6.978625074062305,-11.194217981871814,6,0.7
1994.661323930994,-6.960124965774368,-11.356706118615053,6,0.7
2008.535290615797,-6.941527675917638,-11.521709233074711,6,0.7
2022.5057583703617,-6.92276156779438,-11.688478060660142,6,0.7
2036.573398412709,-6.903901952921067,-11.857861035397976,6,0.7
2050.7388866295505,-6.88489472304104,-12.029303314437135,6,0.7
2065.0029036087626,-6.865798371644193,-12.203464939178716,6,0.7
2079.366134672083,-6.846519013114501,-12.379371548612369,6,0.7
2093.8292699080407,-6.8271935919614,-12.558516311039531,6,0.7
2108.3930042051093,-6.8076879768270935,-12.739502506342225,6,0.7
2123.0580372850936,-6.788082230423427,-12.923212533869206,6,0.7
2137.82507373675,-6.76833857680238,-13.109279612717081,6,0.7
2152.6948230496346,-6.748478939817609,-13.29796707565443,6,0.7
2167.6679996481957,-6.7285262474150525,-13.489544820244427,6,0.7
2182.7453229260964,-6.708399783175833,-13.683207588798682,6,0.7
2197.927517280778,-6.688163366823552,-13.879652694446756,6,0.7
2213.2153121482643,-6.667840946289626,-14.079157111693403,6,0.7
2228.6094420382083,-6.64732753653345,-14.2806805021662,6,0.7
2244.1106465691814,-6.626710578703115,-14.485153672165065,6,0.7
2259.7196705042093,-6.605992921850513,-14.692637253436546,6,0.7
2275.4372637865536,-6.585177548263643,-14.903192877928149,6,0.7
2291.2641815757443,-6.564199417881991,-15.116203706982724,6,0.7
2307.2011842838615,-6.543082330362959,-15.331948192608282,6,0.7
2323.2490376120686,-6.521874533250206,-15.550941069932346,6,0.7
2339.4085125874035,-6.500508859665609,-15.772555353952137,6,0.7
2355.6803855998196,-6.4790579093184695,-15.997541694481717,6,0.7
2372.0654384394898,-6.457525470952003,-16.225967933801552,6,0.7
2388.5644583343683,-6.4358177576262445,-16.456961680433853,6,0.7
2405.178237988013,-6.413960004669873,-16.690812013436716,6,0.7
2421.9075756176694,-6.392053911639017,-16.928529905690333,6,0.7
2438.753274992625,-6.36997800365759,-17.168993159577212,6,0.7
2455.716145472823,-6.347810147195218,-17.41298113978553,6,0.7
2472.797002047752,-6.325528138345769,-17.66032117197885,6,0.7
2489.9966653755996,-6.303134981250268,-17.911080032606684,6,0.7
2507.3159618226828,-6.280607145051164,-18.1650799580721,6,0.7
2524.755723503151,-6.257973967325146,-18.422632826979612,6,0.7
2542.3167883189644,-6.2353211326555815,-18.684554972967774,6,0.7
2560.0000000001537,-6.212405747122334,-18.948679934191375,6,0.7
2577.806208145355,-6.189422011009542,-19.216815243403563,6,0.7
2595.736268262631,-6.166403559819413,-19.489292426838208,6,0.7
2613.7910418105726,-6.143241416340396,-19.765177332405386,6,0.7
2631.971396239689,-6.119996303005117,-20.045049707421363,6,0.7
2650.2782050340866,-6.096554285364394,-20.327957494980648,6,0.7
2668.7123477534324,-6.0730958675019275,-20.61551581407529,6,0.7
2687.274710075215,-6.049537209403057,-20.907032666404973,6,0.7
2705.9661838372976,-6.025851599711103,-21.20232362717569,6,0.7
2724.7876670807664,-6.00207348994724,-21.501726308610053,6,0.7
2743.740064093077,-5.978239260859944,-21.80558536629473,6,0.7
2762.824285451502,-5.954322933165862,-22.113720397475284,6,0.7
2782.0412480668783,-5.930297046139849,-22.425946739747882,6,0.7
2801.391875227664,-5.906165686016447,-22.742344349775486,6,0.7
2820.8770966442953,-5.8819331819471685,-23.062994621329636,6,0.7
2840.4978484938565,-5.857706236065853,-23.38879477258558,6,0.7
2860.2550734650586,-5.833390486271766,-23.719022677274236,6,0.7
2880.1497208035285,-5.808991146733882,-24.053763930340317,6,0.7
2900.1827463574223,-5.784549246556989,-24.393380943986458,6,0.7
2920.355112623344,-5.76003611217243,-24.73768936203263,6,0.7
2940.6677887925907,-5.735421369812719,-25.086501164767423,6,0.7
2961.121750797718,-5.7108211883022255,-25.44074127651,6,0.7
2981.717981359431,-5.686208034488846,-25.800229340888084,6,0.7
3002.4574700337953,-5.661476327722314,-26.16421852850685,6,0.7
3023.3412132597846,-5.636669142149218,-26.53307993018735,6,0.7
3044.3702144071544,-5.611950019808427,-26.908041869741748,6,0.7
3065.545483824648,-5.5870933519941826,-27.28750368830054,6,0.7
3086.868038888538,-5.5623051655955225,-27.672984369190797,6,0.7
3108.338904051513,-5.5375162855472375,-28.064017185086684,6,0.7
3129.9591108918903,-5.512736623044131,-28.460704018549503,6,0.7
3151.7296981631816,-5.487849677773481,-28.86228187164531,6,0.7
3173.651711844004,-5.463118333116683,-29.27058439435937,6,0.7
3195.726205188326,-5.438341865817772,-29.684272736593027,6,0.7
3217.954238776082,-5.413572649908374,-30.103739594584393,6,0.7
3240.3368805641194,-5.388956001867392,-30.529965913086556,6,0.7
3262.8752059375156,-5.3644179996908905,-30.96247900892266,6,0.7
3285.570297761241,-5.339787429750878,-31.40021496240107,6,0.7
3308.4232464321876,-5.3153053132733525,-31.844745296338946,6,0.7
3331.435149931559,-5.290893513512772,-32.29559374751269,6,0.7
3354.607113877621,-5.266614123364134,-32.75316469657607,6,0.7
3377.9402515788224,-5.242434548001223,-33.21727458953103,6,0.7
3401.4356840872842,-5.218519559066793,-33.6889202108211,6,0.7
3425.094540252663,-5.194587838339944,-34.16644144973054,6,0.7
3448.9179567763854,-5.170803376308416,-34.65083498416514,6,0.7
3472.9070782662598,-5.147235694531825,-35.142508276047145,6,0.7
3497.0630572914743,-5.123852273661951,-35.641277260957445,6,0.7
3521.387054437968,-5.100672073705102,-36.147253244708935,6,0.7
3545.880238364193,-5.077714901269963,-36.66054716686643,6,0.7
3570.543785857265,-5.054945971955296,-37.180974356494794,6,0.7
3595.378881889502,-5.032553249669966,-37.70952952206658,6,0.7
3620.3867196753545,-5.010278529740498,-38.24484790933304,6,0.7
3645.5685007287366,-4.988485635517608,-38.788802968477974,6,0.7
3670.9254349207527,-4.966912310068165,-39.34003083859828,6,0.7
3696.458740537827,-4.945758014169967,-39.89951582628815,6,0.7
3722.1696443402334,-4.9249304663493145,-40.466775456056354,6,0.7
3748.0593816210417,-4.904454394168748,-41.04191247665218,6,0.7
3774.129196265462,-4.884418010986322,-41.62531608935468,6,0.7
3800.3803408106105,-4.8647873992498365,-42.216793529247155,6,0.7
3826.8140765056887,-4.845719051591385,-42.81701119945931,6,0.7
3853.43167337258,-4.827051560742307,-43.42519998715497,6,0.7
3880.2344102668694,-4.8090769982128645,-44.04258137925154,6,0.7
3907.223574939284,-4.791566144681698,-44.66810243258366,6,0.7
3934.400464097566,-4.774548224329013,-45.3018489089793,6,0.7
3961.7663834687746,-4.758260924837238,-45.944729187959545,6,0.7
3989.322647862018,-4.7426742334051735,-46.5965258453896,6,0.7
4017.070581231624,-4.727684253168267,-47.2567544063767,6,0.7
4045.011516740754,-4.713468646021205,-47.92601560781012,6,0.7
4073.1467968254487,-4.699994804529095,-48.60408751043089,6,0.7
4101.477773259132,-4.687375360071419,-49.291275045784275,6,0.7
4130.005807217556,-4.675652888793335,-49.98760424838922,6,0.7
4158.732269344197,-4.6644906979090335,-50.69182261150177,6,0.7
4187.658539816113,-4.654611902305101,-51.40624502430349,6,0.7
4216.78600841025,-4.645449584347419,-52.12885492414058,6,0.7
4246.116074570219,-4.637433420149401,-52.86089810121423,6,0.7
4275.650147473531,-4.630373571950497,-53.60162693898459,6,0.7
4305.389646099301,-4.624312179171442,-54.35103430286162,6,0.7
4335.335999296423,-4.619456103380501,-55.10955789988449,6,0.7
4365.4906458522255,-4.615937718624704,-55.87736124814206,6,0.7
4395.8550345615895,-4.613642093204947,-56.653921996728634,6,0.7
4426.430624296562,-4.612362294618281,-57.43853613466918,6,0.7
4457.21888407645,-4.612652542535386,-58.232404448453366,6,0.7
4488.2212931383965,-4.6140494246741435,-59.03418116867776,6,0.7
4519.439341008452,-4.616768538983776,-59.844197028161076,6,0.7
4550.874527573141,-4.621121468912483,-60.662906070502714,6,0.7
4582.528363151522,-4.626983602659384,-61.48976957445375,6,0.7
4614.402368567757,-4.634493771557741,-62.32480437114822,6,0.7
4646.498075224173,-4.643247779083504,-63.166991229921734,6,0.7
4678.817025174842,-4.653926639554288,-64.01733643899749,6,0.7
4711.360771199674,-4.666122090591086,-64.8748192594453,6,0.7
4744.130876879015,-4.679876447606798,-65.73926793744593,6,0.7
4777.128916668773,-4.6957017838111925,-66.6111675072656,6,0.7
4810.356475976061,-4.713365413883225,-67.48981696394311,6,0.7
4843.815151235375,-4.732625123573319,-68.37459790874243,6,0.7
4877.506549985286,-4.75390199209699,-69.26574038180297,6,0.7
4911.432290945683,-4.77704610100175,-70.16272215436634,6,0.7
4945.594004095541,-4.802095607469886,-71.06525839965786,6,0.7
4979.9933307512365,-4.829282405674867,-71.97321330278217,6,0.7
5014.631923645403,-4.858349949168205,-72.88600270328256,6,0.7
5049.511447006339,-4.889526908087139,-73.80345455842661,6,0.7
5084.633576637967,-4.922944395652445,-74.72525545403876,6,0.7
5120.000000000346,-4.958236346698431,-75.65082521297754,6,0.7
5155.612416290749,-4.99582550936369,-76.57999529590974,6,0.7
5191.4725365253,-5.035538144851456,-77.51228945463608,6,0.7
5227.582083621183,-5.0772959133641695,-78.4473149096998,6,0.7
5263.942792479418,-5.121618042824196,-79.38472997773,6,0.7
5300.556410068212,-5.1678208530775915,-80.3240674037683,6,0.7
5337.424695506905,-5.216418562203749,-81.26493166514666,6,0.7
5374.54942015047,-5.2671214045419354,-82.20693795674214,6,0.7
5411.932367674636,-5.320037665816466,-83.14966953138928,6,0.7
5449.575334161574,-5.375372827018894,-84.09261827053037,6,0.7
5487.480128186196,-5.432828416710741,-85.03548311981609,6,0.7
5525.648570903045,-5.492603766858161,-85.97774399229051,6,0.7
5564.082496133798,-5.554495491479931,-86.91911362326005,6,0.7
5602.78375045537,-5.61889491391142,-87.85885771546694,6,0.7
5641.754193288633,-5.685295134643998,-88.79696942959303,6,0.7
5680.995696987757,-5.7538830475066325,-89.73288844554408,6,0.7
5720.51014693016,-5.824741820081569,-90.66609855231091,6,0.7
5760.2994416071,-5.897754795529799,-91.59630628132763,6,0.7
5800.365492714889,-5.972804540102866,-92.52326429697197,6,0.7
5840.710225246731,-6.050063014414965,-93.44633256709986,6,0.7
5881.335577585225,-6.129503321847479,-94.36511679743637,6,0.7
5922.243501595481,-6.210905424521368,-95.2795624572806,6,0.7
5963.435962718906,-6.294430827455292,-96.18900515471992,6,0.7
6004.914940067636,-6.379857846269468,-97.09344900251607,6,0.7
6046.682426519615,-6.467248155737418,-97.9924085903806,6,0.7
6088.740428814354,-6.556473965720508,-98.8857740439586,6,0.7
6131.090967649341,-6.647866916586347,-99.77244910863908,6,0.7
6173.736077777122,-6.740745910259234,-100.65358100034504,6,0.7
6216.6778081030725,-6.835800097179496,-101.5272213035651,6,0.7
6259.918221783827,-6.932532980115118,-102.39417334833018,6,0.7
6303.4593963264115,-7.030816948468667,-103.2544580437175,6,0.7
6347.303423688055,-7.130875706201303,-104.10716521079493,6,0.7
6391.4524103767,-7.232662491231281,-104.95206595003734,6,0.7
6435.9084775522115,-7.335959506243652,-105.7894595164822,6,0.7
6480.673761128287,-7.440724599640449,-106.619186222993,6,0.7
6525.750411875079,-7.546998438792069,-107.44083155609475,6,0.7
6571.140595522531,-7.654817386374786,-108.25397138044264,6,0.7
6616.846492864425,-7.763970362469794,-109.05901125617861,6,0.7
6662.870299863169,-7.874574556462806,-109.8552766543556,6,0.7
6709.214227755292,-7.986423091493222,-110.64322232075176,6,0.7
6755.880503157695,-8.099473482649751,-111.42276759604403,6,0.7
6802.871368174619,-8.213990686625175,-112.19265033968604,6,0.7
6850.189080505378,-8.329390037009109,-112.95487912873179,6,0.7
6897.835913552822,-8.44608763091029,-113.70760661299708,6,0.7
6945.814156532571,-8.56381228014797,-114.45169322868584,6,0.7
6994.126114583001,-8.682523741611918,-115.1871145287205,6,0.7
7042.774108875988,-8.802253793347607,-115.91353840114279,6,0.7
7091.760476728439,-8.923100876322927,-116.63030906090813,6,0.7
7141.087571714584,-9.044740275039423,-117.33869583139972,6,0.7
7190.757763779057,-9.167206007620454,-118.0383940101016,6,0.7
7240.773439350762,-9.29052860400724,-118.729095269478,6,0.7
7291.137001457528,-9.414801187222594,-119.41015857393334,6,0.7
7341.850869841561,-9.539719627993211,-120.08293016972358,6,0.7
7392.917481075709,-9.665189308409875,-120.74779292043615,6,0.7
7444.339288680522,-9.79156064003917,-121.40278634538626,6,0.7
7496.118763242139,-9.918603624041513,-122.04895746254213,6,0.7
7548.258392530979,-10.046101685050722,-122.68737951334916,6,0.7
7600.760681621277,-10.174449265040211,-123.31573904298384,6,0.7
7653.628153011434,-10.3031317653007,-123.93682172927176,6,0.7
7706.863346745218,-10.43236108063623,-124.54933857971837,6,0.7
7760.468820533797,-10.562220501714368,-125.1526756073245,6,0.7
7814.447149878626,-10.692395680481422,-125.74862779748376,6,0.7
7868.800928195191,-10.82303157946447,-126.33624728379647,6,0.7
7923.532766937609,-10.954100758045907,-126.91561804645902,6,0.7
7978.645295724095,-11.08552373209724,-127.48717271433614,6,0.7
8034.141162463309,-11.217433944445466,-128.04996409616987,6,0.7
8090.023033481568,-11.349545453370622,-128.60581294621977,6,0.7
8146.293593650958,-11.481993462405867,-129.15377593161355,6,0.7
8202.955546518326,-11.61465630511943,-129.69463990843042,6,0.7
8260.011614435174,-11.747759768303405,-130.2267731202199,6,0.7
8317.464538688457,-11.881084262048471,-130.75165700806866,6,0.7
8375.317079632288,-12.014518400969505,-131.27007958599745,6,0.7
8433.572016820564,-12.148280085769493,-131.78041578048993,6,0.7
8492.232149140504,-12.282164910660756,-132.2841441211697,6,0.7
8551.300294947127,-12.416204094199902,-132.78101924669622,6,0.7
8610.779292198666,-12.55046986531882,-133.27045607174313,6,0.7
8670.671998592914,-12.684900495916976,-133.75290001832636,6,0.7
8730.981291704516,-12.819396072746853,-134.22913398469362,6,0.7
8791.710069123244,-12.953987232359683,-134.698914613417,6,0.7
8852.86124859319,-13.088742718278644,-135.16166313558907,6,0.7
8914.437768152968,-13.223566767579968,-135.6181585990924,6,0.7
8976.44258627686,-13.358448237624263,-136.06849834089397,6,0.7
9038.878682016972,-13.493414925348848,-136.5124437203278,6,0.7
9101.74905514635,-13.628454672259288,-136.95009408207412,6,0.7
9165.056726303115,-13.76348180080364,-137.3822135261759,6,0.7
9228.804737135582,-13.898489248703626,-137.80889218676697,6,0.7
9292.996150448414,-14.033648987612688,-138.2285686594258,6,0.7
9357.634050349754,-14.168769669272226,-138.642994590469,6,0.7
9422.721542399418,-14.303879978062104,-139.05192949536257,6,0.7
9488.261753758103,-14.439074167417715,-139.45448578190988,6,0.7
9554.257833337617,-14.574073946025424,-139.85335974721298,6,0.7
9620.712951952195,-14.709208290476273,-140.2453884737885,6,0.7
9687.630302470823,-14.844237752633102,-140.63292971103533,6,0.7
9755.013099970645,-14.979317519486921,-141.01446080226034,6,0.7
9822.864581891441,-15.114282394342542,-141.3916701153434,6,0.7
9891.188008191157,-15.249221783581405,-141.76368117295456,6,0.7
9959.98666150255,-15.384129250329213,-142.13058003811494,6,0.7
10029.26384729088,-15.518910747778488,-142.4933911012269,6,0.7
10099.022894012754,-15.65373799839211,-142.8503140055617,6,0.7
10169.26715327601,-15.788459442136801,-143.20299532302553,6,0.7
10240.000000000768,-15.923100744735684,-143.55119798032342,6,0.7
10311.224832581574,-16.057685793490652,-143.89469037619236,6,0.7
10382.945073050678,-16.19212949415514,-144.23446519390666,6,0.7
10455.164167242447,-16.32656348521993,-144.56906958442428,6,0.7
10527.885584958914,-16.460877264618752,-144.8997949111947,6,0.7
10601.112820136505,-16.595095117354507,-145.22640618549372,6,0.7
10674.849391013888,-16.729214695294978,-145.54897182885722,6,0.7
10749.098840301021,-16.863307489065136,-145.8666712942845,6,0.7
10823.864735349352,-16.997247024163247,-146.1810571424989,6,0.7
10899.15066832323,-17.131128880674705,-146.49101404930275,6,0.7
10974.960256372473,-17.26487905255325,-146.7974879417712,6,0.7
11051.297141806172,-17.398520181440087,-147.100247027504,6,0.7
11128.16499226768,-17.53207341696215,-147.3990654661521,6,0.7
11205.567500910824,-17.66553638246385,-147.69400862143854,6,0.7
11283.508386577352,-17.79884170148648,-147.98599098838775,6,0.7
11361.991393975597,-17.93207609560519,-148.27393302349364,6,0.7
11441.020293860403,-18.06519454817458,-148.55846177015155,6,0.7
11520.598883214287,-18.198196359464227,-148.83963275193867,6,0.7
11600.730985429864,-18.331101201478294,-149.11722414088229,6,0.7
11681.420450493551,-18.463887610838455,-149.39156916855424,6,0.7
11762.671155170538,-18.59655519800808,-149.66272017801728,6,0.7
11844.48700319105,-18.729122910371654,-149.93045755602503,6,0.7
11926.871925437901,-18.861551698945366,-150.19537526219824,6,0.7
12009.82988013536,-18.993879606369294,-150.4569825268541,6,0.7
12093.36485303932,-19.126087330304973,-150.715598637502,6,0.7
12177.4808576288,-19.258174887784424,-150.97127099883198,6,0.7
12262.181935298773,-19.39016003669692,-151.22378397229895,6,0.7
12347.472155554336,-19.522007272138335,-151.4737090921944,6,0.7
12433.355616206238,-19.653751861072443,-151.72056853813416,6,0.7
12519.836443567749,-19.785393200991063,-151.96441131123765,6,0.7
12606.918792652916,-19.916914254286226,-152.20554066646486,6,0.7
12694.606847376202,-20.048315409307087,-152.44399865130046,6,0.7
12782.904820753494,-20.179613072067013,-152.67957477876766,6,0.7
12871.816955104521,-20.31075980029339,-152.91306458565833,6,0.7
12961.347522256672,-20.441788581340422,-153.1440008634431,6,0.7
13051.500823750257,-20.572745523392733,-153.37168267168124,6,0.7
13142.28119104516,-20.703584122438173,-153.59689804745275,6,0.7
13233.69298572895,-20.834275641348107,-153.82017074902436,6,0.7
13325.740599726436,-20.96488001193925,-154.04056106162142,6,0.7
13418.428455510686,-21.09533963644042,-154.25907446042453,6,0.7
13511.761006315492,-21.225740522853137,-154.47430669973193,6,0.7
13605.74273634934,-21.35598439984485,-154.6879682412026,6,0.7
13700.378161010858,-21.486141722434713,-154.89890329178584,6,0.7
13795.671827105747,-21.616145427986055,-155.10832145346075,6,0.7
13891.628313065248,-21.746089913491993,-155.31461864141065,6,0.7
13988.252229166108,-21.87590906060911,-155.51899662576727,6,0.7
14085.548217752083,-22.005591704673616,-155.72171031073697,6,0.7
14183.520953456982,-22.135202259136992,-155.92164624823258,6,0.7
14282.175143429275,-22.264690741163946,-156.1197500897632,6,0.7
14381.515527558222,-22.39409484248851,-156.31537532094305,6,0.7
14481.546878701633,-22.52335497481385,-156.50967116239175,6,0.7
14582.274002915165,-22.65254385747903,-156.70132816766278,6,0.7
14683.70173968323,-22.781603281252224,-156.89148351523608,6,0.7
14785.834962151528,-22.910569224124494,-157.0795026065135,6,0.7
14888.678577361155,-23.039442089466288,-157.26541681898513,6,0.7
14992.23752648439,-23.16820041430097,-157.44968596510626,6,0.7
15096.516785062071,-23.296867240556345,-157.63190528702663,6,0.7
15201.521363242668,-23.42543242442675,-157.81231606375033,6,0.7
15307.256306022984,-23.553886517449,-157.9911530882541,6,0.7
15413.726693490553,-23.68226179783654,-158.1678106979361,6,0.7
15520.93764106771,-23.81052795884575,-158.34294277460106,6,0.7
15628.894299757369,-23.938706362180326,-158.51615717772128,6,0.7
15737.6018563905,-24.066777952499635,-158.68788954776565,6,0.7
15847.065533875337,-24.19476345213898,-158.857752738226,6,0.7
15957.29059144831,-24.32265391302373,-159.02597449073124,6,0.7
16068.282324926739,-24.450459659911385,-159.19237672005391,6,0.7
16180.046066963258,-24.578162875696673,-159.35738187348605,6,0.7
16292.587187302037,-24.7057559484333,-159.52120370496382,6,0.7
16405.911093036775,-24.833276310511124,-159.6830719419042,6,0.7
16520.023228870472,-24.960724096402704,-159.84301518013848,6,0.7
16634.92907737704,-25.08806497204727,-160.0018330026063,6,0.7
16750.634159264704,-25.2153177119191,-160.15915367378173,6,0.7
16867.144033641256,-25.342500002100195,-160.3146160815963,6,0.7
16984.464298281135,-25.469579121633245,-160.4690023213221,6,0.7
17102.600589894384,-25.596589210944618,-160.62157298866958,6,0.7
17221.558584397462,-25.72350655170551,-160.77291261799576,6,0.7
17341.343997185955,-25.85034818076633,-160.92266544614944,6,0.7
17461.962583409164,-25.977106957257345,-161.07103642844456,6,0.7
17583.42013824662,-26.103783834027006,-161.21804276250924,6,0.7
17705.72249718651,-26.230379757661485,-161.36370134999484,6,0.7
17828.875536306066,-26.356888289967028,-161.50820842006632,6,0.7
17952.885172553855,-26.4833324994719,-161.65104145005375,6,0.7
18077.75736403408,-26.60968402433168,-161.79293241943037,6,0.7
18203.498110292836,-26.735972623537055,-161.93318625974405,6,0.7
18330.113452606365,-26.862184685416448,-162.07217514342673,6,0.7
18457.609474271307,-26.9883142905556,-162.21008763109617,6,0.7
18585.99230089697,-27.114376107573595,-162.3465907979739,6,0.7
18715.26810069965,-27.240350848909564,-162.4822157042386,6,0.7
18845.44308479898,-27.366279145187804,-162.61595153669796,6,0.7
18976.523507516347,-27.492109287670363,-162.7491747588182,6,0.7
19108.51566667538,-27.617887613200182,-162.88071409150157,6,0.7
19241.425903904536,-27.743595423385376,-163.0110922949019,6,0.7
19375.260604941792,-27.86921517240004,-163.1408176092666,6,0.7
19510.026199941436,-27.99479085207612,-163.26874667284056,6,0.7
19645.729163783028,-28.120286488142476,-163.39588203029356,6,0.7
19782.376016382463,-28.245721048379583,-163.52174536148098,6,0.7
19919.973323005244,-28.37108931965941,-163.64651307737665,6,0.7
20058.527694581913,-28.49638075023829,-163.77051592730828,6,0.7
20198.045788025658,-28.62161907233027,-163.8931273810104,6,0.7
20338.53430655217,-28.746793544154052,-164.0146800699237,6,0.7
20480.00000000169,-28.871910397694236,-164.13503011097757,6,0.7
20622.4496651633,-28.996959472096936,-164.25450186710938,6,0.7
20765.890146101516,-29.121947065807554,-164.37294997453526,6,0.7
20910.32833448505,-29.24687914595468,-164.490233292495,6,0.7
21055.771169917985,-29.371740895535112,-164.60682045128019,6,0.7
21202.22564027317,-29.49655873354768,-164.72196432387156,6,0.7
21349.698782027936,-29.621302939421497,-164.83658095818362,6,0.7
21498.197680602203,-29.7460042724126,-164.94978219338287,6,0.7
21647.72947069887,-29.870638715748537,-165.06232380871816,6,0.7
21798.301336646622,-29.995216923971512,-165.17391761387717,6,0.7
21949.920512745113,-30.119748965963606,-165.28428363026362,6,0.7
22102.59428361251,-30.244212100667855,-165.39415834427044,6,0.7
22256.32998453553,-30.368634880663787,-165.50268419676112,6,0.7
22411.135001821818,-30.49299950600264,-165.61044816337707,6,0.7
22567.01677315487,-30.61731127173328,-165.71731576258264,6,0.7
22723.98278795137,-30.741575198400042,-165.8231564062114,6,0.7
22882.04058772098,-30.865783214585537,-165.92826042677183,6,0.7
23041.197766428744,-30.989944603275532,-166.03235791545973,6,0.7
23201.4619708599,-31.11405153384848,-166.13573497429843,6,0.7
23362.840900987278,-31.238108931894843,-166.23826146776318,6,0.7
23525.342310341253,-31.362117439425074,-166.33994616453182,6,0.7
23688.974006382276,-31.486081661148827,-166.4406635197063,6,0.7
23853.743850875984,-31.609994225243963,-166.54069137460118,6,0.7
24019.6597602709,-31.733867489790452,-166.63963838777582,6,0.7
24186.729706078822,-31.857686535750243,-166.7380438977504,6,0.7
24354.96171525778,-31.98146353421655,-166.83551914978207,6,0.7
24524.363870597732,-32.1051989183887,-166.93207495085557,6,0.7
24694.944311108862,-32.22888221824561,-167.02810775707525,6,0.7
24866.711232412665,-32.35252150174678,-167.12336451500792,6,0.7
25039.672887135683,-32.47612792962482,-167.21747255485334,6,0.7
25213.837585306024,-32.599680746753975,-167.31120291438603,6,0.7
25389.213694752598,-32.72319810888091,-167.40392998455494,6,0.7
25565.809641507185,-32.84667351905281,-167.49591469690884,6,0.7
25743.63391020923,-32.97010420273311,-167.58728754614773,6,0.7
25922.695044513537,-33.09349740796031,-167.67780829404745,6,0.7
26103.00164750071,-33.21684383510377,-167.7678511463735,6,0.7
26284.562382090517,-33.34015703352583,-167.85693523166893,6,0.7
26467.385971458098,-33.46343097055933,-167.9453121444196,6,0.7
26651.481199453076,-33.5866692561186,-168.03286963296782,6,0.7
26836.856911021572,-33.70986617119486,-168.1198530916345,6,0.7
27023.522012631187,-33.833016346853086,-168.20650111469487,6,0.7
27211.485472698885,-33.95613842946413,-168.29211380070896,6,0.7
27400.75632202192,-34.07922668180631,-168.3769361634199,6,0.7
27591.3436542117,-34.20227570773537,-168.46120646894127,6,0.7
27783.256626130707,-34.32528893834103,-168.54481423674542,6,0.7
27976.504458332423,-34.44826683500878,-168.62776530049808,6,0.7
28171.096435504372,-34.57120984761381,-168.71006530361782,6,0.7
28367.04190691418,-34.69412112436632,-168.7916080112278,6,0.7
28564.35028685876,-34.816995618583235,-168.8726226144068,6,0.7
28763.031055116662,-34.939836474043,-168.95300139542775,6,0.7
28963.093757403483,-35.062644043848046,-169.0327485166875,6,0.7
29164.548005830547,-35.185418618809855,-169.11186731722037,6,0.7
29367.403479366687,-35.30816290354985,-169.19025207033155,6,0.7
29571.669924303278,-35.43087427715216,-169.2680119810968,6,0.7
29777.35715472254,-35.55355228057468,-169.3451431664015,6,0.7
29984.475052969006,-35.67619301514722,-169.42174011945716,6,0.7
30193.03357012437,-35.798797072069796,-169.49756572803258,6,0.7
30403.042726485564,-35.921346143508494,-169.57277762308033,6,0.7
30614.512612046197,-36.04379071993247,-169.6472186381853,6,0.7
30827.45338698134,-36.165959606993155,-169.72195409216067,6,0.7
31041.875282135654,-36.288524544880126,-169.79952331336938,6,0.7
31257.788599514974,-36.4113326266028,-169.87256783700843,6,0.7
31475.203712781236,-36.533882511004485,-169.94453929164416,6,0.7
31694.13106775091,-36.65633612654494,-170.01636146847724,6,0.7
31914.581182896858,-36.77874283077382,-170.08776251118837,6,0.7
32136.564649853717,-36.9011170979659,-170.15859245091906,6,0.7
32360.09213392676,-37.02345918189958,-170.229024122427,6,0.7
32585.17437460432,-37.14577933785764,-170.29865652625952,6,0.7
32811.8221860738,-37.268068425877956,-170.3679729175163,6,0.7
33040.04645774119,-37.39033329724484,-170.4366814706948,6,0.7
33269.85815475433,-37.512570543803776,-170.50497514324223,6,0.7
33501.26831852966,-37.634780722794495,-170.5728540804599,6,0.7
33734.28806728276,-37.75697000877622,-170.64003823919455,6,0.7
33968.928596562524,-37.87913116476888,-170.7069066908812,6,0.7
34205.20117978902,-38.00127206582075,-170.77308971686537,6,0.7
34443.11716879519,-38.1233892766683,-170.83877820684978,6,0.7
34682.68799437217,-38.24548134720088,-170.90406692344501,6,0.7
34923.92516681859,-38.367552202383436,-170.96877694045315,6,0.7
35166.8402764935,-38.48960034945268,-171.03300373689362,6,0.7
35411.44499437329,-38.6116226782757,-171.09692939194164,6,0.7
35657.7510726124,-38.73362638924398,-171.16019989609154,6,0.7
35905.77034510798,-38.855608311260205,-171.2229985399644,6,0.7
36155.51472806843,-38.97756873971836,-171.28532904257793,6,0.7
36406.99622058595,-39.09950796467359,-171.34719507152064,6,0.7
36660.22690521301,-39.22142467729373,-171.4086862963742,6,0.7
36915.21894854289,-39.343322366297045,-171.46963351239305,6,0.7
37171.98460179422,-39.465199688526425,-171.5301268248214,6,0.7
37430.53620139958,-39.58705691070949,-171.59016955259696,6,0.7
37690.88616959824,-39.70889429208564,-171.64976486997477,6,0.7
37953.04701503298,-39.83070911485689,-171.70908196687589,6,0.7
38217.03133335104,-39.952510521610776,-171.76762497699636,6,0.7
38482.85180780936,-40.074289831296554,-171.8258949071357,6,0.7
38750.521209883875,-40.19605021203951,-171.88372747263193,6,0.7
39020.05239988316,-40.317791828699974,-171.94112387669026,6,0.7
39291.458327566346,-40.439514787599656,-171.99808421811034,6,0.7
39564.752032765224,-40.56121909052035,-172.05460680149724,6,0.7
39839.94664601079,-40.68290453668993,-172.11068684099715,6,0.7
40117.05538916413,-40.804570493176435,-172.1663138456275,6,0.7
40396.09157605162,-40.92621789870802,-172.22130980622487,6,0.7
40677.068613104646,-41.04783687909109,-172.27594034476553,6,0.7
40960.00000000368,-41.16941247677594,-172.33009030280923,6,0.7
41244.899330326916,-41.29088466802121,-172.38302634423763,6,0.7
41531.78029220334,-41.41181264679898,-172.43596172814645,6,0.7
41820.65666897041,-41.533481707485,-172.49773094839765,6,0.7
42111.54233983629,-41.65562483278453,-172.5495503859574,6,0.7
42404.45128054665,-41.77728497390533,-172.60103353531127,6,0.7
42699.3975640562,-41.89884731440965,-172.65269927260272,6,0.7
42996.39536120473,-42.02037396545964,-172.704134180059,6,0.7
43295.458941398065,-42.14187649940955,-172.75537818071766,6,0.7
43596.60267329357,-42.263364017026916,-172.80609490817866,6,0.7
43899.84102549055,-42.38483169994276,-172.8566978973798,6,0.7
44205.18856722535,-42.50628394106181,-172.906958389108,6,0.7
44512.659969071385,-42.62772134057148,-172.95687132448978,6,0.7
44822.27000364397,-42.74914431499958,-173.00643457603962,6,0.7
45134.033546310086,-42.870553186444155,-173.05564769820916,6,0.7
45447.96557590307,-42.99195130488052,-173.10430342253488,6,0.7
45764.081175442305,-43.11333270470924,-173.1528200778601,6,0.7
46082.39553285784,-43.234700728630564,-173.20098998777874,6,0.7
46402.92394172015,-43.35605755033272,-173.24867935884745,6,0.7
46725.681801974904,-43.4774013419142,-173.29602784036558,6,0.7
47050.68462068286,-43.59873037931709,-173.34317141578654,6,0.7
47377.94801276491,-43.720047757590535,-173.38991024947947,6,0.7
47707.487701752325,-43.84135361552789,-173.43624807084385,6,0.7
48039.319520542165,-43.96264625449258,-173.48231965685184,6,0.7
48373.45941215801,-44.08392588506821,-173.528126024582,6,0.7
48709.923430515926,-44.205195389130196,-173.57347440436826,6,0.7
49048.72774119583,-44.32645221874185,-173.6185623863796,6,0.7
49389.888622218095,-44.44769830831337,-173.66326361375596,6,0.7
49733.4224648257,-44.56893121680099,-173.70777162812084,6,0.7
50000.0,-44.662423587129126,-173.7418312761588,6,0.7
10.0,-6.109403723692508,-0.5067049781913232,7,0.8
10.069555500567189,-6.109685365126145,-0.5095871449323213,7,0.8
10.139594797900294,-6.109954919117994,-0.5124762179753756,7,0.8
10.210121257071936,-6.110244651801631,-0.5153755770331903,7,0.8
10.281138266560667,-6.110528772832241,-0.5182822868029536,7,0.8
10.352649238413779,-6.110820195863499,-0.5211976350109689,7,0.8
10.424657608411218,-6.111106033526515,-0.5241200531413753,7,0.8
10.497166836230678,-6.111399199091252,-0.5270508446626846,7,0.8
10.57018040561381,-6.111699705413863,-0.5299898837091276,7,0.8
10.643701824533608,-6.112007565647381,-0.5329370416306757,7,0.8
10.71773462536294,-6.112303445593388,-0.5358899469452947,7,0.8
10.792282365044281,-6.112619605093856,-0.5388521759008218,7,0.8
10.867348625260592,-6.112930261922584,-0.5418205929081759,7,0.8
10.942937012607405,-6.113235431272955,-0.5447950229668697,7,0.8
11.019051158766118,-6.113567369719103,-0.5477791372741415,7,0.8
11.095694720678463,-6.113874505599169,-0.5507666361439224,7,0.8
11.172871380722214,-6.114195543517379,-0.5537619722416012,7,0.8
11.250584846888108,-6.114536945306042,-0.5567657993632678,7,0.8
11.328838852958,-6.1148535931251455,-0.5597724413616619,7,0.8
11.407637158684253,-6.115190635532517,-0.5627872495233415,7,0.8
11.486983549970367,-6.115528746077006,-0.5658076810814151,7,0.8
11.566881839052892,-6.115867941251548,-0.5688335537824609,7,0.8
11.647335864684578,-6.116208237809695,-0.5718646822354553,7,0.8
11.728349492318808,-6.116562545113053,-0.5749025283805769,7,0.8
11.809926614295325,-6.116905095293501,-0.5779436124677259,7,0.8
11.892071150027233,-6.117268135895204,-0.580991891821997,7,0.8
11.97478704618931,-6.11762590058879,-0.5840438487281372,7,0.8
12.05807827690763,-6.11797840832669,-0.5870992629528474,7,0.8
12.141948843950495,-6.118357902977931,-0.5901622002105,7,0.8
12.226402776920713,-6.118719287390303,-0.5932264819074555,7,0.8
12.31144413344919,-6.119088360560724,-0.5962953232143692,7,0.8
12.397076999389895,-6.119458696936571,-0.599367653535105,7,0.8
12.48330548901615,-6.119843203753746,-0.6024450272109764,7,0.8
12.570133745218314,-6.1202290121239935,-0.6055254831994153,7,0.8
12.657565939702833,-6.120616142254641,-0.6086088001690987,7,0.8
12.745606273192656,-6.121004614671505,-0.6116947538487807,7,0.8
12.834258975629076,-6.1214008930805655,-0.6147840302148426,7,0.8
12.923528306374958,-6.12179211278031,-0.6178745800689084,7,0.8
13.013418554419374,-6.122197622830613,-0.6209689317369116,7,0.8
13.10393403858367,-6.122598117425712,-0.624064088642736,7,0.8
13.195079107728983,-6.123006503100629,-0.6271616751187243,7,0.8
13.286858140965156,-6.123416360080382,-0.6302605227222603,7,0.8
13.379275547861162,-6.123827711256199,-0.633360387918039,7,0.8
13.472335768656947,-6.124247020892771,-0.6364619893479749,7,0.8
13.566043274476765,-6.124674311540636,-0.6395651011746737,7,0.8
13.660402567544,-6.125096725755953,-0.6426675350405233,7,0.8
13.755418181397484,-6.1255336088775625,-0.6457719780799115,7,0.8
13.851094681109295,-6.125972104395357,-0.6488762297047628,7,0.8
13.947436663504105,-6.126399358661343,-0.6519780244211533,7,0.8
14.044448757380025,-6.1268475944716965,-0.6550821125692302,7,0.8
14.142135623731003,-6.12729751862274,-0.6581852443144873,7,0.8
14.240501955970773,-6.12773628038193,-0.661285099244006,7,0.8
14.33955248015833,-6.128183222968595,-0.6643844697935237,7,0.8
14.439291955225018,-6.128651248537164,-0.6674852004182625,7,0.8
14.539725173203164,-6.129108193657526,-0.6705818315649178,7,0.8
14.640856959456315,-6.1295734001453015,-0.673677224032261,7,0.8
14.742692172911074,-6.130046895476503,-0.6767711288729331,7,0.8
14.845235706290554,-6.130509397751814,-0.6798600610561167,7,0.8
14.94849248634945,-6.130986683270823,-0.6829480389447957,7,0.8
15.05246747411074,-6.131465907984853,-0.6860326442013766,7,0.8
15.15716566510405,-6.131953537781028,-0.68911470085358,7,0.8
15.26259208960566,-6.13242386104329,-0.6921895003377005,7,0.8
15.368751812880195,-6.1329283920221105,-0.6952656576457156,7,0.8
15.475649935423972,-6.133422114505845,-0.6983351041443884,7,0.8
15.58329159321007,-6.133924365715405,-0.7014009219021243,7,0.8
15.69168195793509,-6.134422309304836,-0.704460553013963,7,0.8
15.800826237267621,-6.134935280430623,-0.7075171598688703,7,0.8
15.910729675098453,-6.135437577311837,-0.7105658374565559,7,0.8
16.02139755179252,-6.135948535096754,-0.7136097746393857,7,0.8
16.13283518444261,-6.136474620107695,-0.71664989850772,7,0.8
16.245047927124794,-6.136977271813111,-0.7196787956282967,7,0.8
16.358041171155712,-6.137514417248219,-0.7227069211842154,7,0.8
16.471820345351553,-6.138034635149427,-0.7257243998010585,7,0.8
16.586390916288924,-6.1385701215049595,-0.728736985828034,7,0.8
16.70175838856748,-6.1391080497352535,-0.7317419768149092,7,0.8
16.817928305074386,-6.139642027465783,-0.7347378375170515,7,0.8
16.93490624725064,-6.140178524497244,-0.7377255057065063,7,0.8
17.052697835359233,-6.140730439156754,-0.7407072270356412,7,0.8
17.17130872875518,-6.141278521038798,-0.7436789442906634,7,0.8
17.290744626157405,-6.141822811562406,-0.7466403399664874,7,0.8
17.411011265922586,-6.142395495773125,-0.7495975879767722,7,0.8
17.53211442632081,-6.1429451848589185,-0.7525400603860006,7,0.8
17.654059925813208,-6.143504064709939,-0.7554739439269115,7,0.8
17.776853623331515,-6.144085031947762,-0.7584016496048561,7,0.8
17.900501418559564,-6.144655991068876,-0.7613162889021496,7,0.8
18.02500925221672,-6.145223415217896,-0.7642188702695817,7,0.8
18.150383106343334,-6.145806629195453,-0.7671131740259858,7,0.8
18.27662900458813,-6.146386398204482,-0.7699948688340912,7,0.8
18.403753012497624,-6.146975620545682,-0.7728664205281746,7,0.8
18.53176123780754,-6.1475614917035575,-0.775724798725262,7,0.8
18.660659830736275,-6.148144060090863,-0.7785697017288484,7,0.8
18.790454984280366,-6.148742648109074,-0.7814050911281017,7,0.8
18.921152934512047,-6.14934445421076,-0.784227910669604,7,0.8
19.05275996087888,-6.149949528047728,-0.7870379017024274,7,0.8
19.18528238650542,-6.150551496930942,-0.7898333529101983,7,0.8
19.31872657849705,-6.151156835555196,-0.7926154440274221,7,0.8
19.453098948245852,-6.151772018035516,-0.7953854062085813,7,0.8
19.588405951738682,-6.1523778302386,-0.7981385542537621,7,0.8
19.72465408986733,-6.152993591992971,-0.8008790869891618,7,0.8
19.861849908740865,-6.153625777317736,-0.8036083213499964,7,0.8
20.00000000000015,-6.154242335394303,-0.8063184516952917,7,0.8
20.13911100113453,-6.154862586219389,-0.8090137630442523,7,0.8
20.279189595800737,-6.155493006081473,-0.8116955863223055,7,0.8
20.42024251414402,-6.156120812099078,-0.8143606048776447,7,0.8
20.56227653312149,-6.156752482712803,-0.817010146631457,7,0.8
20.70529847682771,-6.157400913567303,-0.8196471906884383,7,0.8
20.849315216822593,-6.158034071803894,-0.8222635756947247,7,0.8
20.994333672461515,-6.158677692129681,-0.824865466818911,7,0.8
21.14036081122778,-6.159325417725718,-0.8274510773247813,7,0.8
21.28740364906737,-6.1599644772088595,-0.830016924903658,7,0.8
21.43546925072604,-6.1606270181797695,-0.8325710544051171,7,0.8
21.584564730088722,-6.161268189454749,-0.8351016877071963,7,0.8
21.734697250521346,-6.161932969480908,-0.8376203152120105,7,0.8
21.885874025214974,-6.162589345318744,-0.8401183842976164,7,0.8
22.038102317532406,-6.163243800810324,-0.8425973730562657,7,0.8
22.191389441357092,-6.163909233512509,-0.8450605543064175,7,0.8
22.345742761444598,-6.16457929704821,-0.8475060837755846,7,0.8
22.501169693776383,-6.165241234541074,-0.8499303060899699,7,0.8
22.657677705916175,-6.165907945097335,-0.8523365583879342,7,0.8
22.815274317368676,-6.166585912502435,-0.8547265121673364,7,0.8
22.973967099940907,-6.167249560675602,-0.8570928795427624,7,0.8
23.13376367810596,-6.167943847200796,-0.8594481656280426,7,0.8
23.29467172936933,-6.168611142608001,-0.8617759361108507,7,0.8
23.456698984637793,-6.16928999237347,-0.8640869815823766,7,0.8
23.619853228590827,-6.169967651896888,-0.8663775365137224,7,0.8
23.784142300054643,-6.170663429020216,-0.8686531306603821,7,0.8
23.949574092378796,-6.171332535784453,-0.8709005122888248,7,0.8
24.11615655381544,-6.172013511179677,-0.873130874262903,7,0.8
24.28389768790117,-6.1727128430438345,-0.8753461501925733,7,0.8
24.452805553841607,-6.173398571833774,-0.8775366732969636,7,0.8
24.622888266898567,-6.174096414229929,-0.8797101216614198,7,0.8
24.794153998779972,-6.174780825480091,-0.8818586148968437,7,0.8
24.966610978032485,-6.175477521180178,-0.8839899791939848,7,0.8
25.140267490436816,-6.176160962417731,-0.8860962210635785,7,0.8
25.315131879405854,-6.176869674535715,-0.8881893748431345,7,0.8
25.4912125463855,-6.177565311820309,-0.8902573429169632,7,0.8
25.668517951258348,-6.17826718231656,-0.8923061942380771,7,0.8
25.847056612750112,-6.178956165138744,-0.8943297330744308,7,0.8
26.026837108838944,-6.17965797169381,-0.8963362471260172,7,0.8
26.20786807716754,-6.1803662911879975,-0.8983237385169336,7,0.8
26.390158215458165,-6.181068413040423,-0.9002880178419492,7,0.8
26.573716281930512,-6.18177083885876,-0.9022312153581696,7,0.8
26.758551095722524,-6.1824736675251115,-0.9041533743009526,7,0.8
26.944671537314093,-6.18317699931162,-0.9060545483237257,7,0.8
27.13208654895373,-6.183887336619036,-0.9079370064595883,7,0.8
27.320805135088207,-6.184579179288766,-0.9097919857185394,7,0.8
27.510836362795175,-6.185291035640886,-0.9116328560138696,7,0.8
27.7021893622188,-6.185997408903448,-0.9134508390617398,7,0.8
27.89487332700842,-6.186704806379037,-0.9152482654575775,7,0.8
28.088897514760255,-6.187400539319377,-0.9170206564360828,7,0.8
28.284271247462218,-6.18811671093963,-0.9187796149061902,7,0.8
28.48100391194176,-6.188821439652621,-0.9205137692752394,7,0.8
28.679104960316874,-6.1895276352519835,-0.9222278680014829,7,0.8
28.878583910450253,-6.190229014914289,-0.9239196975263775,7,0.8
29.079450346406546,-6.190938488116725,-0.9255941646843956,7,0.8
29.28171391891285,-6.191636982637535,-0.9272442662758474,7,0.8
29.485384345822368,-6.192350201514211,-0.9288798234690563,7,0.8
29.690471412581335,-6.193059076884257,-0.9304937962108045,7,0.8
29.896984972699123,-6.193763731533331,-0.9320863434363608,7,0.8
30.104934948221704,-6.194470683835131,-0.9336601324568916,7,0.8
30.314331330208326,-6.195167271088671,-0.9352103691749208,7,0.8
30.52518417921155,-6.195879194701534,-0.9367473401005293,7,0.8
30.73750362576062,-6.196587401526589,-0.9382637558024935,7,0.8
30.951299870848175,-6.197279237713405,-0.939754667007856,7,0.8
31.16658318642038,-6.197993189003125,-0.941235790144923,7,0.8
31.38336391587042,-6.198678253115731,-0.9426866204641927,7,0.8
31.60165247453548,-6.199372916392628,-0.9441230250689515,7,0.8
31.82145935019715,-6.200077313406891,-0.9455453929841523,7,0.8
32.04279510358529,-6.200785190396437,-0.9469514353635861,7,0.8
32.26567036888546,-6.201483907554088,-0.9483360739624148,7,0.8
32.49009585424984,-6.202173608611195,-0.9496995340388587,7,0.8
32.716082342311665,-6.202873605089981,-0.9510503259192071,7,0.8
32.94364069070335,-6.203558487400577,-0.9523777755704912,7,0.8
33.172781832578096,-6.204241181297348,-0.9536876791726495,7,0.8
33.40351677713521,-6.204934611177126,-0.95498602740079,7,0.8
33.63585661014903,-6.2056325388535205,-0.9562704565391125,7,0.8
33.86981249450153,-6.206315956749905,-0.9575327731044219,7,0.8
34.10539567071872,-6.206997794723614,-0.9587790013904888,7,0.8
34.34261745751061,-6.207684595536399,-0.9600124438618045,7,0.8
34.58148925231507,-6.208357360980349,-0.961224725930288,7,0.8
34.822022531845434,-6.20904817856837,-0.9624309569407974,7,0.8
35.064228852641875,-6.209731669842738,-0.9636197904959349,7,0.8
35.30811985162668,-6.2103888491916805,-0.9647825195795526,7,0.8
35.55370724666329,-6.211077340050142,-0.9659466814374613,7,0.8
35.80100283711939,-6.21175262335023,-0.9670916103303104,7,0.8
36.05001850443371,-6.212408489968637,-0.9682145187555405,7,0.8
36.30076621268694,-6.2130897924065165,-0.9693374864519604,7,0.8
36.55325800917653,-6.213745646017723,-0.9704361330113834,7,0.8
36.80750602499552,-6.21440814038252,-0.9715264965830063,7,0.8
37.06352247561536,-6.21506469139006,-0.9726027595012947,7,0.8
37.32131966147283,-6.215728243362923,-0.9736718009355982,7,0.8
37.58090996856101,-6.2163798379555315,-0.9747244710371435,7,0.8
37.84230586902438,-6.217045183203837,-0.9757742486315263,7,0.8
38.105519921758045,-6.217692567579426,-0.9768053198785179,7,0.8
38.37056477301113,-6.218334943538241,-0.9778246563969265,7,0.8
38.63745315699439,-6.218985262266026,-0.9788394543249418,7,0.8
38.906197896491996,-6.2196245832075645,-0.9798402145055856,7,0.8
39.176811903477656,-6.220259483962728,-0.980830768244608,7,0.8
39.449308179734956,-6.220902920873261,-0.9818185062272236,7,0.8
39.72369981748203,-6.221529586608217,-0.982790244270011,7,0.8
40.000000000000604,-6.222171573038739,-0.9837638251402873,7,0.8
40.27822200226936,-6.222803579963885,-0.9847259450081166,7,0.8
40.55837919160177,-6.223419443382497,-0.9856735154262232,7,0.8
40.840485028288356,-6.224051256977235,-0.9866248325667868,7,0.8
41.124553066243294,-6.2246673574047335,-0.9875626702428768,7,0.8
41.410596953655734,-6.225287090021714,-0.9884983524228228,7,0.8
41.6986304336455,-6.2258979259129035,-0.9894252152925544,7,0.8
41.98866734492334,-6.226512838240063,-0.9903511654261998,7,0.8
42.28072162245588,-6.227112931249038,-0.9912657112398847,7,0.8
42.57480729813507,-6.227723930007781,-0.9921843247304388,7,0.8
42.8709385014524,-6.228320571961888,-0.9930926544421242,7,0.8
43.16912946017777,-6.228922212201709,-0.9940026119763551,7,0.8
43.46939450104301,-6.229522714803265,-0.9949110822002568,7,0.8
43.771748050430276,-6.230103203927097,-0.9958070742572132,7,0.8
44.07620463506514,-6.230689412759549,-0.9967066212820012,7,0.8
44.38277888271451,-6.231281586396561,-0.9976104880620575,7,0.8
44.69148552288952,-6.231860859673654,-0.9985075237008273,7,0.8
45.00233938755311,-6.232433857302663,-0.9994022360298159,7,0.8
45.315355411832684,-6.233007205656764,-1.0002992680673883,7,0.8
45.63054863473769,-6.233581162741231,-1.0011993286453922,7,0.8
45.947934199882155,-6.234143250170257,-1.0020949281021436,7,0.8
46.26752735621227,-6.234712842189322,-1.0029990093314451,7,0.8
46.58934345873901,-6.235271097792001,-1.0038998988369676,7,0.8
46.913397969275934,-6.2358246581327625,-1.0048023484028608,7,0.8
47.23970645718201,-6.236386534955991,-1.005715487196715,7,0.8
47.56828460010965,-6.236931531081402,-1.0066231020007708,7,0.8
47.89914818475796,-6.237472665333223,-1.0075342728035,7,0.8
48.232313107631235,-6.238016589796826,-1.0084540206153916,7,0.8
48.5677953758027,-6.238557223698729,-1.009378768102396,7,0.8
48.90561110768358,-6.239082124128763,-1.0103004030344256,7,0.8
49.2457765337975,-6.239617054192683,-1.0112371949844996,7,0.8
49.58830799756032,-6.240149577244986,-1.0121811195204955,7,0.8
49.933221956065346,-6.240673628203618,-1.0131283943526959,7,0.8
50.280534980874016,-6.241176781017483,-1.0140705566153334,7,0.8
50.630263758812085,-6.241697540622542,-1.0150355344804816,7,0.8
50.982425092771386,-6.242210754754578,-1.0160059298381996,7,0.8
51.33703590251707,-6.242723105211603,-1.016987058194602,7,0.8
51.69411322550061,-6.243222181340611,-1.0179703122416262,7,0.8
52.05367421767828,-6.2437146723169406,-1.0189609886773838,7,0.8
52.41573615433548,-6.244213634359595,-1.0199693064435362,7,0.8
52.78031643091672,-6.244713033247152,-1.0209913807290667,7,0.8
53.14743256386143,-6.245194111392997,-1.0220135060805382,7,0.8
53.517102191445446,-6.245682663927576,-1.0230556885407058,7,0.8
53.8893430746286,-6.246166305272002,-1.0241090463791496,7,0.8
54.264173097907864,-6.246632655645579,-1.0251644039992371,7,0.8
54.64161027017682,-6.247107519123805,-1.0262422526857413,7,0.8
55.02167272559077,-6.24758488621652,-1.0273385470903356,7,0.8
55.40437872443802,-6.248046027336416,-1.0284389542738983,7,0.8
55.78974665401725,-6.248504031072647,-1.0295542393985069,7,0.8
56.17779502952094,-6.248959264408356,-1.0306851899515739,7,0.8
56.56854249492486,-6.249418460338557,-1.0318377960340392,7,0.8
56.962007823883944,-6.249862908339065,-1.032997293597175,7,0.8
57.358209920634174,-6.250305711988608,-1.0341748065988086,7,0.8
57.75716782090094,-6.250747255237437,-1.0353711680354056,7,0.8
58.158900692813525,-6.25119428712439,-1.036592577185524,7,0.8
58.56342783782614,-6.251628116743566,-1.0378238299366238,7,0.8
58.97076869164518,-6.25204278098802,-1.0390601111969926,7,0.8
59.38094282516311,-6.252476846746098,-1.0403347997259833,7,0.8
59.79396994539869,-6.252892555243232,-1.0416160429955785,7,0.8
60.209869896443855,-6.253315759361042,-1.0429266228790188,7,0.8
60.628662660417106,-6.253734153307974,-1.044256376826621,7,0.8
61.05036835842356,-6.254135436889362,-1.045594814150962,7,0.8
61.4750072515217,-6.254558194488455,-1.0469766513760739,7,0.8
61.90259974169682,-6.254958335680754,-1.0483630908864503,7,0.8
62.33316637284123,-6.255342655164265,-1.049760367264289,7,0.8
62.766727831741306,-6.255743389315139,-1.0511981983250365,7,0.8
63.20330494907143,-6.256135543182367,-1.052654382966809,7,0.8
63.642918700394766,-6.256532283570673,-1.0541415055712027,7,0.8
64.08559020717105,-6.256902268228329,-1.0556308129623149,7,0.8
64.5313407377714,-6.257296827307254,-1.05717071652439,7,0.8
64.98019170850016,-6.257659193490889,-1.0587082495735516,7,0.8
65.43216468462381,-6.258027988221164,-1.0602802525332498,7,0.8
65.8872813814072,-6.25841004224341,-1.0618939739330613,7,0.8
66.34556366515669,-6.258774040797601,-1.0635197335859055,7,0.8
66.80703355427093,-6.259126825814375,-1.0651643496538148,7,0.8
67.27171322029855,-6.259487960730309,-1.0668474086237423,7,0.8
67.73962498900357,-6.259838863864559,-1.0685510974982952,7,0.8
68.21079134143795,-6.260192750139044,-1.0702889435826897,7,0.8
68.68523491502174,-6.260550122940677,-1.0720620216947927,7,0.8
69.16297850463066,-6.260879701824895,-1.0738390481498632,7,0.8
69.6440450636914,-6.261226506499884,-1.0756660773014055,7,0.8
70.12845770528428,-6.261559267156097,-1.0775116670300824,7,0.8
70.61623970325388,-6.26189758219108,-1.0793963968914626,7,0.8
71.10741449332713,-6.262222908601606,-1.0813014215535866,7,0.8
71.60200567423932,-6.262535782440496,-1.083227486176438,7,0.8
72.10003700886796,-6.26286853260353,-1.0852092238358293,7,0.8
72.60153242537443,-6.263183560438912,-1.0872072280233556,7,0.8
73.10651601835362,-6.263500490372441,-1.089242777370307,7,0.8
73.61501204999159,-6.2638071652928,-1.0913031468691032,7,0.8
74.12704495123128,-6.264116863001422,-1.093403138824036,7,0.8
74.64263932294622,-6.264411080050688,-1.0955228331222402,7,0.8
75.16181993712259,-6.264709462607189,-1.0976842112110436,7,0.8
75.68461173804933,-6.265012590601051,-1.0998884960410202,7,0.8
76.21103984351666,-6.265295620159819,-1.102108171985812,7,0.8
76.74112954602285,-6.265590928802847,-1.1043800940175474,7,0.8
77.27490631398935,-6.26587368418938,-1.1066765268288596,7,0.8
77.81239579298456,-6.266163560337196,-1.1090203675298569,7,0.8
78.3536238069559,-6.266442093578835,-1.1113907437758654,7,0.8
78.8986163594705,-6.266722612347397,-1.113803466767605,7,0.8
79.44739963496465,-6.267005735953446,-1.1162597774544178,7,0.8
80.00000000000179,-6.267266660547665,-1.1187306460092177,7,0.8
80.55644400453932,-6.267537803452239,-1.1212548500194384,7,0.8
81.11675838320417,-6.2677880147632825,-1.123795444012236,7,0.8
81.68097005657731,-6.268043366257339,-1.1263840766105553,7,0.8
82.24910613248719,-6.268298148802915,-1.1290143262610601,7,0.8
82.8211939073121,-6.268565731487613,-1.1317031516009222,7,0.8
83.39726086729164,-6.268814986507323,-1.1344125797535571,7,0.8
83.97733468984731,-6.269052936726687,-1.1371513618879543,7,0.8
84.56144324491237,-6.269299326100136,-1.1399445809630986,7,0.8
85.14961459627077,-6.269548474443579,-1.1427856793486615,7,0.8
85.74187700290544,-6.269781991006641,-1.145651585942052,7,0.8
86.33825892035618,-6.270006922021706,-1.1485514011765243,7,0.8
86.93878900208668,-6.270255751580137,-1.1515275975279302,7,0.8
87.54349610086122,-6.270478315950232,-1.154515521420373,7,0.8
88.15240927013093,-6.270707110928148,-1.1575577719081431,7,0.8
88.7655577654297,-6.270917415177799,-1.160622070202544,7,0.8
89.38297104577971,-6.271135378776229,-1.1637433556623031,7,0.8
90.00467877510688,-6.271355366682774,-1.1669146746674313,7,0.8
90.63071082366605,-6.271571748816656,-1.1701288603750228,7,0.8
91.26109726947607,-6.271778900707302,-1.1733785291520742,7,0.8
91.895868399765,-6.271990279336665,-1.1766824027845515,7,0.8
92.53505471242522,-6.272200271624576,-1.1800332328769179,7,0.8
93.17868691747873,-6.272396910070856,-1.1834146473942773,7,0.8
93.82679593855258,-6.27260002833964,-1.1868546378421174,7,0.8
94.47941291436473,-6.272797670066158,-1.1903368412107513,7,0.8
95.13656920022001,-6.272977882843804,-1.1938444078977777,7,0.8
95.79829636951663,-6.273173237402984,-1.1974241679272115,7,0.8
96.4646262152632,-6.273359073329038,-1.20104121117007,7,0.8
97.13559075160614,-6.273542533466885,-1.2047061068374596,7,0.8
97.81122221536789,-6.273730766774504,-1.2084297329312372,7,0.8
98.49155306759573,-6.273911846608467,-1.2121949662920182,7,0.8
99.17661599512138,-6.274080210749453,-1.2159936848994626,7,0.8
99.86644391213144,-6.274262105990507,-1.219865411873458,7,0.8
100.56106996174877,-6.274432898406101,-1.2237736536751342,7,0.8
101.26052751762494,-6.274599762265015,-1.2277294255165627,7,0.8
101.96485018554354,-6.274769878029352,-1.2317440644101456,7,0.8
102.67407180503491,-6.274924984400375,-1.2357898017060869,7,0.8
103.388226451002,-6.275084994484713,-1.2398976352242141,7,0.8
104.10734843535732,-6.275244379786351,-1.2440594586410556,7,0.8
104.83147230867174,-6.275397615608302,-1.2482669233055081,7,0.8
105.56063286183424,-6.275551906085472,-1.252531729887455,7,0.8
106.29486512772365,-6.275695372086368,-1.256835253070415,7,0.8
107.03420438289172,-6.275860679670675,-1.2612303908577058,7,0.8
107.778686149258,-6.276004141582804,-1.265647134848368,7,0.8
108.52834619581655,-6.276139341885457,-1.2701074386659592,7,0.8
109.28322054035448,-6.2762862350391915,-1.2746444194148243,7,0.8
110.04334545118235,-6.276407502949138,-1.2791967805813285,7,0.8
110.80875744887686,-6.2765485657735995,-1.2838401967750908,7,0.8
111.57949330803534,-6.276684840510186,-1.2885342824901558,7,0.8
112.35559005904271,-6.276810838691879,-1.2932699540755468,7,0.8
113.13708498985058,-6.2769338056166095,-1.2980596757729987,7,0.8
113.92401564776874,-6.277067356923215,-1.3029272573718602,7,0.8
114.71641984126921,-6.277186916227184,-1.3078308048910168,7,0.8
115.51433564180275,-6.277306104709881,-1.3127940697826164,7,0.8
116.31780138562794,-6.277419448335402,-1.3178078163982445,7,0.8
117.12685567565316,-6.277546943955366,-1.3229077588952798,7,0.8
117.94153738329126,-6.277651284839653,-1.328028155260623,7,0.8
118.76188565032712,-6.277758839969291,-1.3332160439929241,7,0.8
119.58793989079828,-6.277870512259783,-1.3384736186112756,7,0.8
120.41973979288862,-6.2779680995840925,-1.3437682231977732,7,0.8
121.25732532083512,-6.278077982676375,-1.3491482797986654,7,0.8
122.10073671684803,-6.2781883317798695,-1.3545927887558027,7,0.8
122.95001450304433,-6.2782873152199725,-1.3600801315914675,7,0.8
123.80519948339456,-6.278382211112259,-1.3656239775959431,7,0.8
124.66633274568338,-6.278473929569206,-1.3712263280116803,7,0.8
125.53345566348355,-6.278569752873869,-1.376901379903799,7,0.8
126.40660989814381,-6.278657849698873,-1.3826270337367315,7,0.8
127.28583740079048,-6.27875187560118,-1.3884298227624732,7,0.8
128.17118041434307,-6.278827252445626,-1.3942625865736895,7,0.8
129.0626814755438,-6.27891675486951,-1.4001892719133153,7,0.8
129.9603834170013,-6.278995802295276,-1.4061623788296191,7,0.8
130.86432936924862,-6.279078051620588,-1.4122090864315546,7,0.8
131.77456276281538,-6.279151663954224,-1.4183062763664622,7,0.8
132.69112733031437,-6.279230296577168,-1.4244815888146283,7,0.8
133.61406710854286,-6.279308481749095,-1.4307245946450555,7,0.8
134.5434264405981,-6.2793807485190944,-1.437024549012532,7,0.8
135.47924997800817,-6.2794416216464155,-1.4433703855883586,7,0.8
136.42158268287693,-6.279517509187591,-1.4498168623116274,7,0.8
137.3704698300445,-6.279577423140359,-1.456300368933875,7,0.8
138.32595700926237,-6.279622254423025,-1.4628225521477127,7,0.8
139.28809012738384,-6.2796847874013615,-1.469452678268979,7,0.8
140.25691541056963,-6.27975953567561,-1.4761803088843768,7,0.8
141.23247940650882,-6.279809104683412,-1.4829261301203234,7,0.8
142.2148289866553,-6.279859892096936,-1.4897466093678657,7,0.8
143.20401134847972,-6.279906392444658,-1.4966302930806679,7,0.8
144.200074017737,-6.279968622497889,-1.5036213979956266,7,0.8
145.20306485074994,-6.2800219209947885,-1.5106666504240447,7,0.8
146.2130320367083,-6.280047994767032,-1.5177254300428815,7,0.8
147.2300240999843,-6.280098763703456,-1.524913308959327,7,0.8
148.25408990246365,-6.280143159021549,-1.5321618411116056,7,0.8
149.28527864589356,-6.28018840557218,-1.5394876519037122,7,0.8
150.32363987424628,-6.28020979266839,-1.5468347490296537,7,0.8
151.3692234760998,-6.280252848552318,-1.554307412882251,7,0.8
152.42207968703445,-6.280286460631918,-1.5618350105897298,7,0.8
153.48225909204683,-6.2803114365824815,-1.5694194936288859,7,0.8
154.54981262797986,-6.280334964563307,-1.5770778786377693,7,0.8
155.6247915859703,-6.280370617335743,-1.5848427804774718,7,0.8
156.70724761391295,-6.280393619818737,-1.5926562197327288,7,0.8
157.79723271894218,-6.280423915620359,-1.6005660214910864,7,0.8
158.8947992699305,-6.280436701818419,-1.608513084490074,7,0.8
160.0000000000048,-6.28045829682164,-1.6165611886789446,7,0.8
161.11288800907985,-6.280470263758168,-1.6246660991049318,7,0.8
162.23351676640956,-6.280498907891837,-1.6328928581379671,7,0.8
163.36194011315587,-6.280500184117043,-1.6411333207263383,7,0.8
164.49821226497562,-6.280519562238682,-1.649500524440436,7,0.8
165.6423878146254,-6.280519357504741,-1.6579009296678089,7,0.8
166.79452173458452,-6.280519435531341,-1.6663845330721465,7,0.8
167.9546693796959,-6.280520461124991,-1.6749536224754256,7,0.8
169.12288648982604,-6.280535885384827,-1.6836434635723831,7,0.8
170.29922919254284,-6.280527943786428,-1.6923574904576235,7,0.8
171.4837540058122,-6.280529256100831,-1.7011802047391538,7,0.8
172.6765178407137,-6.280521221988637,-1.7100637994904848,7,0.8
173.87757800417467,-6.280530040647814,-1.7190777199081044,7,0.8
175.08699220172375,-6.280511456705331,-1.7281055309147595,7,0.8
176.30481854026317,-6.280504446356698,-1.7372509428188716,7,0.8
177.53111553086072,-6.280490330189018,-1.746464729177943,7,0.8
178.7659420915608,-6.280476030060091,-1.7557659492991873,7,0.8
180.00935755021513,-6.28046204439964,-1.7651565834398146,7,0.8
181.26142164733346,-6.280448852595955,-1.774638602790945,7,0.8
182.52219453895353,-6.280417680810487,-1.7841605379831065,7,0.8
183.7917367995314,-6.280407431956542,-1.793830815254905,7,0.8
185.07010942485184,-6.280367228012899,-1.8035079975994477,7,0.8
186.35737383495882,-6.280348765408111,-1.8133375988649882,7,0.8
187.65359187710658,-6.280320351770819,-1.8232310565507226,7,0.8
188.95882582873088,-6.280295167313605,-1.833226344791076,7,0.8
190.27313840044144,-6.280254288588537,-1.8432695507183514,7,0.8
191.59659273903472,-6.280223688770439,-1.853436118640207,7,0.8
192.92925243052787,-6.280190813910603,-1.8636905073924932,7,0.8
194.27118150321374,-6.280136654323209,-1.8739771046989544,7,0.8
195.62244443073726,-6.280099966461048,-1.8844106142800516,7,0.8
196.98310613519297,-6.280055269385361,-1.8949164802240035,7,0.8
198.35323199024427,-6.280009163301034,-1.9055148278099292,7,0.8
199.73288782426437,-6.279961800339189,-1.916206748636445,7,0.8
201.12213992349908,-6.279913305095791,-1.9269932709051452,7,0.8
202.5210550352514,-6.279870204202391,-1.937895145922309,7,0.8
203.9297003710886,-6.279806847372517,-1.9488339584035403,7,0.8
205.3481436100714,-6.279748991416513,-1.9598895428325145,7,0.8
206.77645290200556,-6.279690217706411,-1.9710428363447627,7,0.8
208.21469687071618,-6.27962407245519,-1.9822741266968305,7,0.8
209.66294461734503,-6.27955693872531,-1.9936040343085746,7,0.8
211.12126572367004,-6.2794951747970975,-2.0050536559719405,7,0.8
212.5897302554489,-6.279432234481977,-2.0166029942402637,7,0.8
214.06840876578502,-6.279355092716189,-2.0282104331939,7,0.8
215.5573722985176,-6.279289335634887,-2.039959556890988,7,0.8
217.05669239163473,-6.279208987952844,-2.0517663566236792,7,0.8
218.5664410807106,-6.279133136180927,-2.0636939798833565,7,0.8
220.08669090236637,-6.279048615640942,-2.075699591785028,7,0.8
221.6175148977554,-6.27896801001417,-2.08782574513545,7,0.8
223.15898661607235,-6.278890980728206,-2.1000724010602094,7,0.8
224.71118011808713,-6.2787977967264155,-2.112373421957549,7,0.8
226.27416997970286,-6.278707395608498,-2.1247935229475496,7,0.8
227.8480312955392,-6.278619332020567,-2.137332226489369,7,0.8
229.43283968254013,-6.278520209152926,-2.149943991073763,7,0.8
231.02867128360725,-6.278422416675365,-2.1626722998717627,7,0.8
232.63560277125762,-6.278318937823545,-2.1754934132686254,7,0.8
234.25371135130806,-6.278222099831781,-2.188451571173468,7,0.8
235.88307476658426,-6.278111882665534,-2.201476653195264,7,0.8
237.523771300656,-6.278007005612997,-2.2146359394795705,7,0.8
239.17587978159838,-6.277900297678444,-2.2279047908436973,7,0.8
240.83947958577906,-6.277784541141443,-2.2412577160414955,7,0.8
242.51465064167206,-6.277678361128057,-2.254763346587418,7,0.8
244.2014734336979,-6.277548570699578,-2.2683007734023812,7,0.8
245.9000290060905,-6.277433144630012,-2.2820104337672538,7,0.8
247.61039896679097,-6.277311759049927,-2.295818304239755,7,0.8
249.33266549136863,-6.277183466644506,-2.309721370296282,7,0.8
251.06691132696898,-6.277060245108012,-2.3237655614310255,7,0.8
252.81321979628953,-6.276921623298958,-2.337874104462526,7,0.8
254.5716748015829,-6.276798959909852,-2.3521674192378317,7,0.8
256.3423608286881,-6.276658722648917,-2.366517998441653,7,0.8
258.12536295108947,-6.276512734323633,-2.380971606887049,7,0.8
259.9207668340045,-6.276366299821,-2.3955496712657487,7,0.8
261.72865873849923,-6.27621819504766,-2.4102484032009217,7,0.8
263.54912552563275,-6.276073652370412,-2.425089559903604,7,0.8
265.38225466063074,-6.275924869660711,-2.4400433149151057,7,0.8
267.2281342170877,-6.275770496641559,-2.4551050128731586,7,0.8
269.08685288119824,-6.27560914032773,-2.4702696927212218,7,0.8
270.95849995601833,-6.2754458734978,-2.4855586397995326,7,0.8
272.8431653657559,-6.275285736387028,-2.5009935627201796,7,0.8
274.74093966009104,-6.275114197328174,-2.516515795456789,7,0.8
276.6519140185268,-6.274942724965048,-2.5321733310077104,7,0.8
278.5761802547697,-6.274769729451439,-2.5479607110821494,7,0.8
280.51383082114137,-6.274593578386534,-2.5638721391584207,7,0.8
282.4649588130198,-6.2744125974402465,-2.579901471983811,7,0.8
284.42965797331277,-6.274225070094036,-2.5960422117477258,7,0.8
286.40802269696155,-6.274042296031631,-2.61234367297478,7,0.8
288.40014803547615,-6.273849427167283,-2.628743237347713,7,0.8
290.4061297015021,-6.27366422576351,-2.6453187507204334,7,0.8
292.42606407341884,-6.273471757972925,-2.6620066568009464,7,0.8
294.4600481999708,-6.273263566000665,-2.678770304695109,7,0.8
296.50817980492957,-6.273057314120738,-2.695688180901661,7,0.8
298.5705572917893,-6.272844474223312,-2.7127236495473768,7,0.8
300.64727974849484,-6.27264921470024,-2.729986332917185,7,0.8
302.73844695220185,-6.2724367369583245,-2.747321438676605,7,0.8
304.84415937407124,-6.272204920636566,-2.7647191758811114,7,0.8
306.964518184096,-6.27198440127453,-2.782319913389635,7,0.8
309.09962525596205,-6.271766464575334,-2.800085818594741,7,0.8
311.24958317194296,-6.271535778936683,-2.817947260792257,7,0.8
313.4144952278283,-6.271296655330878,-2.8359247439441146,7,0.8
315.59446543788675,-6.271053379620273,-2.8540391862525913,7,0.8
317.7895985398634,-6.270816789557042,-2.872343116052703,7,0.8
320.000000000012,-6.270571396331199,-2.8907647361993862,7,0.8
322.22577601816215,-6.270321395222433,-2.909324937582587,7,0.8
324.4670335328215,-6.270077546136019,-2.9280768863404,7,0.8
326.7238802263142,-6.269811062050818,-2.9468826472288905,7,0.8
328.99642452995374,-6.269545812339449,-2.9658586151391577,7,0.8
331.2847756292533,-6.269285898521688,-2.9850267473286,7,0.8
333.5890434691715,-6.269008998953819,-3.004278453462746,7,0.8
335.90933875939425,-6.2687389486150344,-3.023732790859464,7,0.8
338.2457729796546,-6.268453348901185,-3.043279549755823,7,0.8
340.5984583850881,-6.2681760130096205,-3.0630393701759893,7,0.8
342.96750801162693,-6.267877851306713,-3.082866730360103,7,0.8
345.3530356814299,-6.267589267790759,-3.1029170887020157,7,0.8
347.75515600835195,-6.267294343061963,-3.1231110958986137,7,0.8
350.1739844034501,-6.266996983682712,-3.1434701951175636,7,0.8
352.60963708052907,-6.266694451407105,-3.163981675148101,7,0.8
355.0622310617241,-6.266383980593499,-3.184632342004915,7,0.8
357.53188418312425,-6.266049494999118,-3.2053382809674082,7,0.8
360.0187151004329,-6.265741321830637,-3.2263667375288594,7,0.8
362.52284329466966,-6.265416791958057,-3.247493825875432,7,0.8
365.0443890779098,-6.2650796934381585,-3.26874024874165,7,0.8
367.58347359906554,-6.2647404688457335,-3.2901633146884963,7,0.8
370.14021884970646,-6.264402910327162,-3.311785490214022,7,0.8
372.7147476699204,-6.2640641383481865,-3.3335931576875795,7,0.8
375.30718375421594,-6.263707904208395,-3.3554984757544903,7,0.8
377.9176516574646,-6.263357975762251,-3.3776338434010076,7,0.8
380.5462768008857,-6.2629780232422,-3.3997987920031845,7,0.8
383.1931854780723,-6.262611869029606,-3.422238983713013,7,0.8
385.85850486105863,-6.262236516956953,-3.444827772891386,7,0.8
388.5423630064304,-6.261862390933784,-3.467625786235366,7,0.8
391.2448888614774,-6.261479827669767,-3.4905799551488923,7,0.8
393.96621227038884,-6.261092548319196,-3.51371310367703,7,0.8
396.7064639804915,-6.260690852015989,-3.536970681614067,7,0.8
399.4657756485318,-6.260285165576656,-3.560414360634475,7,0.8
402.24427984700117,-6.259885948182554,-3.5841075255327977,7,0.8
405.04211007050577,-6.259463302882617,-3.60787643431164,7,0.8
407.85940074218024,-6.259034395459484,-3.631823085301506,7,0.8
410.69628722014585,-6.258616451292889,-3.656052353837442,7,0.8
413.55290580401413,-6.258179514854496,-3.680387468767311,7,0.8
416.42939374143555,-6.257734060589151,-3.704892319679511,7,0.8
419.3258892346932,-6.257283843358521,-3.729591393855999,7,0.8
422.24253144734325,-6.256832638213848,-3.7545098863075026,7,0.8
425.179460510901,-6.256384241022891,-3.7796737207033844,7,0.8
428.13681753157323,-6.255915352391504,-3.8049411824208663,7,0.8
431.11474459703845,-6.255443311568741,-3.830420960654071,7,0.8
434.11338478327275,-6.254965156149569,-3.8560967953184253,7,0.8
437.13288216142445,-6.254471125372297,-3.8819090323513756,7,0.8
440.173381804736,-6.253971849946119,-3.9079262699012896,7,0.8
443.23502979551404,-6.253478016208617,-3.9342191109046896,7,0.8
446.31797323214806,-6.252959453092885,-3.960596836073004,7,0.8
449.4223602361776,-6.2524473188428225,-3.987261268372369,7,0.8
452.5483399594091,-6.251931917249122,-4.014152932496118,7,0.8
455.6960625910818,-6.25138985000936,-4.041121114321305,7,0.8
458.8656793650838,-6.250852419090629,-4.068372071406307,7,0.8
462.0573425672179,-6.250309950366536,-4.095845267602253,7,0.8
465.2712055425187,-6.249745887443875,-4.123432797337766,7,0.8
468.5074227026196,-6.2491779724686,-4.151254309772589,7,0.8
471.76614953317204,-6.248617170857585,-4.179386550420414,7,0.8
475.04754260131557,-6.248026325465855,-4.207581377737499,7,0.8
478.3517595632003,-6.24745085199889,-4.2361486056919135,7,0.8
481.6789591715617,-6.246853588139386,-4.264838182407853,7,0.8
485.02930128334776,-6.2462455895340785,-4.2937272554818,7,0.8
488.40294686739946,-6.245631073525494,-4.322847266918977,7,0.8
491.8000580121847,-6.245007380083862,-4.35218232243902,7,0.8
495.2207979335857,-6.244371865637678,-4.381716260640868,7,0.8
498.665330982741,-6.2437357887964176,-4.411530810574459,7,0.8
502.1338226539417,-6.243082689706535,-4.44151251101,7,0.8
505.62643959258287,-6.242430857849838,-4.471793738742508,7,0.8
509.14334960316967,-6.241756893846978,-4.50221011641518,7,0.8
512.68472165738,-6.24108615740872,-4.532946112428047,7,0.8
516.2507259021829,-6.240395263158604,-4.5638358806956365,7,0.8
519.841533668013,-6.239695719772725,-4.5949650015619135,7,0.8
523.4573174770023,-6.238978113591002,-4.62626711147049,7,0.8
527.0982510512695,-6.238268093691158,-4.657933690494986,7,0.8
530.7645093212655,-6.237535283842796,-4.689743793034363,7,0.8
534.4562684341794,-6.236812492587171,-4.721944099002962,7,0.8
538.1737057624005,-6.236055253930317,-4.754205584187761,7,0.8
541.9169999120409,-6.235296494559421,-4.786777204559832,7,0.8
545.6863307315159,-6.234526975632107,-4.8195927972360195,7,0.8
549.4818793201863,-6.233751595497312,-4.852692821919556,7,0.8
553.3038280370578,-6.232954061209881,-4.885955678123894,7,0.8
557.1523605095437,-6.232146411068795,-4.9194761178567825,7,0.8
561.027661642287,-6.231333688228537,-4.953296602975005,7,0.8
564.9299176260438,-6.23049964947584,-4.9872941450893675,7,0.8
568.8593159466297,-6.229656513572368,-5.021566723141867,7,0.8
572.8160453939274,-6.228816617722313,-5.056215383448275,7,0.8
576.8002960709567,-6.2279638061929425,-5.091117020189801,7,0.8
580.8122594030085,-6.227067530861642,-5.126030915152933,7,0.8
584.8521281468421,-6.2261832085795685,-5.161401349830791,7,0.8
588.920096399946,-6.2252947757667005,-5.19710521411456,7,0.8
593.0163596098636,-6.224364500611351,-5.232840922570413,7,0.8
597.1411145835832,-6.223455428149344,-5.269122482607752,7,0.8
601.2945594969942,-6.222508235173007,-5.305471433524515,7,0.8
605.4768939044083,-6.221571812905564,-5.342291143875244,7,0.8
609.688318748147,-6.220601166016503,-5.379215584594339,7,0.8
613.9290363681965,-6.2196236714934425,-5.41647379290569,7,0.8
618.1992505119288,-6.218630555491863,-5.453996966455698,7,0.8
622.4991663438906,-6.2176276074867705,-5.491837406903339,7,0.8
626.8289904556613,-6.2166060923555655,-5.529925653851976,7,0.8
631.1889308757782,-6.215564572348234,-5.568252848919768,7,0.8
635.5791970797316,-6.214523642439919,-5.606998204646644,7,0.8
640.0000000000289,-6.213460013522968,-5.6459677492750515,7,0.8
644.4515520363291,-6.2123723455174495,-5.68515298883337,7,0.8
648.9340670656479,-6.211281461064094,-5.724737504091403,7,0.8
653.4477604526332,-6.210171433688197,-5.7645882385795835,7,0.8
657.9928490599125,-6.209041065256075,-5.804698486604493,7,0.8
662.5695512585116,-6.207904035485234,-5.845192386369246,7,0.8
667.178086938348,-6.206744428854261,-5.885934734533796,7,0.8
671.8186775187937,-6.205561146464952,-5.9269193732316685,7,0.8
676.4915459593144,-6.204383001304398,-5.968407224771919,7,0.8
681.1969167701814,-6.203179209259928,-6.010129377363003,7,0.8
685.935016023259,-6.201948770563222,-6.0520803098626805,7,0.8
690.7060713628651,-6.200705756115697,-6.0943909870131785,7,0.8
695.5103120167091,-6.199441795205553,-6.136990576694082,7,0.8
700.3479688069056,-6.198171143605094,-6.180013876935192,7,0.8
705.2192741610634,-6.1968703737073705,-6.223251919537522,7,0.8
710.1244621234536,-6.1955765920570895,-6.267050730885477,7,0.8
715.0637683662537,-6.194243620335396,-6.3109902589597215,7,0.8
720.0374302008713,-6.192893506634027,-6.355278429297687,7,0.8
725.0456865893448,-6.191517975797485,-6.39984317923087,7,0.8
730.0887781558251,-6.1901240357263205,-6.4447548653660345,7,0.8
735.1669471981365,-6.188726483952038,-6.490158731415724,7,0.8
740.2804376994185,-6.187301801640541,-6.535839066315506,7,0.8
745.4294953398465,-6.185849432266112,-6.581795138291983,7,0.8
750.6143675084376,-6.18437659077374,-6.6281006405177925,7,0.8
755.8353033149348,-6.182898364715079,-6.674906300083448,7,0.8
761.0925536017771,-6.181383351491081,-6.721916517918437,7,0.8
766.3863709561504,-6.179862266833435,-6.769433055335937,7,0.8
771.717009722123,-6.1783036087264,-6.817156861420403,7,0.8
777.0847260128666,-6.176730479453223,-6.86531793418185,7,0.8
782.4897777229608,-6.175142671439392,-6.913921244474317,7,0.8
787.9324245407837,-6.173532122969129,-6.962894357420207,7,0.8
793.412927960989,-6.171898626885416,-7.012241447524074,7,0.8
798.9315512970695,-6.170234074396564,-7.061888178257134,7,0.8
804.4885596940084,-6.168554164820048,-7.111996839105588,7,0.8
810.0842201410177,-6.166834915469104,-7.162334416845534,7,0.8
815.7188014843666,-6.1651081159388985,-7.213225782173404,7,0.8
821.392574440298,-6.163341748330131,-7.264355951074639,7,0.8
827.1058116080346,-6.1615678539987675,-7.316055179982221,7,0.8
832.8587874828772,-6.159770437671655,-7.368169467817041,7,0.8
838.6517784693928,-6.157941440113971,-7.420623578882412,7,0.8
844.4850628946929,-6.156080858061887,-7.473423883248784,7,0.8
850.3589210218082,-6.154196869660874,-7.526661258564073,7,0.8
856.2736350631529,-6.152281427982871,-7.580260101921204,7,0.8
862.2294891940834,-6.15034282220396,-7.634313406784942,7,0.8
868.226769566552,-6.1483977109351775,-7.689002881053805,7,0.8
874.2657643228554,-6.14638865869124,-7.743737513080669,7,0.8
880.3467636094787,-6.144381810704573,-7.799215695697627,7,0.8
886.4700595910348,-6.142327802847878,-7.854928411311978,7,0.8
892.635946464303,-6.14026007338497,-7.911235320365267,7,0.8
898.844720472362,-6.138162303411523,-7.967973012430949,7,0.8
905.096679918825,-6.136026374867657,-8.025063166786946,7,0.8
911.3921251821704,-6.133860946199921,-8.082605789734508,7,0.8
917.7313587301744,-6.131683287660127,-8.140794725742195,7,0.8
924.1146851344428,-6.129451478222807,-8.199189365471202,7,0.8
930.5424110850445,-6.127199743708534,-8.258165585664779,7,0.8
937.0148454052463,-6.124911488574952,-8.317553688505603,7,0.8
943.5322990663512,-6.1226042536705405,-8.377552881039826,7,0.8
950.0950852026382,-6.120244127327964,-8.437803874033676,7,0.8
956.7035191264079,-6.11786595165118,-8.498695048133245,7,0.8
963.3579183431307,-6.115452986583944,-8.560053676157278,7,0.8
970.0586025667028,-6.113014424742343,-8.6219904077738,7,0.8
976.8058937348063,-6.110524586439494,-8.684232238027825,7,0.8
983.6001160243768,-6.108018962832311,-8.747180439761507,7,0.8
990.4415958671789,-6.1054629932388735,-8.810463000362025,7,0.8
997.3306619654895,-6.10286590488213,-8.874191414275302,7,0.8
1004.267645307891,-6.1002459977682575,-8.938579971097994,7,0.8
1011.2528791851732,-6.097595071973836,-9.003548561241324,7,0.8
1018.2866992063468,-6.094895827652658,-9.068913969626074,7,0.8
1025.3694433147675,-6.092166757537774,-9.134894317539906,7,0.8
1032.5014518043733,-6.089399518079791,-9.201407027011589,7,0.8
1039.6830673360337,-6.0865765384761,-9.268264191592817,7,0.8
1046.9146349540124,-6.083725639922822,-9.33579155182979,7,0.8
1054.1965021025467,-6.080856797493876,-9.404115155046345,7,0.8
1061.5290186425389,-6.077924861873091,-9.472733140674634,7,0.8
1068.9125368683667,-6.074967236897368,-9.542083372540997,7,0.8
1076.347411524809,-6.071938279833889,-9.611655545765664,7,0.8
1083.8339998240897,-6.068903698826378,-9.682214860177899,7,0.8
1091.37266146304,-6.065808339652125,-9.753140970574886,7,0.8
1098.9637586403808,-6.062680956860563,-9.824777076466702,7,0.8
1106.607656074124,-6.059493966474711,-9.896817420920895,7,0.8
1114.3047210190957,-6.056285971937894,-9.969721544941747,7,0.8
1122.0553232845823,-6.053000574247656,-10.04284856283232,7,0.8
1129.859835252096,-6.049686141107586,-10.11677288080502,7,0.8
1137.7186318932681,-6.046333979352631,-10.191407687314435,7,0.8
1145.6320907878635,-6.042935232689491,-10.266663646167219,7,0.8
1153.600592141922,-6.039480874391916,-10.342448848699902,7,0.8
1161.6245188060257,-6.03598134808529,-10.418899448438943,7,0.8
1169.704256293693,-6.032437450147348,-10.496039293883548,7,0.8
1177.840192799901,-6.028820222527691,-10.573541913805084,7,0.8
1186.032719219736,-6.025189921975329,-10.652131837911757,7,0.8
1194.2822291671753,-6.021497735185397,-10.731249052836626,7,0.8
1202.5891189939975,-6.017754333213329,-10.811034414233813,7,0.8
1210.9537878088256,-6.013940195000581,-10.891271753592354,7,0.8
1219.3766374963034,-6.01008638136857,-10.972344631758986,7,0.8
1227.8580727364024,-6.0061836224871055,-11.054159304141812,7,0.8
1236.3985010238666,-6.0022327658592065,-11.13674215328842,7,0.8
1244.9983326877905,-5.998224311153831,-11.219996433065106,7,0.8
1253.657980911332,-5.99414854707521,-11.303822545348721,7,0.8
1262.377861751566,-5.990027036211072,-11.388494600907558,7,0.8
1271.1583941594727,-5.985839618500365,-11.47378870850921,7,0.8
1280.0000000000673,-5.981597530703072,-11.559856460810233,7,0.8
1288.9031040726677,-5.977312287276698,-11.646853671021699,7,0.8
1297.8681341313059,-5.972941932452476,-11.734294754359203,7,0.8
1306.8955209052763,-5.968540850424757,-11.822850656624016,7,0.8
1315.9856981198345,-5.964055929634898,-11.911901561932456,7,0.8
1325.1391025170333,-5.959542271458151,-12.002128880650213,7,0.8
1334.3561738767062,-5.9549241067951435,-12.092639213322986,7,0.8
1343.6373550375972,-5.950267950380519,-12.184252725554614,7,0.8
1352.9830919186386,-5.945530391816782,-12.27646553720694,7,0.8
1362.393833540373,-5.940768034217082,-12.369980417299367,7,0.8
1371.8700320465282,-5.935880624458717,-12.46360686421941,7,0.8
1381.4121427257405,-5.930970205267744,-12.558597454322243,7,0.8
1391.0206240334287,-5.925969625566542,-12.6541613948702,7,0.8
1400.6959376138216,-5.920913785895367,-12.750741346179439,7,0.8
1410.4385483221372,-5.915803691218251,-12.848370719030825,7,0.8
1420.2489242469178,-5.910605291123091,-12.946658927326846,7,0.8
1430.1275367325184,-5.9053424945227695,-13.045916926631719,7,0.8
1440.0748604017533,-5.899980580975132,-13.145746432803712,7,0.8
1450.0913731787002,-5.894579419199259,-13.246894487301773,7,0.8
1460.177556311661,-5.889104350751863,-13.348964164248303,7,0.8
1470.3338943962842,-5.88354396552006,-13.451840269311933,7,0.8
1480.560875398848,-5.877886531962636,-13.555404120750843,7,0.8
1490.8589906797042,-5.872206043884297,-13.660574795949469,7,0.8
1501.2287350168863,-5.866380529842067,-13.765900289238775,7,0.8
1511.670606629881,-5.860546421352076,-13.87305538262239,7,0.8
1522.1851072035656,-5.8545802641664855,-13.980571487024164,7,0.8
1532.772741912312,-5.84854487280627,-14.089233241513844,7,0.8
1543.4340194442575,-5.84245393960888,-14.199231056897181,7,0.8
1554.1694520257447,-5.836257280636272,-14.30998441477809,7,0.8
1564.9795554459333,-5.82996797444829,-14.42167751964159,7,0.8
1575.8648490815792,-5.823599522457311,-14.534499635675449,7,0.8
1586.8258559219898,-5.817192203071897,-14.648962248846649,7,0.8
1597.863102594151,-5.810641590639566,-14.763834784138215,7,0.8
1608.9771193880288,-5.804027230770105,-14.880102439704515,7,0.8
1620.1684402820476,-5.7973098677890755,-14.997320878683308,7,0.8
1631.4376029687455,-5.790489773030333,-15.115522043511115,7,0.8
1642.7851488806082,-5.783622090723252,-15.235395527241854,7,0.8
1654.2116232160815,-5.776611728356169,-15.355830759568452,7,0.8
1665.7175749657672,-5.769555611245925,-15.478017348871866,7,0.8
1677.303556938798,-5.762399297672076,-15.601333151777173,7,0.8
1688.9701257893985,-5.755129044468648,-15.725644767037952,7,0.8
1700.7178420436294,-5.747773564290334,-15.851325171288027,7,0.8
1712.5472701263188,-5.740290446606408,-15.977900912017871,7,0.8
1724.4589783881795,-5.7327376955482094,-16.10609273159597,7,0.8
1736.453539133117,-5.72505792038173,-16.23525128204074,7,0.8
1748.531528645724,-5.717310217644529,-16.36610854447882,7,0.8
1760.6935272189705,-5.70943625228077,-16.498006948643,7,0.8
1772.940119182083,-5.701466091955809,-16.631334885751375,7,0.8
1785.2718929286193,-5.693385265611111,-16.765955220078826,7,0.8
1797.6894409447373,-5.685194153004326,-16.901906599330704,7,0.8
1810.1933598376636,-5.676939680947881,-17.03977232274471,7,0.8
1822.7842503643546,-5.6685140794612545,-17.178326129871937,7,0.8
1835.4627174603627,-5.659979285657444,-17.31832909011753,7,0.8
1848.2293702688994,-5.651399621212062,-17.46056363566247,7,0.8
1861.0848221701028,-5.642664823138355,-17.603782836000896,7,0.8
1874.0296908105065,-5.63380667254469,-17.748393994676626,7,0.8
1887.0645981327166,-5.62482539824928,-17.894437498371982,7,0.8
1900.190170405291,-5.615754412949726,-18.04233539860514,7,0.8
1913.4070382528298,-5.606561539311158,-18.191754228937377,7,0.8
1926.715836686276,-5.5972302498332525,-18.342543802849782,7,0.8
1940.1172051334202,-5.587794601857542,-18.49513276125618,7,0.8
1953.611787469627,-5.578255578124006,-18.649569813724305,7,0.8
1967.2002320487684,-5.568544557002212,-18.80511580873091,7,0.8
1980.8831917343723,-5.558748515327236,-18.962797671472078,7,0.8
1994.661323930994,-5.54881583290621,-19.12207111679534,7,0.8
2008.535290615797,-5.538764629987795,-19.283181579942944,7,0.8
2022.5057583703617,-5.528559369106159,-19.445772704640707,7,0.8
2036.573398412709,-5.518236428289873,-19.610294506556322,7,0.8
2050.7388866295505,-5.507778161112325,-19.776592438456515,7,0.8
2065.0029036087626,-5.497203681249826,-19.944921281164874,7,0.8
2079.366134672083,-5.486457209802742,-20.114708653087373,7,0.8
2093.8292699080407,-5.47563375485732,-20.28704513334105,7,0.8
2108.3930042051093,-5.4646389798853665,-20.460937615659642,7,0.8
2123.0580372850936,-5.45351140631256,-20.63685468779534,7,0.8
2137.82507373675,-5.442251750437893,-20.814849023269783,7,0.8
2152.6948230496346,-5.43084080022861,-20.994758566772237,7,0.8
2167.6679996481957,-5.419319228069882,-21.17706811681453,7,0.8
2182.7453229260964,-5.407627290336291,-21.36118174109577,7,0.8
2197.927517280778,-5.39578534564899,-21.54736759547774,7,0.8
2213.2153121482643,-5.383835687255546,-21.73612259857302,7,0.8
2228.6094420382083,-5.371695559522251,-21.926617366219016,7,0.8
2244.1106465691814,-5.35940693863084,-22.119347978270362,7,0.8
2259.7196705042093,-5.346992168839733,-22.314597454792892,7,0.8
2275.4372637865536,-5.3344527784258124,-22.5124282502743,7,0.8
2291.2641815757443,-5.321723840618112,-22.712215956326766,7,0.8
2307.2011842838615,-5.3088496658532955,-22.914473323725762,7,0.8
2323.2490376120686,-5.295831319729661,-23.119261722213913,7,0.8
2339.4085125874035,-5.282623969128922,-23.326175739911086,7,0.8
2355.6803855998196,-5.269297087147123,-23.53597648109095,7,0.8
2372.0654384394898,-5.2558529257757645,-23.74873364529196,7,0.8
2388.5644583343683,-5.242198438965201,-23.963563493586275,7,0.8
2405.178237988013,-5.228380972351295,-24.180999963424338,7,0.8
2421.9075756176694,-5.214450340966268,-24.401590827591022,7,0.8
2438.753274992625,-5.200310300230495,-24.62443732648057,7,0.8
2455.716145472823,-5.186035392628052,-24.8503316825235,7,0.8
2472.797002047752,-5.1716024292883525,-25.079100129958807,7,0.8
2489.9966653755996,-5.157012827328601,-25.310812088598425,7,0.8
2507.3159618226828,-5.1422420815433565,-25.54528859220998,7,0.8
2524.755723503151,-5.127317303357489,-25.782848405708272,7,0.8
2542.3167883189644,-5.112320623821147,-26.024323967826163,7,0.8
2560.0000000001537,-5.097040388759511,-26.26776833969496,7,0.8
2577.806208145355,-5.081610823817913,-26.51451476222807,7,0.8
2595.736268262631,-5.066089963885345,-26.765156658942164,7,0.8
2613.7910418105726,-5.050369787523875,-27.018745747073698,7,0.8
2631.971396239689,-5.034508006704987,-27.275875255816377,7,0.8
2650.2782050340866,-5.018391714555769,-27.53557765800414,7,0.8
2668.7123477534324,-5.002195622911383,-27.799502476053764,7,0.8
2687.274710075215,-4.98583620686174,-28.066947806253886,7,0.8
2705.9661838372976,-4.969315913279639,-28.337996080448534,7,0.8
2724.7876670807664,-4.952606802916187,-28.6124625182285,7,0.8
2743.740064093077,-4.9357725546062525,-28.89096887313109,7,0.8
2762.824285451502,-4.918786120806404,-29.173335212345787,7,0.8
2782.0412480668783,-4.901618983069654,-29.459377013014212,7,0.8
2801.391875227664,-4.884305809397092,-29.749455341791943,7,0.8
2820.8770966442953,-4.866784864587449,-30.043109408193608,7,0.8
2840.4978484938565,-4.849190723578715,-30.341536548141864,7,0.8
2860.2550734650586,-4.831429403119034,-30.644002832453378,7,0.8
2880.1497208035285,-4.8135385487517865,-30.950882362805036,7,0.8
2900.1827463574223,-4.795488557045196,-31.261991796250197,7,0.8
2920.355112623344,-4.7772834210616555,-31.577427700681945,7,0.8
2940.6677887925907,-4.758927449479503,-31.897288464004482,7,0.8
2961.121750797718,-4.740461600966482,-32.221961232358794,7,0.8
2981.717981359431,-4.721892479906391,-32.551552282452,7,0.8
3002.4574700337953,-4.703152307872716,-32.88559015715319,7,0.8
3023.3412132597846,-4.684207244759158,-33.22388526396142,7,0.8
3044.3702144071544,-4.6652912566786675,-33.568291601970444,7,0.8
3065.545483824648,-4.646104919676571,-33.91658447890346,7,0.8
3086.868038888538,-4.6269261979570615,-34.27092456830894,7,0.8
3108.338904051513,-4.607606715623628,-34.630251128923554,7,0.8
3129.9591108918903,-4.588234513581464,-34.99527003852838,7,0.8
3151.7296981631816,-4.568653759990708,-35.36490657609932,7,0.8
3173.651711844004,-4.549078749881912,-35.74076747854834,7,0.8
3195.726205188326,-4.529394381426664,-36.12207662548163,7,0.8
3217.954238776082,-4.50960884708308,-36.50895221089189,7,0.8
3240.3368805641194,-4.489863423207629,-36.90242323339934,7,0.8
3262.8752059375156,-4.470038976037164,-37.301708343135516,7,0.8
3285.570297761241,-4.45005434991388,-37.70632091759836,7,0.8
3308.4232464321876,-4.430101006241624,-38.11760349587696,7,0.8
3331.435149931559,-4.410100446799868,-38.53507455650066,7,0.8
3354.607113877621,-4.39011233658498,-38.95916931271906,7,0.8
3377.9402515788224,-4.37010304342164,-39.38971121769187,7,0.8
3401.4356840872842,-4.350233759106864,-39.82775656894545,7,0.8
3425.094540252663,-4.3302253463927345,-40.27158728474364,7,0.8
3448.9179567763854,-4.310238250728961,-40.722260180399914,7,0.8
3472.9070782662598,-4.290339878305198,-41.180219173207874,7,0.8
3497.0630572914743,-4.270496833882193,-41.645289678209146,7,0.8
3521.387054437968,-4.250779962553838,-42.11791747162061,7,0.8
3545.880238364193,-4.231101970772706,-42.59761739044263,7,0.8
3570.543785857265,-4.211479735501916,-43.08452513365289,7,0.8
3595.378881889502,-4.192154585570228,-43.58001972393379,7,0.8
3620.3867196753545,-4.1727584849593296,-44.082062739700916,7,0.8
3645.5685007287366,-4.153764591813425,-44.59327435691957,7,0.8
3670.9254349207527,-4.134797244091236,-45.111617043364525,7,0.8
3696.458740537827,-4.116170467434927,-45.638775629668174,7,0.8
3722.1696443402334,-4.097673880209134,-46.17364512761893,7,0.8
3748.0593816210417,-4.079451670776672,-46.7169772716783,7,0.8
3774.129196265462,-4.0615320627957585,-47.26890231680969,7,0.8
3800.3803408106105,-4.043817799594703,-47.82893630254303,7,0.8
3826.8140765056887,-4.026591104036068,-48.39843109627554,7,0.8
3853.43167337258,-4.009628538921836,-48.97628807450088,7,0.8
3880.2344102668694,-3.993222894081093,-49.56384319763914,7,0.8
3907.223574939284,-3.977145383430015,-50.16000118422789,7,0.8
3934.400464097566,-3.9614258854919564,-50.764883627277506,7,0.8
3961.7663834687746,-3.9463039933397392,-51.37949880264022,7,0.8
3989.322647862018,-3.931751097900336,-52.00364816248048,7,0.8
4017.070581231624,-3.9176641962471197,-52.63684357633064,7,0.8
4045.011516740754,-3.904223822565403,-53.27976835584319,7,0.8
4073.1467968254487,-3.8914729631567098,-53.9325055709419,7,0.8
4101.477773259132,-3.8793811798710403,-54.59484679223455,7,0.8
4130.005807217556,-3.8680669293729215,-55.26714866684912,7,0.8
4158.732269344197,-3.8572692984978034,-55.948361208031656,7,0.8
4187.658539816113,-3.8475704758261675,-56.6404897772997,7,0.8
4216.78600841025,-3.8385548852018565,-57.34192272517785,7,0.8
4246.116074570219,-3.830585040231666,-58.05378528692309,7,0.8
4275.650147473531,-3.823390970822814,-58.77503697149129,7,0.8
4305.389646099301,-3.8171814140194353,-59.50623510932744,7,0.8
4335.335999296423,-3.812091440841783,-60.24763751447546,7,0.8
4365.4906458522255,-3.8081768798448428,-60.99922222948145,7,0.8
4395.8550345615895,-3.805494545910034,-61.76095213346097,7,0.8
4426.430624296562,-3.8037547486177288,-62.53183223138294,7,0.8
4457.21888407645,-3.8035306934438724,-63.313241178569946,7,0.8
4488.2212931383965,-3.804354198926304,-64.10371755747211,7,0.8
4519.439341008452,-3.806452588235979,-64.90366908861303,7,0.8
4550.874527573141,-3.810244208237519,-65.71385836782822,7,0.8
4582.528363151522,-3.8154277271246806,-66.5332936618377,7,0.8
4614.402368567757,-3.822244056060105,-67.36225263212954,7,0.8
4646.498075224173,-3.8302841649104713,-68.19961566610539,7,0.8
4678.817025174842,-3.840353976211741,-69.04674840088983,7,0.8
4711.360771199674,-3.85185151177905,-69.90215449384335,7,0.8
4744.130876879015,-3.865019399535545,-70.76602405433314,7,0.8
4777.128916668773,-3.8802046183159575,-71.63861911530654,7,0.8
4810.356475976061,-3.8973698248312334,-72.51948885473485,7,0.8
4843.815151235375,-3.9161755651023338,-73.4077814223306,7,0.8
4877.506549985286,-3.936968503416227,-74.30367296186323,7,0.8
4911.432290945683,-3.9598011768898536,-75.20685181421466,7,0.8
4945.594004095541,-3.9846231848111078,-76.11687699346489,7,0.8
4979.9933307512365,-4.011685643597478,-77.0336261735748,7,0.8
5014.631923645403,-4.040729884094948,-77.95643143660158,7,0.8
5049.511447006339,-4.072003639004237,-78.88512413943548,7,0.8
5084.633576637967,-4.1056531147849755,-79.81936742756744,7,0.8
5120.000000000346,-4.141303611760265,-80.7584760466691,7,0.8
5155.612416290749,-4.179510604356641,-81.70234332311044,7,0.8
5191.4725365253,-4.219891652190876,-82.65030728819767,7,0.8
5227.582083621183,-4.262581026498136,-83.60199229773194,7,0.8
5263.942792479418,-4.307921676169019,-84.5569942179148,7,0.8
5300.556410068212,-4.355412219294641,-85.51474333932346,7,0.8
5337.424695506905,-4.405388837580397,-86.47481496923565,7,0.8
5374.54942015047,-4.457763402548334,-87.43672153256595,7,0.8
5411.932367674636,-4.51254954483258,-88.39998266290607,7,0.8
5449.575334161574,-4.569862859110147,-89.3640700453399,7,0.8
5487.480128186196,-4.629604094450965,-90.32851490392595,7,0.8
5525.648570903045,-4.69188115191345,-91.29276079968054,7,0.8
5564.082496133798,-4.756482420826966,-92.25643641906012,7,0.8
5602.78375045537,-4.823718070883773,-93.21882135785931,7,0.8
5641.754193288633,-4.893264796182024,-94.17965922898799,7,0.8
5680.995696987757,-4.9652156333006054,-95.13839053123736,7,0.8
5720.51014693016,-5.039658616491899,-96.09441736530634,7,0.8
5760.2994416071,-5.116573344604859,-97.0472379648349,7,0.8
5800.365492714889,-5.195628561068014,-97.99678754601933,7,0.8
5840.710225246731,-5.277107609289956,-98.94222024417752,7,0.8
5881.335577585225,-5.3609800128678655,-99.88306580798505,7,0.8
5922.243501595481,-5.447111641443111,-100.81904078011593,7,0.8
5963.435962718906,-5.535467992809908,-101.7497328451785,7,0.8
6004.914940067636,-5.625913074330192,-102.67493688517438,7,0.8
6046.682426519615,-5.718605913804533,-103.59389473875825,7,0.8
6088.740428814354,-5.813210687895013,-104.50684561423016,7,0.8
6131.090967649341,-5.910266473678898,-105.4121734550655,7,0.8
6173.736077777122,-6.008953892984902,-106.31127063742146,7,0.8
6216.6778081030725,-6.109897278692068,-107.2022661183266,7,0.8
6259.918221783827,-6.212758786373995,-108.08552513717174,7,0.8
6303.4593963264115,-6.3173034687545755,-108.96127713270079,7,0.8
6347.303423688055,-6.423759830819927,-109.82852832231524,7,0.8
6391.4524103767,-6.532072313231256,-110.68701628663648,7,0.8
6435.9084775522115,-6.642006427514685,-111.53704817959613,7,0.8
6480.673761128287,-6.753511789289025,-112.37844218690452,7,0.8
6525.750411875079,-6.866624464568355,-113.21074544679743,7,0.8
6571.140595522531,-6.981375734446903,-114.03349704202459,7,0.8
6616.846492864425,-7.097538833185598,-114.84712923514502,7,0.8
6662.870299863169,-7.215229399107345,-115.65091715742743,7,0.8
6709.214227755292,-7.334225593002424,-116.44535050149523,7,0.8
6755.880503157695,-7.4545579975919365,-117.23003084038285,7,0.8
6802.871368174619,-7.576332528092004,-118.00423518351128,7,0.8
6850.189080505378,-7.699096856707033,-118.76949129908137,7,0.8
6897.835913552822,-7.823118627380011,-119.5244708744322,7,0.8
6945.814156532571,-7.948190714640699,-120.26978735197595,7,0.8
6994.126114583001,-8.07434097532563,-121.00508997563752,7,0.8
7042.774108875988,-8.201519721789023,-121.73036519405859,7,0.8
7091.760476728439,-8.329750675685917,-122.44526894871645,7,0.8
7141.087571714584,-8.458840096719317,-123.15049371594262,7,0.8
7190.757763779057,-8.588744971798812,-123.84606915396814,7,0.8
7240.773439350762,-8.719423376912754,-124.53203374630338,7,0.8
7291.137001457528,-8.851105319864757,-125.20702235718518,7,0.8
7341.850869841561,-8.983404476744445,-125.87283993721327,7,0.8
7392.917481075709,-9.116285904489423,-126.52955592564992,7,0.8
7444.339288680522,-9.249972765582568,-127.17581121757145,7,0.8
7496.118763242139,-9.384292540063665,-127.81238787355424,7,0.8
7548.258392530979,-9.519021037134895,-128.44044802787002,7,0.8
7600.760681621277,-9.65455755253086,-129.05755028519258,7,0.8
7653.628153011434,-9.790374742451416,-129.66667762407118,7,0.8
7706.863346745218,-9.926686061679197,-130.26647898501952,7,0.8
7760.468820533797,-10.0636311827792,-130.855958941396,7,0.8
7814.447149878626,-10.20077224818345,-131.43777060670627,7,0.8
7868.800928195191,-10.33831323047622,-132.01056375500212,7,0.8
7923.532766937609,-10.476278935123968,-132.57408167739527,7,0.8
7978.645295724095,-10.614477085501683,-133.12953241477007,7,0.8
8034.141162463309,-10.75309649017045,-133.67556827026766,7,0.8
8090.023033481568,-10.891898555824307,-134.21376726796794,7,0.8
8146.293593650958,-11.030914485349708,-134.74388103526778,7,0.8
8202.955546518326,-11.170122900630194,-135.26602756551043,7,0.8
8260.011614435174,-11.30964967824072,-135.77923357071288,7,0.8
8317.464538688457,-11.449371398139284,-136.28435034052228,7,0.8
8375.317079632288,-11.58912601510863,-136.7825878699178,7,0.8
8433.572016820564,-11.729085578528384,-137.27261429745056,7,0.8
8492.232149140504,-11.869137650486524,-137.75527624275654,7,0.8
8551.300294947127,-12.009266317261133,-138.2306932477007,7,0.8
8610.779292198666,-12.14954352029494,-138.69826646727066,7,0.8
8670.671998592914,-12.289864534110267,-139.15883646139903,7,0.8
8730.981291704516,-12.430215795745127,-139.6125210963128,7,0.8
8791.710069123244,-12.570584440285783,-140.0594372850674,7,0.8
8852.86124859319,-12.711038986207495,-140.49899273561394,7,0.8
8914.437768152968,-12.851484140927978,-140.93201574220654,7,0.8
8976.44258627686,-12.991909063819985,-141.3586201134142,7,0.8
9038.878682016972,-13.132379758131652,-141.77821864694818,7,0.8
9101.74905514635,-13.2728074368514,-142.1916281725821,7,0.8
9165.056726303115,-13.413146344914747,-142.5993054233666,7,0.8
9228.804737135582,-13.553426041855044,-143.00100888121028,7,0.8
9292.996150448414,-13.693744502782128,-143.395814591204,7,0.8
9357.634050349754,-13.833949451450716,-143.7852104209926,7,0.8
9422.721542399418,-13.974069859906358,-144.16895500573932,7,0.8
9488.261753758103,-14.114199327299472,-144.54613503751133,7,0.8
9554.257833337617,-14.254096588619259,-144.91922414052715,7,0.8
9620.712951952195,-14.394020651366617,-145.28562029305732,7,0.8
9687.630302470823,-14.533769446752324,-145.6474413675015,7,0.8
9755.013099970645,-14.673527476758753,-146.0027840196127,7,0.8
9822.864581891441,-14.813070278020957,-146.35407096884367,7,0.8
9891.188008191157,-14.952547972910217,-146.6997396614611,7,0.8
9959.98666150255,-15.091894656617749,-147.04054358671274,7,0.8
10029.26384729088,-15.231077936192127,-147.3768957289768,7,0.8
10099.022894012754,-15.370208987241941,-147.70758977187424,7,0.8
10169.26715327601,-15.50919688784413,-148.0336889243549,7,0.8
10240.000000000768,-15.648011668215878,-148.35559551736574,7,0.8
10311.224832581574,-15.786732436234072,-148.67243758344995,7,0.8
10382.945073050678,-15.925275274559759,-148.98525052770924,7,0.8
10455.164167242447,-16.063691067427463,-149.29348314804054,7,0.8
10527.885584958914,-16.201951266425382,-149.5975294224429,7,0.8
10601.112820136505,-16.340054230485908,-149.89746553300415,7,0.8
10674.849391013888,-16.477998503919792,-150.19336612178898,7,0.8
10749.098840301021,-16.615830672297,-150.4846952806467,7,0.8
10823.864735349352,-16.753476530656336,-150.77244407683202,7,0.8
10899.15066832323,-16.891005681173677,-151.05577501973627,7,0.8
10974.960256372473,-17.028346862101305,-151.33566447288823,7,0.8
11051.297141806172,-17.165522959576258,-151.6118771696425,7,0.8
11128.16499226768,-17.302555353321292,-151.88418429632893,7,0.8
11205.567500910824,-17.439442516958618,-152.15265623883516,7,0.8
11283.508386577352,-17.576119811344398,-152.4182343531587,7,0.8
11361.991393975597,-17.712672271025166,-152.67981342353877,7,0.8
11441.020293860403,-17.849056969014388,-152.93803942989584,7,0.8
11520.598883214287,-17.985274024230463,-153.1929716010902,7,0.8
11600.730985429864,-18.121362930040817,-153.44410192492512,7,0.8
11681.420450493551,-18.257264026197703,-153.69234193381186,7,0.8
11762.671155170538,-18.392997705783962,-153.9374622229528,7,0.8
11844.48700319105,-18.528583071728946,-154.17923993218662,7,0.8
11926.871925437901,-18.663983093423685,-154.41828459322974,7,0.8
12009.82988013536,-18.799235326991862,-154.65409575322758,7,0.8
12093.36485303932,-18.934339513240424,-154.88673007350184,7,0.8
12177.4808576288,-19.069260758642965,-155.11678228173622,7,0.8
12262.181935298773,-19.204034920446414,-155.343760075146,7,0.8
12347.472155554336,-19.3386284347605,-155.56824852007526,7,0.8
12433.355616206238,-19.473092537683762,-155.78949682656733,7,0.8
12519.836443567749,-19.607394085112688,-156.0080861312007,7,0.8
12606.918792652916,-19.741534102429615,-156.2240611727973,7,0.8
12694.606847376202,-19.875529301963955,-156.43720731787337,7,0.8
12782.904820753494,-20.00937998057596,-156.64757292333562,7,0.8
12871.816955104521,-20.143026011329095,-156.85622447543824,7,0.8
12961.347522256672,-20.27653035151321,-157.06217484593137,7,0.8
13051.500823750257,-20.40990802839191,-157.2652185114975,7,0.8
13142.28119104516,-20.543130037779243,-157.465904330143,7,0.8
13233.69298572895,-20.676183515621428,-157.66451837751939,7,0.8
13325.740599726436,-20.809098227073015,-157.86060137186834,7,0.8
13418.428455510686,-20.941847450319035,-158.0546836413507,7,0.8
13511.761006315492,-21.074486882980885,-158.24582678996666,7,0.8
13605.74273634934,-21.206949819646333,-158.43528475438063,7,0.8
13700.378161010858,-21.339290867409876,-158.62212633337938,7,0.8
13795.671827105747,-21.471446260874707,-158.80758141913105,7,0.8
13891.628313065248,-21.603494606073134,-158.99025523298576,7,0.8
13988.252229166108,-21.735398355963284,-159.17089679964866,7,0.8
14085.548217752083,-21.867134630041765,-159.35000202325904,7,0.8
14183.520953456982,-21.998753793731428,-159.5266704971179,7,0.8
14282.175143429275,-22.130232567734332,-159.70140020422357,7,0.8
14381.515527558222,-22.26158391391379,-159.87399396604667,7,0.8
14481.546878701633,-22.392774596048277,-160.04516226735777,7,0.8
14582.274002915165,-22.52386302808384,-160.21380499436097,7,0.8
14683.70173968323,-22.65479401138156,-160.3810757576842,7,0.8
14785.834962151528,-22.78560249389228,-160.54633066955455,7,0.8
14888.678577361155,-22.91628936020181,-160.70960150775218,7,0.8
14992.23752648439,-23.04683458334228,-160.87135423576603,7,0.8
15096.516785062071,-23.177250392585883,-161.03139417041015,7,0.8
15201.521363242668,-23.307548328376868,-161.189532429866,7,0.8
15307.256306022984,-23.437709379016482,-161.34622396070185,7,0.8
15413.726693490553,-23.567764849524902,-161.50085498962983,7,0.8
15520.93764106771,-23.697686252175608,-161.65408751452574,7,0.8
15628.894299757369,-23.82749444209584,-161.80552411262693,7,0.8
15737.6018563905,-23.957171676909724,-161.95560547798044,7,0.8
15847.065533875337,-24.086738177784788,-162.10393935958223,7,0.8
15957.29059144831,-24.216185838792747,-162.25075590950595,7,0.8
16068.282324926739,-24.345516037063952,-162.3960767344802,7,0.8
16180.046066963258,-24.47473014109866,-162.53992302549045,7,0.8
16292.587187302037,-24.60381227430315,-162.68271403497334,7,0.8
16405.911093036775,-24.7328070140387,-162.82347253666927,7,0.8
16520.023228870472,-24.86169778408868,-162.962624205997,7,0.8
16634.92907737704,-24.990460881033467,-163.1007777029985,7,0.8
16750.634159264704,-25.119114588800976,-163.23755669747763,7,0.8
16867.144033641256,-25.24767613456197,-163.37259583575636,7,0.8
16984.464298281135,-25.37611473544169,-163.50668491858423,7,0.8
17102.600589894384,-25.50446327250664,-163.63907639303824,7,0.8
17221.558584397462,-25.632699531857327,-163.7703602683817,7,0.8
17341.343997185955,-25.760840091314712,-163.90017668902294,7,0.8
17461.962583409164,-25.888878510059467,-164.02873214116264,7,0.8
17583.42013824662,-26.016816045901948,-164.1560434477507,7,0.8
17705.72249718651,-26.144653945118353,-164.28212712384834,7,0.8
17828.875536306066,-26.272386426909065,-164.40718065750158,7,0.8
17952.885172553855,-26.400042667199884,-164.53049618424697,7,0.8
18077.75736403408,-26.527582111103932,-164.65317304629028,7,0.8
18203.498110292836,-26.655040387399133,-164.7743280621786,7,0.8
18330.113452606365,-26.782404875954438,-164.8943362046581,7,0.8
18457.609474271307,-26.90967675771477,-165.01321225221338,7,0.8
18585.99230089697,-27.036857201613383,-165.1309707203585,7,0.8
18715.26810069965,-27.163941073935153,-165.24779816873826,7,0.8
18845.44308479898,-27.2909545853907,-165.3630206460366,7,0.8
18976.523507516347,-27.417855316200395,-165.47785180904566,7,0.8
19108.51566667538,-27.54468755625314,-165.59111024036164,7,0.8
19241.425903904536,-27.671433837364887,-165.70332236949474,7,0.8
19375.260604941792,-27.798083614977056,-165.8148335745435,7,0.8
19510.026199941436,-27.92466718245076,-165.9248245878555,7,0.8
19645.729163783028,-28.051156588157312,-166.03413768790074,7,0.8
19782.376016382463,-28.177570099923962,-166.14229031198715,7,0.8
19919.973323005244,-28.30390303722161,-166.24945959547966,7,0.8
20058.527694581913,-28.430156441766453,-166.35565749027242,7,0.8
20198.045788025658,-28.55633134345917,-166.46089574682256,7,0.8
20338.53430655217,-28.682428760449795,-166.56518591817067,7,0.8
20480.00000000169,-28.808454850705193,-166.66838252235615,7,0.8
20622.4496651633,-28.934400228176926,-166.77081154082242,7,0.8
20765.890146101516,-29.060276103864325,-166.87217138624774,7,0.8
20910.32833448505,-29.186078301797863,-166.97262967934725,7,0.8
21055.771169917985,-29.311802938394933,-167.07234940418078,7,0.8
21202.22564027317,-29.43746550916508,-167.17088384178263,7,0.8
21349.698782027936,-29.563047709555185,-167.26885060023142,7,0.8
21498.197680602203,-29.68856942617936,-167.3656567808641,7,0.8
21647.72947069887,-29.81401290606624,-167.46191097625353,7,0.8
21798.301336646622,-29.939392954236496,-167.5571755801026,7,0.8
21949.920512745113,-30.064714689914283,-167.6513174484766,7,0.8
22102.59428361251,-30.18995243481516,-167.74522168590056,7,0.8
22256.32998453553,-30.315137924415964,-167.83787809871396,7,0.8
22411.135001821818,-30.44025451223868,-167.92987647618313,7,0.8
22567.01677315487,-30.565315751229146,-168.02079732956844,7,0.8
22723.98278795137,-30.690309791642317,-168.11107799608325,7,0.8
22882.04058772098,-30.8152376553666,-168.20072414738993,7,0.8
23041.197766428744,-30.94010831976695,-168.28946379558198,7,0.8
23201.4619708599,-31.064918492994483,-168.37744617846994,7,0.8
23362.840900987278,-31.189668979975707,-168.46467961236127,7,0.8
23525.342310341253,-31.31435676432414,-168.55130811744633,7,0.8
23688.974006382276,-31.43899406446767,-168.63693226190563,7,0.8
23853.743850875984,-31.56356652237584,-168.722101379676,7,0.8
24019.6597602709,-31.688093457030444,-168.8061528160342,7,0.8
24186.729706078822,-31.81255359165406,-168.88989480133236,7,0.8
24354.96171525778,-31.936965843519015,-168.97267113299637,7,0.8
24524.363870597732,-32.061323661919126,-169.0547551469936,7,0.8
24694.944311108862,-32.18562434140744,-169.13628337223076,7,0.8
24866.711232412665,-32.30987213745766,-169.21713199961187,7,0.8
25039.672887135683,-32.43407442713347,-169.2970534454718,7,0.8
25213.837585306024,-32.55821518822636,-169.37669244491514,7,0.8
25389.213694752598,-32.682314972848076,-169.4552944601354,7,0.8
25565.809641507185,-32.80636446310824,-169.53324834855238,7,0.8
25743.63391020923,-32.93035804877004,-169.6108083317949,7,0.8
25922.695044513537,-33.05430906226165,-169.68748412577665,7,0.8
26103.00164750071,-33.17820262607591,-169.76389758241575,7,0.8
26284.562382090517,-33.30205783567453,-169.83932034364395,7,0.8
26467.385971458098,-33.4258660400799,-169.9141273564349,7,0.8
26651.481199453076,-33.54962787126197,-169.98832478207916,7,0.8
26836.856911021572,-33.67334107442543,-170.06203726812012,7,0.8
27023.522012631187,-33.79700638940512,-170.13526823854374,7,0.8
27211.485472698885,-33.92063013241993,-170.2077872128289,7,0.8
27400.75632202192,-34.04421552746032,-170.27948634704364,7,0.8
27591.3436542117,-34.16775477632601,-170.35072197569423,7,0.8
27783.256626130707,-34.29124857434426,-170.4214970790082,7,0.8
27976.504458332423,-34.41470287357909,-170.4915872433441,7,0.8
28171.096435504372,-34.53811291304317,-170.56122566260277,7,0.8
28367.04190691418,-34.66148702090963,-170.63007871678911,7,0.8
28564.35028685876,-34.78481791924825,-170.69848947301767,7,0.8
28763.031055116662,-34.908106207154596,-170.76645973490733,7,0.8
28963.093757403483,-35.03135734156749,-170.83377144789557,7,0.8
29164.548005830547,-35.154566768482326,-170.90064755190903,7,0.8
29367.403479366687,-35.27774438751165,-170.9666547631091,7,0.8
29571.669924303278,-35.400878223032144,-171.03233616244066,7,0.8
29777.35715472254,-35.52397504606442,-171.09736297026453,7,0.8
29984.475052969006,-35.64702652324226,-171.1620434540033,7,0.8
30193.03357012437,-35.7700398933063,-171.2258217817925,7,0.8
30403.042726485564,-35.89298815490937,-171.28927761143896,7,0.8
30614.512612046197,-36.015828483756806,-171.35193763682184,7,0.8
30827.45338698134,-36.138385371476346,-171.4150746547686,7,0.8
31041.875282135654,-36.261336963208294,-171.4809185219811,7,0.8
31257.788599514974,-36.38452189647418,-171.54252039841245,7,0.8
31475.203712781236,-36.507445397318676,-171.6030252133603,7,0.8
31694.13106775091,-36.63026556788986,-171.66355898465713,7,0.8
31914.581182896858,-36.75303567848674,-171.72364804424308,7,0.8
32136.564649853717,-36.8757680999679,-171.78324239150328,7,0.8
32360.09213392676,-36.99846340088766,-171.84251489713574,7,0.8
32585.17437460432,-37.12112952373971,-171.90116027527998,7,0.8
32811.8221860738,-37.243761847446564,-171.95946742890604,7,0.8
33040.04645774119,-37.36636313994434,-172.01733707238787,7,0.8
33269.85815475433,-37.4889358753514,-172.07467457344427,7,0.8
33501.26831852966,-37.611475090393235,-172.13176717223286,7,0.8
33734.28806728276,-37.73398677556688,-172.18833164326213,7,0.8
33968.928596562524,-37.856467789419234,-172.2445591263986,7,0.8
34205.20117978902,-37.9789220998564,-172.30026559159907,7,0.8
34443.11716879519,-38.101350043074035,-172.35545618005887,7,0.8
34682.68799437217,-38.22375026150593,-172.41022734448697,7,0.8
34923.92516681859,-38.34612148539221,-172.4646729992681,7,0.8
35166.8402764935,-38.468467438351766,-172.51861464358598,7,0.8
35411.44499437329,-38.59078197266972,-172.5724148601733,7,0.8
35657.7510726124,-38.71307519901364,-172.62553909889814,7,0.8
35905.77034510798,-38.8353425698034,-172.67826055686484,7,0.8
36155.51472806843,-38.957582893844794,-172.73066996316635,7,0.8
36406.99622058595,-39.079799630059036,-172.78259499145918,7,0.8
36660.22690521301,-39.201991552588346,-172.83412687946424,7,0.8
36915.21894854289,-39.3241589962354,-172.88526870823588,7,0.8
37171.98460179422,-39.446300830090394,-172.93610850312837,7,0.8
37430.53620139958,-39.568420313550114,-172.98647847520297,7,0.8
37690.88616959824,-39.69051627912516,-173.03646699576765,7,0.8
37953.04701503298,-39.812584835976736,-173.08632639311375,7,0.8
38217.03133335104,-39.93463747678114,-173.1353923188379,7,0.8
38482.85180780936,-40.05666467054773,-173.18425014240862,7,0.8
38750.521209883875,-40.17866946321942,-173.23273483484792,7,0.8
39020.05239988316,-40.30065206909096,-173.28084717328875,7,0.8
39291.458327566346,-40.42261134146081,-173.32866721562615,7,0.8
39564.752032765224,-40.5445499519586,-173.3760315172443,7,0.8
39839.94664601079,-40.66646642671284,-173.42301582336296,7,0.8
40117.05538916413,-40.788360179393315,-173.46960922695646,7,0.8
40396.09157605162,-40.91023204228267,-173.51563304424135,7,0.8
40677.068613104646,-41.032071280835765,-173.5614306219201,7,0.8
40960.00000000368,-41.153865417803104,-173.60673061728113,7,0.8
41244.899330326916,-41.275552798819824,-173.65087669221666,7,0.8
41531.78029220334,-41.39669310596134,-173.69508245312664,7,0.8
41820.65666897041,-41.51857152800303,-173.74818174233846,7,0.8
42111.54233983629,-41.64092108969655,-173.79139054205885,7,0.8
42404.45128054665,-41.76278471447198,-173.8343218378121,7,0.8
42699.3975640562,-41.88454776609193,-173.87749433946917,7,0.8
42996.39536120473,-42.0062722584524,-173.92049401476064,7,0.8
43295.458941398065,-42.12796993915073,-173.96336061589025,7,0.8
43596.60267329357,-42.249648631133354,-174.00582931844048,7,0.8
43899.84102549055,-42.371306069289226,-174.04816869627936,7,0.8
44205.18856722535,-42.49294541811486,-174.0902221496515,7,0.8
44512.659969071385,-42.61456731520483,-174.13198424014692,7,0.8
44822.27000364397,-42.73617221395366,-174.17345246310714,7,0.8
45134.033546310086,-42.85776047279186,-174.21462599816297,7,0.8
45447.96557590307,-42.97933433003763,-174.2553663010964,7,0.8
45764.081175442305,-43.10089016635609,-174.29595265866652,7,0.8
46082.39553285784,-43.22243019549173,-174.33624660518475,7,0.8
46402.92394172015,-43.34395650961295,-174.37611381026554,7,0.8
46725.681801974904,-43.46546652019384,-174.4157611927983,7,0.8
47050.68462068286,-43.586960488645744,-174.4551891602888,7,0.8
47377.94801276491,-43.708441333044526,-174.49419867825875,7,0.8
47707.487701752325,-43.82990743848525,-174.53292662161934,7,0.8
48039.319520542165,-43.951357285834725,-174.57150618055653,7,0.8
48373.45941215801,-44.07279285345132,-174.60980637403256,7,0.8
48709.923430515926,-44.19421601867342,-174.64769990846813,7,0.8
49048.72774119583,-44.31562442402604,-174.68538425320187,7,0.8
49389.888622218095,-44.437019929505546,-174.72273255952734,7,0.8
49733.4224648257,-44.55840027718303,-174.7599382388312,7,0.8
50000.0,-44.65200412134177,-174.78846323021008,7,0.8
10.0,-3.472409518653212,-0.5642882612812921,8,0.9
10.069555500567189,-3.4726916500711225,-0.567570614446311,8,0.9
10.139594797900294,-3.4729616930591685,-0.5708626515721034,8,0.9
10.210121257071936,-3.4732519295369584,-0.5741677712201436,8,0.9
10.281138266560667,-3.4735365566650405,-0.5774830577445408,8,0.9
10.352649238413779,-3.47382849445749,-0.5808098182115828,8,0.9
10.424657608411218,-3.4741148493385285,-0.5841465038803495,8,0.9
10.497166836230678,-3.4744085409400602,-0.587494437829096,8,0.9
10.57018040561381,-3.4747095821970966,-0.5908535140884393,8,0.9
10.643701824533608,-3.4750179863289676,-0.5942236240427698,8,0.9
10.71773462536294,-3.4753144098221425,-0.5976024166059649,8,0.9
10.792282365044281,-3.4756311282936188,-0.6009934879621487,8,0.9
10.867348625260592,-3.475942347036203,-0.6043937232739939,8,0.9
10.942937012607405,-3.47624808132877,-0.6078029681333245,8,0.9
11.019051158766118,-3.476580603534776,-0.6112249140972962,8,0.9
11.095694720678463,-3.4768883169549176,-0.6146532829569689,8,0.9
11.172871380722214,-3.477209945125198,-0.6180925479502382,8,0.9
11.250584846888108,-3.477551953093197,-0.6215433839668493,8,0.9
11.328838852958,-3.477869201156785,-0.6250001366937739,8,0.9
11.407637158684253,-3.4782068599324174,-0.6284681783565327,8,0.9
11.486983549970367,-3.4785455936425373,-0.6319449880206787,8,0.9
11.566881839052892,-3.4788854188750964,-0.635430405190609,8,0.9
11.647335864684578,-3.47922635247997,-0.6389242663834043,8,0.9
11.728349492318808,-3.4795813101944755,-0.6424280554511519,8,0.9
11.809926614295325,-3.479924511693158,-0.6459383151510525,8,0.9
11.892071150027233,-3.4802882203012904,-0.649459024806273,8,0.9
11.97478704618931,-3.4806466572631543,-0.6529866895144733,8,0.9
12.05807827690763,-3.480999841621337,-0.6565211117181036,8,0.9
12.141948843950495,-3.4813800330406797,-0.6600663795996083,8,0.9
12.226402776920713,-3.481742112507467,-0.6636163380657277,8,0.9
12.31144413344919,-3.4821118916789096,-0.6671742251452164,8,0.9
12.397076999389895,-3.4824829419597787,-0.6707389936247269,8,0.9
12.48330548901615,-3.4828681769987533,-0.6743122211711746,8,0.9
12.570133745218314,-3.4832547217306766,-0.6778919705200847,8,0.9
12.657565939702833,-3.4836425964766997,-0.6814780441365244,8,0.9
12.745606273192656,-3.484031821878059,-0.6850702417102857,8,0.9
12.834258975629076,-3.484428864894375,-0.6886692732743299,8,0.9
12.923528306374958,-3.484820854655753,-0.6922731140658955,8,0.9
13.013418554419374,-3.4852271497789546,-0.695884316661576,8,0.9
13.10393403858367,-3.485628435157349,-0.6994999093272171,8,0.9
13.195079107728983,-3.486037623721923,-0.7031215410585767,8,0.9
13.286858140965156,-3.486448292686959,-0.7067480684563547,8,0.9
13.379275547861162,-3.4868604650708908,-0.710379273132048,8,0.9
13.472335768656947,-3.487280608388999,-0.7140158989822023,8,0.9
13.566043274476765,-3.4877087453493543,-0.7176577456656242,8,0.9
13.660402567544,-3.488132012356861,-0.7213026506329433,8,0.9
13.755418181397484,-3.488569764289302,-0.7249533266709947,8,0.9
13.851094681109295,-3.4890091385029365,-0.7286075993558627,8,0.9
13.947436663504105,-3.489437275206035,-0.7322632295348734,8,0.9
14.044448757380025,-3.489886413033501,-0.7359249936155448,8,0.9
14.142135623731003,-3.4903372495070046,-0.7395896685359095,8,0.9
14.240501955970773,-3.4907769277710994,-0.7432549607690625,8,0.9
14.33955248015833,-3.491224800592654,-0.746923689506629,8,0.9
14.439291955225018,-3.4916937765263607,-0.7505977262170261,8,0.9
14.539725173203164,-3.492151676653255,-0.7542716389766246,8,0.9
14.640856959456315,-3.492617852327167,-0.7579483159122263,8,0.9
14.742692172911074,-3.493092331178076,-0.7616275357811461,8,0.9
14.845235706290554,-3.4935558220523273,-0.7653058416264026,8,0.9
14.94849248634945,-3.4940341139653124,-0.768987279662228,8,0.9
15.05246747411074,-3.4945143567509227,-0.7726694599547091,8,0.9
15.15716566510405,-3.495003019591368,-0.7763532349562206,8,0.9
15.26259208960566,-3.495474378510137,-0.7800339250053884,8,0.9
15.368751812880195,-3.4959799729634593,-0.7837201735307302,8,0.9
15.475649935423972,-3.496474765017515,-0.7874039413637505,8,0.9
15.58329159321007,-3.4969781014458863,-0.791088339692425,8,0.9
15.69168195793509,-3.497477139816242,-0.7947708402031597,8,0.9
15.800826237267621,-3.497991224840578,-0.7984546348219513,8,0.9
15.910729675098453,-3.498494642424031,-0.8021348486381403,8,0.9
16.02139755179252,-3.499006737274744,-0.8058147004690162,8,0.9
16.13283518444261,-3.4995339790155726,-0.8094951476769904,8,0.9
16.245047927124794,-3.50003778855277,-0.8131688076381839,8,0.9
16.358041171155712,-3.5005761212632476,-0.8168461658553305,8,0.9
16.471820345351553,-3.501097531042095,-0.8205173782777411,8,0.9
16.586390916288924,-3.501634229705192,-0.82418823020003,8,0.9
16.70175838856748,-3.5021733846407304,-0.8278560506473366,8,0.9
16.817928305074386,-3.5027086005338304,-0.831519336022605,8,0.9
16.93490624725064,-3.5032463505045004,-0.8351790558824056,8,0.9
17.052697835359233,-3.503799539369811,-0.8388374878493599,8,0.9
17.17130872875518,-3.5043489075367873,-0.8424906071009347,8,0.9
17.290744626157405,-3.504894496638208,-0.8461381286257064,8,0.9
17.411011265922586,-3.505468507557847,-0.849786258889133,8,0.9
17.53211442632081,-3.506019526712874,-0.8534244031837417,8,0.9
17.654059925813208,-3.506579755837535,-0.8570587812542555,8,0.9
17.776853623331515,-3.50716209801698,-0.8606918374675309,8,0.9
17.900501418559564,-3.507734442370842,-0.8643167171065573,8,0.9
18.02500925221672,-3.5083032653889874,-0.8679344624718539,8,0.9
18.150383106343334,-3.508887901470845,-0.8715488879248001,8,0.9
18.27662900458813,-3.5094691067072747,-0.8751556965652768,8,0.9
18.403753012497624,-3.510059785877857,-0.8787573887805237,8,0.9
18.53176123780754,-3.5106471284478173,-0.8823509690762679,8,0.9
18.660659830736275,-3.511231183106278,-0.8859361708346262,8,0.9
18.790454984280366,-3.511831281853321,-0.8895169909237115,8,0.9
18.921152934512047,-3.5124346171743532,-0.8930904087069967,8,0.9
19.05275996087888,-3.5130412389665002,-0.8966562013630984,8,0.9
19.18528238650542,-3.5136447716659207,-0.9002126936673869,8,0.9
19.31872657849705,-3.514251693385233,-0.903761101668831,8,0.9
19.453098948245852,-3.5148684816191214,-0.9073026931022068,8,0.9
19.588405951738682,-3.515475913124571,-0.9108328196339864,8,0.9
19.72465408986733,-3.5160933174049633,-0.9143557171665957,8,0.9
19.861849908740865,-3.5167271718555764,-0.917872740003571,8,0.9
20.00000000000015,-3.5173454103573865,-0.9213761201336366,8,0.9
20.13911100113453,-3.5179673625514702,-0.9248701804537385,8,0.9
20.279189595800737,-3.518599508128171,-0.9283562900480996,8,0.9
20.42024251414402,-3.519229058286947,-0.9318311706747833,8,0.9
20.56227653312149,-3.5198624948651176,-0.9352961889501389,8,0.9
20.70529847682771,-3.5205127200832855,-0.9387543629605234,8,0.9
20.849315216822593,-3.5211476857593778,-0.9421975705337365,8,0.9
20.994333672461515,-3.5217931394278295,-0.945632016389691,8,0.9
21.14036081122778,-3.522442721440312,-0.9490559535706463,8,0.9
21.28740364906737,-3.5230836545239064,-0.9524659397895705,8,0.9
21.43546925072604,-3.5237481021822896,-0.9558700603497176,8,0.9
21.584564730088722,-3.5243911917503183,-0.9592565775973677,8,0.9
21.734697250521346,-3.5250579238396327,-0.9626370230224836,8,0.9
21.885874025214974,-3.525716270239773,-0.9660028850753039,8,0.9
22.038102317532406,-3.5263727182877025,-0.969355683356504,8,0.9
22.191389441357092,-3.5270401721036944,-0.972698732537059,8,0.9
22.345742761444598,-3.5277122825616125,-0.9760302303898145,8,0.9
22.501169693776383,-3.528376286923178,-0.9793465638289061,8,0.9
22.657677705916175,-3.5290450908724176,-0.9826511127399058,8,0.9
22.815274317368676,-3.5297251817124273,-0.985945591636355,8,0.9
22.973967099940907,-3.530390971239349,-0.9892227557145199,8,0.9
23.13376367810596,-3.531087439274146,-0.9924951540112971,8,0.9
23.29467172936933,-3.5317569286455908,-0.9957463956260935,8,0.9
23.456698984637793,-3.532438003958624,-0.9989873156513639,8,0.9
23.619853228590827,-3.5331179147492078,-1.0022141929464585,8,0.9
23.784142300054643,-3.533815978643107,-1.0054326022666982,8,0.9
23.949574092378796,-3.534487386244105,-1.0086293365456784,8,0.9
24.11615655381544,-3.5351706956753177,-1.0118156344782485,8,0.9
24.28389768790117,-3.535872398326147,-1.0149934755236074,8,0.9
24.452805553841607,-3.536560519470296,-1.0181532386157022,8,0.9
24.622888266898567,-3.537260788702175,-1.0213026485487464,8,0.9
24.794153998779972,-3.5379476492577826,-1.0244338713354315,8,0.9
24.966610978032485,-3.5386468296169156,-1.0275547805612841,8,0.9
25.140267490436816,-3.539332778882631,-1.0306574297681053,8,0.9
25.315131879405854,-3.5400440415244416,-1.0337539015722998,8,0.9
25.4912125463855,-3.5407422536123656,-1.0368321458517207,8,0.9
25.668517951258348,-3.5414467330238737,-1.0398982802376542,8,0.9
25.847056612750112,-3.542138349978057,-1.042946157419709,8,0.9
26.026837108838944,-3.5428428288417595,-1.0459841145911262,8,0.9
26.20786807716754,-3.5435538561971613,-1.049010203199974,8,0.9
26.390158215458165,-3.54425871574552,-1.0520202833758918,8,0.9
26.573716281930512,-3.5449639126878596,-1.0550165356033097,8,0.9
26.758551095722524,-3.545669546432522,-1.0579990535798633,8,0.9
26.944671537314093,-3.5463757177714044,-1.0609679417770164,8,0.9
27.13208654895373,-3.547088932760266,-1.0639255205358533,8,0.9
27.320805135088207,-3.547783679290044,-1.066863077858069,8,0.9
27.510836362795175,-3.548498484922354,-1.0697940363741705,8,0.9
27.7021893622188,-3.5492078409772683,-1.0727096695053515,8,0.9
27.89487332700842,-3.5499182584423066,-1.075612360609676,8,0.9
28.088897514760255,-3.5506170428787422,-1.0784976836061402,8,0.9
28.284271247462218,-3.551336313657825,-1.081377295545988,8,0.9
28.48100391194176,-3.5520441742033038,-1.0842398777880202,8,0.9
28.679104960316874,-3.552753541125378,-1.0870902332194006,8,0.9
28.878583910450253,-3.553458129083803,-1.089926202601541,8,0.9
29.079450346406546,-3.554170854388391,-1.0927527479900705,8,0.9
29.28171391891285,-3.55487263610374,-1.0955629209056172,8,0.9
29.485384345822368,-3.5555891903166352,-1.0983665988947677,8,0.9
29.690471412581335,-3.5563014404683146,-1.1011567973868825,8,0.9
29.896984972699123,-3.5570095099841397,-1.103933731731746,8,0.9
30.104934948221704,-3.557719920999854,-1.106700126253062,8,0.9
30.314331330208326,-3.5584200052451114,-1.1094512436574202,8,0.9
30.52518417921155,-3.559135477248038,-1.1121974289003287,8,0.9
30.73750362576062,-3.5598472751970958,-1.1149314499490168,8,0.9
30.951299870848175,-3.5605427397003053,-1.1176484154971082,8,0.9
31.16658318642038,-3.5612603758744927,-1.1203641021387143,8,0.9
31.38336391587042,-3.561949157236361,-1.1230580625452693,8,0.9
31.60165247453548,-3.5626475895224874,-1.1257462248416232,8,0.9
31.82145935019715,-3.563355808030368,-1.1284290381479645,8,0.9
32.04279510358529,-3.564067556618808,-1.13110427388251,8,0.9
32.26567036888546,-3.564776582673505,-1.133769627662592,8,0.9
32.49009585424984,-3.5654702448912836,-1.1364199816559601,8,0.9
32.716082342311665,-3.5661742580073903,-1.1390665998487932,8,0.9
32.94364069070335,-3.5668632007576493,-1.1416988693564716,8,0.9
33.172781832578096,-3.5675500059283887,-1.1443226494919136,8,0.9
33.40351677713521,-3.568247604919053,-1.1469439945517985,8,0.9
33.63585661014903,-3.5689497572428603,-1.1495606040664905,8,0.9
33.86981249450153,-3.5696374468143466,-1.1521643476334436,8,0.9
34.10539567071872,-3.570323610540784,-1.1547613144927458,8,0.9
34.34261745751061,-3.571014795122824,-1.1573548722489029,8,0.9
34.58148925231507,-3.571691993904414,-1.1599367106804725,8,0.9
34.822022531845434,-3.572387310801215,-1.1625220064200212,8,0.9
35.064228852641875,-3.573075355793569,-1.1650994780302268,8,0.9
35.30811985162668,-3.573737134814246,-1.1676604841473042,8,0.9
35.55370724666329,-3.5744303002228808,-1.1702326320764291,8,0.9
35.80100283711939,-3.5751103120793246,-1.172795321368286,8,0.9
36.05001850443371,-3.5757709590622273,-1.1753458321914212,8,0.9
36.30076621268694,-3.5764571164186636,-1.1779063152349736,8,0.9
36.55325800917653,-3.5771178755524224,-1.180452456282848,8,0.9
36.80750602499552,-3.5777853425537214,-1.1830003647320924,8,0.9
37.06352247561536,-3.5784469280960107,-1.1855442921475332,8,0.9
37.32131966147283,-3.579115583692698,-1.1880911888977586,8,0.9
37.58090996856101,-3.579772342696195,-1.19063197492274,8,0.9
37.84230586902438,-3.580442926587205,-1.19318020202602,8,0.9
38.105519921758045,-3.5810956093361614,-1.195720126317213,8,0.9
38.37056477301113,-3.5817433506465495,-1.1982587926016612,8,0.9
38.63745315699439,-3.5823991090232186,-1.20080347075182,8,0.9
38.906197896491996,-3.583043935621722,-1.2033447337968177,8,0.9
39.176811903477656,-3.58368441227649,-1.205886487365763,8,0.9
39.449308179734956,-3.5843335026407197,-1.2084361974568814,8,0.9
39.72369981748203,-3.584965888062233,-1.2109807530891856,8,0.9
40.000000000000604,-3.5856136771419154,-1.21353807471491,8,0.9
40.27822200226936,-3.5862515583461683,-1.2160949327181405,8,0.9
40.55837919160177,-3.5868733657413268,-1.2186483146689695,8,0.9
40.840485028288356,-3.587511209793819,-1.221216596113502,8,0.9
41.124553066243294,-3.588133412754072,-1.2237826260910816,8,0.9
41.410596953655734,-3.5887593305643324,-1.226357808105434,8,0.9
41.6986304336455,-3.5893764293118635,-1.2289355560142468,8,0.9
41.98866734492334,-3.5899976896633063,-1.2315238565720374,8,0.9
42.28072162245588,-3.59060420775305,-1.234112296414619,8,0.9
42.57480729813507,-3.5912217224290783,-1.236716429871865,8,0.9
42.8709385014524,-3.59182495996642,-1.2393219842503358,8,0.9
43.16912946017777,-3.592433286141029,-1.241940954123365,8,0.9
43.46939450104301,-3.593040563253437,-1.2445703057954225,8,0.9
43.771748050430276,-3.5936279074609474,-1.247199129265135,8,0.9
44.07620463506514,-3.5942210658172176,-1.2498435429488566,8,0.9
44.38277888271451,-3.5948202848209783,-1.2525043953271553,8,0.9
44.69148552288952,-3.5954066913582827,-1.2551706180255542,8,0.9
45.00233938755311,-3.5959869147018617,-1.2578468042397783,8,0.9
45.315355411832684,-3.5965675858082147,-1.2605376829707726,8,0.9
45.63054863473769,-3.5971489641629066,-1.2632440490470185,8,0.9
45.947934199882155,-3.5977185666141045,-1.265958498162958,8,0.9
46.26752735621227,-3.5982957783339273,-1.2686940622175422,8,0.9
46.58934345873901,-3.5988681227410613,-1.2714433240783336,8,0.9
46.913397969275934,-3.5994295008177306,-1.274202816787343,8,0.9
47.23970645718201,-3.5999993047148275,-1.276985897276883,8,0.9
47.56828460010965,-3.6005523263863375,-1.2797764393306579,8,0.9
47.89914818475796,-3.6011015925186323,-1.282583614414425,8,0.9
48.232313107631235,-3.601653759960766,-1.2854125350340944,8,0.9
48.5677953758027,-3.6022027465136763,-1.2882597146325763,8,0.9
48.90561110768358,-3.6027361046778026,-1.2911171316650614,8,0.9
49.2457765337975,-3.6032796118202515,-1.2940031511589791,8,0.9
49.58830799756032,-3.60382082675517,-1.2969098406553008,8,0.9
49.933221956065346,-3.6043536830635166,-1.2998335111116945,8,0.9
50.280534980874016,-3.6048657501906476,-1.3027657927946548,8,0.9
50.630263758812085,-3.605395553696452,-1.3057347135176542,8,0.9
50.982425092771386,-3.6059179306422875,-1.308722968167192,8,0.9
51.33703590251707,-3.6064395677990904,-1.3117359695729207,8,0.9
51.69411322550061,-3.606948050147441,-1.31476520612066,8,0.9
52.05367421767828,-3.607450071913764,-1.3178160731432018,8,0.9
52.41573615433548,-3.607958697551297,-1.3208988897196272,8,0.9
52.78031643091672,-3.608467891647766,-1.3240098695300413,8,0.9
53.14743256386143,-3.6089588892075817,-1.3271354046090313,8,0.9
53.517102191445446,-3.609457499947971,-1.3302956048317387,8,0.9
53.8893430746286,-3.60995133406308,-1.3334816881373395,8,0.9
54.264173097907864,-3.610428007564468,-1.3366845792067983,8,0.9
54.64161027017682,-3.610913339213451,-1.3399248753648796,8,0.9
55.02167272559077,-3.611401318519485,-1.343198633832316,8,0.9
55.40437872443802,-3.6118732086096808,-1.3464916231455255,8,0.9
55.78974665401725,-3.612342106590872,-1.3498147149685538,8,0.9
56.17779502952094,-3.612808381661956,-1.3531688023011559,8,0.9
56.56854249492486,-3.6132787722303656,-1.3565599823886272,8,0.9
56.962007823883944,-3.6137345605934597,-1.3599735953992462,8,0.9
57.358209920634174,-3.614195223696142,-1.3634261478451153,8,0.9
57.75716782090094,-3.614648418198237,-1.3669080758061685,8,0.9
58.158900692813525,-3.615107263613787,-1.3704309212207881,8,0.9
58.56342783782614,-3.6155530619712266,-1.3739795870360223,8,0.9
58.97076869164518,-3.6159798494804756,-1.3775493677659871,8,0.9
59.38094282516311,-3.6164262144232096,-1.3811737594156683,8,0.9
59.79396994539869,-3.616854381620256,-1.3848210157352854,8,0.9
60.209869896443855,-3.617290219153725,-1.3885140354764387,8,0.9
60.628662660417106,-3.617721417478281,-1.3922427677964284,8,0.9
61.05036835842356,-3.618135672709473,-1.3959968343805313,8,0.9
61.4750072515217,-3.61857159087519,-1.3998110732055968,8,0.9
61.90259974169682,-3.6189850620975266,-1.4036467953884837,8,0.9
62.33316637284123,-3.6193828869632587,-1.407510353279633,8,0.9
62.766727831741306,-3.6197973204648037,-1.4114315876572305,8,0.9
63.20330494907143,-3.620203357787957,-1.4153884115369022,8,0.9
63.642918700394766,-3.620614174931032,-1.419393530697819,8,0.9
64.08559020717105,-3.6209984166428013,-1.4234183063974044,8,0.9
64.5313407377714,-3.621407441434476,-1.4275112798078333,8,0.9
64.98019170850016,-3.6217844563487938,-1.4316195956935573,8,0.9
65.43216468462381,-3.622168104888214,-1.435780223767311,8,0.9
65.8872813814072,-3.622565224067975,-1.4400005370908013,8,0.9
66.34556366515669,-3.622950847882534,-1.4442571640142627,8,0.9
66.80703355427093,-3.623319101296789,-1.4485447152738706,8,0.9
67.27171322029855,-3.6236959221522986,-1.4528890503476692,8,0.9
67.73962498900357,-3.6240627224506285,-1.457272479307049,8,0.9
68.21079134143795,-3.624432726750417,-1.4617086594226858,8,0.9
68.68523491502174,-3.624806441767455,-1.4661987939437708,8,0.9
69.16297850463066,-3.6251525744205306,-1.4707117221610593,8,0.9
69.6440450636914,-3.6255161701803287,-1.475293637372513,8,0.9
70.12845770528428,-3.6258659467123167,-1.4799132221273297,8,0.9
70.61623970325388,-3.6262215154854087,-1.4845911917476253,8,0.9
71.10741449332713,-3.626564327464635,-1.4893088297637334,8,0.9
71.60200567423932,-3.626894922268062,-1.4940670149589022,8,0.9
72.10003700886796,-3.6272456484608457,-1.4989005217163756,8,0.9
72.60153242537443,-3.6275788918286644,-1.5037700709619566,8,0.9
73.10651601835362,-3.627914290186181,-1.5086970817854648,8,0.9
73.61501204999159,-3.6282396837593756,-1.5136689637498684,8,0.9
74.12704495123128,-3.628574721204944,-1.5187076414351683,8,0.9
74.64263932294622,-3.628888172153461,-1.5237794194980658,8,0.9
75.16181993712259,-3.6292060569764018,-1.528913353019327,8,0.9
75.68461173804933,-3.6295289595867515,-1.5341108060809694,8,0.9
76.21103984351666,-3.6298320272923164,-1.5393443992395242,8,0.9
76.74112954602285,-3.6301476578385703,-1.5446511377488998,8,0.9
77.27490631398935,-3.630451010136694,-1.5500034243381235,8,0.9
77.81239579298456,-3.6307617721423875,-1.555424305495413,8,0.9
78.3536238069559,-3.631061474760857,-1.5608930502186196,8,0.9
78.8986163594705,-3.6313634572180433,-1.5664256196079949,8,0.9
79.44739963496465,-3.6316683432573935,-1.5720234024780713,8,0.9
80.00000000000179,-3.631951320487239,-1.577657511528291,8,0.9
80.55644400453932,-3.6322448269908154,-1.58336688203539,8,0.9
81.11675838320417,-3.6325177011782372,-1.5891147113531334,8,0.9
81.68097005657731,-3.6328023931737925,-1.5949405527222138,8,0.9
82.24910613248719,-3.6330804739572873,-1.6008227005588402,8,0.9
82.8211939073121,-3.6333716845574533,-1.6067859600313612,8,0.9
83.39726086729164,-3.6336448857266856,-1.612792504882005,8,0.9
83.97733468984731,-3.6339071084553742,-1.6188512437969316,8,0.9
84.56144324491237,-3.634178111480507,-1.6249874217965112,8,0.9
85.14961459627077,-3.634452216372493,-1.6311946376509423,8,0.9
85.74187700290544,-3.6347110276959453,-1.6374499741048902,8,0.9
86.33825892035618,-3.6349616000841745,-1.6437626934114666,8,0.9
86.93878900208668,-3.635236439284278,-1.6501754381855653,8,0.9
87.54349610086122,-3.635485360637558,-1.6566237028492652,8,0.9
88.15240927013093,-3.635747243226021,-1.663158658616042,8,0.9
88.7655577654297,-3.635984635139558,-1.669731446005086,8,0.9
89.38297104577971,-3.636230066525563,-1.676385515646837,8,0.9
90.00467877510688,-3.636477904658256,-1.6831140787881012,8,0.9
90.63071082366605,-3.6367225218740074,-1.689910134468654,8,0.9
91.26109726947607,-3.6369582961270934,-1.6967664660005763,8,0.9
91.895868399765,-3.6371986968697536,-1.7037019689704729,8,0.9
92.53505471242522,-3.63743811361047,-1.7107095642085977,8,0.9
93.17868691747873,-3.6376645782249195,-1.7177730479569289,8,0.9
93.82679593855258,-3.6378979403995637,-1.7249205910250345,8,0.9
94.47941291436473,-3.638132606091885,-1.7321450381262424,8,0.9
95.13656920022001,-3.638343897045196,-1.7394117030289538,8,0.9
95.79829636951663,-3.638570769582874,-1.7467765742464625,8,0.9
96.4646262152632,-3.6387885563812046,-1.7542049115189398,8,0.9
97.13559075160614,-3.639004410121976,-1.761707465270122,8,0.9
97.81122221536789,-3.6392254896945486,-1.7692952959989328,8,0.9
98.49155306759573,-3.6394398684447897,-1.7769514578750012,8,0.9
99.17661599512138,-3.6396419875510344,-1.7846680094005107,8,0.9
99.86644391213144,-3.6398644783753835,-1.792494245029751,8,0.9
100.56106996174877,-3.640069972123898,-1.8003747600321212,8,0.9
101.26052751762494,-3.640272017572145,-1.8083302675409245,8,0.9
101.96485018554354,-3.640477805657976,-1.8163722944163987,8,0.9
102.67407180503491,-3.64066907221007,-1.8244732540481106,8,0.9
103.388226451002,-3.640865747778323,-1.8326643410860362,8,0.9
104.10734843535732,-3.6410623079236935,-1.8409376382630356,8,0.9
104.83147230867174,-3.641253232072763,-1.8492849871512969,8,0.9
105.56063286183424,-3.6414521015917503,-1.8577284347097034,8,0.9
106.29486512772365,-3.6416343061458534,-1.8662293192512613,8,0.9
107.03420438289172,-3.6418389025779794,-1.874850824143381,8,0.9
107.778686149258,-3.642022187751916,-1.8835231217900148,8,0.9
108.52834619581655,-3.6421977605558458,-1.8922683694214681,8,0.9
109.28322054035448,-3.642385593856975,-1.9011198917609746,8,0.9
110.04334545118235,-3.6425483572656807,-1.910016578820049,8,0.9
110.80875744887686,-3.6427378715232073,-1.9190450016115161,8,0.9
111.57949330803534,-3.6429168122947404,-1.9281436938035446,8,0.9
112.35559005904271,-3.643086064162935,-1.9373143739480139,8,0.9
113.13708498985058,-3.643252884549411,-1.9465697155737531,8,0.9
113.92401564776874,-3.643430904860172,-1.9559337418460023,8,0.9
114.71641984126921,-3.643595543809087,-1.9653647576886923,8,0.9
115.51433564180275,-3.6437668087756903,-1.9748978775563117,8,0.9
116.31780138562794,-3.6439264913694958,-1.9845018616744723,8,0.9
117.12685567565316,-3.644100978027235,-1.9942237130669505,8,0.9
117.94153738329126,-3.644252950600725,-2.0039978881043936,8,0.9
118.76188565032712,-3.6444088015242877,-2.0138716525072167,8,0.9
119.58793989079828,-3.644569443400675,-2.023847417517011,8,0.9
120.41973979288862,-3.6447230459078495,-2.0339043750840045,8,0.9
121.25732532083512,-3.6448832691772277,-2.0440679880282313,8,0.9
122.10073671684803,-3.6450446586035534,-2.054329027144641,8,0.9
122.95001450304433,-3.645195385684668,-2.064666091312171,8,0.9
123.80519948339456,-3.645342742394857,-2.0750930773248486,8,0.9
124.66633274568338,-3.645494023897621,-2.085624273998685,8,0.9
125.53345566348355,-3.6456437778792807,-2.0962500725175706,8,0.9
126.40660989814381,-3.6457865508698335,-2.1069605717467756,8,0.9
127.28583740079048,-3.6459360164081156,-2.1177825414973244,8,0.9
128.17118041434307,-3.646067593154962,-2.128669040756158,8,0.9
129.0626814755438,-3.6462204617252225,-2.1396967654569625,8,0.9
129.9603834170013,-3.646357285180515,-2.1507935269434735,8,0.9
130.86432936924862,-3.6464981155500684,-2.161999158207638,8,0.9
131.77456276281538,-3.6466311183685267,-2.1732907722015966,8,0.9
132.69112733031437,-3.646769969908814,-2.1846962548529922,8,0.9
133.61406710854286,-3.6469155903173616,-2.1962183685782746,8,0.9
134.5434264405981,-3.647049758631487,-2.207820791933545,8,0.9
135.47924997800817,-3.6471733872090075,-2.2195055609094227,8,0.9
136.42158268287693,-3.6473129110778117,-2.231327692329343,8,0.9
137.3704698300445,-3.6474437183333075,-2.2432371339908217,8,0.9
138.32595700926237,-3.6475539497504306,-2.2552092190723663,8,0.9
139.28809012738384,-3.6476828020425236,-2.267326715096049,8,0.9
140.25691541056963,-3.647824798312315,-2.2795794318230502,8,0.9
141.23247940650882,-3.6479489193127885,-2.2919019997968717,8,0.9
142.2148289866553,-3.6480688232255014,-2.30432382691354,8,0.9
143.20401134847972,-3.648185398007829,-2.316847327902158,8,0.9
144.200074017737,-3.648318685358989,-2.329516988320216,8,0.9
145.20306485074994,-3.6484504098243953,-2.342293887109225,8,0.9
146.2130320367083,-3.6485495084898294,-2.355109537147697,8,0.9
147.2300240999843,-3.648674331454982,-2.3680938116918617,8,0.9
148.25408990246365,-3.6487938057856564,-2.3811785096774893,8,0.9
149.28527864589356,-3.6489215641987087,-2.3943950403048158,8,0.9
150.32363987424628,-3.6490201177396187,-2.407658737018587,8,0.9
151.3692234760998,-3.6491414248549763,-2.4210885885377165,8,0.9
152.42207968703445,-3.649254369375092,-2.4346142125078885,8,0.9
153.48225909204683,-3.6493661667252484,-2.448252764049366,8,0.9
154.54981262797986,-3.6494712407275505,-2.4619917799859814,8,0.9
155.6247915859703,-3.6495895792553403,-2.4758789852591856,8,0.9
156.70724761391295,-3.649702802636297,-2.4898719130249396,8,0.9
157.79723271894218,-3.6498180939079417,-2.5039882831517266,8,0.9
158.8947992699305,-3.6499170450364975,-2.518184402231839,8,0.9
160.0000000000048,-3.6500324037029097,-2.532539928791685,8,0.9
161.11288800907985,-3.650132945098617,-2.546979849814569,8,0.9
162.23351676640956,-3.6502514034901408,-2.5615849803304602,8,0.9
163.36194011315587,-3.6503501234005493,-2.5762633443803806,8,0.9
164.49821226497562,-3.6504618213804347,-2.5910965853410453,8,0.9
165.6423878146254,-3.6505552056925996,-2.6060072279482416,8,0.9
166.79452173458452,-3.6506565740435093,-2.621061828795672,8,0.9
167.9546693796959,-3.6507538060112315,-2.63623057568779,8,0.9
169.12288648982604,-3.6508667805768678,-2.6515651792623194,8,0.9
170.29922919254284,-3.6509641331562026,-2.6669859443197708,8,0.9
171.4837540058122,-3.651065713385746,-2.6825446079269346,8,0.9
172.6765178407137,-3.651159332270945,-2.6982101345869327,8,0.9
173.87757800417467,-3.65127763263771,-2.7140692488941247,8,0.9
175.08699220172375,-3.651363535694631,-2.7299719897287753,8,0.9
176.30481854026317,-3.6514624689159616,-2.746039241191875,8,0.9
177.53111553086072,-3.651562172011571,-2.7622393889901806,8,0.9
178.7659420915608,-3.6516567705001335,-2.7785572889449215,8,0.9
180.00935755021513,-3.6517596067493456,-2.795029996286528,8,0.9
181.26142164733346,-3.6518583560611733,-2.8116247871841438,8,0.9
182.52219453895353,-3.6519406655776905,-2.8283079328058487,8,0.9
183.7917367995314,-3.652051901184876,-2.845206148656078,8,0.9
185.07010942485184,-3.652128341702231,-2.8621425165676437,8,0.9
186.35737383495882,-3.6522345731848183,-2.879298924220528,8,0.9
187.65359187710658,-3.652326068572691,-2.896550840321167,8,0.9
188.95882582873088,-3.652428877845991,-2.9139730942278286,8,0.9
190.27313840044144,-3.652511246975621,-2.9314753041339245,8,0.9
191.59659273903472,-3.6526120328096883,-2.949170302440468,8,0.9
192.92925243052787,-3.65270585084287,-2.9669855671065606,8,0.9
194.27118150321374,-3.652780124648161,-2.984884381387799,8,0.9
195.62244443073726,-3.652880087968409,-3.0030009302845344,8,0.9
196.98310613519297,-3.6529674140047925,-3.021222874428371,8,0.9
198.35323199024427,-3.653061587979729,-3.039609044717497,8,0.9
199.73288782426437,-3.6531499287922564,-3.0581222373912045,8,0.9
201.12213992349908,-3.6532454476686134,-3.0768027268935336,8,0.9
202.5210550352514,-3.653341837776196,-3.0956324322845803,8,0.9
203.9297003710886,-3.6534263237656672,-3.114572712892345,8,0.9
205.3481436100714,-3.653511837407362,-3.133664039306192,8,0.9
206.77645290200556,-3.653604854570892,-3.152927704383864,8,0.9
208.21469687071618,-3.6536860692543387,-3.1723040410381893,8,0.9
209.66294461734503,-3.6537747743320867,-3.1918546079378087,8,0.9
211.12126572367004,-3.6538709223833417,-3.211580643649936,8,0.9
212.5897302554489,-3.653961546883324,-3.2314417048887223,8,0.9
214.06840876578502,-3.654046528908805,-3.251437962197212,8,0.9
215.5573722985176,-3.654138612101274,-3.271611648884375,8,0.9
217.05669239163473,-3.6542247249611353,-3.29192111765988,8,0.9
218.5664410807106,-3.654311101523655,-3.3123875722828204,8,0.9
220.08669090236637,-3.6543974970810043,-3.3330111505257283,8,0.9
221.6175148977554,-3.654490086378206,-3.353813548918595,8,0.9
223.15898661607235,-3.654582106343284,-3.374773255482925,8,0.9
224.71118011808713,-3.654666752055488,-3.395868008422943,8,0.9
226.27416997970286,-3.6547500944062152,-3.417119078578652,8,0.9
227.8480312955392,-3.65484463605183,-3.4385705054281948,8,0.9
229.43283968254013,-3.654930545915944,-3.4601551115211135,8,0.9
231.02867128360725,-3.6550137919568697,-3.4818941520135223,8,0.9
232.63560277125762,-3.6551003123534747,-3.5038093392403593,8,0.9
234.25371135130806,-3.6551960154530097,-3.5259228470892414,8,0.9
235.88307476658426,-3.65527443083353,-3.5481418112734384,8,0.9
237.523771300656,-3.655367264734746,-3.5705799595663357,8,0.9
239.17587978159838,-3.6554609083346707,-3.5931900900232554,8,0.9
240.83947958577906,-3.6555416987030527,-3.6159234981033093,8,0.9
242.51465064167206,-3.655641261109225,-3.638896246797313,8,0.9
244.2014734336979,-3.655719945978601,-3.6619643462360254,8,0.9
245.9000290060905,-3.6558157953172072,-3.6852686786146203,8,0.9
247.61039896679097,-3.65590202345187,-3.708711325890073,8,0.9
249.33266549136863,-3.6559906861300453,-3.732338020546646,8,0.9
251.06691132696898,-3.656087327890015,-3.7561710151365846,8,0.9
252.81321979628953,-3.6561715005725635,-3.7801339064691315,8,0.9
254.5716748015829,-3.656268135812939,-3.8043226116114073,8,0.9
256.3423608286881,-3.6563566971816286,-3.8286597017215835,8,0.9
258.12536295108947,-3.656442567859179,-3.8531665873577805,8,0.9
259.9207668340045,-3.656531098668621,-3.877865109517038,8,0.9
261.72865873849923,-3.656621106653925,-3.9027518859262678,8,0.9
263.54912552563275,-3.6567178712732846,-3.9278490916575564,8,0.9
265.38225466063074,-3.6568071208078297,-3.953101279582341,8,0.9
267.2281342170877,-3.656900557845233,-3.9785560614132214,8,0.9
269.08685288119824,-3.6569903286147625,-4.004183049573272,8,0.9
270.95849995601833,-3.6570815551618456,-4.030003953433618,8,0.9
272.8431653657559,-3.657179327659656,-4.056040907545034,8,0.9
274.74093966009104,-3.657269147999429,-4.082235640213811,8,0.9
276.6519140185268,-3.657362541507954,-4.108636584179386,8,0.9
278.5761802547697,-3.6574579643287697,-4.135238700431192,8,0.9
280.51383082114137,-3.657553830633516,-4.162036612932084,8,0.9
282.4649588130198,-3.6576485131743777,-4.189024600195001,8,0.9
284.42965797331277,-3.6577403430683986,-4.216196587371161,8,0.9
286.40802269696155,-3.657840680090181,-4.243602337293336,8,0.9
288.40014803547615,-3.6579347132272044,-4.271179633329426,8,0.9
290.4061297015021,-3.6580402721555636,-4.299006785027069,8,0.9
292.42606407341884,-3.658142461196933,-4.327020639841493,8,0.9
294.4600481999708,-3.658232867100927,-4.355184963028451,8,0.9
296.50817980492957,-3.658329223683695,-4.383578709517021,8,0.9
298.5705572917893,-3.65842304873269,-4.412165662297916,8,0.9
300.64727974849484,-3.658538588216812,-4.441055929552062,8,0.9
302.73844695220185,-3.658641065764802,-4.4700950868358555,8,0.9
304.84415937407124,-3.6587284146431367,-4.499273776861403,8,0.9
306.964518184096,-3.658831356675054,-4.52873287267196,8,0.9
309.09962525596205,-3.658947795629558,-4.558465309727556,8,0.9
311.24958317194296,-3.6590493085128157,-4.588341391809682,8,0.9
313.4144952278283,-3.6591468349153384,-4.618412208160718,8,0.9
315.59446543788675,-3.6592447245708346,-4.648699130932801,8,0.9
317.7895985398634,-3.659353886634747,-4.679255158902199,8,0.9
320.000000000012,-3.659465463933571,-4.710040329220578,8,0.9
322.22577601816215,-3.659570549382371,-4.7410133655794136,8,0.9
324.4670335328215,-3.6596865593216727,-4.772259111790147,8,0.9
326.7238802263142,-3.6597847403740142,-4.803640013935353,8,0.9
328.99642452995374,-3.6598956516917114,-4.835305285727774,8,0.9
331.2847756292533,-3.6600102668833765,-4.867212948277674,8,0.9
333.5890434691715,-3.660112903518909,-4.89928689557885,8,0.9
335.90933875939425,-3.660234101049272,-4.931679692840442,8,0.9
338.2457729796546,-3.660338283957747,-4.964215766110983,8,0.9
340.5984583850881,-3.660462588288951,-4.997082496769058,8,0.9
342.96750801162693,-3.660564725619884,-5.0300680564371145,8,0.9
345.3530356814299,-3.6606818199041786,-5.0633616655292935,8,0.9
347.75515600835195,-3.6608046378040053,-5.096918556560743,8,0.9
350.1739844034501,-3.6609239014989248,-5.1306925426057655,8,0.9
352.60963708052907,-3.661050211958452,-5.164739940026985,8,0.9
355.0622310617241,-3.661167596419892,-5.198978949801772,8,0.9
357.53188418312425,-3.6612733210692316,-5.233395610044609,8,0.9
360.0187151004329,-3.6614045523101293,-5.268187743875999,8,0.9
362.52284329466966,-3.661531952131541,-5.303202320338976,8,0.9
365.0443890779098,-3.6616527406873107,-5.338425379589888,8,0.9
367.58347359906554,-3.6617707834935267,-5.373878594000245,8,0.9
370.14021884970646,-3.6619032886719842,-5.409656912102316,8,0.9
372.7147476699204,-3.662034112805674,-5.445674654591519,8,0.9
375.30718375421594,-3.6621604193214043,-5.481917410665842,8,0.9
377.9176516574646,-3.66229941523786,-5.518481734334683,8,0.9
380.5462768008857,-3.662414808836,-5.555167501903993,8,0.9
383.1931854780723,-3.6625438646573603,-5.592183305321212,8,0.9
385.85850486105863,-3.6626770334138534,-5.629477972061062,8,0.9
388.5423630064304,-3.6628181466514054,-5.667075212651331,8,0.9
391.2448888614774,-3.662957616414629,-5.704922387035039,8,0.9
393.96621227038884,-3.663099257593317,-5.74304279253327,8,0.9
396.7064639804915,-3.663226722044483,-5.781343291812492,8,0.9
399.4657756485318,-3.6633639843246013,-5.819963804387834,8,0.9
402.24427984700117,-3.6635148913498123,-5.8589294711947275,8,0.9
405.04211007050577,-3.663649598603518,-5.898066897980191,8,0.9
407.85940074218024,-3.663785389458116,-5.937478602235649,8,0.9
410.69628722014585,-3.6639396090164396,-5.977269981470691,8,0.9
413.55290580401413,-3.6640823564591414,-6.017264604923,8,0.9
416.42939374143555,-3.6642242185016762,-6.057526855124807,8,0.9
419.3258892346932,-3.664369054304089,-6.0980816863214935,8,0.9
422.24253144734325,-3.664520744578197,-6.138954760264172,8,0.9
425.179460510901,-3.664689975716783,-6.180214299093043,8,0.9
428.13681753157323,-3.6648399560243132,-6.221635568107381,8,0.9
431.11474459703845,-3.664994931051754,-6.263369315781345,8,0.9
434.11338478327275,-3.665152038920618,-6.305399714483791,8,0.9
437.13288216142445,-3.6653016099439935,-6.3476675100578746,8,0.9
440.173381804736,-3.665461214552429,-6.390285105012727,8,0.9
443.23502979551404,-3.6656280390061466,-6.4332372578425465,8,0.9
446.31797323214806,-3.6657787841184235,-6.4763765659835855,8,0.9
449.4223602361776,-3.665951605617285,-6.519949663175146,8,0.9
452.5483399594091,-3.6661232375862247,-6.5638093043647805,8,0.9
455.6960625910818,-3.666277187161946,-6.607849019815404,8,0.9
458.8656793650838,-3.666451781189652,-6.652320813297836,8,0.9
462.0573425672179,-3.6666237360030425,-6.6970745035583565,8,0.9
465.2712055425187,-3.6667903102055006,-6.742093184942099,8,0.9
468.5074227026196,-3.666962536073246,-6.7874518493928155,8,0.9
471.76614953317204,-3.667144629579353,-6.8331812732449055,8,0.9
475.04754260131557,-3.6673132619534488,-6.879126114852439,8,0.9
478.3517595632003,-3.667500264831216,-6.925503613462383,8,0.9
481.6789591715617,-3.667682337654071,-6.9721578080056945,8,0.9
485.02930128334776,-3.667863784222829,-7.019119538125163,8,0.9
488.40294686739946,-3.6680489569997277,-7.0664206741206055,8,0.9
491.8000580121847,-3.6682283815917542,-7.11399727245928,8,0.9
495.2207979335857,-3.668413408145045,-7.161930086646233,8,0.9
498.665330982741,-3.668608518260674,-7.210253205177443,8,0.9
502.1338226539417,-3.6687973541793184,-7.25885346036829,8,0.9
505.62643959258287,-3.668998375140996,-7.307863721954361,8,0.9
509.14334960316967,-3.6691882725292624,-7.357119852381562,8,0.9
512.68472165738,-3.669392593316344,-7.406806849661988,8,0.9
516.2507259021829,-3.6695880449519622,-7.456759094396794,8,0.9
519.841533668013,-3.669786299403307,-7.5070626033469905,8,0.9
523.4573174770023,-3.6699780657455627,-7.557651312453988,8,0.9
527.0982510512695,-3.670196219935776,-7.608769163172667,8,0.9
530.7645093212655,-3.6703964172015024,-7.660091846723158,8,0.9
534.4562684341794,-3.6706187025401933,-7.71191818395759,8,0.9
538.1737057624005,-3.6708186633365174,-7.763919188206312,8,0.9
541.9169999120409,-3.6710365172120403,-7.816397781641946,8,0.9
545.6863307315159,-3.671249025533135,-7.86918161698899,8,0.9
549.4818793201863,-3.6714754030494188,-7.922418710269497,8,0.9
553.3038280370578,-3.6716853012774187,-7.975879711164518,8,0.9
557.1523605095437,-3.6719051365000652,-8.029768473525973,8,0.9
561.027661642287,-3.672125904741284,-8.084018332738532,8,0.9
564.9299176260438,-3.6723457232296792,-8.138616709882209,8,0.9
568.8593159466297,-3.6725627387945865,-8.19355095546007,8,0.9
572.8160453939274,-3.672803765302632,-8.249034282852277,8,0.9
576.8002960709567,-3.6730456370513536,-8.304888041852006,8,0.9
580.8122594030085,-3.673257896092361,-8.360871535437237,8,0.9
584.8521281468421,-3.6734962633838073,-8.417429752757753,8,0.9
588.920096399946,-3.6737448060981572,-8.47443971138553,8,0.9
593.0163596098636,-3.673958647017159,-8.531541262465693,8,0.9
597.1411145835832,-3.674215592872066,-8.589365753467401,8,0.9
601.2945594969942,-3.6744563792006417,-8.647435675089454,8,0.9
605.4768939044083,-3.6747157238091734,-8.706036826420648,8,0.9
609.688318748147,-3.674955921962823,-8.764861891437214,8,0.9
613.9290363681965,-3.675204603056571,-8.82414034844148,8,0.9
618.1992505119288,-3.6754531505097447,-8.883803505135285,8,0.9
622.4991663438906,-3.6757148651150846,-8.943965320635144,8,0.9
626.8289904556613,-3.6759665605258323,-9.004434002499638,8,0.9
631.1889308757782,-3.6762142790668335,-9.06526183095402,8,0.9
635.5791970797316,-3.6764862183927507,-9.12669109356264,8,0.9
640.0000000000289,-3.676744515580924,-9.188402713227038,8,0.9
644.4515520363291,-3.6770027419820477,-9.250514205097847,8,0.9
648.9340670656479,-3.677274621053269,-9.313146754812179,8,0.9
653.4477604526332,-3.6775369586035915,-9.376102747297036,8,0.9
657.9928490599125,-3.6778035634633492,-9.439504123764864,8,0.9
662.5695512585116,-3.6780809571085626,-9.503411195002014,8,0.9
667.178086938348,-3.6783533740709764,-9.567688661664906,8,0.9
671.8186775187937,-3.6786199128925667,-9.632330411157294,8,0.9
676.4915459593144,-3.678909684630149,-9.697597732690895,8,0.9
681.1969167701814,-3.6791920099668536,-9.763221408451393,8,0.9
685.935016023259,-3.6794660914911566,-9.82919592154108,8,0.9
690.7060713628651,-3.679746255977224,-9.895652402745823,8,0.9
695.5103120167091,-3.6800243143885436,-9.962519914620911,8,0.9
700.3479688069056,-3.6803223650046277,-10.030002589103736,8,0.9
705.2192741610634,-3.6806019682525837,-10.097753252775535,8,0.9
710.1244621234536,-3.680915758867576,-10.166257199124875,8,0.9
715.0637683662537,-3.6812023939083844,-10.234953908926206,8,0.9
720.0374302008713,-3.681499471720464,-10.30419231911776,8,0.9
725.0456865893448,-3.681783617742702,-10.373758355904409,8,0.9
730.0887781558251,-3.6820774147607818,-10.44386516071165,8,0.9
735.1669471981365,-3.68238828891959,-10.5145868991698,8,0.9
740.2804376994185,-3.682692856757521,-10.585707412926299,8,0.9
745.4294953398465,-3.682990785911782,-10.657225802178898,8,0.9
750.6143675084376,-3.683289548676512,-10.729215681642799,8,0.9
755.8353033149348,-3.6836045257516647,-10.801827798186665,8,0.9
761.0925536017771,-3.6839044178809885,-10.874765904965393,8,0.9
766.3863709561504,-3.6842203025830758,-10.948331968452571,8,0.9
771.717009722123,-3.6845207801617352,-11.022226238928505,8,0.9
777.0847260128666,-3.684837166741652,-11.096755638515127,8,0.9
782.4897777229608,-3.6851537586517678,-11.171771679203923,8,0.9
787.9324245407837,-3.685470556020856,-11.247277822887972,8,0.9
793.412927960989,-3.6857955388461394,-11.323356407438423,8,0.9
798.9315512970695,-3.6861129037065514,-11.399855236578631,8,0.9
804.4885596940084,-3.686430673924766,-11.47685688647,8,0.9
810.0842201410177,-3.6867409642008897,-11.554286231325822,8,0.9
815.7188014843666,-3.687067992972144,-11.632389206045548,8,0.9
821.392574440298,-3.687379838336477,-11.710849891051222,8,0.9
827.1058116080346,-3.687708948950143,-11.789998626152622,8,0.9
832.8587874828772,-3.6880395048231622,-11.869680687906845,8,0.9
838.6517784693928,-3.6883636594488296,-11.949820217940207,8,0.9
844.4850628946929,-3.6886898325820554,-12.030506685748382,8,0.9
850.3589210218082,-3.689010188174371,-12.11166394080126,8,0.9
856.2736350631529,-3.6893250374830613,-12.193298710239626,8,0.9
862.2294891940834,-3.689651222690758,-12.275588947109886,8,0.9
868.226769566552,-3.6899975600443105,-12.358631870950873,8,0.9
874.2657643228554,-3.690298253409466,-12.441748208335175,8,0.9
880.3467636094787,-3.6906366623656286,-12.525809513383741,8,0.9
886.4700595910348,-3.690955132038409,-12.61021919579543,8,0.9
892.635946464303,-3.691287556736021,-12.695336849756142,8,0.9
898.844720472362,-3.6916177910872467,-12.780998042441423,8,0.9
905.096679918825,-3.6919379354027204,-12.86712355016329,8,0.9
911.3921251821704,-3.6922569670459104,-12.953812774231043,8,0.9
917.7313587301744,-3.692601049397575,-13.041350080012183,8,0.9
924.1146851344428,-3.692911271172971,-13.129111896365771,8,0.9
930.5424110850445,-3.6932394074030013,-13.217656528296002,8,0.9
937.0148454052463,-3.6935519007099864,-13.306629191544594,8,0.9
943.5322990663512,-3.693883873984029,-13.396413733137631,8,0.9
950.0950852026382,-3.694192886778709,-13.486556972482683,8,0.9
956.7035191264079,-3.694514286123567,-13.577447070375568,8,0.9
963.3579183431307,-3.694831497209748,-13.668909969079063,8,0.9
970.0586025667028,-3.695154052623222,-13.761055509519023,8,0.9
976.8058937348063,-3.6954563704431016,-13.853609087943868,8,0.9
983.6001160243768,-3.6957744684795726,-13.946971689211953,8,0.9
990.4415958671789,-3.6960738180215635,-14.040769437327592,8,0.9
997.3306619654895,-3.696372920267033,-14.1352118908884,8,0.9
1004.267645307891,-3.696672661731596,-14.230315313144349,8,0.9
1011.2528791851732,-3.696982967622727,-14.326196919101179,8,0.9
1018.2866992063468,-3.6972777540848796,-14.422572893964778,8,0.9
1025.3694433147675,-3.69757593551802,-14.519660552999163,8,0.9
1032.5014518043733,-3.697869385257727,-14.617375856362617,8,0.9
1039.6830673360337,-3.698140671222026,-14.71552917410253,8,0.9
1046.9146349540124,-3.698418116930698,-14.81444558157221,8,0.9
1054.1965021025467,-3.6987028097443906,-14.914145279966737,8,0.9
1061.5290186425389,-3.6989679745405404,-15.01433263723697,8,0.9
1068.9125368683667,-3.6992517361846007,-15.115447234629176,8,0.9
1076.347411524809,-3.6994897012663843,-15.216764467311567,8,0.9
1083.8339998240897,-3.699767154494836,-15.3192629072381,8,0.9
1091.37266146304,-3.7000194011454135,-15.42221308052247,8,0.9
1098.9637586403808,-3.7002757298040008,-15.525957376569746,8,0.9
1106.607656074124,-3.700508586421256,-15.630187748419642,8,0.9
1114.3047210190957,-3.700757207740951,-15.735363133092708,8,0.9
1122.0553232845823,-3.700964947569087,-15.840839519849844,8,0.9
1129.859835252096,-3.701180902917409,-15.947190910556957,8,0.9
1137.7186318932681,-3.701406347018221,-16.054441749387298,8,0.9
1145.6320907878635,-3.701613129940919,-16.16227514184727,8,0.9
1153.600592141922,-3.701811997404165,-16.27082434887658,8,0.9
1161.6245188060257,-3.7020040035841935,-16.380110821478173,8,0.9
1169.704256293693,-3.702180251560001,-16.49004016952619,8,0.9
1177.840192799901,-3.70233165450788,-16.60051529750184,8,0.9
1186.032719219736,-3.7025195350562923,-16.7122629913546,8,0.9
1194.2822291671753,-3.702674722129969,-16.82448460689978,8,0.9
1202.5891189939975,-3.7028182991032788,-16.93743659240266,8,0.9
1210.9537878088256,-3.7029307951332626,-17.050900225783217,8,0.9
1219.3766374963034,-3.7030541947642264,-17.16537939448922,8,0.9
1227.8580727364024,-3.703169194951879,-17.28065827515383,8,0.9
1236.3985010238666,-3.7032664829188926,-17.396637991439757,8,0.9
1244.9983326877905,-3.7033575247965187,-17.5134649483947,8,0.9
1253.657980911332,-3.703422376359531,-17.63091477958283,8,0.9
1262.377861751566,-3.703483114322002,-17.749260044028333,8,0.9
1271.1583941594727,-3.703519592833042,-17.868274049903942,8,0.9
1280.0000000000673,-3.703554193713668,-17.98823411312728,8,0.9
1288.9031040726677,-3.7035773869210047,-18.109039739447113,8,0.9
1297.8681341313059,-3.70356851572254,-18.23045799133701,8,0.9
1306.8955209052763,-3.7035611942368867,-18.35290108964511,8,0.9
1315.9856981198345,-3.703523721393261,-18.476005114856292,8,0.9
1325.1391025170333,-3.703501278373747,-18.60032127689995,8,0.9
1334.3561738767062,-3.703417329167796,-18.724951501316013,8,0.9
1343.6373550375972,-3.703339519282203,-18.850715493236184,8,0.9
1352.9830919186386,-3.7032240840631125,-18.977105598961874,8,0.9
1362.393833540373,-3.70314004659088,-19.104959802210526,8,0.9
1371.8700320465282,-3.702963256058408,-19.23281097789094,8,0.9
1381.4121427257405,-3.7028203021232224,-19.362185224298358,8,0.9
1391.0206240334287,-3.7026202719070067,-19.492012198237767,8,0.9
1400.6959376138216,-3.7024219789989052,-19.62300990255188,8,0.9
1410.4385483221372,-3.7022151221143025,-19.75507118620604,8,0.9
1420.2489242469178,-3.7019653557409304,-19.887801791347854,8,0.9
1430.1275367325184,-3.701697164300393,-20.021510706574997,8,0.9
1440.0748604017533,-3.7013875436478343,-20.155939850305547,8,0.9
1450.0913731787002,-3.7010735007204727,-20.29154844893652,8,0.9
1460.177556311661,-3.700744228483084,-20.428224704364,8,0.9
1470.3338943962842,-3.700363970082601,-20.565559366651886,8,0.9
1480.560875398848,-3.699945532417166,-20.70372363791926,8,0.9
1490.8589906797042,-3.6995521141886027,-20.843489955389586,8,0.9
1501.2287350168863,-3.6990598901885754,-20.98339995097232,8,0.9
1511.670606629881,-3.698607796573101,-21.125129493964295,8,0.9
1522.1851072035656,-3.6980704481835662,-21.267203585417548,8,0.9
1532.772741912312,-3.697511920692574,-21.4104057775514,8,0.9
1543.4340194442575,-3.696959331249854,-21.55507842044576,8,0.9
1554.1694520257447,-3.696335889997121,-21.700328818828634,8,0.9
1564.9795554459333,-3.695681163498783,-21.846648662433108,8,0.9
1575.8648490815792,-3.6949827677328457,-21.99391240987858,8,0.9
1586.8258559219898,-3.6943084219484486,-22.142944098454667,8,0.9
1597.863102594151,-3.6935386938006247,-22.29235072889874,8,0.9
1608.9771193880288,-3.692754789842299,-22.443116646160828,8,0.9
1620.1684402820476,-3.691916854814809,-22.59479349529903,8,0.9
1631.4376029687455,-3.691039175390239,-22.74757367070531,8,0.9
1642.7851488806082,-3.690150520219398,-22.901819430383032,8,0.9
1654.2116232160815,-3.6891677867296533,-23.05657710767737,8,0.9
1665.7175749657672,-3.6882042303957103,-23.21320256362813,8,0.9
1677.303556938798,-3.687190459867545,-23.370904728364525,8,0.9
1688.9701257893985,-3.6860980919040127,-23.529377610550483,8,0.9
1700.7178420436294,-3.68498540502397,-23.68932917730925,8,0.9
1712.5472701263188,-3.6837948530140623,-23.850113933223543,8,0.9
1724.4589783881795,-3.682585811136226,-24.01245085617547,8,0.9
1736.453539133117,-3.681314768985173,-24.17586043790346,8,0.9
1748.531528645724,-3.6800123636934834,-24.340725890306842,8,0.9
1760.6935272189705,-3.6786339502326317,-24.506558317597772,8,0.9
1772.940119182083,-3.6772258047864312,-24.673921451609353,8,0.9
1785.2718929286193,-3.6757425208180305,-24.842320562578976,8,0.9
1797.6894409447373,-3.674215591295058,-25.01214810796708,8,0.9
1810.1933598376636,-3.6726777307262988,-25.18380736613646,8,0.9
1822.7842503643546,-3.6710187244243886,-25.35606738623745,8,0.9
1835.4627174603627,-3.6693020618208614,-25.529687285424696,8,0.9
1848.2293702688994,-3.6675937386902557,-25.705447361490503,8,0.9
1861.0848221701028,-3.665780909675913,-25.88209621648221,8,0.9
1874.0296908105065,-3.6638962101090993,-26.060038680409313,8,0.9
1887.0645981327166,-3.6619399573078453,-26.239312238355595,8,0.9
1900.190170405291,-3.659963494569723,-26.42052691974152,8,0.9
1913.4070382528298,-3.6579001027964826,-26.602966192711087,8,0.9
1926.715836686276,-3.6557670729874454,-26.78685936582402,8,0.9
1940.1172051334202,-3.6535649198646243,-26.972247355188763,8,0.9
1953.611787469627,-3.6513296160648823,-27.15956375974652,8,0.9
1967.2002320487684,-3.6489734571443626,-27.347873117032456,8,0.9
1980.8831917343723,-3.6465858302611105,-27.538199897652696,8,0.9
1994.661323930994,-3.644113820074753,-27.729996871231407,8,0.9
2008.535290615797,-3.6415761274605223,-27.923506749566283,8,0.9
2022.5057583703617,-3.6389363172525204,-28.118370499229563,8,0.9
2036.573398412709,-3.6362318610816287,-28.315035403444618,8,0.9
2050.7388866295505,-3.633444708974748,-28.513344279051243,8,0.9
2065.0029036087626,-3.6306138860314103,-28.713756041964615,8,0.9
2079.366134672083,-3.6276437622388786,-28.91528368652279,8,0.9
2093.8292699080407,-3.6246512519895493,-29.11921991772563,8,0.9
2108.3930042051093,-3.6215593045194945,-29.324781012251083,8,0.9
2123.0580372850936,-3.6183680283780664,-29.532011825323707,8,0.9
2137.82507373675,-3.6151183509517186,-29.741386178828026,8,0.9
2152.6948230496346,-3.6117706738306126,-29.95252870152635,8,0.9
2167.6679996481957,-3.608346169609642,-30.165704176785773,8,0.9
2182.7453229260964,-3.6048248652990074,-30.38074760060696,8,0.9
2197.927517280778,-3.601207244978231,-30.597709013209222,8,0.9
2213.2153121482643,-3.5975370503113036,-30.81708196066024,8,0.9
2228.6094420382083,-3.593729091437325,-31.038036714420123,8,0.9
2244.1106465691814,-3.589826787964077,-31.261066106560776,8,0.9
2259.7196705042093,-3.5858533484662796,-31.486450190388993,8,0.9
2275.4372637865536,-3.5818105253549293,-31.714248968293756,8,0.9
2291.2641815757443,-3.577631477181477,-31.943837935843703,8,0.9
2307.2011842838615,-3.5733621066979437,-32.17572622403674,8,0.9
2323.2490376120686,-3.5690271782052823,-32.41020445701923,8,0.9
2339.4085125874035,-3.564533920879154,-32.64640533869559,8,0.9
2355.6803855998196,-3.559977485248557,-32.88531500179124,8,0.9
2372.0654384394898,-3.555360434972734,-33.12700065394393,8,0.9
2388.5644583343683,-3.55061151655433,-33.37081829647465,8,0.9
2405.178237988013,-3.545730859621738,-33.61682421231433,8,0.9
2421.9075756176694,-3.540794577969131,-33.86579737191503,8,0.9
2438.753274992625,-3.535729052324326,-34.1170841383038,8,0.9
2455.716145472823,-3.5305607221978215,-34.37098809603446,8,0.9
2472.797002047752,-3.5253174867199695,-34.627820123545916,8,0.9
2489.9966653755996,-3.5199488922150675,-34.88715903033247,8,0.9
2507.3159618226828,-3.5144828328401703,-35.149316862926355,8,0.9
2524.755723503151,-3.508894100712741,-35.41411411262532,8,0.9
2542.3167883189644,-3.503322385873353,-35.682872232431635,8,0.9
2560.0000000001537,-3.497493984192202,-35.95315763108867,8,0.9
2577.806208145355,-3.491603973873654,-36.22679489108228,8,0.9
2595.736268262631,-3.485656371968991,-36.50386392233441,8,0.9
2613.7910418105726,-3.4795970482485066,-36.78393233995373,8,0.9
2631.971396239689,-3.473428190807896,-37.067074017098086,8,0.9
2650.2782050340866,-3.467092173607382,-37.35284478229477,8,0.9
2668.7123477534324,-3.4607108236452104,-37.642357519113595,8,0.9
2687.274710075215,-3.454258608983762,-37.93543653806415,8,0.9
2705.9661838372976,-3.447677351130241,-38.231637734443275,8,0.9
2724.7876670807664,-3.4410008002171075,-38.53130352601055,8,0.9
2743.740064093077,-3.434232547806797,-38.834516621554265,8,0.9
2762.824285451502,-3.427409061634342,-39.14162950238556,8,0.9
2782.0412480668783,-3.4204366985180705,-39.45192300885939,8,0.9
2801.391875227664,-3.413417719257938,-39.76628916049502,8,0.9
2820.8770966442953,-3.406222280468851,-40.08373120137264,8,0.9
2840.4978484938565,-3.3990235812682195,-40.40569581652513,8,0.9
2860.2550734650586,-3.3917599931105973,-40.731732596157045,8,0.9
2880.1497208035285,-3.3844018153036415,-41.061658325667764,8,0.9
2900.1827463574223,-3.3769896855613206,-41.39584130680631,8,0.9
2920.355112623344,-3.369457080561165,-41.73381990123181,8,0.9
2940.6677887925907,-3.3618448182972043,-42.0759642276321,8,0.9
2961.121750797718,-3.354196201510926,-42.42265086819149,8,0.9
2981.717981359431,-3.3465571324920154,-42.77426257924354,8,0.9
3002.4574700337953,-3.3387826165569305,-43.12977023904565,8,0.9
3023.3412132597846,-3.330876221769366,-43.48926671401661,8,0.9
3044.3702144071544,-3.323081110565739,-43.854561050712356,8,0.9
3065.545483824648,-3.3150884138864143,-44.22347428497812,8,0.9
3086.868038888538,-3.3071868150566313,-44.59811240244542,8,0.9
3108.338904051513,-3.299223852238802,-44.97743451714299,8,0.9
3129.9591108918903,-3.2912916743323004,-45.362123420453,8,0.9
3151.7296981631816,-3.283230276760763,-45.751127246516,8,0.9
3173.651711844004,-3.275218741305415,-46.145712457261666,8,0.9
3195.726205188326,-3.267225775283287,-46.54569928147389,8,0.9
3217.954238776082,-3.2592180833461732,-46.95090571218829,8,0.9
3240.3368805641194,-3.2512971177870025,-47.36202846993318,8,0.9
3262.8752059375156,-3.2434315459476655,-47.77888791674515,8,0.9
3285.570297761241,-3.2354939465551205,-48.2007131991377,8,0.9
3308.4232464321876,-3.227635372244579,-48.62849908637922,8,0.9
3331.435149931559,-3.2198223118664075,-49.062064703775455,8,0.9
3354.607113877621,-3.212166633737782,-49.50211586950278,8,0.9
3377.9402515788224,-3.2045371995181404,-49.94788017812215,8,0.9
3401.4356840872842,-3.197149547303519,-50.40065720187714,8,0.9
3425.094540252663,-3.189717474510729,-50.85878396953949,8,0.9
3448.9179567763854,-3.1824073213091015,-51.32326431161956,8,0.9
3472.9070782662598,-3.1752894692759903,-51.79450994881934,8,0.9
3497.0630572914743,-3.168330621978162,-52.27233909624561,8,0.9
3521.387054437968,-3.1616045210420136,-52.7571622119185,8,0.9
3545.880238364193,-3.1550225364181133,-53.24850041144267,8,0.9
3570.543785857265,-3.1485466381007576,-53.74617222026672,8,0.9
3595.378881889502,-3.1425368273262437,-54.25206151204118,8,0.9
3620.3867196753545,-3.1365033225583434,-54.76362419974363,8,0.9
3645.5685007287366,-3.131046428101614,-55.283913688393994,8,0.9
3670.9254349207527,-3.1256653560256704,-55.81039233163276,8,0.9
3696.458740537827,-3.120739631774943,-56.344924986608376,8,0.9
3722.1696443402334,-3.11605475461717,-56.886446547377005,8,0.9
3748.0593816210417,-3.111820754722246,-57.43593098827564,8,0.9
3774.129196265462,-3.1078787224900046,-57.99260823001926,8,0.9
3800.3803408106105,-3.1043174090848815,-58.55686654457719,8,0.9
3826.8140765056887,-3.101361084099752,-59.129653600743104,8,0.9
3853.43167337258,-3.0987821784887295,-59.709914445685904,8,0.9
3880.2344102668694,-3.0968099984666955,-60.298582359114285,8,0.9
3907.223574939284,-3.0953451955077345,-60.895170232071656,8,0.9
3934.400464097566,-3.0942818014974387,-61.49920323790585,8,0.9
3961.7663834687746,-3.0939984906571794,-62.11213408652342,8,0.9
3989.322647862018,-3.094325133695943,-62.73319373706697,8,0.9
4017.070581231624,-3.0952252470479023,-63.362173840112625,8,0.9
4045.011516740754,-3.0968788921606056,-63.99966516910727,8,0.9
4073.1467968254487,-3.0993267840263212,-64.6457039072603,8,0.9
4101.477773259132,-3.102535526120595,-65.3000598177413,8,0.9
4130.005807217556,-3.106544864440339,-65.96276207586322,8,0.9
4158.732269344197,-3.111241269435219,-66.63333110598467,8,0.9
4187.658539816113,-3.1170509198274137,-67.31303259645222,8,0.9
4216.78600841025,-3.123708833988546,-68.00086407720259,8,0.9
4246.116074570219,-3.1314154873300355,-68.6973040487517,8,0.9
4275.650147473531,-3.1399747464766565,-69.40162192148664,8,0.9
4305.389646099301,-3.1495895653789354,-70.11427088905886,8,0.9
4335.335999296423,-3.1603883384032274,-70.83543126392074,8,0.9
4365.4906458522255,-3.1724199045004293,-71.56503263907636,8,0.9
4395.8550345615895,-3.185733514522893,-72.30299044937469,8,0.9
4426.430624296562,-3.1999498272567584,-73.04817986420795,8,0.9
4457.21888407645,-3.2157984704936537,-73.80217055648528,8,0.9
4488.2212931383965,-3.2326368811055044,-74.56323781524438,8,0.9
4519.439341008452,-3.2508556504599366,-75.33208050964966,8,0.9
4550.874527573141,-3.270680867477105,-76.10892081058958,8,0.9
4582.528363151522,-3.291894360793333,-76.89304823449841,8,0.9
4614.402368567757,-3.3147225029450214,-77.6846464188219,8,0.9
4646.498075224173,-3.338755351543216,-78.48272220551715,8,0.9
4678.817025174842,-3.3647698291592776,-79.2883675709241,8,0.9
4711.360771199674,-3.3920741325826054,-80.10013957876816,8,0.9
4744.130876879015,-3.4210799519125774,-80.91844041644828,8,0.9
4777.128916668773,-3.451925581829804,-81.74315199480938,8,0.9
4810.356475976061,-3.4846554504672795,-82.5739896424519,8,0.9
4843.815151235375,-3.5190247824713925,-83.41032697678526,8,0.9
4877.506549985286,-3.5551661450029166,-84.25202614132714,8,0.9
4911.432290945683,-3.593213074487702,-85.09890067847276,8,0.9
4945.594004095541,-3.6330070542848314,-85.95047004156302,8,0.9
4979.9933307512365,-3.67497177890475,-86.80674705438345,8,0.9
5014.631923645403,-3.718749023887443,-87.66708089305573,8,0.9
5049.511447006339,-3.764465659443466,-88.53122531276514,8,0.9
5084.633576637967,-3.8123471498587813,-89.39892840307158,8,0.9
5120.000000000346,-3.8621222610108874,-90.26968203740542,8,0.9
5155.612416290749,-3.914111660925296,-91.14322809488796,8,0.9
5191.4725365253,-3.9680374815059283,-92.01909888168855,8,0.9
5227.582083621183,-4.02391688325189,-92.89694960931872,8,0.9
5263.942792479418,-4.082264895886422,-93.77639706985565,8,0.9
5300.556410068212,-4.142394270355755,-94.65704904173559,8,0.9
5337.424695506905,-4.2048148248069666,-95.53847176428341,8,0.9
5374.54942015047,-4.269233338620046,-96.42032003574289,8,0.9
5411.932367674636,-4.335854059317325,-97.30213326206952,8,0.9
5449.575334161574,-4.404578230441442,-98.18353982294668,8,0.9
5487.480128186196,-4.475404383323181,-99.06414140396402,8,0.9
5525.648570903045,-4.548427615748471,-99.94346373219135,8,0.9
5564.082496133798,-4.623441933354512,-100.82125595324413,8,0.9
5602.78375045537,-4.700734629230183,-101.69686566874536,8,0.9
5641.754193288633,-4.779897624918924,-102.57027331041948,8,0.9
5680.995696987757,-4.8612118959143755,-103.44080682952597,8,0.9
5720.51014693016,-4.944560970364277,-104.30818791582493,8,0.9
5760.2994416071,-5.030118482578353,-105.17177868470226,8,0.9
5800.365492714889,-5.117376599340204,-106.03188602356128,8,0.9
5840.710225246731,-5.206698647307605,-106.88762880044098,8,0.9
5881.335577585225,-5.298055746696949,-107.73863965730315,8,0.9
5922.243501595481,-5.391322233819208,-108.58473404734511,8,0.9
5963.435962718906,-5.486466876579347,-109.42559453783387,8,0.9
6004.914940067636,-5.5832705580318,-110.26129161153708,8,0.9
6046.682426519615,-5.682072209648372,-111.09079699131304,8,0.9
6088.740428814354,-5.782373613121411,-111.91480213347357,8,0.9
6131.090967649341,-5.8848695271433895,-112.7314161410251,8,0.9
6173.736077777122,-5.988610655825028,-113.54246437020821,8,0.9
6216.6778081030725,-6.094280990639824,-114.34600638553029,8,0.9
6259.918221783827,-6.201567492975237,-115.14245289590349,8,0.9
6303.4593963264115,-6.310254054569786,-115.93207439644054,8,0.9
6347.303423688055,-6.420561858462062,-116.71397348164624,8,0.9
6391.4524103767,-6.532359609129462,-117.48820133959383,8,0.9
6435.9084775522115,-6.645603492896557,-118.25458980367088,8,0.9
6480.673761128287,-6.7600830957425595,-119.01351536992352,8,0.9
6525.750411875079,-6.876006413279172,-119.76405892093484,8,0.9
6571.140595522531,-6.993244816077441,-120.50635271709542,8,0.9
6616.846492864425,-7.111673738255334,-121.24056450551065,8,0.9
6662.870299863169,-7.231409853484382,-121.96603572196595,8,0.9
6709.214227755292,-7.35224988191217,-122.68324598712951,8,0.9
6755.880503157695,-7.474229881421561,-123.391837854444,8,0.9
6802.871368174619,-7.597457840562102,-124.09114795305337,8,0.9
6850.189080505378,-7.72151045743329,-124.78261868564306,8,0.9
6897.835913552822,-7.8465756717253985,-125.46532185452745,8,0.9
6945.814156532571,-7.972611373055013,-126.13922658495193,8,0.9
6994.126114583001,-8.099504554207343,-126.80462677039012,8,0.9
7042.774108875988,-8.227288087178291,-127.46120364695203,8,0.9
7091.760476728439,-8.356060691600202,-128.10831442868707,8,0.9
7141.087571714584,-8.485503386331033,-128.74724274510473,8,0.9
7190.757763779057,-8.615651348342196,-129.37769489690038,8,0.9
7240.773439350762,-8.746470117450695,-129.99970162008492,8,0.9
7291.137001457528,-8.878121589722335,-130.6123092963403,8,0.9
7341.850869841561,-9.010371254142202,-131.21654007492558,8,0.9
7392.917481075709,-9.143061095374078,-131.81311255500765,8,0.9
7444.339288680522,-9.276476704843471,-132.40041373324067,8,0.9
7496.118763242139,-9.410517800923726,-132.97882701923453,8,0.9
7548.258392530979,-9.544848971426408,-133.55010247457005,8,0.9
7600.760681621277,-9.679923498006888,-134.11160368488098,8,0.9
7653.628153011434,-9.81529274929089,-134.66577303471308,8,0.9
7706.863346745218,-9.951050482620401,-135.21201106185325,8,0.9
7760.468820533797,-10.087395772332389,-135.74902917292096,8,0.9
7814.447149878626,-10.22390633401826,-136.27930380366362,8,0.9
7868.800928195191,-10.360729781391317,-136.8018964995622,8,0.9
7923.532766937609,-10.498003230416446,-137.315864420965,8,0.9
7978.645295724095,-10.63548686616653,-137.82267167951983,8,0.9
8034.141162463309,-10.773316836997251,-138.32137934213992,8,0.9
8090.023033481568,-10.911366324914766,-138.81276964972156,8,0.9
8146.293593650958,-11.049566211477977,-139.29728255416586,8,0.9
8202.955546518326,-11.187998191515486,-139.77432664389409,8,0.9
8260.011614435174,-11.326689814090006,-140.24365649916504,8,0.9
8317.464538688457,-11.4655717575824,-140.70571576505978,8,0.9
8375.317079632288,-11.604486210844405,-141.1616332249596,8,0.9
8433.572016820564,-11.743604572439505,-141.61013637579524,8,0.9
8492.232149140504,-11.882817617224116,-142.0520113330713,8,0.9
8551.300294947127,-12.022111109732286,-142.48735771159537,8,0.9
8610.779292198666,-12.161557772066436,-142.9155946207152,8,0.9
8670.671998592914,-12.301012868791073,-143.33784412251165,8,0.9
8730.981291704516,-12.440549645686074,-143.75352575396641,8,0.9
8791.710069123244,-12.58007232097655,-144.16341568717664,8,0.9
8852.86124859319,-12.719732652801168,-144.56626294659563,8,0.9
8914.437768152968,-12.859355694393528,-144.96351576204648,8,0.9
8976.44258627686,-12.999011076545234,-145.35459896306315,8,0.9
9038.878682016972,-13.138649103910488,-145.73994487590866,8,0.9
9101.74905514635,-13.278298161726727,-146.11931654906354,8,0.9
9165.056726303115,-13.417874206076037,-146.49347296013786,8,0.9
9228.804737135582,-13.55740721368922,-146.86217392456524,8,0.9
9292.996150448414,-13.696995878908869,-147.2245273180384,8,0.9
9357.634050349754,-13.836487971904276,-147.58194269324753,8,0.9
9422.721542399418,-13.9759127955017,-147.93418050535206,8,0.9
9488.261753758103,-14.115364762164731,-148.28035808902735,8,0.9
9554.257833337617,-14.254568369433114,-148.62315430961377,8,0.9
9620.712951952195,-14.393851077988508,-148.95942526205783,8,0.9
9687.630302470823,-14.532975873987446,-149.2915133456219,8,0.9
9755.013099970645,-14.672097675707477,-149.61790459942458,8,0.9
9822.864581891441,-14.811022357960146,-149.9405923450495,8,0.9
9891.188008191157,-14.949931715902165,-150.2577563761487,8,0.9
9959.98666150255,-15.088698165760029,-150.57074270142138,8,0.9
10029.26384729088,-15.227319520445846,-150.8796251145586,8,0.9
10099.022894012754,-15.365937000721718,-151.18292786332927,8,0.9
10169.26715327601,-15.504400583817786,-151.48228672293388,8,0.9
10240.000000000768,-15.642708791987234,-151.77777150248238,8,0.9
10311.224832581574,-15.780941813121396,-152.06853687607205,8,0.9
10382.945073050678,-15.918987465586081,-152.3558767682001,8,0.9
10455.164167242447,-16.056951134820107,-152.63864718083414,8,0.9
10527.885584958914,-16.194750599832176,-152.91782640781332,8,0.9
10601.112820136505,-16.332435917908494,-153.19288223522972,8,0.9
10674.849391013888,-16.469979105559716,-153.4641829844791,8,0.9
10749.098840301021,-16.60742748392796,-153.73120610167533,8,0.9
10823.864735349352,-16.744680961981015,-153.99519669339574,8,0.9
10899.15066832323,-16.88185888786424,-154.25475409322948,8,0.9
10974.960256372473,-17.01884041567854,-154.51140123166698,8,0.9
11051.297141806172,-17.155695452808033,-154.76432703275856,8,0.9
11128.16499226768,-17.292399565333795,-155.0138821523872,8,0.9
11205.567500910824,-17.42897409792275,-155.25984168707544,8,0.9
11283.508386577352,-17.565374024989193,-155.50283239844552,8,0.9
11361.991393975597,-17.70164259471906,-155.7423452136199,8,0.9
11441.020293860403,-17.837757433634035,-155.9787192277747,8,0.9
11520.598883214287,-17.973718305145727,-156.21200877207926,8,0.9
11600.730985429864,-18.109545290043922,-156.44199225148796,8,0.9
11681.420450493551,-18.245217428138258,-156.66900025892312,8,0.9
11762.671155170538,-18.380734771436536,-156.893083970393,8,0.9
11844.48700319105,-18.516116665821187,-157.1140239615236,8,0.9
11926.871925437901,-18.651324567013152,-157.33241032129695,8,0.9
12009.82988013536,-18.786396870151638,-157.5477538097835,8,0.9
12093.36485303932,-18.921332986050622,-157.76010688468457,8,0.9
12177.4808576288,-19.056078559623963,-157.97030885414586,8,0.9
12262.181935298773,-19.19070651423111,-158.17735115997615,8,0.9
12347.472155554336,-19.3251635284427,-158.3820660656964,8,0.9
12433.355616206238,-19.459485222757742,-158.5839770942101,8,0.9
12519.836443567749,-19.593671390523706,-158.78313207769696,8,0.9
12606.918792652916,-19.72770539546762,-158.97983195457834,8,0.9
12694.606847376202,-19.86157176943852,-159.1743699699766,8,0.9
12782.904820753494,-19.995320021775743,-159.3660293780535,8,0.9
12871.816955104521,-20.12888659131656,-159.55585528740727,8,0.9
12961.347522256672,-20.262304811493905,-159.7433816739222,8,0.9
13051.500823750257,-20.39562114776258,-159.9279096835343,8,0.9
13142.28119104516,-20.528774524680703,-160.11046687860352,8,0.9
13233.69298572895,-20.661766674932483,-160.29108450054176,8,0.9
13325.740599726436,-20.794628239789823,-160.46931198317228,8,0.9
13418.428455510686,-20.927331095393555,-160.6456669374418,8,0.9
13511.761006315492,-21.059946928167452,-160.81899215175264,8,0.9
13605.74273634934,-21.192377756770195,-160.9909902136493,8,0.9
13700.378161010858,-21.324680869098746,-161.16074309994718,8,0.9
13795.671827105747,-21.45681677064641,-161.32898503376398,8,0.9
13891.628313065248,-21.588853399322684,-161.49458375179876,8,0.9
13988.252229166108,-21.720751314089455,-161.6582721659113,8,0.9
14085.548217752083,-21.85248633077219,-161.82053575141356,8,0.9
14183.520953456982,-21.98409829536622,-161.98071645529282,8,0.9
14282.175143429275,-22.115587783484145,-162.1388480460763,8,0.9
14381.515527558222,-22.24695540148892,-162.29496366862915,8,0.9
14481.546878701633,-22.378166126128868,-162.44976001614378,8,0.9
14582.274002915165,-22.509280809964505,-162.6021559172965,8,0.9
14683.70173968323,-22.64021842451409,-162.75372018767447,8,0.9
14785.834962151528,-22.771061703399784,-162.90294322865734,8,0.9
14888.678577361155,-22.901787949355054,-163.05029503597595,8,0.9
14992.23752648439,-23.032364972794028,-163.19644668112483,8,0.9
15096.516785062071,-23.16282745986903,-163.34077706854413,8,0.9
15201.521363242668,-23.293165514941933,-163.48352574097692,8,0.9
15307.256306022984,-23.423380388255687,-163.62471649254172,8,0.9
15413.726693490553,-23.55348362033589,-163.76416480641248,8,0.9
15520.93764106771,-23.68345571611494,-163.90231073060053,8,0.9
15628.894299757369,-23.813318347516685,-164.03876244757453,8,0.9
15737.6018563905,-23.94306247664578,-164.17374979933533,8,0.9
15847.065533875337,-24.07268935332116,-164.30729435598587,8,0.9
15957.29059144831,-24.202200223818483,-164.4394172766847,8,0.9
16068.282324926739,-24.331605689294395,-164.56994007311687,8,0.9
16180.046066963258,-24.46088812359257,-164.6992830024198,8,0.9
16292.587187302037,-24.59004012907919,-164.8276582909211,8,0.9
16405.911093036775,-24.719108419699683,-164.95410190105318,8,0.9
16520.023228870472,-24.848075375834057,-165.07903287949068,8,0.9
16634.92907737704,-24.97691585321043,-165.2030511559974,8,0.9
16750.634159264704,-25.105648917190727,-165.32578511820097,8,0.9
16867.144033641256,-25.234292543952353,-165.44687369144071,8,0.9
16984.464298281135,-25.362814123577362,-165.56709590008447,8,0.9
17102.600589894384,-25.49125627065308,-165.68552642712862,8,0.9
17221.558584397462,-25.619571012814838,-165.80330818556405,8,0.9
17341.343997185955,-25.747800057062125,-165.9195245198751,8,0.9
17461.962583409164,-25.875928322223047,-166.0345658631231,8,0.9
17583.42013824662,-26.003956977978557,-166.1484484248978,8,0.9
17705.72249718651,-26.131887185453927,-166.26118811934242,8,0.9
17828.875536306066,-26.259712688457014,-166.3729797507077,8,0.9
17952.885172553855,-26.387456856321943,-166.48330112388882,8,0.9
18077.75736403408,-26.515091413871012,-166.59288149812443,8,0.9
18203.498110292836,-26.64263937251201,-166.70120192799035,8,0.9
18330.113452606365,-26.77010151968527,-166.80828068739697,8,0.9
18457.609474271307,-26.897471783731255,-166.91430867709545,8,0.9
18585.99230089697,-27.024751267264186,-167.01929988706985,8,0.9
18715.26810069965,-27.15192775544802,-167.1236090633225,8,0.9
18845.44308479898,-27.279042254941807,-167.2262266924431,8,0.9
18976.523507516347,-27.40603655425771,-167.32869334842127,8,0.9
19108.51566667538,-27.53297039689088,-167.4295019759794,8,0.9
19241.425903904536,-27.659818629461277,-167.52934253806976,8,0.9
19375.260604941792,-27.786563803049987,-167.62872126911395,8,0.9
19510.026199941436,-27.913244229807436,-167.72665964597982,8,0.9
19645.729163783028,-28.03983617614286,-167.82382922903045,8,0.9
19782.376016382463,-28.166352713432143,-167.91991629472983,8,0.9
19919.973323005244,-28.29278297408883,-168.01525590432107,8,0.9
20058.527694581913,-28.419133933647846,-168.10969734293263,8,0.9
20198.045788025658,-28.545412206500735,-168.20309423688911,8,0.9
20338.53430655217,-28.67160742164774,-168.295774250701,8,0.9
20480.00000000169,-28.797737185509988,-168.38727853746693,8,0.9
20622.4496651633,-28.923780436202662,-168.47824199867983,8,0.9
20765.890146101516,-29.049754511346528,-168.56820874135136,8,0.9
20910.32833448505,-29.175660108063383,-168.65719242143945,8,0.9
21055.771169917985,-29.301482487512217,-168.74565988768586,8,0.9
21202.22564027317,-29.427248370724378,-168.8328644017092,8,0.9
21349.698782027936,-29.5529230354602,-168.91986847194642,8,0.9
21498.197680602203,-29.678547625297274,-169.00548547047467,8,0.9
21647.72947069887,-29.804088226900895,-169.0907659258224,8,0.9
21798.301336646622,-29.929570241190344,-169.17498046945948,8,0.9
21949.920512745113,-30.054984703421827,-169.25843423673393,8,0.9
22102.59428361251,-30.180318575525952,-169.34156777093597,8,0.9
22256.32998453553,-30.30560528219223,-169.42338118743166,8,0.9
22411.135001821818,-30.430817862267254,-169.50474623527361,8,0.9
22567.01677315487,-30.555975276042084,-169.58510231634781,8,0.9
22723.98278795137,-30.681064854653485,-169.66488333445227,8,0.9
22882.04058772098,-30.806087608730216,-169.7440946699185,8,0.9
23041.197766428744,-30.93105724898298,-169.82232808029028,8,0.9
23201.4619708599,-31.055957489819995,-169.90014500238613,8,0.9
23362.840900987278,-31.180801833532424,-169.97713987106377,8,0.9
23525.342310341253,-31.305586819154648,-170.0534583717575,8,0.9
23688.974006382276,-31.430313215102363,-170.12910822202716,8,0.9
23853.743850875984,-31.554977844253436,-170.20423007246092,8,0.9
24019.6597602709,-31.67960102420084,-170.2781680033658,8,0.9
24186.729706078822,-31.804152235641215,-170.3519900527842,8,0.9
24354.96171525778,-31.928651720916857,-170.4250410067765,8,0.9
24524.363870597732,-32.05310374749873,-170.49720142438142,8,0.9
24694.944311108862,-32.177494076819514,-170.56899752782337,8,0.9
24866.711232412665,-32.30182734409326,-170.64030323465204,8,0.9
25039.672887135683,-32.42611860989232,-170.7106161256447,8,0.9
25213.837585306024,-32.55035059762109,-170.7805796454757,8,0.9
25389.213694752598,-32.67453464444567,-170.84982047037175,8,0.9
25565.809641507185,-32.798671272366434,-170.9183477249916,8,0.9
25743.63391020923,-32.922750951828185,-170.98653971186383,8,0.9
25922.695044513537,-33.04678783727787,-171.05390852272402,8,0.9
26103.00164750071,-33.17076602505077,-171.12107240286215,8,0.9
26284.562382090517,-33.2947058165812,-171.1873065530345,8,0.9
26467.385971458098,-33.41859478604675,-171.2531033192964,8,0.9
26651.481199453076,-33.54243992431198,-171.3182283425292,8,0.9
26836.856911021572,-33.66623864419295,-171.38280788863102,8,0.9
27023.522012631187,-33.78998248335449,-171.44719911394282,8,0.9
27211.485472698885,-33.91368733802942,-171.5108183724338,8,0.9
27400.75632202192,-34.037350598921144,-171.57379155845786,8,0.9
27591.3436542117,-34.16096982485563,-171.6362411236659,8,0.9
27783.256626130707,-34.28454273536466,-171.69828612287728,8,0.9
27976.504458332423,-34.408075639599225,-171.7597028988837,8,0.9
28171.096435504372,-34.531563419920865,-171.82072328991111,8,0.9
28367.04190691418,-34.65501219294865,-171.8811264213895,8,0.9
28564.35028685876,-34.778419660529806,-171.9410296799661,8,0.9
28763.031055116662,-34.90178365598865,-172.00054691777544,8,0.9
28963.093757403483,-35.0251073566316,-172.05956993898528,8,0.9
29164.548005830547,-35.14839114461983,-172.1181012633033,8,0.9
29367.403479366687,-35.27164291501062,-172.17581909022329,8,0.9
29571.669924303278,-35.39484988047824,-172.23326393228052,8,0.9
29777.35715472254,-35.51801682598712,-172.29021421930025,8,0.9
29984.475052969006,-35.64113992216467,-172.3467635452004,8,0.9
30193.03357012437,-35.76422227998667,-172.4025694923525,8,0.9
30403.042726485564,-35.88724081004889,-172.4579988228875,8,0.9
30614.512612046197,-36.010148537511974,-172.51278823765148,8,0.9
30827.45338698134,-36.13277435070726,-172.5680022625206,8,0.9
31041.875282135654,-36.25579235225188,-172.62607773206943,8,0.9
31257.788599514974,-36.37904738646434,-172.67975860385855,8,0.9
31475.203712781236,-36.502035976379936,-172.73259599032548,8,0.9
31694.13106775091,-36.624922361029206,-172.78541095772346,8,0.9
31914.581182896858,-36.74775600859573,-172.837931038328,8,0.9
32136.564649853717,-36.870553592921425,-172.88990729159815,8,0.9
32360.09213392676,-36.993311167437994,-172.9417088675698,8,0.9
32585.17437460432,-37.116041261900016,-172.99283532872235,8,0.9
32811.8221860738,-37.23873473252501,-173.0437687992231,8,0.9
33040.04645774119,-37.361398549614044,-173.0942169127147,8,0.9
33269.85815475433,-37.48403130821248,-173.1442768457944,8,0.9
33501.26831852966,-37.606631619912164,-173.19404420848932,8,0.9
33734.28806728276,-37.7292038686269,-173.24333195851102,8,0.9
33968.928596562524,-37.851742789676585,-173.29242327324434,8,0.9
34205.20117978902,-37.97425638419157,-173.34094795175048,8,0.9
34443.11716879519,-38.09674125539672,-173.38909601546024,8,0.9
34682.68799437217,-38.21919780615908,-173.43687045825425,8,0.9
34923.92516681859,-38.34162642926858,-173.4842743297496,8,0.9
35166.8402764935,-38.464027508973416,-173.53131070584334,8,0.9
35411.44499437329,-38.58639797261244,-173.5781608293784,8,0.9
35657.7510726124,-38.70874683781637,-173.62438173989494,8,0.9
35905.77034510798,-38.83106754443136,-173.67033343247152,8,0.9
36155.51472806843,-38.95336217423227,-173.71592983195706,8,0.9
36406.99622058595,-39.07563107819476,-173.7611738966566,8,0.9
36660.22690521301,-39.19787460114358,-173.80606852496805,8,0.9
36915.21894854289,-39.32009308158399,-173.85061654218129,8,0.9
37171.98460179422,-39.44228685135449,-173.89482068374357,8,0.9
37430.53620139958,-39.56445777399378,-173.9385993471543,8,0.9
37690.88616959824,-39.686603066188155,-173.98212405535182,8,0.9
37953.04701503298,-39.80872160388501,-174.0254784004518,8,0.9
38217.03133335104,-39.93082265620324,-174.0681661065452,8,0.9
38482.85180780936,-40.05289752611799,-174.11068722458336,8,0.9
38750.521209883875,-40.174949459596505,-174.15287688409984,8,0.9
39020.05239988316,-40.29697867501057,-174.19473561439352,8,0.9
39291.458327566346,-40.41898672480113,-174.2361826445145,8,0.9
39564.752032765224,-40.540970856653004,-174.2773765700142,8,0.9
39839.94664601079,-40.66293233446555,-174.31823117928934,8,0.9
40117.05538916413,-40.78487057609517,-174.35873532155526,8,0.9
40396.09157605162,-40.906786591502225,-174.39871040720058,8,0.9
40677.068613104646,-41.0286718114769,-174.43834380892181,8,0.9
40960.00000000368,-41.1505087138533,-174.47767514969502,8,0.9
41244.899330326916,-41.27223870139414,-174.5158926792868,8,0.9
41531.78029220334,-41.393420953838316,-174.55420879624126,8,0.9
41820.65666897041,-41.51534205962409,-174.60138212066505,8,0.9
42111.54233983629,-41.63773257752627,-174.63877953812928,8,0.9
42404.45128054665,-41.75963675815158,-174.67593810814466,8,0.9
42699.3975640562,-41.881439810724466,-174.71337601230755,8,0.9
42996.39536120473,-42.00320506924959,-174.75060604089094,8,0.9
43295.458941398065,-42.12494179663442,-174.78781440569892,8,0.9
43596.60267329357,-42.24665922293624,-174.8246627153375,8,0.9
43899.84102549055,-42.368354786496305,-174.8614187731975,8,0.9
44205.18856722535,-42.490032902988546,-174.89785480917237,8,0.9
44512.659969071385,-42.61169200809735,-174.93410808056237,8,0.9
44822.27000364397,-42.73333367050195,-174.9701041423837,8,0.9
45134.033546310086,-42.85495930290578,-175.0057722103292,8,0.9
45447.96557590307,-42.97656917087353,-175.04111371182077,8,0.9
45764.081175442305,-43.098160446988075,-175.0763370069918,8,0.9
46082.39553285784,-43.21973649534418,-175.1112353553611,8,0.9
46402.92394172015,-43.341297517389215,-175.1458114862334,8,0.9
46725.681801974904,-43.46284272723321,-175.18013564206396,8,0.9
47050.68462068286,-43.5843704223697,-175.21434317798344,8,0.9
47377.94801276491,-43.70588375910629,-175.24823375437379,8,0.9
47707.487701752325,-43.8273838505508,-175.28174457440957,8,0.9
48039.319520542165,-43.94886620414188,-175.31520765071164,8,0.9
48373.45941215801,-44.07033479270403,-175.34836054494787,8,0.9
48709.923430515926,-44.191789780960136,-175.38120646645152,8,0.9
49048.72774119583,-44.31322955785043,-175.4138768864765,8,0.9
49389.888622218095,-44.43465610681752,-175.44624493339285,8,0.9
49733.4224648257,-44.556067860850064,-175.47844028511622,8,0.9
50000.0,-44.64969498192016,-175.50317287736414,8,0.9
10.0,-0.30402037498582063,-0.5153136478619578,9,1.0
10.069555500567189,-0.30430132388267384,-0.5182564784447002,9,1.0
10.139594797900294,-0.3045702016057099,-0.5212066695777229,9,1.0
10.210121257071936,-0.30485922129360804,-0.5241675654301149,9,1.0
10.281138266560667,-0.3051426348539303,-0.5271362651274523,9,1.0
10.352649238413779,-0.30543333469594586,-0.5301140440341551,9,1.0
10.424657608411218,-0.30571845452800234,-0.5330993528793505,9,1.0
10.497166836230678,-0.3060108863773219,-0.5360934825979107,9,1.0
10.57018040561381,-0.3063106430174884,-0.5390963106043835,9,1.0
10.643701824533608,-0.3066177374159976,-0.5421077115563765,9,1.0
10.71773462536294,-0.3069128672140692,-0.5451253420073287,9,1.0
10.792282365044281,-0.3072282391910564,-0.5481527406074509,9,1.0
10.867348625260592,-0.307538113325726,-0.5511868082161839,9,1.0
10.942937012607405,-0.30784250471448715,-0.5542273735934179,9,1.0
11.019051158766118,-0.3081736169876335,-0.5572780693537689,9,1.0
11.095694720678463,-0.30847996294403596,-0.5603326670062592,9,1.0
11.172871380722214,-0.30880018367562434,-0.5633955720333604,9,1.0
11.250584846888108,-0.30914073025570316,-0.5664674329054078,9,1.0
11.328838852958,-0.30945655890532653,-0.5695426376641219,9,1.0
11.407637158684253,-0.30979274402360657,-0.5726264806243672,9,1.0
11.486983549970367,-0.31012999075034126,-0.5757164487641567,9,1.0
11.566881839052892,-0.3104683154719691,-0.5788123636325725,9,1.0
11.647335864684578,-0.31080773483375407,-0.5819140436696101,9,1.0
11.728349492318808,-0.3111611369728011,-0.5850229366074775,9,1.0
11.809926614295325,-0.3115027961406431,-0.5881356025908827,9,1.0
11.892071150027233,-0.31186490688568125,-0.5912559574365571,9,1.0
11.97478704618931,-0.31222174519080403,-0.5943805236943331,9,1.0
12.05807827690763,-0.3125733297849811,-0.5975090853032131,9,1.0
12.141948843950495,-0.31295185166316,-0.6006456653744916,9,1.0
12.226402776920713,-0.3133122874092493,-0.6037841545386015,9,1.0
12.31144413344919,-0.31368039369514295,-0.60692773464861,9,1.0
12.397076999389895,-0.3140497552911053,-0.6100753485616697,9,1.0
12.48330548901615,-0.3144332584207117,-0.6132285354678988,9,1.0
12.570133745218314,-0.31481805505861,-0.6163853574637034,9,1.0
12.657565939702833,-0.3152041652803706,-0.6195455973929264,9,1.0
12.745606273192656,-0.3155916094778915,-0.6227090351894672,9,1.0
12.834258975629076,-0.3159868406833728,-0.6258763511552715,9,1.0
12.923528306374958,-0.31637701503221194,-0.6290455201095857,9,1.0
13.013418554419374,-0.3167814500388932,-0.6322190447231014,9,1.0
13.10393403858367,-0.31718087126114003,-0.6353939626896262,9,1.0
13.195079107728983,-0.31758816402168777,-0.6385718825192952,9,1.0
13.286858140965156,-0.31799691893231236,-0.641751650205228,9,1.0
13.379275547861162,-0.31840715873421516,-0.6449330266264097,9,1.0
13.472335768656947,-0.31882533691217296,-0.6481167244564442,9,1.0
13.566043274476765,-0.3192514760703233,-0.651302522101632,9,1.0
13.660402567544,-0.319672739555597,-0.6544882566215685,9,1.0
13.755418181397484,-0.32010844098018126,-0.6576765879832417,9,1.0
13.851094681109295,-0.32054574471953545,-0.6608653411453828,9,1.0
13.947436663504105,-0.3209718178923042,-0.6640522768043393,9,1.0
14.044448757380025,-0.3214188307446572,-0.6672420960138713,9,1.0
14.142135623731003,-0.3218675213565473,-0.6704315857553647,9,1.0
14.240501955970773,-0.32230505984416524,-0.6736184523616049,9,1.0
14.33955248015833,-0.32275075771200007,-0.6768054601314315,9,1.0
14.439291955225018,-0.3232174958255234,-0.6799944356571158,9,1.0
14.539725173203164,-0.3236731633195003,-0.6831799797820182,9,1.0
14.640856959456315,-0.3241370702020518,-0.6863649245490314,9,1.0
14.742692172911074,-0.3246092437676841,-0.6895490256067461,9,1.0
14.845235706290554,-0.32507043332797236,-0.69272883709563,9,1.0
14.94849248634945,-0.3255463731921746,-0.6959083363770523,9,1.0
15.05246747411074,-0.3260242400154264,-0.6990851329129041,9,1.0
15.15716566510405,-0.3265104889924665,-0.7022600439278549,9,1.0
15.26259208960566,-0.3269794502727056,-0.7054284129948672,9,1.0
15.368751812880195,-0.3274825538728686,-0.7085987654221965,9,1.0
15.475649935423972,-0.3279748570108048,-0.7117631204823662,9,1.0
15.58329159321007,-0.32847566512835996,-0.7149245295264226,9,1.0
15.69168195793509,-0.32897216263354334,-0.7180804638920842,9,1.0
15.800826237267621,-0.3294836529172032,-0.7212340545340594,9,1.0
15.910729675098453,-0.3299844761006242,-0.7243804505624925,9,1.0
16.02139755179252,-0.3304939355664145,-0.7275228092038183,9,1.0
16.13283518444261,-0.33101848684028884,-0.7306620499730686,9,1.0
16.245047927124794,-0.3315196321942546,-0.7337908399950304,9,1.0
16.358041171155712,-0.33205520408896966,-0.7369195262624063,9,1.0
16.471820345351553,-0.3325738647769113,-0.7400383399443524,9,1.0
16.586390916288924,-0.3331077575656707,-0.7431529770021895,9,1.0
16.70175838856748,-0.33364407676593816,-0.7462607658260952,9,1.0
16.817928305074386,-0.33417644010736147,-0.7493601896969578,9,1.0
16.93490624725064,-0.3347113065708347,-0.7524521789258776,9,1.0
17.052697835359233,-0.33526155352245857,-0.7555389580493793,9,1.0
17.17130872875518,-0.33580796155649884,-0.758616514960679,9,1.0
17.290744626157405,-0.33635057181671446,-0.7616845379816377,9,1.0
17.411011265922586,-0.3369215167454625,-0.7647491389752724,9,1.0
17.53211442632081,-0.33746949102435597,-0.7677998038714334,9,1.0
17.654059925813208,-0.3380266279348427,-0.7708426573146923,9,1.0
17.776853623331515,-0.3386058028487448,-0.7738800879169897,9,1.0
17.900501418559564,-0.3391749723697558,-0.776905281837938,9,1.0
18.02500925221672,-0.33974059880108937,-0.779919239769827,9,1.0
18.150383106343334,-0.34032197525335217,-0.7829257055366213,9,1.0
18.27662900458813,-0.3408998981231954,-0.7859203958100318,9,1.0
18.403753012497624,-0.3414872444516582,-0.7889057537617099,9,1.0
18.53176123780754,-0.3420712301581481,-0.79187878352206,9,1.0
18.660659830736275,-0.3426519035350786,-0.7948391895578164,9,1.0
18.790454984280366,-0.34324855521362935,-0.7977908955626789,9,1.0
18.921152934512047,-0.34384840436350816,-0.800730880176713,9,1.0
19.05275996087888,-0.344451500206281,-0.803658890699596,9,1.0
19.18528238650542,-0.3450514800214589,-0.8065732368206496,9,1.0
19.31872657849705,-0.3456548079589225,-0.809475089455928,9,1.0
19.453098948245852,-0.34626794729162313,-0.8123656705523248,9,1.0
19.588405951738682,-0.3468717146281209,-0.8152403467114611,9,1.0
19.72465408986733,-0.3474853984553275,-0.8181032770998757,9,1.0
19.861849908740865,-0.3481154618532676,-0.8209557688661836,9,1.0
20.00000000000015,-0.34872990578365126,-0.823790100284148,9,1.0
20.13911100113453,-0.34934801860080383,-0.8266105161496922,9,1.0
20.279189595800737,-0.3499762657404283,-0.8294183376727292,9,1.0
20.42024251414402,-0.35060188490318633,-0.8322102861422631,9,1.0
20.56227653312149,-0.3512313435612482,-0.8349876799383712,9,1.0
20.70529847682771,-0.3518775164390037,-0.837753471892997,9,1.0
20.849315216822593,-0.3525084219168287,-0.8404995882032542,9,1.0
20.994333672461515,-0.3531497530334516,-0.8432321353943737,9,1.0
21.14036081122778,-0.35379516272706935,-0.8459493493709769,9,1.0
21.28740364906737,-0.3544319001103362,-0.8486477876920409,9,1.0
21.43546925072604,-0.35509206039766905,-0.8513354180113624,9,1.0
21.584564730088722,-0.35573086463245995,-0.8540005864772904,9,1.0
21.734697250521346,-0.3563932182982871,-0.8566546716282195,9,1.0
21.885874025214974,-0.35704715963889216,-0.8592892124233042,9,1.0
22.038102317532406,-0.3576991619018504,-0.8619056768390332,9,1.0
22.191389441357092,-0.3583621013229683,-0.8645073096433896,9,1.0
22.345742761444598,-0.3590296415105085,-0.8670922903630174,9,1.0
22.501169693776383,-0.3596890458728209,-0.8696570057008766,9,1.0
22.657677705916175,-0.36035319218828477,-0.8722047644454182,9,1.0
22.815274317368676,-0.3610285536601937,-0.8747372267193877,9,1.0
22.973967099940907,-0.36168959477440227,-0.8772471834723866,9,1.0
23.13376367810596,-0.3623812006620232,-0.8797470198008212,9,1.0
23.29467172936933,-0.36304583391390194,-0.8822204721447332,9,1.0
23.456698984637793,-0.3637219778701357,-0.884678228610653,9,1.0
23.619853228590827,-0.36439690781911116,-0.8871165673894023,9,1.0
23.784142300054643,-0.3650899004189835,-0.889540969003218,9,1.0
23.949574092378796,-0.36575623899739146,-0.8919383203259483,9,1.0
24.11615655381544,-0.36643440038258335,-0.8943197086324339,9,1.0
24.28389768790117,-0.3671308617213357,-0.8966870547604464,9,1.0
24.452805553841607,-0.36781371410315267,-0.8990307947893493,9,1.0
24.622888266898567,-0.3685086326632908,-0.9013585369718286,9,1.0
24.794153998779972,-0.36919011325261347,-0.9036624859896772,9,1.0
24.966610978032485,-0.36988382963932553,-0.9059503971523418,9,1.0
25.140267490436816,-0.3705642835632822,-0.9082143632250613,9,1.0
25.315131879405854,-0.3712699380708909,-0.9104663064299302,9,1.0
25.4912125463855,-0.37196250845669754,-0.912694256182983,9,1.0
25.668517951258348,-0.37266127152527584,-0.9149042287021454,9,1.0
25.847056612750112,-0.373347136282891,-0.9170900968936129,9,1.0
26.026837108838944,-0.37404577268379197,-0.9192600742371906,9,1.0
26.20786807716754,-0.3747508795570215,-0.9214121903508822,9,1.0
26.390158215458165,-0.3754497662336722,-0.9235423049011239,9,1.0
26.573716281930512,-0.37614892324777555,-0.9256525351260466,9,1.0
26.758551095722524,-0.3768484489303422,-0.9277429319098051,9,1.0
26.944671537314093,-0.377548442892521,-0.9298135565893447,9,1.0
27.13208654895373,-0.37825539677293074,-0.9318666643178317,9,1.0
27.320805135088207,-0.37894385030393185,-0.9338935863449245,9,1.0
27.510836362795175,-0.37965225007099324,-0.9359075703747991,9,1.0
27.7021893622188,-0.380355139368293,-0.9378999327147688,9,1.0
27.89487332700842,-0.3810590147073747,-0.9398729900299607,9,1.0
28.088897514760255,-0.3817512067571582,-0.9418223161726088,9,1.0
28.284271247462218,-0.38246376727489156,-0.9437594101832683,9,1.0
28.48100391194176,-0.38316486476944756,-0.9456730204242535,9,1.0
28.679104960316874,-0.38386738796185527,-0.9475678585231251,9,1.0
28.878583910450253,-0.38456506342284824,-0.9494417419107352,9,1.0
29.079450346406546,-0.3852707795794818,-0.9512995394950811,9,1.0
29.28171391891285,-0.38596549395488905,-0.9531343256886023,9,1.0
29.485384345822368,-0.3866748680705513,-0.9549558365575952,9,1.0
29.690471412581335,-0.38737986377160477,-0.9567571102192024,9,1.0
29.896984972699123,-0.3880806030286834,-0.9585383142089883,9,1.0
30.104934948221704,-0.38878359328449386,-0.9603021004125769,9,1.0
30.314331330208326,-0.3894761912206662,-0.9620437313431713,9,1.0
30.52518417921155,-0.3901840570082659,-0.963773405095704,9,1.0
30.73750362576062,-0.3908881669619014,-0.9654839131391173,9,1.0
30.951299870848175,-0.39157588652398234,-0.9671703644874596,9,1.0
31.16658318642038,-0.39228564008131506,-0.9688483357643778,9,1.0
31.38336391587042,-0.39296650507546216,-0.9704975298895131,9,1.0
31.60165247453548,-0.3936569065121833,-0.9721336731496664,9,1.0
31.82145935019715,-0.39435697809609904,-0.9737571623648926,9,1.0
32.04279510358529,-0.39506047523161175,-0.9753657421795671,9,1.0
32.26567036888546,-0.39575477727704567,-0.9769543944654002,9,1.0
32.49009585424984,-0.39644002699914277,-0.9785233540207771,9,1.0
32.716082342311665,-0.39713550487327554,-0.980081062033763,9,1.0
32.94364069070335,-0.39781584034976314,-0.981616958112623,9,1.0
33.172781832578096,-0.3984939383464017,-0.9831367954015667,9,1.0
33.40351677713521,-0.3991827021660046,-0.9846465200751676,9,1.0
33.63585661014903,-0.399875902659091,-0.9861438034135322,9,1.0
33.86981249450153,-0.4005545612151706,-0.9876205421375127,9,1.0
34.10539567071872,-0.40123158666299885,-0.9890827161268697,9,1.0
34.34261745751061,-0.40191351065380243,-0.9905336095048924,9,1.0
34.58148925231507,-0.4025813640411462,-0.9919649397443188,9,1.0
34.822022531845434,-0.40326718335462386,-0.9933916867144157,9,1.0
35.064228852641875,-0.4039456289154428,-0.9948026243602077,9,1.0
35.30811985162668,-0.40459774370794654,-0.9961891408823214,9,1.0
35.55370724666329,-0.40528106080605064,-0.9975785278675655,9,1.0
35.80100283711939,-0.40595112949366735,-0.9989503276810956,9,1.0
36.05001850443371,-0.4066017492770656,-1.000301792580274,9,1.0
36.30076621268694,-0.4072777023164795,-1.0016548090220458,9,1.0
36.55325800917653,-0.407928181967212,-1.002985239222948,9,1.0
36.80750602499552,-0.40858522700286504,-1.0043089851636247,9,1.0
37.06352247561536,-0.4092362721101089,-1.005620297890531,9,1.0
37.32131966147283,-0.4098942404463798,-1.0069260067131205,9,1.0
37.58090996856101,-0.41054020225750326,-1.008217061724198,9,1.0
37.84230586902438,-0.41119982469602084,-1.0095068306946862,9,1.0
38.105519921758045,-0.41184144444733845,-1.0107796619351195,9,1.0
38.37056477301113,-0.4124779927605545,-1.0120424769273482,9,1.0
38.63745315699439,-0.41312240008118223,-1.0133024199016203,9,1.0
38.906197896491996,-0.41375575382272556,-1.0145500951633666,9,1.0
39.176811903477656,-0.4143846206241467,-1.0157893136022735,9,1.0
39.449308179734956,-0.41502193569229656,-1.0170274128017307,9,1.0
39.72369981748203,-0.4156424296144142,-1.0182513462464908,9,1.0
40.000000000000604,-0.41627814406766606,-1.0194788071116516,9,1.0
40.27822200226936,-0.4169038163814516,-1.0206966304886875,9,1.0
40.55837919160177,-0.4175132909587093,-1.021901772181624,9,1.0
40.840485028288356,-0.4181386113927881,-1.023112375407161,9,1.0
41.124553066243294,-0.4187481614235403,-1.0243113890760065,9,1.0
41.410596953655734,-0.4193612558251898,-1.0255100489320634,9,1.0
41.6986304336455,-0.41996538364238584,-1.0267017688706237,9,1.0
41.98866734492334,-0.42057349721200166,-1.0278943991605605,9,1.0
42.28072162245588,-0.42116672814055295,-1.0290775612282392,9,1.0
42.57480729813507,-0.4217707613005451,-1.0302666016462856,9,1.0
42.8709385014524,-0.4223603712917896,-1.031447317481543,9,1.0
43.16912946017777,-0.4229548826111413,-1.032631528012547,9,1.0
43.46939450104301,-0.4235481674117187,-1.0338161637479915,9,1.0
43.771748050430276,-0.42412137711547365,-1.0349903514702172,9,1.0
44.07620463506514,-0.42470020471378644,-1.0361699948938674,9,1.0
44.38277888271451,-0.42528489368536376,-1.0373558693235951,9,1.0
44.69148552288952,-0.4258566059947713,-1.038536943149502,9,1.0
45.00233938755311,-0.42642195500990215,-1.0397177005958531,9,1.0
45.315355411832684,-0.4269875557891673,-1.0409027600854972,9,1.0
45.63054863473769,-0.4275536646036341,-1.0420928418794426,9,1.0
45.947934199882155,-0.42810782028513356,-1.0432805423831026,9,1.0
46.26752735621227,-0.42866936685651447,-1.0444787048714856,9,1.0
46.58934345873901,-0.42921948998369347,-1.0456757800854735,9,1.0
46.913397969275934,-0.4297648194252902,-1.0468764948938605,9,1.0
47.23970645718201,-0.43031834597706864,-1.048089914157706,9,1.0
47.56828460010965,-0.43085490871765986,-1.0492999900326774,9,1.0
47.89914818475796,-0.43138750544988325,-1.0505157388260422,9,1.0
48.232313107631235,-0.4319227767674361,-1.051742154909332,9,1.0
48.5677953758027,-0.4324546495967971,-1.0529757121427132,9,1.0
48.90561110768358,-0.4329706976518928,-1.0542083904553228,9,1.0
49.2457765337975,-0.4334966445468096,-1.0554583135826685,9,1.0
49.58830799756032,-0.4340200702418421,-1.056717548765469,9,1.0
49.933221956065346,-0.43453491715702874,-1.0579823670234054,9,1.0
50.280534980874016,-0.435028775601933,-1.0592444009474382,9,1.0
50.630263758812085,-0.4355400923445338,-1.060531346972013,9,1.0
50.982425092771386,-0.436043750498876,-1.0618259831245358,9,1.0
51.33703590251707,-0.4365464201412115,-1.063133596916848,9,1.0
51.69411322550061,-0.4370357071016391,-1.0644456780781901,9,1.0
52.05367421767828,-0.43751828896745415,-1.0657674956626415,9,1.0
52.41573615433548,-0.4380072012551777,-1.0671091971340505,9,1.0
52.78031643091672,-0.4384964165557159,-1.0684669527928723,9,1.0
53.14743256386143,-0.43896720274664136,-1.0698272000371083,9,1.0
53.517102191445446,-0.43944531566620504,-1.0712097863933474,9,1.0
53.8893430746286,-0.43991838580544756,-1.0726059300946953,9,1.0
54.264173097907864,-0.44037404928586177,-1.0740065580011464,9,1.0
54.64161027017682,-0.4408380710145052,-1.0754319993042865,9,1.0
55.02167272559077,-0.441304448249903,-1.0768782657330136,9,1.0
55.40437872443802,-0.44175447617759767,-1.0783311730033698,9,1.0
55.78974665401725,-0.44220122274048307,-1.0798014114098664,9,1.0
56.17779502952094,-0.4426450522403311,-1.0812897826785568,9,1.0
56.56854249492486,-0.4430926860062425,-1.082802245055697,9,1.0
56.962007823883944,-0.44352543794093635,-1.0843241871048916,9,1.0
57.358209920634174,-0.44395639100434375,-1.08586665549466,9,1.0
57.75716782090094,-0.4443859262416008,-1.0874304975900335,9,1.0
58.158900692813525,-0.4448207811848845,-1.0890218795761504,9,1.0
58.56342783782614,-0.4452422888913763,-1.0906257540053843,9,1.0
58.97076869164518,-0.4456444924733246,-1.0922373702422012,9,1.0
59.38094282516311,-0.446065902111182,-1.0938898340013563,9,1.0
59.79396994539869,-0.44646880982026815,-1.0955515967187215,9,1.0
60.209869896443855,-0.44687903001039914,-1.0972452613610875,9,1.0
60.628662660417106,-0.44728427152444605,-1.0989607777679418,9,1.0
61.05036835842356,-0.44767224889840995,-1.1006877703570852,9,1.0
61.4750072515217,-0.44808149048958074,-1.1024606724317567,9,1.0
61.90259974169682,-0.4484679645252895,-1.1042410512216116,9,1.0
62.33316637284123,-0.44883845360751456,-1.106035109219678,9,1.0
62.766727831741306,-0.4492251471254821,-1.1078723259725245,9,1.0
63.20330494907143,-0.44960308198495824,-1.109730719053235,9,1.0
63.642918700394766,-0.4499854043040421,-1.1116227857205985,9,1.0
64.08559020717105,-0.4503408118458724,-1.113520048809593,9,1.0
64.5313407377714,-0.4507205622453437,-1.1154705185147107,9,1.0
64.98019170850016,-0.4510679625596391,-1.1174217166047244,9,1.0
65.43216468462381,-0.45142157883147427,-1.1194101844265747,9,1.0
65.8872813814072,-0.4517882300958177,-1.1214431313117839,9,1.0
66.34556366515669,-0.45213664076756677,-1.1234911612280618,9,1.0
66.80703355427093,-0.452473640732965,-1.1255610568700323,9,1.0
67.27171322029855,-0.4528187640724602,-1.1276722580874714,9,1.0
67.73962498900357,-0.45315345107799976,-1.1298071322389602,9,1.0
68.21079134143795,-0.4534908960294811,-1.131979113331576,9,1.0
68.68523491502174,-0.45383159875625156,-1.134189291868915,9,1.0
69.16297850463066,-0.45414431678027606,-1.136406682027025,9,1.0
69.6440450636914,-0.4544740073310363,-1.1386769619655592,9,1.0
70.12845770528428,-0.4547894385706636,-1.1409689889506138,9,1.0
70.61623970325388,-0.45511017985191976,-1.1433031889648357,9,1.0
71.10741449332713,-0.455417709282927,-1.1456609063076708,9,1.0
71.60200567423932,-0.45571255864141574,-1.148042905402398,9,1.0
72.10003700886796,-0.45602701162138437,-1.1504835445396766,9,1.0
72.60153242537443,-0.4563235146567793,-1.1529437857051563,9,1.0
73.10651601835362,-0.4566216635706869,-1.1554447490902116,9,1.0
73.61501204999159,-0.45690931308399807,-1.157973846596392,9,1.0
74.12704495123128,-0.45719972055481495,-1.1605457788656772,9,1.0
74.64263932294622,-0.4574744023885791,-1.1631408251396738,9,1.0
75.16181993712259,-0.45775297624198213,-1.1657808034954593,9,1.0
75.68461173804933,-0.45803601749275674,-1.168466953650322,9,1.0
76.21103984351666,-0.45829870972148556,-1.1711720251573303,9,1.0
76.74112954602285,-0.4585733860875014,-1.1739325819807733,9,1.0
77.27490631398935,-0.45883524123307157,-1.1767211561251654,9,1.0
77.81239579298456,-0.4591039210360026,-1.179560474879656,9,1.0
78.3536238069559,-0.45936098053413565,-1.1824298740382169,9,1.0
78.8986163594705,-0.45961972758994324,-1.1853450566961263,9,1.0
79.44739963496465,-0.4598807769335471,-1.1883072815594042,9,1.0
80.00000000000179,-0.46011935041873675,-1.1912877972925398,9,1.0
80.55644400453932,-0.46036782200396165,-1.194325076418835,9,1.0
81.11675838320417,-0.46059507480376155,-1.1973825201937525,9,1.0
81.68097005657731,-0.4608271449724418,-1.2004915342133071,9,1.0
82.24910613248719,-0.4610583258730744,-1.2036457815192312,9,1.0
82.8211939073121,-0.46130196641147203,-1.2068621048386412,9,1.0
83.39726086729164,-0.4615269710149353,-1.2101028868571722,9,1.0
83.97733468984731,-0.4617403493646711,-1.2133768334139114,9,1.0
84.56144324491237,-0.46196181791020535,-1.2167088425860524,9,1.0
85.14961459627077,-0.46218569829859546,-1.2200924434440674,9,1.0
85.74187700290544,-0.462393616356483,-1.2235047927907765,9,1.0
86.33825892035618,-0.4625926049661019,-1.2269549437999598,9,1.0
86.93878900208668,-0.4628151065166354,-1.2304850369110885,9,1.0
87.54349610086122,-0.4630110092289514,-1.2340310022131873,9,1.0
88.15240927013093,-0.4632127670277567,-1.2376351061753934,9,1.0
88.7655577654297,-0.46339568106183626,-1.241265377022221,9,1.0
89.38297104577971,-0.46358586701668064,-1.2449564878188883,9,1.0
90.00467877510688,-0.46377769085959775,-1.2487015764213085,9,1.0
90.63071082366605,-0.4639655235781265,-1.2524935692748678,9,1.0
91.26109726947607,-0.46414374111347423,-1.2563251780581575,9,1.0
91.895868399765,-0.46432578055796153,-1.2602149978852122,9,1.0
92.53505471242522,-0.46450602917126277,-1.2641558750696993,9,1.0
93.17868691747873,-0.4646725265546382,-1.2681316097609572,9,1.0
93.82679593855258,-0.4648450795776179,-1.2721699890721612,9,1.0
94.47941291436473,-0.4650117385983342,-1.276254822629674,9,1.0
95.13656920022001,-0.46516055775909665,-1.2803694374074073,9,1.0
95.79829636951663,-0.46532406799777193,-1.2845603005389339,9,1.0
96.4646262152632,-0.4654776281872219,-1.2887928322245343,9,1.0
97.13559075160614,-0.4656283677460283,-1.2930775466791804,9,1.0
97.81122221536789,-0.46578342225818226,-1.2974252647921034,9,1.0
98.49155306759573,-0.4659308707217601,-1.3018190433859702,9,1.0
99.17661599512138,-0.46606514981280844,-1.3062508643012882,9,1.0
99.86644391213144,-0.46621247407183536,-1.3107599524901692,9,1.0
100.56106996174877,-0.46634822697007416,-1.315310158526174,9,1.0
101.26052751762494,-0.46647956921394595,-1.319912440677399,9,1.0
101.96485018554354,-0.46661366746555,-1.3245780769168636,9,1.0
102.67407180503491,-0.4667322708202739,-1.3292795691848485,9,1.0
103.388226451002,-0.46685526666914345,-1.3340476911900565,9,1.0
104.10734843535732,-0.4669771246905216,-1.3388744422120602,9,1.0
104.83147230867174,-0.467092317940112,-1.3437515813717071,9,1.0
105.56063286183424,-0.4672080369331205,-1.3486907487682052,9,1.0
106.29486512772365,-0.46731240552562825,-1.3536735136489537,9,1.0
107.03420438289172,-0.467438053677653,-1.3587523685887974,9,1.0
107.778686149258,-0.46754132488856026,-1.363857931230261,9,1.0
108.52834619581655,-0.46763578335855516,-1.369012009831464,9,1.0
109.28322054035448,-0.4677413588162489,-1.3742474834858907,9,1.0
110.04334545118235,-0.46782075648180454,-1.3795036083655399,9,1.0
110.80875744887686,-0.4679193508437428,-1.384855465817266,9,1.0
111.57949330803534,-0.468012571083308,-1.3902630485653273,9,1.0
112.35559005904271,-0.46809492484769616,-1.3957173892286163,9,1.0
113.13708498985058,-0.4681736430238057,-1.4012308887657439,9,1.0
113.92401564776874,-0.4682623224640371,-1.406827199625299,9,1.0
114.71641984126921,-0.4683363970445179,-1.4124648187363085,9,1.0
115.51433564180275,-0.46840946884978896,-1.4181673413026947,9,1.0
116.31780138562794,-0.46847605886951915,-1.4239256508058449,9,1.0
117.12685567565316,-0.4685561404526131,-1.4297752069938225,9,1.0
117.94153738329126,-0.4686124249730632,-1.43565085717795,9,1.0
118.76188565032712,-0.46867125297672985,-1.4415992920618992,9,1.0
119.58793989079828,-0.46873351751695513,-1.4476227307515666,9,1.0
120.41973979288862,-0.4687810194830163,-1.4536888320449253,9,1.0
121.25732532083512,-0.46884011225632605,-1.459845660901985,9,1.0
122.10073671684803,-0.46889896439026335,-1.4660724366000757,9,1.0
122.95001450304433,-0.4689457419464549,-1.4723477644834606,9,1.0
123.80519948339456,-0.4689877082728753,-1.4786852459385353,9,1.0
124.66633274568338,-0.46902576248339706,-1.4850869114501348,9,1.0
125.53345566348355,-0.4690671722541844,-1.4915668870733223,9,1.0
126.40660989814381,-0.4691001030089067,-1.498103302112526,9,1.0
127.28583740079048,-0.46913819168716353,-1.5047225180706287,9,1.0
128.17118041434307,-0.4691568631136834,-1.511377810224729,9,1.0
129.0626814755438,-0.46918886310891206,-1.5181326465640876,9,1.0
129.9603834170013,-0.4692096131791845,-1.5249399661824572,9,1.0
130.86432936924862,-0.4692327521024319,-1.5318267731782638,9,1.0
131.77456276281538,-0.4692464353123583,-1.538770188048544,9,1.0
132.69112733031437,-0.4692643019652497,-1.5457976735247545,9,1.0
133.61406710854286,-0.46928087561226395,-1.552898935865824,9,1.0
134.5434264405981,-0.46929067567262667,-1.560063368486745,9,1.0
135.47924997800817,-0.46928821704843665,-1.567280045952078,9,1.0
136.42158268287693,-0.46929988475247264,-1.5746033296252626,9,1.0
137.3704698300445,-0.4692946908591301,-1.581970180644071,9,1.0
138.32595700926237,-0.46927351291727315,-1.589382283530388,9,1.0
139.28809012738384,-0.46926911052707254,-1.5969083922676282,9,1.0
140.25691541056963,-0.46927598723693564,-1.6045382071790724,9,1.0
141.23247940650882,-0.46925674778487814,-1.6121931132105722,9,1.0
142.2148289866553,-0.4692377675856018,-1.6199291718419357,9,1.0
143.20401134847972,-0.4692135294891864,-1.6277350768749987,9,1.0
144.200074017737,-0.46920403146426565,-1.635654741240403,9,1.0
145.20306485074994,-0.469184605200241,-1.6436353788805829,9,1.0
146.2130320367083,-0.46913694694890157,-1.6516367535749583,9,1.0
147.2300240999843,-0.46911295111018636,-1.6597735580548547,9,1.0
148.25408990246365,-0.46908154124316986,-1.6679779572463724,9,1.0
149.28527864589356,-0.4690499263754121,-1.6762664994155438,9,1.0
150.32363987424628,-0.4689933843463445,-1.6845837014817144,9,1.0
151.3692234760998,-0.4689574220838389,-1.6930330613615825,9,1.0
152.42207968703445,-0.46891091602304247,-1.7015445744265292,9,1.0
153.48225909204683,-0.46885465778334956,-1.7101202354703615,9,1.0
154.54981262797986,-0.4687958193501178,-1.718776983996485,9,1.0
155.6247915859703,-0.46874795719346785,-1.7275472339816493,9,1.0
156.70724761391295,-0.46868628101044146,-1.7363735322371847,9,1.0
157.79723271894218,-0.46863071810652907,-1.7453033821253263,9,1.0
158.8947992699305,-0.4685564481322677,-1.7542782175390619,9,1.0
160.0000000000048,-0.46848977386881485,-1.763361370985131,9,1.0
161.11288800907985,-0.4684122402154707,-1.7725090243065127,9,1.0
162.23351676640956,-0.46835013793241503,-1.7817857653258018,9,1.0
163.36194011315587,-0.4682593992825054,-1.7910843749984517,9,1.0
164.49821226497562,-0.46818548232121016,-1.8005170562617927,9,1.0
165.6423878146254,-0.4680906784530805,-1.8099910788787168,9,1.0
166.79452173458452,-0.4679948380238028,-1.8195561084779324,9,1.0
167.9546693796959,-0.46789860779187076,-1.829214481912974,9,1.0
169.12288648982604,-0.46781542391919617,-1.839001254049328,9,1.0
170.29922919254284,-0.467707492953425,-1.8488206908866287,9,1.0
171.4837540058122,-0.4676074243517014,-1.8587566950999914,9,1.0
172.6765178407137,-0.46749659245760866,-1.8687619068009123,9,1.0
173.87757800417467,-0.467401186166826,-1.878905294774897,9,1.0
175.08699220172375,-0.4672769133413984,-1.8890714109690419,9,1.0
176.30481854026317,-0.467162744861539,-1.8993632218760288,9,1.0
177.53111553086072,-0.4670399729858216,-1.9097319602079543,9,1.0
178.7659420915608,-0.4669155017278914,-1.9201966088544704,9,1.0
180.00935755021513,-0.4667898087057566,-1.9307592066281976,9,1.0
181.26142164733346,-0.46666335215230453,-1.9414217842090262,9,1.0
182.52219453895353,-0.46651732562075965,-1.952133348623573,9,1.0
183.7917367995314,-0.4663906326843898,-1.9630015575186448,9,1.0
185.07010942485184,-0.46623234163542465,-1.9738861512020862,9,1.0
186.35737383495882,-0.4660941589540685,-1.984931590276085,9,1.0
187.65359187710658,-0.46594434882814184,-1.9960500785042452,9,1.0
188.95882582873088,-0.4657960770485015,-2.007279375027916,9,1.0
190.27313840044144,-0.46563038219095176,-2.0185660635296436,9,1.0
191.59659273903472,-0.4654732332466801,-2.0299850864773155,9,1.0
192.92925243052787,-0.4653120424690777,-2.0415012590404302,9,1.0
194.27118150321374,-0.4651277585256519,-2.0530594784849745,9,1.0
195.62244443073726,-0.46495914635323704,-2.064773650494484,9,1.0
196.98310613519297,-0.4647806774360995,-2.07656987606203,9,1.0
198.35323199024427,-0.46459893208458736,-2.088468211144634,9,1.0
199.73288782426437,-0.46441403630242495,-2.1004698252021865,9,1.0
201.12213992349908,-0.4642260885923867,-2.1125758254899276,9,1.0
202.5210550352514,-0.46404159599450967,-2.124806893572546,9,1.0
203.9297003710886,-0.4638348524808897,-2.137085298655346,9,1.0
205.3481436100714,-0.46363161547418696,-2.1494903581912537,9,1.0
206.77645290200556,-0.4634254314792855,-2.162003244914437,9,1.0
208.21469687071618,-0.46320981020734225,-2.174604487064401,9,1.0
209.66294461734503,-0.4629911136478226,-2.187314641650926,9,1.0
211.12126572367004,-0.4627756793986227,-2.200154740772472,9,1.0
212.5897302554489,-0.46255692352813765,-2.2131050325706947,9,1.0
214.06840876578502,-0.46232177262497076,-2.226124308209062,9,1.0
215.5573722985176,-0.46209581820823065,-2.2392956226041383,9,1.0
217.05669239163473,-0.46185301666082856,-2.2525356927541593,9,1.0
218.5664410807106,-0.46161245127262657,-2.2659072934639206,9,1.0
220.08669090236637,-0.4613609052571842,-2.27936800869204,9,1.0
221.6175148977554,-0.4611109501752756,-2.2929601759840956,9,1.0
223.15898661607235,-0.4608622147494925,-2.3066838600460233,9,1.0
224.71118011808713,-0.4605949016003733,-2.32047351479219,9,1.0
226.27416997970286,-0.4603279464235111,-2.3343934816003835,9,1.0
227.8480312955392,-0.4600608697047071,-2.348443392861037,9,1.0
229.43283968254013,-0.4597802157229069,-2.362578147870169,9,1.0
231.02867128360725,-0.459498361613545,-2.376841018780688,9,1.0
232.63560277125762,-0.4592082417747234,-2.391208548722352,9,1.0
234.25371135130806,-0.4589221719045978,-2.4057247659933934,9,1.0
235.88307476658426,-0.4586200552403592,-2.4203201717712473,9,1.0
237.523771300656,-0.4583206123053364,-2.4350616706424955,9,1.0
239.17587978159838,-0.4580166200235336,-2.449924916944994,9,1.0
240.83947958577906,-0.4577008065735457,-2.4648847184637805,9,1.0
242.51465064167206,-0.45739180004790236,-2.4800093301184662,9,1.0
244.2014734336979,-0.457056298552017,-2.495178828407332,9,1.0
245.9000290060905,-0.4567323248815972,-2.510532764079042,9,1.0
247.61039896679097,-0.45639946763062683,-2.525997765079688,9,1.0
249.33266549136863,-0.4560567359153995,-2.54157095990071,9,1.0
251.06691132696898,-0.4557160959810174,-2.5572980763275943,9,1.0
252.81321979628953,-0.4553569822343595,-2.5731030096924385,9,1.0
254.5716748015829,-0.455010792858791,-2.5891054573184906,9,1.0
256.3423608286881,-0.4546438635691418,-2.605178938417411,9,1.0
258.12536295108947,-0.45426800393080946,-2.6213690244424153,9,1.0
259.9207668340045,-0.4538884891161069,-2.637697123662221,9,1.0
261.72865873849923,-0.4535040468536902,-2.654159607741977,9,1.0
263.54912552563275,-0.45311987976995294,-2.6707782184352844,9,1.0
265.38225466063074,-0.45272811688507675,-2.687523473060272,9,1.0
267.2281342170877,-0.4523273563036886,-2.704390886167669,9,1.0
269.08685288119824,-0.4519161525680077,-2.7213756696783538,9,1.0
270.95849995601833,-0.4514995459314717,-2.7384991040305655,9,1.0
272.8431653657559,-0.4510825446892444,-2.7557828937856246,9,1.0
274.74093966009104,-0.4506505193900256,-2.773168917388874,9,1.0
276.6519140185268,-0.4502149264113823,-2.7907049881653174,9,1.0
278.5761802547697,-0.4497741197988353,-2.808385834320255,9,1.0
280.51383082114137,-0.4493264100401706,-2.826205849137815,9,1.0
282.4649588130198,-0.44887006404924545,-2.8441590829849828,9,1.0
284.42965797331277,-0.44840330516542437,-2.862239235261722,9,1.0
286.40802269696155,-0.4479374218200023,-2.8804954491420025,9,1.0
288.40014803547615,-0.44745745490373884,-2.898865680485401,9,1.0
290.4061297015021,-0.44698118052112124,-2.9174274219705945,9,1.0
292.42606407341884,-0.44649355024534165,-2.9361176995765774,9,1.0
294.4600481999708,-0.4459860134117155,-2.954900264225469,9,1.0
296.50817980492957,-0.4454762479901747,-2.9738532559174526,9,1.0
298.5705572917893,-0.4449556318065102,-2.9929404461601146,9,1.0
300.64727974849484,-0.44444837910249524,-3.0122709229068203,9,1.0
302.73844695220185,-0.44391948045651364,-3.0316910656451124,9,1.0
304.84415937407124,-0.44336674119322517,-3.0511913161153164,9,1.0
306.964518184096,-0.44282087323415825,-3.070911325441318,9,1.0
309.09962525596205,-0.4422730618390831,-3.0908136863041964,9,1.0
311.24958317194296,-0.44170783934307845,-3.110829390356375,9,1.0
313.4144952278283,-0.4411294707021304,-3.1309789951236966,9,1.0
315.59446543788675,-0.44054219644881665,-3.151283474563715,9,1.0
317.7895985398634,-0.4399568429850778,-3.1717952227311423,9,1.0
320.000000000012,-0.4393577763753854,-3.1924430815525358,9,1.0
322.22577601816215,-0.43874914439219703,-3.21324800751349,9,1.0
324.4670335328215,-0.43814169524750957,-3.234263041777811,9,1.0
326.7238802263142,-0.4375064165670162,-3.255351288588228,9,1.0
328.99642452995374,-0.43686723431395796,-3.2766286380347265,9,1.0
331.2847756292533,-0.4362282025473835,-3.29811712554821,9,1.0
333.5890434691715,-0.4355667997900147,-3.319709019951958,9,1.0
335.90933875939425,-0.4349069231275609,-3.3415228818183906,9,1.0
338.2457729796546,-0.4342259676949962,-3.3634493688556772,9,1.0
340.5984583850881,-0.4335478118722259,-3.3856086306385267,9,1.0
342.96750801162693,-0.4328431117300231,-3.407856216287139,9,1.0
345.3530356814299,-0.43214237954160517,-3.430346905560411,9,1.0
347.75515600835195,-0.4314295181999772,-3.4530020384759705,9,1.0
350.1739844034501,-0.43070837830809333,-3.4758431667251295,9,1.0
352.60963708052907,-0.4299761220454721,-3.4988578865218325,9,1.0
355.0622310617241,-0.4292298817248536,-3.5220333151302214,9,1.0
357.53188418312425,-0.42845338463082583,-3.545286242827248,9,1.0
360.0187151004329,-0.427697218464389,-3.568882675459159,9,1.0
362.52284329466966,-0.42691833405445606,-3.5926002197660085,9,1.0
365.0443890779098,-0.4261204547590964,-3.616459710583936,9,1.0
367.58347359906554,-0.42531400811731335,-3.64051839863233,9,1.0
370.14021884970646,-0.424502725359563,-3.6647988918997947,9,1.0
372.7147476699204,-0.4236836155138462,-3.689287913201074,9,1.0
375.30718375421594,-0.42284021225258606,-3.7138983520184223,9,1.0
377.9176516574646,-0.42199637186965655,-3.7387621810947254,9,1.0
380.5462768008857,-0.4211153818608624,-3.763680248753174,9,1.0
383.1931854780723,-0.4202413150769327,-3.7888972232836187,9,1.0
385.85850486105863,-0.4193508938746019,-3.814287398218096,9,1.0
388.5423630064304,-0.4184545287133671,-3.8399113815100896,9,1.0
391.2448888614774,-0.4175423748530061,-3.8657166658589297,9,1.0
393.96621227038884,-0.41661808220606356,-3.8917262575097307,9,1.0
396.7064639804915,-0.4156717599527982,-3.9178861738050434,9,1.0
399.4657756485318,-0.4147138195611855,-3.9442580881082843,9,1.0
402.24427984700117,-0.4137547096991926,-3.9709053959856484,9,1.0
405.04211007050577,-0.4127641518046465,-3.9976554997056106,9,1.0
407.85940074218024,-0.4117593561233202,-4.024610227282039,9,1.0
410.69628722014585,-0.4107576018764372,-4.051874297029511,9,1.0
413.55290580401413,-0.4097285352011237,-4.079272087860448,9,1.0
416.42939374143555,-0.4086826136583704,-4.106867525868224,9,1.0
419.3258892346932,-0.4076235125764597,-4.1346853282613205,9,1.0
422.24253144734325,-0.4065549280076167,-4.162750928178448,9,1.0
425.179460510901,-0.40548057843491575,-4.191090494828292,9,1.0
428.13681753157323,-0.4043768006937848,-4.219563284430032,9,1.0
431.11474459703845,-0.4032609903449829,-4.248277878385001,9,1.0
434.11338478327275,-0.4021300293620781,-4.277218456887555,9,1.0
437.13288216142445,-0.40097392202026605,-4.306325984803922,9,1.0
440.173381804736,-0.3998032858255279,-4.335669155462602,9,1.0
443.23502979551404,-0.39862880003158546,-4.3653186823173185,9,1.0
446.31797323214806,-0.3974198165223303,-4.395084995741603,9,1.0
449.4223602361776,-0.39620771877428307,-4.425169525752148,9,1.0
452.5483399594091,-0.39498256529758646,-4.455513444370356,9,1.0
455.6960625910818,-0.3937205362206213,-4.485967012143572,9,1.0
458.8656793650838,-0.39245317123157925,-4.516736134432935,9,1.0
462.0573425672179,-0.3911705393293481,-4.547760933383664,9,1.0
465.2712055425187,-0.389855729687708,-4.578934317147511,9,1.0
468.5074227026196,-0.3885265608802466,-4.610375948703723,9,1.0
471.76614953317204,-0.3871939976414256,-4.642162771154328,9,1.0
475.04754260131557,-0.38582024321593755,-4.674047932645974,9,1.0
478.3517595632003,-0.3844511665130901,-4.706340688187754,9,1.0
481.6789591715617,-0.3830489510156532,-4.738792274195678,9,1.0
485.02930128334776,-0.38162464262303014,-4.771480062479062,9,1.0
488.40294686739946,-0.38018235842893167,-4.80443588602308,9,1.0
491.8000580121847,-0.37871924007667457,-4.837644395908965,9,1.0
495.2207979335857,-0.3772324412355474,-4.871089980224107,9,1.0
498.665330982741,-0.37573322105970186,-4.904854652739615,9,1.0
502.1338226539417,-0.37420470716118864,-4.938825790205402,9,1.0
505.62643959258287,-0.37266529518895763,-4.973135946069397,9,1.0
509.14334960316967,-0.3710910535940904,-5.0076217116769035,9,1.0
512.68472165738,-0.3695075609228568,-5.042467638167661,9,1.0
516.2507259021829,-0.3678908853057012,-5.0775088475680334,9,1.0
519.841533668013,-0.3662525357729931,-5.1128312787679615,9,1.0
523.4573174770023,-0.3645827597291009,-5.14836929197813,9,1.0
527.0982510512695,-0.3629074480923706,-5.184314545905205,9,1.0
530.7645093212655,-0.3611955280048868,-5.220447165585059,9,1.0
534.4562684341794,-0.3594801794895065,-5.257013951725712,9,1.0
538.1737057624005,-0.35771597143211514,-5.293687132636053,9,1.0
541.9169999120409,-0.35593620684050414,-5.330715824425412,9,1.0
545.6863307315159,-0.35413128608586986,-5.368034633485357,9,1.0
549.4818793201863,-0.35230599619834485,-5.4056846139634525,9,1.0
553.3038280370578,-0.35044353681512075,-5.443545015373418,9,1.0
557.1523605095437,-0.3485559587846825,-5.48171111992361,9,1.0
561.027661642287,-0.346648192851956,-5.520226032231178,9,1.0
564.9299176260438,-0.34470346768163346,-5.558967618957314,9,1.0
568.8593159466297,-0.34273402038913353,-5.598034454253291,9,1.0
572.8160453939274,-0.3407522203239149,-5.637528229956892,9,1.0
576.8002960709567,-0.33874136978607366,-5.677326719011329,9,1.0
580.8122594030085,-0.33667005479849454,-5.7171901246807115,9,1.0
584.8521281468421,-0.3345946088947219,-5.757563161583107,9,1.0
588.920096399946,-0.3324984123110936,-5.798323626472234,9,1.0
593.0163596098636,-0.3303426802538983,-5.839170864779476,9,1.0
597.1411145835832,-0.3281915885247947,-5.880619493928329,9,1.0
601.2945594969942,-0.325984268098187,-5.922192040479719,9,1.0
605.4768939044083,-0.3237704561035042,-5.964292643150867,9,1.0
609.688318748147,-0.32150388755290776,-6.006556165645024,9,1.0
613.9290363681965,-0.3192123087657284,-6.049212514438493,9,1.0
618.1992505119288,-0.31688648583255713,-6.0921937782653295,9,1.0
622.4991663438906,-0.31453208550535705,-6.135553189842298,9,1.0
626.8289904556613,-0.3121398972238355,-6.1792221897958175,9,1.0
631.1889308757782,-0.30970817369454723,-6.223192846878055,9,1.0
635.5791970797316,-0.3072577534919432,-6.267645472172699,9,1.0
640.0000000000289,-0.30476448857903204,-6.31238693812227,9,1.0
644.4515520363291,-0.3022267142188196,-6.357409718376881,9,1.0
648.9340670656479,-0.2996655104372728,-6.402898612154394,9,1.0
653.4477604526332,-0.2970642473508487,-6.448721463711445,9,1.0
657.9928490599125,-0.2944213970321949,-6.494872606258615,9,1.0
662.5695512585116,-0.29175071574241296,-6.541477448789442,9,1.0
667.178086938348,-0.2890355502227022,-6.588401683569245,9,1.0
671.8186775187937,-0.2862744564618758,-6.6356402426097265,9,1.0
676.4915459593144,-0.2834967630385672,-6.683455709834278,9,1.0
681.1969167701814,-0.28067049384105874,-6.731579829997822,9,1.0
685.935016023259,-0.27779428890837116,-6.780008228246604,9,1.0
690.7060713628651,-0.2748823090444166,-6.82887337821133,9,1.0
695.5103120167091,-0.271925604115948,-6.878105518784975,9,1.0
700.3479688069056,-0.2689385366377249,-6.927841081502687,9,1.0
705.2192741610634,-0.2658966151894187,-6.9778718121772965,9,1.0
710.1244621234536,-0.262837778268016,-7.028546091351522,9,1.0
715.0637683662537,-0.25971403077535116,-7.079443933922582,9,1.0
720.0374302008713,-0.2565477678868262,-7.130775266217311,9,1.0
725.0456865893448,-0.2533300812753218,-7.182469170145675,9,1.0
730.0887781558251,-0.25006784516821745,-7.234597667111218,9,1.0
735.1669471981365,-0.24677600132497743,-7.287308038196971,9,1.0
740.2804376994185,-0.24342985708958473,-7.340385241605277,9,1.0
745.4294953398465,-0.24002844620672428,-7.393830024035838,9,1.0
750.6143675084376,-0.2365788480071486,-7.447717919738817,9,1.0
755.8353033149348,-0.23309631238784403,-7.502201939790058,9,1.0
761.0925536017771,-0.22954789871847545,-7.556986741041446,9,1.0
766.3863709561504,-0.22596505413597745,-7.612377168940441,9,1.0
771.717009722123,-0.22231468934554602,-7.668074370534697,9,1.0
777.0847260128666,-0.2186203637006273,-7.724311217972857,9,1.0
782.4897777229608,-0.21488145519230056,-7.7810945011224435,9,1.0
787.9324245407837,-0.21108916774407444,-7.8383531954171985,9,1.0
793.412927960989,-0.20724285440411494,-7.896093324924149,9,1.0
798.9315512970695,-0.20333363519125336,-7.954241955898351,9,1.0
804.4885596940084,-0.19937740705552573,-8.012964272683853,9,1.0
810.0842201410177,-0.19534873598648098,-8.072027715206058,9,1.0
815.7188014843666,-0.19128029256538387,-8.13176125622966,9,1.0
821.392574440298,-0.1871382302609429,-8.191849829728266,9,1.0
827.1058116080346,-0.1829555095635009,-8.25262805584067,9,1.0
832.8587874828772,-0.1787149736146828,-8.313943012279523,9,1.0
838.6517784693928,-0.17440771562718566,-8.375721058419943,9,1.0
844.4850628946929,-0.1700332295261453,-8.43797078129507,9,1.0
850.3589210218082,-0.16559956784309718,-8.500786010950502,9,1.0
856.2736350631529,-0.16109780139242882,-8.56409283606547,9,1.0
862.2294891940834,-0.15653609703945687,-8.627987365939768,9,1.0
868.226769566552,-0.15193141766432627,-8.692655340226283,9,1.0
874.2657643228554,-0.14722299031552924,-8.757503012238265,9,1.0
880.3467636094787,-0.14247968284696028,-8.823237500427991,9,1.0
886.4700595910348,-0.1376491288668331,-8.88934773292403,9,1.0
892.635946464303,-0.13276591080312294,-8.956199364485197,9,1.0
898.844720472362,-0.12781232589695907,-9.023630146613534,9,1.0
905.096679918825,-0.1227792543530111,-9.091563688903168,9,1.0
911.3921251821704,-0.11767522974358088,-9.160103784135133,9,1.0
917.7313587301744,-0.11251789079745056,-9.22944923696585,9,1.0
924.1146851344428,-0.10726242919689258,-9.299157649650867,9,1.0
930.5424110850445,-0.10194435282201834,-9.369611950876694,9,1.0
937.0148454052463,-0.09654553220952537,-9.440643635407246,9,1.0
943.5322990663512,-0.09108390164320868,-9.512457362168389,9,1.0
950.0950852026382,-0.08552295108336663,-9.584692801067952,9,1.0
956.7035191264079,-0.07989892644811646,-9.657746246150644,9,1.0
963.3579183431307,-0.07419346315477275,-9.73144626351138,9,1.0
970.0586025667028,-0.06841566506303809,-9.805908354285624,9,1.0
976.8058937348063,-0.06253760291975564,-9.880859472793611,9,1.0
983.6001160243768,-0.056596306512792384,-9.956709762069487,9,1.0
990.4415958671789,-0.050554356599691,-10.033085903202508,9,1.0
997.3306619654895,-0.044420850690575345,-10.11010457549545,9,1.0
1004.267645307891,-0.03821458735654519,-10.187986957033766,9,1.0
1011.2528791851732,-0.03192614148356211,-10.266655820630941,9,1.0
1018.2866992063468,-0.025536326001135836,-10.345929265995863,9,1.0
1025.3694433147675,-0.01906415184225297,-10.426032777750406,9,1.0
1032.5014518043733,-0.012499969948701457,-10.506886775834742,9,1.0
1039.6830673360337,-0.0058242029545645035,-10.588304646095676,9,1.0
1046.9146349540124,0.0009341290583857269,-10.670621697883313,9,1.0
1054.1965021025467,0.0077749097116973885,-10.75386447387995,9,1.0
1061.5290186425389,0.014727718022750837,-10.8377391535015,9,1.0
1068.9125368683667,0.021762989231002297,-10.922590222429307,9,1.0
1076.347411524809,0.028930627127869767,-11.007903337319277,9,1.0
1083.8339998240897,0.03616072463481093,-11.094462171915488,9,1.0
1091.37266146304,0.043513501460230315,-11.181640445666574,9,1.0
1098.9637586403808,0.050958801687194556,-11.26979280809012,9,1.0
1106.607656074124,0.05852726794233197,-11.35861310500341,9,1.0
1114.3047210190957,0.06617803238709223,-11.448575133755819,9,1.0
1122.0553232845823,0.07397301078951463,-11.539031123831341,9,1.0
1129.859835252096,0.08186073396002286,-11.630572463588207,9,1.0
1137.7186318932681,0.08985148617642089,-11.72311663454739,9,1.0
1145.6320907878635,0.0979557815498622,-11.816578548678631,9,1.0
1153.600592141922,0.10618437408348239,-11.910870492741351,9,1.0
1161.6245188060257,0.11452685145144165,-12.006137805826008,9,1.0
1169.704256293693,0.12298328600355693,-12.102411383094585,9,1.0
1177.840192799901,0.13158626975914456,-12.199364046610922,9,1.0
1186.032719219736,0.14027095333523448,-12.29774351543808,9,1.0
1194.2822291671753,0.14909165066009725,-12.396984120937494,9,1.0
1202.5891189939975,0.1580377089578044,-12.497237074785104,9,1.0
1210.9537878088256,0.16713158631621775,-12.598288274867521,9,1.0
1219.3766374963034,0.17634023784974195,-12.7005380181898,9,1.0
1227.8580727364024,0.1856748615761934,-12.803898099010576,9,1.0
1236.3985010238666,0.1951355636242845,-12.908403547537764,9,1.0
1244.9983326877905,0.20473388118016025,-13.01396329100253,9,1.0
1253.657980911332,0.21448165295809188,-13.120483354419147,9,1.0
1262.377861751566,0.22435616003313286,-13.228253585051329,9,1.0
1271.1583941594727,0.23438082470202753,-13.337052858372326,9,1.0
1280.0000000000673,0.2445443424894603,-13.44704582366566,9,1.0
1288.9031040726677,0.25483503869934904,-13.558401972184804,9,1.0
1297.8681341313059,0.26530072630910095,-13.67063140447497,9,1.0
1306.8955209052763,0.2758820462880668,-13.784434004192297,9,1.0
1315.9856981198345,0.2866393726235501,-13.899181917157266,9,1.0
1325.1391025170333,0.29751237506874784,-14.015587016850384,9,1.0
1334.3561738767062,0.3085870096836184,-14.132739433868025,9,1.0
1343.6373550375972,0.319790074503674,-14.251495012822573,9,1.0
1352.9830919186386,0.33117148564716825,-14.371345335700312,9,1.0
1362.393833540373,0.3426688605003391,-14.493026900731293,9,1.0
1371.8700320465282,0.35439633441529694,-14.615322491927273,9,1.0
1381.4121427257405,0.3662402402527516,-14.739537301743313,9,1.0
1391.0206240334287,0.3782776366138407,-14.864866835401855,9,1.0
1400.6959376138216,0.39047040850176606,-14.991781148628144,9,1.0
1410.4385483221372,0.40281867345231337,-15.120328009138609,9,1.0
1420.2489242469178,0.4153624324292892,-15.250116557471836,9,1.0
1430.1275367325184,0.4280759089195958,-15.381482246169584,9,1.0
1440.0748604017533,0.4410000885164431,-15.514026386487792,9,1.0
1450.0913731787002,0.45406804517188654,-15.64853761051167,9,1.0
1460.177556311661,0.4673206964610932,-15.784619522541343,9,1.0
1470.3338943962842,0.48077256609687546,-15.92216773961945,9,1.0
1480.560875398848,0.49443865627245265,-16.061074398131268,9,1.0
1490.8589906797042,0.5082352560622436,-16.202310377317712,9,1.0
1501.2287350168863,0.5223043540554033,-16.344383325156006,9,1.0
1511.670606629881,0.5364899763734313,-16.489051434148788,9,1.0
1522.1851072035656,0.5509363022161547,-16.634804706836217,9,1.0
1532.772741912312,0.5655721984263582,-16.782477317170716,9,1.0
1543.4340194442575,0.5803831463534664,-16.93228641665406,9,1.0
1554.1694520257447,0.5954290455108309,-17.08364615028576,9,1.0
1564.9795554459333,0.6106963015165491,-17.23676774638076,9,1.0
1575.8648490815792,0.6261706978472069,-17.39186868132067,9,1.0
1586.8258559219898,0.6418064224778014,-17.54950403432711,9,1.0
1597.863102594151,0.6577276221073949,-17.708409829174183,9,1.0
1608.9771193880288,0.6738424365452409,-17.869637039562093,9,1.0
1620.1684402820476,0.6901986792172564,-18.03274370137397,9,1.0
1631.4376029687455,0.7067977241883354,-18.197786084199453,9,1.0
1642.7851488806082,0.7235757266919367,-18.365510167506827,9,1.0
1654.2116232160815,0.7406471921971159,-18.53477723041492,9,1.0
1665.7175749657672,0.7578983965779201,-18.706859128505602,9,1.0
1677.303556938798,0.7753956935368453,-18.88112992425631,9,1.0
1688.9701257893985,0.7931572206160544,-19.057476118353726,9,1.0
1700.7178420436294,0.8111501883166904,-19.236316697419234,9,1.0
1712.5472701263188,0.829427243592258,-19.417182473571657,9,1.0
1724.4589783881795,0.8479200968993529,-19.600860118729557,9,1.0
1736.453539133117,0.8666996489046819,-19.786696822780026,9,1.0
1748.531528645724,0.8856958743722829,-19.975493797550577,9,1.0
1760.6935272189705,0.9049811352350324,-20.16659067981293,9,1.0
1772.940119182083,0.9245204586163959,-20.360429246428584,9,1.0
1785.2718929286193,0.9443330492352304,-20.55689875485632,9,1.0
1797.6894409447373,0.9644200218380922,-20.75607466277924,9,1.0
1810.1933598376636,0.9847250604394729,-20.958608753117204,9,1.0
1822.7842503643546,1.0053824476184132,-21.16324304599679,9,1.0
1835.4627174603627,1.0263174971476883,-21.370818965187702,9,1.0
1848.2293702688994,1.0474516187440084,-21.58220341074601,9,1.0
1861.0848221701028,1.0689230480083316,-21.796118300264705,9,1.0
1874.0296908105065,1.090693853404381,-22.01303572105691,9,1.0
1887.0645981327166,1.1127651842163069,-22.233041154987703,9,1.0
1900.190170405291,1.1350963388680797,-22.456626026190445,9,1.0
1913.4070382528298,1.15772888843341,-22.683482698178906,9,1.0
1926.715836686276,1.1806850140019785,-22.913498668004067,9,1.0
1940.1172051334202,1.2039227717619336,-23.147176993262065,9,1.0
1953.611787469627,1.2274417718314115,-23.384619527421908,9,1.0
1967.2002320487684,1.251330620749134,-23.625092624959446,9,1.0
1980.8831917343723,1.2754791507475807,-23.869740031402305,9,1.0
1994.661323930994,1.2999542209784836,-24.118038183267615,9,1.0
2008.535290615797,1.3247332910163492,-24.37030428752345,9,1.0
2022.5057583703617,1.349863027843992,-24.626217285584463,9,1.0
2036.573398412709,1.3752969522485368,-24.886315697332464,9,1.0
2050.7388866295505,1.40105840872487,-25.150496779061875,9,1.0
2065.0029036087626,1.4271227000376077,-25.419095414386558,9,1.0
2079.366134672083,1.4535632419615903,-25.691567525005418,9,1.0
2093.8292699080407,1.480255054536167,-25.969142406939,9,1.0
2108.3930042051093,1.5073223475326682,-26.250831725734308,9,1.0
2123.0580372850936,1.5347140705065632,-26.537206500400867,9,1.0
2137.82507373675,1.5624287499736615,-26.828396889695085,9,1.0
2152.6948230496346,1.5904914384551971,-27.12430640464239,9,1.0
2167.6679996481957,1.6188466606711793,-27.42553044418997,9,1.0
2182.7453229260964,1.6475737098325642,-27.7315146883196,9,1.0
2197.927517280778,1.6766440890944134,-28.042628460512766,9,1.0
2213.2153121482643,1.7059986659030357,-28.359487396484962,9,1.0
2228.6094420382083,1.7357483705332877,-28.68129604982512,9,1.0
2244.1106465691814,1.765834119909346,-29.008674474244703,9,1.0
2259.7196705042093,1.796222668647953,-29.342018107313496,9,1.0
2275.4372637865536,1.8269087751072584,-29.681489959268113,9,1.0
2291.2641815757443,1.857979373701385,-30.02652481443558,9,1.0
2307.2011842838615,1.8893696991485123,-30.37777117876177,9,1.0
2323.2490376120686,1.9210742788953903,-30.735399711357196,9,1.0
2339.4085125874035,1.9531519637890193,-31.09908818351289,9,1.0
2355.6803855998196,1.9855001596632391,-31.469756963769534,9,1.0
2372.0654384394898,2.0181097656973073,-31.84759388434024,9,1.0
2388.5644583343683,2.0511074390505506,-32.23177958112817,9,1.0
2405.178237988013,2.0843851388164767,-32.623256355946815,9,1.0
2421.9075756176694,2.117933031352001,-33.02222089425228,9,1.0
2438.753274992625,2.15184819821219,-33.42810355012269,9,1.0
2455.716145472823,2.18601484040777,-33.841872779023284,9,1.0
2472.797002047752,2.220457545363489,-34.26347929550139,9,1.0
2489.9966653755996,2.2551645664706252,-34.693133991519126,9,1.0
2507.3159618226828,2.290161634149683,-35.1307905110986,9,1.0
2524.755723503151,2.3253976447220532,-35.57692843796049,9,1.0
2542.3167883189644,2.360737714435504,-36.03256438539784,9,1.0
2560.0000000001537,2.396484228582886,-36.49581644072018,9,1.0
2577.806208145355,2.4324234501506794,-36.96823295230942,9,1.0
2595.736268262631,2.4684520816873667,-37.45058549668531,9,1.0
2613.7910418105726,2.504716648217713,-37.94205036099891,9,1.0
2631.971396239689,2.5411122833852673,-38.4434052928006,9,1.0
2650.2782050340866,2.5777932714512284,-38.953823701934546,9,1.0
2668.7123477534324,2.6144719895589823,-39.47516926435632,9,1.0
2687.274710075215,2.6512547693246793,-40.00689175525006,9,1.0
2705.9661838372976,2.6881149980668444,-40.54924945061575,9,1.0
2724.7876670807664,2.7250720482595288,-41.102232953287704,9,1.0
2743.740064093077,2.7620004111648706,-41.666647570611296,9,1.0
2762.824285451502,2.7989144179819054,-42.242489124819805,9,1.0
2782.0412480668783,2.835829792603038,-42.82975481317034,9,1.0
2801.391875227664,2.8726604946680045,-43.42898520418944,9,1.0
2820.8770966442953,2.9094720333771096,-44.03991005358368,9,1.0
2840.4978484938565,2.9460137948111536,-44.66388184488388,9,1.0
2860.2550734650586,2.9823987176226203,-45.30035972511258,9,1.0
2880.1497208035285,3.0185266039521057,-45.94988243676695,9,1.0
2900.1827463574223,3.0544036369749477,-46.61244867009455,9,1.0
2920.355112623344,3.0899795458273944,-47.28832449834758,9,1.0
2940.6677887925907,3.1252010852851893,-47.9777725939188,9,1.0
2961.121750797718,3.1599520336959253,-48.68131424779564,9,1.0
2981.717981359431,3.1941695688669847,-49.39919653263583,9,1.0
3002.4574700337953,3.2279118052250015,-50.13113968453761,9,1.0
3023.3412132597846,3.2611792866657825,-50.87712929060427,9,1.0
3044.3702144071544,3.2935227978608417,-51.63893382878515,9,1.0
3065.545483824648,3.325380261518336,-52.41472307619892,9,1.0
3086.868038888538,3.3562217907886103,-53.20647433682868,9,1.0
3108.338904051513,3.386228616864575,-54.01336493718201,9,1.0
3129.9591108918903,3.4151824171056684,-54.836058149296576,9,1.0
3151.7296981631816,3.4432739477089824,-55.67374214628018,9,1.0
3173.651711844004,3.4700656164756776,-56.52775159632506,9,1.0
3195.726205188326,3.4956744905152264,-57.397480838166665,9,1.0
3217.954238776082,3.5200068091378416,-58.28302568055885,9,1.0
3240.3368805641194,3.5427399985870265,-59.18511262410062,9,1.0
3262.8752059375156,3.5639922875337886,-60.10309361218097,9,1.0
3285.570297761241,3.5838158106721387,-61.03656237628522,9,1.0
3308.4232464321876,3.601796844238882,-61.98633622935522,9,1.0
3331.435149931559,3.6179798973696045,-62.95192907772058,9,1.0
3354.607113877621,3.6321733857049194,-63.93343117053883,9,1.0
3377.9402515788224,3.6443437251846267,-64.93050372100907,9,1.0
3401.4356840872842,3.654127018634541,-65.94348328690613,9,1.0
3425.094540252663,3.6619049862687616,-66.97108975538715,9,1.0
3448.9179567763854,3.6673152306138617,-68.01359373212239,9,1.0
3472.9070782662598,3.6701553089687238,-69.07082541642187,9,1.0
3497.0630572914743,3.670394100983534,-70.14225505630081,9,1.0
3521.387054437968,3.667740104874275,-71.22772176853422,9,1.0
3545.880238364193,3.6624319905742486,-72.3262298571919,9,1.0
3570.543785857265,3.654273846634733,-73.43742930284117,9,1.0
3595.378881889502,3.6427958587213043,-74.5611691540823,9,1.0
3620.3867196753545,3.628528026348144,-75.69613544679716,9,1.0
3645.5685007287366,3.610638977121336,-76.84238498856541,9,1.0
3670.9254349207527,3.589675582158305,-77.99862621782925,9,1.0
3696.458740537827,3.5650847469998848,-79.16445237061293,9,1.0
3722.1696443402334,3.5371546227243718,-80.33882846521722,9,1.0
3748.0593816210417,3.505620992954773,-81.52102848563972,9,1.0
3774.129196265462,3.4704128659806086,-82.7101625144535,9,1.0
3800.3803408106105,3.43165702404082,-83.90530264096249,9,1.0
3826.8140765056887,3.3889191528654194,-85.10552213370109,9,1.0
3853.43167337258,3.342533144008706,-86.30985761541419,9,1.0
3880.2344102668694,3.2920813249939167,-87.51723100587326,9,1.0
3907.223574939284,3.237916984408768,-88.72674079642391,9,1.0
3934.400464097566,3.1800216291789907,-89.93742738364774,9,1.0
3961.7663834687746,3.118101401832811,-91.14809711122987,9,1.0
3989.322647862018,3.0522530293081256,-92.35775416949758,9,1.0
4017.070581231624,2.982676108094322,-93.56555804728032,9,1.0
4045.011516740754,2.9092020215877437,-94.77032393116471,9,1.0
4073.1467968254487,2.8318613475110754,-95.97103222735944,9,1.0
4101.477773259132,2.750786447847325,-97.16682014325914,9,1.0
4130.005807217556,2.6659326153144653,-98.35659779179541,9,1.0
4158.732269344197,2.5777209461112434,-99.54006029060848,9,1.0
4187.658539816113,2.485576718496813,-100.71522345417587,9,1.0
4216.78600841025,2.390115613589657,-101.88220467900439,9,1.0
4246.116074570219,2.291056539141997,-103.03948630113803,9,1.0
4275.650147473531,2.188837590564475,-104.18705371335538,9,1.0
4305.389646099301,2.083369324089292,-105.32381624760647,9,1.0
4335.335999296423,1.9746605680871867,-106.44887119152985,9,1.0
4365.4906458522255,1.862729108053177,-107.56132615186573,9,1.0
4395.8550345615895,1.747849412502086,-108.6610268589445,9,1.0
4426.430624296562,1.6303710162371756,-109.74818787525146,9,1.0
4457.21888407645,1.509909233631077,-110.82085326440638,9,1.0
4488.2212931383965,1.3870581575865037,-111.88010357845853,9,1.0
4519.439341008452,1.2617615701230576,-112.92507124708528,9,1.0
4550.874527573141,1.133821707624536,-113.9543185930109,9,1.0
4582.528363151522,1.0036616564882757,-114.96862792795972,9,1.0
4614.402368567757,0.8712414732461484,-115.96718473710288,9,1.0
4646.498075224173,0.7370366469355517,-116.95124242869669,9,1.0
4678.817025174842,0.600573509007277,-117.91828777826564,9,1.0
4711.360771199674,0.462462442292654,-118.87027164225435,9,1.0
4744.130876879015,0.3226609158587684,-119.80652313174274,9,1.0
4777.128916668773,0.18106852054599765,-120.72605480146558,9,1.0
4810.356475976061,0.0378602686407531,-121.62913698157982,9,1.0
4843.815151235375,-0.10660490004659348,-122.51705029222146,9,1.0
4877.506549985286,-0.25243100404436236,-123.3888879667018,9,1.0
4911.432290945683,-0.3995248282479801,-124.24471156743633,9,1.0
4945.594004095541,-0.5477361866202836,-125.08493593898753,9,1.0
4979.9933307512365,-0.6970993706290576,-125.90901505012565,9,1.0
5014.631923645403,-0.8473543682281225,-126.71806934872421,9,1.0
5049.511447006339,-0.9985405161756185,-127.51158852310873,9,1.0
5084.633576637967,-1.150690194927564,-128.28906623125962,9,1.0
5120.000000000346,-1.303399816761376,-129.05269120829905,9,1.0
5155.612416290749,-1.4569278942267005,-129.80064566954636,9,1.0
5191.4725365253,-1.6109943835124854,-130.5344781423523,9,1.0
5227.582083621183,-1.7655417831196392,-131.2544049144842,9,1.0
5263.942792479418,-1.920760240827797,-131.95895994040418,9,1.0
5300.556410068212,-2.0762940424495118,-132.65039839920902,9,1.0
5337.424695506905,-2.23223788793298,-133.32794227318132,9,1.0
5374.54942015047,-2.388493416982365,-133.9921688615865,9,1.0
5411.932367674636,-2.545013911381793,-134.6433209654801,9,1.0
5449.575334161574,-2.7017988105377144,-135.2813077880144,9,1.0
5487.480128186196,-2.8587609118905517,-135.9067136528943,9,1.0
5525.648570903045,-3.015902638857746,-136.51945225237768,9,1.0
5564.082496133798,-3.173103077167428,-137.12044124930063,9,1.0
5602.78375045537,-3.3304494851689044,-137.70892887695038,9,1.0
5641.754193288633,-3.487787666250393,-138.28616173562958,9,1.0
5680.995696987757,-3.6451278473961786,-138.85205195198023,9,1.0
5720.51014693016,-3.802515512063116,-139.40618672447803,9,1.0
5760.2994416071,-3.9598467502585604,-139.94946930450385,9,1.0
5800.365492714889,-4.11702635317782,-140.4827885459013,9,1.0
5840.710225246731,-4.274139550054331,-141.00540024039523,9,1.0
5881.335577585225,-4.431162423298906,-141.51754162679566,9,1.0
5922.243501595481,-4.588039812193866,-142.01976675969388,9,1.0
5963.435962718906,-4.744753253853389,-142.51230098622014,9,1.0
6004.914940067636,-4.901254258606834,-142.9956820756718,9,1.0
6046.682426519615,-5.057590500748605,-143.46949316245414,9,1.0
6088.740428814354,-5.213655321697513,-143.93489069218236,9,1.0
6131.090967649341,-5.369615086674858,-144.39020947218125,9,1.0
6173.736077777122,-5.525220377028839,-144.83814605514493,9,1.0
6216.6778081030725,-5.680663556499413,-145.27673222039982,9,1.0
6259.918221783827,-5.835873792933242,-145.7067916489716,9,1.0
6303.4593963264115,-5.9907329149746635,-146.12973206589888,9,1.0
6347.303423688055,-6.145342336418636,-146.54452202289218,9,1.0
6391.4524103767,-6.299692472471832,-146.95135155811792,9,1.0
6435.9084775522115,-6.453724630103458,-147.350998438471,9,1.0
6480.673761128287,-6.607434201178851,-147.74363157209783,9,1.0
6525.750411875079,-6.760841049257072,-148.12912396566898,9,1.0
6571.140595522531,-6.913963482344444,-148.5073530587668,9,1.0
6616.846492864425,-7.066749806193162,-148.87906291497106,9,1.0
6662.870299863169,-7.219242353268961,-149.24383554463003,9,1.0
6709.214227755292,-7.371392554861637,-149.60239841735995,9,1.0
6755.880503157695,-7.523241754675663,-149.95433434353788,9,1.0
6802.871368174619,-7.674786129875624,-150.29979703031594,9,1.0
6850.189080505378,-7.825940442923191,-150.64004260756292,9,1.0
6897.835913552822,-7.976787256779641,-150.97409389844552,9,1.0
6945.814156532571,-8.127284793505169,-151.3026380603452,9,1.0
6994.126114583001,-8.277452608923069,-151.62553125786937,9,1.0
7042.774108875988,-8.42729010701078,-151.94290276583695,9,1.0
7091.760476728439,-8.576815388443354,-152.2546126710719,9,1.0
7141.087571714584,-8.725991273154158,-152.56131739074874,9,1.0
7190.757763779057,-8.874819174357192,-152.8631299932351,9,1.0
7240.773439350762,-9.023317955873962,-153.15990098539754,9,1.0
7291.137001457528,-9.171522126929371,-153.45122885323013,9,1.0
7341.850869841561,-9.319364281780482,-153.7382576852618,9,1.0
7392.917481075709,-9.466831409178285,-154.02133567773097,9,1.0
7444.339288680522,-9.614023085267236,-154.29904174742575,9,1.0
7496.118763242139,-9.760891102421954,-154.57224371946833,9,1.0
7548.258392530979,-9.907391348060221,-154.84178214395578,9,1.0
7600.760681621277,-10.05363289232453,-155.10601971362604,9,1.0
7653.628153011434,-10.199496883278467,-155.36701944892408,9,1.0
7706.863346745218,-10.345060573649745,-155.6236434622643,9,1.0
7760.468820533797,-10.490339213468609,-155.8757478621464,9,1.0
7814.447149878626,-10.635250672618286,-156.1248543913206,9,1.0
7868.800928195191,-10.779854543038303,-156.37008337680436,9,1.0
7923.532766937609,-10.924166379853224,-156.61128408412534,9,1.0
7978.645295724095,-11.068148889865476,-156.8492368173684,9,1.0
8034.141162463309,-11.211856960422846,-157.0830905549852,9,1.0
8090.023033481568,-11.355241748044126,-157.3138433366456,9,1.0
8146.293593650958,-11.49833177575129,-157.54110680198733,9,1.0
8202.955546518326,-11.641105698885838,-157.7654011618377,9,1.0
8260.011614435174,-11.783614616056841,-157.9858979102253,9,1.0
8317.464538688457,-11.92583679794642,-158.20311730939105,9,1.0
8375.317079632288,-12.067741072890914,-158.41778159246914,9,1.0
8433.572016820564,-12.209376552179735,-158.62907360347074,9,1.0
8492.232149140504,-12.350723610578765,-158.83749215869932,9,1.0
8551.300294947127,-12.491796357081421,-159.04288111056545,9,1.0
8610.779292198666,-12.632597611623115,-159.24530113658938,9,1.0
8670.671998592914,-12.773119933486177,-159.4450209680796,9,1.0
8730.981291704516,-12.913366751971482,-159.64209313679189,9,1.0
8791.710069123244,-13.05334148142487,-159.83656883237742,9,1.0
8852.86124859319,-13.19306694414098,-160.02808900432478,9,1.0
8914.437768152968,-13.332535905512536,-160.2169151002112,9,1.0
8976.44258627686,-13.471732506918482,-160.40350167623387,9,1.0
9038.878682016972,-13.610679004459147,-160.58749088086262,9,1.0
9101.74905514635,-13.749378228365522,-160.7689325549072,9,1.0
9165.056726303115,-13.887815305629696,-160.94826785517844,9,1.0
9228.804737135582,-14.026002715946815,-161.1253399933267,9,1.0
9292.996150448414,-14.163977850631994,-161.29941828639082,9,1.0
9357.634050349754,-14.301691838455648,-161.47171127793462,9,1.0
9422.721542399418,-14.439165287963158,-161.64186918657015,9,1.0
9488.261753758103,-14.57642563096611,-161.80936532279836,9,1.0
9554.257833337617,-14.71341920918724,-161.97555936462064,9,1.0
9620.712951952195,-14.85022100275538,-162.13880128504059,9,1.0
9687.630302470823,-14.986770816292445,-162.3006205871079,9,1.0
9755.013099970645,-15.123125590342726,-162.45976187801736,9,1.0
9822.864581891441,-15.259235102517115,-162.61754351432413,9,1.0
9891.188008191157,-15.395139835981295,-162.77308811410578,9,1.0
9959.98666150255,-15.530834892606599,-162.92661486716764,9,1.0
10029.26384729088,-15.666301874342787,-163.0786895648524,9,1.0
10099.022894012754,-15.801578846392806,-163.22845856915288,9,1.0
10169.26715327601,-15.936647357303858,-163.3764861336239,9,1.0
10240.000000000768,-16.07150365391151,-163.52297408578207,9,1.0
10311.224832581574,-16.20617702791598,-163.66726288541838,9,1.0
10382.945073050678,-16.340630807172293,-163.81041096027528,9,1.0
10455.164167242447,-16.474900283921087,-163.951591898833,9,1.0
10527.885584958914,-16.608975164149392,-164.09117455110734,9,1.0
10601.112820136505,-16.742864252397958,-164.22901942760555,9,1.0
10674.849391013888,-16.876557957610945,-164.36548474378336,9,1.0
10749.098840301021,-17.010076880484025,-164.50010243293036,9,1.0
10823.864735349352,-17.143405698332067,-164.63338995240505,9,1.0
10899.15066832323,-17.276570024258046,-164.76472539552108,9,1.0
10974.960256372473,-17.40954362072346,-164.89493956848122,9,1.0
11051.297141806172,-17.542340572229804,-165.02373176277857,9,1.0
11128.16499226768,-17.674968769227817,-165.15096756772553,9,1.0
11205.567500910824,-17.807435706190297,-165.27651701287772,9,1.0
11283.508386577352,-17.939717186506904,-165.4011800620974,9,1.0
11361.991393975597,-18.07184206145394,-165.52420134410033,9,1.0
11441.020293860403,-18.203802086138957,-165.64591220937137,9,1.0
11520.598883214287,-18.335604560732058,-165.76618193084352,9,1.0
11600.730985429864,-18.46724666460898,-165.8851830567936,9,1.0
11681.420450493551,-18.598730676754663,-166.00293466763603,9,1.0
11762.671155170538,-18.730058844611495,-166.11945544394672,9,1.0
11844.48700319105,-18.861242668171645,-166.2344716110757,9,1.0
11926.871925437901,-18.992265612584887,-166.3485874799608,9,1.0
12009.82988013536,-19.12314376266401,-166.46138246372962,9,1.0
12093.36485303932,-19.25388343970509,-166.57273442356052,9,1.0
12177.4808576288,-19.384468929498087,-166.68323301571056,9,1.0
12262.181935298773,-19.514915556965487,-166.79246668550377,9,1.0
12347.472155554336,-19.645220948842777,-166.9005941934196,9,1.0
12433.355616206238,-19.775391256631497,-167.00749300747282,9,1.0
12519.836443567749,-19.905424196201164,-167.11331902297394,9,1.0
12606.918792652916,-20.035325733148692,-167.2179511760312,9,1.0
12694.606847376202,-20.16508972895917,-167.32167771049598,9,1.0
12782.904820753494,-20.2947299111959,-167.4241077060703,9,1.0
12871.816955104521,-20.42423253039294,-167.5257938843734,9,1.0
12961.347522256672,-20.553607317096514,-167.6264799324995,9,1.0
13051.500823750257,-20.68286348159049,-167.7259174483511,9,1.0
13142.28119104516,-20.8119988357201,-167.82425591891163,9,1.0
13233.69298572895,-20.941004258069157,-167.92189861858017,9,1.0
13325.740599726436,-21.06989240334219,-168.01846827102202,9,1.0
13418.428455510686,-21.198661366380026,-168.1141075554243,9,1.0
13511.761006315492,-21.327319666976592,-168.20857659110158,9,1.0
13605.74273634934,-21.45585524353166,-168.30239399273825,9,1.0
13700.378161010858,-21.5842832792754,-168.39506902985374,9,1.0
13795.671827105747,-21.71258884610394,-168.48723549774806,9,1.0
13891.628313065248,-21.840796403678574,-168.57803995555972,9,1.0
13988.252229166108,-21.96889119051521,-168.6681119592316,9,1.0
14085.548217752083,-22.09687182449548,-168.75758027568068,9,1.0
14183.520953456982,-22.22475539030834,-168.8458522493641,9,1.0
14282.175143429275,-22.352530964813326,-168.93342148406487,9,1.0
14381.515527558222,-22.48020905650106,-169.01994227996354,9,1.0
14481.546878701633,-22.607776317676578,-169.10601483021998,9,1.0
14582.274002915165,-22.735254666402657,-169.19082892018196,9,1.0
14683.70173968323,-22.862622441053837,-169.27532632556566,9,1.0
14785.834962151528,-22.989901019960882,-169.3587061381144,9,1.0
14888.678577361155,-23.117083206881478,-169.4413260009871,9,1.0
14992.23752648439,-23.244167687337747,-169.523307857396,9,1.0
15096.516785062071,-23.371161241620793,-169.60443481844595,9,1.0
15201.521363242668,-23.49806247317681,-169.68482935498952,9,1.0
15307.256306022984,-23.62487269927835,-169.76450032470697,9,1.0
15413.726693490553,-23.751595747220968,-169.84334714782892,9,1.0
15520.93764106771,-23.878227798858195,-169.92159776742196,9,1.0
15628.894299757369,-24.004775135662197,-169.9990428246643,9,1.0
15737.6018563905,-24.131236472386437,-170.0757998563836,9,1.0
15847.065533875337,-24.257613034869436,-170.15187697523132,9,1.0
15957.29059144831,-24.38390837279442,-170.2271768731414,9,1.0
16068.282324926739,-24.510118957375774,-170.30191874618447,9,1.0
16180.046066963258,-24.63625061058444,-170.37590050639344,9,1.0
16292.587187302037,-24.762297675254917,-170.44944093702355,9,1.0
16405.911093036775,-24.888268103448482,-170.5222363088264,9,1.0
16520.023228870472,-25.014167254208353,-170.59409335203725,9,1.0
16634.92907737704,-25.13998311984635,-170.66563022724313,9,1.0
16750.634159264704,-25.26572550220577,-170.73644747710844,9,1.0
16867.144033641256,-25.391395380098338,-170.80655430609355,9,1.0
16984.464298281135,-25.516989637535016,-170.8761567525208,9,1.0
17102.600589894384,-25.642515444068927,-170.94496608410176,9,1.0
17221.558584397462,-25.76796374667859,-171.01347850143165,9,1.0
17341.343997185955,-25.89334753311028,-171.08111609188268,9,1.0
17461.962583409164,-26.018661774640243,-171.1481785641982,9,1.0
17583.42013824662,-26.14390556672896,-171.21476715595261,9,1.0
17705.72249718651,-26.269083696141024,-171.28069753062064,9,1.0
17828.875536306066,-26.394191528506703,-171.346258517556,9,1.0
17952.885172553855,-26.519239217987224,-171.41098774775122,9,1.0
18077.75736403408,-26.64421854151893,-171.47535818933548,9,1.0
18203.498110292836,-26.769135843807955,-171.5390971126136,9,1.0
18330.113452606365,-26.89399195004861,-171.602212292486,9,1.0
18457.609474271307,-27.01878597134208,-171.66480156023073,9,1.0
18585.99230089697,-27.143518787672093,-171.72687048419917,9,1.0
18715.26810069965,-27.26818630629395,-171.78869114634045,9,1.0
18845.44308479898,-27.392802632862452,-171.8495573816142,9,1.0
18976.523507516347,-27.517353802137997,-171.91027237891143,9,1.0
19108.51566667538,-27.64185199801757,-171.97022513474738,9,1.0
19241.425903904536,-27.766291595614767,-172.02977176949372,9,1.0
19375.260604941792,-27.890671936603397,-172.08900116708006,9,1.0
19510.026199941436,-28.015003023077156,-172.14740425920263,9,1.0
19645.729163783028,-28.139276430463944,-172.20550008925522,9,1.0
19782.376016382463,-28.26349746742101,-172.2630383427412,9,1.0
19919.973323005244,-28.387663937353068,-172.3201921019949,9,1.0
20058.527694581913,-28.511778079514073,-172.37688166761566,9,1.0
20198.045788025658,-28.63584203662711,-172.4330296924734,9,1.0
20338.53430655217,-28.759855091558947,-172.48872399935433,9,1.0
20480.00000000169,-28.883819325976297,-172.54388827904376,9,1.0
20622.4496651633,-29.00773270176424,-172.5986892737441,9,1.0
20765.890146101516,-29.131597300276738,-172.65304996171545,9,1.0
20910.32833448505,-29.255413809382134,-172.70697469255265,9,1.0
21055.771169917985,-29.379182907037098,-172.76046775652517,9,1.0
21202.22564027317,-29.50290779421815,-172.81337744543723,9,1.0
21349.698782027936,-29.626582779053976,-172.86609834599963,9,1.0
21498.197680602203,-29.750216054460935,-172.91816842728463,9,1.0
21647.72947069887,-29.873802039006012,-172.96997823527025,9,1.0
21798.301336646622,-29.997345053305025,-173.02130121130375,9,1.0
21949.920512745113,-30.120845666765767,-173.07214294421243,9,1.0
22102.59428361251,-30.244299802406903,-173.1228076106508,9,1.0
22256.32998453553,-30.36771507459266,-173.17284943257195,9,1.0
22411.135001821818,-30.491087423062982,-173.22257140494526,9,1.0
22567.01677315487,-30.61441970488029,-173.27182953048955,9,1.0
22723.98278795137,-30.737711356737126,-173.32070161883303,9,1.0
22882.04058772098,-30.86096187179241,-173.36926332904713,9,1.0
23041.197766428744,-30.984175047501314,-173.41730216241316,9,1.0
23201.4619708599,-31.10734715730507,-173.4651087403598,9,1.0
23362.840900987278,-31.230481935854165,-173.51247201932932,9,1.0
23525.342310341253,-31.353577842644583,-173.5595369473994,9,1.0
23688.974006382276,-31.476637458112762,-173.6061664508645,9,1.0
23853.743850875984,-31.59965928601742,-173.65250337388136,9,1.0
24019.6597602709,-31.722647780544847,-173.69827555778286,9,1.0
24186.729706078822,-31.845598524907146,-173.74383074038138,9,1.0
24354.96171525778,-31.968513996758364,-173.7890341699634,9,1.0
24524.363870597732,-32.09139562286487,-173.83382199333542,9,1.0
24694.944311108862,-32.214242012354774,-173.87833192569468,9,1.0
24866.711232412665,-32.33705459147667,-173.92249955041154,9,1.0
25039.672887135683,-32.459835619141636,-173.96619669339782,9,1.0
25213.837585306024,-32.58258108513052,-174.0097549551251,9,1.0
25389.213694752598,-32.705296768064755,-174.05278498704644,9,1.0
25565.809641507185,-32.827980443823364,-174.09548657846383,9,1.0
25743.63391020923,-32.95063087455498,-174.13799016178146,9,1.0
25922.695044513537,-33.073251896229266,-174.1800425807558,9,1.0
26103.00164750071,-33.19583977714153,-174.22196370949752,9,1.0
26284.562382090517,-33.31840070007454,-174.26331532202033,9,1.0
26467.385971458098,-33.4409301734614,-174.30447736592868,9,1.0
26651.481199453076,-33.56343103356666,-174.34526523833452,9,1.0
26836.856911021572,-33.68590288186712,-174.38574398240138,9,1.0
27023.522012631187,-33.8083438343843,-174.42609817672937,9,1.0
27211.485472698885,-33.93075889060845,-174.4659650128572,9,1.0
27400.75632202192,-34.0531468600453,-174.5054704306375,9,1.0
27591.3436542117,-34.17550663192281,-174.54473684626907,9,1.0
27783.256626130707,-34.29783932973993,-174.5837062932023,9,1.0
27976.504458332423,-34.42014460746468,-174.62243948695826,9,1.0
28171.096435504372,-34.54242424602947,-174.66082093270686,9,1.0
28367.04190691418,-34.66467855412416,-174.6988537143884,9,1.0
28564.35028685876,-34.786906464764826,-174.7366552859938,9,1.0
28763.031055116662,-34.90910897335538,-174.77416875480193,9,1.0
28963.093757403483,-35.031286338349126,-174.81139485641557,9,1.0
29164.548005830547,-35.15343875664336,-174.84833354915338,9,1.0
29367.403479366687,-35.27556695858025,-174.88492783371876,9,1.0
29571.669924303278,-35.39767016623128,-174.92123083427214,9,1.0
29777.35715472254,-35.519747827666485,-174.95723542810947,9,1.0
29984.475052969006,-35.64179775302221,-174.99298193186746,9,1.0
30193.03357012437,-35.76381742054209,-175.02827823569245,9,1.0
30403.042726485564,-35.88579078774821,-175.06328594722294,9,1.0
30614.512612046197,-36.00766707044862,-175.0978412563316,9,1.0
30827.45338698134,-36.12927498651608,-175.133006441512,9,1.0
31041.875282135654,-36.25128508670477,-175.17131440836044,9,1.0
31257.788599514974,-36.37354329688667,-175.20550836377257,9,1.0
31475.203712781236,-36.495550468415864,-175.23893443453383,9,1.0
31694.13106775091,-36.61747165079698,-175.27241713599327,9,1.0
31914.581182896858,-36.7393528158966,-175.30577952407245,9,1.0
32136.564649853717,-36.861207330024925,-175.33886552731198,9,1.0
32360.09213392676,-36.983037429448764,-175.3718518029708,9,1.0
32585.17437460432,-37.10484770642216,-175.40447190408872,9,1.0
32811.8221860738,-37.22663710741542,-175.43692096160837,9,1.0
33040.04645774119,-37.3484068310561,-175.46914495642022,9,1.0
33269.85815475433,-37.47015736706655,-175.50114228594836,9,1.0
33501.26831852966,-37.591888129959166,-175.53300991715014,9,1.0
33734.28806728276,-37.71360191519526,-175.56450418881465,9,1.0
33968.928596562524,-37.83529611175704,-175.5959170396648,9,1.0
34205.20117978902,-37.956973882083986,-175.62696024041625,9,1.0
34443.11716879519,-38.078633586167726,-175.65782741145512,9,1.0
34682.68799437217,-38.20027641651011,-175.68842478170268,9,1.0
34923.92516681859,-38.32190170591925,-175.7188480984687,9,1.0
35166.8402764935,-38.44351060558021,-175.74900505361663,9,1.0
35411.44499437329,-38.565101586462404,-175.77908224001746,9,1.0
35657.7510726124,-38.686677524852854,-175.8088038861924,9,1.0
35905.77034510798,-38.808237319171255,-175.83831054665794,9,1.0
36155.51472806843,-38.92978077464599,-175.86764873987474,9,1.0
36406.99622058595,-39.05130895536773,-175.89672940148435,9,1.0
36660.22690521301,-39.17282165145696,-175.92559930631205,9,1.0
36915.21894854289,-39.29431907339678,-175.95425977930176,9,1.0
37171.98460179422,-39.41580142653179,-175.98271207742576,9,1.0
37430.53620139958,-39.53726851981796,-176.01100089079645,9,1.0
37690.88616959824,-39.65872133286235,-176.0390399150039,9,1.0
37953.04701503298,-39.78015889449219,-176.06695969642604,9,1.0
38217.03133335104,-39.90158365711832,-176.09450340080227,9,1.0
38482.85180780936,-40.022993500847846,-176.1219288676841,9,1.0
38750.521209883875,-40.14438968604328,-176.14910812917114,9,1.0
39020.05239988316,-40.26577158165121,-176.17612471443994,9,1.0
39291.458327566346,-40.387139601274804,-176.2029344177265,9,1.0
39564.752032765224,-40.508493685460266,-176.22953357813049,9,1.0
39839.94664601079,-40.629833572908666,-176.25591546623224,9,1.0
40117.05538916413,-40.75115891021766,-176.28202709687116,9,1.0
40396.09157605162,-40.872467950927636,-176.30784545984426,9,1.0
40677.068613104646,-40.99375534922986,-176.33340196212245,9,1.0
40960.00000000368,-41.11500534299797,-176.35866145392117,9,1.0
41244.899330326916,-41.236152842453215,-176.38303229949207,9,1.0
41531.78029220334,-41.35676200351091,-176.40758183500634,9,1.0
41820.65666897041,-41.47811681396293,-176.4411385527383,9,1.0
42111.54233983629,-41.59994957329879,-176.46499512499278,9,1.0
42404.45128054665,-41.72130291862053,-176.488721688125,9,1.0
42699.3975640562,-41.842563439077665,-176.51280214688933,9,1.0
42996.39536120473,-41.963791446280716,-176.5368929795749,9,1.0
43295.458941398065,-42.08500018181509,-176.56096127414864,9,1.0
43596.60267329357,-42.20619504858141,-176.58484679680114,9,1.0
43899.84102549055,-42.32737677484305,-176.60867613650993,9,1.0
44205.18856722535,-42.4485468841775,-176.6323620116114,9,1.0
44512.659969071385,-42.56970592699353,-176.65589772166922,9,1.0
44822.27000364397,-42.69085427064834,-176.67927951445733,9,1.0
45134.033546310086,-42.8119921886666,-176.70250533664313,9,1.0
45447.96557590307,-42.93312042997492,-176.72550263664996,9,1.0
45764.081175442305,-43.05423838356914,-176.74837908826632,9,1.0
46082.39553285784,-43.1753462323043,-176.7711339976564,9,1.0
46402.92394172015,-43.29644515726549,-176.79362688256035,9,1.0
46725.681801974904,-43.41753403034548,-176.81603437741572,9,1.0
47050.68462068286,-43.538613507963355,-176.83828662973173,9,1.0
47377.94801276491,-43.65968372872836,-176.86038442288958,9,1.0
47707.487701752325,-43.78074530536036,-176.8822605006332,9,1.0
48039.319520542165,-43.901797406067814,-176.90405246937507,9,1.0
48373.45941215801,-44.02284064399137,-176.92569268563383,9,1.0
48709.923430515926,-44.143875603335445,-176.9471154249251,9,1.0
49048.72774119583,-44.264901483945536,-176.96845554251772,9,1.0
49389.888622218095,-44.385919317879974,-176.98958110724297,9,1.0
49733.4224648257,-44.50692832618982,-177.01062513993486,9,1.0
50000.0,-44.60024935279742,-177.02676500471043,9,1.0
